# Blender 4.0.0
# www.blender.org
o UtensilRack009
v 0.149503 -0.010065 -0.174658
v 0.076002 -0.006987 -0.174658
v 0.120469 -0.016117 -0.061110
v 0.105036 -0.016117 -0.061110
v 0.108244 -0.013470 0.110370
v 0.122242 -0.013811 0.121265
v 0.103262 -0.017750 0.121265
v 0.125601 -0.007145 -0.078365
v 0.116006 -0.013470 0.106221
v 0.086121 -0.010332 -0.098335
v 0.144407 -0.007003 -0.112587
v 0.104991 -0.012739 -0.057995
v 0.128442 -0.006987 -0.180393
v 0.125859 -0.017984 0.095500
v 0.109499 -0.018090 0.106221
v 0.099532 -0.013811 0.100830
v 0.112752 -0.018090 0.114075
v 0.100953 -0.007574 -0.076102
v 0.115474 -0.017750 0.124914
v 0.120664 -0.012942 -0.058038
v 0.117353 -0.018090 0.109474
v 0.073895 -0.010083 -0.169376
v 0.105998 -0.018049 -0.013330
v 0.101937 -0.013811 0.118871
v 0.125391 -0.011117 -0.076750
v 0.102231 -0.010058 -0.181013
v 0.110995 -0.013470 0.105231
v 0.116006 -0.013470 0.112728
v 0.119506 -0.018049 -0.013330
v 0.151063 -0.006988 -0.172550
v 0.105638 -0.013480 -0.005054
v 0.099507 -0.017750 0.088171
v 0.099236 -0.010915 -0.078901
v 0.081098 -0.007003 -0.112587
v 0.122242 -0.017750 0.121265
v 0.125733 -0.013811 0.079017
v 0.139383 -0.010332 -0.098335
v 0.112752 -0.013470 0.114075
v 0.119757 -0.013806 -0.021591
v 0.082603 -0.006987 -0.177671
v 0.142901 -0.010059 -0.177671
v 0.125747 -0.013811 0.105263
v 0.151610 -0.010083 -0.169376
v 0.110198 -0.018090 0.113295
v 0.073895 -0.006988 -0.169376
v 0.100470 -0.017750 0.112653
v 0.113648 -0.018090 0.104967
v 0.110031 -0.013811 0.124914
v 0.136712 -0.007005 -0.093704
v 0.088792 -0.007005 -0.093704
v 0.124140 -0.017749 0.046900
v 0.081098 -0.010299 -0.112587
v 0.120359 -0.013811 0.123036
v 0.146690 -0.006987 -0.176338
v 0.078815 -0.010061 -0.176338
v 0.074441 -0.010071 -0.172550
v 0.144407 -0.010299 -0.112587
v 0.117353 -0.013470 0.109474
v 0.116006 -0.018090 0.106221
v 0.108152 -0.018090 0.109474
v 0.116006 -0.018090 0.112728
v 0.102035 -0.013810 0.037165
v 0.129463 -0.006846 -0.083698
v 0.112752 -0.006987 -0.181581
v 0.124140 -0.013810 0.046900
v 0.079352 -0.006721 -0.175713
v 0.105237 -0.013577 0.122862
v 0.105472 -0.017062 -0.051040
v 0.124457 -0.017750 0.115964
v 0.098994 -0.007429 -0.078430
v 0.148166 -0.006997 -0.135307
v 0.127968 -0.010478 -0.081235
v 0.110198 -0.013470 0.113295
v 0.149968 -0.010338 -0.172403
v 0.151610 -0.006988 -0.169376
v 0.119527 -0.017364 -0.051036
v 0.122802 -0.010326 -0.068133
v 0.112752 -0.010058 -0.181581
v 0.115356 -0.013480 0.124200
v 0.106310 -0.017802 -0.037879
v 0.105146 -0.017750 0.123036
v 0.100625 -0.013577 0.112599
v 0.117994 -0.017984 0.124050
v 0.128442 -0.010058 -0.180393
v 0.097062 -0.006987 -0.180393
v 0.119821 -0.013689 -0.044778
v 0.104468 -0.015832 -0.061064
v 0.123652 -0.008171 -0.073808
v 0.076909 -0.010331 -0.174257
v 0.100385 -0.018080 0.105530
v 0.124308 -0.013577 0.115860
v 0.125120 -0.013480 0.105530
v 0.077338 -0.010217 -0.135307
v 0.105684 -0.013689 -0.044778
v 0.120657 -0.016310 -0.058646
v 0.123315 -0.012879 -0.071016
v 0.106772 -0.013434 0.099281
v 0.109499 -0.013470 0.106221
v 0.098537 -0.006889 -0.080830
v 0.114872 -0.013433 0.104354
v 0.113648 -0.013470 0.104967
v 0.125747 -0.017750 0.105263
v 0.125391 -0.007855 -0.076163
v 0.108509 -0.018090 0.111232
v 0.143998 -0.006723 -0.114761
v 0.148166 -0.010217 -0.135307
v 0.077338 -0.006997 -0.135307
v 0.108244 -0.013470 0.108579
v 0.110062 -0.017984 0.124722
v 0.105483 -0.018080 0.122387
v 0.148595 -0.006723 -0.174257
v 0.088792 -0.010335 -0.093730
v 0.099646 -0.013576 0.095500
v 0.119755 -0.017677 -0.021649
v 0.087092 -0.010058 -0.178737
v 0.102035 -0.017749 0.037165
v 0.105111 -0.013810 -0.005083
v 0.111857 -0.018090 0.104967
v 0.120394 -0.013810 -0.005083
v 0.101637 -0.009031 -0.072049
v 0.107476 -0.006718 -0.180459
v 0.100970 -0.011639 -0.074777
v 0.074441 -0.006988 -0.172550
v 0.151063 -0.010071 -0.172550
v 0.083506 -0.007004 -0.104436
v 0.105710 -0.017020 -0.055448
v 0.099758 -0.017750 0.105263
v 0.141998 -0.010322 -0.104436
v 0.123749 -0.011917 -0.074842
v 0.141998 -0.007004 -0.104436
v 0.120359 -0.017750 0.123036
v 0.103830 -0.014411 -0.067188
v 0.105495 -0.017720 -0.013359
v 0.115474 -0.013811 0.124914
v 0.105748 -0.013806 -0.021591
v 0.119330 -0.013381 -0.044718
v 0.103262 -0.013811 0.121265
v 0.105031 -0.012243 -0.060274
v 0.120327 -0.013480 0.003196
v 0.083638 -0.006721 -0.107690
v 0.149503 -0.006987 -0.174658
v 0.076002 -0.010065 -0.174658
v 0.128689 -0.010647 -0.084162
v 0.120473 -0.012243 -0.060274
v 0.083506 -0.010322 -0.104436
v 0.099507 -0.013811 0.088171
v 0.143998 -0.010568 -0.114761
v 0.124239 -0.018104 0.105932
v 0.078815 -0.006987 -0.176338
v 0.120112 -0.016600 -0.058675
v 0.125733 -0.017750 0.079017
v 0.146690 -0.010061 -0.176338
v 0.120394 -0.017742 -0.005089
v 0.107449 -0.013811 0.124235
v 0.108509 -0.018090 0.107717
v 0.105853 -0.017604 -0.029963
v 0.136712 -0.010335 -0.093730
v 0.126067 -0.013811 0.095287
v 0.123432 -0.017984 0.118735
v 0.121675 -0.010662 -0.066091
v 0.100739 -0.013810 0.057625
v 0.100195 -0.017750 0.068583
v 0.101756 -0.011917 -0.074842
v 0.138413 -0.006987 -0.178737
v 0.086121 -0.007005 -0.098329
v 0.125035 -0.013811 0.112653
v 0.117260 -0.018090 0.110370
v 0.119175 -0.013479 -0.029804
v 0.116996 -0.013470 0.107717
v 0.102440 -0.013480 0.118357
v 0.106330 -0.013479 -0.029804
v 0.115307 -0.013470 0.113295
v 0.101197 -0.017984 0.115860
v 0.119805 -0.012987 -0.054870
v 0.127968 -0.007174 -0.080911
v 0.120021 -0.018080 0.122387
v 0.078259 -0.010494 -0.135201
v 0.116573 -0.018090 0.106920
v 0.120033 -0.017062 -0.051040
v 0.112752 -0.013470 0.104874
v 0.109499 -0.018090 0.112728
v 0.117260 -0.013470 0.110370
v 0.079047 -0.010262 -0.123343
v 0.113648 -0.018090 0.113982
v 0.108932 -0.013470 0.112029
v 0.105967 -0.013233 -0.050588
v 0.119195 -0.017802 -0.037879
v 0.107449 -0.017750 0.124235
v 0.118056 -0.013811 0.124235
v 0.104464 -0.012527 -0.060349
v 0.139383 -0.007005 -0.098329
v 0.101756 -0.008126 -0.073989
v 0.125850 -0.006678 -0.089473
v 0.146458 -0.007000 -0.123343
v 0.104042 -0.017749 0.011421
v 0.101937 -0.017750 0.118871
v 0.123567 -0.013811 0.118871
v 0.100114 -0.007855 -0.076163
v 0.123469 -0.013810 0.037165
v 0.101266 -0.013456 0.105932
v 0.151380 -0.006989 -0.164498
v 0.074125 -0.010101 -0.164498
v 0.098994 -0.010716 -0.078879
v 0.125601 -0.010999 -0.078899
v 0.146458 -0.010262 -0.123343
v 0.079047 -0.007000 -0.123343
v 0.074125 -0.006989 -0.164498
v 0.151380 -0.010101 -0.164498
v 0.142901 -0.006987 -0.177671
v 0.082603 -0.010059 -0.177671
v 0.116049 -0.013435 -0.029592
v 0.095764 -0.010363 -0.083858
v 0.119678 -0.017487 -0.037901
v 0.121814 -0.013480 0.120674
v 0.075053 -0.006718 -0.169404
v 0.097068 -0.010247 -0.180144
v 0.126067 -0.017750 0.095287
v 0.118031 -0.006987 -0.181426
v 0.117340 -0.014456 -0.067188
v 0.112752 -0.013811 0.125123
v 0.124880 -0.017984 0.112599
v 0.146153 -0.010329 -0.175713
v 0.105178 -0.013282 -0.054940
v 0.102703 -0.010326 -0.068133
v 0.099758 -0.013811 0.105263
v 0.101048 -0.013811 0.115964
v 0.139356 -0.010530 -0.099288
v 0.098537 -0.010763 -0.081217
v 0.150451 -0.006718 -0.169404
v 0.116644 -0.018125 0.003357
v 0.095764 -0.007046 -0.083642
v 0.112752 -0.017750 0.125123
v 0.107473 -0.010058 -0.181426
v 0.123868 -0.009031 -0.072049
v 0.112752 -0.007099 -0.078106
v 0.086149 -0.010530 -0.099288
v 0.105146 -0.013811 0.123036
v 0.123469 -0.017749 0.037165
v 0.138413 -0.010058 -0.178737
v 0.087092 -0.006987 -0.178737
v 0.121704 -0.014929 -0.065158
v 0.106184 -0.017620 -0.045046
v 0.121036 -0.015832 -0.061064
v 0.102229 -0.013576 0.037170
v 0.126510 -0.010716 -0.078879
v 0.125087 -0.013576 0.068623
v 0.099999 -0.013576 0.079167
v 0.104251 -0.011238 -0.064139
v 0.102126 -0.018080 0.046916
v 0.096816 -0.006760 -0.083904
v 0.101569 -0.017984 0.046905
v 0.124457 -0.013811 0.115964
v 0.121041 -0.012527 -0.060349
v 0.118056 -0.017750 0.124235
v 0.121300 -0.013576 0.011427
v 0.104624 -0.016032 -0.061103
v 0.099438 -0.017750 0.095287
v 0.120042 -0.013534 -0.050654
v 0.101048 -0.017750 0.115964
v 0.075053 -0.010353 -0.169404
v 0.110031 -0.017750 0.124914
v 0.110632 -0.018127 0.104354
v 0.128689 -0.006760 -0.083904
v 0.111857 -0.013470 0.113982
v 0.123567 -0.017750 0.118871
v 0.101180 -0.008209 -0.074010
v 0.115307 -0.013470 0.105654
v 0.128426 -0.006718 -0.179453
v 0.107951 -0.013435 0.109469
v 0.123378 -0.018080 0.046916
v 0.109499 -0.013470 0.112728
v 0.123273 -0.010058 -0.181013
v 0.102231 -0.006987 -0.181013
v 0.116046 -0.017971 -0.029717
v 0.108152 -0.013470 0.109474
v 0.118031 -0.010058 -0.181426
v 0.112752 -0.018090 0.104874
v 0.115307 -0.018090 0.113295
v 0.107473 -0.006987 -0.181426
v 0.119619 -0.017907 -0.021643
v 0.081214 -0.010495 -0.113132
v 0.123273 -0.006987 -0.181013
v 0.099928 -0.017984 0.105329
v 0.125576 -0.013577 0.105329
v 0.099236 -0.007230 -0.078396
v 0.108932 -0.013470 0.106920
v 0.108701 -0.018126 0.106733
v 0.075958 -0.010171 -0.147085
v 0.149546 -0.006994 -0.147085
v 0.110198 -0.018090 0.105654
v 0.119675 -0.017529 -0.045067
v 0.120173 -0.016932 -0.055458
v 0.105332 -0.016932 -0.055458
v 0.104042 -0.013810 0.011421
v 0.078259 -0.006718 -0.135201
v 0.125972 -0.017750 0.100830
v 0.126510 -0.007429 -0.078430
v 0.110149 -0.013480 0.124200
v 0.142427 -0.010395 -0.170406
v 0.123667 -0.012435 -0.072941
v 0.125998 -0.013811 0.088171
v 0.099904 -0.010999 -0.078899
v 0.114872 -0.018127 0.104354
v 0.105257 -0.013576 -0.005075
v 0.108244 -0.018090 0.108579
v 0.101837 -0.012435 -0.072941
v 0.103378 -0.013577 0.121107
v 0.121463 -0.013810 0.011421
v 0.113648 -0.013470 0.113982
v 0.123378 -0.013480 0.046916
v 0.116573 -0.013470 0.112029
v 0.117260 -0.018090 0.108579
v 0.125167 -0.007658 -0.076124
v 0.125035 -0.017750 0.112653
v 0.100470 -0.013811 0.112653
v 0.123935 -0.017984 0.046905
v 0.116996 -0.018090 0.111232
v 0.097062 -0.010058 -0.180393
v 0.110995 -0.018090 0.113718
v 0.124551 -0.011397 -0.076797
v 0.114510 -0.013470 0.105231
v 0.105886 -0.017907 -0.021643
v 0.126967 -0.006889 -0.080830
v 0.105392 -0.016600 -0.058675
v 0.116573 -0.013470 0.106920
v 0.100114 -0.011117 -0.076750
v 0.115307 -0.018090 0.105654
v 0.104592 -0.018127 0.109319
v 0.108932 -0.018090 0.112029
v 0.099655 -0.010638 -0.089639
v 0.117553 -0.013435 0.109469
v 0.111857 -0.013470 0.104967
v 0.105830 -0.017529 -0.045067
v 0.108244 -0.018090 0.110370
v 0.116804 -0.018126 0.106733
v 0.082788 -0.010330 -0.176878
v 0.120248 -0.013576 -0.005075
v 0.115442 -0.013577 0.124722
v 0.117260 -0.013470 0.108579
v 0.102073 -0.013577 0.118735
v 0.114510 -0.013470 0.113718
v 0.121463 -0.017749 0.011421
v 0.097537 -0.007174 -0.080911
v 0.119538 -0.013233 -0.050588
v 0.110800 -0.012607 -0.057793
v 0.116996 -0.013470 0.111232
v 0.111857 -0.018090 0.113982
v 0.116573 -0.018090 0.112029
v 0.102126 -0.013480 0.046916
v 0.107093 -0.008082 -0.073962
v 0.108509 -0.013470 0.107717
v 0.108509 -0.013470 0.111232
v 0.086149 -0.006804 -0.099281
v 0.110995 -0.013470 0.113718
v 0.100417 -0.017984 0.068623
v 0.110215 -0.013563 0.105680
v 0.099928 -0.013577 0.105329
v 0.076241 -0.006800 -0.174547
v 0.125505 -0.017984 0.079167
v 0.114510 -0.018090 0.105231
v 0.116996 -0.018090 0.107717
v 0.110995 -0.018090 0.105231
v 0.114510 -0.018090 0.113718
v 0.129740 -0.010363 -0.083858
v 0.105322 -0.013074 -0.054902
v 0.105186 -0.016724 -0.055437
v 0.124324 -0.008209 -0.074010
v 0.119550 -0.013548 -0.037689
v 0.139356 -0.006804 -0.099281
v 0.104619 -0.012328 -0.060302
v 0.102887 -0.010133 -0.068076
v 0.099532 -0.017750 0.100830
v 0.125972 -0.013811 0.100830
v 0.147922 -0.010412 -0.135278
v 0.077583 -0.006802 -0.135278
v 0.105883 -0.013575 -0.021579
v 0.120120 -0.012653 -0.057965
v 0.105750 -0.017677 -0.021649
v 0.105121 -0.015035 -0.065177
v 0.123906 -0.013480 0.115571
v 0.124535 -0.011639 -0.074777
v 0.115886 -0.007528 -0.076002
v 0.105820 -0.013472 -0.044751
v 0.078959 -0.006800 -0.176170
v 0.120913 -0.013433 0.109319
v 0.146545 -0.010248 -0.176170
v 0.105700 -0.012987 -0.054870
v 0.108958 -0.017998 0.106937
v 0.105257 -0.017976 -0.005081
v 0.099646 -0.017984 0.095500
v 0.125859 -0.013576 0.095500
v 0.121874 -0.011515 -0.064218
v 0.096041 -0.006846 -0.083698
v 0.120327 -0.013282 -0.054940
v 0.100338 -0.011314 -0.076784
v 0.121300 -0.017984 0.011427
v 0.125576 -0.017984 0.105329
v 0.110149 -0.018080 0.124200
v 0.105849 -0.013801 -0.029849
v 0.119040 -0.018125 0.116832
v 0.142427 -0.006675 -0.170406
v 0.101365 -0.013810 0.046900
v 0.106464 -0.018125 0.116832
v 0.142716 -0.006718 -0.176878
v 0.099438 -0.013811 0.095287
v 0.126967 -0.010763 -0.081217
v 0.120885 -0.012328 -0.060302
v 0.118412 -0.011956 -0.074868
v 0.131804 -0.007004 -0.086660
v 0.108861 -0.018125 0.003357
v 0.092004 -0.010058 -0.179617
v 0.133501 -0.006987 -0.179617
v 0.105977 -0.017364 -0.051036
v 0.079452 -0.006682 -0.169918
v 0.117123 -0.011195 -0.064112
v 0.142847 -0.006799 -0.177460
v 0.082657 -0.010247 -0.177460
v 0.120318 -0.016724 -0.055437
v 0.099772 -0.013811 0.079017
v 0.119621 -0.013575 -0.021579
v 0.102152 -0.011419 -0.076796
v 0.119795 -0.017020 -0.055448
v 0.118030 -0.010247 -0.181170
v 0.107474 -0.006799 -0.181170
v 0.125998 -0.017750 0.088171
v 0.077583 -0.010412 -0.135278
v 0.103781 -0.006673 -0.089529
v 0.147922 -0.006802 -0.135278
v 0.096041 -0.010563 -0.083942
v 0.106464 -0.013435 0.116832
v 0.120205 -0.013442 0.118443
v 0.136604 -0.010533 -0.094606
v 0.107474 -0.010247 -0.181170
v 0.118030 -0.006799 -0.181170
v 0.120010 -0.013809 -0.013336
v 0.151077 -0.010291 -0.164495
v 0.074428 -0.006800 -0.164495
v 0.104841 -0.012942 -0.058038
v 0.074428 -0.010291 -0.164495
v 0.151077 -0.006800 -0.164495
v 0.124535 -0.008405 -0.074054
v 0.100970 -0.008405 -0.074054
v 0.083481 -0.010590 -0.112870
v 0.124766 -0.013810 0.057625
v 0.100214 -0.018082 0.096136
v 0.112752 -0.006842 -0.080320
v 0.087109 -0.006799 -0.178505
v 0.138395 -0.010247 -0.178505
v 0.088900 -0.010533 -0.094606
v 0.097068 -0.006799 -0.180144
v 0.128437 -0.010247 -0.180144
v 0.120248 -0.017976 -0.005081
v 0.147245 -0.010494 -0.135201
v 0.128437 -0.006799 -0.180144
v 0.121253 -0.015012 -0.065177
v 0.111016 -0.013794 0.105282
v 0.102702 -0.013512 -0.069084
v 0.125310 -0.013811 0.068583
v 0.120010 -0.017720 -0.013359
v 0.101365 -0.017749 0.046900
v 0.120880 -0.016032 -0.061103
v 0.125280 -0.018081 0.101365
v 0.126269 -0.010915 -0.078901
v 0.101599 -0.018080 0.115571
v 0.100225 -0.013479 0.101365
v 0.123935 -0.013576 0.046905
v 0.120868 -0.018080 0.011445
v 0.108560 -0.017766 0.107738
v 0.133501 -0.010058 -0.179617
v 0.092004 -0.006987 -0.179617
v 0.119903 -0.013322 -0.050621
v 0.104337 -0.013812 -0.069172
v 0.119320 -0.017620 -0.045046
v 0.123123 -0.009494 -0.070038
v 0.119652 -0.017604 -0.029963
v 0.123868 -0.012240 -0.072890
v 0.097537 -0.010478 -0.081235
v 0.105827 -0.017487 -0.037901
v 0.116129 -0.013337 -0.044497
v 0.105462 -0.013534 -0.050654
v 0.087415 -0.010398 -0.170939
v 0.104624 -0.006716 -0.083926
v 0.109538 -0.013794 0.106261
v 0.149546 -0.010171 -0.147085
v 0.075958 -0.006994 -0.147085
v 0.117206 -0.017766 0.110359
v 0.115442 -0.017984 0.124722
v 0.110062 -0.013577 0.124722
v 0.107511 -0.013577 0.124050
v 0.121705 -0.011321 -0.064164
v 0.120268 -0.017984 0.122862
v 0.099904 -0.007145 -0.078365
v 0.119656 -0.013801 -0.029849
v 0.116945 -0.013794 0.107738
v 0.122127 -0.017984 0.121107
v 0.108978 -0.017766 0.111998
v 0.141866 -0.006721 -0.107690
v 0.109538 -0.013794 0.112688
v 0.115966 -0.013794 0.112688
v 0.125423 -0.013811 0.109050
v 0.100081 -0.017750 0.109050
v 0.108299 -0.017766 0.108590
v 0.117206 -0.017766 0.108590
v 0.105494 -0.013809 -0.013336
v 0.105111 -0.017742 -0.005089
v 0.104848 -0.016310 -0.058646
v 0.107511 -0.017984 0.124050
v 0.117994 -0.013577 0.124050
v 0.105237 -0.017984 0.122862
v 0.120268 -0.013577 0.122862
v 0.103378 -0.017984 0.121107
v 0.122127 -0.013577 0.121107
v 0.116720 -0.012200 -0.060187
v 0.102073 -0.017984 0.118735
v 0.123432 -0.013577 0.118735
v 0.104205 -0.017984 0.011427
v 0.110229 -0.017766 0.105700
v 0.115276 -0.013794 0.105700
v 0.124308 -0.017984 0.115860
v 0.110229 -0.017766 0.113249
v 0.119685 -0.013770 -0.037710
v 0.115276 -0.017766 0.113249
v 0.101637 -0.012240 -0.072890
v 0.112752 -0.017766 0.104929
v 0.112752 -0.013794 0.114020
v 0.112752 -0.017984 0.124930
v 0.112752 -0.013577 0.124930
v 0.099772 -0.017750 0.079017
v 0.100195 -0.013811 0.068583
v 0.125309 -0.017750 0.068583
v 0.096816 -0.010647 -0.084162
v 0.111868 -0.013794 0.105021
v 0.113637 -0.013794 0.105021
v 0.111868 -0.013794 0.113928
v 0.113637 -0.013794 0.113928
v 0.100739 -0.017749 0.057625
v 0.105693 -0.017311 -0.045061
v 0.115966 -0.017766 0.106261
v 0.083553 -0.010518 -0.105252
v 0.129463 -0.010563 -0.083942
v 0.101197 -0.013577 0.115860
v 0.116374 -0.012943 -0.054696
v 0.119812 -0.017311 -0.045061
v 0.141952 -0.010518 -0.105252
v 0.117297 -0.013794 0.109474
v 0.108207 -0.013794 0.109474
v 0.108299 -0.013794 0.110359
v 0.120506 -0.016513 -0.058677
v 0.144291 -0.006804 -0.113132
v 0.100953 -0.013576 0.057629
v 0.108978 -0.013794 0.106951
v 0.116527 -0.013794 0.111998
v 0.111016 -0.017766 0.113667
v 0.114489 -0.013794 0.105282
v 0.116527 -0.013794 0.106951
v 0.114489 -0.013794 0.113667
v 0.116945 -0.017766 0.111211
v 0.108560 -0.017766 0.111211
v 0.116059 -0.017848 -0.037647
v 0.079233 -0.010458 -0.123564
v 0.104205 -0.013576 0.011427
v 0.146271 -0.006803 -0.123564
v 0.074729 -0.010259 -0.172503
v 0.150776 -0.006800 -0.172503
v 0.107932 -0.010008 -0.068038
v 0.106174 -0.013381 -0.044718
v 0.105820 -0.013770 -0.037710
v 0.149264 -0.010252 -0.174547
v 0.103801 -0.014929 -0.065158
v 0.151306 -0.006800 -0.169373
v 0.074199 -0.010271 -0.169373
v 0.150451 -0.010353 -0.169404
v 0.109456 -0.013435 -0.029592
v 0.117280 -0.017330 0.109474
v 0.097801 -0.006974 -0.080878
v 0.103381 -0.010051 -0.068051
v 0.141952 -0.006804 -0.105252
v 0.083553 -0.006804 -0.105252
v 0.088900 -0.006803 -0.094578
v 0.124766 -0.017749 0.057625
v 0.126269 -0.007230 -0.078396
v 0.105602 -0.013322 -0.050621
v 0.115954 -0.014230 0.106273
v 0.118667 -0.015622 -0.063122
v 0.146271 -0.010458 -0.123564
v 0.079233 -0.006803 -0.123564
v 0.116929 -0.014230 0.111204
v 0.108576 -0.014230 0.111204
v 0.097079 -0.010330 -0.179453
v 0.116220 -0.018094 -0.013142
v 0.121814 -0.018080 0.120674
v 0.103691 -0.018080 0.120674
v 0.108315 -0.017330 0.110356
v 0.101998 -0.014947 0.037164
v 0.125167 -0.011314 -0.076784
v 0.108576 -0.014230 0.107745
v 0.147245 -0.006718 -0.135201
v 0.150776 -0.010259 -0.172503
v 0.074729 -0.006800 -0.172503
v 0.074199 -0.006800 -0.169373
v 0.151306 -0.010271 -0.169373
v 0.116513 -0.017330 0.111989
v 0.117958 -0.010340 -0.180368
v 0.097801 -0.010678 -0.081243
v 0.116236 -0.013189 -0.050381
v 0.120885 -0.013810 0.003169
v 0.087143 -0.006718 -0.177860
v 0.082657 -0.006799 -0.177460
v 0.146545 -0.006800 -0.176170
v 0.142847 -0.010247 -0.177460
v 0.078959 -0.010248 -0.176170
v 0.100081 -0.013811 0.109050
v 0.125423 -0.017750 0.109050
v 0.103437 -0.008731 -0.071971
v 0.138362 -0.010330 -0.177860
v 0.108224 -0.017330 0.109474
v 0.104652 -0.015584 -0.063146
v 0.120514 -0.012739 -0.057995
v 0.120183 -0.013074 -0.054902
v 0.115290 -0.017998 0.105680
v 0.121873 -0.014734 -0.065105
v 0.110238 -0.014230 0.113235
v 0.115267 -0.014230 0.113235
v 0.107115 -0.012207 -0.060220
v 0.101180 -0.011835 -0.074822
v 0.125291 -0.013478 0.096136
v 0.112752 -0.017330 0.114003
v 0.112752 -0.014230 0.104946
v 0.100625 -0.017984 0.112599
v 0.124880 -0.013577 0.112599
v 0.119892 -0.017274 -0.051053
v 0.104619 -0.013810 0.003169
v 0.110198 -0.013470 0.105654
v 0.127704 -0.010678 -0.081243
v 0.136604 -0.006803 -0.094578
v 0.104619 -0.017749 0.003169
v 0.105385 -0.012653 -0.057965
v 0.139279 -0.010615 -0.102370
v 0.113641 -0.017998 0.113952
v 0.111871 -0.017330 0.105038
v 0.113633 -0.017330 0.105038
v -0.153344 -0.008677 -0.078366
v -0.093258 -0.010476 -0.098851
v -0.125409 -0.015604 -0.024103
v -0.129401 -0.015427 0.096449
v -0.111535 -0.013644 0.096449
v -0.137979 -0.008784 -0.049836
v -0.124889 -0.008438 -0.113624
v -0.103271 -0.010598 -0.049805
v -0.117339 -0.015435 0.111687
v -0.115146 -0.013647 -0.024122
v -0.116827 -0.015504 0.099745
v -0.123916 -0.013463 0.101252
v -0.147678 -0.010476 -0.098851
v -0.123022 -0.013567 0.097076
v -0.110863 -0.015005 -0.039313
v -0.125014 -0.013636 0.110717
v -0.125338 -0.013521 0.007619
v -0.148735 -0.010471 -0.063439
v -0.103909 -0.010409 -0.109489
v -0.133298 -0.010354 -0.111341
v -0.137667 -0.010598 -0.049807
v -0.120468 -0.013567 0.103490
v -0.119024 -0.015608 0.096095
v -0.090525 -0.010475 -0.066540
v -0.115491 -0.013645 0.007605
v -0.120466 -0.009538 -0.046150
v -0.129485 -0.013458 -0.037047
v -0.112161 -0.013596 -0.035350
v -0.114742 -0.013521 0.109156
v -0.089279 -0.008678 -0.069545
v -0.117913 -0.013567 0.097076
v -0.149436 -0.008677 -0.095937
v -0.115498 -0.015435 0.007612
v -0.153017 -0.010476 -0.075441
v -0.113678 -0.015435 0.107348
v -0.152711 -0.008677 -0.087153
v -0.129577 -0.013640 0.079883
v -0.120468 -0.010209 -0.113918
v -0.134768 -0.012274 -0.047516
v -0.124109 -0.015504 0.099745
v -0.095308 -0.008677 -0.101785
v -0.123022 -0.015504 0.097076
v -0.121168 -0.015504 0.103417
v -0.115259 -0.015550 -0.024111
v -0.117019 -0.013463 0.101252
v -0.103875 -0.008616 -0.109489
v -0.087555 -0.010476 -0.081294
v -0.127257 -0.015430 0.107359
v -0.106181 -0.012283 -0.047502
v -0.089027 -0.010476 -0.090076
v -0.120468 -0.013567 0.095999
v -0.153175 -0.010476 -0.084221
v -0.126225 -0.015435 0.021143
v -0.094463 -0.008689 -0.060045
v -0.112711 -0.013643 0.048520
v -0.117913 -0.015504 0.102413
v -0.143158 -0.010469 -0.104588
v -0.124078 -0.012293 -0.046055
v -0.122062 -0.013636 0.112235
v -0.123476 -0.015504 0.101844
v -0.127257 -0.013636 0.107348
v -0.116010 -0.008439 -0.113619
v -0.088224 -0.008677 -0.087153
v -0.112791 -0.015413 -0.033860
v -0.120468 -0.008251 -0.062354
v -0.091499 -0.008677 -0.095937
v -0.116037 -0.010233 -0.113610
v -0.124315 -0.013441 -0.020467
v -0.152502 -0.008677 -0.072509
v -0.127329 -0.010827 -0.044607
v -0.128705 -0.010872 -0.048045
v -0.130073 -0.015005 -0.039313
v -0.107617 -0.008556 -0.111351
v -0.128598 -0.013636 0.054860
v -0.116799 -0.013463 0.098971
v -0.126728 -0.015434 -0.028879
v -0.087919 -0.010476 -0.075441
v -0.140338 -0.008653 -0.107204
v -0.121395 -0.013428 -0.033657
v -0.128943 -0.015435 0.061457
v -0.115921 -0.015435 0.110717
v -0.097777 -0.010469 -0.104588
v -0.124959 -0.008258 -0.112615
v -0.120468 -0.015435 0.112404
v -0.151638 -0.010475 -0.069558
v -0.120468 -0.010378 -0.112972
v -0.108719 -0.012140 -0.042367
v -0.145628 -0.008677 -0.101785
v -0.092198 -0.010471 -0.063445
v -0.110772 -0.013088 -0.038764
v -0.113749 -0.013644 -0.030563
v -0.113470 -0.012288 -0.046473
v -0.124032 -0.013567 0.099008
v -0.110778 -0.009409 -0.047128
v -0.111821 -0.015604 0.095182
v -0.115616 -0.015550 -0.019690
v -0.123567 -0.013521 0.111536
v -0.096875 -0.010468 -0.057082
v -0.091061 -0.008477 -0.089711
v -0.118465 -0.013567 0.102871
v -0.123022 -0.013567 0.102413
v -0.103200 -0.008690 -0.049747
v -0.125790 -0.015424 -0.024122
v -0.126193 -0.015550 0.109156
v -0.113968 -0.015610 0.106878
v -0.121168 -0.015504 0.096072
v -0.108886 -0.013931 -0.043217
v -0.119768 -0.015504 0.103417
v -0.137036 -0.010415 -0.109477
v -0.112284 -0.013636 0.102341
v -0.128652 -0.015435 0.102341
v -0.107671 -0.010466 -0.111167
v -0.151958 -0.010585 -0.072464
v -0.126847 -0.013445 -0.033711
v -0.112230 -0.010872 -0.048045
v -0.140335 -0.008559 -0.053784
v -0.128158 -0.013643 -0.033671
v -0.125190 -0.013645 -0.005473
v -0.117119 -0.015504 0.098299
v -0.111993 -0.013636 0.061457
v -0.087592 -0.008677 -0.078366
v -0.120468 -0.010416 -0.070370
v -0.132422 -0.012240 -0.042443
v -0.115527 -0.013467 -0.024103
v -0.134765 -0.012203 -0.047834
v -0.112761 -0.015518 -0.035620
v -0.126719 -0.013644 -0.028806
v -0.117214 -0.013427 0.096856
v -0.120468 -0.013002 -0.038430
v -0.120468 -0.010895 -0.047309
v -0.140319 -0.010447 -0.107193
v -0.114711 -0.015435 0.021143
v -0.100597 -0.008653 -0.107204
v -0.124898 -0.010233 -0.113610
v -0.118465 -0.015504 0.096619
v -0.145963 -0.008483 -0.098931
v -0.106170 -0.012203 -0.047834
v -0.121393 -0.013429 0.095357
v -0.111722 -0.010288 -0.112735
v -0.133306 -0.008561 -0.111362
v -0.129213 -0.010288 -0.112735
v -0.121168 -0.013567 0.096072
v -0.132286 -0.013348 -0.044985
v -0.115921 -0.013643 0.110725
v -0.144032 -0.008696 -0.056890
v -0.129661 -0.013642 0.089392
v -0.103610 -0.010727 -0.049745
v -0.117019 -0.015608 0.101252
v -0.129213 -0.008493 -0.112753
v -0.088433 -0.008677 -0.072509
v -0.128819 -0.013288 -0.037000
v -0.112739 -0.015435 0.048178
v -0.103992 -0.008823 -0.049167
v -0.125444 -0.015426 0.007605
v -0.128822 -0.015359 -0.037426
v -0.129429 -0.015194 -0.037406
v -0.105907 -0.010562 -0.046704
v -0.123022 -0.015504 0.102413
v -0.118863 -0.013429 0.095634
v -0.114679 -0.015429 0.109290
v -0.118874 -0.015435 0.112235
v -0.111541 -0.015435 0.096455
v -0.129395 -0.013636 0.096455
v -0.150440 -0.008681 -0.066527
v -0.117460 -0.013567 0.101844
v -0.114207 -0.015434 -0.028879
v -0.121242 -0.013429 0.104055
v -0.124032 -0.015504 0.099008
v -0.115509 -0.013644 -0.019759
v -0.151930 -0.008677 -0.090082
v -0.127574 -0.012072 -0.041743
v -0.150411 -0.010475 -0.066540
v -0.124109 -0.013567 0.099745
v -0.129660 -0.015430 0.089393
v -0.111359 -0.015431 0.079882
v -0.090116 -0.010476 -0.093002
v -0.117119 -0.013567 0.098299
v -0.125014 -0.015428 0.110725
v -0.120468 -0.015504 0.095999
v -0.092211 -0.008684 -0.063348
v -0.111663 -0.013521 0.074178
v -0.121168 -0.013567 0.103417
v -0.112939 -0.011550 -0.043089
v -0.087760 -0.010476 -0.084221
v -0.115746 -0.015427 -0.005473
v -0.120468 -0.013463 0.095810
v -0.122056 -0.015430 0.112242
v -0.117453 -0.013467 0.111127
v -0.100599 -0.008557 -0.053786
v -0.136511 -0.010382 -0.048461
v -0.116286 -0.015625 -0.022335
v -0.111515 -0.015195 -0.037376
v -0.113291 -0.013467 -0.033700
v -0.119092 -0.013567 0.096281
v -0.120468 -0.012295 -0.045869
v -0.128048 -0.013636 0.105002
v -0.112887 -0.015435 0.105002
v -0.153402 -0.008677 -0.081295
v -0.125427 -0.015427 -0.019759
v -0.124845 -0.015604 0.110190
v -0.089288 -0.010473 -0.069567
v -0.132615 -0.013624 -0.043834
v -0.110599 -0.013197 -0.038804
v -0.128145 -0.015413 -0.033860
v -0.128218 -0.015428 0.048396
v -0.150842 -0.008677 -0.093010
v -0.116543 -0.014035 -0.042382
v -0.120475 -0.013642 0.112410
v -0.114711 -0.013636 0.021143
v -0.137261 -0.010665 -0.050580
v -0.103516 -0.009268 -0.049230
v -0.145610 -0.010473 -0.101772
v -0.100852 -0.008532 -0.107166
v -0.127540 -0.013636 0.038497
v -0.111275 -0.013642 0.089393
v -0.138324 -0.008643 -0.050462
v -0.129164 -0.015550 0.070535
v -0.121242 -0.015643 0.104055
v -0.146500 -0.010470 -0.060197
v -0.130453 -0.014560 -0.041310
v -0.123869 -0.015643 0.097242
v -0.105986 -0.010866 -0.046403
v -0.123597 -0.013636 0.111687
v -0.104853 -0.011089 -0.048329
v -0.088239 -0.010474 -0.087150
v -0.088995 -0.008679 -0.090066
v -0.136524 -0.008434 -0.109087
v -0.132216 -0.012140 -0.042367
v -0.151922 -0.010474 -0.090053
v -0.123916 -0.015608 0.101252
v -0.149425 -0.010473 -0.095919
v -0.152487 -0.010474 -0.072514
v -0.115155 -0.015435 -0.024113
v -0.108568 -0.012930 -0.042713
v -0.128081 -0.008240 -0.065649
v -0.087731 -0.008680 -0.084214
v -0.123721 -0.013428 0.096859
v -0.128559 -0.015550 0.102297
v -0.112377 -0.013521 0.102297
v -0.107023 -0.008730 -0.050386
v -0.116903 -0.015504 0.099008
v -0.130164 -0.013088 -0.038764
v -0.120468 -0.015504 0.103490
v -0.116858 -0.012293 -0.046055
v -0.112161 -0.015361 -0.037457
v -0.123476 -0.015504 0.097646
v -0.125781 -0.013636 -0.024113
v -0.103390 -0.010651 -0.050754
v -0.110682 -0.014895 -0.039291
v -0.125438 -0.013636 0.007612
v -0.133511 -0.009328 -0.047762
v -0.115515 -0.015427 -0.019632
v -0.108541 -0.013329 -0.045038
v -0.153327 -0.010474 -0.078350
v -0.087891 -0.008679 -0.075437
v -0.153044 -0.008679 -0.075438
v -0.087607 -0.010474 -0.078368
v -0.123476 -0.013567 0.097646
v -0.123476 -0.013567 0.101844
v -0.128024 -0.013520 -0.033705
v -0.128658 -0.013644 0.102342
v -0.126254 -0.015435 0.109285
v -0.114682 -0.013636 0.109285
v -0.117460 -0.015504 0.101844
v -0.116827 -0.013567 0.099745
v -0.117913 -0.013567 0.102413
v -0.128944 -0.013641 0.061375
v -0.124137 -0.013463 0.098971
v -0.102927 -0.008779 -0.049861
v -0.123277 -0.013429 0.102877
v -0.117913 -0.015504 0.097076
v -0.119046 -0.013463 0.103385
v -0.111144 -0.009073 -0.048107
v -0.130254 -0.014895 -0.039291
v -0.120468 -0.008204 -0.106431
v -0.124812 -0.010794 -0.047857
v -0.115597 -0.015550 0.007619
v -0.120468 -0.015608 0.095810
v -0.120468 -0.012062 -0.041341
v -0.124133 -0.010565 -0.044714
v -0.115821 -0.013521 -0.011373
v -0.124137 -0.015608 0.098971
v -0.121911 -0.015608 0.096095
v -0.128189 -0.010439 -0.112125
v -0.118465 -0.015504 0.102871
v -0.126044 -0.013645 -0.025677
v -0.125089 -0.013521 -0.005586
v -0.114892 -0.015426 -0.025677
v -0.123277 -0.015643 0.102877
v -0.121890 -0.015608 0.103385
v -0.120467 -0.009195 -0.047127
v -0.104438 -0.010562 -0.109073
v -0.127465 -0.012288 -0.046473
v -0.116903 -0.013567 0.100481
v -0.135194 -0.011390 -0.047324
v -0.125319 -0.013521 -0.019690
v -0.117460 -0.013567 0.097646
v -0.122470 -0.015504 0.096619
v -0.116799 -0.015608 0.098971
v -0.118889 -0.015550 0.112079
v -0.114564 -0.013643 -0.027323
v -0.122470 -0.013567 0.102871
v -0.112697 -0.010444 -0.067365
v -0.115783 -0.013429 0.095825
v -0.111359 -0.013636 0.093161
v -0.129577 -0.015435 0.093161
v -0.121844 -0.013567 0.096281
v -0.127127 -0.013521 0.034680
v -0.122047 -0.015550 0.112079
v -0.130061 -0.008827 -0.049577
v -0.111450 -0.013458 -0.037047
v -0.117801 -0.013463 0.096923
v -0.119768 -0.013567 0.103417
v -0.088955 -0.008556 -0.072457
v -0.150989 -0.008476 -0.083701
v -0.123817 -0.013567 0.098299
v -0.126082 -0.015552 -0.026529
v -0.121844 -0.015504 0.103208
v -0.111842 -0.013643 0.099487
v -0.108513 -0.012240 -0.042443
v -0.115158 -0.013636 0.014378
v -0.145772 -0.008502 -0.061180
v -0.117119 -0.013567 0.101190
v -0.123817 -0.015504 0.101190
v -0.119768 -0.015504 0.096072
v -0.127547 -0.015589 -0.033854
v -0.111479 -0.015550 0.093265
v -0.129457 -0.013521 0.093265
v -0.123135 -0.013463 0.096923
v -0.088294 -0.010585 -0.084199
v -0.116903 -0.015504 0.100481
v -0.124032 -0.013567 0.100481
v -0.136933 -0.008837 -0.049148
v -0.113313 -0.015580 -0.033874
v -0.117460 -0.015504 0.097646
v -0.125778 -0.015435 0.014378
v -0.116293 -0.010892 -0.047516
v -0.124032 -0.015504 0.100481
v -0.117718 -0.013431 0.021305
v -0.121192 -0.013463 0.103603
v -0.119744 -0.015608 0.103603
v -0.113809 -0.015550 0.034680
v -0.112052 -0.013295 -0.037000
v -0.089872 -0.010622 -0.082541
v -0.115144 -0.015426 0.014501
v -0.119092 -0.015504 0.096281
v -0.118465 -0.013567 0.096619
v -0.115686 -0.013636 0.000846
v -0.125250 -0.015435 0.000846
v -0.119092 -0.013567 0.103208
v -0.113909 -0.015546 -0.030512
v -0.128920 -0.013457 0.096936
v -0.148766 -0.010622 -0.093418
v -0.136459 -0.009776 -0.048140
v -0.111672 -0.015306 -0.037425
v -0.121531 -0.008898 -0.048655
v -0.107724 -0.008380 -0.110697
v -0.098129 -0.010577 -0.055951
v -0.122470 -0.015504 0.102871
v -0.115682 -0.009507 -0.046446
v -0.112718 -0.013521 0.050749
v -0.111355 -0.015430 0.093170
v -0.133831 -0.012395 -0.047456
v -0.116903 -0.013567 0.099008
v -0.117831 -0.015608 0.102548
v -0.126035 -0.015608 -0.027852
v -0.104608 -0.010345 -0.048204
v -0.122470 -0.013567 0.096619
v -0.115967 -0.015550 0.110575
v -0.129264 -0.015306 -0.037425
v -0.128218 -0.015550 0.050747
v -0.115349 -0.013646 -0.022269
v -0.125587 -0.015426 -0.022269
v -0.137685 -0.010637 -0.050097
v -0.106841 -0.010674 -0.046235
v -0.123817 -0.015504 0.098299
v -0.121844 -0.013567 0.103208
v -0.119092 -0.015504 0.103208
v -0.112353 -0.015465 -0.035615
v -0.117119 -0.015504 0.101190
v -0.123817 -0.013567 0.101190
v -0.129511 -0.015056 -0.039345
v -0.099336 -0.008707 -0.053979
v -0.112427 -0.013461 0.100978
v -0.119768 -0.013567 0.096072
v -0.131167 -0.012658 -0.040593
v -0.102852 -0.010502 -0.050228
v -0.125673 -0.013521 0.014385
v -0.121844 -0.015504 0.096281
v -0.125257 -0.013647 0.000862
v -0.115678 -0.015424 0.000862
v -0.148260 -0.010583 -0.063369
v -0.130337 -0.013197 -0.038804
v -0.140317 -0.010632 -0.056469
v -0.124798 -0.013260 -0.036916
v -0.115725 -0.015435 -0.011382
v -0.123135 -0.015608 0.096923
v -0.117801 -0.015608 0.096923
v -0.120468 -0.015608 0.103678
v -0.111410 -0.013520 0.088004
v -0.129518 -0.015551 0.089555
v -0.115043 -0.010435 -0.104463
v -0.109769 -0.012658 -0.040593
v -0.129220 -0.015435 0.067942
v -0.111716 -0.013636 0.067942
v -0.102603 -0.008637 -0.050472
v -0.141695 -0.008704 -0.054099
v -0.115128 -0.013429 0.103075
v -0.105740 -0.011389 -0.047324
v -0.128001 -0.015527 -0.033870
v -0.107706 -0.013244 -0.044910
v -0.121817 -0.013879 0.096335
v -0.123421 -0.013891 0.097676
v -0.098133 -0.010578 -0.104601
v -0.125061 -0.015634 0.108372
v -0.104107 -0.010698 -0.049928
v -0.117831 -0.013463 0.102548
v -0.142831 -0.008550 -0.104615
v -0.112337 -0.015435 0.054860
v -0.112973 -0.015550 0.104917
v -0.127963 -0.013521 0.104917
v -0.129624 -0.013033 -0.038720
v -0.125338 -0.015550 0.007619
v -0.115597 -0.013521 0.007619
v -0.126113 -0.015550 0.021150
v -0.112973 -0.013521 0.104917
v -0.127963 -0.015550 0.104917
v -0.122648 -0.008663 -0.051052
v -0.095718 -0.008555 -0.101811
v -0.113606 -0.010827 -0.044607
v -0.111942 -0.015550 0.099465
v -0.128993 -0.013521 0.099465
v -0.108101 -0.009512 -0.047396
v -0.106635 -0.010487 -0.046564
v -0.128621 -0.013476 -0.035341
v -0.127901 -0.012583 -0.040288
v -0.099211 -0.010468 -0.054326
v -0.122440 -0.013877 0.102818
v -0.118496 -0.015194 0.102818
v -0.136508 -0.010793 -0.049567
v -0.146065 -0.008570 -0.060006
v -0.149937 -0.008558 -0.066444
v -0.091015 -0.010584 -0.066480
v -0.151418 -0.008555 -0.090074
v -0.148964 -0.008555 -0.095944
v -0.111648 -0.013521 0.096511
v -0.129287 -0.015550 0.096511
v -0.152810 -0.008556 -0.078330
v -0.092667 -0.008563 -0.063296
v -0.151981 -0.008556 -0.072457
v -0.126225 -0.013636 0.021143
v -0.091972 -0.008555 -0.095944
v -0.115956 -0.010739 -0.048543
v -0.126349 -0.013429 0.099661
v -0.152641 -0.010585 -0.084199
v -0.120468 -0.013463 0.103678
v -0.125577 -0.013636 -0.022227
v -0.115359 -0.015435 -0.022227
v -0.089541 -0.010585 -0.090067
v -0.145190 -0.010584 -0.101797
v -0.136639 -0.008505 -0.055496
v -0.114823 -0.013521 0.021150
v -0.122978 -0.013904 0.102369
v -0.089517 -0.008555 -0.090074
v -0.132049 -0.013931 -0.043217
v -0.097286 -0.008581 -0.056827
v -0.091578 -0.008477 -0.068858
v -0.149925 -0.008483 -0.090050
v -0.152665 -0.008556 -0.084202
v -0.148938 -0.010585 -0.095934
v -0.088270 -0.008556 -0.084202
v -0.088193 -0.008555 -0.077166
v -0.141340 -0.008597 -0.054008
v -0.113034 -0.012583 -0.040288
v -0.128239 -0.010444 -0.067365
v -0.111440 -0.015551 0.085195
v -0.129495 -0.013520 0.085195
v -0.125210 -0.013636 -0.011382
v -0.091997 -0.010585 -0.095934
v -0.124593 -0.015623 -0.019644
v -0.151394 -0.010585 -0.090067
v -0.130151 -0.009413 -0.047122
v -0.102606 -0.010598 -0.050811
v -0.119024 -0.013463 0.096095
v -0.088978 -0.010585 -0.072464
v -0.124008 -0.010825 -0.044221
v -0.113949 -0.013467 0.106931
v -0.128197 -0.013636 0.048178
v -0.123596 -0.015608 0.097530
v -0.117340 -0.013463 0.097530
v -0.137642 -0.008894 -0.049454
v -0.115259 -0.013521 -0.024111
v -0.125677 -0.015550 -0.024111
v -0.125115 -0.015550 -0.011373
v -0.117732 -0.015640 -0.028701
v -0.120468 -0.013446 -0.043603
v -0.115847 -0.015550 -0.005586
v -0.104296 -0.008505 -0.055497
v -0.126128 -0.013394 -0.035315
v -0.141783 -0.010465 -0.054387
v -0.088265 -0.010584 -0.076642
v -0.115262 -0.015550 0.014385
v -0.115657 -0.013522 -0.018885
v -0.122978 -0.015189 0.097120
v -0.122448 -0.015192 0.096676
v -0.118496 -0.013890 0.096673
v -0.117176 -0.013877 0.101172
v -0.123760 -0.015194 0.101172
v -0.120468 -0.015189 0.103428
v -0.117957 -0.015167 0.102369
v -0.120468 -0.015165 0.096062
v -0.119785 -0.013891 0.103358
v -0.117508 -0.013891 0.101805
v -0.119783 -0.015194 0.096130
v -0.121142 -0.015192 0.103361
v -0.123427 -0.015180 0.101805
v -0.121161 -0.013891 0.096134
v -0.125279 -0.015549 -0.018884
v -0.116965 -0.015193 0.099005
v -0.123971 -0.013878 0.099005
v -0.127618 -0.015418 -0.032118
v -0.130406 -0.012278 -0.046983
v -0.103236 -0.010103 -0.049707
v -0.129427 -0.013640 0.073926
v -0.111508 -0.015431 0.073927
v -0.099161 -0.010614 -0.104663
v -0.152722 -0.010585 -0.077182
v -0.110530 -0.012278 -0.046983
v -0.112912 -0.013520 -0.033705
v -0.112708 -0.014912 0.048177
v -0.101088 -0.008397 -0.062052
v -0.105892 -0.012104 -0.047828
v -0.111288 -0.013636 0.085051
v -0.129647 -0.015435 0.085051
v -0.121911 -0.013463 0.096095
v -0.116026 -0.013467 0.000874
v -0.117340 -0.015608 0.097530
v -0.123596 -0.013463 0.097530
v -0.113782 -0.015431 -0.030510
v -0.136994 -0.008287 -0.072960
v -0.126193 -0.010438 -0.106247
v -0.120467 -0.009917 -0.045452
v -0.125218 -0.015424 -0.011402
v -0.115718 -0.013647 -0.011403
v -0.143105 -0.010575 -0.056304
v -0.128736 -0.015352 -0.035601
v -0.116808 -0.015608 0.100509
v -0.124127 -0.013463 0.100509
v -0.124127 -0.015608 0.100509
v -0.116808 -0.013463 0.100509
v -0.115468 -0.015607 -0.024821
v -0.135027 -0.010564 -0.046702
v -0.125409 -0.013467 -0.024103
v -0.112439 -0.015604 0.101247
v -0.129650 -0.013641 0.084882
v -0.111285 -0.015431 0.084882
v -0.120468 -0.010800 -0.047627
v -0.129788 -0.009076 -0.048102
v -0.126362 -0.015428 -0.027275
v -0.111610 -0.013347 -0.037020
v -0.111685 -0.010402 -0.112513
v -0.112322 -0.013642 0.055036
v -0.116001 -0.010348 -0.113366
v -0.109586 -0.013675 -0.041040
v -0.106202 -0.010762 -0.046320
v -0.120468 -0.010324 -0.113670
v -0.124935 -0.010348 -0.113366
v -0.110201 -0.010472 -0.045809
v -0.129251 -0.010402 -0.112513
v -0.111718 -0.015430 0.067753
v -0.133265 -0.010466 -0.111167
v -0.120468 -0.015550 0.112247
v -0.122047 -0.013521 0.112079
v -0.136894 -0.010524 -0.109367
v -0.107648 -0.008439 -0.111178
v -0.104015 -0.008498 -0.109380
v -0.142802 -0.010578 -0.104601
v -0.124901 -0.009895 -0.045714
v -0.117369 -0.015550 0.111536
v -0.131635 -0.012094 -0.042272
v -0.140084 -0.008532 -0.107166
v -0.092676 -0.010583 -0.063369
v -0.127559 -0.015435 0.038748
v -0.124969 -0.013521 0.110575
v -0.103977 -0.010559 -0.049075
v -0.116590 -0.013429 0.098881
v -0.108367 -0.011574 -0.043819
v -0.131355 -0.012762 -0.040650
v -0.131448 -0.013942 -0.043297
v -0.127183 -0.013521 0.107236
v -0.113753 -0.015550 0.107236
v -0.117307 -0.013444 -0.043729
v -0.120468 -0.008202 -0.070354
v -0.109697 -0.014408 -0.041273
v -0.135091 -0.008600 -0.052642
v -0.115943 -0.015641 0.106036
v -0.112185 -0.015345 -0.035625
v -0.129325 -0.013347 -0.037020
v -0.111504 -0.013640 0.074088
v -0.129432 -0.015432 0.074097
v -0.113398 -0.015435 0.038466
v -0.129267 -0.008373 -0.112521
v -0.124943 -0.008319 -0.113373
v -0.123104 -0.015608 0.102548
v -0.098104 -0.008550 -0.104615
v -0.120468 -0.008295 -0.113675
v -0.133288 -0.008439 -0.111178
v -0.140055 -0.010560 -0.107151
v -0.090999 -0.008558 -0.066444
v -0.104041 -0.010524 -0.109367
v -0.115631 -0.015425 -0.016164
v -0.125305 -0.013646 -0.016164
v -0.100880 -0.010560 -0.107151
v -0.115992 -0.008319 -0.113373
v -0.136921 -0.008498 -0.109380
v -0.120468 -0.013521 0.112247
v -0.118889 -0.013521 0.112079
v -0.111668 -0.008373 -0.112521
v -0.116032 -0.009894 -0.045716
v -0.113686 -0.013467 0.041459
v -0.117369 -0.013521 0.111536
v -0.123567 -0.015550 0.111536
v -0.100080 -0.010628 -0.057058
v -0.124969 -0.015550 0.110575
v -0.115967 -0.013521 0.110575
v -0.112314 -0.013476 -0.035341
v -0.125299 -0.015435 -0.016191
v -0.115637 -0.013636 -0.016191
v -0.126038 -0.015435 -0.025685
v -0.114897 -0.013636 -0.025685
v -0.126193 -0.013521 0.109156
v -0.114742 -0.015550 0.109156
v -0.104566 -0.010493 -0.080411
v -0.125824 -0.013467 0.021166
v -0.113753 -0.013521 0.107236
v -0.127183 -0.015550 0.107236
v -0.127143 -0.013644 -0.030405
v -0.128789 -0.015550 0.061464
v -0.112027 -0.013521 0.063969
v -0.112754 -0.014896 -0.033818
v -0.127031 -0.013521 -0.030478
v -0.112048 -0.010779 -0.048374
v -0.116928 -0.010825 -0.044221
v -0.128993 -0.015550 0.099465
v -0.111942 -0.013521 0.099465
v -0.130373 -0.014252 -0.039223
v -0.108766 -0.010849 -0.048668
v -0.127997 -0.011550 -0.043089
v -0.122536 -0.013463 0.103031
v -0.118399 -0.015608 0.103031
v -0.132169 -0.010849 -0.048668
v -0.140604 -0.008472 -0.105987
v -0.113424 -0.008304 -0.060754
v -0.120468 -0.011544 -0.042543
v -0.129214 -0.013520 0.072041
v -0.111722 -0.015551 0.072043
v -0.135525 -0.011063 -0.047535
v -0.109580 -0.012762 -0.040650
v -0.145218 -0.008555 -0.101811
v -0.095745 -0.010584 -0.101797
v -0.124431 -0.015555 -0.035601
v -0.132093 -0.010457 -0.080361
v -0.112377 -0.015550 0.102297
v -0.128559 -0.013521 0.102297
v -0.127250 -0.015604 0.041459
v -0.134477 -0.012384 -0.047502
v -0.149920 -0.010584 -0.066480
v -0.107589 -0.008903 -0.048960
v -0.109897 -0.014516 -0.041295
v -0.131038 -0.014516 -0.041295
v -0.115782 -0.013521 0.000854
v -0.125153 -0.015550 0.000854
v -0.106459 -0.012388 -0.047491
v -0.115111 -0.015604 0.021166
v -0.118863 -0.015643 0.095635
v -0.138066 -0.010215 -0.050124
v -0.098394 -0.010626 -0.056844
v -0.128214 -0.013424 -0.035331
v -0.107459 -0.009072 -0.048247
v -0.126351 -0.013644 -0.027225
v -0.114903 -0.015604 0.108805
v -0.126032 -0.013467 0.108805
v -0.133341 -0.008907 -0.048953
v -0.125086 -0.013467 0.007638
v -0.115849 -0.015604 0.007638
v -0.130636 -0.012610 -0.040529
v -0.123628 -0.013444 -0.043729
v -0.113387 -0.013637 0.038609
v -0.133910 -0.008732 -0.050382
v -0.124379 -0.015649 0.098854
v -0.124345 -0.013429 0.098881
v -0.116590 -0.015643 0.098881
v -0.102575 -0.008566 -0.053354
v -0.110299 -0.012610 -0.040529
v -0.123483 -0.013467 0.111127
v -0.125250 -0.009509 -0.046444
v -0.124383 -0.013442 0.006029
v -0.123104 -0.013463 0.102548
v -0.104124 -0.008638 -0.051125
v -0.122162 -0.010736 -0.048398
v -0.120468 -0.012442 -0.045659
v -0.135967 -0.010323 -0.047679
v -0.109300 -0.012094 -0.042272
v -0.148268 -0.008563 -0.063296
v -0.137722 -0.008700 -0.049732
v -0.114620 -0.014161 0.022012
v -0.126315 -0.014910 0.022012
v -0.132569 -0.011574 -0.043819
v -0.116062 -0.013467 -0.011353
v -0.124873 -0.015604 -0.011353
v -0.123570 -0.015608 0.101943
v -0.123570 -0.013463 0.101943
v -0.116670 -0.015643 0.101034
v -0.114176 -0.014911 -0.028877
v -0.111806 -0.008306 -0.111857
v -0.124849 -0.013467 -0.005565
v -0.113898 -0.015544 -0.035605
v -0.123767 -0.013879 0.101154
v -0.117169 -0.015192 0.101154
v -0.115867 -0.015604 -0.019674
v -0.125069 -0.013467 -0.019674
v -0.103371 -0.008447 -0.108465
v -0.123425 -0.015209 0.097674
v -0.115225 -0.013436 -0.033698
v -0.119783 -0.015209 0.103362
v -0.116790 -0.015617 -0.033874
v -0.121455 -0.015605 0.111792
v -0.117953 -0.013853 0.097117
v -0.122982 -0.013853 0.097116
v -0.116483 -0.013388 -0.035307
v -0.117503 -0.012062 -0.041432
v -0.119269 -0.013428 0.103995
v -0.116133 -0.013456 0.110100
v -0.113809 -0.013521 0.034680
v -0.127127 -0.015550 0.034680
v -0.128841 -0.009875 -0.046225
v -0.141861 -0.008359 -0.068432
v -0.128582 -0.015465 -0.035615
v -0.113275 -0.013641 -0.032156
v -0.129477 -0.014689 -0.037302
v -0.127512 -0.008304 -0.060754
v -0.128054 -0.013521 0.048183
v -0.112882 -0.015550 0.048183
v -0.120468 -0.014031 -0.042257
v -0.129786 -0.010691 -0.050351
v -0.126573 -0.015390 -0.037382
v -0.128181 -0.014896 -0.033818
v -0.112091 -0.009872 -0.046230
v -0.114676 -0.013468 -0.028796
v -0.099074 -0.008359 -0.068432
v -0.126759 -0.014911 -0.028877
v -0.115867 -0.013467 -0.019674
v -0.136497 -0.010562 -0.109073
v -0.122788 -0.015643 0.096006
v -0.129287 -0.013521 0.096511
v -0.111648 -0.015550 0.096511
v -0.113585 -0.012436 -0.046245
v -0.128777 -0.014839 -0.035530
v -0.127154 -0.015431 -0.030510
v -0.105875 -0.011248 -0.046943
v -0.116734 -0.013463 0.099741
v -0.124201 -0.015608 0.099741
v -0.116734 -0.015608 0.099741
v -0.124201 -0.013463 0.099741
v -0.131238 -0.014408 -0.041273
v -0.111443 -0.014326 -0.037227
v -0.097469 -0.008519 -0.057849
v -0.125069 -0.015604 -0.019674
v -0.129457 -0.015550 0.093265
v -0.111479 -0.013521 0.093265
v -0.113650 -0.014159 0.034674
v -0.101792 -0.010598 -0.107119
v -0.110625 -0.014401 -0.039152
v -0.130214 -0.010832 -0.045081
v -0.104987 -0.008733 -0.049745
v -0.113318 -0.015418 -0.032118
v -0.115127 -0.014159 0.014375
v -0.125809 -0.014912 0.014375
v -0.113750 -0.014909 -0.030501
v -0.149460 -0.010623 -0.069183
v -0.153213 -0.009953 -0.084223
v -0.115694 -0.014912 -0.011384
v -0.125241 -0.014159 -0.011384
v -0.087723 -0.009953 -0.084223
v -0.129140 -0.013466 0.089953
v -0.125421 -0.013644 -0.019632
v -0.093348 -0.008483 -0.095968
v -0.087518 -0.009953 -0.081296
v -0.115124 -0.014912 -0.024114
v -0.125812 -0.014159 -0.024114
v -0.153368 -0.009200 -0.078369
v -0.152736 -0.009200 -0.087152
v -0.087567 -0.009200 -0.078369
v -0.114265 -0.015608 -0.033633
v -0.125468 -0.014159 0.007609
v -0.115467 -0.014912 0.007609
v -0.125475 -0.013521 -0.022222
v -0.128227 -0.014159 0.048177
v -0.115460 -0.015550 -0.022222
v -0.088199 -0.009200 -0.087152
v -0.087882 -0.009953 -0.075442
v -0.115655 -0.014159 0.000843
v -0.125280 -0.014912 0.000843
v -0.115606 -0.014159 -0.016193
v -0.125329 -0.014912 -0.016193
v -0.153054 -0.009953 -0.075442
v -0.153427 -0.009200 -0.081297
v -0.103250 -0.010637 -0.050097
v -0.128628 -0.014159 0.054858
v -0.112307 -0.014912 0.054858
v -0.125608 -0.014159 -0.022229
v -0.115328 -0.014912 -0.022229
v -0.137757 -0.008634 -0.050365
v -0.106336 -0.012025 -0.046798
v -0.113371 -0.015088 0.038461
v -0.120468 -0.014912 0.112434
v -0.135388 -0.010519 -0.062946
v -0.126069 -0.014912 -0.025686
v -0.114867 -0.014159 -0.025686
v -0.111710 -0.009765 -0.112766
v -0.133211 -0.008380 -0.110697
v -0.116031 -0.009710 -0.113641
v -0.138330 -0.010598 -0.050811
v -0.120468 -0.010413 -0.108566
v -0.151955 -0.009200 -0.090080
v -0.118870 -0.014912 0.112265
v -0.122065 -0.014159 0.112265
v -0.124904 -0.009710 -0.113641
v -0.129226 -0.009765 -0.112766
v -0.120468 -0.009686 -0.113949
v -0.099181 -0.009954 -0.054264
v -0.125153 -0.013521 0.000854
v -0.115782 -0.015550 0.000854
v -0.107611 -0.009079 -0.111375
v -0.114462 -0.010491 -0.059788
v -0.138615 -0.008735 -0.050565
v -0.152526 -0.009200 -0.072514
v -0.126474 -0.010491 -0.059787
v -0.133316 -0.009832 -0.111370
v -0.088409 -0.009200 -0.072514
v -0.088990 -0.009953 -0.090078
v -0.117002 -0.015608 0.098225
v -0.123934 -0.013463 0.098225
v -0.117002 -0.013463 0.098225
v -0.123934 -0.015608 0.098225
v -0.094552 -0.008399 -0.077647
v -0.094870 -0.008570 -0.060006
v -0.122480 -0.015105 -0.039007
v -0.137060 -0.009893 -0.109504
v -0.093678 -0.008555 -0.098878
v -0.123604 -0.014159 0.111716
v -0.117332 -0.014912 0.111716
v -0.111965 -0.014159 0.061453
v -0.128971 -0.014912 0.061453
v -0.137952 -0.009162 -0.049825
v -0.150866 -0.009200 -0.093008
v -0.103866 -0.009139 -0.109509
v -0.136953 -0.010563 -0.049069
v -0.107118 -0.012434 -0.047386
v -0.090078 -0.009953 -0.093005
v -0.089254 -0.009200 -0.069552
v -0.147257 -0.008555 -0.098878
v -0.117365 -0.015608 0.101943
v -0.151149 -0.008556 -0.069486
v -0.117365 -0.013463 0.101943
v -0.132415 -0.012699 -0.042669
v -0.151674 -0.009953 -0.069558
v -0.123681 -0.011544 -0.042668
v -0.096845 -0.009952 -0.057036
v -0.127907 -0.012432 -0.046327
v -0.089787 -0.008556 -0.069486
v -0.136977 -0.009589 -0.048757
v -0.135478 -0.008427 -0.057994
v -0.140351 -0.009176 -0.107219
v -0.100731 -0.008458 -0.058797
v -0.100584 -0.009176 -0.107219
v -0.124873 -0.015611 0.000861
v -0.133466 -0.009079 -0.048236
v -0.149459 -0.009200 -0.095936
v -0.091476 -0.009200 -0.095936
v -0.106961 -0.012251 -0.047705
v -0.125024 -0.014159 0.110744
v -0.117254 -0.011544 -0.042668
v -0.115911 -0.014912 0.110744
v -0.090489 -0.009953 -0.066535
v -0.111690 -0.014159 0.067934
v -0.129246 -0.014912 0.067934
v -0.138359 -0.008567 -0.053352
v -0.143189 -0.009947 -0.104605
v -0.147713 -0.009953 -0.098858
v -0.097746 -0.009947 -0.104605
v -0.098886 -0.008355 -0.089922
v -0.145420 -0.008382 -0.084041
v -0.093222 -0.009953 -0.098858
v -0.116124 -0.010794 -0.047857
v -0.095288 -0.009200 -0.101790
v -0.111835 -0.015428 0.099433
v -0.129101 -0.013643 0.099433
v -0.145647 -0.009200 -0.101790
v -0.124266 -0.013428 0.101034
v -0.105843 -0.008599 -0.052643
v -0.135910 -0.011044 -0.048072
v -0.150446 -0.009953 -0.066535
v -0.115159 -0.013258 -0.036932
v -0.094405 -0.010468 -0.060230
v -0.107567 -0.012477 -0.044484
v -0.134701 -0.008323 -0.062810
v -0.112259 -0.014159 0.102348
v -0.128676 -0.014912 0.102348
v -0.146071 -0.010581 -0.060139
v -0.133510 -0.012563 -0.047058
v -0.107237 -0.010869 -0.045732
v -0.131667 -0.013725 -0.041766
v -0.114587 -0.015428 -0.027219
v -0.144103 -0.010466 -0.057127
v -0.129420 -0.014159 0.096449
v -0.111515 -0.014912 0.096449
v -0.114668 -0.014159 0.109309
v -0.126267 -0.014912 0.109309
v -0.127592 -0.014901 0.038793
v -0.122536 -0.015608 0.103031
v -0.118399 -0.013463 0.103031
v -0.147231 -0.010585 -0.098866
v -0.126202 -0.013468 -0.028528
v -0.133997 -0.010712 -0.046147
v -0.111861 -0.013461 0.094990
v -0.106555 -0.009191 -0.048125
v -0.094865 -0.010581 -0.060139
v -0.115262 -0.013521 0.014385
v -0.125673 -0.015550 0.014385
v -0.093704 -0.010585 -0.098866
v -0.128070 -0.014159 0.105015
v -0.112866 -0.014912 0.105015
v -0.133419 -0.011715 -0.044038
v -0.137670 -0.009986 -0.049648
v -0.089530 -0.008481 -0.080983
v -0.133297 -0.010516 -0.110592
v -0.089808 -0.010584 -0.069502
v -0.090588 -0.008555 -0.093009
v -0.121288 -0.015643 0.095417
v -0.146532 -0.009952 -0.060168
v -0.111394 -0.015056 -0.039337
v -0.104452 -0.009947 -0.048232
v -0.151128 -0.010584 -0.069502
v -0.141742 -0.009215 -0.054170
v -0.129600 -0.014912 0.093149
v -0.111335 -0.014159 0.093149
v -0.127274 -0.014159 0.107367
v -0.113661 -0.014912 0.107367
v -0.150348 -0.008555 -0.093009
v -0.135783 -0.011671 -0.048396
v -0.135130 -0.010493 -0.092986
v -0.110910 -0.008391 -0.057569
v -0.127808 -0.014601 -0.041042
v -0.126032 -0.015604 0.108805
v -0.114894 -0.013461 0.108705
v -0.113127 -0.014601 -0.041042
v -0.127645 -0.013467 -0.033700
v -0.127185 -0.014909 -0.030501
v -0.113113 -0.012634 -0.045925
v -0.121890 -0.013463 0.103385
v -0.119046 -0.015608 0.103385
v -0.129583 -0.015429 0.080111
v -0.111353 -0.013642 0.080105
v -0.128888 -0.010779 -0.048374
v -0.125349 -0.009168 -0.047423
v -0.102312 -0.008728 -0.050575
v -0.115584 -0.009167 -0.047425
v -0.136875 -0.011042 -0.049209
v -0.122564 -0.015608 0.096444
v -0.122564 -0.013463 0.096444
v -0.118371 -0.015608 0.096444
v -0.118371 -0.013463 0.096444
v -0.111275 -0.015429 0.089392
v -0.130346 -0.013689 -0.038948
v -0.121192 -0.015608 0.103603
v -0.119744 -0.013463 0.103603
v -0.123433 -0.012062 -0.041432
v -0.133198 -0.011619 -0.043945
v -0.111267 -0.014159 0.085033
v -0.129669 -0.014912 0.085033
v -0.114587 -0.008221 -0.104220
v -0.126349 -0.008221 -0.104220
v -0.125089 -0.015550 -0.005586
v -0.115847 -0.013521 -0.005586
v -0.105211 -0.010684 -0.050292
v -0.107943 -0.013346 -0.044927
v -0.107738 -0.011619 -0.043945
v -0.121203 -0.015608 0.095882
v -0.119732 -0.015608 0.095882
v -0.121203 -0.013463 0.095882
v -0.119732 -0.013463 0.095882
v -0.125475 -0.015550 -0.022222
v -0.115460 -0.013521 -0.022222
v -0.088748 -0.008556 -0.087138
v -0.151126 -0.010622 -0.078475
v -0.129091 -0.015610 0.093579
v -0.140707 -0.010633 -0.054601
v -0.152188 -0.008555 -0.087138
v -0.103167 -0.008625 -0.050420
v -0.150323 -0.010585 -0.093001
v -0.090613 -0.010585 -0.093001
v -0.116026 -0.013442 0.018334
v -0.129500 -0.013962 -0.037152
v -0.115726 -0.013004 -0.038523
v -0.123483 -0.015604 0.111127
v -0.124061 -0.012490 -0.045767
v -0.119482 -0.013467 0.111793
v -0.128271 -0.015611 0.102194
v -0.108482 -0.010499 -0.110997
v -0.110490 -0.010696 -0.045407
v -0.114823 -0.015550 0.021150
v -0.126113 -0.013521 0.021150
v -0.134727 -0.010760 -0.046318
v -0.115821 -0.015550 -0.011373
v -0.125115 -0.013521 -0.011373
v -0.104450 -0.010793 -0.049563
v -0.116945 -0.012493 -0.045757
v -0.108668 -0.013827 -0.043197
v -0.112731 -0.015607 0.057666
v -0.128212 -0.013466 0.057363
v -0.128753 -0.013603 -0.035289
v -0.107073 -0.008300 -0.103864
v -0.143649 -0.008581 -0.056826
v -0.124265 -0.015643 0.101033
v -0.116671 -0.013428 0.101032
v -0.088068 -0.008556 -0.081266
v -0.133978 -0.012253 -0.047703
v -0.152164 -0.010585 -0.087133
v -0.115734 -0.015550 -0.016183
v -0.125202 -0.013521 -0.016183
v -0.120497 -0.015625 0.111109
v -0.152867 -0.008556 -0.081266
v -0.088772 -0.010585 -0.087133
v -0.115178 -0.010643 -0.051900
v -0.114342 -0.013440 -0.044011
v -0.126594 -0.013440 -0.044011
v -0.100626 -0.008513 -0.056190
v -0.109438 -0.013942 -0.043292
v -0.135239 -0.010691 -0.046774
v -0.113308 -0.010576 -0.045122
v -0.112774 -0.008864 -0.049178
v -0.103156 -0.009696 -0.049711
v -0.103952 -0.010214 -0.048972
v -0.110590 -0.013689 -0.038948
v -0.130608 -0.010583 -0.045630
v -0.106001 -0.011957 -0.047463
v -0.127850 -0.012629 -0.045937
v -0.134850 -0.011977 -0.047317
v -0.118206 -0.015605 0.111494
v -0.120442 -0.010595 -0.044484
v -0.134264 -0.010506 -0.046526
v -0.135940 -0.008739 -0.049737
v -0.124767 -0.013432 0.106811
v -0.124805 -0.015634 0.019156
v -0.112337 -0.013464 0.066644
v -0.111417 -0.015551 0.089555
v -0.127738 -0.013467 0.104682
v -0.129518 -0.013521 0.089555
v -0.113198 -0.015604 0.104682
v -0.151250 -0.008483 -0.078223
v -0.105853 -0.011948 -0.047712
v -0.127634 -0.013643 -0.032064
v -0.132308 -0.013645 -0.043116
v -0.138076 -0.010506 -0.050220
v -0.141970 -0.008449 -0.060514
v -0.106235 -0.008323 -0.062810
v -0.129305 -0.008309 -0.111840
v -0.119103 -0.012576 -0.039949
v -0.117215 -0.015644 0.096859
v -0.125791 -0.013645 0.014501
v -0.153388 -0.010473 -0.081283
v -0.123218 -0.008362 -0.057401
v -0.152509 -0.008556 -0.075394
v -0.152699 -0.010474 -0.087132
v -0.153203 -0.008679 -0.084224
v -0.099594 -0.008595 -0.054010
v -0.091632 -0.010623 -0.067969
v -0.140309 -0.008513 -0.056190
v -0.087528 -0.008679 -0.081278
v -0.110694 -0.012426 -0.046741
v -0.115746 -0.013645 -0.005715
v -0.125189 -0.015426 -0.005715
v -0.116170 -0.015397 -0.037349
v -0.093275 -0.008492 -0.064361
v -0.113171 -0.013840 0.041440
v -0.127564 -0.013851 0.038545
v -0.152843 -0.010585 -0.081265
v -0.134971 -0.011301 -0.046818
v -0.088092 -0.010585 -0.081265
v -0.128614 -0.015429 0.055035
v -0.139486 -0.010600 -0.106893
v -0.116029 -0.008257 -0.112595
v -0.127580 -0.010569 -0.045126
v -0.114182 -0.013644 -0.028946
v -0.128126 -0.015522 -0.035655
v -0.111694 -0.008494 -0.112744
v -0.132993 -0.013346 -0.044927
v -0.112751 -0.013639 -0.033758
v -0.120451 -0.008414 -0.113929
v -0.118882 -0.013642 0.112243
v -0.107647 -0.010350 -0.111351
v -0.131853 -0.010602 -0.055150
v -0.109083 -0.010602 -0.055150
v -0.117345 -0.013642 0.111697
v -0.088446 -0.010474 -0.072530
v -0.111319 -0.013030 -0.038728
v -0.123591 -0.015429 0.111697
v -0.112866 -0.015635 0.096042
v -0.143284 -0.008407 -0.097059
v -0.150836 -0.010474 -0.092979
v -0.090085 -0.008680 -0.093004
v -0.104065 -0.008726 -0.049417
v -0.117658 -0.013429 0.102877
v -0.117658 -0.015643 0.102877
v -0.116764 -0.010578 -0.044697
v -0.112786 -0.013417 -0.035324
v -0.131356 -0.013239 -0.040836
v -0.123756 -0.013879 0.098308
v -0.117180 -0.015192 0.098308
v -0.121976 -0.013459 0.111590
v -0.092525 -0.010624 -0.094109
v -0.116963 -0.013876 0.100474
v -0.123973 -0.015196 0.100474
v -0.111992 -0.015430 0.061376
v -0.136700 -0.010706 -0.049897
v -0.128591 -0.015608 0.066631
v -0.117518 -0.015192 0.097667
v -0.117957 -0.015188 0.097120
v -0.121808 -0.015191 0.103158
v -0.119118 -0.015192 0.096335
v -0.151667 -0.008680 -0.069559
v -0.119128 -0.013880 0.103158
v -0.124048 -0.013882 0.099731
v -0.116887 -0.015189 0.099731
v -0.137062 -0.008622 -0.109495
v -0.107343 -0.011629 -0.044307
v -0.100621 -0.010446 -0.107197
v -0.103282 -0.008890 -0.049461
v -0.113198 -0.013467 0.104682
v -0.127404 -0.015604 0.105899
v -0.116530 -0.013440 -0.023910
v -0.130818 -0.008638 -0.051863
v -0.103941 -0.008287 -0.072961
v -0.129218 -0.013642 0.067753
v -0.091516 -0.010474 -0.095928
v -0.117802 -0.014612 -0.040755
v -0.090505 -0.008681 -0.066506
v -0.123065 -0.008487 -0.054032
v -0.115006 -0.013521 -0.025684
v -0.125210 -0.013004 -0.038523
v -0.111313 -0.008501 -0.054353
v -0.095325 -0.010473 -0.101772
v -0.131870 -0.008501 -0.054736
v -0.096939 -0.008697 -0.056846
v -0.128497 -0.013467 0.101245
v -0.112147 -0.014470 -0.035479
v -0.093228 -0.008679 -0.098862
v -0.097745 -0.008674 -0.104602
v -0.126390 -0.014536 -0.027272
v -0.143190 -0.008674 -0.104602
v -0.119269 -0.015643 0.103994
v -0.147707 -0.008679 -0.098863
v -0.129094 -0.015428 0.099487
v -0.148747 -0.008684 -0.063385
v -0.115717 -0.014536 -0.005597
v -0.125219 -0.014536 -0.005597
v -0.127666 -0.014529 -0.032132
v -0.112934 -0.015527 -0.033870
v -0.125453 -0.014536 -0.019699
v -0.115482 -0.014536 -0.019699
v -0.112278 -0.015427 0.102342
v -0.148058 -0.008481 -0.065643
v -0.120473 -0.008236 -0.112901
v -0.114546 -0.014536 -0.027272
v -0.114853 -0.015550 -0.026550
v -0.125731 -0.013521 -0.024546
v -0.125195 -0.015604 0.010813
v -0.115741 -0.013467 0.010817
v -0.107364 -0.010489 -0.098608
v -0.112885 -0.013644 0.105015
v -0.128051 -0.015427 0.105015
v -0.112855 -0.008240 -0.065649
v -0.113361 -0.012072 -0.041743
v -0.111819 -0.008653 -0.051524
v -0.104925 -0.008381 -0.107711
v -0.126257 -0.013642 0.109290
v -0.124393 -0.014035 -0.042382
v -0.131155 -0.008271 -0.104769
v -0.146507 -0.008689 -0.060094
v -0.104721 -0.010715 -0.048265
v -0.136932 -0.008737 -0.049421
v -0.105667 -0.010669 -0.046810
v -0.094400 -0.009578 -0.060145
v -0.115773 -0.015097 -0.039113
v -0.134655 -0.011721 -0.046586
v -0.116107 -0.015610 0.110146
v -0.124829 -0.013462 0.110146
v -0.136808 -0.008641 -0.051120
v -0.129581 -0.013641 0.093170
v -0.113678 -0.013642 0.107359
v -0.104343 -0.010666 -0.051789
v -0.103663 -0.009686 -0.049143
v -0.116911 -0.015635 0.003286
v -0.114495 -0.013521 -0.028189
v -0.103478 -0.008805 -0.049369
v -0.123168 -0.012576 -0.040001
v -0.137441 -0.008819 -0.049350
v -0.092172 -0.009577 -0.063404
v -0.113269 -0.014529 -0.032132
v -0.129466 -0.015550 0.082430
v -0.120468 -0.010448 -0.061879
v -0.126377 -0.013521 -0.027918
v -0.123686 -0.015628 -0.033524
v -0.114645 -0.015220 0.021825
v -0.126291 -0.013851 0.021824
v -0.098036 -0.008428 -0.100128
v -0.111814 -0.014536 0.099461
v -0.129122 -0.014536 0.099461
v -0.131678 -0.013391 -0.041586
v -0.146803 -0.010624 -0.063165
v -0.136975 -0.010220 -0.048962
v -0.104373 -0.011048 -0.048871
v -0.150324 -0.008477 -0.072399
v -0.128896 -0.015604 0.098124
v -0.144091 -0.009580 -0.057001
v -0.142464 -0.010617 -0.103960
v -0.109137 -0.009895 -0.046717
v -0.102900 -0.010271 -0.050105
v -0.135027 -0.012116 -0.047806
v -0.116887 -0.013880 0.099748
v -0.124048 -0.015191 0.099748
v -0.106954 -0.010506 -0.063127
v -0.116099 -0.015607 -0.005560
v -0.129456 -0.014536 0.074133
v -0.111479 -0.014536 0.074133
v -0.122536 -0.010626 -0.052098
v -0.113645 -0.013520 -0.031402
v -0.106349 -0.011452 -0.046165
v -0.135661 -0.008375 -0.107879
v -0.136359 -0.011065 -0.048644
v -0.121824 -0.013879 0.103151
v -0.119111 -0.015193 0.103151
v -0.121834 -0.015191 0.096342
v -0.117173 -0.013877 0.098326
v -0.119101 -0.013880 0.096342
v -0.123763 -0.015194 0.098326
v -0.115189 -0.010413 -0.112509
v -0.126968 -0.013461 0.106877
v -0.128676 -0.013521 0.058993
v -0.112260 -0.015550 0.058996
v -0.120468 -0.013855 0.103433
v -0.118494 -0.015209 0.096669
v -0.120468 -0.013875 0.096057
v -0.121160 -0.013878 0.103358
v -0.148764 -0.009577 -0.063404
v -0.119765 -0.013879 0.096133
v -0.121161 -0.015209 0.096129
v -0.110446 -0.014562 -0.041291
v -0.117508 -0.013877 0.097682
v -0.117505 -0.015208 0.101808
v -0.118511 -0.013879 0.102829
v -0.123430 -0.013863 0.101808
v -0.134998 -0.010843 -0.046466
v -0.122433 -0.013877 0.096666
v -0.122425 -0.015193 0.102829
v -0.123977 -0.013878 0.100455
v -0.116959 -0.015194 0.100455
v -0.116961 -0.013876 0.099024
v -0.123974 -0.015195 0.099024
v -0.098388 -0.008478 -0.103829
v -0.121474 -0.014611 -0.040702
v -0.124641 -0.010893 -0.047516
v -0.137314 -0.010731 -0.049734
v -0.122981 -0.015198 0.102372
v -0.117954 -0.013874 0.102372
v -0.126846 -0.015548 -0.029848
v -0.036953 0.011723 0.165856
v 0.172544 0.012661 0.177478
v -0.175199 0.012780 0.176772
v 0.172544 0.027344 0.154234
v -0.175092 0.027635 0.155477
v 0.113112 0.011723 0.171128
v -0.124116 0.011723 0.169584
v -0.174364 0.027871 0.176709
v 0.101244 0.011898 0.155477
v -0.174364 0.012701 0.154327
v 0.173568 0.012659 0.154953
v 0.172768 0.027871 0.176709
v 0.116014 0.011823 0.156488
v 0.110210 0.011823 0.156488
v 0.116756 0.011723 0.162128
v 0.113112 -0.035715 0.160747
v -0.043578 0.011898 0.176235
v -0.051648 0.011814 0.174637
v -0.117602 0.011823 0.175223
v -0.116868 0.011723 0.162128
v -0.116983 -0.035715 0.169466
v 0.113112 -0.035715 0.170965
v -0.124001 -0.035715 0.162246
v -0.119899 -0.017504 0.172494
v -0.124621 -0.016194 0.171066
v -0.114712 -0.016848 0.168891
v -0.117492 0.011898 0.155477
v -0.032433 0.011814 0.157102
v -0.045702 0.011723 0.169584
v -0.037111 -0.035715 0.165856
v -0.045587 -0.035715 0.162246
v -0.115254 -0.014776 0.162630
v -0.120402 -0.019096 0.105469
v 0.119249 -0.012537 0.164434
v 0.113957 -0.019771 0.114084
v 0.118232 -0.013292 0.169687
v 0.115073 -0.012197 0.120428
v 0.113363 -0.011285 0.115360
v 0.111999 -0.014990 0.111725
v 0.106603 -0.013395 0.166937
v -0.123297 -0.012944 0.109190
v -0.122732 -0.011117 0.109840
v -0.122279 -0.014741 0.101735
v -0.126890 -0.015555 0.165551
v -0.116996 -0.016385 0.169081
v 0.112724 -0.020273 0.117298
v -0.120458 -0.015522 0.101672
v 0.108369 0.011723 0.163845
v 0.111043 -0.012835 0.170262
v 0.112437 -0.012818 0.172499
v 0.117271 -0.012244 0.168624
v -0.043025 -0.035715 0.170762
v -0.119909 -0.017888 0.110357
v -0.123412 -0.016951 0.169663
v 0.112073 -0.019394 0.113404
v 0.108127 -0.014689 0.157623
v -0.122476 -0.011698 0.104861
v 0.113017 -0.015212 0.113444
v 0.109913 -0.013866 0.171524
v -0.045702 0.011723 0.162128
v -0.113908 -0.015835 0.164526
v 0.118102 -0.035715 0.165856
v -0.108137 0.011798 0.170703
v -0.124116 0.011723 0.162128
v -0.116868 0.011723 0.169584
v -0.121116 -0.015819 0.171413
v -0.116983 -0.035715 0.162246
v -0.124001 -0.035715 0.169466
v -0.123864 -0.011630 0.109166
v 0.108166 -0.012733 0.159612
v 0.114707 -0.011612 0.115039
v 0.112968 -0.018331 0.114470
v -0.125055 -0.016639 0.166523
v 0.115022 -0.020217 0.124857
v 0.110100 0.011898 0.176235
v 0.114251 -0.014038 0.171185
v 0.109583 -0.035715 0.162246
v 0.113526 -0.012988 0.115712
v -0.116199 -0.015733 0.170071
v 0.107015 -0.012128 0.166214
v -0.119164 -0.019117 0.107017
v -0.040123 0.011723 0.161001
v -0.122167 -0.012429 0.109879
v -0.115509 -0.016570 0.160955
v -0.118596 -0.018378 0.110165
v 0.118374 -0.012912 0.156638
v 0.116777 -0.013555 0.168421
v -0.124130 -0.015589 0.169642
v 0.110117 -0.012174 0.171215
v 0.111667 -0.014935 0.113123
v -0.122075 -0.016105 0.101883
v 0.109468 0.011723 0.169584
v -0.124537 -0.017466 0.170392
v -0.120539 -0.014967 0.102633
v -0.174345 0.026889 0.154085
v 0.173732 0.013167 0.176772
v -0.175406 0.027124 0.176493
v 0.173496 0.027635 0.155477
v -0.126520 -0.016959 0.166003
v 0.115134 -0.013256 0.172130
v -0.120168 -0.016526 0.172753
v -0.116497 -0.015019 0.149778
v -0.038569 -0.035715 0.162246
v 0.111732 -0.012380 0.131365
v -0.115866 -0.015954 0.165712
v 0.114301 -0.012401 0.170593
v -0.121930 -0.013416 0.105567
v -0.120225 -0.017081 0.170831
v -0.032447 0.011814 0.174637
v -0.175406 0.012882 0.155219
v 0.173218 0.026838 0.177385
v -0.039188 0.011823 0.175223
v -0.038454 0.011723 0.169584
v 0.118260 0.011723 0.165856
v 0.113602 -0.013416 0.127465
v 0.118639 -0.013733 0.168517
v -0.115360 -0.017533 0.168558
v -0.174294 0.012134 0.176772
v -0.047045 -0.035715 0.165856
v 0.108437 -0.013579 0.167245
v -0.120401 -0.019214 0.110370
v 0.172768 0.013126 0.154158
v 0.114644 -0.019255 0.118567
v 0.109583 -0.035715 0.169466
v 0.106540 -0.012863 0.162546
v 0.113027 -0.012041 0.116090
v 0.117955 -0.016058 0.144713
v -0.116660 -0.017470 0.171048
v -0.121331 -0.013301 0.102734
v 0.112514 -0.013235 0.112463
v -0.123294 -0.013167 0.105277
v 0.108006 -0.013356 0.170091
v -0.125496 -0.015241 0.166012
v -0.119980 -0.017226 0.106039
v 0.113565 -0.020511 0.120906
v 0.113130 -0.020332 0.114042
v 0.117714 -0.012450 0.160780
v -0.120379 -0.016801 0.102064
v -0.114861 -0.015124 0.153773
v 0.113534 -0.018742 0.117270
v 0.109332 -0.012271 0.169199
v 0.108990 -0.013574 0.157730
v 0.113959 -0.011726 0.127603
v -0.117842 -0.019036 0.117310
v 0.117190 -0.014079 0.169976
v -0.174364 0.027305 0.177385
v -0.174345 0.013116 0.177627
v 0.108331 -0.014361 0.151408
v 0.114875 -0.011417 0.116071
v 0.113531 -0.015002 0.112613
v -0.122059 -0.015803 0.102838
v -0.121674 -0.017433 0.172355
v 0.125671 0.027957 0.154940
v 0.118366 -0.014262 0.160945
v -0.124419 -0.011660 0.118216
v -0.117538 -0.016860 0.141778
v -0.047203 0.011723 0.165856
v 0.112996 -0.015068 0.111706
v -0.126800 -0.016183 0.167255
v -0.120492 0.011723 0.160584
v 0.172768 0.012134 0.155003
v -0.120492 0.011723 0.171128
v -0.174364 0.012134 0.155003
v 0.111145 0.011723 0.161001
v -0.122031 -0.011880 0.109611
v -0.125617 0.011723 0.165856
v -0.115367 0.011723 0.165856
v -0.120492 -0.035715 0.170965
v -0.120492 -0.035715 0.160747
v 0.116756 0.011723 0.169584
v 0.113372 -0.013751 0.172267
v -0.120955 -0.017496 0.105918
v 0.107400 -0.013991 0.166832
v 0.116642 -0.035715 0.169466
v -0.038569 -0.035715 0.169466
v -0.174294 0.027871 0.154940
v 0.113863 -0.018737 0.114215
v -0.115988 -0.016882 0.149849
v 0.172699 0.012134 0.176772
v 0.108122 -0.035715 0.165856
v -0.115525 -0.035715 0.165856
v -0.125459 -0.035715 0.165856
v 0.114435 -0.020203 0.117033
v 0.116642 -0.035715 0.162246
v 0.173568 0.027346 0.176759
v 0.117382 -0.013137 0.162912
v 0.118133 -0.012364 0.169116
v -0.122836 -0.013022 0.109421
v 0.114511 -0.012655 0.114028
v -0.125690 -0.017207 0.167373
v -0.116687 -0.016057 0.171114
v -0.114190 -0.016861 0.164922
v 0.109292 -0.014068 0.170456
v -0.121272 -0.014597 0.101467
v 0.113112 0.011723 0.160584
v 0.113269 -0.018657 0.112404
v 0.112388 -0.019389 0.112903
v 0.113617 -0.012993 0.131637
v 0.110446 -0.013792 0.170191
v -0.045587 -0.035715 0.169466
v -0.124519 -0.014664 0.150791
v 0.113078 -0.012099 0.120325
v 0.114562 -0.012831 0.115901
v -0.119595 -0.019791 0.110241
v 0.113032 -0.013360 0.170591
v 0.110607 -0.012896 0.172158
v -0.124645 -0.014533 0.134398
v 0.108082 -0.012200 0.166596
v -0.116340 -0.016744 0.167726
v -0.119402 -0.017801 0.110294
v -0.119768 -0.017778 0.171504
v -0.114794 -0.016121 0.153805
v -0.043056 0.011723 0.170919
v 0.113842 -0.018687 0.124840
v -0.121558 -0.012196 0.104950
v -0.124927 -0.015693 0.170237
v -0.123426 -0.012059 0.105478
v 0.106929 -0.012348 0.167704
v -0.125437 -0.013161 0.130364
v -0.043025 -0.035715 0.160949
v 0.114111 -0.012080 0.171639
v -0.119526 -0.018654 0.105132
v 0.114045 -0.010944 0.116726
v -0.114820 -0.014693 0.161001
v -0.126752 -0.016009 0.158782
v -0.123205 -0.011010 0.109619
v 0.112205 -0.019015 0.114685
v 0.173388 0.027527 0.154940
v 0.114762 -0.012309 0.171927
v -0.121234 -0.015382 0.103214
v 0.173496 0.012370 0.176235
v -0.115212 -0.015926 0.169407
v 0.113757 -0.012090 0.113556
v -0.122989 -0.015928 0.171796
v -0.175164 0.013237 0.154608
v 0.111619 -0.015980 0.112081
v 0.113169 -0.016989 0.113606
v 0.107292 -0.014533 0.159602
v -0.115447 -0.016957 0.170212
v 0.119248 -0.013537 0.164460
v 0.119104 -0.012709 0.160733
v -0.119927 -0.015838 0.172021
v 0.112633 -0.013201 0.127341
v -0.175164 0.026769 0.177103
v -0.121249 -0.017294 0.102359
v -0.175469 0.026880 0.155477
v 0.112482 -0.016304 0.111587
v 0.114903 -0.018787 0.133018
v -0.123814 -0.017580 0.170355
v 0.116225 -0.018424 0.136977
v -0.119097 -0.017059 0.170569
v 0.112647 -0.013480 0.114505
v -0.114233 -0.015612 0.166232
v -0.126428 -0.015267 0.166647
v 0.109272 -0.012686 0.151614
v -0.123190 -0.011039 0.109621
v -0.119614 -0.017263 0.105468
v 0.109264 -0.013424 0.171425
v -0.122574 -0.017011 0.170229
v 0.173874 0.026880 0.155477
v 0.111661 -0.014250 0.112823
v -0.118974 -0.016548 0.172567
v -0.115996 -0.014788 0.157963
v 0.118361 -0.012027 0.164909
v 0.172768 0.027305 0.177385
v 0.108263 -0.013861 0.162742
v -0.046633 0.011798 0.159259
v -0.123687 -0.012616 0.109067
v -0.043056 0.011723 0.160792
v 0.117404 -0.012777 0.170555
v -0.120492 0.028107 0.176235
v 0.107026 -0.013819 0.157443
v 0.114616 -0.011308 0.120427
v -0.115660 -0.016953 0.165826
v 0.173810 0.012661 0.155744
v -0.040185 -0.035715 0.170560
v -0.125845 -0.015945 0.169389
v -0.122138 -0.011922 0.109983
v 0.115368 -0.013453 0.169822
v 0.108369 0.011723 0.167867
v -0.116041 -0.017566 0.168813
v -0.120930 -0.016810 0.101792
v 0.118357 -0.014046 0.168109
v -0.123083 -0.011673 0.105435
v -0.174139 0.027344 0.154234
v -0.123893 -0.012134 0.109046
v 0.119044 -0.012642 0.167156
v -0.037358 0.011723 0.163845
v 0.113615 -0.020153 0.114013
v 0.106533 -0.013859 0.162642
v 0.115230 -0.018511 0.124638
v -0.125086 -0.015630 0.166390
v -0.119590 -0.018070 0.117422
v -0.114877 -0.016723 0.162371
v -0.124099 -0.011906 0.126434
v -0.175092 0.012370 0.176235
v 0.118678 -0.014262 0.152665
v -0.118241 -0.019246 0.121488
v 0.172768 0.012701 0.154327
v 0.113604 -0.014478 0.113464
v -0.120492 0.028107 0.155477
v -0.123185 -0.016868 0.172074
v 0.173205 0.026683 0.154234
v 0.116992 -0.013046 0.167738
v 0.113622 -0.018784 0.120782
v -0.118419 -0.017259 0.121347
v 0.173935 0.026889 0.176213
v 0.112179 -0.017108 0.113684
v 0.112151 -0.017928 0.112135
v 0.111574 -0.012399 0.170701
v -0.122500 -0.015201 0.102608
v 0.113067 -0.011617 0.115654
v -0.121424 -0.015598 0.101236
v -0.122026 -0.014083 0.101834
v 0.117526 -0.012563 0.163873
v 0.116827 -0.013756 0.170864
v 0.111212 -0.013391 0.172319
v -0.126803 -0.016630 0.166620
v -0.118692 -0.019373 0.110138
v 0.142012 0.026907 0.177667
v -0.175164 0.012370 0.155642
v 0.109093 -0.012129 0.170423
v -0.120261 -0.015689 0.102939
v -0.121741 -0.016088 0.101488
v 0.116881 -0.012562 0.168487
v -0.124811 -0.017149 0.170697
v 0.172750 0.013116 0.177627
v -0.175164 0.027635 0.176069
v -0.117289 -0.015775 0.170366
v -0.174364 0.026880 0.177554
v 0.107889 -0.012704 0.157551
v 0.111208 -0.035715 0.170560
v 0.117859 -0.012865 0.156666
v -0.116683 -0.015928 0.169113
v 0.109723 -0.014357 0.151656
v 0.113594 -0.020737 0.117131
v -0.123022 -0.012266 0.122373
v -0.117816 -0.017063 0.172107
v -0.120265 -0.015475 0.102189
v -0.040123 0.011723 0.170711
v 0.114238 -0.012162 0.127620
v -0.113915 -0.016427 0.164990
v -0.115477 -0.017377 0.169783
v -0.040185 -0.035715 0.161152
v -0.116000 -0.014885 0.149733
v -0.123297 -0.015977 0.169948
v -0.121126 -0.018507 0.105828
v 0.109604 -0.014508 0.147470
v 0.115182 -0.017047 0.136852
v 0.172761 0.028084 0.157147
v 0.117841 -0.013888 0.164879
v -0.121100 -0.017007 0.172706
v 0.117015 -0.017843 0.136785
v 0.113124 -0.012663 0.115673
v 0.112017 -0.013544 0.112642
v -0.122404 -0.013619 0.105461
v 0.114922 -0.012038 0.115293
v -0.175469 0.013126 0.176235
v 0.112521 -0.015176 0.113586
v -0.121982 -0.011777 0.104995
v 0.114056 -0.020666 0.120848
v -0.116487 -0.016749 0.149879
v 0.109468 0.011723 0.162128
v -0.174364 0.013126 0.154158
v 0.172761 0.011922 0.174565
v 0.113009 -0.011665 0.123365
v 0.107964 0.011723 0.165856
v 0.108963 -0.012046 0.169485
v 0.172768 0.028084 0.174557
v 0.107190 -0.013741 0.167938
v 0.142012 0.011898 0.155477
v -0.125460 -0.016994 0.166363
v 0.114930 -0.020205 0.120695
v -0.122713 -0.016485 0.170099
v 0.114390 -0.014007 0.171683
v 0.117246 -0.013963 0.168231
v -0.038454 0.011723 0.162128
v 0.108625 -0.013103 0.167168
v 0.115883 -0.019438 0.128826
v 0.107539 -0.012333 0.169026
v 0.118334 -0.012774 0.169405
v 0.112063 -0.019432 0.114352
v -0.122420 -0.012840 0.109663
v 0.114052 -0.013042 0.115778
v -0.118968 -0.017066 0.172567
v -0.123838 -0.016374 0.169046
v 0.113870 -0.011088 0.115378
v 0.114202 -0.019049 0.128979
v -0.123598 -0.013748 0.130422
v 0.108996 -0.012887 0.147419
v 0.110011 -0.014064 0.170408
v 0.107341 -0.012803 0.169115
v -0.119287 -0.018212 0.105256
v -0.116299 -0.016064 0.137502
v -0.123382 0.011823 0.156488
v -0.174336 0.011992 0.176235
v 0.119383 -0.013037 0.164454
v 0.108799 -0.013094 0.157693
v -0.119211 -0.017514 0.170888
v -0.123301 -0.012936 0.109202
v -0.115185 -0.015561 0.168243
v -0.121703 -0.015589 0.103147
v -0.115553 -0.015415 0.165152
v 0.117463 -0.013832 0.160947
v 0.113445 -0.016552 0.113111
v -0.115931 -0.016273 0.160998
v -0.174983 0.027527 0.154940
v 0.115529 -0.013875 0.170075
v -0.114512 -0.016285 0.168397
v -0.125147 -0.014407 0.134381
v -0.174364 0.011922 0.157155
v 0.113099 -0.019627 0.120911
v 0.173207 0.012659 0.177190
v 0.114222 -0.013381 0.170412
v -0.123486 -0.012627 0.105324
v 0.117715 -0.012171 0.168880
v -0.123053 0.011798 0.173381
v 0.112443 -0.012373 0.172234
v 0.118550 0.011798 0.170572
v 0.107522 -0.012045 0.166156
v 0.113919 -0.018841 0.113540
v -0.120429 -0.017991 0.103268
v -0.114402 -0.015456 0.157850
v 0.111145 0.011723 0.170711
v 0.115079 0.011723 0.170711
v -0.122447 0.011723 0.170711
v -0.118537 0.011723 0.161001
v -0.121194 -0.017938 0.105794
v 0.111208 -0.035715 0.161152
v 0.115079 0.011723 0.161001
v -0.118537 0.011723 0.170711
v -0.122447 0.011723 0.161001
v -0.037505 -0.035715 0.163909
v 0.112924 -0.019655 0.112949
v -0.046651 -0.035715 0.167803
v -0.125065 -0.035715 0.163909
v -0.115919 -0.035715 0.167803
v 0.117855 0.011723 0.163845
v -0.123979 -0.011391 0.118261
v 0.114779 -0.012896 0.170129
v 0.117855 0.011723 0.167867
v -0.125212 0.011723 0.167867
v 0.110764 -0.012154 0.170939
v -0.127005 -0.016088 0.166090
v -0.120858 -0.013950 0.102668
v 0.114309 -0.011284 0.115008
v -0.037358 0.011723 0.167867
v -0.046798 0.011723 0.163845
v -0.115772 0.011723 0.163845
v -0.125212 0.011723 0.163845
v -0.115772 0.011723 0.167867
v -0.046798 0.011723 0.167867
v -0.174800 0.026683 0.154234
v -0.125934 -0.015132 0.166571
v -0.123859 -0.015608 0.170688
v 0.115016 -0.035715 0.161152
v 0.106909 -0.012500 0.162532
v -0.122385 -0.035715 0.161152
v -0.118599 -0.035715 0.170560
v -0.121308 -0.017726 0.171984
v 0.115016 -0.035715 0.170560
v 0.173568 0.026769 0.177103
v -0.121954 -0.016063 0.170710
v -0.122385 -0.035715 0.170560
v -0.118599 -0.035715 0.161152
v 0.114560 -0.012742 0.172293
v 0.106524 -0.012884 0.166918
v 0.172750 0.026889 0.154085
v 0.108516 -0.035715 0.163909
v 0.117708 -0.035715 0.163909
v 0.112598 -0.014394 0.111736
v 0.108516 -0.035715 0.167803
v 0.117708 -0.035715 0.167803
v -0.115919 -0.035715 0.163909
v -0.125065 -0.035715 0.167803
v -0.046651 -0.035715 0.163909
v -0.037505 -0.035715 0.167803
v 0.114222 -0.012109 0.171074
v 0.110882 -0.013346 0.170169
v -0.123982 -0.012172 0.109305
v 0.125671 0.028107 0.155477
v 0.113601 -0.012847 0.116325
v 0.113691 -0.013257 0.123369
v 0.113516 -0.017635 0.112361
v 0.114916 -0.012689 0.120407
v 0.114895 -0.012451 0.115790
v -0.117099 -0.016918 0.169184
v 0.173874 0.013126 0.176235
v 0.112435 -0.018355 0.114296
v -0.174357 0.028084 0.157147
v -0.120046 -0.016563 0.170812
v -0.120075 -0.019612 0.110311
v -0.045309 -0.012966 0.109479
v -0.120745 -0.019064 0.106150
v 0.114032 -0.013137 0.127540
v 0.109902 -0.012454 0.171594
v -0.120773 -0.015240 0.103020
v -0.125037 -0.016096 0.165468
v 0.115417 -0.017165 0.132690
v -0.114398 -0.014989 0.160958
v 0.173568 0.013237 0.154608
v -0.122844 -0.013299 0.103130
v -0.125539 -0.013052 0.134471
v -0.116642 -0.017342 0.129417
v -0.121362 -0.017853 0.103598
v 0.142012 0.015672 0.153955
v -0.123383 -0.012959 0.109474
v 0.111574 -0.016845 0.112733
v 0.172699 0.027871 0.154940
v -0.120949 -0.015404 0.101304
v 0.113390 -0.015122 0.113096
v -0.122910 -0.013509 0.105389
v 0.109704 -0.013233 0.169144
v -0.121611 -0.012974 0.105658
v -0.122256 -0.011409 0.109718
v -0.174803 0.012659 0.177190
v 0.113431 -0.018283 0.114212
v -0.174580 0.012882 0.177478
v -0.121494 -0.012492 0.105510
v -0.120524 -0.017209 0.105937
v 0.113026 -0.012341 0.113256
v 0.108073 -0.013913 0.151372
v 0.118852 -0.012225 0.162805
v -0.122163 -0.012435 0.109868
v -0.118197 -0.019408 0.117368
v 0.114555 -0.020554 0.120771
v 0.112019 -0.015154 0.113453
v 0.112638 -0.018728 0.115181
v 0.111676 -0.014691 0.112153
v 0.108400 -0.013364 0.162702
v -0.116007 -0.015434 0.162617
v 0.113627 -0.011235 0.118891
v -0.119235 -0.017698 0.117363
v 0.108245 -0.013618 0.166212
v -0.118895 -0.017774 0.171801
v 0.112889 -0.012280 0.115376
v -0.115490 -0.016747 0.149803
v -0.115860 -0.016433 0.165431
v -0.116764 -0.016521 0.171479
v -0.117660 -0.015817 0.171236
v -0.118922 -0.017980 0.110223
v 0.116701 -0.018240 0.136891
v 0.112354 -0.012765 0.127324
v 0.173218 0.027871 0.176152
v 0.173218 0.012134 0.155559
v 0.113439 -0.019603 0.113084
v -0.122762 -0.012276 0.104020
v 0.108403 -0.012605 0.166564
v -0.124312 -0.014696 0.138500
v 0.110609 -0.014103 0.171359
v -0.175531 0.027037 0.175860
v 0.113215 -0.020131 0.120929
v -0.122840 -0.013014 0.109423
v -0.118484 -0.016514 0.170283
v 0.173935 0.013116 0.155499
v -0.122345 -0.011443 0.109969
v -0.122218 -0.015935 0.102363
v -0.124616 -0.017205 0.168593
v 0.113430 -0.014738 0.112172
v -0.115518 -0.014592 0.157926
v 0.116753 -0.014260 0.152829
v 0.113544 -0.013906 0.114389
v 0.116767 -0.012350 0.170726
v 0.117980 -0.014484 0.148595
v -0.122098 -0.012402 0.109676
v -0.119167 -0.017950 0.106148
v 0.107895 -0.014225 0.162756
v 0.118338 -0.014027 0.164915
v 0.116717 -0.013042 0.168383
v 0.108762 -0.012687 0.151523
v 0.113005 -0.016567 0.111742
v -0.114456 -0.017129 0.167107
v -0.175531 0.013413 0.155322
v 0.118806 -0.013249 0.168596
v -0.114659 -0.017180 0.165414
v -0.124080 -0.015870 0.169003
v -0.121622 -0.013703 0.102072
v -0.122343 -0.011445 0.109973
v 0.109262 -0.012908 0.171459
v 0.173810 0.027344 0.175967
v -0.124702 -0.016705 0.171081
v 0.113379 -0.013294 0.172511
v -0.174814 0.027527 0.176974
v 0.113798 -0.012963 0.112929
v -0.045745 -0.012654 0.109643
v -0.123932 -0.011657 0.109358
v 0.109033 -0.012625 0.168199
v -0.118771 -0.016101 0.172233
v 0.107217 -0.014299 0.157481
v 0.118070 -0.013771 0.169575
v -0.174364 0.028084 0.174557
v 0.112738 -0.014434 0.113963
v 0.116627 -0.014132 0.169806
v 0.118853 -0.014091 0.160900
v 0.117701 -0.014766 0.156972
v -0.121430 -0.016345 0.103896
v -0.126092 -0.016866 0.168746
v -0.123613 -0.013544 0.122249
v -0.121685 -0.016457 0.172571
v -0.117352 -0.017420 0.169784
v -0.115647 -0.016458 0.170481
v 0.112632 -0.020259 0.114163
v 0.117518 -0.013537 0.164378
v 0.116476 -0.013274 0.171394
v -0.123611 -0.011222 0.109366
v 0.108582 -0.013811 0.170362
v -0.115249 -0.014782 0.153790
v -0.123879 -0.011646 0.109157
v 0.112242 -0.013117 0.139707
v -0.119957 -0.018941 0.105113
v -0.116932 -0.017717 0.170683
v 0.111863 -0.011924 0.135550
v 0.114549 -0.011057 0.116695
v 0.112640 -0.016772 0.113707
v 0.108283 -0.013891 0.168002
v -0.117612 -0.016349 0.141742
v 0.115355 -0.017798 0.128653
v -0.115164 -0.017082 0.164888
v 0.115337 -0.019068 0.133013
v 0.115867 -0.012495 0.169644
v 0.112969 -0.011736 0.131602
v 0.111844 -0.017514 0.113452
v 0.106403 -0.013361 0.162586
v -0.115860 -0.015597 0.168547
v -0.174814 0.012478 0.154738
v -0.122126 -0.012447 0.103535
v 0.118201 -0.012279 0.160734
v 0.118685 -0.014772 0.152754
v -0.123139 -0.016353 0.172051
v -0.044782 -0.013025 0.109528
v -0.045634 -0.012617 0.109170
v -0.045634 -0.012617 0.109170
v -0.044782 -0.013025 0.109528
v 0.195431 0.027816 0.181581
v 0.195431 0.035715 0.147617
v 0.195431 0.035715 0.181581
v 0.163025 0.035715 0.181581
v 0.163025 0.035715 0.147617
v 0.163025 0.027816 0.147617
v 0.195431 0.027816 0.147617
v 0.191521 0.027816 0.164909
v 0.191345 0.035715 0.163911
v 0.191345 0.027816 0.163911
v 0.190838 0.035715 0.163034
v 0.190838 0.027816 0.163034
v 0.190062 0.035715 0.162383
v 0.190062 0.027816 0.162383
v 0.189110 0.035715 0.162036
v 0.189110 0.027816 0.162036
v 0.188097 0.035715 0.162036
v 0.188097 0.027816 0.162036
v 0.187145 0.027816 0.162383
v 0.187145 0.035715 0.162383
v 0.186369 0.027816 0.163034
v 0.186369 0.035715 0.163034
v 0.185863 0.027816 0.163911
v 0.185863 0.035715 0.163911
v 0.185687 0.027816 0.164909
v 0.185687 0.035715 0.164909
v 0.185863 0.027816 0.165906
v 0.185863 0.035715 0.165906
v 0.186369 0.027816 0.166784
v 0.186369 0.035715 0.166784
v 0.187145 0.027816 0.167435
v 0.187145 0.035715 0.167435
v 0.188097 0.027816 0.167781
v 0.188097 0.035715 0.167781
v 0.189110 0.027816 0.167781
v 0.190062 0.035715 0.167435
v 0.190062 0.027816 0.167435
v 0.190838 0.035715 0.166784
v 0.190838 0.027816 0.166784
v 0.191345 0.035715 0.165906
v 0.191345 0.027816 0.165906
v 0.191521 0.035715 0.164909
v 0.189110 0.035715 0.167781
v 0.163025 0.027816 0.181581
v -0.195431 0.027816 0.181581
v -0.195431 0.035715 0.147617
v -0.195431 0.035715 0.181581
v -0.163025 0.035715 0.181581
v -0.163025 0.027816 0.181581
v -0.163025 0.035715 0.147617
v -0.163025 0.027816 0.147617
v -0.195431 0.027816 0.147617
v -0.191521 0.027816 0.164909
v -0.191345 0.035715 0.163911
v -0.191345 0.027816 0.163911
v -0.190838 0.035715 0.163034
v -0.190838 0.027816 0.163034
v -0.190062 0.035715 0.162383
v -0.190062 0.027816 0.162383
v -0.189110 0.035715 0.162036
v -0.189110 0.027816 0.162036
v -0.188097 0.035715 0.162036
v -0.188097 0.027816 0.162036
v -0.187145 0.027816 0.162383
v -0.187145 0.035715 0.162383
v -0.186369 0.027816 0.163034
v -0.186369 0.035715 0.163034
v -0.185863 0.027816 0.163911
v -0.185863 0.035715 0.163911
v -0.185687 0.027816 0.164909
v -0.185687 0.035715 0.164909
v -0.185863 0.027816 0.165906
v -0.185863 0.035715 0.165906
v -0.186369 0.027816 0.166784
v -0.186369 0.035715 0.166784
v -0.187145 0.027816 0.167435
v -0.187145 0.035715 0.167435
v -0.188097 0.027816 0.167781
v -0.188097 0.035715 0.167781
v -0.189110 0.027816 0.167781
v -0.190062 0.035715 0.167435
v -0.190062 0.027816 0.167435
v -0.190838 0.035715 0.166784
v -0.190838 0.027816 0.166784
v -0.191345 0.035715 0.165906
v -0.191345 0.027816 0.165906
v -0.191521 0.035715 0.164909
v -0.189110 0.035715 0.167781
v 0.039154 -0.035715 0.170850
v 0.041819 0.011909 0.170042
v 0.041548 -0.035715 0.170155
v 0.043440 -0.035715 0.168420
v 0.043554 0.011909 0.168150
v 0.044249 0.011909 0.165755
v 0.044249 -0.035715 0.165495
v 0.043440 0.011909 0.162830
v 0.043554 -0.035715 0.163100
v 0.041819 -0.035715 0.161208
v 0.041548 0.011909 0.161095
v 0.039154 0.011909 0.160400
v 0.038894 -0.035715 0.160400
v 0.036229 0.011909 0.161208
v 0.036499 -0.035715 0.161095
v 0.034607 -0.035715 0.162830
v 0.034494 0.011909 0.163100
v 0.033799 0.011909 0.165495
v 0.033799 -0.035715 0.165755
v 0.034607 0.011909 0.168420
v 0.034494 -0.035715 0.168150
v 0.036229 -0.035715 0.170042
v 0.036499 0.011909 0.170155
v 0.038894 0.011909 0.170850
v 0.034703 0.005787 -0.151407
v 0.023498 0.015643 -0.104676
v 0.067469 0.010801 -0.127408
v 0.028985 -0.015343 -0.068618
v 0.046566 0.013951 -0.091338
v 0.003212 -0.003598 -0.103622
v 0.077228 -0.004447 -0.113332
v 0.049738 -0.015093 -0.068574
v 0.035800 -0.016346 0.102984
v 0.023428 0.019193 -0.124627
v 0.053602 0.016943 -0.124215
v 0.050021 -0.012916 0.106212
v 0.008255 -0.006937 -0.141789
v 0.066237 -0.007268 -0.145573
v 0.054331 0.015643 -0.104676
v 0.013306 0.012756 -0.105057
v 0.027808 -0.016041 0.106212
v 0.028163 0.016349 -0.131006
v 0.018878 -0.003325 -0.083254
v 0.058951 -0.003325 -0.083254
v 0.048915 -0.008140 -0.155536
v 0.000601 -0.005326 -0.123378
v 0.059817 0.013289 -0.098962
v 0.036240 -0.012916 0.115121
v 0.041356 -0.016346 0.095919
v 0.046303 0.019768 -0.102517
v 0.054401 0.019193 -0.124627
v 0.034941 0.004427 -0.149473
v 0.042560 0.012177 -0.092064
v 0.063095 0.008557 -0.133545
v 0.024125 -0.007999 -0.153921
v 0.018012 0.009646 -0.140609
v 0.033087 -0.016330 -0.052097
v 0.059818 0.009646 -0.140609
v 0.042582 -0.012611 0.102290
v 0.045425 -0.012916 -0.052110
v 0.026563 0.011165 -0.089827
v 0.006742 0.004478 -0.114924
v 0.014734 0.008557 -0.133545
v 0.037069 0.019258 -0.109009
v 0.051134 -0.016240 0.086825
v 0.044347 -0.012566 0.080790
v 0.026695 -0.012717 0.086825
v 0.052875 0.007666 -0.143726
v 0.035247 -0.012611 0.097171
v 0.063096 0.010989 -0.105731
v 0.034723 -0.006601 -0.079638
v 0.027264 0.009478 -0.091365
v 0.014759 0.008662 -0.100932
v 0.067468 0.012135 -0.112164
v 0.034765 0.020905 -0.105066
v 0.046566 0.008979 -0.148231
v 0.032627 -0.012916 -0.052110
v 0.070888 -0.003996 -0.099919
v 0.017968 0.007837 -0.092062
v 0.043281 -0.005071 -0.077563
v 0.060004 -0.003698 -0.086741
v 0.020380 0.004953 -0.143465
v 0.010361 0.010801 -0.127408
v 0.028345 -0.012302 -0.067875
v 0.066835 0.009774 -0.119638
v 0.029713 -0.012916 0.111501
v 0.044898 -0.016239 -0.046715
v 0.035800 -0.016346 0.096477
v 0.067508 0.000478 -0.140847
v 0.041589 -0.016041 0.115121
v 0.048116 -0.016041 0.111501
v 0.070133 0.003961 -0.101037
v 0.050252 0.018567 -0.131787
v 0.074616 -0.006176 -0.133089
v 0.034685 0.006856 -0.087068
v 0.032952 0.014394 -0.142381
v 0.020927 -0.005360 -0.083378
v 0.057462 0.009155 -0.095338
v 0.074647 0.001981 -0.123677
v 0.042582 -0.016346 0.102290
v 0.027578 0.018567 -0.131787
v 0.034979 0.016006 -0.134926
v 0.044853 -0.012717 -0.013408
v 0.003182 0.001981 -0.123677
v 0.056123 0.008050 -0.089563
v 0.010361 0.012135 -0.112164
v 0.005618 0.003593 -0.105251
v 0.010321 0.000478 -0.140847
v 0.048241 -0.000643 -0.153668
v 0.050784 -0.011849 -0.070089
v 0.024227 0.017629 -0.116375
v 0.032846 -0.016041 -0.013418
v 0.037237 -0.012611 0.103954
v 0.025121 -0.000512 -0.152162
v 0.034424 0.008399 -0.085257
v 0.032976 -0.012717 -0.013408
v 0.049666 0.016349 -0.131006
v 0.011954 0.010403 -0.112441
v 0.075491 -0.005174 -0.113498
v 0.042888 0.004427 -0.149473
v 0.047228 0.016061 -0.100008
v 0.060854 -0.000102 -0.147477
v 0.030601 0.016061 -0.100008
v 0.044853 -0.016239 -0.013408
v 0.035057 0.014015 -0.090582
v 0.061372 -0.008145 -0.147451
v 0.029830 -0.016239 0.111337
v 0.047333 0.006804 -0.087913
v 0.072390 -0.003204 -0.099103
v 0.023428 0.019917 -0.116360
v 0.044114 -0.012916 0.114451
v 0.038915 0.022342 -0.120737
v 0.054401 0.019917 -0.116360
v 0.051921 -0.001549 -0.150164
v 0.050252 0.020543 -0.109200
v 0.043405 0.008399 -0.085257
v 0.024227 0.016943 -0.124215
v 0.052528 -0.011558 -0.076093
v 0.025310 -0.011560 -0.076092
v 0.074647 0.002800 -0.114307
v 0.053602 0.017629 -0.116375
v 0.003284 -0.006426 -0.127804
v 0.011954 0.009144 -0.126834
v 0.032448 0.010100 -0.143893
v 0.020465 -0.008379 -0.150127
v 0.009623 -0.003674 -0.095918
v 0.027831 -0.016041 0.052268
v 0.038915 0.019897 -0.120523
v 0.009646 -0.007551 -0.140665
v 0.047070 -0.006614 -0.080228
v 0.025021 -0.009394 -0.074534
v 0.030452 -0.005087 -0.078120
v 0.038915 -0.008810 -0.155052
v 0.049998 -0.012916 0.052268
v 0.072997 -0.006824 -0.132359
v 0.022624 0.017753 -0.103983
v 0.027578 0.020543 -0.109200
v 0.017859 -0.003735 -0.086714
v 0.075491 -0.006013 -0.123089
v 0.039769 -0.016346 0.104209
v 0.024129 0.009236 -0.145297
v 0.008251 -0.002839 -0.094922
v 0.043064 0.018205 -0.135921
v 0.040929 -0.012564 0.094636
v 0.068184 -0.007551 -0.140665
v 0.038915 -0.012611 0.095163
v 0.044557 0.012464 -0.141013
v 0.028163 0.018224 -0.109584
v 0.002338 -0.005174 -0.113498
v 0.008935 0.005186 -0.106768
v 0.051201 -0.012916 0.091366
v 0.016975 -0.000102 -0.147477
v 0.005618 0.001188 -0.132733
v 0.072211 0.001188 -0.132733
v 0.003182 0.002800 -0.114307
v 0.049666 0.018224 -0.109584
v 0.063244 0.007580 -0.095023
v 0.010321 0.004303 -0.097136
v 0.024954 0.007666 -0.143726
v 0.034212 -0.000724 -0.154588
v 0.056925 -0.005334 -0.083397
v 0.011955 0.002952 -0.098264
v 0.064523 0.012756 -0.105057
v 0.053700 0.009236 -0.145297
v 0.013306 0.010179 -0.134515
v 0.064523 0.010179 -0.134515
v 0.009344 0.011468 -0.119786
v 0.068485 0.011468 -0.119786
v 0.027808 -0.012916 0.106212
v 0.036240 -0.016041 0.115121
v 0.042850 0.016006 -0.134926
v 0.038926 0.003991 -0.084956
v 0.065876 0.009144 -0.126834
v 0.058651 0.008053 -0.139299
v 0.019178 0.008053 -0.139299
v 0.065876 0.010403 -0.112441
v 0.062942 -0.000907 -0.142823
v 0.024129 0.013698 -0.094274
v 0.056416 -0.005328 -0.080254
v 0.022624 0.014913 -0.136441
v 0.043617 -0.000724 -0.154588
v 0.036900 -0.012564 0.094636
v 0.029367 -0.008699 -0.153788
v 0.033879 -0.016361 -0.013341
v 0.048116 -0.012916 0.111501
v 0.030129 0.018194 -0.099051
v 0.049998 -0.016041 0.052268
v 0.027831 -0.012916 0.052268
v 0.055205 0.017753 -0.103983
v 0.061168 0.015814 -0.126152
v 0.068362 0.002663 -0.101958
v 0.016661 0.015814 -0.126152
v 0.026491 -0.016041 0.086663
v 0.040592 -0.012611 0.103954
v 0.031691 0.012111 -0.092774
v 0.026563 0.005977 -0.149234
v 0.053700 0.013698 -0.094274
v 0.038915 -0.001775 -0.152748
v 0.036707 -0.012564 -0.063799
v 0.010994 0.009774 -0.119638
v 0.044877 0.014394 -0.142381
v 0.035772 -0.013236 -0.072838
v 0.038926 -0.011561 -0.069593
v 0.017855 0.014791 -0.114412
v 0.054331 0.012956 -0.135392
v 0.050021 -0.016041 0.106212
v 0.061168 0.016853 -0.114271
v 0.016661 0.016853 -0.114271
v 0.055205 0.014913 -0.136441
v 0.006092 0.000421 -0.127648
v 0.043064 0.020905 -0.105066
v 0.020382 0.009138 -0.095326
v 0.034584 0.019610 -0.131932
v 0.042850 0.018566 -0.105664
v 0.030083 -0.016017 -0.064113
v 0.014735 0.010988 -0.105730
v 0.059974 0.013808 -0.125655
v 0.023498 0.012956 -0.135392
v 0.050581 0.009495 -0.091377
v 0.017855 0.013808 -0.125655
v 0.071737 0.000421 -0.127648
v 0.071738 0.001953 -0.110126
v 0.015391 -0.007559 -0.148898
v 0.033872 -0.008226 -0.156523
v 0.000601 -0.004447 -0.113332
v 0.045941 -0.016239 -0.055963
v 0.050567 0.004607 -0.147423
v 0.004924 0.001187 -0.118887
v 0.059974 0.014791 -0.114412
v 0.058240 -0.007804 -0.151701
v 0.077228 -0.005326 -0.123378
v 0.003213 -0.006176 -0.133089
v 0.041674 -0.016393 0.080558
v 0.038061 -0.016346 0.095252
v 0.034475 -0.012611 0.099730
v 0.053034 -0.008564 -0.152247
v 0.021413 -0.005328 -0.080254
v 0.048285 -0.012900 -0.063831
v 0.009478 -0.000294 -0.135817
v 0.059652 0.003450 -0.091979
v 0.030120 -0.001673 -0.151584
v 0.014887 -0.000907 -0.142823
v 0.004827 -0.004370 -0.104227
v 0.018012 0.013289 -0.098962
v 0.021706 0.008050 -0.089563
v 0.072905 0.001187 -0.118887
v 0.068351 -0.000294 -0.135817
v 0.019178 0.011486 -0.099973
v 0.021919 -0.001378 -0.148211
v 0.034568 -0.016346 0.098832
v 0.058655 0.011491 -0.099977
v 0.010785 0.006043 -0.131009
v 0.067044 0.006043 -0.131009
v 0.069102 0.007405 -0.115442
v 0.014334 -0.002529 -0.087907
v 0.063078 0.008670 -0.100938
v 0.043354 -0.012611 0.099730
v 0.056938 -0.000330 -0.150091
v 0.031330 -0.012716 -0.059875
v 0.034979 0.018566 -0.105664
v 0.038915 0.011369 -0.087368
v 0.043957 -0.008226 -0.156523
v 0.072211 0.003593 -0.105251
v 0.043005 -0.016380 -0.013270
v 0.057449 0.004953 -0.143465
v 0.042894 0.009668 -0.089321
v 0.022730 -0.003843 -0.084290
v 0.051266 0.005977 -0.149234
v 0.027262 0.004607 -0.147423
v 0.043728 -0.008781 -0.154730
v 0.066491 -0.002288 -0.091148
v 0.027262 -0.014262 -0.070977
v 0.041928 0.018329 -0.097510
v 0.069102 0.006712 -0.123358
v 0.008727 0.006712 -0.123358
v 0.063071 0.005443 -0.137864
v 0.014758 0.005443 -0.137864
v 0.058559 0.010805 -0.094026
v 0.067045 0.008073 -0.107792
v 0.009100 0.009652 -0.107229
v 0.064518 0.006863 -0.139103
v 0.013311 0.006863 -0.139103
v 0.070911 0.008208 -0.123728
v 0.068729 0.009652 -0.107229
v 0.006918 0.008208 -0.123728
v 0.064518 0.010288 -0.099963
v 0.013311 0.010288 -0.099963
v 0.070911 0.008943 -0.115338
v 0.006918 0.008943 -0.115338
v 0.058559 0.006344 -0.145039
v 0.019270 0.006344 -0.145039
v 0.009100 0.007499 -0.131837
v 0.068729 0.007499 -0.131837
v 0.051266 0.011165 -0.089827
v 0.038915 0.008890 -0.149244
v 0.010785 0.008072 -0.107791
v 0.030009 0.008330 -0.086139
v 0.048248 -0.015846 -0.066323
v 0.048360 0.021273 -0.112915
v 0.025284 -0.002260 -0.081328
v 0.050305 0.020225 -0.124899
v 0.038915 0.007340 -0.147452
v 0.010807 0.005511 -0.102971
v 0.055143 0.001659 -0.147143
v 0.043126 0.011347 -0.087650
v 0.020891 -0.000330 -0.150091
v 0.007696 0.000820 -0.136947
v 0.070133 0.000820 -0.136947
v 0.002867 0.002390 -0.118992
v 0.074962 0.002390 -0.118992
v 0.030521 0.006778 -0.087894
v 0.007696 0.003961 -0.101037
v 0.043354 -0.016346 0.099730
v 0.052708 -0.000512 -0.152162
v 0.013433 0.000170 -0.144377
v 0.064396 0.000170 -0.144377
v 0.004106 0.001578 -0.128283
v 0.073723 0.001578 -0.128283
v 0.073723 0.003203 -0.109700
v 0.004106 0.003203 -0.109700
v 0.032402 -0.016041 -0.054028
v 0.035800 -0.012611 0.102984
v 0.036969 0.021651 -0.108601
v 0.048253 -0.002119 -0.080245
v 0.015390 -0.003456 -0.089234
v 0.029588 -0.000643 -0.153668
v 0.019270 0.010805 -0.094026
v 0.036063 0.016188 -0.098550
v 0.026885 0.020433 -0.122523
v 0.067508 0.004303 -0.097136
v 0.031215 0.021425 -0.111176
v 0.055726 -0.005317 -0.083306
v 0.040860 0.019554 -0.132569
v 0.013431 0.004596 -0.093591
v 0.033862 0.016538 -0.139158
v 0.047820 0.008330 -0.086139
v 0.008727 0.007405 -0.115442
v 0.034806 0.017321 -0.131148
v 0.045941 -0.012717 -0.055963
v 0.028106 0.018621 -0.116287
v 0.046221 0.017482 -0.129309
v 0.045717 -0.009285 -0.073598
v 0.038915 -0.005066 -0.077317
v 0.024955 0.011869 -0.095545
v 0.031489 -0.016041 0.113262
v 0.046220 -0.016393 0.098305
v 0.036063 0.012429 -0.141519
v 0.027121 -0.011849 -0.070089
v 0.031609 -0.012564 0.098305
v 0.029469 0.019931 -0.128255
v 0.031264 0.008979 -0.148231
v 0.053055 -0.009520 -0.074657
v 0.043125 -0.006588 -0.079648
v 0.054665 -0.008169 -0.080489
v 0.059861 0.007837 -0.092062
v 0.052881 0.011876 -0.095550
v 0.007574 0.004839 -0.110776
v 0.043162 0.006869 -0.087078
v 0.042582 -0.016346 0.097171
v 0.028804 0.016204 -0.095693
v 0.043308 -0.012576 -0.052053
v 0.062469 -0.003421 -0.089259
v 0.060869 -0.002747 -0.085243
v 0.043126 0.005787 -0.151407
v 0.033715 -0.012916 0.114451
v 0.028341 -0.016330 0.105813
v 0.038061 -0.016346 0.104209
v 0.044648 -0.012717 -0.036571
v 0.038915 0.005401 -0.083008
v 0.018225 0.003396 -0.091939
v 0.029028 -0.012627 0.108592
v 0.046139 0.007424 -0.146496
v 0.035463 0.016359 -0.093915
v 0.038915 -0.000751 -0.154902
v 0.043023 0.019205 -0.109613
v 0.023176 -0.008182 -0.080480
v 0.046340 -0.012916 0.113262
v 0.051360 0.006692 -0.089275
v 0.042178 0.014362 -0.095182
v 0.050644 -0.014262 -0.070977
v 0.033238 -0.016239 -0.029512
v 0.072388 -0.006571 -0.137607
v 0.049903 -0.012627 0.102698
v 0.065898 0.002979 -0.098283
v 0.027128 -0.016239 0.067822
v 0.048801 -0.016330 0.108592
v 0.044114 -0.016041 0.114451
v 0.002016 -0.005594 -0.118293
v 0.034944 0.009661 -0.089316
v 0.034831 -0.016346 0.101493
v 0.074617 -0.003598 -0.103622
v 0.030048 -0.003462 -0.082315
v 0.073005 -0.004367 -0.104230
v 0.054340 -0.006484 -0.078335
v 0.034824 -0.012576 -0.013270
v 0.012831 -0.007867 -0.144277
v 0.004832 -0.006824 -0.132359
v 0.031528 -0.007863 -0.075359
v 0.031396 -0.012717 0.011344
v 0.041344 0.017620 -0.102044
v 0.042801 -0.012566 0.096986
v 0.023583 -0.008082 -0.076813
v 0.038915 -0.007856 -0.074835
v 0.029124 -0.015582 -0.066287
v 0.044596 -0.016239 -0.029512
v 0.049723 0.017905 -0.124474
v 0.030563 0.011278 -0.088476
v 0.050701 -0.012717 0.067822
v 0.026499 0.006657 -0.089250
v 0.029952 0.017626 -0.127659
v 0.031690 0.007424 -0.146496
v 0.043245 0.021595 -0.109238
v 0.035901 0.014357 -0.142915
v 0.048472 0.014216 -0.096862
v 0.050944 0.020772 -0.118647
v 0.046614 0.019779 -0.129994
v 0.027524 0.020980 -0.116271
v 0.027500 0.018102 -0.122219
v 0.032273 -0.011633 -0.075199
v 0.049094 -0.012222 -0.067843
v 0.051994 0.017150 -0.107154
v 0.035859 -0.011196 0.109482
v 0.037506 -0.015518 0.101554
v 0.037312 -0.012429 0.109990
v 0.032959 -0.016959 0.166114
v 0.045571 -0.015835 0.164637
v 0.039076 -0.019096 0.105580
v 0.044032 -0.016957 0.170323
v 0.034941 -0.017466 0.170502
v 0.038457 -0.016051 0.172532
v 0.043279 -0.015733 0.170182
v 0.039499 -0.017226 0.106150
v 0.036181 -0.012946 0.109313
v 0.044225 -0.014776 0.162741
v 0.034393 -0.015630 0.166501
v 0.039232 -0.015523 0.102324
v 0.037003 -0.011698 0.104972
v 0.040382 -0.017059 0.170680
v 0.036067 -0.016951 0.169774
v 0.032588 -0.015555 0.165662
v 0.040315 -0.019117 0.107128
v 0.044602 -0.016723 0.162482
v 0.037776 -0.015589 0.103258
v 0.037134 -0.011443 0.110082
v 0.036185 -0.013167 0.105387
v 0.042547 -0.017717 0.170794
v 0.035349 -0.015589 0.169753
v 0.043613 -0.015954 0.165822
v 0.034776 -0.016705 0.171192
v 0.035585 -0.012134 0.109157
v 0.040883 -0.018378 0.110276
v 0.042981 -0.015019 0.149889
v 0.039077 -0.019214 0.110481
v 0.039100 -0.016801 0.102175
v 0.037075 -0.013619 0.105572
v 0.039607 -0.017052 0.172856
v 0.043491 -0.016882 0.149960
v 0.042483 -0.016385 0.169192
v 0.042715 -0.016521 0.171590
v 0.034019 -0.016994 0.166474
v 0.038206 -0.014597 0.101578
v 0.038170 -0.017726 0.172095
v 0.044618 -0.015124 0.153884
v 0.039570 -0.017888 0.110468
v 0.037921 -0.012196 0.105061
v 0.033633 -0.015945 0.169500
v 0.041637 -0.019036 0.117421
v 0.038363 -0.015819 0.171524
v 0.038524 -0.017496 0.106029
v 0.034753 -0.011966 0.122397
v 0.044118 -0.017533 0.168669
v 0.045564 -0.016427 0.165101
v 0.035304 -0.015811 0.171156
v 0.037053 -0.014366 0.102112
v 0.037261 -0.015935 0.102474
v 0.036363 -0.017335 0.171972
v 0.043139 -0.016744 0.167837
v 0.041941 -0.016860 0.141889
v 0.033983 -0.015241 0.166123
v 0.039433 -0.016563 0.170923
v 0.039884 -0.019791 0.110352
v 0.040076 -0.017801 0.110404
v 0.036053 -0.012059 0.105589
v 0.037054 -0.012828 0.109782
v 0.039952 -0.018654 0.105243
v 0.044658 -0.014693 0.161112
v 0.038706 -0.015240 0.103131
v 0.044267 -0.015926 0.169518
v 0.038905 -0.015237 0.101730
v 0.044766 -0.016848 0.169002
v 0.045246 -0.015612 0.166343
v 0.038230 -0.017294 0.102470
v 0.038826 -0.017519 0.171199
v 0.037812 -0.012869 0.106090
v 0.034960 -0.014664 0.150902
v 0.036645 -0.013025 0.109528
v 0.043970 -0.016570 0.161066
v 0.033050 -0.015267 0.166758
v 0.039864 -0.017263 0.105579
v 0.037431 -0.011888 0.109837
v 0.041093 -0.017067 0.172476
v 0.032727 -0.016009 0.158893
v 0.037340 -0.011922 0.110093
v 0.036765 -0.016485 0.170210
v 0.043483 -0.014788 0.158074
v 0.037404 -0.016105 0.101994
v 0.039552 -0.015838 0.172132
v 0.035685 -0.012654 0.109561
v 0.033947 -0.017010 0.169883
v 0.043818 -0.016953 0.165937
v 0.032679 -0.016183 0.167366
v 0.036288 -0.011039 0.109731
v 0.043438 -0.017566 0.168924
v 0.036812 -0.011101 0.109771
v 0.038549 -0.016810 0.101903
v 0.036395 -0.011673 0.105546
v 0.034041 -0.013161 0.130475
v 0.038148 -0.013301 0.102845
v 0.039889 -0.018070 0.117533
v 0.044685 -0.016121 0.153916
v 0.035794 -0.012617 0.109170
v 0.043331 -0.015805 0.161146
v 0.035380 -0.011906 0.126545
v 0.036745 -0.011112 0.109949
v 0.041237 -0.019246 0.121599
v 0.035311 -0.016252 0.171553
v 0.037144 -0.015039 0.103384
v 0.041059 -0.017259 0.121458
v 0.041261 -0.016098 0.172131
v 0.039287 -0.017497 0.172624
v 0.035167 -0.014696 0.138611
v 0.040787 -0.019373 0.110249
v 0.037083 -0.012817 0.109693
v 0.040583 -0.017774 0.171912
v 0.042190 -0.015775 0.170477
v 0.036457 -0.012266 0.122484
v 0.035640 -0.016374 0.169157
v 0.042796 -0.015928 0.169223
v 0.044001 -0.017377 0.169894
v 0.043479 -0.014885 0.149843
v 0.036182 -0.015977 0.170059
v 0.038352 -0.018507 0.105939
v 0.045289 -0.016861 0.165033
v 0.038375 -0.014294 0.103827
v 0.033419 -0.017072 0.165563
v 0.035496 -0.012172 0.109416
v 0.041393 -0.016491 0.170155
v 0.037497 -0.011777 0.105106
v 0.037738 -0.016088 0.101599
v 0.038245 -0.015382 0.103325
v 0.042819 -0.017470 0.171159
v 0.043471 -0.015434 0.162728
v 0.037316 -0.012435 0.109979
v 0.034332 -0.014407 0.134492
v 0.035881 -0.013748 0.130533
v 0.039311 -0.016526 0.172864
v 0.040192 -0.018212 0.105367
v 0.034442 -0.016096 0.165579
v 0.035619 -0.015608 0.170799
v 0.035866 -0.013544 0.122360
v 0.043179 -0.016064 0.137613
v 0.036274 -0.011010 0.109730
v 0.044294 -0.015561 0.168354
v 0.043926 -0.015415 0.165263
v 0.037453 -0.014083 0.101945
v 0.038704 -0.015831 0.101503
v 0.044967 -0.016285 0.168507
v 0.042991 -0.016749 0.149990
v 0.035993 -0.012627 0.105435
v 0.043832 -0.016458 0.170592
v 0.036114 -0.012971 0.109479
v 0.039050 -0.017991 0.103379
v 0.038285 -0.017938 0.105905
v 0.036294 -0.016868 0.172185
v 0.038055 -0.015598 0.101347
v 0.033544 -0.015132 0.166682
v 0.037524 -0.016063 0.170821
v 0.036904 -0.017011 0.170340
v 0.035868 -0.011222 0.109477
v 0.037794 -0.016457 0.172682
v 0.032676 -0.016630 0.166731
v 0.034863 -0.017205 0.168703
v 0.039403 -0.019612 0.110422
v 0.038734 -0.019064 0.106261
v 0.045077 -0.015456 0.157961
v 0.045080 -0.014989 0.161069
v 0.037549 -0.013416 0.105678
v 0.042836 -0.017342 0.129528
v 0.038116 -0.017853 0.103709
v 0.032474 -0.016088 0.166201
v 0.039002 -0.016050 0.103942
v 0.045066 -0.016494 0.162470
v 0.037222 -0.011409 0.109829
v 0.042380 -0.016918 0.169295
v 0.034424 -0.016639 0.166633
v 0.037420 -0.015803 0.102949
v 0.038954 -0.017209 0.106048
v 0.035614 -0.011630 0.109277
v 0.034420 -0.017372 0.168913
v 0.040267 -0.017514 0.170999
v 0.041282 -0.019408 0.117479
v 0.043547 -0.016273 0.161108
v 0.039254 -0.017081 0.170942
v 0.040244 -0.017698 0.117474
v 0.043988 -0.016747 0.149914
v 0.043619 -0.016433 0.165542
v 0.040557 -0.017980 0.110334
v 0.035604 -0.011593 0.109271
v 0.035616 -0.011631 0.109271
v 0.036717 -0.012276 0.104131
v 0.036552 -0.013473 0.105586
v 0.036640 -0.013013 0.109534
v 0.037134 -0.011443 0.110080
v 0.034834 -0.014533 0.134509
v 0.043960 -0.014592 0.158037
v 0.041819 -0.015817 0.171347
v 0.037024 -0.015150 0.102145
v 0.038621 -0.013950 0.102779
v 0.040312 -0.017950 0.106259
v 0.036509 -0.017653 0.170997
v 0.044820 -0.017180 0.165525
v 0.035399 -0.015870 0.169114
v 0.038049 -0.016345 0.104006
v 0.035499 -0.011391 0.118372
v 0.037380 -0.012402 0.109786
v 0.036614 -0.013019 0.109632
v 0.038952 -0.014998 0.102735
v 0.038522 -0.017756 0.171626
v 0.037857 -0.013703 0.102183
v 0.037962 -0.012450 0.105735
v 0.042126 -0.017420 0.169895
v 0.044229 -0.014782 0.153901
v 0.035599 -0.011646 0.109268
v 0.039522 -0.018941 0.105224
v 0.040726 -0.017515 0.172337
v 0.037053 -0.012828 0.109780
v 0.034451 -0.016128 0.170744
v 0.040681 -0.016088 0.170841
v 0.041867 -0.016349 0.141853
v 0.042970 -0.017028 0.171383
v 0.043619 -0.015597 0.168658
v 0.037353 -0.012447 0.103646
v 0.035683 -0.012654 0.109643
v -0.046724 0.005787 -0.151407
v -0.057930 0.015643 -0.104676
v -0.013959 0.010801 -0.127408
v -0.052443 -0.015343 -0.068618
v -0.034862 0.013951 -0.091338
v -0.078216 -0.003598 -0.103622
v -0.004200 -0.004447 -0.113332
v -0.031689 -0.015093 -0.068574
v -0.045628 -0.016346 0.102984
v -0.058000 0.019193 -0.124627
v -0.027826 0.016943 -0.124215
v -0.031407 -0.012916 0.106212
v -0.073173 -0.006937 -0.141789
v -0.015191 -0.007268 -0.145573
v -0.027096 0.015643 -0.104676
v -0.068122 0.012756 -0.105057
v -0.053620 -0.016041 0.106212
v -0.053265 0.016349 -0.131006
v -0.062549 -0.003325 -0.083254
v -0.022477 -0.003325 -0.083254
v -0.032513 -0.008140 -0.155536
v -0.080827 -0.005326 -0.123378
v -0.021610 0.013289 -0.098962
v -0.045188 -0.012916 0.115121
v -0.040072 -0.016346 0.095919
v -0.035124 0.019768 -0.102517
v -0.027027 0.019193 -0.124627
v -0.046486 0.004427 -0.149473
v -0.038868 0.012177 -0.092064
v -0.018333 0.008557 -0.133545
v -0.057303 -0.007999 -0.153921
v -0.063416 0.009646 -0.140609
v -0.048341 -0.016330 -0.052097
v -0.021610 0.009646 -0.140609
v -0.038846 -0.012611 0.102290
v -0.036003 -0.012916 -0.052110
v -0.054864 0.011165 -0.089827
v -0.074686 0.004478 -0.114924
v -0.066693 0.008557 -0.133545
v -0.044359 0.019258 -0.109009
v -0.030294 -0.016240 0.086825
v -0.037081 -0.012566 0.080790
v -0.054733 -0.012717 0.086825
v -0.028553 0.007666 -0.143726
v -0.046181 -0.012611 0.097171
v -0.018332 0.010989 -0.105731
v -0.046705 -0.006601 -0.079638
v -0.054164 0.009478 -0.091365
v -0.066669 0.008662 -0.100932
v -0.013959 0.012135 -0.112164
v -0.046663 0.020905 -0.105066
v -0.034862 0.008979 -0.148231
v -0.048800 -0.012916 -0.052110
v -0.010539 -0.003996 -0.099919
v -0.063460 0.007837 -0.092062
v -0.038147 -0.005071 -0.077563
v -0.021424 -0.003698 -0.086741
v -0.061048 0.004953 -0.143465
v -0.071067 0.010801 -0.127408
v -0.053083 -0.012302 -0.067875
v -0.014593 0.009774 -0.119638
v -0.051715 -0.012916 0.111501
v -0.036530 -0.016239 -0.046715
v -0.045628 -0.016346 0.096477
v -0.013919 0.000478 -0.140847
v -0.039839 -0.016041 0.115121
v -0.033311 -0.016041 0.111501
v -0.011295 0.003961 -0.101037
v -0.031176 0.018567 -0.131787
v -0.006811 -0.006176 -0.133089
v -0.046743 0.006856 -0.087068
v -0.048476 0.014394 -0.142381
v -0.060501 -0.005360 -0.083378
v -0.023966 0.009155 -0.095338
v -0.006781 0.001981 -0.123677
v -0.038846 -0.016346 0.102290
v -0.053850 0.018567 -0.131787
v -0.046449 0.016006 -0.134926
v -0.036575 -0.012717 -0.013408
v -0.078246 0.001981 -0.123677
v -0.025305 0.008050 -0.089563
v -0.071067 0.012135 -0.112164
v -0.075810 0.003593 -0.105251
v -0.071107 0.000478 -0.140847
v -0.033186 -0.000643 -0.153668
v -0.030644 -0.011849 -0.070089
v -0.057200 0.017629 -0.116375
v -0.048582 -0.016041 -0.013418
v -0.044191 -0.012611 0.103954
v -0.056307 -0.000512 -0.152162
v -0.047003 0.008399 -0.085257
v -0.048452 -0.012717 -0.013408
v -0.031762 0.016349 -0.131006
v -0.069474 0.010403 -0.112441
v -0.005937 -0.005174 -0.113498
v -0.038540 0.004427 -0.149473
v -0.034200 0.016061 -0.100008
v -0.020574 -0.000102 -0.147477
v -0.050827 0.016061 -0.100008
v -0.036575 -0.016239 -0.013408
v -0.046371 0.014015 -0.090582
v -0.020056 -0.008145 -0.147451
v -0.051598 -0.016239 0.111337
v -0.034095 0.006804 -0.087913
v -0.009038 -0.003204 -0.099103
v -0.058000 0.019917 -0.116360
v -0.037313 -0.012916 0.114451
v -0.042513 0.022342 -0.120737
v -0.027027 0.019917 -0.116360
v -0.029507 -0.001549 -0.150164
v -0.031176 0.020543 -0.109200
v -0.038023 0.008399 -0.085257
v -0.057200 0.016943 -0.124215
v -0.028900 -0.011558 -0.076093
v -0.056118 -0.011560 -0.076092
v -0.006781 0.002800 -0.114307
v -0.027826 0.017629 -0.116375
v -0.078144 -0.006426 -0.127804
v -0.069474 0.009144 -0.126834
v -0.048980 0.010100 -0.143893
v -0.060963 -0.008379 -0.150127
v -0.071805 -0.003674 -0.095918
v -0.053597 -0.016041 0.052268
v -0.042513 0.019897 -0.120523
v -0.071782 -0.007551 -0.140665
v -0.034358 -0.006614 -0.080228
v -0.056407 -0.009394 -0.074534
v -0.050975 -0.005087 -0.078120
v -0.042513 -0.008810 -0.155052
v -0.031430 -0.012916 0.052268
v -0.008430 -0.006824 -0.132359
v -0.058804 0.017753 -0.103983
v -0.053850 0.020543 -0.109200
v -0.063569 -0.003735 -0.086714
v -0.005937 -0.006013 -0.123089
v -0.041659 -0.016346 0.104209
v -0.057298 0.009236 -0.145297
v -0.073177 -0.002839 -0.094922
v -0.038364 0.018205 -0.135921
v -0.040499 -0.012564 0.094636
v -0.013244 -0.007551 -0.140665
v -0.042513 -0.012611 0.095163
v -0.036870 0.012464 -0.141013
v -0.053265 0.018224 -0.109584
v -0.079089 -0.005174 -0.113498
v -0.072493 0.005186 -0.106768
v -0.030227 -0.012916 0.091366
v -0.064452 -0.000102 -0.147477
v -0.075810 0.001188 -0.132733
v -0.009217 0.001188 -0.132733
v -0.078246 0.002800 -0.114307
v -0.031762 0.018224 -0.109584
v -0.018184 0.007580 -0.095023
v -0.071107 0.004303 -0.097136
v -0.056474 0.007666 -0.143726
v -0.047216 -0.000724 -0.154588
v -0.024502 -0.005334 -0.083397
v -0.069473 0.002952 -0.098264
v -0.016905 0.012756 -0.105057
v -0.027728 0.009236 -0.145297
v -0.068122 0.010179 -0.134515
v -0.016905 0.010179 -0.134515
v -0.072084 0.011468 -0.119786
v -0.012943 0.011468 -0.119786
v -0.053620 -0.012916 0.106212
v -0.045188 -0.016041 0.115121
v -0.038578 0.016006 -0.134926
v -0.042501 0.003991 -0.084956
v -0.015552 0.009144 -0.126834
v -0.022776 0.008053 -0.139299
v -0.062250 0.008053 -0.139299
v -0.015552 0.010403 -0.112441
v -0.018486 -0.000907 -0.142823
v -0.057298 0.013698 -0.094274
v -0.025012 -0.005328 -0.080254
v -0.058804 0.014913 -0.136441
v -0.037810 -0.000724 -0.154588
v -0.044528 -0.012564 0.094636
v -0.052060 -0.008699 -0.153788
v -0.047549 -0.016361 -0.013341
v -0.033311 -0.012916 0.111501
v -0.051298 0.018194 -0.099051
v -0.031430 -0.016041 0.052268
v -0.053597 -0.012916 0.052268
v -0.026222 0.017753 -0.103983
v -0.020260 0.015814 -0.126152
v -0.013066 0.002663 -0.101958
v -0.064767 0.015814 -0.126152
v -0.054937 -0.016041 0.086663
v -0.040835 -0.012611 0.103954
v -0.049737 0.012111 -0.092774
v -0.054864 0.005977 -0.149234
v -0.027728 0.013698 -0.094274
v -0.042513 -0.001775 -0.152748
v -0.044721 -0.012564 -0.063799
v -0.070434 0.009774 -0.119638
v -0.036550 0.014394 -0.142381
v -0.045656 -0.013236 -0.072838
v -0.042501 -0.011561 -0.069593
v -0.063573 0.014791 -0.114412
v -0.027096 0.012956 -0.135392
v -0.031407 -0.016041 0.106212
v -0.020260 0.016853 -0.114271
v -0.064767 0.016853 -0.114271
v -0.026222 0.014913 -0.136441
v -0.075336 0.000421 -0.127648
v -0.038364 0.020905 -0.105066
v -0.061046 0.009138 -0.095326
v -0.046844 0.019610 -0.131932
v -0.038578 0.018566 -0.105664
v -0.051345 -0.016017 -0.064113
v -0.066693 0.010988 -0.105730
v -0.021454 0.013808 -0.125655
v -0.057930 0.012956 -0.135392
v -0.030847 0.009495 -0.091377
v -0.063573 0.013808 -0.125655
v -0.009691 0.000421 -0.127648
v -0.009690 0.001953 -0.110126
v -0.066037 -0.007559 -0.148898
v -0.047556 -0.008226 -0.156523
v -0.080827 -0.004447 -0.113332
v -0.035487 -0.016239 -0.055963
v -0.030860 0.004607 -0.147423
v -0.076504 0.001187 -0.118887
v -0.021454 0.014791 -0.114412
v -0.023188 -0.007804 -0.151701
v -0.004200 -0.005326 -0.123378
v -0.078215 -0.006176 -0.133089
v -0.039753 -0.016393 0.080558
v -0.043367 -0.016346 0.095252
v -0.046953 -0.012611 0.099730
v -0.028394 -0.008564 -0.152247
v -0.060014 -0.005328 -0.080254
v -0.033143 -0.012900 -0.063831
v -0.071950 -0.000294 -0.135817
v -0.021776 0.003450 -0.091979
v -0.051308 -0.001673 -0.151584
v -0.066541 -0.000907 -0.142823
v -0.076601 -0.004370 -0.104227
v -0.063416 0.013289 -0.098962
v -0.059722 0.008050 -0.089563
v -0.008523 0.001187 -0.118887
v -0.013076 -0.000294 -0.135817
v -0.062249 0.011486 -0.099973
v -0.059509 -0.001378 -0.148211
v -0.046860 -0.016346 0.098832
v -0.022772 0.011491 -0.099977
v -0.070643 0.006043 -0.131009
v -0.014384 0.006043 -0.131009
v -0.012326 0.007405 -0.115442
v -0.067094 -0.002529 -0.087907
v -0.018350 0.008670 -0.100938
v -0.038074 -0.012611 0.099730
v -0.024489 -0.000330 -0.150091
v -0.050098 -0.012716 -0.059875
v -0.046449 0.018566 -0.105664
v -0.042513 0.011369 -0.087368
v -0.037471 -0.008226 -0.156523
v -0.009217 0.003593 -0.105251
v -0.038423 -0.016380 -0.013270
v -0.023979 0.004953 -0.143465
v -0.038534 0.009668 -0.089321
v -0.058698 -0.003843 -0.084290
v -0.030162 0.005977 -0.149234
v -0.054166 0.004607 -0.147423
v -0.037699 -0.008781 -0.154730
v -0.014937 -0.002288 -0.091148
v -0.054166 -0.014262 -0.070977
v -0.039500 0.018329 -0.097510
v -0.012326 0.006712 -0.123358
v -0.072701 0.006712 -0.123358
v -0.018357 0.005443 -0.137864
v -0.066670 0.005443 -0.137864
v -0.022868 0.010805 -0.094026
v -0.014382 0.008073 -0.107792
v -0.072328 0.009652 -0.107229
v -0.016909 0.006863 -0.139103
v -0.068117 0.006863 -0.139103
v -0.010517 0.008208 -0.123728
v -0.012698 0.009652 -0.107229
v -0.074509 0.008208 -0.123728
v -0.016909 0.010288 -0.099963
v -0.068117 0.010288 -0.099963
v -0.010517 0.008943 -0.115338
v -0.074509 0.008943 -0.115338
v -0.022868 0.006344 -0.145039
v -0.062158 0.006344 -0.145039
v -0.072328 0.007499 -0.131837
v -0.012698 0.007499 -0.131837
v -0.030162 0.011165 -0.089827
v -0.042513 0.008890 -0.149244
v -0.070643 0.008072 -0.107791
v -0.051418 0.008330 -0.086139
v -0.033180 -0.015846 -0.066323
v -0.033068 0.021273 -0.112915
v -0.056144 -0.002260 -0.081328
v -0.031123 0.020225 -0.124899
v -0.042513 0.007340 -0.147452
v -0.070620 0.005511 -0.102971
v -0.026285 0.001659 -0.147143
v -0.038302 0.011347 -0.087650
v -0.060537 -0.000330 -0.150091
v -0.073731 0.000820 -0.136947
v -0.011295 0.000820 -0.136947
v -0.078561 0.002390 -0.118992
v -0.006466 0.002390 -0.118992
v -0.050907 0.006778 -0.087894
v -0.073731 0.003961 -0.101037
v -0.038074 -0.016346 0.099730
v -0.028720 -0.000512 -0.152162
v -0.067995 0.000170 -0.144377
v -0.017032 0.000170 -0.144377
v -0.077322 0.001578 -0.128283
v -0.007705 0.001578 -0.128283
v -0.007705 0.003203 -0.109700
v -0.077322 0.003203 -0.109700
v -0.049026 -0.016041 -0.054028
v -0.045628 -0.012611 0.102984
v -0.044458 0.021651 -0.108601
v -0.033175 -0.002119 -0.080245
v -0.066038 -0.003456 -0.089234
v -0.051840 -0.000643 -0.153668
v -0.062158 0.010805 -0.094026
v -0.045365 0.016188 -0.098550
v -0.054543 0.020433 -0.122523
v -0.013919 0.004303 -0.097136
v -0.050212 0.021425 -0.111176
v -0.025701 -0.005317 -0.083306
v -0.040568 0.019554 -0.132569
v -0.067997 0.004596 -0.093591
v -0.047566 0.016538 -0.139158
v -0.033608 0.008330 -0.086139
v -0.072701 0.007405 -0.115442
v -0.046622 0.017321 -0.131148
v -0.035487 -0.012717 -0.055963
v -0.053322 0.018621 -0.116287
v -0.035207 0.017482 -0.129309
v -0.035711 -0.009285 -0.073598
v -0.042513 -0.005066 -0.077317
v -0.056473 0.011869 -0.095545
v -0.049939 -0.016041 0.113262
v -0.035208 -0.016393 0.098305
v -0.045365 0.012429 -0.141519
v -0.054306 -0.011849 -0.070089
v -0.049819 -0.012564 0.098305
v -0.051959 0.019931 -0.128255
v -0.050164 0.008979 -0.148231
v -0.028373 -0.009520 -0.074657
v -0.038303 -0.006588 -0.079648
v -0.026763 -0.008169 -0.080489
v -0.021567 0.007837 -0.092062
v -0.028547 0.011876 -0.095550
v -0.073854 0.004839 -0.110776
v -0.038265 0.006869 -0.087078
v -0.038846 -0.016346 0.097171
v -0.052623 0.016204 -0.095693
v -0.038119 -0.012576 -0.052053
v -0.018958 -0.003421 -0.089259
v -0.020559 -0.002747 -0.085243
v -0.038302 0.005787 -0.151407
v -0.047713 -0.012916 0.114451
v -0.053087 -0.016330 0.105813
v -0.043367 -0.016346 0.104209
v -0.036780 -0.012717 -0.036571
v -0.042513 0.005401 -0.083008
v -0.063203 0.003396 -0.091939
v -0.052400 -0.012627 0.108592
v -0.035289 0.007424 -0.146496
v -0.045965 0.016359 -0.093915
v -0.042513 -0.000751 -0.154902
v -0.038404 0.019205 -0.109613
v -0.058252 -0.008182 -0.080480
v -0.035088 -0.012916 0.113262
v -0.030068 0.006692 -0.089275
v -0.039250 0.014362 -0.095182
v -0.030784 -0.014262 -0.070977
v -0.048190 -0.016239 -0.029512
v -0.009040 -0.006571 -0.137607
v -0.031525 -0.012627 0.102698
v -0.015530 0.002979 -0.098283
v -0.054300 -0.016239 0.067822
v -0.032627 -0.016330 0.108592
v -0.037313 -0.016041 0.114451
v -0.079412 -0.005594 -0.118293
v -0.046484 0.009661 -0.089316
v -0.046597 -0.016346 0.101493
v -0.006810 -0.003598 -0.103622
v -0.051380 -0.003462 -0.082315
v -0.008423 -0.004367 -0.104230
v -0.027088 -0.006484 -0.078335
v -0.046604 -0.012576 -0.013270
v -0.068597 -0.007867 -0.144277
v -0.076596 -0.006824 -0.132359
v -0.049900 -0.007863 -0.075359
v -0.050031 -0.012717 0.011344
v -0.040084 0.017620 -0.102044
v -0.038627 -0.012566 0.096986
v -0.057845 -0.008082 -0.076813
v -0.042513 -0.007856 -0.074835
v -0.052304 -0.015582 -0.066287
v -0.036832 -0.016239 -0.029512
v -0.031705 0.017905 -0.124474
v -0.050865 0.011278 -0.088476
v -0.030726 -0.012717 0.067822
v -0.054928 0.006657 -0.089250
v -0.051476 0.017626 -0.127659
v -0.049737 0.007424 -0.146496
v -0.038183 0.021595 -0.109238
v -0.045527 0.014357 -0.142915
v -0.032956 0.014216 -0.096862
v -0.030484 0.020772 -0.118647
v -0.034814 0.019779 -0.129994
v -0.053904 0.020980 -0.116271
v -0.053928 0.018102 -0.122219
v -0.049155 -0.011633 -0.075199
v -0.032334 -0.012222 -0.067843
v -0.029434 0.017150 -0.107154
v -0.045569 -0.011196 0.109482
v -0.043922 -0.015518 0.101554
v -0.044116 -0.012429 0.109990
v -0.048469 -0.016959 0.166114
v -0.035857 -0.015835 0.164637
v -0.042351 -0.019096 0.105580
v -0.037396 -0.016957 0.170323
v -0.046486 -0.017466 0.170502
v -0.042971 -0.016051 0.172532
v -0.038148 -0.015733 0.170182
v -0.041929 -0.017226 0.106150
v -0.045247 -0.012946 0.109313
v -0.037203 -0.014776 0.162741
v -0.047035 -0.015630 0.166501
v -0.042195 -0.015523 0.102324
v -0.044425 -0.011698 0.104972
v -0.041046 -0.017059 0.170680
v -0.045361 -0.016951 0.169774
v -0.048839 -0.015555 0.165662
v -0.041113 -0.019117 0.107128
v -0.036826 -0.016723 0.162482
v -0.043652 -0.015589 0.103258
v -0.044294 -0.011443 0.110082
v -0.045243 -0.013167 0.105387
v -0.038881 -0.017717 0.170794
v -0.046079 -0.015589 0.169753
v -0.037815 -0.015954 0.165822
v -0.046651 -0.016705 0.171192
v -0.045842 -0.012134 0.109157
v -0.040545 -0.018378 0.110276
v -0.038447 -0.015019 0.149889
v -0.042350 -0.019214 0.110481
v -0.042328 -0.016801 0.102175
v -0.044353 -0.013619 0.105572
v -0.041821 -0.017052 0.172856
v -0.037937 -0.016882 0.149960
v -0.038945 -0.016385 0.169192
v -0.038713 -0.016521 0.171590
v -0.047409 -0.016994 0.166474
v -0.043221 -0.014597 0.101578
v -0.043258 -0.017726 0.172095
v -0.036810 -0.015124 0.153884
v -0.041858 -0.017888 0.110468
v -0.043507 -0.012196 0.105061
v -0.047795 -0.015945 0.169500
v -0.039791 -0.019036 0.117421
v -0.043065 -0.015819 0.171524
v -0.042904 -0.017496 0.106029
v -0.046674 -0.011966 0.122397
v -0.037310 -0.017533 0.168669
v -0.035864 -0.016427 0.165101
v -0.046124 -0.015811 0.171156
v -0.044375 -0.014366 0.102112
v -0.044167 -0.015935 0.102474
v -0.045065 -0.017335 0.171972
v -0.038289 -0.016744 0.167837
v -0.039487 -0.016860 0.141889
v -0.047445 -0.015241 0.166123
v -0.041995 -0.016563 0.170923
v -0.041544 -0.019791 0.110352
v -0.041352 -0.017801 0.110404
v -0.045375 -0.012059 0.105589
v -0.044374 -0.012828 0.109782
v -0.041475 -0.018654 0.105243
v -0.036770 -0.014693 0.161112
v -0.042722 -0.015240 0.103131
v -0.037161 -0.015926 0.169518
v -0.042523 -0.015237 0.101730
v -0.036662 -0.016848 0.169002
v -0.036182 -0.015612 0.166343
v -0.043198 -0.017294 0.102470
v -0.042602 -0.017519 0.171199
v -0.043616 -0.012869 0.106090
v -0.046468 -0.014664 0.150902
v -0.044782 -0.013025 0.109528
v -0.037458 -0.016570 0.161066
v -0.048378 -0.015267 0.166758
v -0.041563 -0.017263 0.105579
v -0.043996 -0.011888 0.109837
v -0.040335 -0.017067 0.172476
v -0.048701 -0.016009 0.158893
v -0.044087 -0.011922 0.110093
v -0.044662 -0.016485 0.170210
v -0.037945 -0.014788 0.158074
v -0.044024 -0.016105 0.101994
v -0.041876 -0.015838 0.172132
v -0.045743 -0.012654 0.109561
v -0.047481 -0.017010 0.169883
v -0.037609 -0.016953 0.165937
v -0.048749 -0.016183 0.167366
v -0.045139 -0.011039 0.109731
v -0.037990 -0.017566 0.168924
v -0.044616 -0.011101 0.109771
v -0.042879 -0.016810 0.101903
v -0.045033 -0.011673 0.105546
v -0.047386 -0.013161 0.130475
v -0.043280 -0.013301 0.102845
v -0.041539 -0.018070 0.117533
v -0.036743 -0.016121 0.153916
v -0.045634 -0.012617 0.109170
v -0.038097 -0.015805 0.161146
v -0.046048 -0.011906 0.126545
v -0.044682 -0.011112 0.109949
v -0.040190 -0.019246 0.121599
v -0.046117 -0.016252 0.171553
v -0.044284 -0.015039 0.103384
v -0.040369 -0.017259 0.121458
v -0.040167 -0.016098 0.172131
v -0.042141 -0.017497 0.172624
v -0.046261 -0.014696 0.138611
v -0.040641 -0.019373 0.110249
v -0.044344 -0.012817 0.109693
v -0.040844 -0.017774 0.171912
v -0.039238 -0.015775 0.170477
v -0.044971 -0.012266 0.122484
v -0.045787 -0.016374 0.169157
v -0.038632 -0.015928 0.169223
v -0.037427 -0.017377 0.169894
v -0.037949 -0.014885 0.149843
v -0.045246 -0.015977 0.170059
v -0.043076 -0.018507 0.105939
v -0.036139 -0.016861 0.165033
v -0.043053 -0.014294 0.103827
v -0.048009 -0.017072 0.165563
v -0.045932 -0.012172 0.109416
v -0.040035 -0.016491 0.170155
v -0.043931 -0.011777 0.105106
v -0.043690 -0.016088 0.101599
v -0.043183 -0.015382 0.103325
v -0.038609 -0.017470 0.171159
v -0.037956 -0.015434 0.162728
v -0.044112 -0.012435 0.109979
v -0.047096 -0.014407 0.134492
v -0.045547 -0.013748 0.130533
v -0.042117 -0.016526 0.172864
v -0.041236 -0.018212 0.105367
v -0.046986 -0.016096 0.165579
v -0.045808 -0.015608 0.170799
v -0.045562 -0.013544 0.122360
v -0.038248 -0.016064 0.137613
v -0.045154 -0.011010 0.109730
v -0.037134 -0.015561 0.168354
v -0.037502 -0.015415 0.165263
v -0.043975 -0.014083 0.101945
v -0.042724 -0.015831 0.101503
v -0.036461 -0.016285 0.168507
v -0.038437 -0.016749 0.149990
v -0.045435 -0.012627 0.105435
v -0.037596 -0.016458 0.170592
v -0.045313 -0.012971 0.109479
v -0.042378 -0.017991 0.103379
v -0.043143 -0.017938 0.105905
v -0.045134 -0.016868 0.172185
v -0.043373 -0.015598 0.101347
v -0.047884 -0.015132 0.166682
v -0.043903 -0.016063 0.170821
v -0.044524 -0.017011 0.170340
v -0.045560 -0.011222 0.109477
v -0.043634 -0.016457 0.172682
v -0.048752 -0.016630 0.166731
v -0.046565 -0.017205 0.168703
v -0.042025 -0.019612 0.110422
v -0.042694 -0.019064 0.106261
v -0.036351 -0.015456 0.157961
v -0.036347 -0.014989 0.161069
v -0.043879 -0.013416 0.105678
v -0.038591 -0.017342 0.129528
v -0.043312 -0.017853 0.103709
v -0.048954 -0.016088 0.166201
v -0.042426 -0.016050 0.103942
v -0.036362 -0.016494 0.162470
v -0.044206 -0.011409 0.109829
v -0.039048 -0.016918 0.169295
v -0.047004 -0.016639 0.166633
v -0.044008 -0.015803 0.102949
v -0.042474 -0.017209 0.106048
v -0.045814 -0.011630 0.109277
v -0.047007 -0.017372 0.168913
v -0.041161 -0.017514 0.170999
v -0.040146 -0.019408 0.117479
v -0.037880 -0.016273 0.161108
v -0.042174 -0.017081 0.170942
v -0.041184 -0.017698 0.117474
v -0.037439 -0.016747 0.149914
v -0.037809 -0.016433 0.165542
v -0.040871 -0.017980 0.110334
v -0.045824 -0.011593 0.109271
v -0.045812 -0.011631 0.109271
v -0.044711 -0.012276 0.104131
v -0.044876 -0.013473 0.105586
v -0.044788 -0.013013 0.109534
v -0.044294 -0.011443 0.110080
v -0.046594 -0.014533 0.134509
v -0.037468 -0.014592 0.158037
v -0.039609 -0.015817 0.171347
v -0.044404 -0.015150 0.102145
v -0.042807 -0.013950 0.102779
v -0.041116 -0.017950 0.106259
v -0.044919 -0.017653 0.170997
v -0.036608 -0.017180 0.165525
v -0.046029 -0.015870 0.169114
v -0.043379 -0.016345 0.104006
v -0.045929 -0.011391 0.118372
v -0.044048 -0.012402 0.109786
v -0.044814 -0.013019 0.109632
v -0.042476 -0.014998 0.102735
v -0.042906 -0.017756 0.171626
v -0.043571 -0.013703 0.102183
v -0.043466 -0.012450 0.105735
v -0.039302 -0.017420 0.169895
v -0.037199 -0.014782 0.153901
v -0.045829 -0.011646 0.109268
v -0.041906 -0.018941 0.105224
v -0.040702 -0.017515 0.172337
v -0.044374 -0.012828 0.109780
v -0.046977 -0.016128 0.170744
v -0.040747 -0.016088 0.170841
v -0.039561 -0.016349 0.141853
v -0.038458 -0.017028 0.171383
v -0.037809 -0.015597 0.168658
v -0.044075 -0.012447 0.103646
v -0.045745 -0.012654 0.109643
vn 0.0006 1.0000 -0.0006
vn 0.0008 1.0000 0.0005
vn 0.0078 1.0000 0.0012
vn -0.0008 -1.0000 -0.0028
vn 0.0013 -1.0000 -0.0025
vn 0.0010 -1.0000 -0.0046
vn -0.0298 -0.9995 0.0137
vn -0.0029 -1.0000 -0.0006
vn 0.0176 0.9998 -0.0006
vn 0.0478 0.9989 -0.0027
vn 0.0032 1.0000 0.0001
vn -0.0087 1.0000 0.0015
vn -0.0017 1.0000 0.0010
vn -0.0006 1.0000 -0.0002
vn 0.0036 -1.0000 -0.0003
vn 0.0010 -1.0000 0.0001
vn -0.0038 -1.0000 -0.0005
vn 0.0068 -1.0000 0.0003
vn 0.0041 1.0000 -0.0000
vn -0.0003 1.0000 0.0003
vn 0.0023 1.0000 0.0019
vn 0.0011 1.0000 -0.0086
vn -0.0011 1.0000 0.0008
vn -0.0011 1.0000 0.0003
vn -0.0052 1.0000 0.0001
vn -0.0081 1.0000 0.0001
vn 0.0001 -1.0000 0.0003
vn -0.0045 -1.0000 0.0001
vn 0.0002 -1.0000 0.0023
vn -0.0000 -0.9999 -0.0120
vn 0.0011 -1.0000 -0.0000
vn -0.0089 0.9634 0.2680
vn 0.0018 0.9750 0.2223
vn 0.0008 0.9629 0.2698
vn 0.0038 -0.9540 -0.2997
vn 0.0265 -0.9550 -0.2954
vn 0.0185 -0.9592 -0.2820
vn 0.0094 -1.0000 -0.0029
vn 0.0061 -1.0000 -0.0042
vn -0.0064 -1.0000 -0.0041
vn -0.0094 -1.0000 -0.0029
vn -0.0020 1.0000 -0.0035
vn -0.0012 1.0000 -0.0045
vn -0.0158 0.9999 0.0057
vn -0.0137 0.9998 0.0132
vn -0.0445 -0.9988 0.0221
vn -0.0048 -0.9999 -0.0105
vn 0.2701 0.9623 0.0323
vn 0.0711 0.9974 0.0130
vn -0.8225 -0.0402 0.5673
vn -0.8475 -0.0580 0.5276
vn -0.8434 -0.0463 0.5354
vn -0.9981 -0.0000 -0.0615
vn -0.9985 -0.0000 -0.0539
vn 0.0373 0.9682 -0.2474
vn 0.0017 0.9998 -0.0191
vn 0.0062 0.9998 -0.0208
vn 0.0003 -0.9999 -0.0126
vn 0.0006 -1.0000 -0.0036
vn -0.0007 -1.0000 -0.0040
vn -0.0042 -1.0000 -0.0033
vn 0.2759 0.9611 -0.0112
vn -0.1667 0.0167 0.9859
vn -0.0000 0.0129 0.9999
vn -0.0000 -0.0158 0.9999
vn -0.0020 -0.9999 0.0103
vn -0.0387 -0.9982 0.0462
vn 0.0021 1.0000 -0.0000
vn -0.9993 -0.0000 -0.0370
vn -0.9990 -0.0000 -0.0451
vn 0.9356 -0.0168 -0.3526
vn 0.9865 -0.0130 -0.1630
vn 0.9727 0.0167 -0.2314
vn -0.2212 0.0046 -0.9752
vn -0.4307 0.0041 -0.9025
vn -0.3631 -0.0169 -0.9316
vn -0.9791 -0.0504 0.1972
vn -0.9724 -0.0644 0.2243
vn -0.9757 -0.0566 0.2116
vn 0.0003 0.9530 0.3031
vn -0.0310 0.9499 0.3110
vn -0.0427 0.9929 0.1108
vn -0.0055 0.9998 0.0164
vn -0.0344 0.9983 0.0464
vn 0.0690 -0.9975 0.0162
vn 0.0315 -0.9994 0.0118
vn 0.9979 0.0055 -0.0646
vn 0.9971 -0.0000 -0.0766
vn 0.9974 0.0036 -0.0721
vn 0.9784 -0.0519 0.2003
vn 0.9841 -0.0376 0.1735
vn 0.9820 -0.0450 0.1834
vn -0.9109 -0.0167 -0.4123
vn -0.8261 -0.0129 -0.5633
vn -0.8514 0.0167 -0.5242
vn -0.3949 -0.0176 0.9185
vn -0.5774 -0.0187 0.8163
vn -0.5646 0.0066 0.8253
vn -0.0198 0.9998 -0.0021
vn -0.1674 0.9858 0.0164
vn -0.0036 -0.9999 -0.0155
vn -0.0589 -0.9652 -0.2547
vn -0.0377 -0.9675 -0.2500
vn -0.0085 -0.9994 -0.0348
vn -0.0126 -0.9983 -0.0571
vn 0.0051 -0.9983 -0.0576
vn -0.9999 -0.0128 -0.0074
vn -0.9997 -0.0002 -0.0246
vn -0.9998 -0.0004 -0.0185
vn -0.9777 -0.0000 0.2099
vn -0.9918 -0.0000 0.1278
vn -0.9888 -0.0000 0.1493
vn -0.3936 -0.0000 0.9193
vn -0.6156 -0.0000 0.7881
vn -0.5406 -0.0000 0.8413
vn 0.8231 -0.0344 0.5669
vn 0.8350 -0.0101 0.5501
vn 0.8217 -0.0228 0.5695
vn 0.9763 -0.0548 0.2094
vn 0.9703 -0.0632 0.2334
vn 0.9727 -0.0614 0.2240
vn 0.0348 -0.9799 -0.1964
vn 0.0044 -0.9998 -0.0186
vn -0.0920 -0.0000 -0.9958
vn -0.0457 -0.0000 -0.9990
vn -0.0621 -0.0000 -0.9981
vn 0.0042 1.0000 -0.0090
vn 0.0018 1.0000 0.0039
vn 0.8570 0.0089 0.5153
vn 0.9286 0.0129 0.3708
vn 0.9164 -0.0142 0.4000
vn -0.0063 0.9999 -0.0079
vn -0.0005 1.0000 0.0001
vn -0.9232 0.0031 0.3843
vn -0.9831 -0.0063 0.1828
vn -0.9796 0.0262 0.1995
vn 0.9998 -0.0169 0.0129
vn 0.9995 -0.0052 0.0300
vn 0.9997 -0.0040 0.0244
vn 0.0067 -0.9994 -0.0331
vn 0.0350 -0.9992 -0.0208
vn 0.4461 -0.0000 -0.8950
vn 0.6548 -0.0000 -0.7558
vn 0.6549 -0.0000 -0.7557
vn 0.2679 -0.9630 0.0281
vn 0.3370 -0.9399 0.0551
vn 0.0735 -0.9972 0.0132
vn -0.9999 0.0147 -0.0017
vn -0.9999 0.0109 0.0135
vn -0.9998 -0.0180 0.0077
vn -0.0303 0.9995 0.0031
vn -0.0000 1.0000 0.0091
vn -0.0115 0.9998 0.0149
vn -1.0000 -0.0000 0.0021
vn -0.9993 -0.0000 0.0378
vn -0.9996 -0.0000 0.0267
vn 0.0109 -0.9999 -0.0019
vn -0.0029 -0.9509 -0.3095
vn -0.0136 -0.9552 -0.2957
vn 0.0004 -0.9543 -0.2989
vn -0.9637 -0.0708 0.2573
vn -0.9911 -0.0000 0.1332
vn -0.9853 -0.0000 0.1711
vn -0.9878 -0.0000 0.1558
vn -0.9052 -0.0008 0.4249
vn -0.9491 -0.0000 0.3148
vn -0.9363 -0.0001 0.3513
vn 0.3936 -0.0000 0.9193
vn 0.6156 -0.0000 0.7881
vn 0.5406 -0.0000 0.8413
vn 0.9918 -0.0000 0.1278
vn 0.9957 -0.0000 0.0923
vn 0.9950 -0.0000 0.0996
vn 0.9997 -0.0000 -0.0236
vn 0.9993 -0.0000 -0.0370
vn 0.9994 -0.0000 -0.0334
vn 1.0000 -0.0000 0.0065
vn 0.9993 -0.0000 0.0378
vn 0.9996 -0.0000 0.0267
vn 0.9363 -0.0001 0.3513
vn 0.8876 -0.0018 0.4605
vn 0.9050 -0.0007 0.4253
vn 0.9878 -0.0000 0.1558
vn 0.9922 -0.0000 0.1249
vn 0.9911 -0.0000 0.1331
vn 0.6952 0.0063 -0.7188
vn 0.8417 -0.0074 -0.5398
vn 0.8390 0.0249 -0.5436
vn 0.0053 1.0000 -0.0046
vn 1.0000 -0.0020 0.0083
vn 1.0000 -0.0008 -0.0072
vn 0.9998 -0.0180 -0.0022
vn 0.0425 0.9991 0.0025
vn -0.0008 0.9999 -0.0130
vn -0.0058 0.9838 -0.1790
vn -0.0310 0.9717 -0.2342
vn -0.4461 -0.0000 -0.8950
vn -0.6548 -0.0000 -0.7558
vn -0.6549 -0.0000 -0.7557
vn 0.0920 -0.0000 -0.9958
vn 0.0539 -0.0000 -0.9985
vn 0.0641 0.9529 -0.2965
vn 0.9888 -0.0000 0.1493
vn 0.9682 -0.0000 0.2501
vn 0.9777 -0.0000 0.2099
vn -0.0069 1.0000 0.0020
vn 0.9971 0.0001 -0.0766
vn 0.9289 -0.0000 -0.3704
vn 0.9290 -0.0000 -0.3701
vn 0.9940 -0.0000 0.1095
vn 0.9957 -0.0000 0.0921
vn 0.3962 -0.0074 -0.9181
vn 0.1848 0.0075 -0.9827
vn 0.1893 -0.0249 -0.9816
vn 0.0037 -1.0000 -0.0060
vn 0.0024 -1.0000 -0.0078
vn -0.9922 -0.0000 0.1249
vn -0.9971 -0.0000 -0.0765
vn -0.9289 -0.0000 -0.3704
vn -0.9290 -0.0001 -0.3702
vn -0.9682 -0.0000 0.2501
vn -0.9085 -0.0000 0.4179
vn -0.9353 -0.0000 0.3537
vn -0.0880 -0.9960 0.0168
vn -0.0336 -0.9994 0.0028
vn -0.0178 -0.9998 0.0074
vn 0.0219 -0.9995 0.0222
vn 0.5521 -0.0099 0.8337
vn 0.3521 -0.0169 0.9358
vn 0.4200 0.0018 0.9075
vn -0.0000 -0.0000 1.0000
vn 0.1652 -0.0000 0.9863
vn 0.1651 -0.0000 0.9863
vn -0.3239 -0.0000 0.9461
vn -0.1354 -0.0000 0.9908
vn -0.1948 -0.0000 0.9808
vn 0.9102 -0.0722 0.4078
vn 0.8754 -0.0647 0.4790
vn 0.8809 -0.0640 0.4689
vn 0.0001 0.9998 0.0219
vn -0.0000 0.9970 0.0770
vn 0.0087 0.9985 0.0541
vn -0.0951 0.9935 0.0623
vn -0.8217 -0.0226 0.5695
vn 0.9983 0.0055 -0.0588
vn 0.2427 -0.9701 -0.0092
vn 0.0694 -0.9976 -0.0004
vn 0.0283 -0.9996 -0.0014
vn -0.9692 -0.0000 0.2461
vn -0.0423 -0.9991 0.0076
vn 0.7590 -0.0000 0.6511
vn 0.0528 0.9986 0.0103
vn 0.0338 0.9994 0.0024
vn 0.3858 -0.0000 -0.9226
vn 0.2619 -0.0000 -0.9651
vn 0.2954 -0.0000 -0.9554
vn 0.2119 -0.0000 -0.9773
vn -0.3858 -0.0000 -0.9226
vn -0.2619 -0.0000 -0.9651
vn -0.2954 -0.0000 -0.9554
vn -0.2119 -0.0000 -0.9773
vn -1.0000 -0.0002 -0.0066
vn -0.0392 -0.9992 0.0015
vn -0.0854 -0.9963 0.0103
vn -0.3283 -0.9440 0.0339
vn 0.9491 0.0001 0.3149
vn 0.1810 -0.9817 0.0588
vn -0.0031 1.0000 -0.0027
vn -0.9286 0.0129 -0.3707
vn -0.9350 -0.0187 0.3542
vn -0.1046 -0.9927 0.0602
vn -0.0002 -0.9999 0.0133
vn 0.8276 -0.0122 0.5611
vn 0.0165 -0.9997 0.0165
vn -0.0024 -1.0000 -0.0079
vn -0.0037 -1.0000 -0.0060
vn -0.5520 -0.0157 -0.8337
vn -0.9979 -0.0000 -0.0646
vn -0.9971 -0.0040 -0.0762
vn -0.9970 0.0059 -0.0770
vn -0.4308 0.9019 -0.0307
vn -0.0342 0.9994 -0.0018
vn -0.0624 0.9980 -0.0037
vn 0.0113 0.9999 0.0054
vn 0.1614 0.9839 0.0774
vn 0.2640 0.9604 0.0893
vn 0.8406 -0.0542 0.5389
vn 0.0104 0.9784 -0.2064
vn 0.1055 -0.0000 -0.9944
vn 0.3779 0.9258 -0.0050
vn 0.9986 -0.0000 -0.0525
vn 0.9990 -0.0000 -0.0436
vn 0.9989 -0.0000 -0.0465
vn -0.1847 0.9809 -0.0606
vn -0.2760 0.9611 -0.0034
vn -0.0011 1.0000 -0.0070
vn -0.0350 0.9798 -0.1969
vn -0.0309 0.9936 -0.1088
vn -0.1464 0.9886 0.0345
vn -0.0282 0.9995 0.0141
vn -0.0918 0.9957 0.0117
vn -0.8226 -0.0000 0.5686
vn -0.7590 -0.0000 0.6511
vn -0.9929 -0.0219 0.1168
vn -0.9971 -0.0126 0.0750
vn -0.9959 -0.0163 0.0886
vn -0.0076 -0.9950 -0.0999
vn -0.0118 -0.9877 -0.1560
vn 0.0045 -0.9875 -0.1574
vn 0.0723 -0.9973 0.0119
vn 0.9353 -0.0000 0.3537
vn -0.0182 0.9894 0.1442
vn -0.0010 0.9864 0.1641
vn -0.9596 -0.0684 0.2728
vn -0.9356 -0.0718 0.3456
vn -0.9414 -0.0773 0.3284
vn 0.9853 -0.0000 0.1711
vn 0.0972 0.9951 0.0160
vn 0.0041 -0.9979 -0.0646
vn -0.0022 -0.9980 -0.0635
vn 0.9049 -0.0754 0.4190
vn 0.0024 1.0000 -0.0079
vn 0.0032 1.0000 -0.0066
vn 0.3917 0.0248 -0.9198
vn 0.0159 -0.9998 -0.0127
vn 0.2732 -0.9574 -0.0930
vn 0.2440 -0.9697 -0.0096
vn 0.0315 -0.9932 -0.1121
vn 1.0000 -0.0000 -0.0066
vn 0.1674 0.9858 0.0164
vn 0.9603 -0.2789 0.0027
vn 0.8414 -0.5404 0.0059
vn 0.0093 -0.9951 -0.0985
vn 0.1982 0.9303 0.3086
vn 0.0130 0.9550 0.2964
vn 0.0327 0.9682 0.2479
vn 0.9437 -0.0757 0.3220
vn 0.9633 -0.0739 0.2582
vn 0.9546 -0.0718 0.2891
vn -0.0000 -0.0000 -1.0000
vn -0.0045 -0.9985 -0.0542
vn 0.3239 -0.0000 0.9461
vn 0.0321 0.9990 0.0299
vn 0.0485 0.9957 0.0795
vn 0.1472 0.9826 0.1128
vn -0.0199 -0.9998 -0.0063
vn -0.0209 -0.9997 -0.0140
vn -0.0000 -0.9999 -0.0101
vn -0.9985 -0.0000 -0.0551
vn -0.0513 -0.9898 0.1327
vn -0.0165 -0.9995 0.0277
vn -0.0000 -0.9997 0.0231
vn -0.9957 -0.0000 0.0923
vn -0.9950 -0.0000 0.0997
vn 0.0035 -0.9999 0.0138
vn 0.0301 -0.9732 -0.2278
vn 0.1938 -0.0000 -0.9810
vn 0.1598 -0.0000 -0.9872
vn 0.1681 -0.0000 -0.9858
vn -0.1938 -0.0000 -0.9810
vn -0.1598 -0.0000 -0.9872
vn -0.1680 -0.0000 -0.9858
vn 0.9971 -0.0127 0.0757
vn 0.9990 -0.0071 0.0446
vn 0.9985 -0.0092 0.0532
vn -0.0000 0.9994 0.0339
vn -0.2706 -0.9510 -0.1495
vn -0.2173 -0.9445 -0.2463
vn -0.0359 -0.9573 -0.2868
vn 0.3024 0.9142 0.2697
vn 0.0190 0.9876 0.1556
vn 0.0242 0.9731 0.2293
vn 0.0043 0.9733 0.2297
vn -0.0002 0.9571 0.2899
vn 0.0081 0.9544 0.2985
vn -0.1888 -0.9819 -0.0142
vn -0.2069 -0.9736 -0.0966
vn -0.0423 -0.9979 -0.0486
vn -0.2428 -0.9280 -0.2827
vn -0.1399 -0.9473 -0.2883
vn -0.1871 -0.9822 0.0151
vn -0.3781 -0.9258 -0.0050
vn -0.0203 -0.9998 -0.0007
vn -0.3191 -0.9476 -0.0131
vn -0.1373 -0.9905 -0.0074
vn 0.9085 -0.0000 0.4179
vn 0.1429 0.9880 0.0590
vn 0.1871 0.9822 0.0151
vn -0.9940 -0.0000 0.1096
vn -0.9957 -0.0001 0.0922
vn -0.1671 -0.9859 0.0123
vn -0.0000 0.9975 0.0710
vn -0.0169 0.9960 0.0875
vn -0.0142 0.9989 0.0445
vn -0.9995 -0.0053 0.0304
vn -0.9985 -0.0092 0.0537
vn -0.9990 -0.0071 0.0443
vn 0.7741 -0.6329 -0.0104
vn 0.7647 -0.6443 -0.0121
vn 0.7576 -0.6524 -0.0202
vn 0.9960 -0.0161 0.0875
vn 0.0061 -0.9729 -0.2312
vn -0.0023 -0.9751 -0.2217
vn 0.0026 -0.9900 -0.1409
vn 0.9334 -0.0731 0.3514
vn -0.0089 0.9998 0.0175
vn 0.0023 1.0000 0.0045
vn 0.5520 0.0242 0.8335
vn -0.0912 0.9933 0.0716
vn -0.1077 0.9867 0.1222
vn -0.0119 0.9975 0.0701
vn -0.1308 0.9667 0.2198
vn -0.0248 0.9993 0.0273
vn -0.0116 0.9992 0.0379
vn -0.3349 0.0056 0.9422
vn -0.0186 0.9992 0.0350
vn 1.0000 -0.0000 -0.0021
vn 0.4658 -0.8844 0.0278
vn 0.6282 0.6509 0.4263
vn 0.6453 0.6324 0.4285
vn 0.6186 0.6591 0.4278
vn 0.6856 0.5981 0.4151
vn 0.5588 -0.0167 -0.8291
vn 0.7069 -0.0242 -0.7069
vn 0.0827 0.9952 0.0521
vn 0.0115 0.9997 0.0195
vn 0.1671 -0.9859 0.0123
vn 0.0217 -0.9998 -0.0015
vn 0.9940 -0.0000 0.1094
vn -0.3298 0.9433 0.0381
vn -0.9940 -0.0000 0.1093
vn 0.9997 0.0173 -0.0172
vn -0.0032 1.0000 -0.0000
vn 0.0175 -0.9968 0.0780
vn -0.0000 -1.0000 -0.0000
vn 0.0074 -0.9962 0.0867
vn -0.1040 -0.9838 0.1461
vn -0.1409 -0.9828 0.1196
vn -0.1429 -0.9880 0.0590
vn 0.0414 0.9983 -0.0405
vn 0.2426 0.9289 -0.2798
vn 0.1167 0.9633 -0.2415
vn 0.1884 0.9820 -0.0104
vn 0.2064 0.9740 -0.0929
vn -0.2250 -0.9640 0.1415
vn -0.8876 -0.0018 0.4607
vn -0.8280 -0.0178 0.5605
vn -0.8429 -0.0035 0.5380
vn -0.0694 0.9976 -0.0004
vn -0.4656 0.8845 0.0278
vn -0.9998 -0.0000 -0.0205
vn 0.2926 -0.9560 -0.0197
vn 0.2843 -0.9586 -0.0138
vn 0.5183 -0.8544 -0.0368
vn 0.8358 -0.5466 -0.0512
vn 0.8192 -0.5704 -0.0598
vn -0.0104 -0.9781 -0.2080
vn 0.0055 -0.9841 -0.1773
vn -0.1407 -0.0000 -0.9901
vn -0.9973 -0.0097 -0.0723
vn -0.9971 -0.0000 -0.0763
vn -0.0353 -0.9994 -0.0023
vn -0.6605 0.7494 -0.0472
vn -0.9987 -0.0000 -0.0508
vn -0.9994 -0.0000 -0.0360
vn -0.9992 -0.0000 -0.0411
vn -0.2124 -0.0129 0.9771
vn 0.0623 0.9981 -0.0034
vn 0.9997 -0.0002 -0.0245
vn 0.9993 -0.0000 -0.0386
vn 0.9993 -0.0000 -0.0385
vn -0.6496 0.6271 0.4299
vn -0.7246 0.5539 0.4101
vn -0.6331 0.6452 0.4277
vn -0.1157 0.9404 0.3199
vn -0.0064 -0.9897 -0.1432
vn -0.8797 -0.0703 0.4703
vn -0.9140 -0.0769 0.3984
vn -0.9065 -0.0684 0.4167
vn -0.0364 0.9988 -0.0313
vn 0.1387 -0.9791 -0.1489
vn -0.9767 -0.0000 0.2145
vn -0.1967 0.9797 0.0375
vn -0.2985 -0.9527 -0.0573
vn -0.9974 -0.0000 0.0724
vn 0.9767 0.0001 0.2145
vn 0.9692 -0.0000 0.2461
vn 0.3737 -0.9236 0.0852
vn 0.1323 -0.9762 -0.1716
vn 0.1439 -0.9588 -0.2449
vn 0.1976 -0.9498 -0.2426
vn 0.1133 0.9931 0.0288
vn 0.8226 -0.0000 0.5686
vn 0.1472 -0.9826 0.1128
vn 0.1106 -0.9838 0.1408
vn -0.0017 -0.9610 -0.2766
vn 0.0009 -0.9657 -0.2595
vn -0.0178 -0.9665 -0.2560
vn -0.2141 -0.9477 -0.2368
vn -0.9012 -0.4319 -0.0363
vn -0.9524 -0.3044 -0.0179
vn -0.8980 -0.4375 -0.0473
vn -0.8609 -0.5084 -0.0221
vn 0.0099 0.9994 0.0336
vn 0.0299 0.9837 0.1773
vn 0.0427 0.9929 0.1108
vn -0.0299 0.9837 0.1772
vn -0.0000 0.9883 0.1524
vn -0.2951 0.9554 -0.0121
vn 0.2201 0.9754 0.0097
vn 0.0425 0.9990 0.0156
vn 0.1630 0.9861 0.0324
vn 0.0385 0.9982 0.0462
vn -0.6432 0.6238 0.4440
vn -0.5920 0.6268 0.5066
vn -0.7244 0.6040 0.3323
vn -0.0002 0.9908 0.1353
vn -0.0936 0.9588 0.2683
vn 0.2032 0.9790 -0.0143
vn 0.2730 0.9619 -0.0138
vn 0.3602 0.9328 -0.0098
vn -0.2824 0.9570 0.0667
vn -0.2601 0.9615 0.0889
vn -0.1484 0.9859 0.0769
vn 0.1092 -0.9940 0.0106
vn 0.0629 -0.9974 0.0345
vn 0.0264 0.9956 0.0897
vn 0.0194 0.9887 0.1489
vn 0.2146 0.9458 0.2435
vn -0.3038 -0.9476 0.0990
vn -0.6606 0.7504 -0.0230
vn -0.6859 0.7271 -0.0307
vn -0.7094 0.7044 -0.0249
vn -0.4128 0.9108 -0.0006
vn -0.6694 0.7428 -0.0141
vn -0.7486 0.6630 0.0015
vn 0.0076 -1.0000 -0.0037
vn -0.9821 -0.0403 0.1841
vn -0.0144 0.9996 -0.0232
vn -0.0558 0.9909 -0.1225
vn -0.0033 -0.9761 -0.2172
vn 0.0158 -0.9757 -0.2187
vn 0.2093 -0.9680 -0.1384
vn 0.9985 -0.0000 -0.0553
vn 0.3832 -0.9233 -0.0239
vn 0.0206 -0.9987 -0.0458
vn 0.0565 -0.9904 -0.1260
vn 0.8874 -0.4587 -0.0455
vn 0.9987 -0.0000 -0.0507
vn 0.9804 -0.0074 0.1967
vn 0.9999 -0.0129 -0.0063
vn -0.9997 -0.0039 0.0241
vn -0.9329 -0.3600 0.0046
vn -0.8452 -0.5344 0.0059
vn 0.1311 -0.9877 0.0848
vn 0.2828 -0.9419 0.1813
vn 0.3616 -0.9002 0.2427
vn 0.9999 -0.0000 -0.0172
vn 0.5902 0.8070 -0.0186
vn 0.1670 0.9256 0.3396
vn -0.9980 -0.0000 -0.0634
vn -0.7969 0.6011 -0.0608
vn -0.9994 -0.0000 -0.0332
vn -0.1467 -0.9635 -0.2238
vn -0.0775 -0.9797 -0.1850
vn 0.0762 0.9006 -0.4278
vn 0.1407 -0.0000 -0.9901
vn 0.9974 -0.0000 0.0725
vn 0.7858 0.6139 0.0755
vn 0.7380 0.6737 0.0388
vn 0.7839 0.6140 0.0919
vn -0.9804 -0.0075 -0.1967
vn -0.9999 0.0157 -0.0000
vn -0.9999 -0.0129 -0.0000
vn 0.9145 0.4045 -0.0033
vn 0.9312 0.3643 0.0129
vn 0.9271 0.3743 -0.0195
vn 0.9054 0.4232 -0.0346
vn 0.8610 0.5083 -0.0181
vn -0.8031 0.0041 0.5958
vn -0.8396 -0.0168 0.5430
vn -0.1811 0.9806 0.0753
vn -0.0822 0.9946 0.0630
vn -0.9640 0.2655 -0.0147
vn -0.9800 0.1989 0.0120
vn -0.9054 0.4232 -0.0346
vn -0.9017 0.4299 -0.0465
vn -0.7052 0.0075 -0.7089
vn -0.5521 0.0129 -0.8337
vn -0.7860 -0.6136 0.0755
vn -0.7381 -0.6735 0.0388
vn -0.7841 -0.6138 0.0919
vn 0.2360 0.9679 0.0868
vn 0.2264 0.9624 0.1498
vn 0.2365 0.9553 0.1773
vn 0.5373 0.7527 0.3805
vn 0.4966 0.7944 0.3499
vn -0.0073 -1.0000 -0.0039
vn -0.7012 -0.0138 0.7128
vn -0.1903 -0.9543 0.2306
vn 0.8286 -0.5598 0.0088
vn 0.8374 -0.5466 0.0084
vn 0.8237 -0.5669 0.0097
vn 0.8140 -0.5808 0.0090
vn 0.1847 0.0121 0.9827
vn 0.0015 1.0000 0.0051
vn 0.9188 0.0129 -0.3945
vn -0.0000 1.0000 -0.0000
vn -0.9775 0.0264 -0.2092
vn -0.1445 -0.0130 -0.9894
vn 0.0232 -0.0129 -0.9996
vn -0.0239 0.0145 -0.9996
vn 0.9276 0.2911 -0.2341
vn 0.8730 0.4077 -0.2678
vn 0.9229 0.1054 -0.3703
vn -0.1833 0.9830 0.0119
vn -0.2381 0.9696 0.0560
vn 0.0020 -1.0000 -0.0043
vn 0.0445 -0.9990 -0.0074
vn -0.9906 -0.0277 0.1340
vn -0.0643 0.9707 0.2314
vn -0.2188 0.9601 0.1743
vn 0.3188 0.9244 0.2093
vn 0.8386 -0.0042 0.5447
vn -0.1707 0.9354 0.3096
vn -0.0463 0.9538 0.2970
vn -0.0124 0.9751 0.2212
vn -0.8661 -0.4967 -0.0559
vn -0.8468 -0.5299 -0.0458
vn -0.7709 -0.6345 -0.0563
vn -0.8714 -0.0597 0.4870
vn -0.6004 0.6800 0.4208
vn 0.1709 0.9852 -0.0108
vn 0.9973 -0.0000 -0.0735
vn 0.9981 -0.0000 -0.0615
vn 0.9979 -0.0000 -0.0649
vn 0.0135 0.9999 -0.0003
vn -0.6330 -0.7592 0.1512
vn -0.6408 -0.7533 0.1482
vn -0.6129 -0.7581 0.2227
vn -0.2777 -0.9546 0.1076
vn -0.5748 -0.7593 0.3052
vn -0.4978 -0.8016 0.3312
vn 0.1201 -0.9911 -0.0577
vn -0.3395 -0.9134 0.2246
vn 0.9998 -0.0004 -0.0186
vn 0.9484 -0.3165 -0.0197
vn -0.0765 -0.8998 -0.4296
vn -0.0819 -0.7956 -0.6003
vn 0.6694 -0.7427 -0.0141
vn 0.4129 -0.9108 -0.0006
vn 0.7486 -0.6630 0.0016
vn 0.7181 -0.6956 0.0219
vn -0.0196 0.6373 0.7704
vn 0.0199 0.6373 0.7703
vn -0.1043 0.6379 0.7631
vn -0.8147 0.5543 0.1705
vn -0.8043 0.5602 0.1979
vn -0.8208 0.5576 0.1240
vn -0.7180 0.6957 0.0219
vn -0.9981 -0.0000 0.0611
vn -0.7969 0.5793 0.1715
vn -0.7851 0.5852 0.2029
vn -0.7883 0.6069 0.1010
vn 0.1537 -0.9850 0.0786
vn 0.3871 -0.9040 0.1817
vn -0.2855 0.9405 0.1845
vn -0.3684 0.8944 0.2536
vn 0.0196 -0.6371 0.7706
vn -0.0199 -0.6371 0.7706
vn 0.1043 -0.6376 0.7633
vn -0.1055 -0.0000 -0.9944
vn -0.0517 -0.8508 -0.5230
vn -0.3424 -0.9226 0.1779
vn -0.4695 -0.8654 0.1751
vn -0.4737 0.6389 0.6061
vn -0.4166 0.6383 0.6473
vn -0.3021 0.6413 0.7053
vn 0.9971 -0.0000 -0.0762
vn 0.7340 -0.6770 -0.0549
vn 0.1687 -0.7626 -0.6245
vn 0.1935 -0.7514 -0.6308
vn -0.1686 0.7637 -0.6232
vn -0.1934 0.7525 -0.6295
vn 0.2020 -0.9593 -0.1972
vn -0.0000 -0.9997 -0.0229
vn 0.9909 -0.0273 0.1321
vn -0.6861 0.7266 -0.0366
vn -0.7109 0.7019 -0.0447
vn -0.7368 0.6750 -0.0397
vn 0.8395 -0.0530 0.5408
vn 0.7222 0.6909 -0.0328
vn 0.7004 0.7128 -0.0375
vn 0.6903 0.7221 -0.0452
vn 0.7519 0.6576 -0.0478
vn 0.7337 0.6772 -0.0549
vn -0.0065 0.9776 0.2105
vn -0.2564 -0.9664 -0.0176
vn -0.7340 -0.6770 -0.0550
vn -0.8191 -0.5703 -0.0623
vn -0.6906 -0.7218 -0.0452
vn -0.7006 -0.7125 -0.0375
vn -0.7521 -0.6573 -0.0478
vn 0.7971 0.5792 0.1709
vn 0.7853 0.5852 0.2023
vn 0.8133 0.5687 0.1229
vn 0.7483 0.6005 0.2818
vn 0.9928 -0.0222 0.1181
vn 0.3022 -0.6410 0.7055
vn 0.2493 -0.6392 0.7275
vn 0.4167 -0.6381 0.6475
vn 0.1498 -0.6388 0.7546
vn 0.7716 0.6336 -0.0563
vn 0.8189 0.5706 -0.0622
vn 0.8677 0.4939 -0.0557
vn -0.8041 -0.5945 0.0068
vn -0.7791 -0.6268 -0.0093
vn -0.8326 -0.5539 0.0102
vn -0.7878 -0.6159 -0.0030
vn -0.7737 -0.6335 -0.0097
vn -0.5902 -0.8070 -0.0186
vn -0.7855 -0.5849 0.2024
vn -0.7973 -0.5789 0.1710
vn -0.7485 -0.6003 0.2818
vn -0.8135 -0.5685 0.1230
vn -0.1045 -0.6376 0.7632
vn -0.1502 -0.6388 0.7545
vn -0.2494 -0.6392 0.7275
vn -0.0000 -0.9979 0.0641
vn 0.0116 -0.9992 0.0380
vn 0.0387 -0.9982 0.0463
vn 0.7246 -0.6037 0.3325
vn 0.7480 -0.6005 0.2827
vn 0.6433 -0.6236 0.4441
vn 0.7852 -0.5850 0.2030
vn -0.6632 0.6175 0.4230
vn -0.7487 0.5355 0.3907
vn -0.7609 0.5466 0.3497
vn -0.7071 0.0129 0.7070
vn 0.1748 0.9846 0.0003
vn 0.1753 0.9843 -0.0182
vn 0.1748 0.9846 -0.0004
vn 0.0399 -0.9992 -0.0033
vn 0.5407 0.0129 -0.8411
vn 0.1298 -0.0000 -0.9915
vn 0.0931 -0.8212 -0.5629
vn -0.1298 -0.0000 -0.9915
vn -0.0929 0.8221 -0.5617
vn 0.9775 0.0268 0.2092
vn 0.1743 0.9845 0.0180
vn -0.0000 -0.8707 -0.4919
vn 0.1715 -0.0129 0.9851
vn -0.7141 -0.0249 -0.6996
vn -0.0316 0.8060 -0.5911
vn -0.0516 0.8515 -0.5218
vn 0.9011 -0.4320 -0.0362
vn 0.8609 -0.5083 -0.0221
vn -0.6018 -0.7844 0.1504
vn -0.6304 -0.7643 0.1356
vn -0.6590 -0.7439 0.1114
vn 0.0516 0.8515 -0.5218
vn -0.8145 -0.5776 0.0545
vn -0.6812 -0.7317 0.0219
vn -0.7085 -0.7056 0.0097
vn 0.8143 0.5779 0.0544
vn 0.6810 0.7320 0.0218
vn 0.7084 0.7057 0.0097
vn 0.7084 0.0031 0.7058
vn 0.1860 -0.9568 0.2236
vn 0.2819 -0.9553 0.0896
vn -0.5130 -0.8568 0.0531
vn -0.5035 -0.8628 0.0452
vn 0.5147 0.8555 0.0569
vn 0.5043 0.8622 0.0489
vn 0.6963 -0.0188 0.7175
vn 0.2329 -0.9712 -0.0498
vn 0.2207 -0.9715 -0.0869
vn -0.8184 -0.5745 0.0106
vn -0.8455 -0.5339 0.0103
vn -0.7681 0.6377 -0.0579
vn 0.7860 -0.6136 0.0755
vn 0.7885 -0.6067 0.1010
vn 0.9981 -0.0000 0.0611
vn 0.7888 -0.6123 0.0542
vn 0.7707 -0.6257 0.1203
vn 0.6969 -0.7172 -0.0061
vn 0.6291 0.7772 -0.0129
vn -0.0116 -0.9992 0.0380
vn -0.8468 0.5300 -0.0448
vn -0.8677 0.4939 -0.0557
vn -0.7493 -0.6623 0.0008
vn -0.6972 -0.7168 -0.0085
vn -0.7874 -0.6165 -0.0019
vn 0.1518 0.9310 0.3318
vn 0.8163 -0.5656 0.1171
vn 0.7971 -0.5790 0.1715
vn -0.7858 0.6139 0.0755
vn -0.8162 0.5659 0.1170
vn 0.6802 -0.7321 -0.0367
vn 0.6175 -0.7860 -0.0292
vn 0.7521 -0.6574 -0.0478
vn -0.2843 -0.9586 -0.0138
vn -0.2954 -0.9551 -0.0216
vn -0.6732 -0.7372 0.0576
vn -0.6746 -0.7372 0.0394
vn -0.1749 0.9846 -0.0003
vn -0.1753 0.9843 -0.0181
vn -0.1748 0.9846 0.0003
vn -0.8417 0.4742 0.2582
vn -0.9105 0.1713 0.3765
vn 0.9017 0.4299 -0.0465
vn 0.1045 0.6379 0.7630
vn 0.1502 0.6390 0.7544
vn 0.2494 0.6394 0.7273
vn -0.1743 0.9845 0.0180
vn -0.7478 0.6007 0.2827
vn -0.5921 0.6934 0.4105
vn -0.0333 0.9886 0.1468
vn -0.9149 0.1054 -0.3896
vn -0.8731 0.4073 -0.2678
vn -0.1581 0.9874 -0.0084
vn -0.1095 0.9940 -0.0038
vn -0.0095 0.9505 0.3105
vn 0.9149 0.1060 0.3896
vn 0.8412 0.4751 0.2580
vn -0.3913 0.9016 0.1847
vn -0.7222 -0.6909 -0.0328
vn 0.5227 0.3228 0.7890
vn 0.6906 0.1747 0.7018
vn -0.8143 0.5778 0.0544
vn -0.4249 0.7989 -0.4257
vn -0.3786 0.7815 -0.4959
vn -0.4999 0.8302 -0.2467
vn -0.2924 0.7547 -0.5873
vn 0.7094 -0.7044 -0.0250
vn 0.5010 -0.8033 0.3221
vn -0.8416 0.5371 0.0563
vn -0.8339 0.5475 0.0702
vn -0.8448 0.5337 0.0368
vn -0.8297 0.5486 0.1031
vn 0.6910 0.6020 0.4002
vn 0.6632 0.6174 0.4230
vn 0.9141 0.4041 0.0323
vn 0.9058 0.4205 0.0515
vn 0.8562 0.5165 0.0133
vn 0.3471 0.9202 0.1808
vn 0.4724 0.8632 0.1781
vn -0.7886 0.5420 0.2903
vn -0.7608 0.5659 0.3177
vn -0.7283 0.5881 0.3517
vn 0.6403 -0.7637 0.0826
vn 0.5035 -0.8628 0.0452
vn 0.5130 -0.8568 0.0531
vn -0.6410 0.7627 0.0859
vn -0.5043 0.8622 0.0489
vn -0.5147 0.8555 0.0569
vn -0.2193 0.9757 -0.0005
vn 0.1551 0.9877 0.0187
vn 0.2013 0.9784 0.0475
vn 0.6329 -0.7592 0.1520
vn 0.7511 -0.6396 0.1636
vn 0.6132 -0.7583 0.2213
vn -0.2534 0.7536 -0.6066
vn 0.2922 -0.7539 -0.5885
vn 0.2533 -0.7526 -0.6078
vn 0.3782 -0.7805 -0.4977
vn -0.2288 0.9678 0.1052
vn 0.7121 0.5201 0.4715
vn -0.2758 -0.9611 -0.0162
vn -0.6291 -0.7772 -0.0129
vn 0.7656 0.5563 0.3231
vn 0.7830 0.5235 0.3359
vn 0.7767 0.5581 0.2920
vn -0.5181 0.7805 0.3498
vn -0.5530 0.7367 0.3892
vn 0.8298 0.5484 0.1036
vn 0.8208 0.5577 0.1234
vn -0.5938 -0.7647 0.2504
vn -0.1241 -0.9898 -0.0706
vn 0.2758 -0.9611 -0.0162
vn 0.8145 -0.5777 0.0545
vn -0.0299 -0.9837 0.1772
vn -0.8610 0.5083 -0.0184
vn 0.7927 0.5483 0.2666
vn -0.0959 -0.8810 -0.4633
vn 0.0955 0.8822 -0.4611
vn 0.1938 0.7526 -0.6292
vn -0.1940 -0.7513 -0.6308
vn 0.8089 -0.5879 0.0081
vn 0.0321 -0.8051 -0.5923
vn 0.0517 -0.8507 -0.5230
vn -0.0000 0.8713 -0.4907
vn -0.6403 -0.7637 0.0826
vn -0.6469 -0.7562 0.0985
vn 0.6411 0.7627 0.0859
vn 0.6478 0.7550 0.1016
vn -0.0316 -0.8051 -0.5923
vn 0.0316 0.8060 -0.5911
vn 0.8469 0.5299 -0.0448
vn -0.1274 0.7761 -0.6176
vn 0.1277 -0.7751 -0.6188
vn -0.0818 0.7965 -0.5990
vn 0.0814 -0.7956 -0.6003
vn 0.0813 0.7966 -0.5991
vn 0.3841 0.1745 0.9067
vn 0.7922 -0.6103 -0.0014
vn 0.7762 -0.6303 -0.0105
vn 0.7986 -0.6019 0.0054
vn 0.5755 -0.7602 0.3016
vn 0.5419 -0.7830 0.3054
vn 0.5936 -0.7645 0.2512
vn -0.2012 -0.9784 0.0476
vn -0.1551 -0.9877 0.0187
vn 0.9087 -0.1692 0.3817
vn 0.8376 0.5426 0.0635
vn 0.7519 0.5431 0.3739
vn 0.7548 0.5480 0.3605
vn 0.8217 0.1692 0.5443
vn -0.9659 -0.1693 -0.1962
vn -0.9937 -0.1119 -0.0000
vn -0.9106 -0.1691 -0.3772
vn -0.1498 0.6391 0.7544
vn -0.2492 0.6395 0.7273
vn 0.4738 -0.6387 0.6062
vn 0.5921 -0.6266 0.5067
vn -0.8217 0.1691 0.5443
vn 0.8216 -0.1693 -0.5443
vn 0.9106 -0.1690 -0.3772
vn 0.6969 0.1693 -0.6969
vn 0.5580 0.1034 -0.8234
vn -0.6969 0.1693 -0.6969
vn -0.5488 0.1118 -0.8285
vn -0.8217 0.1691 -0.5443
vn 0.9659 -0.1693 0.1961
vn 0.9945 -0.1046 -0.0092
vn -0.9659 -0.1693 0.1962
vn -0.3027 -0.6410 0.7053
vn -0.4167 -0.6380 0.6475
vn 0.3026 0.6412 0.7052
vn 0.4166 0.6383 0.6473
vn -0.4746 -0.6386 0.6058
vn -0.5920 -0.6266 0.5068
vn 0.4744 0.6389 0.6055
vn 0.5919 0.6269 0.5066
vn -0.6441 -0.6234 0.4433
vn -0.7246 -0.6037 0.3323
vn 0.6439 0.6237 0.4432
vn 0.7244 0.6040 0.3323
vn 0.5443 -0.1693 0.8217
vn -0.5443 0.1691 0.8217
vn -0.7027 0.1119 0.7027
vn -0.3772 0.1691 0.9106
vn 0.5443 -0.1692 -0.8217
vn -0.5443 -0.1691 -0.8217
vn -0.0000 -0.1693 0.9856
vn 0.1876 -0.1034 0.9768
vn -0.1876 -0.1034 0.9768
vn -0.0000 0.1693 -0.9856
vn -0.1961 0.1691 -0.9659
vn 0.1961 0.1692 0.9659
vn -0.0000 0.1119 0.9937
vn -0.1961 0.1692 0.9659
vn 0.1962 0.1691 -0.9659
vn -0.3772 0.1691 -0.9106
vn -0.6906 -0.1748 0.7018
vn 0.5023 -0.8468 0.1751
vn -0.9856 0.1694 -0.0000
vn 0.9856 0.1693 -0.0000
vn 0.6036 0.7824 0.1534
vn 0.6319 0.7625 0.1386
vn 0.6601 0.7424 0.1145
vn 0.3772 -0.1692 -0.9106
vn -0.8350 -0.1034 -0.5405
vn 0.9726 -0.1034 -0.2083
vn -0.5290 -0.8475 -0.0432
vn -0.5107 -0.8347 -0.2061
vn 0.5107 0.8355 -0.2030
vn 0.5291 0.8476 -0.0399
vn 0.4998 -0.8294 -0.2495
vn -0.5050 0.8446 0.1780
vn 0.6568 -0.7466 0.1060
vn -0.6579 0.7452 0.1090
vn -0.9966 0.0329 -0.0751
vn 0.5291 -0.8475 -0.0432
vn -0.5291 0.8477 -0.0399
vn 0.2738 0.7517 -0.6000
vn -0.2737 -0.7507 -0.6013
vn 0.8085 0.5584 0.1857
vn 0.8146 0.5541 0.1712
vn -0.5226 -0.3231 0.7889
vn -0.0116 -0.1032 -0.9946
vn -0.1883 -0.3235 -0.9273
vn 0.0099 0.9999 0.0111
vn 0.0049 0.9998 0.0194
vn 0.0063 0.9996 0.0282
vn -0.0120 0.9999 -0.0004
vn -0.0060 1.0000 -0.0001
vn -0.0007 1.0000 0.0004
vn 0.0031 -1.0000 -0.0002
vn -0.0033 -1.0000 -0.0002
vn 0.0003 -1.0000 -0.0003
vn -0.0054 -1.0000 0.0021
vn -0.0067 -1.0000 -0.0001
vn -0.0096 -1.0000 0.0023
vn 0.0089 1.0000 0.0003
vn 0.0063 1.0000 -0.0009
vn 0.0053 1.0000 0.0023
vn 0.0087 0.9536 0.3011
vn 0.0205 0.9327 0.3601
vn -0.0012 0.9325 0.3613
vn -0.0459 -0.9236 -0.3807
vn -0.0453 -0.9168 -0.3969
vn -0.0603 -0.9086 -0.4132
vn -0.0016 -1.0000 -0.0030
vn -0.0092 -0.9999 -0.0081
vn 0.0037 -1.0000 0.0029
vn -0.0030 1.0000 0.0039
vn 0.0072 1.0000 0.0007
vn -0.0034 0.9999 -0.0101
vn -0.0239 0.9565 0.2907
vn -0.0517 0.9540 0.2953
vn -0.0317 0.9756 0.2173
vn 0.0195 -0.9998 0.0006
vn 0.1227 -0.9924 0.0037
vn 0.0817 -0.9967 0.0001
vn 0.0098 1.0000 -0.0004
vn 0.0168 0.9999 -0.0002
vn 0.0396 0.9992 -0.0015
vn -0.0028 -1.0000 0.0007
vn 0.0077 -1.0000 -0.0000
vn -0.0148 0.9998 -0.0132
vn 0.0400 -0.9992 -0.0082
vn 0.0152 0.9998 -0.0140
vn 0.0214 0.9997 -0.0148
vn 0.0357 0.9981 -0.0493
vn -0.0043 -1.0000 0.0034
vn -0.0065 -1.0000 -0.0000
vn 0.0189 -0.9998 -0.0036
vn 0.0099 -0.9999 0.0024
vn 0.0061 -1.0000 0.0011
vn 0.0050 -1.0000 0.0015
vn -0.0164 0.9998 -0.0063
vn -0.0206 0.9998 -0.0027
vn -0.0128 0.9999 -0.0011
vn 0.0009 -1.0000 0.0001
vn -0.2566 -0.9530 0.1609
vn -0.1955 -0.9617 0.1922
vn -0.0117 0.9995 0.0305
vn -0.0995 0.9653 0.2415
vn -0.1524 0.9623 0.2253
vn 0.0801 -0.9967 0.0116
vn 0.0133 -0.9999 -0.0031
vn 0.0017 0.9989 0.0475
vn -0.0030 0.9983 0.0583
vn -0.0129 0.9999 0.0006
vn -0.0964 0.9953 0.0028
vn -0.1261 0.9920 -0.0002
vn -0.0704 -0.9975 -0.0045
vn -0.3864 -0.9219 -0.0280
vn -0.1957 -0.9806 -0.0135
vn -0.1050 0.9923 0.0659
vn -0.0285 0.9993 0.0248
vn -0.0221 0.9997 0.0118
vn -0.0865 -0.9958 -0.0285
vn -0.0957 -0.9945 -0.0417
vn 0.9650 -0.0099 0.2622
vn 0.9831 -0.0223 0.1818
vn 0.9821 0.0094 0.1882
vn 0.9993 0.0068 -0.0374
vn 0.9991 0.0315 -0.0301
vn 0.9996 -0.0002 -0.0269
vn 0.0156 -0.9854 -0.1696
vn -0.0065 -0.9999 -0.0103
vn 0.0014 -0.9998 -0.0204
vn -0.0354 0.9984 -0.0437
vn -0.0198 0.9997 -0.0124
vn -0.0156 0.9998 -0.0147
vn -0.8891 -0.1309 0.4386
vn -0.8728 -0.1924 0.4486
vn -0.8793 -0.1796 0.4412
vn -0.7503 -0.1020 0.6531
vn -0.7421 -0.1266 0.6583
vn -0.7503 -0.0789 0.6564
vn 0.9013 0.0079 0.4331
vn 0.8436 0.0015 0.5369
vn 0.8539 -0.0232 0.5200
vn 0.8651 -0.2255 0.4481
vn 0.8779 -0.1782 0.4444
vn 0.8810 -0.2161 0.4209
vn -0.0907 0.9957 0.0199
vn -0.0082 1.0000 0.0055
vn -0.9821 -0.0094 0.1882
vn -0.9603 -0.0190 0.2784
vn -0.9650 0.0099 0.2622
vn -0.9973 -0.0140 -0.0715
vn -0.9977 -0.0245 -0.0632
vn -0.9979 0.0099 -0.0645
vn 0.0056 -1.0000 -0.0057
vn 0.0016 -1.0000 -0.0066
vn 0.0026 0.9999 -0.0105
vn 0.0045 1.0000 -0.0047
vn 0.9175 -0.0382 0.3959
vn 0.8418 -0.0523 0.5373
vn 0.8404 0.0290 0.5412
vn -0.5558 0.0290 0.8308
vn -0.3588 0.0371 0.9327
vn -0.4056 -0.0380 0.9132
vn 0.7789 -0.0555 0.6247
vn 0.8108 -0.0277 0.5847
vn 0.8002 -0.0195 0.5994
vn 0.0375 0.9993 -0.0004
vn 0.0054 1.0000 -0.0001
vn 1.0000 -0.0000 -0.0028
vn 0.9997 0.0116 -0.0196
vn 0.9995 -0.0273 -0.0185
vn -0.0385 0.9365 0.3485
vn -0.9364 -0.0689 0.3441
vn -0.9499 -0.0414 0.3097
vn -0.9445 -0.0290 0.3273
vn -0.8697 -0.2751 0.4098
vn -0.8959 -0.1934 0.4000
vn -0.8954 -0.1353 0.4241
vn -0.9221 0.0010 0.3869
vn -0.8322 -0.0081 0.5545
vn -0.8320 0.0245 0.5543
vn -0.2235 0.0019 0.9747
vn -0.4727 0.0034 0.8812
vn -0.4174 -0.0185 0.9085
vn 0.9479 -0.0097 0.3184
vn 0.9560 0.0136 0.2930
vn 0.9558 -0.0171 0.2934
vn 0.8936 -0.1546 0.4214
vn 0.9012 -0.1725 0.3977
vn 0.9603 0.0190 0.2784
vn 0.9478 -0.0346 0.3170
vn 0.9745 -0.0376 0.2214
vn 0.9735 -0.0104 0.2283
vn 0.0135 0.9999 0.0058
vn -0.0120 0.9999 0.0018
vn -0.0225 0.9997 -0.0062
vn -0.7857 -0.0066 -0.6185
vn -0.7157 0.0112 -0.6983
vn -0.7155 -0.0238 -0.6982
vn -0.9506 -0.0091 -0.3104
vn -0.9174 -0.0099 -0.3978
vn -0.9255 -0.0313 -0.3774
vn 0.9984 -0.0018 -0.0560
vn 0.9979 -0.0083 -0.0643
vn 0.9977 0.0260 -0.0622
vn -0.0766 -0.9955 0.0551
vn 0.0026 -1.0000 -0.0051
vn -0.0048 -1.0000 -0.0049
vn -0.9116 0.0030 0.4111
vn -0.9475 0.0116 0.3194
vn -0.9449 -0.0144 0.3271
vn 0.9221 -0.0010 0.3869
vn 0.8322 0.0081 0.5545
vn 0.8320 -0.0245 0.5543
vn 0.0008 -1.0000 0.0077
vn 0.0156 -0.9982 0.0572
vn -0.0083 -0.9975 0.0703
vn -0.0782 0.9968 -0.0155
vn -0.0271 0.9996 -0.0093
vn -0.9992 -0.0363 -0.0158
vn -0.9970 -0.0383 0.0676
vn -0.9980 -0.0101 0.0620
vn -0.5176 -0.0248 -0.8553
vn -0.6234 -0.0418 -0.7808
vn -0.6241 -0.0056 -0.7813
vn -0.3632 0.0103 -0.9316
vn -0.2393 0.0136 -0.9709
vn -0.2689 -0.0102 -0.9631
vn -0.1815 0.9823 0.0463
vn -0.1360 0.9899 0.0388
vn -0.0924 0.9956 0.0163
vn -0.9999 0.0060 0.0084
vn -0.9994 -0.0041 0.0340
vn -0.9990 0.0204 0.0385
vn -0.0155 -0.9999 0.0005
vn -0.0236 -0.9997 0.0027
vn -0.0045 -1.0000 -0.0021
vn -0.9999 0.0119 0.0110
vn -0.9993 0.0278 0.0255
vn -0.9996 -0.0113 0.0248
vn -0.9580 -0.0099 0.2865
vn -0.9551 0.0003 0.2962
vn 0.1557 0.0147 -0.9877
vn 0.2701 0.0184 -0.9627
vn 0.2602 -0.0081 -0.9655
vn -0.1427 -0.0076 -0.9897
vn -0.0570 -0.7486 -0.6605
vn 0.0010 -0.7264 -0.6873
vn -0.0010 -0.7807 -0.6250
vn -0.7803 -0.3275 0.5328
vn -0.7473 -0.4248 0.5110
vn -0.7925 -0.3737 0.4820
vn 0.4146 -0.0371 -0.9092
vn 0.5846 -0.0378 -0.8104
vn 0.5426 0.0378 -0.8392
vn 0.9851 0.0371 0.1682
vn 0.9988 0.0372 -0.0320
vn 0.9991 -0.0376 0.0214
vn 0.6312 -0.0032 -0.7756
vn 0.7157 0.0113 -0.6983
vn 0.7155 -0.0237 -0.6982
vn 0.9235 0.0096 -0.3835
vn 0.9545 0.0131 -0.2978
vn 0.9525 -0.0142 -0.3043
vn 0.0001 -0.0207 0.9998
vn 0.1965 0.0289 0.9801
vn 0.1920 -0.0522 0.9800
vn -0.0002 -1.0000 0.0001
vn 0.0004 -1.0000 0.0005
vn 0.3683 0.0376 -0.9289
vn -0.5426 -0.0378 -0.8391
vn -0.3683 -0.0382 -0.9289
vn -0.4149 0.0371 -0.9091
vn 0.9774 -0.0002 0.2116
vn 0.9705 -0.0055 0.2412
vn 0.9713 0.0214 0.2370
vn 0.9996 0.0113 0.0248
vn 0.9996 0.0271 0.0103
vn 0.9999 -0.0119 0.0110
vn -0.9833 0.0375 -0.1780
vn -0.9991 0.0376 0.0214
vn -0.9988 -0.0373 -0.0321
vn -0.5847 0.0378 -0.8104
vn -0.7134 0.0388 -0.6996
vn -0.7145 -0.0206 -0.6994
vn 0.6139 -0.0355 -0.7886
vn 0.3841 -0.0073 -0.9233
vn 0.3740 -0.0343 -0.9268
vn 0.9920 -0.0249 -0.1234
vn 0.9765 -0.0425 -0.2113
vn 0.9774 -0.0022 -0.2114
vn 0.9896 -0.0219 0.1422
vn 0.9897 0.0180 0.1422
vn -0.9999 -0.0099 0.0085
vn 0.1178 0.7794 0.6154
vn 0.1169 0.7895 0.6025
vn 0.1564 0.7542 0.6377
vn 0.7587 -0.4316 0.4880
vn 0.7479 -0.3544 0.5613
vn 0.7705 -0.3076 0.5583
vn 0.6520 0.0211 0.7579
vn 0.6833 -0.0111 0.7300
vn 0.0001 -0.0019 1.0000
vn 0.2391 -0.0035 0.9710
vn 0.1834 0.0191 0.9829
vn -0.0160 -0.9994 0.0312
vn -0.6520 -0.0211 0.7580
vn -0.6833 0.0111 0.7300
vn -0.7851 -0.2317 0.5744
vn -0.1140 0.8079 0.5782
vn -0.1168 0.7912 0.6003
vn -0.1571 0.7577 0.6334
vn 0.7229 -0.3659 0.5861
vn 0.7684 -0.4475 0.4576
vn 0.7314 -0.5207 0.4403
vn 0.9172 -0.0247 -0.3977
vn 0.8802 -0.0409 -0.4728
vn 0.8811 -0.0049 -0.4730
vn 0.0810 -0.9964 -0.0244
vn 0.4056 0.0375 0.9133
vn 0.5754 0.0382 0.8170
vn 0.5327 -0.0372 0.8455
vn 0.0003 1.0000 0.0002
vn -0.9995 0.0007 -0.0311
vn -0.9929 0.0189 -0.1171
vn -0.9929 -0.0221 -0.1170
vn -0.9570 -0.0313 -0.2885
vn -0.7822 -0.0232 0.6226
vn -0.8127 -0.0130 0.5825
vn -0.8043 -0.0424 0.5928
vn -0.8983 -0.0224 0.4387
vn -0.9997 -0.0116 -0.0196
vn -0.9988 -0.0306 -0.0390
vn -0.9992 0.0101 -0.0391
vn 0.7743 -0.0415 0.6314
vn 0.7554 -0.0602 0.6525
vn 0.7556 -0.0739 0.6509
vn 0.9983 0.0039 -0.0585
vn 0.9972 0.0161 -0.0736
vn 0.9970 -0.0280 -0.0722
vn -0.9732 -0.0370 -0.2270
vn -0.9138 -0.0376 -0.4045
vn -0.9322 0.0376 -0.3601
vn -0.0220 -0.9997 -0.0060
vn 0.9999 -0.0059 0.0084
vn 0.9994 0.0041 0.0340
vn 0.9990 -0.0204 0.0385
vn -0.0507 -0.9982 -0.0330
vn -0.7850 -0.0410 -0.6182
vn 0.0999 -0.7468 -0.6575
vn 0.0958 -0.7091 -0.6985
vn 0.1301 -0.6966 -0.7055
vn -0.1371 -0.9625 -0.2341
vn 0.0267 -0.9397 -0.3410
vn -0.0086 -0.9631 -0.2691
vn 0.0088 0.9986 0.0513
vn 0.0032 0.9676 0.2525
vn 0.0863 0.9401 0.3298
vn -0.0156 0.0257 0.9995
vn 0.9322 -0.0375 -0.3601
vn 0.9833 -0.0375 -0.1780
vn 0.9732 0.0370 -0.2271
vn -0.9831 0.0222 0.1819
vn -0.1949 0.9805 0.0230
vn -0.1815 0.9826 0.0400
vn 0.0671 0.9756 -0.2091
vn 0.0313 0.9830 -0.1811
vn -0.1118 0.0154 -0.9936
vn 0.0235 0.0160 -0.9996
vn -0.0095 -0.0064 -0.9999
vn 0.9941 0.0123 -0.1076
vn 0.0254 0.9997 0.0002
vn 0.1059 0.9943 -0.0134
vn 0.0709 0.9974 -0.0147
vn 0.9471 -0.0487 0.3173
vn 0.9350 -0.0679 0.3482
vn 0.9330 -0.0399 0.3576
vn -0.0138 0.9999 0.0053
vn -0.0135 0.9998 0.0155
vn -0.0097 0.9999 0.0132
vn -0.0023 0.9996 0.0277
vn -0.0056 0.9998 0.0181
vn 0.0340 0.9993 -0.0178
vn 0.1233 0.9901 -0.0669
vn 0.0889 0.9944 -0.0576
vn 0.7857 -0.0065 -0.6185
vn 0.8379 0.0118 -0.5457
vn 0.8377 -0.0230 -0.5457
vn 0.0811 0.9965 0.0209
vn 0.0361 0.9993 0.0061
vn 0.0234 0.9997 0.0110
vn 0.2911 0.9567 -0.0027
vn 0.2098 0.9777 -0.0052
vn 0.1249 -0.0071 -0.9921
vn 0.0017 -0.9883 -0.1524
vn -0.1031 0.9946 -0.0109
vn -0.0804 0.9968 -0.0012
vn -0.9736 -0.0028 0.2282
vn -0.9897 0.0180 0.1422
vn -0.9896 -0.0219 0.1423
vn -0.0445 0.8379 0.5441
vn -0.0250 0.9180 0.3958
vn -0.0425 0.9109 0.4105
vn -0.0046 0.8659 0.5002
vn -0.0000 0.9088 0.4172
vn 0.0342 0.9013 0.4319
vn 0.1139 -0.7730 -0.6241
vn 0.1239 -0.7158 -0.6873
vn -0.0265 -0.9996 -0.0082
vn -0.3451 -0.9341 0.0913
vn -0.2673 -0.9628 0.0393
vn 0.1576 -0.9875 -0.0028
vn 0.0590 -0.9983 0.0001
vn 0.0383 -0.9993 -0.0017
vn 0.9992 -0.0220 -0.0319
vn 0.9991 -0.0173 -0.0397
vn 0.5177 -0.0090 -0.8555
vn 0.4873 -0.0304 -0.8727
vn -0.9992 0.0221 -0.0318
vn -0.9991 0.0173 -0.0399
vn -0.9993 -0.0069 -0.0374
vn -0.6104 0.7913 -0.0346
vn -0.3483 0.9372 -0.0168
vn -0.2462 0.9691 -0.0159
vn -0.8273 0.0384 0.5605
vn -0.7131 0.0636 0.6982
vn -0.7142 -0.0362 0.6990
vn -0.1955 0.9617 0.1922
vn -0.2566 0.9530 0.1609
vn -0.0190 0.9997 0.0137
vn -0.9969 -0.0231 0.0750
vn -0.9983 -0.0390 0.0427
vn -0.9989 0.0013 0.0461
vn -0.1561 -0.9870 0.0368
vn 0.9972 -0.0426 0.0620
vn 0.9981 -0.0021 0.0621
vn -0.4974 0.0099 -0.8675
vn 0.2189 0.9757 -0.0051
vn 0.2371 0.9715 -0.0007
vn 0.1768 0.9842 0.0051
vn 0.9999 0.0099 0.0085
vn -0.2657 -0.9639 -0.0163
vn -0.0180 -0.9998 -0.0006
vn -0.9991 -0.0315 -0.0301
vn -0.9996 0.0002 -0.0269
vn -0.0627 -0.9978 0.0208
vn -0.0175 -0.9998 0.0027
vn -0.0207 -0.9998 -0.0001
vn -0.1676 -0.9858 0.0067
vn -0.3342 -0.9425 0.0002
vn 0.4727 -0.0034 0.8812
vn 0.1113 -0.9877 -0.1097
vn 0.0125 -0.9999 -0.0108
vn -0.0113 -0.9999 0.0031
vn 0.7850 -0.0410 -0.6182
vn -0.0666 0.9782 -0.1968
vn -0.1122 0.9664 -0.2312
vn -0.0007 0.9999 -0.0159
vn -0.0005 0.9851 -0.1719
vn -0.0326 0.9837 -0.1768
vn 0.0001 -0.9083 -0.4183
vn -0.0016 -0.8878 -0.4603
vn -0.0361 -0.8955 -0.4435
vn 0.0787 -0.8595 -0.5050
vn 0.0604 -0.9089 -0.4125
vn 0.0618 -0.9141 -0.4009
vn -0.0505 -0.9921 0.1152
vn -0.2057 -0.0255 0.9783
vn -0.9728 -0.0414 0.2281
vn -0.2198 -0.9722 0.0802
vn -0.0608 -0.9979 0.0209
vn -0.0892 -0.9952 0.0406
vn 0.0066 -0.9999 -0.0140
vn -0.0334 -0.9819 -0.1864
vn -0.0145 -0.9805 -0.1961
vn -0.0725 -0.9727 -0.2203
vn 0.0115 -0.9999 -0.0006
vn -0.0165 -0.9983 -0.0552
vn 0.2506 0.8929 0.3741
vn 0.5315 0.6870 0.4955
vn 0.5218 0.6661 0.5330
vn -0.2743 0.9441 -0.1826
vn -0.0946 0.9936 -0.0620
vn -0.1300 0.9867 -0.0975
vn -0.8782 -0.0027 -0.4782
vn -0.8379 0.0118 -0.5457
vn -0.8377 -0.0230 -0.5457
vn -0.0030 -1.0000 -0.0015
vn 0.0806 -0.9966 0.0187
vn 0.1000 -0.9943 0.0360
vn 0.9048 -0.0253 0.4250
vn -0.9996 -0.0271 0.0103
vn -0.0428 0.9991 -0.0019
vn -0.0142 0.9999 0.0001
vn -0.1496 0.9887 0.0043
vn -0.1863 0.9824 0.0139
vn 0.9174 -0.1039 0.3843
vn 0.9839 0.0114 0.1784
vn 0.9775 0.0380 0.2077
vn -0.8450 -0.0203 0.5344
vn -0.2752 -0.9388 0.2071
vn -0.1361 -0.9846 0.1101
vn -0.0526 -0.9144 -0.4014
vn -0.1305 -0.6939 -0.7082
vn -0.1306 -0.6870 -0.7148
vn -0.1208 -0.7238 -0.6794
vn 0.0222 0.9997 0.0032
vn 0.9357 0.0371 0.3509
vn 0.0595 0.9018 0.4281
vn 0.0808 0.8192 0.5678
vn 0.0429 0.8359 0.5472
vn 0.0302 0.9148 0.4027
vn 0.0125 0.9724 0.2328
vn -0.0001 0.9626 0.2710
vn 0.1735 -0.9848 0.0032
vn 0.1771 -0.9840 0.0170
vn 0.0569 -0.9983 0.0093
vn 0.1831 -0.9829 0.0208
vn 0.1814 -0.9826 0.0400
vn 0.9989 -0.0013 0.0461
vn 0.9966 -0.0046 0.0826
vn 0.9969 0.0231 0.0750
vn -0.0227 0.9997 0.0084
vn -0.1654 0.9841 0.0647
vn -0.1398 0.9866 0.0842
vn 0.0626 -0.9970 0.0448
vn 0.0181 -0.9998 0.0115
vn -0.1052 0.9944 -0.0069
vn -0.0887 0.9961 -0.0027
vn 0.0101 0.9872 0.1589
vn -0.0100 0.9771 0.2125
vn -0.0010 0.9942 0.1078
vn 0.0194 0.9998 -0.0048
vn 0.1082 0.9935 -0.0354
vn 0.0838 0.9959 -0.0353
vn 0.1261 0.9908 0.0483
vn 0.1604 0.9844 0.0718
vn 0.1803 0.9822 0.0534
vn 0.9174 0.0197 0.3976
vn -0.2046 0.0289 -0.9784
vn 0.7144 0.0206 -0.6994
vn 0.8361 -0.0288 -0.5478
vn 0.8330 0.0521 -0.5508
vn 0.3598 0.8788 0.3136
vn 0.1353 0.9831 0.1230
vn 0.2074 0.9582 0.1972
vn -0.9783 0.0047 0.2071
vn -0.9839 -0.0113 0.1784
vn -0.9833 0.0268 0.1800
vn -0.6870 -0.7137 0.1367
vn -0.7526 -0.6460 0.1277
vn -0.7401 -0.6507 0.1699
vn -0.9174 -0.0197 0.3976
vn -0.1591 -0.9848 0.0699
vn -0.1626 -0.9859 0.0386
vn 0.2407 -0.9705 -0.0155
vn 0.0941 -0.9955 -0.0061
vn 0.2194 -0.9756 -0.0008
vn 0.2395 -0.9709 -0.0044
vn -0.8846 -0.0351 -0.4651
vn -0.0921 -0.9945 -0.0502
vn 0.1814 -0.9823 0.0463
vn 0.1360 -0.9899 0.0388
vn 0.0222 -0.9997 0.0081
vn 0.1655 -0.9841 0.0647
vn 0.1399 -0.9866 0.0843
vn 0.0049 -1.0000 0.0005
vn 0.3592 -0.0375 0.9325
vn -0.0115 -0.9488 -0.3157
vn -0.0169 -0.9551 -0.2959
vn -0.0032 -0.9744 -0.2248
vn 0.1666 -0.9600 -0.2252
vn 0.4334 -0.8993 -0.0585
vn 0.4728 -0.8812 -0.0053
vn 0.0002 -0.0363 -0.9993
vn -0.2086 -0.0522 -0.9766
vn -0.3926 -0.0136 -0.9196
vn -0.1055 -0.9730 -0.2052
vn 0.0236 0.9996 0.0165
vn 0.0990 0.9932 0.0619
vn 0.1239 0.9907 0.0569
vn 0.0711 0.9974 0.0077
vn 0.1112 0.9938 -0.0027
vn 0.1793 0.9836 0.0185
vn 0.1764 0.9842 0.0149
vn 0.9967 0.0222 0.0786
vn 0.9909 0.0321 0.1305
vn 0.9921 0.0001 0.1252
vn -0.1345 -0.9908 0.0116
vn -0.1984 -0.9798 0.0267
vn -0.1764 -0.9843 0.0097
vn -0.9967 -0.0222 0.0786
vn -0.9909 -0.0321 0.1305
vn -0.9921 -0.0000 0.1256
vn 0.0051 -1.0000 0.0001
vn -0.0673 -0.9977 -0.0087
vn -0.0331 -0.9994 -0.0068
vn -0.9773 -0.0102 -0.2115
vn -0.9781 -0.0385 -0.2046
vn 0.1229 -0.9794 -0.1604
vn -0.0558 -0.9984 0.0056
vn -0.2041 -0.9789 0.0126
vn -0.1964 -0.9805 -0.0005
vn -0.0739 -0.9971 0.0151
vn -0.2111 -0.9760 0.0527
vn -0.2015 -0.9790 0.0307
vn -0.1623 0.9857 0.0459
vn -0.1744 0.9840 0.0352
vn -0.1139 -0.7730 -0.6241
vn -0.0113 -0.9853 -0.1703
vn -0.0152 -0.9911 -0.1325
vn -0.1414 0.9843 0.1056
vn -0.0969 0.9919 0.0818
vn -0.0009 0.9920 0.1261
vn -0.0007 0.9977 0.0676
vn -0.0035 0.9977 0.0678
vn -0.0395 0.9974 0.0609
vn -0.9290 -0.0630 0.3648
vn -0.9119 -0.1014 0.3977
vn -0.9185 -0.1224 0.3759
vn -1.0000 0.0002 -0.0030
vn -0.9995 0.0273 -0.0185
vn -0.9356 -0.0371 0.3512
vn -0.9851 -0.0371 0.1682
vn -0.9754 0.0374 0.2173
vn -0.3566 -0.9244 0.1356
vn 0.9981 0.0250 -0.0559
vn 0.1956 0.9806 -0.0135
vn 0.0978 0.9952 -0.0054
vn 0.0750 0.9972 -0.0048
vn 0.9996 -0.0139 -0.0251
vn 0.9997 0.0145 -0.0189
vn 0.2265 0.9739 0.0142
vn 0.2179 0.9760 -0.0007
vn -0.0078 -1.0000 -0.0004
vn 0.9988 0.0306 -0.0390
vn 0.9992 -0.0101 -0.0391
vn 0.7724 0.6351 -0.0043
vn 0.7755 0.6313 -0.0005
vn 0.7685 0.6397 -0.0122
vn -0.8394 -0.3536 0.4128
vn -0.8607 -0.2705 0.4313
vn -0.8518 -0.2924 0.4347
vn -0.0761 0.9094 0.4088
vn -0.1046 0.8989 0.4254
vn -0.0799 0.9188 0.3865
vn -0.0384 0.9993 0.0023
vn -0.1081 0.9941 0.0078
vn -0.0819 0.9966 0.0120
vn -0.0191 0.9998 0.0035
vn -0.1086 0.9937 0.0265
vn -0.0804 0.9964 0.0287
vn 0.9983 0.0390 0.0427
vn 0.7214 0.6804 0.1288
vn 0.7212 0.6802 0.1311
vn 0.7360 0.6598 0.1515
vn 0.0861 -0.9948 0.0547
vn 0.1015 -0.9936 0.0499
vn 0.0457 -0.9237 -0.3804
vn -0.1581 -0.9542 -0.2540
vn -0.0732 -0.9417 -0.3285
vn -0.0357 -0.8183 -0.5736
vn -0.3334 -0.9075 -0.2554
vn -0.3266 -0.9077 -0.2635
vn 0.1234 -0.9920 -0.0280
vn 0.0605 -0.9974 -0.0387
vn 0.0165 -0.9915 -0.1288
vn 0.2128 -0.9760 0.0461
vn 0.0741 -0.9972 0.0072
vn -0.9906 0.0131 0.1363
vn 0.0013 1.0000 -0.0002
vn 0.0289 0.9774 0.2095
vn 0.0523 0.9530 0.2984
vn 0.0227 0.9562 0.2918
vn 0.0097 -0.9941 -0.1081
vn 0.0160 -0.9908 -0.1346
vn -0.1212 -0.9878 -0.0979
vn -0.1350 -0.9810 -0.1392
vn 0.9979 -0.0308 -0.0575
vn 0.2143 -0.9767 -0.0120
vn 0.0903 -0.9959 -0.0033
vn 0.0463 0.9976 -0.0508
vn 0.1687 0.9466 -0.2746
vn 0.1093 0.9669 -0.2305
vn -0.2197 -0.0376 0.9748
vn -0.0405 0.9986 -0.0330
vn -0.0288 0.9995 -0.0162
vn -0.1178 0.9912 -0.0607
vn -0.0735 0.9968 -0.0308
vn 0.3962 -0.9123 -0.1035
vn 0.1287 -0.9529 -0.2746
vn 0.1808 -0.9481 -0.2615
vn 0.3306 -0.9106 -0.2480
vn -0.0054 -0.7983 -0.6022
vn 0.1897 -0.9562 -0.2230
vn 0.1576 0.9584 0.2378
vn 0.1038 0.9641 0.2445
vn 0.0002 1.0000 0.0002
vn -0.3051 -0.9251 -0.2259
vn 0.0338 -0.9843 -0.1730
vn -0.0003 0.0391 0.9992
vn 0.0160 -0.9553 -0.2951
vn 0.0244 -0.9319 -0.3620
vn 0.0457 -0.9164 -0.3977
vn 0.0354 -0.8953 -0.4441
vn 0.4174 0.0184 0.9085
vn 0.0441 0.9956 0.0832
vn 0.0506 0.9920 0.1152
vn 0.0897 0.9903 0.1059
vn -0.3083 0.9191 0.2454
vn -0.7583 -0.0649 0.6487
vn 0.0080 0.9999 -0.0117
vn -0.9999 0.0083 -0.0126
vn -0.9998 0.0066 -0.0196
vn -0.9998 -0.0042 -0.0190
vn -0.1871 0.9823 -0.0035
vn -0.0813 0.9967 -0.0013
vn 0.3712 -0.9231 0.1004
vn -0.8361 0.0288 -0.5478
vn -0.8330 -0.0521 -0.5508
vn -0.0087 0.9999 -0.0119
vn 0.9426 -0.0013 0.3340
vn 0.0917 0.9953 0.0322
vn -0.0015 0.9999 0.0131
vn 0.0039 1.0000 0.0070
vn -0.1015 0.9894 0.1036
vn -0.0174 0.9997 0.0194
vn -0.0903 0.9938 0.0649
vn -0.0216 0.9917 0.1269
vn -0.1184 0.9771 0.1765
vn -0.1258 0.9859 0.1105
vn -0.5483 0.7148 0.4341
vn -0.5515 0.7273 0.4086
vn -0.2542 0.8880 0.3833
vn 0.1825 -0.9831 -0.0128
vn 0.3376 -0.9410 -0.0242
vn 0.3127 0.6552 0.6877
vn 0.1510 0.7747 0.6141
vn -0.0027 0.9723 0.2337
vn -0.9983 -0.0039 -0.0585
vn -0.0905 -0.9959 -0.0049
vn -0.1932 -0.9811 -0.0111
vn 0.0045 -0.9981 -0.0623
vn -0.0017 -0.9981 -0.0612
vn 0.0009 -0.9920 -0.1260
vn -0.2611 -0.9653 -0.0090
vn -0.0360 -0.9928 -0.1145
vn -0.0237 -0.9979 -0.0602
vn -0.2270 -0.9698 -0.0892
vn -0.2082 -0.9653 -0.1575
vn -0.4752 -0.8799 -0.0035
vn -0.4345 -0.8986 -0.0608
vn 0.1081 -0.9907 -0.0826
vn 0.0478 -0.9984 -0.0305
vn 0.0917 -0.9947 -0.0472
vn 0.0913 -0.9951 -0.0371
vn 0.5199 0.4496 0.7264
vn 0.2923 0.6690 0.6834
vn 0.2281 0.8499 0.4750
vn 0.0995 0.9102 0.4020
vn 0.0827 0.9170 0.3901
vn -0.0000 1.0000 0.0008
vn -0.0000 1.0000 -0.0015
vn -0.0058 1.0000 -0.0008
vn 0.7139 -0.0388 -0.6992
vn 0.0174 -0.9986 -0.0501
vn 0.1085 -0.9732 -0.2026
vn -0.9979 0.0308 -0.0575
vn 0.0903 -0.9938 0.0650
vn 0.1015 -0.9894 0.1036
vn -0.1114 -0.9823 -0.1505
vn 0.0115 -0.9999 0.0009
vn 0.1191 -0.9635 0.2398
vn 0.0132 -0.9998 0.0161
vn 0.9972 -0.0093 0.0744
vn 0.7428 -0.6674 0.0524
vn 0.7453 -0.6639 0.0616
vn 0.7089 -0.7047 0.0300
vn -0.7428 0.6674 0.0524
vn -0.7453 0.6639 0.0616
vn -0.7088 0.7047 0.0300
vn -0.9972 0.0093 0.0744
vn -0.1189 0.9912 0.0584
vn -0.8647 0.0038 0.5023
vn -0.1532 0.9724 -0.1761
vn -0.1732 0.9721 -0.1584
vn 0.1364 -0.9904 0.0208
vn 0.1568 -0.9869 0.0380
vn 0.9627 -0.0164 0.2701
vn 0.1244 0.9519 -0.2801
vn 0.7119 -0.6883 -0.1392
vn 0.7423 -0.6701 0.0029
vn 0.7444 -0.6678 0.0012
vn 0.9754 -0.0374 0.2174
vn 0.0089 1.0000 0.0004
vn 0.1237 0.9923 0.0012
vn 0.0845 0.9964 0.0038
vn 0.7822 0.6223 0.0300
vn 0.7921 0.6084 0.0489
vn 0.7565 0.6505 0.0676
vn -0.1110 0.9933 -0.0335
vn -0.0548 0.9177 0.3934
vn -0.0354 0.9000 0.4344
vn -0.2340 -0.9653 0.1163
vn 0.7444 0.6677 0.0012
vn 0.7424 0.6700 0.0029
vn 0.7119 0.6883 -0.1393
vn 0.9138 0.0376 -0.4045
vn -1.0000 -0.0017 -0.0064
vn 0.5540 -0.8324 -0.0116
vn 0.2725 -0.9621 -0.0085
vn 0.9999 -0.0083 -0.0126
vn 0.9998 -0.0067 -0.0196
vn 0.9998 0.0044 -0.0190
vn 0.2168 -0.9715 -0.0959
vn -0.3565 0.9244 0.1356
vn -0.9176 0.0376 0.3958
vn -0.0917 -0.9898 0.1088
vn -0.1798 -0.8849 0.4296
vn -0.0946 -0.8802 0.4652
vn -0.0507 -0.9597 0.2763
vn 0.0241 0.9994 0.0235
vn 0.1249 0.9868 0.1031
vn 0.1418 0.9846 0.1026
vn 0.5936 0.8041 -0.0322
vn 0.2683 0.9632 -0.0163
vn 0.3290 0.9442 -0.0151
vn 0.5927 0.8052 -0.0177
vn 0.5898 0.8072 -0.0219
vn -0.0010 0.9595 -0.2816
vn 0.0549 0.9613 -0.2699
vn 0.1810 0.0381 -0.9828
vn -0.0002 0.0635 -0.9980
vn 0.0790 0.9032 0.4219
vn 0.0385 0.9365 0.3485
vn 0.0427 -0.9991 0.0049
vn 0.1977 -0.9802 0.0102
vn 0.2048 -0.9784 0.0294
vn 0.2653 -0.9642 0.0036
vn 0.0375 0.9989 -0.0278
vn 0.1510 0.9813 -0.1189
vn 0.1641 0.9737 -0.1580
vn -0.0514 0.9605 0.2736
vn 0.0946 0.8802 0.4652
vn -0.0000 0.8770 0.4804
vn -0.0037 0.9604 0.2786
vn -0.0011 -0.9741 0.2260
vn 0.1245 0.9881 0.0903
vn -0.9966 0.0047 0.0826
vn -0.1081 0.9941 0.0125
vn -0.5291 0.4020 0.7472
vn -0.5219 0.4564 0.7206
vn -0.3318 0.6327 0.6998
vn -0.3054 0.7998 0.5167
vn -0.5263 0.5483 0.6498
vn -0.5183 0.6471 0.5592
vn -0.0012 0.9991 0.0419
vn -0.0048 0.9990 0.0436
vn 0.0148 0.9995 0.0275
vn -0.0016 0.9993 0.0372
vn -0.7051 -0.4402 0.5559
vn -0.7120 -0.3592 0.6034
vn -0.6946 -0.3180 0.6453
vn -0.7313 -0.1655 0.6616
vn -0.7358 -0.2280 0.6376
vn -0.7558 -0.1569 0.6358
vn 0.5122 -0.8569 0.0578
vn 0.2227 -0.9693 -0.1046
vn 0.1959 -0.9652 -0.1732
vn 0.1932 0.9811 -0.0111
vn 0.2607 0.9514 -0.1638
vn 0.0223 0.9978 0.0631
vn 0.1308 0.9870 0.0935
vn 0.2708 0.9364 0.2231
vn -0.0946 0.8802 0.4651
vn -0.1697 0.0378 0.9848
vn 0.0561 -0.7499 -0.6591
vn -0.2220 0.9750 -0.0089
vn -0.7822 -0.6223 0.0300
vn -0.7922 -0.6083 0.0489
vn -0.7564 -0.6507 0.0676
vn -0.7849 -0.6194 0.0184
vn -0.7954 -0.6060 0.0121
vn -0.2757 0.9612 -0.0085
vn -0.5797 0.8145 -0.0232
vn -0.6063 0.7951 -0.0180
vn -0.5540 0.8325 -0.0116
vn -0.0445 -0.9980 0.0459
vn -0.1277 -0.9874 0.0929
vn 0.0469 0.8400 0.5405
vn 0.0014 0.8459 0.5333
vn 0.0017 -0.9998 -0.0186
vn 0.2445 0.9655 0.0895
vn 0.2154 -0.9740 0.0700
vn 0.0136 0.9998 0.0144
vn 0.0211 0.9998 0.0066
vn -0.8465 -0.3661 0.3865
vn -0.8425 -0.3836 0.3783
vn -0.3842 -0.9153 -0.1206
vn 0.0342 0.9909 0.1302
vn 0.2536 0.9187 0.3030
vn -0.6498 -0.7413 0.1680
vn -0.6770 -0.7113 0.1888
vn -0.6860 -0.7013 0.1938
vn -0.9638 -0.0101 0.2663
vn -0.9716 -0.0090 0.2364
vn -0.9692 0.0157 0.2457
vn -0.9981 -0.0249 -0.0559
vn -0.9984 0.0018 -0.0560
vn -0.6085 -0.7928 -0.0334
vn -0.3095 -0.9508 -0.0151
vn 0.2712 -0.9369 -0.2206
vn 0.2463 -0.9552 -0.1643
vn -0.2415 0.9645 -0.1065
vn 0.0059 -0.9511 -0.3090
vn -0.0265 -0.9104 -0.4128
vn -0.0563 0.9625 0.2652
vn 0.9970 0.0183 -0.0747
vn 0.9975 0.0188 -0.0684
vn 0.9972 -0.0192 -0.0729
vn 0.3862 0.9220 -0.0280
vn -0.0117 -0.9999 -0.0075
vn -0.2211 -0.9727 0.0708
vn -0.0000 -0.9993 -0.0371
vn 0.7872 -0.2816 0.5486
vn 0.7558 -0.0710 0.6509
vn 0.7964 -0.3328 0.5050
vn 0.7478 -0.0859 0.6583
vn -0.2340 -0.9611 -0.1470
vn 0.1298 0.9799 -0.1514
vn 0.3313 0.8608 -0.3865
vn 0.3117 0.8189 -0.4819
vn 0.0815 0.8192 0.5677
vn -0.6991 0.7132 -0.0514
vn -0.7231 0.6888 -0.0516
vn -0.6590 0.7507 -0.0477
vn -0.9971 0.0224 -0.0734
vn -0.9970 0.0271 -0.0719
vn -0.9972 -0.0142 -0.0736
vn 0.5450 0.8384 -0.0105
vn 1.0000 0.0017 -0.0064
vn 0.0376 0.9992 0.0147
vn 0.0050 1.0000 0.0063
vn -0.4365 0.7759 0.4555
vn -0.4667 0.6856 0.5588
vn -0.1106 0.9871 0.1154
vn -0.1609 0.9762 0.1455
vn -0.3353 0.8969 0.2884
vn -0.3677 0.8692 0.3305
vn -0.7773 -0.6291 0.0069
vn -0.7724 -0.6352 -0.0043
vn -0.7755 -0.6313 -0.0005
vn -0.7685 -0.6398 -0.0123
vn -0.2390 0.9679 0.0778
vn 0.6104 -0.7913 -0.0346
vn 0.3403 -0.9402 -0.0164
vn 0.5796 -0.8145 -0.0232
vn 0.6063 -0.7951 -0.0180
vn -0.3269 -0.9450 -0.0111
vn -0.5763 -0.8171 -0.0157
vn -0.5958 -0.8028 -0.0229
vn -0.0010 -0.9595 -0.2816
vn -0.0527 -0.9614 -0.2701
vn 0.1244 -0.9519 -0.2801
vn 0.0119 0.9999 -0.0037
vn 0.0056 -1.0000 -0.0035
vn 0.0085 -0.9999 -0.0056
vn 0.0071 -1.0000 -0.0002
vn -0.0768 -0.9970 -0.0020
vn -0.3067 -0.9184 0.2498
vn -0.7771 -0.0524 0.6272
vn 0.1007 -0.9583 -0.2675
vn 0.1787 -0.8508 -0.4942
vn 0.2611 -0.8324 -0.4889
vn 0.0023 -0.9763 -0.2163
vn 0.3518 -0.9266 0.1329
vn 0.2039 -0.9594 0.1948
vn 0.5223 0.5651 0.6386
vn 0.2741 0.8410 0.4664
vn 0.8010 -0.3929 0.4518
vn 0.8418 -0.3595 0.4027
vn 0.8400 -0.3979 0.3688
vn -0.1290 0.9570 0.2598
vn -0.2694 0.7907 0.5497
vn -0.1282 0.8033 0.5816
vn -0.4479 0.7592 0.4723
vn 0.7015 -0.3441 0.6241
vn 0.7356 -0.5079 0.4482
vn 0.6947 -0.1961 0.6921
vn 0.7035 -0.1565 0.6933
vn 0.2037 -0.9779 -0.0472
vn 0.2242 0.9735 -0.0444
vn -0.0589 0.9957 -0.0714
vn -0.1551 0.9595 -0.2351
vn -0.2488 0.8528 0.4593
vn -0.5309 0.6878 0.4950
vn -0.2013 -0.9787 -0.0401
vn 0.2316 -0.9457 -0.2280
vn 0.5163 -0.7875 -0.3365
vn 0.5200 -0.7899 -0.3249
vn 0.7091 -0.6922 -0.1344
vn 0.6215 -0.7446 -0.2434
vn 0.6229 -0.7404 -0.2524
vn -0.0917 -0.8542 -0.5119
vn -0.0736 -0.8566 -0.5107
vn -0.2122 -0.9734 -0.0861
vn -0.2263 0.9727 -0.0523
vn 0.7492 -0.6593 0.0626
vn 0.7487 -0.6597 0.0644
vn 0.7641 -0.6441 0.0343
vn 0.8538 -0.3428 0.3917
vn 0.8791 -0.2765 0.3883
vn 0.8660 -0.3221 0.3825
vn 0.8663 -0.2827 0.4118
vn -0.3008 0.9225 -0.2420
vn 0.2631 -0.9461 0.1888
vn -0.0053 1.0000 0.0023
vn 0.3565 0.9244 0.1356
vn -0.7200 -0.6668 0.1920
vn -0.7096 -0.6728 0.2092
vn -0.7414 -0.6555 0.1437
vn -0.7587 -0.6444 0.0957
vn -0.7585 -0.6444 0.0970
vn -0.7471 -0.6625 0.0537
vn 0.7201 0.6667 0.1920
vn 0.7097 0.6727 0.2093
vn 0.7414 0.6555 0.1436
vn 0.7586 0.6444 0.0957
vn 0.7585 0.6444 0.0970
vn 0.7472 0.6624 0.0537
vn 0.2456 0.9611 -0.1264
vn -0.0066 0.9963 0.0859
vn -0.0213 0.9991 0.0376
vn -0.0026 0.9997 0.0256
vn -0.0091 0.9852 0.1714
vn -0.7444 -0.6678 0.0012
vn -0.7423 -0.6700 0.0029
vn -0.7119 -0.6883 -0.1393
vn -0.0004 0.9781 0.2080
vn -0.0113 0.9775 0.2107
vn -0.0029 0.9918 0.1280
vn 0.6746 0.6880 0.2674
vn -0.6745 -0.6881 0.2674
vn -0.2856 0.9365 0.2037
vn 0.0549 -0.9613 -0.2699
vn 0.2312 -0.0371 -0.9722
vn -0.0946 -0.7148 -0.6929
vn -0.0022 -0.9911 -0.1328
vn 0.7140 -0.0363 0.6992
vn 0.2590 -0.9518 0.1644
vn -0.7492 0.6593 0.0639
vn -0.7493 0.6590 0.0658
vn -0.7641 0.6442 0.0343
vn -0.7023 0.7033 0.1104
vn -0.7784 0.6100 0.1484
vn -0.7567 0.6481 0.0863
vn -0.0013 -0.9992 -0.0405
vn -0.0088 -0.9908 -0.1353
vn 0.0237 -0.9997 0.0114
vn 0.1446 -0.9831 0.1122
vn 0.5468 -0.8288 0.1191
vn 0.9168 -0.1550 0.3679
vn -0.7737 0.6334 -0.0127
vn -0.7667 0.6418 -0.0167
vn -0.7741 0.6330 -0.0044
vn -0.7511 0.6594 -0.0320
vn -0.7614 0.6478 -0.0267
vn -0.7484 0.6620 -0.0415
vn -0.1327 0.7997 0.5856
vn -0.0205 0.9448 0.3271
vn 0.9993 -0.0278 0.0255
vn 0.7633 -0.6449 0.0385
vn -0.0248 -0.9318 -0.3620
vn -0.0254 -0.9402 -0.3397
vn 0.2249 0.9738 0.0342
vn -0.2263 0.9736 0.0295
vn 0.0737 -0.9973 0.0002
vn 0.1988 -0.9800 -0.0078
vn 0.2566 0.9530 0.1609
vn 0.1955 0.9617 0.1923
vn 0.7132 0.0636 0.6981
vn 0.5200 0.7900 -0.3249
vn 0.5163 0.7875 -0.3365
vn 0.2316 0.9457 -0.2280
vn 0.6229 0.7404 -0.2524
vn 0.6215 0.7446 -0.2434
vn 0.7091 0.6922 -0.1344
vn -0.0535 0.8269 0.5598
vn -0.6740 0.7137 0.1908
vn -0.7086 0.6710 0.2183
vn -0.6724 0.7161 0.1872
vn -0.6074 0.7450 0.2759
vn -0.6074 0.7444 0.2774
vn -0.5752 0.7473 0.3325
vn 0.7454 -0.6509 0.1441
vn 0.7467 -0.6505 0.1388
vn 0.7589 -0.6436 0.0993
vn -0.7453 0.6510 0.1441
vn -0.7466 0.6506 0.1388
vn -0.7588 0.6438 0.0993
vn -0.5863 -0.7211 0.3691
vn -0.5523 -0.7330 0.3970
vn -0.6523 -0.6991 0.2927
vn -0.4504 -0.7560 0.4750
vn 0.5863 0.7211 0.3691
vn 0.5523 0.7331 0.3970
vn 0.6524 0.6991 0.2928
vn 0.4504 0.7560 0.4750
vn -0.6230 -0.7404 -0.2524
vn -0.6216 -0.7445 -0.2435
vn -0.7091 -0.6922 -0.1344
vn -0.5200 -0.7900 -0.3249
vn -0.5163 -0.7875 -0.3365
vn -0.2316 -0.9457 -0.2280
vn -0.7120 0.6882 -0.1393
vn -0.7423 0.6700 0.0029
vn -0.7444 0.6677 0.0012
vn -0.5719 0.7908 0.2181
vn -0.6800 0.7224 0.1257
vn -0.4169 0.9055 0.0791
vn 0.0007 -0.9998 -0.0189
vn -0.2316 0.9457 -0.2280
vn -0.5164 0.7875 -0.3365
vn -0.5200 0.7899 -0.3249
vn -0.9989 -0.0022 -0.0472
vn -0.9986 0.0248 -0.0475
vn -0.6126 0.7899 -0.0291
vn 0.5719 0.7908 0.2182
vn 0.4169 0.9055 0.0790
vn 0.6799 0.7224 0.1256
vn 0.1212 -0.7131 -0.6905
vn 0.7527 -0.0756 0.6541
vn 0.7612 -0.1037 0.6402
vn 0.5257 0.5678 0.6334
vn 0.4399 0.7747 0.4543
vn 0.4713 0.6822 0.5589
vn 0.1777 0.9447 -0.2756
vn 0.1553 0.9842 -0.0846
vn -0.5517 -0.0522 0.8324
vn -0.0995 -0.9653 0.2415
vn -0.1524 -0.9623 0.2253
vn -0.2619 -0.8851 0.3847
vn -0.1104 0.9595 -0.2593
vn -0.1985 0.8664 -0.4583
vn -0.1002 0.8734 -0.4765
vn -0.3013 0.8511 -0.4299
vn -0.1732 0.9508 -0.2570
vn 0.0439 0.9138 0.4037
vn 0.0167 0.9459 0.3240
vn -0.0385 0.9943 0.0997
vn -0.5144 -0.8554 0.0605
vn 0.0132 -0.9864 -0.1640
vn 0.0007 -0.9902 -0.1400
vn 0.7512 -0.6593 -0.0320
vn 0.7615 -0.6476 -0.0267
vn 0.7484 -0.6619 -0.0415
vn 0.7737 -0.6334 -0.0127
vn 0.7668 -0.6416 -0.0167
vn 0.7741 -0.6330 -0.0043
vn -0.0043 -0.9582 0.2862
vn -0.0000 -0.8770 0.4804
vn 0.0946 -0.8802 0.4652
vn 0.3009 0.9269 0.2242
vn -0.0116 0.9999 -0.0033
vn -0.0304 0.9150 0.4022
vn -0.0208 0.9327 0.3600
vn -0.0816 0.8095 0.5814
vn -0.0890 0.8159 0.5712
vn 0.7954 0.6060 0.0121
vn 0.7773 0.6291 0.0069
vn 0.7849 0.6194 0.0184
vn 0.6799 -0.7224 0.1257
vn 0.4182 -0.9049 0.0790
vn 0.5720 -0.7907 0.2182
vn -0.1104 -0.9595 -0.2593
vn -0.1732 -0.9507 -0.2571
vn 0.0524 -0.9637 0.2620
vn 0.1009 -0.9639 0.2465
vn 0.1798 -0.8849 0.4296
vn 0.2619 -0.8851 0.3847
vn -0.7151 0.6750 0.1819
vn -0.6765 0.7196 0.1564
vn -0.9763 0.0261 0.2148
vn -0.7712 0.6365 0.0098
vn -0.7718 0.6358 0.0065
vn -0.7709 0.6367 0.0173
vn -0.7742 0.6330 -0.0006
vn 0.9906 -0.0131 0.1363
vn 0.9833 -0.0270 0.1798
vn 0.6797 -0.7208 0.1357
vn 0.7545 -0.6444 0.1249
vn 0.7393 -0.6655 0.1029
vn 0.1777 -0.9447 -0.2757
vn 0.1554 -0.9842 -0.0846
vn 0.1002 -0.8734 -0.4765
vn 0.3013 -0.8511 -0.4299
vn 0.1985 -0.8664 -0.4583
vn -0.0155 0.9660 0.2580
vn 0.0041 0.9121 0.4099
vn -0.0109 -0.9999 -0.0030
vn -0.0062 -1.0000 -0.0003
vn -0.7092 0.6921 -0.1344
vn -0.6216 0.7445 -0.2435
vn -0.6230 0.7403 -0.2524
vn -0.7428 -0.3753 0.5545
vn -0.7705 0.6371 0.0195
vn -0.7633 0.6449 0.0385
vn -0.8542 -0.0371 0.5186
vn -0.7100 -0.2665 0.6519
vn -0.7049 -0.2011 0.6803
vn -0.7271 -0.1917 0.6592
vn 0.1452 -0.9653 0.2171
vn -0.4169 -0.9055 0.0791
vn -0.6800 -0.7224 0.1257
vn -0.5719 -0.7908 0.2181
vn 0.0638 -0.9442 0.3231
vn 0.1285 -0.8031 0.5818
vn -0.0003 -0.8068 0.5908
vn -0.0004 -1.0000 0.0004
vn -0.8467 -0.3917 0.3601
vn -0.8677 -0.3184 0.3818
vn -0.8678 -0.3096 0.3886
vn -0.8833 -0.2593 0.3906
vn 0.0773 0.9970 0.0100
vn 0.1976 0.9799 0.0269
vn 0.2005 0.9790 0.0368
vn 0.9639 0.0142 0.2658
vn 0.6731 0.7224 0.1583
vn 0.7253 0.6609 0.1927
vn 0.7045 0.6843 0.1881
vn -0.0000 -1.0000 -0.0100
vn 0.0001 -1.0000 -0.0007
vn -0.0052 -1.0000 -0.0013
vn 0.6678 0.7442 0.0171
vn 0.7043 0.7096 0.0217
vn 0.6617 0.7497 0.0069
vn -0.7066 -0.7070 0.0299
vn -0.7042 -0.7096 0.0217
vn -0.6660 -0.7459 0.0074
vn 0.0510 0.9652 0.2566
vn -0.3370 0.9412 -0.0242
vn -0.6269 0.7781 -0.0405
vn -0.0861 -0.9405 0.3287
vn -0.1278 -0.8007 0.5853
vn -0.2695 -0.7871 0.5549
vn 0.0076 0.9996 0.0255
vn 0.0256 0.9992 0.0302
vn 0.0124 0.9978 0.0652
vn 0.0288 0.9964 0.0798
vn 0.5490 0.7139 0.4347
vn 0.0121 -0.9647 -0.2631
vn -0.0109 0.9538 0.3004
vn -0.3564 0.8730 0.3329
vn -0.2619 0.8851 0.3847
vn -0.0527 0.9614 -0.2701
vn 0.2344 0.9704 0.0586
vn 0.0945 0.9953 0.0193
vn -0.0087 1.0000 0.0004
vn -0.0416 0.9950 0.0904
vn -0.1547 -0.9878 0.0198
vn -0.1976 -0.9799 0.0280
vn -0.1849 -0.9821 0.0353
vn 0.7432 0.6547 0.1381
vn -0.7432 -0.6546 0.1381
vn 0.8524 -0.3031 0.4261
vn 0.5395 0.6196 0.5702
vn 0.7317 0.6802 -0.0442
vn 0.7462 0.6645 -0.0409
vn 0.7216 0.6904 -0.0507
vn -0.0205 0.9994 0.0267
vn -0.0075 0.9996 0.0260
vn 0.6667 -0.7453 0.0066
vn 0.6372 -0.7707 0.0024
vn 0.7043 -0.7096 0.0208
vn 0.6039 -0.7970 -0.0075
vn -0.6666 0.7454 0.0066
vn -0.6371 0.7708 0.0024
vn -0.7042 0.7097 0.0207
vn -0.6038 0.7971 -0.0075
vn 0.3564 0.8730 0.3330
vn 0.2619 0.8851 0.3847
vn 0.0775 -0.9970 -0.0080
vn 0.2003 -0.9794 -0.0267
vn -0.0213 0.9882 0.1517
vn 0.0096 0.9808 0.1947
vn 0.0094 0.9993 0.0361
vn -0.7317 -0.6802 -0.0443
vn -0.7462 -0.6645 -0.0409
vn -0.7217 -0.6904 -0.0507
vn -0.1033 -0.7301 -0.6755
vn 0.0015 -0.9994 -0.0335
vn 0.1985 0.8664 -0.4583
vn -0.0000 0.8753 -0.4836
vn 0.1002 0.8734 -0.4766
vn -0.1985 -0.8664 -0.4583
vn -0.0000 -0.8753 -0.4835
vn -0.1002 -0.8734 -0.4765
vn 0.6268 -0.7781 -0.0404
vn 0.0040 0.9931 0.1175
vn 0.0113 0.9750 0.2220
vn -0.0084 -1.0000 -0.0048
vn 0.6590 -0.7506 -0.0477
vn 0.6989 -0.7134 -0.0514
vn 0.9992 0.0388 -0.0051
vn 0.7642 0.6447 -0.0168
vn -0.9992 -0.0388 -0.0051
vn -0.7642 -0.6448 -0.0168
vn -0.0011 -0.9307 -0.3657
vn 0.6734 -0.7140 0.1917
vn 0.6633 -0.7270 0.1774
vn 0.6077 -0.7739 0.1782
vn 0.7228 -0.6709 0.1657
vn 0.0063 -1.0000 -0.0016
vn 0.0553 0.9171 0.3947
vn 0.0639 0.9357 0.3470
vn 0.0304 0.9150 0.4022
vn -0.5247 0.5713 0.6311
vn -0.2968 0.6688 0.6816
vn 0.5485 -0.8271 0.1227
vn 0.5794 -0.8000 0.1558
vn 0.2879 -0.9295 0.2305
vn 0.6298 0.7757 -0.0406
vn 0.0127 0.9999 -0.0026
vn 0.0143 0.9999 0.0002
vn 0.0868 -0.8574 -0.5072
vn -0.0000 0.9999 0.0124
vn -0.4072 -0.8270 -0.3877
vn -0.3013 -0.8511 -0.4299
vn 0.7510 -0.1702 0.6380
vn 0.4479 -0.7592 0.4723
vn 0.4158 -0.7671 0.4886
vn 0.2695 -0.7907 0.5498
vn 0.5890 -0.7183 0.3702
vn -0.5779 -0.8008 0.1573
vn -0.5475 -0.8284 0.1185
vn -0.6293 -0.7761 -0.0405
vn 0.7440 0.6608 0.0988
vn 0.9912 0.0230 0.1301
vn -0.7451 -0.6595 0.0991
vn -0.9912 -0.0230 0.1300
vn -0.3624 -0.9280 0.0861
vn -0.1750 -0.9740 0.1441
vn -0.3755 -0.8852 0.2745
vn -0.3190 -0.9075 0.2732
vn 0.1214 0.8540 0.5059
vn 0.1395 0.9881 0.0644
vn 0.6047 -0.7766 0.1768
vn 0.5813 -0.7977 0.1608
vn 0.7452 0.1381 0.6524
vn 0.3928 0.8470 0.3582
vn 0.6331 0.7727 -0.0449
vn 0.6996 0.7127 -0.0516
vn -0.2580 0.8659 0.4284
vn -0.0632 0.9364 0.3451
vn 0.3293 -0.9045 0.2711
vn -0.7358 0.6758 -0.0443
vn -0.2537 -0.9536 0.1622
vn -0.1028 -0.9928 0.0611
vn -0.5721 0.7405 0.3527
vn 0.0011 -0.9998 -0.0198
vn 0.0030 -1.0000 -0.0068
vn 0.7710 -0.6366 0.0172
vn 0.7706 -0.6370 0.0195
vn 0.7713 -0.6364 0.0100
vn 0.7719 -0.6357 0.0065
vn 0.3564 -0.8730 0.3330
vn -0.3564 -0.8730 0.3330
vn 0.5796 0.8149 -0.0083
vn -0.2066 -0.9784 -0.0040
vn -0.6114 -0.7913 -0.0049
vn -0.5959 -0.8030 -0.0120
vn 0.0016 -1.0000 -0.0008
vn 0.2576 0.8682 0.4240
vn -0.5908 -0.8064 -0.0266
vn 0.6018 0.7982 -0.0286
vn 0.9989 0.0022 -0.0472
vn 0.8340 -0.3569 0.4208
vn -0.6053 -0.7756 0.1793
vn 0.8515 -0.3780 0.3634
vn 0.3400 -0.9217 -0.1867
vn 0.3001 -0.9028 -0.3080
vn 0.2215 -0.9729 0.0658
vn -0.0344 -0.9589 -0.2817
vn -0.4071 0.8271 -0.3876
vn -0.3307 0.8846 -0.3287
vn 0.6126 -0.7898 -0.0291
vn 0.9986 -0.0249 -0.0475
vn 0.7155 -0.6716 0.1921
vn 0.7067 -0.6764 0.2074
vn 0.6497 -0.7021 0.2914
vn -0.7155 0.6716 0.1922
vn -0.7068 0.6763 0.2075
vn -0.6496 0.7022 0.2913
vn -0.7531 -0.6571 -0.0319
vn -0.7615 -0.6476 -0.0267
vn 0.7532 0.6571 -0.0319
vn 0.7615 0.6476 -0.0267
vn -0.6999 -0.7124 -0.0516
vn -0.0005 0.9988 0.0494
vn 0.0033 0.9975 0.0703
vn 0.0034 0.9929 0.1190
vn 0.2816 0.9357 -0.2123
vn 0.3104 0.9064 -0.2866
vn 0.7584 -0.6453 0.0921
vn -0.7583 0.6454 0.0921
vn 0.1116 0.8007 0.5885
vn 0.1188 0.8044 0.5821
vn -0.6279 0.7443 0.2275
vn -0.6310 0.7420 0.2266
vn -0.0777 0.9965 0.0292
vn 0.1323 -0.9852 0.1086
vn 0.3160 -0.9092 0.2711
vn -0.0034 -0.9486 -0.3164
vn -0.7289 0.6686 0.1470
vn -0.2659 0.9512 0.1565
vn -0.2506 0.9615 0.1130
vn 0.2255 -0.9689 0.1017
vn 0.2414 -0.9599 0.1428
vn -0.2322 0.9696 -0.0776
vn -0.2550 0.9566 -0.1408
vn 0.7483 0.6604 0.0623
vn -0.7483 -0.6605 0.0623
vn -0.2226 0.9749 0.0107
vn 0.2778 0.9442 0.1769
vn 0.2590 0.9573 0.1286
vn -0.2307 0.9717 0.0499
vn 0.2362 0.9670 -0.0957
vn -0.0000 -0.9999 -0.0162
vn -0.0027 -0.9998 -0.0206
vn 0.0268 0.9996 -0.0073
vn -0.1993 -0.9797 -0.0201
vn 0.7392 -0.6660 0.0998
vn 0.2081 -0.9756 -0.0696
vn -0.2539 -0.9478 -0.1929
vn -0.2799 -0.9229 -0.2646
vn -0.0039 0.9998 0.0218
vn -0.0072 0.9995 0.0310
vn 0.2286 0.9711 -0.0688
vn 0.0044 -0.9999 -0.0135
vn -0.0039 -0.9999 -0.0146
vn 0.3277 0.9059 0.2681
vn -0.2237 0.9742 -0.0296
vn -0.2215 -0.9685 -0.1140
vn 0.2232 0.9745 -0.0226
vn 0.1420 -0.9899 0.0007
vn -0.1443 0.9895 0.0007
vn 0.2291 -0.9651 -0.1265
vn -0.1514 -0.9885 0.0010
vn -0.1146 -0.9934 0.0051
vn -0.2058 -0.9766 -0.0618
vn -0.1798 0.8849 0.4296
vn 0.2025 -0.9784 0.0422
vn -0.0617 0.9023 0.4267
vn -0.0594 -0.9976 0.0343
vn 0.4610 -0.8408 0.2838
vn -0.3298 -0.9112 -0.2471
vn -0.7734 -0.4488 0.4476
vn -0.7501 -0.4725 0.4627
vn -0.4609 0.8409 0.2837
vn -0.7536 -0.0339 0.6564
vn -0.7571 -0.0254 0.6528
vn 0.7544 0.6537 0.0594
vn 0.7449 0.6591 0.1034
vn -0.7543 -0.6539 0.0594
vn -0.7449 -0.6591 0.1034
vn -0.0595 -0.9982 -0.0008
vn -0.2166 -0.9763 -0.0050
vn -0.2339 -0.9723 -0.0007
vn 0.0266 -0.9104 -0.4130
vn 0.7742 -0.6330 -0.0006
vn 0.0048 0.9994 0.0336
vn 0.0075 0.9997 0.0248
vn 0.0110 0.9997 0.0210
vn -0.7713 -0.0818 0.6312
vn 0.7358 -0.6757 -0.0443
vn 0.7231 -0.6888 -0.0516
vn -0.0921 -0.7246 -0.6829
vn 0.2226 0.9749 0.0065
vn 0.2219 0.9749 0.0171
vn -0.2226 -0.9749 0.0065
vn -0.2219 -0.9749 0.0171
vn -0.9566 -0.0588 0.2854
vn 0.7331 -0.2446 0.6346
vn 0.6257 0.7493 0.2169
vn 0.6289 0.7411 0.2352
vn 0.6026 0.7460 0.2835
vn 0.6377 0.7464 0.1906
vn 0.6802 0.6986 0.2221
vn 0.9967 -0.0577 -0.0576
vn 0.9959 -0.0632 -0.0650
vn 0.1798 0.8849 0.4296
vn 0.0208 0.9892 0.1454
vn -0.4610 -0.8408 0.2838
vn 0.4609 0.8409 0.2837
vn 0.6593 -0.7304 0.1784
vn 0.7644 -0.6186 0.1818
vn 0.0074 -1.0000 0.0006
vn 0.3137 -0.9493 0.0196
vn 0.2288 -0.9734 0.0140
vn -0.2792 0.9601 0.0176
vn -0.2245 0.9744 0.0132
vn -0.1964 0.9800 0.0329
vn -0.9635 -0.0615 0.2605
vn 0.5732 0.7392 0.3535
vn 0.6032 0.7507 0.2694
vn 0.1002 -0.8837 -0.4573
vn -0.7564 -0.2834 0.5895
vn 0.0412 -0.9024 -0.4289
vn -0.0080 -0.9055 -0.4243
vn -0.0601 -0.8943 -0.4435
vn -0.1275 -0.8665 -0.4826
vn -0.2099 -0.8365 -0.5061
vn -0.0014 0.8040 0.5946
vn -0.2803 -0.8400 -0.4647
vn 0.2428 0.8184 -0.5208
vn 0.1566 0.8540 -0.4961
vn -0.3011 -0.8798 -0.3679
vn -0.3376 0.8365 -0.4316
vn -0.6325 -0.7733 -0.0449
vn -0.9959 -0.0522 -0.0739
vn -0.4158 0.7671 0.4886
vn -0.5890 0.7184 0.3702
vn -0.2820 0.9594 -0.0098
vn -0.5214 0.6669 0.5323
vn -0.8608 -0.2350 0.4514
vn -0.6708 0.6917 0.2673
vn -0.5537 0.7316 0.3978
vn 0.6710 -0.6916 0.2674
vn 0.5537 -0.7315 0.3978
vn -0.8240 -0.3758 0.4240
vn 0.8946 -0.2309 0.3826
vn 0.0005 0.9989 0.0461
vn 0.9344 -0.1077 0.3396
vn -0.1267 0.8740 -0.4691
vn -0.2110 0.8344 -0.5091
vn -0.0557 0.8981 -0.4362
vn 0.4072 -0.8270 -0.3877
vn 0.0116 0.9022 -0.4311
vn -0.2934 0.8120 -0.5046
vn 0.3087 -0.8560 -0.4146
vn 0.0796 0.8876 -0.4538
vn 0.1273 0.7995 0.5870
vn 0.2695 0.7870 0.5550
vn 0.2949 0.7832 0.5474
vn 0.4174 0.7637 0.4924
vn -0.2949 -0.7832 0.5474
vn -0.4174 -0.7637 0.4924
vn -0.7228 -0.6706 0.1668
vn -0.0058 -0.9999 -0.0097
vn -0.2143 0.9767 -0.0120
vn -0.1825 0.9831 -0.0131
vn -0.9616 0.0122 0.2743
vn 0.9481 -0.0922 0.3044
vn -0.1828 -0.9824 0.0385
vn 0.1942 0.9802 0.0387
vn -0.9034 -0.1960 0.3814
vn 0.0180 0.9998 -0.0081
vn 0.3013 0.8511 -0.4300
vn 0.0113 0.9776 0.2102
vn -0.0058 -0.9783 -0.2071
vn 0.1987 0.9800 -0.0076
vn -0.1988 -0.9800 -0.0076
vn -0.1369 0.9888 0.0591
vn 0.0070 -0.9999 -0.0152
vn -0.2083 0.9780 -0.0079
vn -0.2399 0.9708 -0.0044
vn 0.2082 -0.9781 -0.0079
vn -0.1190 0.9581 0.2607
vn 0.2687 -0.9632 -0.0103
vn 0.2817 0.9594 -0.0098
vn -0.2818 -0.9594 -0.0098
vn 0.7413 -0.1361 0.6572
vn 0.4071 0.8270 -0.3876
vn -0.0566 -0.7329 -0.6780
vn 0.9963 0.0607 -0.0605
vn 0.9960 0.0515 -0.0728
vn 0.9953 0.0620 -0.0746
vn -0.9963 -0.0608 -0.0606
vn -0.9960 -0.0516 -0.0728
vn 0.2175 0.9760 0.0029
vn -0.2175 -0.9760 0.0029
vn -0.1553 -0.9842 -0.0846
vn -0.1403 -0.9880 -0.0643
vn -0.1746 -0.9844 -0.0205
vn -0.1744 0.9845 -0.0205
vn -0.1403 0.9880 -0.0644
vn -0.1554 0.9842 -0.0846
vn 0.9683 -0.0601 0.2425
vn 0.9758 -0.0386 0.2153
vn -0.2189 0.9758 -0.0005
vn -0.2665 0.9638 0.0036
vn -0.9086 0.1901 0.3718
vn -0.9623 0.1899 0.1947
vn 0.9081 0.1903 -0.3729
vn 0.8224 0.1915 -0.5358
vn -0.9081 -0.1903 -0.3729
vn -0.8224 -0.1915 -0.5358
vn 0.9083 -0.1906 0.3724
vn 0.9623 -0.1900 0.1947
vn -0.3809 -0.1894 0.9050
vn -0.5481 -0.1923 0.8140
vn 0.9820 -0.1890 0.0004
vn 0.9625 -0.1899 -0.1939
vn -0.9820 0.1890 0.0004
vn -0.9624 0.1900 -0.1939
vn 0.5502 -0.1906 -0.8130
vn 0.7009 -0.1874 -0.6882
vn -0.5502 0.1905 -0.8130
vn -0.7009 0.1873 -0.6882
vn 0.2636 -0.9646 0.0048
vn 0.3804 0.1888 0.9053
vn 0.5499 0.1912 0.8131
vn -0.2635 0.9646 0.0048
vn 0.9621 0.1901 -0.1958
vn -0.9621 -0.1900 -0.1958
vn -0.0000 0.1951 -0.9808
vn -0.1963 0.1887 -0.9622
vn 0.1953 0.1903 -0.9621
vn 0.8229 -0.1914 0.5350
vn -0.0006 0.1872 0.9823
vn 0.3794 0.1888 -0.9058
vn 0.1961 -0.1914 0.9617
vn 0.0006 -0.1839 0.9830
vn -0.3788 -0.1893 -0.9059
vn -0.1971 -0.1913 -0.9615
vn -0.1953 0.1896 0.9622
vn 0.3788 -0.1892 0.9059
vn -0.7021 -0.1841 -0.6879
vn -0.8220 0.1902 0.5368
vn 0.7021 0.1841 -0.6879
vn -0.5488 -0.1904 -0.8140
vn -0.3783 0.1888 0.9062
vn 0.5488 0.1904 -0.8140
vn -0.7002 0.1952 0.6868
vn -0.5492 0.1898 0.8139
vn 0.7003 0.1953 0.6867
vn 0.8228 0.1888 0.5361
vn -0.9220 -0.1485 0.3575
vn 0.0048 0.9990 0.0435
vn -0.0064 -0.9998 -0.0169
vn -0.9485 -0.0921 0.3030
vn -0.9376 -0.1124 0.3292
vn 0.0955 0.9952 0.0224
vn -0.9766 -0.0413 0.2111
vn -0.9697 -0.0588 0.2371
vn 0.9118 -0.0763 0.4035
vn 0.8972 -0.0972 0.4309
vn 0.9566 -0.0588 0.2854
vn 0.9946 -0.0737 -0.0733
vn 0.9625 -0.0629 0.2640
vn -0.9906 -0.0710 -0.1167
vn 0.9982 -0.0594 0.0109
vn 0.9993 -0.0386 -0.0013
vn -0.9982 0.0594 0.0106
vn -0.9993 0.0387 -0.0013
vn 0.9907 -0.0711 -0.1156
vn 0.9966 -0.0712 -0.0407
vn 0.9890 -0.0587 0.1361
vn 0.9944 -0.0582 0.0883
vn -0.9890 0.0587 0.1361
vn -0.9944 0.0582 0.0882
vn -0.9978 0.0463 0.0473
vn -0.9727 0.0458 -0.2275
vn 0.9970 0.0463 0.0621
vn -0.9975 0.0584 -0.0396
vn 0.9975 -0.0584 -0.0390
vn -0.9958 0.0656 -0.0646
vn -0.9967 0.0577 -0.0575
vn 0.1900 -0.9815 0.0217
vn 0.9764 0.0466 -0.2110
vn 0.9874 -0.0699 0.1421
vn 0.9981 0.0584 -0.0190
vn -0.9981 -0.0584 -0.0190
vn 0.9980 0.0581 0.0250
vn -0.9980 -0.0582 0.0251
vn -0.9874 -0.0700 0.1421
vn -0.9986 0.0467 -0.0239
vn -0.9980 0.0378 0.0497
vn 0.9981 -0.0378 0.0497
vn 0.8297 -0.4350 0.3496
vn 0.0367 -0.0573 0.9977
vn -0.9824 -0.0572 0.1779
vn 0.9824 0.0572 0.1779
vn 0.2382 -0.0620 -0.9692
vn 0.1117 -0.0600 -0.9919
vn -0.9468 0.0433 -0.3188
vn 0.2615 -0.0571 0.9635
vn -0.2628 0.0570 0.9632
vn -0.0230 -0.0595 -0.9980
vn -0.1547 -0.0608 -0.9861
vn -0.2801 -0.0632 -0.9579
vn 0.7500 -0.1293 0.6487
vn 0.4051 0.0446 -0.9132
vn -0.7544 -0.0358 0.6555
vn -0.9727 0.0433 0.2278
vn -0.4033 -0.0659 -0.9127
vn 0.9688 0.0429 0.2442
vn 0.9453 -0.0680 -0.3192
vn -0.5069 -0.0674 -0.8594
vn -0.4940 0.0546 0.8677
vn 0.4940 -0.0546 0.8677
vn 0.9976 0.0530 -0.0455
vn -0.9976 -0.0529 -0.0453
vn -0.9132 0.0407 -0.4056
vn 0.5299 0.0401 -0.8471
vn 0.9182 -0.0674 -0.3904
vn 0.9445 0.0406 0.3259
vn -0.9367 -0.0655 0.3439
vn 0.7716 -0.1012 0.6280
vn 0.8075 -0.0642 0.5864
vn 0.0591 -0.7327 -0.6780
vn 0.7282 -0.1986 0.6560
vn -0.7517 -0.0524 0.6574
vn -0.6237 0.0374 -0.7808
vn 0.6234 0.0374 -0.7810
vn -0.8809 0.0379 -0.4719
vn 0.7214 -0.2830 0.6321
vn 0.8807 0.0379 -0.4722
vn -0.6651 0.0512 0.7450
vn 0.6651 -0.0512 0.7450
vn 0.9013 -0.0655 0.4282
vn 0.8565 -0.0522 0.5135
vn 0.9980 0.0507 -0.0385
vn -0.9980 -0.0507 -0.0385
vn -0.7142 -0.0653 -0.6969
vn -0.8361 -0.0639 -0.5449
vn 0.7141 -0.0653 -0.6969
vn 0.8362 -0.0639 -0.5446
vn 0.7856 0.0346 -0.6178
vn -0.7855 0.0346 -0.6178
vn 0.1403 0.9880 -0.0644
vn 0.1747 0.9844 -0.0205
vn 0.1745 -0.9844 -0.0205
vn 0.1404 -0.9880 -0.0644
vn -0.8503 -0.0575 0.5232
vn -0.9015 -0.0655 0.4278
vn 0.9815 0.0484 0.1852
vn -0.9814 -0.0484 0.1855
vn -0.9959 0.0480 0.0763
vn -0.9923 0.0321 0.1197
vn 0.9959 -0.0480 0.0763
vn 0.9923 -0.0321 0.1197
vn 0.8313 0.0469 0.5539
vn -0.8313 -0.0470 0.5539
vn -0.9308 0.0454 0.3626
vn -0.9620 0.0464 0.2690
vn 0.9308 -0.0454 0.3627
vn 0.9620 -0.0464 0.2690
vn -0.8035 -0.0816 0.5896
vn 0.0104 -0.9780 -0.2081
vn 0.1105 -0.9896 -0.0916
vn -0.9983 -0.0446 0.0367
vn 0.9983 0.0447 0.0366
vn -0.9106 -0.0725 0.4068
vn -0.9943 0.0776 -0.0725
vn -0.9937 0.0841 -0.0737
vn 0.9944 -0.0772 -0.0725
vn 0.9991 0.0411 -0.0082
vn -0.9991 -0.0411 -0.0082
vn 0.1592 0.9862 0.0456
vn -0.8499 -0.3924 0.3516
vn 0.5475 -0.1905 0.8148
vn -0.9088 0.1901 -0.3713
vn -0.8228 0.1881 -0.5363
vn 0.9095 0.1899 0.3698
vn 0.9626 0.1902 0.1928
vn 0.9088 -0.1900 -0.3713
vn 0.8228 -0.1881 -0.5363
vn -0.9092 -0.1903 0.3702
vn -0.9626 -0.1902 0.1928
vn -0.9819 -0.1893 -0.0011
vn 0.9819 0.1893 -0.0011
vn -0.0000 -0.1921 -0.9814
vn 0.1981 -0.1895 -0.9617
vn -0.3814 0.1886 -0.9049
vn -0.8237 -0.1895 0.5345
vn 0.3809 -0.1890 -0.9051
vn -0.1970 -0.1892 0.9620
vn 0.1961 0.1879 0.9624
vn 0.7007 -0.1920 0.6871
vn -0.7007 -0.1920 0.6871
vn 0.1667 0.9854 0.0357
vn -0.0000 -0.9447 -0.3279
vn 0.0006 -0.9989 -0.0466
vn -0.0015 -0.8634 -0.5045
vn -0.0006 -0.9945 0.1052
vn 0.0002 -0.9999 0.0171
vn 0.0007 -0.9893 0.1462
vn -0.0000 -0.9998 -0.0195
vn -0.0003 -0.9998 -0.0212
vn -0.0000 0.9999 0.0117
vn 0.0001 1.0000 -0.0061
vn -0.0002 0.9992 -0.0398
vn -0.0025 -0.9992 -0.0388
vn -0.0143 -0.9999 -0.0077
vn -0.0000 -0.9999 0.0169
vn 0.0035 -0.9999 0.0132
vn 0.0048 -0.9999 -0.0118
vn 0.0160 -0.9999 0.0015
vn -0.0008 -0.8720 0.4895
vn -0.0045 -1.0000 0.0060
vn -0.0089 -0.9996 0.0264
vn -0.9999 0.0129 0.0084
vn -0.9997 -0.0039 -0.0235
vn -0.9985 -0.0479 0.0278
vn -0.0018 0.0170 0.9999
vn -0.0008 -0.0100 0.9999
vn 0.0003 0.0170 0.9999
vn 0.0027 -0.9997 -0.0254
vn 0.0010 -0.7433 -0.6690
vn -0.0000 -0.0058 -1.0000
vn -0.0020 -0.0273 -0.9996
vn -0.0007 0.0054 -1.0000
vn -0.0000 0.0238 -0.9997
vn 0.9999 0.0048 0.0090
vn 0.9999 -0.0048 -0.0090
vn 0.9983 0.0360 -0.0461
vn 0.0007 -0.0108 0.9999
vn 0.0039 -0.9999 -0.0117
vn -0.0002 -0.9999 -0.0108
vn -0.0000 -0.9998 -0.0223
vn 0.7629 -0.0035 0.6465
vn 0.9026 -0.0034 0.4305
vn 0.6668 -0.0035 0.7452
vn -0.9491 -0.0033 0.3150
vn -1.0000 -0.0034 -0.0000
vn -1.0000 -0.0033 -0.0000
vn -0.0015 -0.9996 0.0268
vn -0.0005 -0.9992 0.0408
vn 0.0003 -0.9995 0.0313
vn -0.0015 -1.0000 0.0006
vn 0.0002 -1.0000 -0.0018
vn -0.0034 -0.9998 0.0173
vn 0.9492 -0.0034 0.3146
vn 1.0000 -0.0034 -0.0000
vn 0.9030 -0.0034 0.4297
vn -0.9492 -0.0034 -0.3145
vn -0.9030 -0.0034 -0.4297
vn 0.0074 -0.9998 0.0157
vn -0.0041 -1.0000 0.0001
vn -0.0029 -0.9999 -0.0113
vn 0.7629 -0.0034 -0.6465
vn 0.9026 -0.0034 -0.4304
vn 0.9491 -0.0033 -0.3150
vn -0.9493 -0.0034 0.3145
vn -0.9030 -0.0034 0.4296
vn 0.9492 -0.0033 -0.3145
vn 0.9030 -0.0034 -0.4297
vn -0.1844 0.4267 0.8854
vn 0.0018 0.8887 0.4585
vn -0.1413 0.8624 0.4861
vn 0.2069 -0.4642 -0.8612
vn 0.1773 -0.6206 -0.7639
vn 0.2591 -0.4158 -0.8718
vn -0.0016 -1.0000 -0.0088
vn 0.0708 -0.0033 0.9975
vn 0.3640 -0.0035 0.9314
vn 0.2788 -0.0035 0.9603
vn -0.0003 -0.9996 -0.0267
vn -0.0067 -0.9994 -0.0332
vn 0.2791 -0.0035 -0.9603
vn 0.0712 -0.0033 -0.9975
vn 0.2788 -0.0034 -0.9604
vn -0.8423 -0.0033 0.5389
vn -0.9285 -0.0034 0.3712
vn -0.9492 -0.0034 0.3145
vn -0.9946 0.0808 0.0656
vn -0.9783 0.1967 0.0652
vn -0.9061 0.4203 0.0488
vn 0.8804 0.4599 -0.1156
vn 0.9912 0.1002 -0.0867
vn 0.7330 0.6706 -0.1137
vn -0.9119 0.4103 0.0030
vn -0.9295 0.3683 0.0166
vn -0.9546 0.2972 0.0212
vn -0.2454 -0.9519 0.1837
vn -0.1853 -0.9705 0.1542
vn -0.2874 -0.9492 0.1277
vn -0.7645 -0.4353 0.4755
vn -0.3456 -0.5954 0.7254
vn -0.3369 -0.7821 0.5243
vn 0.9097 -0.4115 -0.0562
vn 0.4677 -0.8818 0.0613
vn 0.8594 -0.4950 0.1280
vn -0.3079 0.9514 0.0068
vn -0.0789 0.9956 0.0509
vn -0.5485 0.8362 0.0046
vn -0.9288 -0.3617 -0.0809
vn -0.7758 -0.6145 -0.1430
vn -0.8276 -0.5366 -0.1648
vn 0.0469 -0.9959 -0.0778
vn 0.4901 -0.8711 -0.0322
vn 0.4097 -0.9101 -0.0619
vn -0.7063 0.7074 0.0263
vn -0.4544 0.8895 0.0487
vn -0.4196 0.9061 0.0540
vn 0.9043 -0.3921 0.1688
vn 0.9841 -0.0768 0.1603
vn 0.8048 -0.5789 0.1310
vn -0.3169 0.9365 -0.1500
vn 0.1539 0.9828 -0.1021
vn -0.0595 0.9886 -0.1381
vn -0.3841 -0.9200 -0.0782
vn 0.0671 -0.9951 -0.0731
vn -0.2497 0.9649 0.0821
vn -0.4505 0.8882 0.0901
vn 0.2628 0.6971 0.6670
vn 0.3667 0.7681 0.5250
vn 0.1248 0.9614 0.2452
vn -0.3329 -0.6167 -0.7133
vn -0.2694 -0.8029 -0.5317
vn -0.0799 -0.9858 -0.1477
vn -0.0520 0.9986 0.0015
vn -0.3008 0.9463 -0.1188
vn -0.1770 0.9841 -0.0119
vn 0.1094 0.9771 -0.1824
vn -0.2436 0.9638 -0.1083
vn -0.3164 0.9408 -0.1215
vn 0.9914 -0.0476 -0.1222
vn 0.9398 -0.3391 -0.0431
vn 0.9220 -0.3833 -0.0543
vn 0.1911 -0.7215 0.6656
vn 0.2172 -0.7099 0.6700
vn 0.9341 0.3456 -0.0898
vn 0.9784 0.0513 0.2000
vn 0.9458 0.2916 0.1431
vn -0.4674 -0.6877 -0.5555
vn -0.4282 -0.6097 -0.6670
vn -0.4069 -0.5688 -0.7148
vn 0.0548 0.8886 0.4554
vn -0.2319 0.8547 0.4645
vn -0.0315 0.8792 0.4754
vn -0.0000 -0.0035 -1.0000
vn -0.3314 -0.0035 -0.9435
vn -0.0000 -0.0034 -1.0000
vn 0.0872 -0.5841 -0.8070
vn 0.1840 -0.5929 -0.7840
vn 0.3252 -0.7243 -0.6080
vn 0.9175 0.3977 -0.0022
vn 0.9738 0.2125 -0.0805
vn 0.9799 -0.1685 -0.1072
vn -0.6818 0.4473 0.5788
vn -0.6273 0.5112 0.5876
vn -0.6426 0.3908 0.6591
vn -0.0828 0.7378 0.6699
vn 0.0638 0.9853 0.1587
vn -0.0953 0.9232 0.3723
vn 0.1203 0.9925 0.0209
vn 0.4198 0.8734 0.2468
vn 0.5570 0.8041 0.2078
vn -0.0397 0.0540 -0.9978
vn -0.2455 -0.9521 0.1824
vn -0.4259 -0.8868 0.1794
vn 0.1232 0.8271 0.5484
vn 0.1009 0.9885 0.1128
vn 0.6685 -0.0035 0.7437
vn 0.7641 -0.0035 0.6451
vn -0.9184 -0.3930 -0.0463
vn -0.9455 -0.3201 0.0601
vn -0.9024 -0.4176 -0.1060
vn -0.7953 0.6057 0.0230
vn -0.8466 0.5314 0.0294
vn 0.9736 -0.2195 -0.0628
vn 0.9868 -0.1430 -0.0765
vn 0.9073 0.4189 -0.0370
vn 0.9632 -0.0793 -0.2567
vn 0.9539 0.2318 -0.1909
vn 0.4414 0.2514 -0.8614
vn 0.3927 0.4525 -0.8006
vn 0.3912 0.2232 -0.8928
vn -0.7237 -0.3418 0.5995
vn -0.7141 -0.4480 0.5379
vn -0.3950 -0.7035 0.5908
vn -0.7309 -0.6205 0.2842
vn -0.8694 -0.1237 0.4783
vn 0.8902 0.4540 0.0382
vn 0.8949 0.4422 0.0599
vn 0.8975 0.4346 0.0741
vn -0.9045 -0.3989 -0.1509
vn -0.5202 0.8526 -0.0495
vn -0.7393 0.6697 0.0703
vn -0.8098 -0.5734 -0.1246
vn -0.5609 -0.8202 -0.1123
vn -0.8233 -0.5676 0.0097
vn -0.0506 -0.3988 -0.9156
vn 0.3600 -0.3422 -0.8679
vn -0.0843 -0.6552 -0.7508
vn 0.9425 -0.2988 0.1500
vn 0.9301 -0.3347 0.1512
vn 0.9139 -0.3757 0.1537
vn -0.8472 -0.5033 -0.1698
vn 0.3578 -0.9294 0.0906
vn 0.7090 -0.7044 0.0355
vn -0.1667 -0.9832 0.0740
vn -0.9110 0.3675 -0.1872
vn -0.7698 0.6154 -0.1692
vn -0.7464 0.6423 -0.1739
vn 0.2606 0.6908 -0.6745
vn -0.1771 0.3168 -0.9318
vn -0.3902 0.5544 -0.7351
vn 0.8889 -0.0658 -0.4534
vn 0.6730 -0.0799 -0.7353
vn 0.8539 -0.0244 -0.5199
vn -0.8154 0.2376 0.5279
vn -0.9303 0.0176 0.3665
vn -0.9850 0.0267 0.1707
vn -0.9720 0.2042 0.1166
vn -0.8172 0.5763 0.0061
vn -0.7497 0.5824 -0.3142
vn 0.4965 0.3906 -0.7752
vn 0.5964 0.1908 -0.7797
vn -0.4948 0.7324 0.4677
vn -0.6131 0.6023 0.5111
vn -0.5945 0.7701 0.2313
vn -0.0322 -0.9793 0.2000
vn 0.0666 -0.9928 0.1000
vn 0.1317 -0.9009 0.4136
vn 0.2051 0.9734 0.1018
vn 0.4787 0.8675 0.1353
vn 0.3713 0.9281 0.0262
vn 0.0416 -0.9901 -0.1341
vn -0.2875 -0.9407 -0.1802
vn -0.2125 -0.9769 0.0223
vn 0.4504 -0.0035 0.8928
vn 0.0322 -0.9992 -0.0237
vn 0.0104 -0.9999 -0.0001
vn 0.0085 -1.0000 0.0035
vn 0.3331 -0.0034 -0.9429
vn 0.4524 -0.0034 -0.8918
vn 0.0125 -0.9995 -0.0293
vn 0.0050 -0.9996 -0.0283
vn -0.0023 -0.9997 0.0258
vn -0.0000 -0.0035 1.0000
vn -0.3331 -0.0034 0.9429
vn -0.4524 -0.0034 0.8918
vn -0.3739 -0.0650 -0.9252
vn -0.3545 -0.2119 -0.9107
vn -0.6771 0.4808 -0.5572
vn -0.4579 0.6720 -0.5820
vn -0.7235 0.5255 -0.4476
vn -0.3331 -0.0035 -0.9429
vn -0.4524 -0.0035 -0.8918
vn 0.3331 -0.0035 0.9429
vn 0.4524 -0.0035 0.8918
vn -0.8085 -0.5819 -0.0878
vn -0.8334 -0.5469 -0.0793
vn -0.6219 -0.7799 -0.0711
vn -0.9263 -0.3632 -0.1005
vn -0.8165 -0.5772 -0.0091
vn -0.7921 -0.6097 -0.0292
vn 0.7189 0.5966 -0.3568
vn 0.6100 0.5286 -0.5903
vn 0.7804 0.4984 -0.3777
vn -0.8867 0.4419 -0.1360
vn -0.9572 0.2407 -0.1609
vn -0.8410 0.5219 -0.1426
vn 0.1742 0.9822 0.0697
vn -0.1382 0.9891 0.0512
vn 0.0702 0.9957 0.0607
vn -0.4636 0.8499 -0.2504
vn -0.1560 0.8796 -0.4495
vn -0.1314 0.8943 -0.4277
vn 0.4972 0.8659 0.0547
vn 0.4655 0.8844 0.0324
vn 0.2227 0.9723 -0.0708
vn 0.9951 0.0913 -0.0381
vn 0.9964 0.0839 0.0130
vn 0.9727 0.1717 -0.1564
vn -0.2983 -0.9277 0.2246
vn 0.7976 0.5367 -0.2753
vn 0.9421 0.1044 -0.3185
vn 0.9653 -0.0045 -0.2611
vn 0.4848 -0.8737 -0.0408
vn -0.2959 -0.9443 0.1441
vn 0.0276 -0.9982 -0.0526
vn 0.0033 -0.9948 0.1015
vn -0.0000 -0.7144 0.6998
vn -0.0779 -0.9966 -0.0278
vn -0.0953 -0.9946 -0.0410
vn -0.1770 -0.9842 -0.0037
vn 0.6865 0.3654 0.6286
vn 0.4985 -0.4707 0.7279
vn 0.7495 -0.2661 0.6062
vn 0.1895 -0.9819 -0.0019
vn 0.5155 -0.8555 0.0488
vn 0.1653 -0.9862 -0.0079
vn 0.4845 -0.6127 0.6243
vn 0.5556 0.1074 0.8245
vn 0.5022 -0.0439 0.8637
vn 0.4597 0.8684 0.1859
vn 0.6739 0.6855 0.2755
vn -0.2459 0.9619 0.1191
vn -0.4446 0.8848 0.1397
vn -0.1976 0.9743 0.1081
vn -0.8779 -0.4727 -0.0759
vn -0.9806 -0.1902 -0.0482
vn -0.8814 -0.4614 -0.1012
vn -0.0650 -0.9585 -0.2776
vn -0.1847 -0.8792 -0.4392
vn -0.0476 -0.8929 -0.4477
vn -0.1688 -0.9847 0.0437
vn 0.4406 -0.8975 0.0161
vn -0.2774 -0.9559 0.0962
vn 0.0082 -0.9999 -0.0082
vn 0.0003 -0.9999 -0.0103
vn 0.7642 -0.0034 -0.6450
vn 0.6685 -0.0035 -0.7437
vn 0.8025 0.5964 -0.0179
vn 0.9155 0.3942 0.0801
vn 0.7842 0.6130 -0.0960
vn 0.6885 -0.7252 -0.0036
vn 0.5302 -0.8474 0.0269
vn -0.0335 -0.9959 -0.0835
vn -0.0087 -0.9975 -0.0702
vn 0.7421 -0.6634 -0.0961
vn -0.4909 0.7027 0.5150
vn -0.2388 0.9693 -0.0579
vn -0.0973 0.9929 -0.0687
vn -0.0644 0.9952 -0.0730
vn 0.4954 0.8644 0.0860
vn -0.6004 0.4088 -0.6873
vn -0.6565 0.0012 -0.7543
vn -0.3918 0.1595 -0.9061
vn -0.8772 -0.4544 -0.1552
vn -0.7863 -0.6156 -0.0519
vn -0.8490 -0.5147 -0.1195
vn -0.3141 0.9035 0.2917
vn -0.6695 0.6753 0.3094
vn -0.0085 0.9894 0.1450
vn -0.0661 0.8062 -0.5880
vn 0.0776 0.7165 -0.6932
vn 0.2643 0.7374 -0.6216
vn 0.8290 -0.2237 -0.5125
vn 0.8435 0.3062 -0.4413
vn 0.7542 -0.1374 -0.6421
vn -0.2025 -0.0056 0.9793
vn -0.2314 0.1821 0.9557
vn -0.1242 -0.2814 0.9515
vn -0.3737 -0.4941 0.7850
vn -0.3821 -0.4881 0.7847
vn -0.5438 -0.7357 0.4038
vn -0.4215 -0.8375 0.3478
vn -0.3973 -0.8953 0.2016
vn -0.6734 -0.0743 -0.7355
vn -0.6628 -0.0969 -0.7425
vn -0.7572 0.1658 -0.6318
vn -0.0000 -0.9994 0.0342
vn -0.0126 -0.9995 0.0293
vn -0.3314 -0.0034 0.9435
vn -0.4504 -0.0034 0.8928
vn 0.7726 -0.5514 -0.3146
vn 0.7975 -0.3736 -0.4737
vn 0.7620 -0.4702 -0.4453
vn -0.1246 -0.9470 -0.2959
vn 0.8256 0.5436 0.1510
vn 0.7440 0.4960 -0.4477
vn 0.8500 0.4367 -0.2947
vn -0.8747 0.0349 -0.4835
vn -0.7069 -0.0269 -0.7068
vn -0.0008 0.7557 -0.6549
vn -0.0026 0.8008 -0.5989
vn 0.8131 0.0002 0.5821
vn 0.6461 -0.0173 0.7630
vn 0.6568 -0.0122 0.7540
vn 0.5935 -0.8048 -0.0025
vn 0.6611 -0.7502 -0.0152
vn -0.0142 0.9999 -0.0053
vn -0.6895 0.7243 -0.0010
vn -0.6600 0.7512 0.0084
vn -0.0000 0.6248 -0.7808
vn -0.0000 0.7908 -0.6121
vn -0.0103 0.3072 -0.9516
vn 0.8997 0.0037 -0.4365
vn 0.8671 0.0480 -0.4958
vn -0.9968 -0.0569 -0.0569
vn -0.9587 0.2794 0.0532
vn -0.1112 -0.7636 0.6361
vn -0.0156 -0.8190 0.5736
vn -0.1116 -0.7621 0.6377
vn 0.2819 0.3749 0.8832
vn -0.4372 0.2874 0.8522
vn -0.3613 -0.0583 0.9306
vn 0.8119 0.5828 -0.0334
vn 0.9895 0.1440 0.0090
vn -0.6542 0.7486 0.1074
vn -0.9445 0.3210 0.0703
vn -0.7802 0.6113 0.1325
vn -0.6224 0.7800 -0.0655
vn -0.6109 0.7888 -0.0673
vn -0.5661 0.8212 -0.0717
vn -0.7550 0.6449 -0.1186
vn -0.6813 -0.6274 -0.3771
vn -0.6802 -0.4174 -0.6026
vn -0.8844 -0.3637 -0.2924
vn -0.3403 0.9351 -0.0990
vn 0.0258 0.9992 0.0318
vn -0.1368 0.9895 -0.0459
vn -0.1632 -0.9791 0.1212
vn 0.6998 -0.5882 0.4053
vn 0.7630 -0.6000 0.2407
vn 0.7116 -0.5189 0.4737
vn -0.0415 0.5910 -0.8056
vn 0.0521 0.6718 -0.7389
vn 0.0913 0.7169 -0.6911
vn -0.0867 -0.0067 -0.9962
vn 0.0400 -0.0506 -0.9979
vn -0.1460 -0.0602 -0.9874
vn -0.6386 -0.7694 0.0153
vn 0.0259 0.9996 -0.0107
vn 0.7687 0.6396 0.0006
vn 0.5107 0.8597 -0.0108
vn -0.0001 0.6819 0.7314
vn 0.0013 0.7048 0.7094
vn 0.0045 -0.9999 0.0150
vn -0.0005 -0.9996 0.0268
vn 0.0060 -0.9998 0.0209
vn 0.9030 -0.0034 0.4296
vn 0.0125 -0.9999 0.0099
vn 0.2515 -0.9676 -0.0241
vn 0.6271 -0.7789 0.0049
vn 0.3259 -0.9454 0.0004
vn 0.8366 0.4638 0.2914
vn 0.8354 0.4430 0.3253
vn 0.7527 -0.6385 0.1602
vn 0.4357 -0.8653 0.2479
vn 0.4184 -0.8742 0.2462
vn 0.4698 -0.8511 0.2346
vn 0.7897 -0.1343 0.5986
vn 0.7221 -0.6859 0.0898
vn 0.9710 -0.2378 0.0225
vn 0.9610 -0.1519 0.2311
vn -0.7057 -0.0105 0.7084
vn -0.7061 -0.0117 0.7080
vn -0.7405 0.2875 0.6074
vn 0.7938 -0.4020 -0.4564
vn 0.0532 -0.9960 -0.0720
vn 0.0759 -0.9920 -0.1004
vn 0.3759 -0.8999 -0.2210
vn 0.2954 -0.9372 -0.1852
vn 0.1183 -0.9909 -0.0649
vn 0.0233 -0.0170 -0.9996
vn 0.4306 -0.0088 -0.9025
vn 0.4975 -0.0408 -0.8665
vn 0.9886 0.0547 -0.1399
vn 0.9789 0.1752 -0.1053
vn 0.9898 0.0419 -0.1361
vn 0.5879 -0.7982 -0.1314
vn -0.6668 -0.0035 0.7452
vn 0.0153 0.9987 -0.0490
vn -0.0210 0.9966 -0.0792
vn -0.1538 0.9880 -0.0133
vn -0.8562 0.5121 -0.0675
vn -0.9627 0.2666 0.0461
vn -0.8354 0.5496 0.0079
vn -0.9351 0.1330 0.3286
vn 0.9965 -0.0646 -0.0529
vn 0.9959 -0.0872 -0.0236
vn 0.9984 -0.0341 -0.0462
vn 0.0570 -0.9975 -0.0425
vn 0.0462 0.8129 -0.5805
vn 0.3216 0.4326 -0.8423
vn -0.9868 0.1240 -0.1040
vn -0.9595 -0.1016 -0.2627
vn -0.9599 -0.1563 -0.2327
vn -0.9257 0.2518 -0.2822
vn -0.8597 0.3320 -0.3882
vn -0.8464 0.3868 -0.3661
vn -0.5259 -0.8466 0.0819
vn -0.4844 -0.8718 0.0726
vn -0.9666 -0.1637 0.1972
vn -0.9240 0.1303 0.3594
vn 0.0743 0.9938 0.0827
vn 0.0022 0.9957 0.0921
vn 0.9302 0.3472 -0.1192
vn 0.9935 0.0111 -0.1135
vn -0.2148 0.9721 0.0944
vn -0.0906 0.9864 0.1372
vn -0.2814 0.9478 0.1500
vn -0.5058 -0.8521 0.1347
vn -0.7787 -0.6193 0.1001
vn -0.9698 0.2348 0.0660
vn -0.9793 0.1882 0.0740
vn 0.6309 -0.5050 -0.5889
vn 0.0821 -0.9531 -0.2914
vn 0.5342 -0.8141 -0.2279
vn 0.5356 0.8404 -0.0828
vn 0.5206 0.8518 0.0586
vn -0.6536 0.7548 -0.0552
vn -0.2911 0.9446 -0.1518
vn -0.5403 0.8351 -0.1033
vn 0.9384 -0.0477 -0.3424
vn 0.1483 -0.3619 -0.9203
vn 0.3206 -0.3179 -0.8923
vn -0.0480 -0.4328 -0.9002
vn 0.7037 0.7052 -0.0870
vn 0.4688 0.8825 -0.0389
vn 0.0145 0.9963 -0.0846
vn -0.4604 0.8874 0.0223
vn -0.8374 0.5366 0.1039
vn -0.8298 0.5384 0.1470
vn 0.3447 0.6395 -0.6872
vn 0.8852 0.4467 0.1302
vn 0.9152 0.3755 0.1465
vn 0.8747 0.4633 0.1423
vn 0.8745 0.4782 0.0808
vn 0.8611 0.4929 0.1250
vn 0.8717 0.4849 0.0715
vn 0.8113 0.5599 0.1681
vn 0.8518 0.4958 0.1691
vn 0.8628 0.4759 0.1708
vn 0.9882 -0.1283 -0.0836
vn 0.9877 -0.0921 -0.1262
vn 0.5008 -0.8633 -0.0619
vn 0.1375 -0.9541 0.2659
vn 0.1480 -0.9084 0.3909
vn -0.0164 -0.9976 -0.0671
vn 0.1117 -0.9918 -0.0627
vn 0.0008 0.9203 0.3911
vn -0.4250 0.7818 0.4562
vn -0.7876 0.5686 0.2374
vn -0.0005 -0.6566 0.7543
vn -0.9194 -0.3750 -0.1185
vn 0.8851 0.4506 -0.1166
vn 0.3573 0.9191 -0.1659
vn 0.2884 0.9554 -0.0638
vn 0.9828 -0.1769 0.0534
vn 0.9946 0.0344 -0.0981
vn 0.8885 -0.3003 0.3471
vn 0.9575 -0.2121 0.1956
vn -0.0249 -0.8012 0.5979
vn -0.9460 -0.1411 -0.2919
vn -0.7659 0.4425 0.4664
vn -0.7156 0.4888 0.4990
vn -0.0298 -0.7037 0.7098
vn -0.0714 -0.6962 0.7143
vn 0.1165 -0.7202 0.6839
vn 0.0007 1.0000 0.0096
vn 0.9060 -0.4214 0.0399
vn 0.6919 -0.7181 0.0745
vn -0.3524 -0.9357 0.0135
vn -0.9962 -0.0491 -0.0721
vn -0.9960 -0.0498 -0.0746
vn -0.9965 0.0163 -0.0815
vn -0.5862 0.8102 0.0004
vn -0.6207 0.7836 -0.0284
vn -0.6566 0.7533 -0.0378
vn -0.9494 0.3019 0.0872
vn -0.9865 -0.1298 0.0996
vn -0.9433 0.3267 0.0592
vn -0.6666 -0.7373 0.1098
vn -0.6067 -0.7883 0.1022
vn -0.8424 -0.0033 -0.5389
vn -0.8428 -0.0034 -0.5382
vn -0.4769 0.4676 -0.7442
vn -0.5765 0.2242 -0.7857
vn -0.7141 -0.2135 -0.6666
vn -0.6675 -0.1848 -0.7213
vn -0.7688 -0.0583 -0.6368
vn -0.8847 -0.4651 -0.0300
vn -0.6522 -0.7540 -0.0782
vn -0.8192 0.5083 0.2658
vn -0.6685 -0.0035 -0.7437
vn 0.5442 -0.6718 -0.5026
vn 0.0076 -0.9964 -0.0844
vn 0.0086 -0.9998 0.0204
vn -0.0002 -0.6487 -0.7610
vn -0.8018 -0.4002 -0.4439
vn -0.5746 -0.6272 -0.5257
vn -0.7629 -0.0035 -0.6465
vn -0.9026 -0.0034 -0.4304
vn -0.6668 -0.0035 -0.7452
vn 0.7020 0.7062 0.0921
vn 0.8248 0.5581 0.0906
vn 0.8703 0.4856 0.0824
vn -0.7641 -0.0034 0.6451
vn 0.7641 -0.0035 -0.6450
vn -0.6685 -0.0035 0.7437
vn 0.3314 -0.0035 0.9435
vn -0.0000 -0.0034 1.0000
vn 0.0817 0.4591 0.8846
vn -0.0225 0.3954 0.9182
vn 0.0878 0.1978 0.9763
vn 0.2997 -0.6533 0.6953
vn -0.9607 0.1416 0.2389
vn -0.9408 0.2602 0.2174
vn -0.9220 0.3654 0.1282
vn -0.8090 -0.4441 0.3851
vn -0.7139 -0.4502 0.5363
vn -0.7502 -0.4644 0.4707
vn -0.9198 -0.1229 0.3727
vn 0.9491 -0.0034 0.3150
vn 1.0000 -0.0033 -0.0000
vn 0.9493 -0.0034 0.3145
vn -0.6708 0.4639 -0.5786
vn -0.0554 0.8825 0.4671
vn 0.4238 0.4912 0.7610
vn 0.2587 0.6230 0.7382
vn -0.4737 0.1835 0.8614
vn -0.3048 0.3678 0.8785
vn -0.4278 -0.9020 0.0585
vn 0.1362 -0.9890 0.0584
vn 0.5802 -0.8144 0.0106
vn 0.5357 -0.8444 0.0006
vn 0.3766 -0.7720 0.5121
vn -0.7642 -0.0035 -0.6450
vn 0.9936 -0.0031 -0.1131
vn 0.3314 -0.0034 -0.9435
vn 0.4504 -0.0035 -0.8928
vn 0.9991 -0.0357 0.0245
vn 0.9605 -0.0628 0.2710
vn 0.6254 0.0509 0.7787
vn 0.6512 0.5877 0.4801
vn -0.9090 0.4064 -0.0923
vn -0.9184 0.3877 -0.0785
vn -0.9128 0.4012 -0.0760
vn -0.5138 0.8574 -0.0295
vn 0.9233 -0.2960 0.2447
vn 0.7938 0.3774 0.4769
vn 0.6118 -0.7910 0.0010
vn 0.5884 -0.8086 -0.0076
vn 0.8373 -0.5443 0.0514
vn 0.8379 0.1744 -0.5173
vn 0.7434 0.4765 -0.4694
vn 0.4981 -0.8253 -0.2662
vn 0.1601 -0.9638 -0.2134
vn 0.9629 -0.2688 0.0250
vn 0.9284 -0.3714 0.0104
vn 0.9767 -0.2100 0.0433
vn 0.0559 0.9943 0.0904
vn -0.1448 0.9885 0.0428
vn 0.4479 0.8076 0.3835
vn 0.5438 0.6298 0.5547
vn 0.3185 0.8882 0.3311
vn 0.3832 -0.9220 0.0549
vn 0.6996 -0.6749 0.2346
vn 0.0083 -0.9864 -0.1644
vn -0.7826 -0.1455 0.6053
vn -0.8344 -0.0390 0.5498
vn 0.6668 -0.0035 -0.7452
vn 0.0088 -0.9998 -0.0203
vn 0.0210 -0.9996 -0.0205
vn 0.9705 -0.2142 0.1108
vn 0.9654 -0.2372 0.1078
vn 0.7441 0.3361 -0.5774
vn 0.1921 -0.0471 -0.9803
vn 0.2319 0.1785 -0.9562
vn 0.1861 -0.2283 -0.9556
vn -0.4507 -0.0033 0.8927
vn -0.4515 -0.0033 0.8923
vn -0.4515 -0.0032 0.8923
vn -0.9912 0.1279 0.0331
vn -0.9941 0.1079 0.0134
vn 0.0050 -0.9969 0.0785
vn -0.4663 -0.8777 -0.1100
vn -0.3064 -0.9509 -0.0433
vn -0.6228 -0.7804 -0.0549
vn -0.7599 -0.6395 0.1164
vn -0.3196 -0.5829 -0.7470
vn -0.1886 0.7299 0.6571
vn 0.0208 0.7989 0.6011
vn -0.0702 -0.3060 0.9494
vn -0.0201 -0.2597 0.9655
vn 0.0519 -0.9971 -0.0559
vn -0.2301 -0.9698 -0.0811
vn 0.1327 -0.9902 -0.0430
vn -0.1431 -0.9885 -0.0495
vn 0.4327 0.8466 -0.3098
vn 0.3967 0.9023 -0.1689
vn 0.3811 0.9098 -0.1646
vn 0.9400 -0.1864 -0.2859
vn -0.8207 0.3106 -0.4795
vn -0.9947 0.0686 0.0764
vn 0.2952 0.9469 0.1272
vn 0.3293 0.9323 0.1499
vn 0.5966 0.7947 -0.1116
vn 0.2877 -0.7107 0.6420
vn 0.1874 -0.8833 0.4297
vn 0.0014 -0.9637 0.2670
vn 0.0526 -0.9606 0.2729
vn -0.0077 -0.9999 0.0090
vn 0.4489 0.1844 -0.8744
vn 0.4428 0.1888 -0.8765
vn 0.4489 0.1845 -0.8743
vn -0.9844 0.1407 0.1058
vn -0.9868 -0.0952 0.1313
vn 0.5822 0.7148 -0.3874
vn 0.2238 0.8559 -0.4662
vn -0.8374 -0.5422 0.0693
vn -0.2269 0.9689 0.0987
vn -0.2296 0.9683 0.0986
vn -0.8065 0.5911 -0.0142
vn -0.3824 0.9222 0.0577
vn -0.4515 -0.0033 -0.8923
vn -0.2729 0.8025 -0.5305
vn -0.1111 0.8421 -0.5278
vn 0.9741 -0.1562 -0.1637
vn 0.5195 -0.7991 0.3026
vn -0.8931 0.4488 -0.0295
vn -0.3538 0.9347 0.0342
vn -0.2903 0.9566 0.0254
vn -0.2125 0.9772 -0.0056
vn -0.9946 -0.0881 -0.0550
vn -0.9251 -0.3710 -0.0810
vn 0.4400 0.1877 -0.8782
vn 0.6535 0.7533 0.0743
vn 0.2123 0.9752 0.0632
vn 0.5586 0.8248 0.0876
vn -0.3043 0.5598 0.7707
vn 0.0134 0.8736 -0.4864
vn 0.4863 0.3712 0.7910
vn 0.4761 0.3908 0.7878
vn 0.4692 0.3938 0.7904
vn 0.2887 -0.3625 0.8861
vn 0.1629 -0.2162 0.9627
vn 0.3585 -0.4431 0.8216
vn 0.6738 -0.4718 0.5687
vn 0.7165 -0.4163 0.5597
vn 0.5889 -0.1672 0.7907
vn 0.9238 -0.3828 0.0017
vn 0.8924 -0.4503 0.0297
vn 0.6583 0.4865 -0.5744
vn -0.0147 0.8764 -0.4814
vn -0.2294 0.9025 -0.3644
vn -0.5412 0.1060 0.8342
vn -0.4147 0.6194 0.6666
vn -0.4306 -0.0088 -0.9025
vn -0.5084 -0.3438 -0.7895
vn -0.9987 0.0385 -0.0333
vn -0.6179 -0.2129 -0.7569
vn 0.3536 0.3645 0.8615
vn 0.7653 0.2064 0.6096
vn 0.7202 0.2689 0.6395
vn 0.7476 0.1655 0.6432
vn 0.0807 -0.9934 0.0816
vn 0.0310 -0.9953 0.0913
vn -0.0741 -0.9972 -0.0140
vn -0.3725 -0.9183 -0.1343
vn 0.8575 0.1803 0.4819
vn 0.7783 -0.0275 0.6273
vn 0.7844 -0.6189 0.0397
vn 0.6111 -0.7883 0.0720
vn 0.4563 -0.8888 0.0432
vn 0.5583 -0.8282 0.0487
vn 0.4374 0.8801 -0.1848
vn 0.8389 0.5134 -0.1807
vn 0.8705 0.4604 -0.1743
vn 0.0098 0.9944 -0.1048
vn -0.9419 -0.0032 0.3358
vn -0.7276 0.4273 0.5367
vn -0.6271 0.3942 0.6718
vn -0.6066 0.3974 0.6885
vn -0.5526 -0.7883 -0.2705
vn -0.8264 -0.5630 0.0041
vn -0.9989 0.0311 -0.0344
vn -0.8944 0.4472 -0.0129
vn 0.0735 0.0495 -0.9961
vn -0.0133 0.0723 -0.9973
vn -0.0163 0.0342 -0.9993
vn -0.6300 -0.7545 0.1841
vn -0.2640 -0.9534 0.1458
vn -0.3040 -0.8461 0.4379
vn -0.2134 -0.9588 0.1874
vn -0.3032 -0.8703 0.3882
vn 0.7896 -0.6115 0.0505
vn 0.3865 -0.9183 0.0861
vn 0.5259 -0.8491 0.0502
vn -0.3861 0.6927 -0.6092
vn -0.2838 0.5476 -0.7872
vn 0.2326 -0.4274 0.8736
vn 0.4365 -0.4762 0.7633
vn 0.9598 0.0641 0.2731
vn 0.9762 0.1369 0.1682
vn 0.6696 0.7397 0.0663
vn 0.7074 0.6994 0.1020
vn 0.8641 0.5003 0.0559
vn 0.2839 0.8449 0.4533
vn -0.3953 -0.2873 0.8725
vn -0.4362 -0.2524 0.8638
vn -0.2397 -0.9556 0.1713
vn -0.4894 -0.7329 0.4726
vn -0.2303 -0.9614 0.1507
vn 0.4772 0.1014 -0.8729
vn 0.4366 -0.7775 -0.4526
vn 0.3053 -0.7853 -0.5386
vn 0.3683 -0.7838 -0.5000
vn 0.6708 0.4639 -0.5786
vn 0.8944 0.4471 -0.0141
vn -0.9520 0.0671 0.2987
vn 0.0252 0.7239 0.6895
vn 0.0360 -0.1183 0.9923
vn 0.1643 -0.1124 0.9800
vn -0.1684 0.9842 -0.0546
vn 0.0832 0.9957 -0.0406
vn -0.0446 -0.9988 -0.0179
vn -0.0168 -0.9996 -0.0207
vn -0.0087 0.9999 0.0109
vn -0.0024 0.8719 0.4897
vn 0.8549 0.5174 0.0380
vn 0.7977 0.5989 0.0709
vn -0.8698 -0.4159 -0.2654
vn -0.9505 -0.1654 0.2629
vn -0.7398 0.3262 0.5885
vn -0.7398 0.3262 0.5884
vn -0.6827 0.3724 0.6286
vn -0.4396 -0.1716 0.8817
vn -0.4327 -0.1747 0.8845
vn -0.4382 -0.1722 0.8822
vn -0.4596 -0.8457 -0.2712
vn -0.7629 -0.0034 0.6465
vn -0.9026 -0.0034 0.4305
vn -0.0444 -0.9944 -0.0957
vn 0.7510 -0.4517 -0.4815
vn 0.7219 -0.5071 -0.4710
vn 0.5118 -0.2640 -0.8175
vn 0.3963 -0.2963 -0.8690
vn -0.4780 0.5711 -0.6674
vn 0.2431 0.9665 -0.0822
vn -0.4570 0.4570 -0.7631
vn -0.1488 0.5328 -0.8330
vn -0.4254 0.9047 -0.0231
vn 0.9888 -0.0935 0.1168
vn 0.9499 -0.2446 0.1946
vn 0.9830 0.1760 0.0527
vn 0.0001 -1.0000 0.0084
vn 0.9492 -0.0034 -0.3145
vn 0.9655 0.0118 -0.2601
vn -0.5890 -0.8030 0.0909
vn -0.9647 -0.2583 -0.0506
vn 0.3191 0.9345 -0.1575
vn 0.2630 0.9521 -0.1561
vn 0.2561 0.9593 -0.1193
vn 0.7769 0.5797 -0.2459
vn 0.7772 0.5786 -0.2474
vn -0.1712 0.9852 -0.0102
vn 0.0976 0.9946 0.0351
vn -0.7056 -0.7060 -0.0598
vn -0.7690 -0.5467 -0.3313
vn -0.9794 0.1470 -0.1382
vn -0.9168 0.3683 -0.1545
vn -0.5424 -0.7444 0.3895
vn -0.8988 -0.4384 0.0028
vn -0.9434 -0.3315 0.0010
vn 0.3853 0.9064 -0.1730
vn 0.8318 -0.5550 -0.0061
vn 0.6414 -0.7669 0.0217
vn -0.0000 -0.1239 -0.9923
vn 0.9091 -0.4126 -0.0570
vn -0.2963 -0.2095 0.9318
vn -0.1080 -0.1164 0.9873
vn 0.4569 0.4570 -0.7632
vn -0.6123 0.5859 -0.5308
vn -0.7690 0.1721 -0.6157
vn -0.4657 -0.2313 0.8542
vn -0.4462 -0.1689 0.8789
vn -0.4553 -0.1973 0.8682
vn 0.7659 0.6384 -0.0764
vn 0.5610 0.8228 -0.0914
vn -0.2733 0.9606 -0.0499
vn -0.7785 -0.3865 -0.4946
vn -0.6033 -0.6417 -0.4736
vn -0.8574 -0.3441 0.3827
vn -0.8067 -0.4416 0.3928
vn -0.8318 -0.3963 0.3886
vn -0.7135 0.6665 -0.2159
vn 0.0506 0.2174 -0.9748
vn -0.1073 0.2390 -0.9651
vn -0.4523 0.3034 -0.8387
vn -0.9561 -0.2608 0.1339
vn 0.5982 -0.5951 0.5367
vn 0.6527 -0.3747 0.6585
vn -0.1363 0.2446 0.9600
vn -0.9285 -0.1759 0.3271
vn -0.8413 -0.5232 0.1361
vn 0.0091 0.0170 0.9998
vn -0.4873 -0.8729 -0.0236
vn -0.0141 0.9997 0.0174
vn 0.4252 0.3326 0.8418
vn 0.3662 0.4137 0.8335
vn 0.4307 0.4320 0.7924
vn 0.2215 0.9751 -0.0079
vn 0.0561 0.9976 -0.0416
vn -0.5084 0.3438 0.7895
vn -0.4983 0.3204 0.8056
vn 0.0624 0.9980 0.0022
vn 0.0810 0.9956 0.0467
vn -0.0084 0.9994 0.0339
vn -0.6091 0.7910 -0.0568
vn -0.6372 0.7685 -0.0578
vn -0.6424 -0.7363 -0.2128
vn 0.6125 -0.7827 0.1102
vn 0.8088 -0.5770 0.1140
vn 0.5420 0.2573 0.8000
vn 0.7204 0.5373 -0.4385
vn 0.9311 0.3180 0.1788
vn 0.6916 0.6796 -0.2448
vn 0.8611 0.3843 -0.3328
vn 0.3112 0.9235 -0.2243
vn -0.6337 -0.7602 -0.1433
vn 0.0115 0.9952 -0.0968
vn 0.0566 -0.2410 0.9689
vn -0.9433 -0.3299 -0.0372
vn -0.8308 -0.5511 0.0776
vn 0.3536 -0.9185 0.1771
vn -0.7320 -0.5912 -0.3386
vn -0.7235 -0.6025 -0.3371
vn -0.8556 -0.3786 -0.3529
vn -0.7446 -0.5938 0.3048
vn 0.2913 0.2330 0.9278
vn 0.2714 0.0960 0.9577
vn 0.2816 0.0931 0.9550
vn -0.7555 -0.6281 0.1862
vn -0.7200 -0.6909 0.0655
vn -0.6112 -0.7906 0.0356
vn -0.4504 -0.0035 -0.8928
vn -0.0086 -0.9998 -0.0204
vn -0.0210 -0.9996 -0.0205
vn 0.5125 -0.8585 0.0196
vn -0.9681 0.2026 -0.1474
vn -0.9661 0.2347 -0.1078
vn -0.9491 -0.0034 -0.3150
vn 0.4092 0.8954 -0.1753
vn 0.5702 0.8214 0.0134
vn -0.7193 -0.3104 -0.6215
vn -0.8653 -0.3943 -0.3095
vn 0.9216 -0.3847 0.0512
vn 0.6970 -0.7163 -0.0339
vn -0.8261 0.4191 0.3766
vn -0.2095 0.9716 0.1099
vn -0.7239 -0.6890 -0.0343
vn 0.2707 -0.6877 0.6737
vn 0.2708 -0.6939 0.6672
vn 0.7627 -0.1171 -0.6361
vn -0.8832 -0.4326 0.1813
vn -0.1884 -0.9698 0.1549
vn 0.8508 -0.3499 -0.3920
vn 0.6773 0.7279 0.1072
vn 0.5862 0.7800 0.2189
vn 0.7966 0.6039 0.0277
vn 0.5328 0.8403 -0.1005
vn 0.6570 0.7510 -0.0655
vn -0.0088 -0.9998 -0.0203
vn 0.9663 0.2567 -0.0182
vn 0.7239 0.6786 -0.1243
vn -0.2526 -0.6811 -0.6872
vn 0.4438 0.1619 -0.8814
vn 0.4452 0.1529 -0.8823
vn 0.4441 0.1602 -0.8816
vn -0.7208 0.6830 0.1181
vn -0.9044 0.4122 -0.1104
vn -0.7624 0.5995 -0.2435
vn -0.8225 -0.5634 -0.0780
vn 0.7118 0.0537 0.7003
vn -0.5243 0.8515 -0.0026
vn -0.0101 0.9953 -0.0967
vn -0.4317 0.8633 -0.2613
vn -0.2990 -0.7966 -0.5254
vn -0.1340 -0.9466 -0.2932
vn -0.0601 -0.7172 -0.6943
vn -0.9585 -0.2339 0.1628
vn 0.7815 -0.4908 0.3851
vn -0.0116 -0.9996 0.0254
vn -0.0285 -0.9992 0.0277
vn 0.0420 -0.9990 0.0169
vn 0.0272 -0.9993 0.0265
vn 0.0192 -0.9987 0.0468
vn -0.1655 0.9858 -0.0283
vn 0.9095 -0.3104 -0.2764
vn 0.1985 -0.7373 -0.6458
vn 0.2185 -0.7557 -0.6174
vn 0.1653 -0.7050 -0.6896
vn -0.0298 -0.9991 0.0291
vn -0.1644 -0.4799 -0.8618
vn -0.7620 0.6476 0.0029
vn -0.7145 0.6996 0.0003
vn 0.0119 -0.9999 0.0048
vn 0.3702 0.9289 -0.0003
vn -0.7435 0.6490 -0.1613
vn 0.6212 -0.2534 -0.7416
vn 0.6029 0.1646 -0.7807
vn 0.8617 0.4664 0.1998
vn 0.8554 0.3806 0.3515
vn 0.8953 -0.3662 0.2537
vn 0.7841 -0.0786 -0.6157
vn -0.1763 0.8920 0.4163
vn 0.0051 0.6655 0.7464
vn 0.5921 -0.8028 0.0698
vn -0.3685 0.0811 0.9261
vn -0.4714 0.1590 0.8675
vn -0.1627 -0.0645 0.9846
vn 0.9988 0.0353 0.0350
vn 0.8514 -0.5243 -0.0138
vn 0.9439 -0.3302 0.0036
vn 0.8890 -0.2859 -0.3577
vn -0.7899 -0.5623 -0.2448
vn 0.0007 0.0109 -0.9999
vn 0.0030 0.8008 -0.5989
vn 0.7354 0.5890 0.3350
vn 0.8592 0.3763 0.3466
vn 0.7241 0.6038 0.3333
vn -0.7377 -0.1220 0.6640
vn 0.4703 0.4508 0.7587
vn -0.1744 0.1983 0.9645
vn -0.5747 0.6044 -0.5517
vn 0.1455 0.5959 -0.7897
vn 0.1294 0.5826 -0.8024
vn -0.4260 -0.1776 0.8871
vn -0.6412 0.0594 0.7651
vn -0.6591 0.0684 0.7490
vn -0.6437 0.1064 0.7579
vn -0.5784 -0.3786 0.7226
vn 0.1854 0.9815 0.0483
vn 0.9084 -0.3847 -0.1638
vn 0.3518 0.9359 0.0159
vn 0.3796 -0.9146 0.1393
vn 0.1618 -0.9751 0.1514
vn 0.3783 -0.9168 0.1278
vn -0.5749 0.6402 -0.5096
vn -0.5478 0.7245 -0.4185
vn -0.5248 0.7741 -0.3540
vn 0.4467 0.1436 -0.8831
vn 0.2275 0.9536 -0.1974
vn 0.9335 0.1354 0.3320
vn 0.7882 -0.5860 0.1880
vn -0.3708 -0.9150 -0.1590
vn -0.5424 0.4836 0.6870
vn -0.5766 0.4598 0.6754
vn -0.7250 0.3339 0.6024
vn 0.4230 0.4938 0.7598
vn 0.8993 -0.4120 0.1468
vn 0.4971 -0.7130 -0.4945
vn 0.1104 0.9918 0.0648
vn -0.9858 -0.1351 0.0997
vn 0.1484 0.8270 -0.5423
vn -0.1122 0.8069 -0.5799
vn 0.2836 0.7422 -0.6072
vn 1.0000 -0.0000 -0.0000
vn -1.0000 -0.0000 -0.0000
vn -0.9983 -0.0000 0.0586
vn -0.9582 -0.0000 0.2863
vn -0.9180 -0.0000 0.3966
vn -0.8024 -0.0000 0.5968
vn -0.7270 -0.0000 0.6866
vn -0.5500 -0.0000 0.8352
vn -0.4483 -0.0000 0.8939
vn -0.2311 -0.0000 0.9729
vn -0.1156 -0.0000 0.9933
vn 0.1736 -0.0000 0.9848
vn 0.4483 -0.0000 0.8939
vn 0.5500 -0.0000 0.8352
vn 0.7270 -0.0000 0.6866
vn 0.8024 -0.0000 0.5967
vn 0.9180 -0.0000 0.3966
vn 0.9581 -0.0000 0.2863
vn 0.9983 -0.0000 0.0587
vn 0.9983 -0.0000 -0.0587
vn 0.9582 -0.0000 -0.2863
vn 0.9180 -0.0000 -0.3966
vn 0.8025 -0.0000 -0.5967
vn 0.7270 -0.0000 -0.6866
vn 0.5500 -0.0000 -0.8352
vn 0.4483 -0.0000 -0.8939
vn 0.2311 -0.0000 -0.9729
vn 0.1156 -0.0000 -0.9933
vn -0.1736 -0.0000 -0.9848
vn -0.4483 -0.0000 -0.8939
vn -0.5499 -0.0000 -0.8352
vn -0.7270 -0.0000 -0.6866
vn -0.8025 -0.0000 -0.5967
vn -0.9180 -0.0000 -0.3966
vn -0.9582 -0.0000 -0.2863
vn -0.9983 -0.0000 -0.0587
vn -0.0001 -1.0000 -0.0000
vn -0.0000 1.0000 0.0003
vn -0.0001 1.0000 0.0001
vn 0.9983 -0.0000 0.0586
vn 0.9582 -0.0000 0.2863
vn 0.7270 -0.0000 0.6867
vn 0.5499 -0.0000 0.8352
vn 0.1155 -0.0000 0.9933
vn 0.2311 -0.0000 0.9729
vn -0.1736 -0.0000 0.9848
vn -0.8025 -0.0000 0.5967
vn -0.9180 -0.0000 0.3965
vn -0.9581 -0.0000 0.2863
vn -0.9983 -0.0000 0.0587
vn -0.9581 -0.0000 -0.2863
vn -0.9180 -0.0000 -0.3965
vn -0.2311 -0.0000 -0.9729
vn -0.1156 -0.0000 -0.9933
vn 0.1736 -0.0000 -0.9848
vn 0.5499 -0.0000 -0.8352
vn 0.8024 -0.0000 -0.5967
vn 0.7270 -0.0000 -0.6867
vn 0.9582 -0.0000 -0.2862
vn 0.0001 -1.0000 0.0004
vn 0.0001 1.0000 0.0002
vn -0.4912 0.0040 0.8710
vn -0.0120 -0.9999 0.0049
vn 0.0712 -0.0033 0.9975
vn 0.0711 -0.0033 -0.9975
vn -0.8428 -0.0034 0.5382
vn 0.7909 -0.6084 0.0659
vn -0.8888 -0.2440 0.3880
vn -0.8666 -0.1663 0.4704
vn 0.0484 0.9970 0.0611
vn -0.4565 -0.1654 0.8742
vn -0.7978 0.5903 0.1229
vn 0.8750 0.4467 -0.1868
vn 0.1653 -0.7323 0.6606
vn -0.4936 -0.7439 -0.4505
vn 0.3760 0.4831 0.7907
vn -0.3969 0.3927 -0.8296
vn -0.3377 0.4481 -0.8277
vn 0.4772 0.3985 0.7832
vn -0.9910 -0.1133 0.0717
vn -0.9876 0.1451 0.0592
vn -0.9650 0.2333 0.1199
vn 0.0759 -0.1712 -0.9823
vn 0.0299 -0.9991 -0.0291
vn -0.6455 -0.2642 -0.7166
vn -0.5948 -0.4747 -0.6488
vn 0.5478 0.8359 -0.0341
vn 0.7227 0.6867 0.0787
vn 0.5105 -0.4403 0.7386
vn 0.6873 0.6885 0.2315
vn -0.3479 0.3135 0.8836
vn -0.2775 -0.8621 -0.4240
vn 0.9171 0.3967 0.0403
vn -0.0827 -0.9941 -0.0707
vn -0.8494 0.3476 0.3971
vn -0.6056 -0.6870 0.4015
vn -0.6216 -0.1763 -0.7633
vn 0.3049 -0.7848 -0.5396
vn -0.6553 0.7484 0.1022
vn -0.7198 0.6922 -0.0529
vn -0.1020 -0.9874 0.1211
vn 0.3497 -0.9313 0.1019
vn -0.2853 0.9555 -0.0752
vn 0.3527 0.5054 -0.7875
vn -0.7048 -0.0151 0.7093
vn -0.2508 -0.9480 -0.1959
vn 0.1741 0.5623 -0.8084
vn -0.6194 0.3418 -0.7067
vn 0.9378 -0.0474 -0.3439
vn -0.8834 0.2732 0.3808
vn 0.1739 0.9801 0.0954
vn 0.8362 0.5233 0.1642
vn -0.1731 -0.7103 0.6823
vn 0.5270 0.7840 -0.3281
vn -0.2831 -0.4946 0.8217
vn -0.9029 -0.4120 -0.1223
vn -0.8806 -0.2894 0.3753
vn -0.1534 -0.6775 0.7194
vn -0.9711 -0.2347 -0.0436
vn -0.0000 -0.3695 -0.9292
vn 0.3056 0.9505 0.0556
vn 0.3057 0.9505 0.0556
vn -0.4592 -0.0014 0.8883
vn -0.4095 -0.9034 0.1269
vn -0.3370 0.9294 0.1507
vn -0.3844 0.3419 0.8575
vn -0.1213 0.9899 -0.0730
vn 0.9711 -0.2139 0.1059
vn -0.4506 -0.0033 0.8927
vn 0.9809 0.1832 0.0647
vn -0.3742 -0.5774 -0.7257
vn -0.2402 -0.4536 0.8582
vn 0.3909 -0.9203 -0.0145
vn -0.9723 -0.0118 -0.2336
vn -0.9584 -0.1030 -0.2661
vn 0.7656 0.6385 -0.0785
vn 0.4407 0.8972 -0.0280
vn -0.4506 -0.0033 -0.8927
vn 0.3417 -0.8954 -0.2854
vn 0.4336 0.1839 -0.8821
vn 0.1924 0.9795 0.0604
vn -0.6741 0.1408 0.7251
vn 0.5482 0.3758 0.7471
vn 0.1239 -0.1705 0.9775
vn 0.3579 -0.4331 0.8272
vn 0.9270 0.3747 0.0193
vn -0.8950 -0.0083 0.4461
vn -0.9400 -0.2598 0.2210
vn -0.7185 -0.6722 0.1785
vn 0.1725 -0.8328 0.5260
vn 0.2578 -0.8143 0.5201
vn 0.0382 0.9984 -0.0409
vn -0.3528 -0.3217 0.8787
vn -0.5483 -0.7039 0.4516
vn 0.8451 0.0555 -0.5316
vn -0.8933 0.1536 0.4224
vn -0.2668 0.2232 -0.9376
vn -0.3190 -0.5737 -0.7544
vn -0.6739 -0.6941 0.2530
vn 0.4325 -0.2398 -0.8692
vn 0.2431 0.9665 -0.0821
vn 0.1316 0.9865 0.0978
vn -0.0594 0.9886 -0.1381
vn 0.6138 -0.7824 0.1059
vn -0.9975 -0.0447 -0.0549
vn -0.9711 -0.2348 -0.0436
vn -0.6885 -0.7251 -0.0150
vn 0.5537 0.7767 0.3001
vn 0.8403 0.5074 -0.1910
vn 0.9997 0.0098 -0.0214
vn 0.9984 0.0037 -0.0560
vn -0.5048 0.6618 -0.5542
vn -0.4109 0.7365 -0.5373
vn 0.3469 0.9376 -0.0218
vn -0.9989 0.0464 -0.0082
vn -0.6006 -0.1398 0.7872
vn 0.6098 -0.6316 0.4788
vn -0.0971 0.1986 0.9753
vn 0.0176 0.0170 0.9997
vn -0.0126 0.8210 0.5709
vn 0.5429 0.4962 0.6776
vn -0.5409 0.5902 -0.5993
vn 0.0776 0.9733 -0.2159
vn 0.5901 -0.7993 0.1135
vn 0.6106 0.3846 -0.6923
vn 0.5093 0.6325 -0.5835
vn 0.4317 0.8633 -0.2613
vn -0.5538 -0.7762 -0.3013
vn -0.9833 0.0877 -0.1596
vn 0.0134 -0.9999 -0.0109
vn -0.9578 -0.2490 0.1438
vn 0.5123 -0.7626 -0.3951
vn 0.1228 0.9883 0.0902
vn 0.5150 0.8519 -0.0948
vn -0.4438 -0.1616 0.8814
vn -0.9338 -0.3477 0.0848
vn 0.6769 0.0339 0.7353
vn -0.0747 -0.8557 0.5120
vn 0.2744 -0.8021 -0.5304
vn -0.8746 0.4836 -0.0346
vn -0.8323 0.2953 0.4692
vn -0.7754 0.4982 0.3881
vn -0.5295 0.2050 0.8231
vn 0.9850 -0.0816 0.1522
vn -0.9231 0.1862 -0.3366
vn -0.6003 0.4587 -0.6551
vn 0.5839 0.7226 0.3700
vn -0.8047 -0.0881 -0.5871
vn 0.4710 -0.8821 -0.0081
vn -0.3619 0.5863 0.7248
vn 0.2298 0.9697 0.0830
vn 0.8281 -0.0003 0.5606
vn 0.9122 -0.0001 0.4097
vn 0.5606 0.0003 0.8281
vn 0.2719 0.0011 0.9623
vn 0.4097 0.0001 0.9122
vn 0.5606 -0.0003 -0.8281
vn 0.4097 -0.0001 -0.9122
vn 0.8281 0.0003 -0.5606
vn -0.8281 -0.0003 -0.5606
vn -0.9122 -0.0001 -0.4097
vn -0.5606 0.0003 -0.8281
vn -0.5606 -0.0003 0.8281
vn -0.4097 -0.0001 0.9122
vn -0.8281 0.0003 0.5606
vn 0.9623 -0.0011 0.2719
vn 0.9604 -0.0015 0.2786
vn 0.9623 0.0011 -0.2719
vn 0.9122 0.0001 -0.4097
vn 0.2719 -0.0011 -0.9623
vn 0.2786 -0.0015 -0.9604
vn -0.2719 0.0011 -0.9623
vn -0.4097 0.0001 -0.9122
vn -0.9623 -0.0011 -0.2719
vn -0.9604 -0.0015 -0.2786
vn -0.9623 0.0011 0.2719
vn -0.9122 0.0001 0.4097
vn -0.2719 -0.0011 0.9623
vn -0.2786 -0.0015 0.9604
vn -0.0000 0.9962 -0.0872
vn 0.1140 0.9933 0.0170
vn 0.1467 0.9802 -0.1329
vn -0.1123 -0.9079 0.4039
vn -0.1366 -0.8194 0.5568
vn -0.3455 -0.8306 0.4366
vn 0.2982 0.6850 0.6647
vn 0.4716 0.6839 0.5566
vn 0.2980 0.8349 0.4628
vn -0.0292 -0.8615 -0.5070
vn 0.0386 -0.8997 -0.4348
vn -0.1637 -0.9172 -0.3632
vn -0.3856 0.8865 0.2559
vn -0.2352 0.9526 0.1930
vn -0.3469 0.9364 0.0537
vn -0.2686 0.8311 0.4869
vn -0.1575 0.9243 0.3477
vn 0.6218 -0.7802 0.0682
vn 0.6313 -0.7393 0.2345
vn 0.4805 -0.8499 0.2161
vn 0.6566 -0.5152 -0.5509
vn 0.5008 -0.6031 -0.6209
vn 0.6178 -0.5071 -0.6009
vn 0.4908 0.8702 0.0432
vn 0.3773 0.8876 0.2641
vn 0.5399 0.8061 0.2424
vn -0.6804 -0.4449 -0.5823
vn -0.5954 -0.5375 -0.5972
vn -0.6886 -0.4764 -0.5467
vn 0.2230 -0.5118 -0.8297
vn 0.2982 -0.5148 -0.8038
vn 0.3985 -0.5433 -0.7389
vn -0.0301 0.9995 -0.0015
vn 0.0070 1.0000 -0.0002
vn 0.0013 1.0000 0.0066
vn 0.1184 0.5695 0.8134
vn 0.0649 0.7871 0.6134
vn 0.1223 0.7177 0.6855
vn 0.0134 -0.9999 -0.0012
vn 0.0896 -0.9960 0.0001
vn 0.1132 -0.9935 -0.0068
vn -0.0691 0.9513 -0.3003
vn 0.1023 0.8948 -0.4345
vn -0.0998 0.8869 -0.4511
vn -0.7505 0.5542 -0.3601
vn -0.7862 0.3783 -0.4887
vn -0.8361 0.3947 -0.3810
vn -0.8124 -0.5616 0.1569
vn -0.8623 -0.4287 0.2694
vn -0.8928 -0.4488 0.0393
vn -0.6311 -0.3938 0.6683
vn -0.6499 -0.5275 0.5472
vn -0.5036 -0.5365 0.6772
vn 0.0146 -0.9999 -0.0001
vn -0.0034 -1.0000 0.0003
vn 0.0056 1.0000 -0.0013
vn 0.0295 0.9996 0.0023
vn 0.0187 0.9998 -0.0007
vn -0.4947 0.5251 -0.6925
vn -0.4539 0.3493 -0.8197
vn -0.5515 0.3624 -0.7514
vn 0.1975 -0.8017 0.5641
vn 0.3343 -0.8299 0.4466
vn 0.3217 -0.7242 0.6099
vn 0.1442 0.8130 -0.5642
vn 0.3484 0.8280 -0.4394
vn 0.3117 0.7319 -0.6060
vn 0.9422 0.2990 -0.1511
vn 0.8891 0.2913 -0.3529
vn 0.8769 0.3974 -0.2706
vn 0.0842 -0.9642 -0.2514
vn -0.0327 -0.9381 -0.3448
vn -0.8623 -0.4691 -0.1906
vn -0.7572 -0.5984 -0.2619
vn -0.8124 -0.5803 -0.0569
vn -0.9078 0.4178 -0.0366
vn -0.8051 0.5905 0.0551
vn -0.8052 0.5720 -0.1568
vn -0.6445 0.4893 0.5876
vn -0.7636 0.3696 0.5294
vn -0.6276 0.4406 0.6419
vn 0.0244 -0.9995 0.0223
vn -0.0191 -0.9998 0.0051
vn -0.0002 -1.0000 0.0042
vn -0.1157 -0.9933 -0.0064
vn -0.0237 -0.9997 -0.0010
vn 0.0074 0.9996 0.0284
vn 0.0100 0.9997 0.0240
vn -0.0210 0.9995 0.0235
vn -0.0249 -0.9969 0.0750
vn 0.1529 -0.9882 -0.0039
vn 0.1793 -0.9754 0.1281
vn 0.4868 -0.8725 -0.0421
vn -0.0943 0.7464 0.6588
vn -0.0151 0.8686 0.4954
vn 0.0036 0.7555 0.6551
vn 0.1001 -0.5385 -0.8367
vn 0.0830 -0.7210 -0.6880
vn 0.1441 -0.6535 -0.7431
vn 0.0369 0.8757 0.4814
vn -0.0013 -0.9048 -0.4258
vn -0.0056 -0.9366 -0.3505
vn -0.0513 -0.8054 -0.5905
vn 0.4428 0.3958 -0.8045
vn 0.3527 0.3056 -0.8844
vn 0.3105 0.5158 -0.7985
vn -0.1244 0.2277 -0.9657
vn -0.1191 0.3468 -0.9304
vn -0.0000 0.3099 -0.9508
vn -0.8966 0.4353 0.0815
vn 0.5387 -0.8070 -0.2420
vn 0.6313 -0.7687 -0.1027
vn 0.8391 0.4370 0.3240
vn 0.8769 0.4383 0.1975
vn 0.7505 0.6083 0.2584
vn 0.7266 0.4455 0.5230
vn 0.6215 0.5071 0.5971
vn 0.6845 0.4237 0.5932
vn -0.0000 0.9998 0.0216
vn 0.0039 -0.9993 0.0379
vn -0.0061 -1.0000 -0.0027
vn -0.0014 1.0000 0.0011
vn 0.0066 1.0000 0.0050
vn 0.0044 1.0000 0.0027
vn 0.0015 -1.0000 0.0010
vn -0.0296 0.8598 0.5098
vn 0.4627 0.7936 0.3951
vn 0.6320 0.7681 0.1028
vn 0.5399 0.7518 -0.3787
vn 0.4627 0.7130 -0.5268
vn -0.4770 -0.3811 0.7920
vn 0.2744 -0.3145 0.9088
vn 0.0836 -0.3101 0.9470
vn 0.2099 -0.3674 0.9061
vn -0.0174 -0.7839 -0.6207
vn -0.1512 -0.6002 -0.7854
vn -0.4777 -0.6116 -0.6307
vn -0.4511 -0.5397 -0.7108
vn -0.4018 -0.5485 -0.7333
vn -0.3109 -0.7332 0.6047
vn -0.4621 -0.7137 0.5263
vn -0.4868 -0.8725 -0.0420
vn -0.6218 -0.7802 0.0683
vn -0.6313 -0.7688 -0.1025
vn 0.4621 -0.7137 0.5263
vn -0.3634 0.2333 -0.9020
vn -0.5789 0.2442 -0.7780
vn -0.3596 0.8230 -0.4397
vn -0.2745 0.9053 -0.3243
vn -0.4845 0.8474 -0.2171
vn -0.6321 0.7386 -0.2346
vn -0.6234 0.7789 -0.0681
vn 0.0035 -0.9997 -0.0236
vn -0.0010 -0.9985 -0.0542
vn -0.0047 0.9897 0.1431
vn 0.0001 0.9992 0.0389
vn 0.4751 0.2385 -0.8470
vn 0.7810 0.4042 -0.4761
vn 0.8360 0.3948 -0.3810
vn -0.0005 1.0000 0.0025
vn -0.5975 0.0385 -0.8010
vn -0.5622 0.0677 -0.8242
vn -0.5975 0.0386 -0.8010
vn 0.0086 0.9850 0.1721
vn 0.9981 -0.0046 -0.0622
vn 0.9994 -0.0318 0.0167
vn 0.9999 0.0104 0.0058
vn -0.4519 0.5185 0.7259
vn -0.3765 0.5433 0.7504
vn -0.5525 0.5056 0.6627
vn -0.0281 0.5259 0.8501
vn -0.1562 0.5303 0.8333
vn 0.8469 -0.4289 -0.3143
vn 0.8998 -0.4148 -0.1356
vn 0.8641 -0.4653 -0.1918
vn 0.8949 -0.4378 0.0870
vn 0.8576 -0.4346 0.2751
vn 0.8124 -0.5616 0.1569
vn 0.7731 -0.4099 0.4839
vn 0.6218 -0.3882 0.6801
vn 0.6499 -0.5275 0.5472
vn 0.7572 -0.5437 0.3620
vn -0.2667 -0.9637 -0.0123
vn -0.1710 -0.9838 -0.0538
vn 0.0147 -0.9666 0.2560
vn -0.0874 -0.9669 0.2396
vn 0.9992 -0.0241 -0.0317
vn 0.9989 -0.0439 0.0175
vn 0.9992 -0.0400 0.0059
vn -0.0075 -1.0000 0.0056
vn -0.0007 1.0000 0.0029
vn -0.0144 0.9999 -0.0001
vn -0.9983 0.0461 -0.0360
vn -0.9987 0.0410 0.0302
vn -0.9982 0.0585 -0.0095
vn 0.1207 -0.8824 0.4548
vn 0.0233 -0.8187 0.5738
vn -0.0506 -0.3787 0.9241
vn -0.1274 -0.4749 0.8707
vn 0.1073 -0.5002 0.8593
vn 0.4766 -0.0900 0.8745
vn 0.4745 -0.0877 0.8759
vn 0.4767 -0.0901 0.8744
vn -0.3273 -0.0229 0.9446
vn -0.4070 -0.0044 0.9134
vn -0.5146 -0.0451 0.8562
vn -0.2710 -0.8344 -0.4800
vn -0.3533 -0.7821 -0.5133
vn -0.2671 -0.7190 -0.6416
vn -0.5385 -0.8073 -0.2415
vn -0.4016 -0.8776 -0.2619
vn 0.1323 -0.8163 -0.5622
vn -0.0787 -0.7883 -0.6103
vn 0.0933 -0.7123 -0.6957
vn -0.2118 -0.5139 -0.8313
vn -0.2744 -0.5270 -0.8044
vn 0.2197 -0.9612 -0.1666
vn 0.2414 -0.8931 -0.3795
vn 0.6280 -0.6369 -0.4472
vn 0.4258 -0.8121 -0.3990
vn 0.8240 -0.4806 -0.3001
vn 0.7755 -0.4840 -0.4054
vn 0.7316 -0.4535 -0.5090
vn 0.8966 0.4353 0.0815
vn 0.9078 0.4178 -0.0366
vn 0.8051 0.5905 0.0551
vn 0.6234 0.7789 -0.0682
vn 0.6321 0.7386 -0.2346
vn 0.4845 0.8474 -0.2171
vn 0.0282 0.9108 0.4118
vn -0.0111 0.9968 0.0797
vn -0.2042 0.7794 -0.5923
vn -0.1694 0.6982 -0.6956
vn -0.3117 0.7319 -0.6060
vn -0.0891 0.5045 -0.8588
vn 0.1136 0.5128 -0.8510
vn 0.0995 0.3655 -0.9255
vn -0.9980 0.0225 -0.0585
vn -0.9942 0.0747 -0.0767
vn -0.9945 0.0729 -0.0756
vn -0.9653 0.0315 0.2593
vn -0.9934 0.0436 0.1062
vn -0.9655 -0.0088 0.2602
vn 0.8982 0.3425 0.2754
vn -0.7898 -0.4977 -0.3586
vn -0.4983 0.6640 0.5575
vn -0.3534 0.7824 0.5127
vn -0.4370 0.8065 0.3982
vn -0.6441 0.6243 0.4420
vn -0.7862 0.4575 0.4155
vn -0.7170 0.4730 0.5120
vn 0.1024 0.5204 0.8478
vn -0.0303 0.6606 0.7502
vn -0.0000 0.5217 0.8531
vn 0.1198 0.7266 0.6765
vn 0.2630 0.5208 0.8122
vn 0.8586 -0.4816 0.1757
vn 0.9133 -0.3225 0.2488
vn 0.8961 -0.4062 0.1790
vn 0.3692 -0.8691 0.3291
vn 0.4620 -0.8205 0.3366
vn 0.3136 -0.9055 0.2858
vn 0.6069 -0.3303 0.7229
vn 0.4928 -0.3234 0.8078
vn 0.4276 -0.3750 0.8225
vn 0.3133 -0.5050 0.8043
vn -0.5399 0.7518 -0.3787
vn -0.6441 0.5381 -0.5436
vn -0.9251 -0.0366 0.3780
vn -0.9269 -0.0854 0.3654
vn -0.9047 -0.3624 0.2238
vn -0.9229 -0.2663 0.2782
vn -0.9140 -0.1463 0.3783
vn -0.7572 -0.5437 0.3620
vn -0.4805 -0.8499 0.2162
vn -0.5385 -0.7531 0.3780
vn -0.6313 -0.7393 0.2345
vn -0.9916 0.0177 0.1278
vn -0.4369 0.0076 0.8995
vn -0.8057 0.0091 0.5922
vn -0.5452 -0.0051 0.8383
vn 0.0025 -0.9940 -0.1090
vn 0.9786 0.0083 0.2058
vn 0.9523 -0.0397 0.3024
vn 0.9655 0.0041 0.2605
vn 0.9450 -0.0237 -0.3262
vn 0.9745 0.0164 0.2239
vn 0.9948 -0.0361 -0.0957
vn -0.0032 -1.0000 -0.0006
vn -0.0020 -1.0000 0.0006
vn 0.4947 0.5251 -0.6925
vn 0.6441 0.5381 -0.5436
vn 0.7505 0.5542 -0.3601
vn -0.1963 -0.0375 0.9798
vn 0.4807 -0.0578 0.8750
vn 0.7921 -0.0458 0.6086
vn 0.5923 -0.0581 0.8036
vn 0.9110 -0.0000 0.4124
vn 0.9868 -0.0004 0.1621
vn 0.9932 -0.0499 0.1048
vn 0.6484 0.6349 0.4200
vn 0.7669 0.5013 0.4006
vn 0.0621 0.9680 -0.2432
vn 0.7883 0.2698 -0.5530
vn 0.6720 0.2515 -0.6966
vn 0.7327 0.3309 -0.5947
vn -0.7731 -0.4100 0.4839
vn -0.0606 -0.5523 -0.8314
vn -0.1294 -0.5084 -0.8513
vn 0.2032 -0.5197 -0.8298
vn -0.0000 0.7157 -0.6984
vn -0.0000 0.7968 -0.6042
vn -0.8206 -0.5391 0.1895
vn -0.8968 -0.4116 0.1626
vn -0.3381 -0.8898 0.3065
vn -0.3648 -0.8741 0.3206
vn -0.3532 -0.8876 0.2955
vn -0.6417 -0.6106 -0.4640
vn -0.4364 -0.8073 -0.3972
vn 0.8051 0.5720 -0.1568
vn -0.9695 0.0341 0.2425
vn -0.9574 -0.0000 0.2887
vn -0.0153 -0.9999 0.0080
vn -0.1663 0.9813 -0.0970
vn -0.1328 0.9910 0.0194
vn 0.1339 -0.9681 0.2117
vn 0.9983 -0.0127 0.0572
vn -0.8782 0.2783 -0.3891
vn -0.9422 0.2991 -0.1511
vn -0.9422 0.3208 0.0968
vn 0.5795 0.4788 0.6595
vn 0.3345 0.5229 0.7840
vn 0.4094 0.5473 0.7299
vn -0.4908 0.8702 0.0432
vn -0.6320 0.7681 0.1028
vn -0.5399 0.8061 0.2424
vn -0.7505 0.6083 0.2584
vn -0.7538 0.2594 -0.6038
vn 0.2815 0.2408 -0.9289
vn 0.0626 0.2328 -0.9705
vn 0.9308 -0.2523 0.2643
vn 0.9451 -0.0657 0.3200
vn 0.0726 -0.9950 -0.0688
vn 0.3862 -0.8904 -0.2408
vn -0.3160 -0.9485 -0.0211
vn -0.3450 -0.9386 0.0056
vn -0.9993 -0.0369 0.0099
vn -0.9932 0.0962 -0.0652
vn -0.9991 -0.0387 -0.0197
vn -0.0000 -0.0681 -0.9977
vn 0.2429 -0.0255 -0.9697
vn 0.8364 -0.0462 -0.5461
vn -0.3105 0.5158 -0.7985
vn -0.3006 0.5216 0.7985
vn -0.2704 0.5243 0.8075
vn -0.1081 0.5255 0.8439
vn -0.1722 0.7249 0.6670
vn -0.9695 0.0342 0.2425
vn -0.9779 0.0662 0.1983
vn -0.9980 -0.0534 0.0342
vn -0.0780 0.9970 0.0028
vn -0.0877 0.9961 -0.0038
vn -0.1698 -0.9795 0.1081
vn 0.7175 -0.6535 -0.2412
vn 0.7883 -0.6147 -0.0284
vn 0.3615 -0.9125 0.1914
vn 0.3721 -0.9192 0.1293
vn 0.3727 -0.9189 0.1295
vn 0.3595 -0.9326 -0.0306
vn 0.3720 -0.9277 0.0320
vn -0.2939 -0.5293 0.7959
vn -0.0098 -0.7132 0.7009
vn -0.1209 -0.9636 -0.2385
vn -0.0743 -0.9937 -0.0835
vn 0.6264 0.4076 -0.6644
vn 0.2934 -0.6865 -0.6654
vn 0.3231 -0.8088 -0.4914
vn 0.9981 -0.0178 -0.0596
vn 0.9972 -0.0000 -0.0748
vn 0.0607 -0.9982 -0.0023
vn 0.1478 0.8300 0.5379
vn 0.1119 -0.9541 -0.2777
vn 0.1981 -0.9446 -0.2619
vn 0.1364 -0.9594 -0.2470
vn -0.9910 -0.0000 0.1341
vn -0.9097 -0.0326 0.4140
vn -0.0083 -0.9994 0.0338
vn -0.0742 -0.6663 -0.7420
vn 0.3549 -0.9104 0.2127
vn 0.3261 -0.9042 0.2759
vn -0.2138 0.9761 -0.0382
vn -0.0000 0.0726 0.9974
vn 0.0846 0.0724 0.9938
vn 0.1956 0.0888 0.9767
vn -0.0050 0.9989 0.0474
vn -0.1339 0.9717 -0.1946
vn 0.2087 0.9778 -0.0191
vn -0.2313 -0.3737 0.8983
vn -0.1772 -0.3439 0.9221
vn -0.3856 -0.3181 0.8661
vn 0.2213 0.8989 0.3782
vn 0.0470 0.9907 0.1279
vn 0.2358 0.5335 0.8123
vn 0.5385 -0.7531 0.3780
vn -0.1624 -0.7064 -0.6889
vn 0.7695 -0.6122 0.1819
vn 0.9422 0.3208 0.0968
vn -0.3180 -0.9362 -0.1495
vn -0.3331 -0.9382 -0.0941
vn -0.3714 -0.9260 -0.0678
vn 0.9179 -0.3854 0.0944
vn 0.9066 -0.3762 0.1912
vn 0.1789 -0.6618 0.7280
vn -0.2419 -0.9417 -0.2339
vn -0.1518 -0.9462 -0.2856
vn -0.1787 -0.9574 -0.2270
vn -0.0924 -0.9606 -0.2620
vn -0.0520 -0.9485 -0.3124
vn -0.0146 -0.9555 -0.2948
vn -0.3688 -0.9149 0.1639
vn -0.3488 -0.9055 0.2419
vn -0.3552 -0.9110 0.2096
vn -0.8782 0.3416 0.3348
vn -0.3124 -0.9414 -0.1273
vn -0.2558 -0.9470 -0.1943
vn -0.0002 -0.4989 -0.8666
vn -0.1844 0.6787 0.7108
vn -0.7866 -0.6039 0.1286
vn -0.5764 -0.7890 0.2127
vn 0.0681 -0.9636 -0.2584
vn 0.0270 -0.9448 -0.3265
vn 0.9982 -0.0000 -0.0601
vn 0.0956 0.9954 -0.0046
vn 0.3233 -0.9446 -0.0569
vn 0.2829 -0.9496 -0.1350
vn 0.3178 -0.9406 -0.1193
vn 0.4389 -0.5459 -0.7137
vn -0.4938 -0.8295 0.2608
vn -0.0014 -1.0000 0.0018
vn -0.0011 -1.0000 0.0034
vn 0.2949 -0.0002 -0.9555
vn 0.6196 0.0195 -0.7846
vn -0.6419 0.3619 -0.6760
vn -0.3313 -0.8991 0.2861
vn 0.1616 0.9592 -0.2321
vn -0.0011 0.9995 0.0329
vn 0.2808 -0.9387 -0.1998
vn 0.2173 -0.9553 -0.2004
vn 0.4781 -0.0916 0.8735
vn 0.0178 0.9996 0.0210
vn -0.1691 -0.6990 0.6948
vn 0.3553 -0.9334 -0.0508
vn -0.3769 -0.9239 0.0662
vn -0.3938 -0.9188 0.0282
vn -0.3670 -0.9302 -0.0024
vn -0.3980 -0.9085 0.1270
vn 0.8836 -0.4613 -0.0810
vn 0.3023 0.9532 0.0103
vn -0.7169 0.3768 -0.5865
vn -0.8966 0.4145 -0.1558
vn -0.8769 0.3974 -0.2706
vn 0.8966 0.4146 -0.1558
vn -0.8360 0.4550 0.3067
vn -0.8769 0.4383 0.1975
vn -0.2656 -0.9373 -0.2258
vn 0.5410 0.5204 0.6607
vn 0.4991 -0.5143 0.6974
vn -0.3451 0.3522 -0.8700
vn -0.2349 0.3414 -0.9101
vn 0.5200 -0.8246 0.2228
vn -0.0585 0.9983 -0.0022
vn -0.3147 0.9481 0.0461
vn -0.0054 -0.9984 0.0571
vn 0.0957 -0.5364 -0.8385
vn -0.5445 -0.3298 0.7712
vn -0.7335 -0.3297 0.5943
vn -0.3120 0.6987 0.6438
vn -0.0559 0.7931 0.6066
vn 0.6747 -0.6975 0.2414
vn -0.4627 0.7130 -0.5268
vn 0.2293 0.3877 -0.8928
vn -0.0042 -1.0000 0.0003
vn 0.1023 0.9933 0.0534
vn -0.0720 0.9574 0.2797
vn 0.1895 -0.9818 -0.0119
vn -0.1159 0.9932 -0.0072
vn 0.3511 0.9355 0.0387
vn 0.2532 0.9552 0.1534
vn 0.3641 0.9188 -0.1522
vn 0.2796 0.9038 -0.3240
vn -0.8641 -0.4178 -0.2807
vn -0.7609 -0.4099 -0.5031
vn -0.3680 0.9197 -0.1371
vn -0.2489 -0.9685 0.0094
vn -0.6415 -0.0000 -0.7671
vn 0.0279 0.9994 0.0182
vn 0.1586 0.9873 0.0106
vn 0.0287 0.9996 -0.0020
vn 0.1392 0.9903 -0.0030
vn 0.0869 0.9960 0.0226
vn 0.0288 0.9990 0.0338
vn 0.1694 0.6982 -0.6956
vn 0.0080 -0.8906 -0.4547
vn 0.0390 -0.8320 -0.5534
vn -0.0796 0.8112 0.5793
vn -0.0360 0.9083 0.4168
vn 0.3629 -0.9218 0.1366
vn -0.2919 -0.9008 0.3215
vn 0.3148 -0.9481 0.0461
vn 0.8356 -0.3560 0.4184
vn 0.0727 0.9687 0.2375
vn -0.3981 -0.9147 -0.0701
vn -0.4670 -0.8820 -0.0627
vn -0.3590 -0.9209 0.1515
vn 0.2864 -0.9066 0.3099
vn -0.8546 -0.3480 0.3854
vn -0.9169 -0.3682 0.1538
vn -0.9169 -0.3895 -0.0873
vn 0.9958 -0.0758 0.0506
vn 0.0130 -0.9999 -0.0025
vn 0.5636 0.3162 -0.7632
vn 0.0003 -1.0000 0.0033
vn -0.0071 -1.0000 0.0032
vn -0.1978 0.0684 0.9778
vn 0.9260 -0.0004 0.3775
vn 0.1325 0.8928 0.4304
vn 0.9257 -0.1584 0.3436
vn 0.7519 -0.3434 0.5628
vn 0.8853 0.0450 0.4629
vn -0.9574 -0.0000 -0.2887
vn 0.8046 0.3695 0.4648
vn 0.2325 -0.6497 -0.7237
vn 0.5828 -0.6364 0.5054
vn 0.0121 -0.9485 -0.3165
vn 0.5574 -0.8250 0.0928
vn -0.4777 -0.8777 0.0379
vn -0.7520 -0.6365 0.1714
vn 0.2618 0.6815 0.6834
vn -0.0575 -0.7882 -0.6128
vn -0.0483 -0.8789 -0.4745
vn -0.0599 -0.9864 0.1532
vn 0.7539 0.3526 0.5544
vn 0.5405 -0.7726 -0.3330
vn -0.7125 0.0753 0.6976
vn -0.4456 -0.8937 0.0531
vn 0.6453 -0.4963 -0.5807
vn -0.6079 0.7632 0.2189
vn -0.0877 0.9890 0.1190
vn -0.5429 -0.7721 -0.3304
vn 0.4026 0.9133 0.0617
vn -0.3792 -0.9248 -0.0290
vn 0.0877 -0.9890 0.1190
vn 0.6079 -0.7632 0.2189
vn 0.2174 0.7141 0.6654
vn -0.0445 0.9990 -0.0005
vn -0.8455 0.0010 0.5339
vn 0.4298 0.9024 -0.0309
vn -0.9654 0.0201 -0.2601
vn -0.8733 0.2509 -0.4176
vn -0.8015 0.2899 -0.5229
vn 0.8150 -0.5437 0.2007
vn 0.9630 -0.2383 0.1261
vn 0.8466 -0.5017 0.1778
vn -0.7694 0.6385 0.0172
vn -0.4403 0.8964 0.0506
vn -0.4797 0.8765 0.0400
vn -0.2393 -0.9665 -0.0925
vn -0.3381 -0.9364 -0.0937
vn -0.2350 -0.9670 -0.0985
vn -0.8645 0.5012 0.0368
vn -0.9432 0.3268 0.0592
vn -0.9858 -0.1350 0.0997
vn 0.1193 -0.9148 0.3860
vn 0.4264 -0.7143 0.5549
vn 0.2613 -0.6886 0.6764
vn -0.3592 0.8821 0.3048
vn -0.4904 0.7560 0.4337
vn -0.2734 0.7927 0.5449
vn 0.0132 0.9786 -0.2054
vn -0.0548 0.9846 -0.1660
vn 0.1625 0.9183 -0.3611
vn -0.2180 -0.9626 -0.1609
vn -0.2103 -0.9671 -0.1434
vn -0.1653 -0.9809 -0.1027
vn 0.6740 0.6855 0.2755
vn -0.0441 -0.9649 -0.2588
vn -0.0480 -0.9538 -0.2967
vn -0.1071 -0.9656 -0.2371
vn 0.4214 0.7631 0.4899
vn 0.2178 0.8594 0.4626
vn 0.3072 0.6112 0.7295
vn 0.9708 -0.2322 -0.0608
vn 0.9586 -0.2750 -0.0743
vn -0.9455 -0.3201 0.0602
vn -0.9097 -0.4099 -0.0664
vn 0.9153 0.3985 -0.0588
vn 0.9628 -0.0825 -0.2573
vn 0.9608 0.0906 -0.2619
vn 0.9781 -0.1449 0.1496
vn 0.6046 -0.7965 -0.0012
vn 0.5844 -0.8115 -0.0083
vn 0.8277 -0.5592 0.0463
vn 0.8804 0.4600 -0.1156
vn 0.9526 0.2908 -0.0892
vn 0.7331 0.6706 -0.1137
vn 0.2051 0.9734 0.1017
vn -0.4642 0.8827 0.0738
vn 0.2315 0.9383 -0.2568
vn 0.4058 -0.9125 -0.0521
vn 0.4901 -0.8710 -0.0322
vn 0.2942 -0.9534 -0.0675
vn 0.8798 -0.2098 -0.4266
vn 0.3188 -0.9000 0.2972
vn 0.2428 -0.8301 0.5020
vn -0.3406 0.7246 0.5991
vn -0.1634 0.7817 0.6019
vn -0.1367 0.6329 0.7621
vn 0.0099 0.8085 -0.5885
vn 0.3609 0.6710 -0.6477
vn -0.3829 0.4774 -0.7909
vn -0.9110 0.3676 -0.1872
vn -0.7465 0.6423 -0.1739
vn 0.4478 0.1793 -0.8760
vn 0.4382 0.2034 -0.8756
vn 0.4478 0.1800 -0.8758
vn -0.1386 0.1999 -0.9700
vn -0.2140 0.4087 -0.8872
vn -0.3036 0.4109 -0.8596
vn -0.6990 -0.4184 -0.5799
vn 0.2033 -0.9759 -0.0797
vn 0.0764 -0.9847 -0.1568
vn 0.1386 -0.9763 -0.1659
vn 0.2297 -0.5795 -0.7819
vn 0.0556 -0.9705 -0.2348
vn 0.6469 -0.4444 -0.6197
vn -0.9874 0.1552 -0.0306
vn -0.9587 0.2794 0.0531
vn -0.7691 -0.5586 0.3105
vn -0.9065 -0.2424 0.3456
vn -0.8000 -0.5734 0.1764
vn 0.4407 -0.8975 0.0161
vn -0.2775 -0.9559 0.0962
vn -0.0476 -0.8929 -0.4478
vn 0.5312 -0.8470 0.0223
vn 0.5081 -0.8582 -0.0726
vn 0.4301 -0.8831 -0.1877
vn 0.6764 -0.7365 -0.0042
vn -0.7078 -0.5363 -0.4598
vn -0.9452 -0.3209 -0.0597
vn -0.9576 -0.2012 -0.2062
vn 0.9976 0.0417 0.0545
vn 0.8455 0.5314 0.0523
vn 0.8586 0.5115 -0.0348
vn -0.7434 -0.6654 0.0680
vn -0.7486 -0.6628 0.0187
vn -0.6808 -0.7160 0.1543
vn -0.1981 -0.9550 0.2208
vn -0.2234 -0.8208 0.5257
vn -0.2419 -0.8851 0.3976
vn 0.3918 -0.0866 0.9160
vn 0.6742 -0.7325 0.0944
vn 0.8325 -0.5239 0.1802
vn -0.2733 0.5522 0.7876
vn -0.3295 0.4821 0.8118
vn -0.8381 -0.0511 0.5432
vn -0.8381 -0.0510 0.5431
vn -0.0921 -0.7196 0.6883
vn -0.3155 -0.7109 0.6285
vn -0.1327 -0.9393 0.3165
vn -0.8695 -0.4860 -0.0879
vn -0.8695 -0.4860 -0.0878
vn -0.8720 -0.4819 -0.0864
vn -0.2149 0.9721 0.0944
vn -0.6541 0.7487 0.1075
vn -0.6832 0.7215 0.1121
vn -0.7168 0.6868 0.1203
vn 0.8119 0.5829 -0.0334
vn -0.2464 -0.4869 -0.8380
vn 0.1446 -0.4148 -0.8984
vn 0.2032 -0.5068 -0.8377
vn -0.4283 -0.6097 -0.6670
vn -0.1878 -0.9754 0.1155
vn 0.6762 -0.7095 0.1985
vn 0.0441 0.8650 0.4999
vn 0.1362 0.4309 0.8921
vn -0.1810 -0.2758 0.9440
vn -0.2644 -0.3795 0.8866
vn -0.0493 -0.3038 0.9515
vn 0.1550 -0.9856 -0.0677
vn 0.1313 -0.9901 -0.0490
vn 0.1900 -0.9785 -0.0800
vn -0.9053 -0.4224 0.0451
vn -0.9919 -0.1056 0.0699
vn -0.8152 -0.5744 0.0734
vn -0.5882 0.3052 -0.7489
vn -0.5543 -0.3024 -0.7754
vn -0.3694 0.1086 -0.9229
vn -0.4486 0.7309 -0.5144
vn 0.8195 -0.1426 0.5550
vn 0.8575 0.1804 0.4818
vn 0.7693 0.0202 0.6386
vn -0.1985 -0.9748 -0.1018
vn 0.8486 -0.0517 -0.5265
vn 0.9123 0.3868 -0.1343
vn 0.8819 0.4478 -0.1474
vn 0.9458 0.3033 -0.1160
vn -0.0577 -0.9983 -0.0100
vn 0.4688 0.8824 -0.0389
vn -0.2276 0.9188 0.3224
vn 0.9877 -0.0922 -0.1262
vn -0.4910 0.7027 0.5150
vn -0.3251 0.8106 0.4871
vn -0.6673 0.7448 -0.0020
vn -0.9421 0.3338 -0.0318
vn -0.9892 0.1322 -0.0639
vn -0.9598 0.2793 -0.0285
vn -0.1495 -0.5426 -0.8266
vn -0.1231 -0.5493 -0.8265
vn -0.1378 -0.5096 -0.8493
vn 0.9502 -0.3115 -0.0041
vn 0.9182 -0.3859 -0.0899
vn -0.5411 0.0618 -0.8387
vn -0.2306 0.3299 -0.9154
vn -0.2001 -0.1661 -0.9656
vn -0.8238 -0.4113 0.3901
vn -0.8806 -0.2895 0.3753
vn -0.8337 -0.3927 0.3882
vn 0.0989 -0.7030 0.7043
vn -0.5590 -0.6204 0.5501
vn -0.5293 -0.6303 0.5680
vn -0.6145 0.6384 -0.4635
vn -0.7538 0.2733 -0.5976
vn -0.4463 -0.8940 0.0396
vn -0.5921 -0.7988 0.1064
vn 0.0065 -0.9977 0.0672
vn 0.7769 0.5796 -0.2459
vn 0.6503 0.7543 0.0900
vn 0.0738 -0.7369 -0.6720
vn 0.0069 -0.9953 -0.0970
vn 0.5967 0.7947 -0.1117
vn 0.3292 0.9323 0.1499
vn -0.9925 -0.0179 -0.1212
vn -0.2124 0.9772 -0.0056
vn 0.9032 0.1408 0.4055
vn 0.9481 0.1036 0.3008
vn 0.9753 0.1232 0.1832
vn 0.4797 0.7871 0.3877
vn 0.3956 0.8252 0.4032
vn 0.5969 0.7339 0.3241
vn 0.4804 0.6795 0.5545
vn 0.3324 0.1962 -0.9225
vn 0.3318 0.1975 -0.9224
vn 0.3481 0.1606 -0.9236
vn 0.6972 0.5834 -0.4165
vn 0.5823 0.7148 -0.3873
vn 0.6697 0.7397 0.0663
vn -0.5525 -0.7884 -0.2705
vn 0.0922 -0.4427 -0.8919
vn 0.3538 -0.9185 0.1765
vn 0.9284 -0.3715 0.0104
vn -0.3697 0.6630 0.6510
vn -0.0617 -0.9949 -0.0801
vn 0.2901 0.8356 0.4665
vn -0.5038 0.1339 -0.8534
vn -0.6528 -0.7441 -0.1420
vn -0.7831 -0.6043 0.1470
vn -0.7648 -0.6379 0.0910
vn 0.5905 -0.2601 0.7640
vn 0.4991 0.0923 0.8616
vn -0.7584 -0.6514 0.0236
vn -0.8747 -0.4834 -0.0355
vn -0.1322 -0.9876 -0.0843
vn -0.4694 -0.8783 -0.0913
vn -0.8296 -0.3476 0.4370
vn -0.9275 0.3701 0.0533
vn -0.1010 0.8320 0.5456
vn 0.9785 0.2048 0.0238
vn -0.4587 -0.8823 0.1053
vn -0.9278 -0.3724 -0.0213
vn -0.9894 -0.0821 0.1201
vn -0.9774 -0.2103 0.0212
vn -0.8191 0.5083 0.2658
vn -0.7988 0.5221 0.2990
vn 0.4362 0.1983 -0.8777
vn 0.4496 0.1643 -0.8780
vn 0.0341 -0.9987 -0.0386
vn 0.7510 -0.4518 -0.4815
vn 0.2527 -0.6609 -0.7067
vn 0.2432 0.9665 -0.0822
vn -0.0597 0.9886 -0.1382
vn 0.1540 0.9828 -0.1021
vn -0.7618 0.6473 -0.0267
vn 0.4636 0.8824 -0.0799
vn 0.3481 0.8983 -0.2682
vn 0.3582 0.8986 -0.2533
vn -0.9927 0.1104 0.0492
vn -0.7935 0.5946 0.1295
vn 0.4224 0.9031 0.0776
vn 0.5681 0.8185 0.0851
vn -0.5718 -0.7773 -0.2624
vn -0.5109 -0.1697 0.8427
vn -0.4779 -0.1275 0.8691
vn -0.2092 -0.4404 0.8731
vn -0.3305 -0.5546 0.7637
vn -0.1578 -0.3891 0.9076
vn -0.0269 -0.2524 0.9672
vn 0.7658 0.6384 -0.0769
vn 0.4368 0.6990 0.5662
vn 0.8967 -0.4423 -0.0199
vn 0.9439 -0.3301 0.0036
vn 0.7402 -0.5921 -0.3185
vn -0.1754 0.9831 -0.0517
vn -0.1173 0.9909 -0.0663
vn 0.3552 0.1810 0.9171
vn 0.7138 -0.5333 -0.4540
vn 0.6272 -0.3869 0.6760
vn 0.4586 -0.4170 0.7848
vn 0.8564 0.3782 0.3515
vn 0.8952 -0.3663 0.2538
vn -0.7333 -0.5895 -0.3388
vn -0.7245 -0.6012 -0.3372
vn -0.8556 -0.3787 -0.3528
vn -0.1885 0.6590 -0.7281
vn -0.9825 -0.1864 0.0010
vn 0.9988 0.0354 0.0351
vn -0.3528 -0.9343 -0.0514
vn -0.3529 -0.9338 -0.0600
vn 0.5328 0.8402 -0.1005
vn 0.6570 0.7510 -0.0652
vn 0.4525 0.1606 -0.8772
vn -0.4678 -0.1505 0.8709
vn -0.3180 0.9361 -0.1501
vn 0.7625 0.5754 0.2959
vn 0.7344 0.5896 0.3361
vn 0.8572 0.3777 0.3501
vn 0.7254 0.6015 0.3346
vn -0.9159 -0.3969 -0.0597
vn 0.5022 -0.8646 0.0146
vn 0.4390 0.1734 -0.8816
vn -0.5749 0.6401 -0.5096
vn -0.5478 0.7244 -0.4185
vn -0.5248 0.7741 -0.3541
vn 0.4511 0.1665 -0.8768
vn -0.8894 -0.3894 -0.2396
vn -0.7849 0.5983 -0.1612
vn 0.7785 -0.6002 0.1836
vn 0.7778 -0.5997 0.1883
vn 0.7775 -0.5995 0.1900
vn 0.6437 0.5856 -0.4927
vn 0.6211 0.5802 -0.5268
vn 0.9567 0.2868 0.0493
vn -0.2507 -0.9480 -0.1959
vn -0.2651 -0.9456 -0.1884
vn -0.2650 -0.9456 -0.1884
vn -0.6329 0.4001 0.6628
vn -0.5947 0.3794 0.7088
vn -0.7294 0.4510 0.5144
vn -0.1218 0.9815 -0.1479
vn -0.1833 0.7626 -0.6204
vn 0.2836 0.7422 -0.6071
vn 0.7750 -0.3625 0.5177
vn 0.2882 -0.9350 0.2068
vn 0.9878 -0.0779 0.1348
vn 0.6673 -0.3764 0.6427
vn 0.2380 0.7941 -0.5593
vn -0.8811 -0.0925 0.4638
vn -0.2778 -0.8621 -0.4239
vn 0.6380 -0.7699 0.0094
vn 0.9809 0.1834 0.0647
vn -0.7906 -0.6123 -0.0100
vn -0.6996 -0.6576 0.2796
vn -0.8672 -0.4899 -0.0892
vn -0.1094 -0.9873 0.1150
vn 0.5863 -0.7931 0.1649
vn -0.3735 0.3044 0.8763
vn 0.8528 -0.0917 -0.5141
vn 0.8062 0.5661 -0.1719
vn -0.3435 0.8920 0.2937
vn 0.2438 0.9677 0.0645
vn -0.9954 0.0720 -0.0636
vn -0.2770 -0.9435 -0.1821
vn -0.7677 -0.5033 0.3968
vn -0.6018 -0.6043 0.5221
vn -0.5717 -0.8195 0.0397
vn 0.8080 0.1224 0.5763
vn 0.3092 0.2465 -0.9185
vn 0.8976 0.4346 0.0741
vn 0.1699 -0.9831 -0.0687
vn 0.0382 0.9984 -0.0408
vn 0.9453 -0.1237 0.3017
vn 0.7339 0.6037 0.3113
vn -0.9474 0.1127 -0.2995
vn 0.8452 0.0555 -0.5316
vn 0.5139 0.8576 0.0181
vn -0.4653 -0.8794 0.1010
vn -0.5163 0.8083 -0.2830
vn -0.8660 0.4995 -0.0241
vn -0.3640 -0.9298 -0.0552
vn 0.1687 0.9812 0.0942
vn 0.5570 0.7747 0.2993
vn -0.2273 -0.8201 0.5252
vn 0.3469 0.9377 -0.0218
vn 0.9165 0.3958 0.0575
vn 0.5094 0.6325 -0.5835
vn 0.0699 0.7186 0.6919
vn 0.7891 0.6000 -0.1318
vn -0.8323 0.2952 0.4692
vn -0.5570 -0.7736 -0.3021
vn -0.7764 -0.6256 0.0766
vn 0.5601 -0.8004 0.2135
vn -0.2340 -0.9673 -0.0984
vn -0.3143 -0.8653 0.3905
vn -0.4102 0.9120 0.0034
vn -0.4588 -0.1577 0.8745
vn 0.8415 0.0280 0.5395
vn -0.9356 0.1311 -0.3279
vn -0.5761 -0.8171 -0.0202
vn 0.4145 -0.9100 -0.0127
vn -0.7249 0.3340 0.6024
vn 0.7785 -0.6002 0.1837
vn 0.7786 -0.6003 0.1828
vn -0.5073 0.3313 0.7955
vn 0.4712 0.6843 0.5566
vn -0.1636 -0.9172 -0.3632
vn -0.8623 -0.4288 0.2694
vn -0.8927 -0.4489 0.0393
vn -0.5514 0.3625 -0.7513
vn 0.3343 -0.8300 0.4466
vn 0.1442 0.8129 -0.5642
vn 0.0842 -0.9642 -0.2515
vn -0.6275 0.4406 0.6419
vn -0.1244 0.2278 -0.9657
vn -0.1191 0.3468 -0.9303
vn -0.8966 0.4352 0.0815
vn 0.0045 1.0000 0.0027
vn -0.3634 0.2332 -0.9020
vn 0.4752 0.2384 -0.8470
vn 0.7731 -0.4101 0.4839
vn 0.7316 -0.4535 -0.5091
vn 0.8966 0.4352 0.0815
vn -0.9653 0.0316 0.2593
vn 0.9786 0.0082 0.2058
vn 0.7670 0.5012 0.4007
vn 0.6720 0.2514 -0.6966
vn -0.8782 0.2782 -0.3891
vn -0.9422 0.2990 -0.1511
vn -0.9422 0.3207 0.0968
vn 0.3726 -0.9189 0.1295
vn 0.3550 -0.9104 0.2126
vn -0.0051 0.9988 0.0479
vn -0.3488 -0.9054 0.2419
vn -0.8782 0.3417 0.3347
vn -0.8966 0.4144 -0.1558
vn 0.8966 0.4145 -0.1558
vn -0.7336 -0.3296 0.5943
vn -0.8546 -0.3479 0.3854
vn -0.9170 -0.3893 -0.0873
vn 0.0121 -0.9485 -0.3166
vn -0.8733 0.2510 -0.4176
vn 0.9630 -0.2382 0.1261
vn 0.8466 -0.5017 0.1779
vn -0.4403 0.8964 0.0507
vn -0.9433 0.3268 0.0592
vn -0.3591 0.8821 0.3048
vn -0.0479 -0.9538 -0.2966
vn 0.2941 -0.9534 -0.0675
vn -0.1367 0.6329 0.7620
vn 0.4478 0.1794 -0.8760
vn 0.4382 0.2033 -0.8756
vn -0.3035 0.4109 -0.8596
vn -0.9606 0.1416 0.2389
vn -0.2306 0.3300 -0.9154
vn 0.7021 0.7061 0.0921
vn 0.9785 0.2049 0.0238
vn 0.4362 0.1982 -0.8777
vn -0.7935 0.5946 0.1294
vn 0.7659 0.6384 -0.0766
vn 0.8967 -0.4423 -0.0200
vn -0.7244 -0.6012 -0.3373
vn -0.3528 -0.9343 -0.0513
vn 0.4525 0.1607 -0.8772
vn 0.4512 0.1665 -0.8768
vn 0.7778 -0.5997 0.1882
vn 0.2437 0.9677 0.0645
vn -0.7676 -0.5033 0.3968
vn 0.3092 0.2464 -0.9185
vn 0.5140 0.8576 0.0181
vn -0.5158 0.8088 -0.2825
vn -0.9353 0.1314 -0.3285
vn 0.7785 -0.6002 0.1835
vn 0.2786 0.0015 0.9604
vn 0.9604 0.0015 -0.2786
vn -0.2786 0.0015 -0.9604
vn -0.9604 0.0015 0.2786
vt 0.235888 0.944591
vt 0.182544 0.688749
vt 0.250790 0.833179
vt 0.237398 0.762866
vt 0.060214 0.731021
vt 0.093478 0.673121
vt 0.228610 0.719951
vt 0.185588 0.689733
vt 0.178956 0.100476
vt 0.173403 0.256181
vt 0.150969 0.498262
vt 0.032256 0.833837
vt 0.112635 0.689138
vt 0.036388 0.943645
vt 0.129431 0.394846
vt 0.132543 0.075134
vt 0.154088 0.394652
vt 0.102834 0.070376
vt 0.164952 0.058828
vt 0.145868 0.074589
vt 0.162615 0.029972
vt 0.139053 0.043854
vt 0.119105 0.035200
vt 0.120260 0.090713
vt 0.130083 0.498325
vt 0.102750 0.069724
vt 0.145975 0.075029
vt 0.164986 0.059165
vt 0.158869 0.035431
vt 0.139018 0.044318
vt 0.119031 0.035745
vt 0.113921 0.608032
vt 0.153392 0.595246
vt 0.154696 0.607830
vt 0.128990 0.618621
vt 0.108892 0.643336
vt 0.116544 0.612283
vt 0.153390 0.055934
vt 0.151172 0.050699
vt 0.126966 0.050890
vt 0.124830 0.056159
vt 0.147154 0.046297
vt 0.141890 0.044139
vt 0.049013 0.746766
vt 0.090513 0.671396
vt 0.219779 0.705201
vt 0.194446 0.672326
vt 0.252935 0.833404
vt 0.240293 0.768555
vt 0.121671 0.671845
vt 0.121569 0.663117
vt 0.132065 0.662427
vt 0.111487 0.256956
vt 0.112570 0.223253
vt 0.125042 0.223649
vt 0.191671 0.975505
vt 0.191627 0.973334
vt 0.236870 0.965052
vt 0.129634 0.977399
vt 0.052095 0.946470
vt 0.226375 0.946785
vt 0.124558 0.058995
vt 0.178595 0.187488
vt 0.162395 0.420779
vt 0.163772 0.417994
vt 0.174974 0.417997
vt 0.126366 0.067655
vt 0.131134 0.071036
vt 0.125639 0.052888
vt 0.127202 0.156358
vt 0.126148 0.189191
vt 0.113677 0.188795
vt 0.175084 0.370975
vt 0.173702 0.373648
vt 0.162500 0.373634
vt 0.174972 0.399826
vt 0.174973 0.402559
vt 0.161364 0.402619
vt 0.117188 0.595282
vt 0.123373 0.620508
vt 0.113183 0.623189
vt 0.125607 0.620543
vt 0.111190 0.620619
vt 0.122348 0.012333
vt 0.130703 0.011851
vt 0.115155 0.016113
vt 0.105073 0.029851
vt 0.110151 0.023659
vt 0.144757 0.389448
vt 0.143931 0.363428
vt 0.156402 0.363033
vt 0.144249 0.602975
vt 0.147064 0.590517
vt 0.157600 0.592447
vt 0.162391 0.432635
vt 0.163777 0.430284
vt 0.174979 0.430249
vt 0.176012 0.423507
vt 0.175738 0.425898
vt 0.162422 0.425852
vt 0.022450 0.942056
vt 0.020420 0.926519
vt 0.241178 0.965476
vt 0.241608 0.967325
vt 0.196026 0.976180
vt 0.163766 0.547851
vt 0.164571 0.566838
vt 0.121648 0.567176
vt 0.104183 0.498510
vt 0.104792 0.472281
vt 0.117054 0.472490
vt 0.130933 0.039414
vt 0.130599 0.050005
vt 0.118128 0.049608
vt 0.162154 0.255389
vt 0.162111 0.248305
vt 0.174588 0.248312
vt 0.142590 0.666317
vt 0.143509 0.698524
vt 0.132243 0.675805
vt 0.154530 0.605457
vt 0.149254 0.624541
vt 0.140878 0.615607
vt 0.065069 0.972021
vt 0.065160 0.969970
vt 0.171126 0.099580
vt 0.171127 0.116228
vt 0.161396 0.116229
vt 0.125676 0.064007
vt 0.128828 0.068728
vt 0.162499 0.384515
vt 0.163881 0.381947
vt 0.175084 0.381966
vt 0.152561 0.063926
vt 0.154308 0.058385
vt 0.174975 0.443602
vt 0.162389 0.440849
vt 0.175998 0.440867
vt 0.160513 0.518822
vt 0.160675 0.541505
vt 0.149177 0.540976
vt 0.122154 0.548179
vt 0.122374 0.525468
vt 0.171117 0.239635
vt 0.171113 0.248304
vt 0.161363 0.248305
vt 0.033820 0.835422
vt 0.038759 0.798297
vt 0.045742 0.770362
vt 0.116236 0.498532
vt 0.115540 0.523360
vt 0.103751 0.523587
vt 0.120182 0.499018
vt 0.151374 0.545425
vt 0.119843 0.546210
vt 0.116374 0.104682
vt 0.116934 0.087160
vt 0.129406 0.087557
vt 0.153706 0.058765
vt 0.170234 0.624661
vt 0.178559 0.642788
vt 0.125798 0.643279
vt 0.116831 0.635592
vt 0.116943 0.838787
vt 0.118008 0.800594
vt 0.128337 0.800923
vt 0.130845 0.720227
vt 0.130232 0.740147
vt 0.119728 0.739813
vt 0.174631 0.288952
vt 0.174588 0.296437
vt 0.162111 0.296429
vt 0.146261 0.043318
vt 0.146623 0.054771
vt 0.134152 0.055166
vt 0.148719 0.120896
vt 0.149636 0.149813
vt 0.137164 0.150208
vt 0.135533 0.098790
vt 0.134977 0.081243
vt 0.147449 0.080848
vt 0.134051 0.733464
vt 0.133434 0.713779
vt 0.143970 0.713466
vt 0.146275 0.793567
vt 0.147336 0.831656
vt 0.137141 0.831979
vt 0.162498 0.366436
vt 0.175083 0.368542
vt 0.161474 0.368437
vt 0.128761 0.048148
vt 0.148724 0.518592
vt 0.148034 0.493717
vt 0.160087 0.493697
vt 0.160875 0.498895
vt 0.125274 0.976714
vt 0.125275 0.978950
vt 0.092298 0.975804
vt 0.161378 0.024822
vt 0.161363 0.015687
vt 0.171113 0.015687
vt 0.161395 0.166176
vt 0.161396 0.149642
vt 0.171127 0.149642
vt 0.237293 0.966877
vt 0.133789 0.043714
vt 0.133456 0.033161
vt 0.145928 0.032766
vt 0.152525 0.052807
vt 0.150335 0.939918
vt 0.150616 0.949883
vt 0.140852 0.950192
vt 0.138316 0.869428
vt 0.149905 0.924456
vt 0.140052 0.924768
vt 0.162388 0.391567
vt 0.174973 0.394228
vt 0.161363 0.394186
vt 0.147130 0.046724
vt 0.141857 0.044589
vt 0.127139 0.839111
vt 0.123727 0.947502
vt 0.123409 0.957389
vt 0.113645 0.957078
vt 0.118462 0.039017
vt 0.118755 0.029622
vt 0.131227 0.030018
vt 0.174313 0.039307
vt 0.178407 0.071058
vt 0.167559 0.023207
vt 0.152034 0.067453
vt 0.174997 0.409884
vt 0.176005 0.412386
vt 0.162399 0.412444
vt 0.162187 0.272018
vt 0.174656 0.280671
vt 0.162179 0.280663
vt 0.174631 0.255396
vt 0.174656 0.263451
vt 0.162179 0.263443
vt 0.133867 0.641617
vt 0.143201 0.650078
vt 0.132749 0.648988
vt 0.115247 0.671400
vt 0.140962 0.659893
vt 0.185998 0.661364
vt 0.065549 0.705229
vt 0.132193 0.671495
vt 0.158033 0.415106
vt 0.099485 0.155138
vt 0.099649 0.084860
vt 0.107021 0.257150
vt 0.118976 0.766135
vt 0.244586 0.763652
vt 0.162047 0.302684
vt 0.174370 0.039015
vt 0.178319 0.070765
vt 0.161378 0.239636
vt 0.161387 0.227830
vt 0.171120 0.227829
vt 0.171122 0.213772
vt 0.171117 0.024822
vt 0.171120 0.036998
vt 0.161387 0.036998
vt 0.161391 0.051352
vt 0.113930 0.947191
vt 0.254491 0.833427
vt 0.251118 0.796626
vt 0.256637 0.833668
vt 0.144555 0.733131
vt 0.051989 0.740221
vt 0.149372 0.048086
vt 0.173594 0.432658
vt 0.161366 0.443659
vt 0.127092 0.067061
vt 0.124874 0.061826
vt 0.175816 0.384555
vt 0.153435 0.061601
vt 0.136185 0.044634
vt 0.130945 0.046851
vt 0.162389 0.405108
vt 0.119540 0.394604
vt 0.107902 0.368300
vt 0.120374 0.368697
vt 0.106508 0.287196
vt 0.106081 0.256384
vt 0.117738 0.420738
vt 0.233468 0.746210
vt 0.225430 0.719622
vt 0.233714 0.738483
vt 0.132193 0.657065
vt 0.158715 0.978850
vt 0.171126 0.166175
vt 0.180764 0.102467
vt 0.139306 0.217738
vt 0.138209 0.183153
vt 0.150681 0.182758
vt 0.021455 0.951846
vt 0.019745 0.941953
vt 0.060835 0.968689
vt 0.060736 0.970713
vt 0.046621 0.967452
vt 0.102429 0.038301
vt 0.106340 0.030407
vt 0.100651 0.048621
vt 0.131646 0.016083
vt 0.131468 0.022136
vt 0.118996 0.021739
vt 0.105382 0.589432
vt 0.104395 0.579175
vt 0.115346 0.577957
vt 0.165530 0.580841
vt 0.166617 0.591101
vt 0.119987 0.591468
vt 0.100638 0.049307
vt 0.145634 0.023446
vt 0.100244 0.653781
vt 0.140942 0.652845
vt 0.127078 0.633262
vt 0.128858 0.639817
vt 0.118544 0.641775
vt 0.135946 0.793894
vt 0.247586 0.796366
vt 0.098859 0.663744
vt 0.188918 0.663035
vt 0.144254 0.643147
vt 0.136218 0.044156
vt 0.130968 0.046346
vt 0.175998 0.391493
vt 0.028257 0.952984
vt 0.025702 0.953331
vt 0.023946 0.943438
vt 0.050940 0.968826
vt 0.140538 0.940228
vt 0.263228 0.925788
vt 0.161363 0.541484
vt 0.120911 0.581192
vt 0.169212 0.607929
vt 0.169130 0.614140
vt 0.165284 0.595478
vt 0.135394 0.634771
vt 0.137174 0.628273
vt 0.147421 0.630610
vt 0.161396 0.132957
vt 0.195973 0.973982
vt 0.162154 0.288944
vt 0.167690 0.022893
vt 0.162773 0.015970
vt 0.168680 0.021503
vt 0.163567 0.447407
vt 0.163190 0.525147
vt 0.132144 0.499535
vt 0.106257 0.420155
vt 0.107069 0.394207
vt 0.119174 0.015687
vt 0.155375 0.012629
vt 0.161839 0.017832
vt 0.147014 0.012208
vt 0.130235 0.061475
vt 0.117764 0.061079
vt 0.115786 0.018194
vt 0.096655 0.976962
vt 0.161391 0.213772
vt 0.161393 0.198350
vt 0.171124 0.198349
vt 0.171122 0.051352
vt 0.171124 0.067019
vt 0.161393 0.067019
vt 0.148908 0.573232
vt 0.149277 0.559609
vt 0.160486 0.560474
vt 0.151773 0.564060
vt 0.169113 0.598841
vt 0.178252 0.636707
vt 0.171788 0.618292
vt 0.183765 0.653612
vt 0.181647 0.653535
vt 0.180256 0.646363
vt 0.150854 0.646087
vt 0.122984 0.639622
vt 0.175561 0.638936
vt 0.268201 0.941515
vt 0.266600 0.951435
vt 0.259736 0.957034
vt 0.262622 0.958315
vt 0.253290 0.963150
vt 0.179859 0.071694
vt 0.180997 0.102799
vt 0.179181 0.100785
vt 0.179218 0.187885
vt 0.176107 0.256656
vt 0.133162 0.023841
vt 0.172838 0.028996
vt 0.179768 0.071378
vt 0.115901 0.876309
vt 0.124216 0.932049
vt 0.114363 0.931736
vt 0.267355 0.926077
vt 0.152251 0.577749
vt 0.118439 0.578394
vt 0.119243 0.564804
vt 0.115082 0.545713
vt 0.114978 0.564332
vt 0.103769 0.565192
vt 0.155151 0.605580
vt 0.159858 0.574456
vt 0.106400 0.649611
vt 0.177355 0.649045
vt 0.103129 0.656341
vt 0.145708 0.636735
vt 0.139147 0.072959
vt 0.131047 0.070516
vt 0.161679 0.409845
vt 0.088059 0.670738
vt 0.093606 0.661777
vt 0.095937 0.661636
vt 0.098129 0.653870
vt 0.149439 0.068666
vt 0.141982 0.072657
vt 0.162406 0.423431
vt 0.147232 0.070468
vt 0.148005 0.098395
vt 0.098612 0.072333
vt 0.180968 0.646448
vt 0.184533 0.653683
vt 0.177572 0.639586
vt 0.162389 0.389134
vt 0.161366 0.386898
vt 0.174975 0.387027
vt 0.216666 0.704774
vt 0.191482 0.671092
vt 0.024551 0.927988
vt 0.035961 0.835147
vt 0.148375 0.869110
vt 0.030114 0.834075
vt 0.125959 0.876629
vt 0.162500 0.376420
vt 0.123891 0.058477
vt 0.174664 0.272026
vt 0.122169 0.012890
vt 0.130234 0.010699
vt 0.138750 0.009977
vt 0.162610 0.016332
vt 0.168542 0.021841
vt 0.172735 0.029318
vt 0.255467 0.956706
vt 0.258350 0.957920
vt 0.248994 0.962762
vt 0.264004 0.941217
vt 0.262357 0.951121
vt 0.196894 0.671622
vt 0.120309 0.719912
vt 0.120766 0.704720
vt 0.131311 0.704973
vt 0.099498 0.084175
vt 0.098519 0.071622
vt 0.128127 0.127527
vt 0.128846 0.105078
vt 0.121032 0.548266
vt 0.120628 0.474075
vt 0.157143 0.362966
vt 0.163085 0.979687
vt 0.129646 0.979950
vt 0.161394 0.083136
vt 0.110503 0.287524
vt 0.119377 0.287819
vt 0.174341 0.256620
vt 0.113030 0.368603
vt 0.118708 0.420533
vt 0.117879 0.446493
vt 0.105491 0.446171
vt 0.173597 0.420766
vt 0.164186 0.394503
vt 0.147221 0.467612
vt 0.146404 0.441535
vt 0.158792 0.441215
vt 0.130386 0.646739
vt 0.129483 0.639644
vt 0.132139 0.654067
vt 0.109625 0.620688
vt 0.184531 0.655700
vt 0.121054 0.655298
vt 0.119999 0.648264
vt 0.123197 0.963662
vt 0.026267 0.958298
vt 0.150803 0.956334
vt 0.030543 0.959765
vt 0.129414 0.766467
vt 0.035223 0.797006
vt 0.166728 0.580874
vt 0.117382 0.073111
vt 0.145309 0.759254
vt 0.134870 0.759585
vt 0.044395 0.763527
vt 0.104450 0.649597
vt 0.109099 0.637251
vt 0.115116 0.612243
vt 0.241205 0.763388
vt 0.174524 0.302691
vt 0.109148 0.022308
vt 0.114993 0.016707
vt 0.167646 0.611877
vt 0.124680 0.605636
vt 0.169077 0.605367
vt 0.171826 0.611797
vt 0.104063 0.472205
vt 0.105518 0.420072
vt 0.147196 0.011801
vt 0.147466 0.010132
vt 0.155556 0.012233
vt 0.130424 0.010183
vt 0.138943 0.009503
vt 0.116531 0.420790
vt 0.162145 0.523820
vt 0.161518 0.546085
vt 0.163391 0.564763
vt 0.162234 0.564675
vt 0.132193 0.022629
vt 0.131954 0.030439
vt 0.134620 0.587657
vt 0.115063 0.595702
vt 0.167184 0.368439
vt 0.164021 0.420647
vt 0.162205 0.472857
vt 0.041020 0.762232
vt 0.048719 0.739040
vt 0.056881 0.720129
vt 0.141058 0.956643
vt 0.113452 0.963352
vt 0.096527 0.663853
vt 0.091020 0.672455
vt 0.163120 0.578259
vt 0.164146 0.588105
vt 0.166590 0.595547
vt 0.236981 0.738765
vt 0.127960 0.155852
vt 0.129610 0.104381
vt 0.026652 0.943503
vt 0.106651 0.597206
vt 0.036132 0.961971
vt 0.034893 0.963407
vt 0.167808 0.598862
vt 0.118922 0.599247
vt 0.118740 0.591494
vt 0.151778 0.217343
vt 0.105257 0.257213
vt 0.040426 0.963369
vt 0.039193 0.964835
vt 0.158772 0.415038
vt 0.145582 0.415482
vt 0.175085 0.379233
vt 0.173702 0.376423
vt 0.103584 0.546238
vt 0.102896 0.546202
vt 0.068664 0.706391
vt 0.068301 0.703647
vt 0.090142 0.672224
vt 0.136247 0.121291
vt 0.180537 0.154563
vt 0.145390 0.015687
vt 0.173743 0.626812
vt 0.123958 0.257352
vt 0.123716 0.287882
vt 0.121116 0.368660
vt 0.114731 0.155961
vt 0.180382 0.642720
vt 0.183103 0.648978
vt 0.207709 0.973757
vt 0.171125 0.182447
vt 0.134532 0.067189
vt 0.133784 0.066980
vt 0.133053 0.043887
vt 0.162389 0.435262
vt 0.174973 0.438031
vt 0.163771 0.438037
vt 0.148018 0.518527
vt 0.146490 0.467576
vt 0.174979 0.446190
vt 0.161370 0.446279
vt 0.105175 0.029200
vt 0.109284 0.021682
vt 0.117785 0.472440
vt 0.115772 0.545616
vt 0.119449 0.420495
vt 0.174974 0.407370
vt 0.173592 0.405080
vt 0.116647 0.072838
vt 0.117381 0.049719
vt 0.164319 0.578344
vt 0.165395 0.588182
vt 0.193934 0.670419
vt 0.189172 0.661560
vt 0.201381 0.679737
vt 0.265495 0.941624
vt 0.162399 0.448510
vt 0.128907 0.069258
vt 0.161158 0.560474
vt 0.160516 0.574482
vt 0.162391 0.415183
vt 0.136310 0.072674
vt 0.163881 0.370997
vt 0.161634 0.542369
vt 0.161634 0.548051
vt 0.161363 0.545210
vt 0.175998 0.435212
vt 0.161655 0.399837
vt 0.163770 0.397016
vt 0.174972 0.397014
vt 0.161475 0.373592
vt 0.161363 0.376402
vt 0.161475 0.370900
vt 0.118722 0.546303
vt 0.118089 0.564899
vt 0.131183 0.447063
vt 0.120778 0.447744
vt 0.116107 0.587852
vt 0.116366 0.595625
vt 0.116221 0.588330
vt 0.217002 0.701973
vt 0.132964 0.698776
vt 0.104257 0.639807
vt 0.106079 0.639750
vt 0.103551 0.646536
vt 0.107161 0.368216
vt 0.132919 0.016082
vt 0.131506 0.654214
vt 0.097367 0.653945
vt 0.100895 0.646689
vt 0.175169 0.256196
vt 0.141355 0.282277
vt 0.140380 0.251575
vt 0.152852 0.251180
vt 0.261297 0.941337
vt 0.183812 0.648889
vt 0.187413 0.655650
vt 0.191252 0.663108
vt 0.192090 0.663102
vt 0.197769 0.671377
vt 0.101013 0.656375
vt 0.220100 0.702452
vt 0.159484 0.467404
vt 0.160213 0.467343
vt 0.212055 0.974410
vt 0.196049 0.976992
vt 0.097702 0.126683
vt 0.097961 0.103452
vt 0.148726 0.097670
vt 0.171127 0.132957
vt 0.161438 0.272050
vt 0.161431 0.263575
vt 0.102369 0.038972
vt 0.116754 0.587702
vt 0.097314 0.085816
vt 0.097726 0.102717
vt 0.129853 0.073508
vt 0.131664 0.039729
vt 0.131335 0.050162
vt 0.060064 0.721278
vt 0.059954 0.718290
vt 0.065200 0.702430
vt 0.087184 0.670527
vt 0.175399 0.272059
vt 0.175391 0.280603
vt 0.161395 0.099581
vt 0.179691 0.979083
vt 0.228675 0.716962
vt 0.237110 0.736208
vt 0.108921 0.021144
vt 0.114870 0.015524
vt 0.122152 0.011708
vt 0.153826 0.281882
vt 0.106975 0.288060
vt 0.114484 0.369437
vt 0.050776 0.969519
vt 0.046456 0.968086
vt 0.117618 0.599247
vt 0.132301 0.524650
vt 0.158870 0.584698
vt 0.099745 0.187811
vt 0.099013 0.154376
vt 0.102255 0.222493
vt 0.125783 0.223609
vt 0.142689 0.657759
vt 0.137463 0.183019
vt 0.139638 0.251557
vt 0.097363 0.125860
vt 0.122966 0.595440
vt 0.168637 0.369011
vt 0.110746 0.256868
vt 0.132725 0.033493
vt 0.132434 0.024276
vt 0.148145 0.583111
vt 0.175367 0.288786
vt 0.175324 0.296180
vt 0.143189 0.363408
vt 0.173795 0.286968
vt 0.106015 0.597271
vt 0.103737 0.579186
vt 0.115655 0.127130
vt 0.181007 0.155001
vt 0.117710 0.039285
vt 0.118000 0.029995
vt 0.175391 0.263584
vt 0.139246 0.073442
vt 0.142080 0.073126
vt 0.147320 0.070909
vt 0.146389 0.023834
vt 0.146679 0.033051
vt 0.123990 0.620301
vt 0.175028 0.427941
vt 0.163826 0.427901
vt 0.161363 0.477022
vt 0.162292 0.474166
vt 0.161998 0.476998
vt 0.115850 0.369358
vt 0.173592 0.389166
vt 0.161394 0.182448
vt 0.080602 0.975445
vt 0.171125 0.083136
vt 0.076254 0.974153
vt 0.161475 0.379259
vt 0.162292 0.479830
vt 0.146377 0.981143
vt 0.173594 0.415191
vt 0.161365 0.407489
vt 0.125278 0.979727
vt 0.108667 0.978471
vt 0.244940 0.761949
vt 0.251704 0.795945
vt 0.175325 0.978270
vt 0.161363 0.302691
vt 0.161920 0.317006
vt 0.161363 0.334544
vt 0.161363 0.334544
vt 0.161923 0.348779
vt 0.161363 0.366306
vt 0.162498 0.386778
vt 0.161640 0.550893
vt 0.161363 0.553729
vt 0.161363 0.548050
vt 0.149518 0.069096
vt 0.152618 0.064337
vt 0.262077 0.871027
vt 0.268317 0.926106
vt 0.258205 0.870700
vt 0.264192 0.925764
vt 0.162432 0.407607
vt 0.176039 0.407489
vt 0.120494 0.567251
vt 0.119714 0.581245
vt 0.122975 0.287921
vt 0.147008 0.043445
vt 0.147738 0.066538
vt 0.147004 0.066794
vt 0.148040 0.630726
vt 0.162175 0.467697
vt 0.161363 0.474166
vt 0.161530 0.467758
vt 0.181283 0.125607
vt 0.136408 0.073171
vt 0.175409 0.624381
vt 0.178886 0.636563
vt 0.116211 0.635686
vt 0.109099 0.610383
vt 0.161640 0.553729
vt 0.161640 0.559408
vt 0.161363 0.556565
vt 0.174984 0.428206
vt 0.102362 0.223332
vt 0.100368 0.188663
vt 0.153592 0.251115
vt 0.161634 0.533846
vt 0.161363 0.536687
vt 0.161363 0.531004
vt 0.161634 0.525316
vt 0.161634 0.531004
vt 0.161363 0.528160
vt 0.161363 0.516783
vt 0.161634 0.513939
vt 0.161634 0.519628
vt 0.164131 0.473733
vt 0.164890 0.547921
vt 0.173602 0.448473
vt 0.161911 0.525316
vt 0.161911 0.530994
vt 0.161634 0.528158
vt 0.181049 0.642599
vt 0.176107 0.366307
vt 0.161928 0.513939
vt 0.161928 0.519606
vt 0.161634 0.516773
vt 0.161657 0.482661
vt 0.161363 0.479830
vt 0.162291 0.482685
vt 0.176108 0.437986
vt 0.176000 0.443656
vt 0.144840 0.415459
vt 0.161431 0.280594
vt 0.161363 0.485493
vt 0.161634 0.485493
vt 0.161634 0.491182
vt 0.161363 0.488338
vt 0.117467 0.588246
vt 0.176000 0.432553
vt 0.161928 0.522462
vt 0.161634 0.525296
vt 0.161634 0.519628
vt 0.161374 0.428075
vt 0.111392 0.633246
vt 0.161475 0.382025
vt 0.161640 0.562244
vt 0.161363 0.565087
vt 0.161363 0.559408
vt 0.056786 0.717084
vt 0.161634 0.499716
vt 0.161363 0.502561
vt 0.161363 0.496872
vt 0.178473 0.222733
vt 0.112939 0.188591
vt 0.161387 0.409794
vt 0.161406 0.407489
vt 0.130601 0.073282
vt 0.025512 0.958621
vt 0.020547 0.951967
vt 0.150363 0.149284
vt 0.161363 0.525316
vt 0.161363 0.519628
vt 0.161634 0.522471
vt 0.161634 0.539527
vt 0.161363 0.542369
vt 0.161363 0.536687
vt 0.161363 0.511094
vt 0.161634 0.508250
vt 0.161634 0.513939
vt 0.161634 0.505405
vt 0.161363 0.508250
vt 0.161363 0.502560
vt 0.115653 0.564216
vt 0.116005 0.577823
vt 0.134769 0.634621
vt 0.148603 0.559508
vt 0.225511 0.716576
vt 0.233857 0.735868
vt 0.117824 0.595116
vt 0.033048 0.835543
vt 0.023590 0.928032
vt 0.028968 0.872862
vt 0.029343 0.834134
vt 0.019461 0.926501
vt 0.025091 0.871402
vt 0.118686 0.472988
vt 0.177488 0.048390
vt 0.175643 0.038081
vt 0.103741 0.649519
vt 0.034439 0.963908
vt 0.038740 0.965395
vt 0.029788 0.960148
vt 0.117242 0.578486
vt 0.176109 0.382026
vt 0.176107 0.386897
vt 0.165712 0.421289
vt 0.115653 0.103937
vt 0.134769 0.098113
vt 0.143627 0.602798
vt 0.146427 0.590367
vt 0.092772 0.661850
vt 0.148248 0.573113
vt 0.186648 0.655701
vt 0.118225 0.421663
vt 0.097470 0.086613
vt 0.147276 0.010565
vt 0.227592 0.971501
vt 0.223260 0.970926
vt 0.237468 0.967511
vt 0.241784 0.968015
vt 0.159516 0.584752
vt 0.129651 0.980784
vt 0.113034 0.979608
vt 0.142002 0.980167
vt 0.257413 0.833777
vt 0.253712 0.833458
vt 0.163095 0.980521
vt 0.158723 0.979627
vt 0.060685 0.971415
vt 0.065021 0.972781
vt 0.092287 0.976559
vt 0.096645 0.977774
vt 0.191692 0.976260
vt 0.161373 0.412386
vt 0.158235 0.592528
vt 0.095691 0.663861
vt 0.100249 0.656336
vt 0.175581 0.038395
vt 0.177473 0.048702
vt 0.177692 0.222237
vt 0.138436 0.621761
vt 0.161363 0.461497
vt 0.161473 0.386897
vt 0.161474 0.384607
vt 0.161364 0.435215
vt 0.161363 0.438020
vt 0.161366 0.432556
vt 0.161406 0.255616
vt 0.161363 0.248619
vt 0.114703 0.016189
vt 0.176003 0.446276
vt 0.146147 0.016146
vt 0.108780 0.021842
vt 0.176108 0.368438
vt 0.176109 0.370901
vt 0.176000 0.386898
vt 0.175999 0.389030
vt 0.161473 0.366306
vt 0.175999 0.407489
vt 0.175998 0.405200
vt 0.176008 0.428072
vt 0.176003 0.430140
vt 0.176109 0.379259
vt 0.176109 0.376413
vt 0.161364 0.440870
vt 0.175367 0.255624
vt 0.161406 0.288778
vt 0.162893 0.015810
vt 0.168904 0.021369
vt 0.175324 0.248628
vt 0.163061 0.015378
vt 0.169046 0.020962
vt 0.161363 0.296171
vt 0.118239 0.022185
vt 0.132193 0.016588
vt 0.174873 0.287525
vt 0.176019 0.409794
vt 0.161396 0.425957
vt 0.161418 0.428072
vt 0.161379 0.423507
vt 0.161365 0.389030
vt 0.161364 0.405200
vt 0.175996 0.418006
vt 0.175998 0.415158
vt 0.176001 0.420823
vt 0.175997 0.397006
vt 0.175997 0.399852
vt 0.181621 0.126023
vt 0.161365 0.415158
vt 0.161363 0.418006
vt 0.161368 0.420822
vt 0.175997 0.394186
vt 0.175997 0.402619
vt 0.176051 0.428072
vt 0.161374 0.448625
vt 0.051821 0.737666
vt 0.175997 0.438017
vt 0.161475 0.376413
vt 0.241569 0.761628
vt 0.248177 0.795629
vt 0.103673 0.256384
vt 0.161364 0.391493
vt 0.176008 0.448622
vt 0.161370 0.430143
vt 0.176109 0.373593
vt 0.269165 0.941540
vt 0.267513 0.951602
vt 0.263272 0.951236
vt 0.264970 0.941190
vt 0.024793 0.953512
vt 0.048565 0.736426
vt 0.038164 0.797626
vt 0.034632 0.796272
vt 0.106401 0.643187
vt 0.161363 0.455022
vt 0.162150 0.448625
vt 0.162150 0.461497
vt 0.022984 0.943478
vt 0.018784 0.941931
vt 0.249457 0.963260
vt 0.253754 0.963703
vt 0.147498 0.582976
vt 0.176029 0.425957
vt 0.161363 0.397006
vt 0.161363 0.496871
vt 0.161363 0.491182
vt 0.161634 0.494027
vt 0.161363 0.399852
vt 0.479134 0.753669
vt 0.449684 0.744876
vt 0.460214 0.731884
vt 0.402626 0.455852
vt 0.394361 0.069933
vt 0.415982 0.629222
vt 0.406471 0.470760
vt 0.432007 0.408739
vt 0.403387 0.610056
vt 0.301672 0.886966
vt 0.292402 0.841592
vt 0.362313 0.906224
vt 0.485679 0.796243
vt 0.445399 0.927333
vt 0.452128 0.765432
vt 0.425649 0.656104
vt 0.432400 0.662410
vt 0.419908 0.662046
vt 0.365525 0.679212
vt 0.390038 0.675356
vt 0.384975 0.683777
vt 0.403936 0.052619
vt 0.397110 0.057104
vt 0.389820 0.043754
vt 0.400765 0.038792
vt 0.439921 0.056033
vt 0.424071 0.052000
vt 0.388588 0.657469
vt 0.377067 0.658486
vt 0.381325 0.650745
vt 0.396661 0.583524
vt 0.395311 0.572394
vt 0.395629 0.513064
vt 0.438644 0.411117
vt 0.455429 0.089576
vt 0.453354 0.208377
vt 0.392798 0.073954
vt 0.375792 0.085283
vt 0.430953 0.056391
vt 0.284362 0.858609
vt 0.457855 0.959607
vt 0.485606 0.941140
vt 0.473969 0.954371
vt 0.427844 0.033658
vt 0.425550 0.073556
vt 0.424771 0.064610
vt 0.479918 0.881054
vt 0.536519 0.881904
vt 0.510996 0.926550
vt 0.323333 0.898176
vt 0.291637 0.843094
vt 0.327177 0.841761
vt 0.395837 0.082213
vt 0.396019 0.079608
vt 0.397988 0.082137
vt 0.425920 0.086789
vt 0.425236 0.084844
vt 0.427985 0.083378
vt 0.393614 0.594010
vt 0.388777 0.630913
vt 0.436662 0.636206
vt 0.396031 0.636292
vt 0.399785 0.575287
vt 0.400409 0.570629
vt 0.401257 0.511427
vt 0.440395 0.314862
vt 0.440194 0.343377
vt 0.436558 0.400306
vt 0.302908 0.755629
vt 0.313615 0.746889
vt 0.304108 0.767802
vt 0.548295 0.867993
vt 0.543918 0.880377
vt 0.423029 0.053079
vt 0.425472 0.064551
vt 0.420134 0.064675
vt 0.424884 0.207166
vt 0.421806 0.181734
vt 0.425561 0.181721
vt 0.400294 0.967672
vt 0.399542 0.963580
vt 0.419093 0.965794
vt 0.366599 0.954507
vt 0.356479 0.941617
vt 0.382643 0.959433
vt 0.399044 0.656437
vt 0.400717 0.664603
vt 0.398685 0.665320
vt 0.409501 0.725979
vt 0.410772 0.706937
vt 0.414916 0.705778
vt 0.417253 0.780345
vt 0.417095 0.765955
vt 0.420860 0.766036
vt 0.431823 0.665513
vt 0.433944 0.657164
vt 0.437886 0.658510
vt 0.395526 0.607748
vt 0.392993 0.629491
vt 0.410846 0.063408
vt 0.408983 0.051983
vt 0.414322 0.052096
vt 0.402107 0.329664
vt 0.401274 0.290445
vt 0.406614 0.290623
vt 0.420779 0.056839
vt 0.412149 0.051984
vt 0.415851 0.051469
vt 0.407282 0.056421
vt 0.452112 0.328354
vt 0.452095 0.331296
vt 0.446554 0.331217
vt 0.451753 0.361504
vt 0.451794 0.364236
vt 0.446272 0.364231
vt 0.422314 0.735788
vt 0.420774 0.750715
vt 0.417008 0.750524
vt 0.438392 0.484363
vt 0.431149 0.398662
vt 0.437487 0.507167
vt 0.434986 0.480682
vt 0.440313 0.480514
vt 0.389989 0.663918
vt 0.392427 0.641935
vt 0.392366 0.634531
vt 0.397670 0.634250
vt 0.397938 0.668560
vt 0.394443 0.657606
vt 0.396951 0.656981
vt 0.414567 0.041943
vt 0.411565 0.033341
vt 0.416905 0.033598
vt 0.450330 0.254019
vt 0.450324 0.260711
vt 0.444978 0.260692
vt 0.437207 0.625769
vt 0.437071 0.618645
vt 0.440791 0.618725
vt 0.437771 0.649192
vt 0.440798 0.649931
vt 0.417701 0.053250
vt 0.425014 0.793757
vt 0.425294 0.806666
vt 0.419931 0.806834
vt 0.510176 0.776994
vt 0.435475 0.073153
vt 0.434868 0.064187
vt 0.408753 0.926682
vt 0.410350 0.937664
vt 0.404993 0.937520
vt 0.410939 0.879809
vt 0.410438 0.891703
vt 0.405081 0.891500
vt 0.429997 0.260527
vt 0.431004 0.287757
vt 0.425673 0.287859
vt 0.524467 0.742430
vt 0.527593 0.754895
vt 0.501916 0.717614
vt 0.416175 0.780435
vt 0.415888 0.793609
vt 0.410530 0.793507
vt 0.422829 0.042703
vt 0.419554 0.033924
vt 0.424901 0.033877
vt 0.408693 0.023516
vt 0.399148 0.021226
vt 0.412656 0.019781
vt 0.286527 0.855692
vt 0.296074 0.867926
vt 0.406910 0.843294
vt 0.407299 0.830993
vt 0.412663 0.831177
vt 0.451177 0.205109
vt 0.453503 0.217845
vt 0.448149 0.218019
vt 0.445573 0.190144
vt 0.445294 0.173533
vt 0.450650 0.173533
vt 0.387532 0.047856
vt 0.388482 0.048857
vt 0.385458 0.063307
vt 0.414521 0.118184
vt 0.409683 0.102331
vt 0.415035 0.102436
vt 0.432068 0.571850
vt 0.438095 0.606459
vt 0.430262 0.629694
vt 0.398239 0.539451
vt 0.399747 0.559705
vt 0.394422 0.559564
vt 0.394088 0.627320
vt 0.397830 0.627270
vt 0.445064 0.118519
vt 0.445289 0.100048
vt 0.450645 0.100065
vt 0.450422 0.155751
vt 0.398170 0.690648
vt 0.415937 0.683185
vt 0.416012 0.689616
vt 0.410467 0.696054
vt 0.407268 0.695060
vt 0.409086 0.692132
vt 0.451783 0.283204
vt 0.451792 0.285923
vt 0.446253 0.285923
vt 0.446634 0.325213
vt 0.446680 0.322150
vt 0.452182 0.322226
vt 0.448137 0.051222
vt 0.446013 0.038312
vt 0.451376 0.038290
vt 0.420909 0.890050
vt 0.420315 0.878882
vt 0.425669 0.878746
vt 0.446381 0.370035
vt 0.451741 0.372898
vt 0.446195 0.372896
vt 0.412750 0.088294
vt 0.419042 0.085749
vt 0.446259 0.283204
vt 0.451800 0.269371
vt 0.451792 0.271828
vt 0.446268 0.271829
vt 0.440344 0.597598
vt 0.442090 0.604490
vt 0.436772 0.604576
vt 0.437376 0.551027
vt 0.434570 0.531125
vt 0.439883 0.531028
vt 0.452266 0.344284
vt 0.452232 0.347308
vt 0.446725 0.347308
vt 0.446262 0.269371
vt 0.446243 0.267263
vt 0.451687 0.267271
vt 0.453487 0.051372
vt 0.447746 0.082328
vt 0.453099 0.082423
vt 0.424635 0.855653
vt 0.427320 0.867230
vt 0.421957 0.867418
vt 0.423425 0.819284
vt 0.418069 0.819385
vt 0.407009 0.117956
vt 0.467667 0.685355
vt 0.463181 0.681334
vt 0.478367 0.684379
vt 0.428469 0.688081
vt 0.425612 0.692898
vt 0.423966 0.692748
vt 0.417394 0.027110
vt 0.422727 0.026876
vt 0.447162 0.247250
vt 0.447167 0.240635
vt 0.452515 0.240665
vt 0.421259 0.022160
vt 0.409468 0.026917
vt 0.414814 0.026971
vt 0.412753 0.698230
vt 0.377301 0.680698
vt 0.364873 0.689898
vt 0.361812 0.684444
vt 0.427261 0.693044
vt 0.430948 0.688416
vt 0.430895 0.689527
vt 0.426262 0.889909
vt 0.429099 0.900701
vt 0.423737 0.900906
vt 0.287742 0.870908
vt 0.451791 0.375597
vt 0.451796 0.378032
vt 0.446261 0.378027
vt 0.405761 0.081466
vt 0.412271 0.843482
vt 0.414042 0.855748
vt 0.408682 0.855589
vt 0.405580 0.879611
vt 0.416837 0.737878
vt 0.416645 0.752073
vt 0.411328 0.752274
vt 0.410826 0.780387
vt 0.396733 0.488067
vt 0.395508 0.459661
vt 0.400841 0.459842
vt 0.416969 0.735361
vt 0.416933 0.721777
vt 0.422320 0.722384
vt 0.432993 0.425286
vt 0.431834 0.394208
vt 0.436376 0.394844
vt 0.446720 0.344284
vt 0.446756 0.341424
vt 0.452288 0.341424
vt 0.393293 0.064959
vt 0.427130 0.118737
vt 0.421276 0.103410
vt 0.426627 0.103209
vt 0.531171 0.905180
vt 0.403395 0.926435
vt 0.450746 0.692327
vt 0.445443 0.685397
vt 0.457852 0.687404
vt 0.464591 0.671052
vt 0.462124 0.670846
vt 0.457790 0.662739
vt 0.423189 0.019303
vt 0.419066 0.017059
vt 0.425719 0.017753
vt 0.452513 0.247268
vt 0.452165 0.316578
vt 0.452201 0.319288
vt 0.446660 0.319212
vt 0.416179 0.063591
vt 0.383222 0.070735
vt 0.385037 0.058852
vt 0.457363 0.962051
vt 0.439153 0.965667
vt 0.445065 0.155748
vt 0.444963 0.137254
vt 0.450320 0.137263
vt 0.419282 0.855776
vt 0.549528 0.829541
vt 0.555776 0.843032
vt 0.553782 0.855353
vt 0.442484 0.626077
vt 0.440827 0.633487
vt 0.437131 0.633065
vt 0.329927 0.777222
vt 0.330901 0.742570
vt 0.360907 0.753819
vt 0.408372 0.730025
vt 0.390334 0.744951
vt 0.534451 0.892454
vt 0.540249 0.892323
vt 0.533076 0.904642
vt 0.425193 0.921856
vt 0.422251 0.911559
vt 0.427607 0.911419
vt 0.449734 0.048780
vt 0.452923 0.064446
vt 0.442374 0.031823
vt 0.457292 0.118730
vt 0.456368 0.176743
vt 0.450419 0.118534
vt 0.419127 0.968745
vt 0.284500 0.843375
vt 0.283633 0.831057
vt 0.413380 0.806310
vt 0.415221 0.818828
vt 0.409861 0.818691
vt 0.401254 0.681231
vt 0.399787 0.684441
vt 0.379143 0.687348
vt 0.419923 0.675773
vt 0.419914 0.667285
vt 0.434835 0.674577
vt 0.444944 0.298744
vt 0.450913 0.290649
vt 0.446541 0.313950
vt 0.445160 0.631511
vt 0.447093 0.631521
vt 0.449623 0.638848
vt 0.371745 0.131756
vt 0.373229 0.089745
vt 0.378568 0.247416
vt 0.429294 0.181549
vt 0.430214 0.206978
vt 0.447994 0.065886
vt 0.453343 0.066012
vt 0.412403 0.182158
vt 0.411552 0.208117
vt 0.406223 0.208000
vt 0.385130 0.257847
vt 0.384838 0.240545
vt 0.387460 0.285904
vt 0.452292 0.356219
vt 0.452439 0.358740
vt 0.446293 0.359016
vt 0.430387 0.081362
vt 0.432325 0.078814
vt 0.432535 0.081440
vt 0.391469 0.584903
vt 0.391794 0.574227
vt 0.395543 0.574362
vt 0.442080 0.614652
vt 0.425979 0.831526
vt 0.420616 0.831703
vt 0.445826 0.205108
vt 0.439418 0.484426
vt 0.439181 0.511446
vt 0.457040 0.096657
vt 0.419622 0.118924
vt 0.443986 0.275780
vt 0.444682 0.208976
vt 0.404908 0.181929
vt 0.408671 0.182112
vt 0.437746 0.044046
vt 0.441918 0.059624
vt 0.445750 0.095620
vt 0.447263 0.096983
vt 0.447694 0.112575
vt 0.447173 0.234437
vt 0.447178 0.228923
vt 0.452523 0.228979
vt 0.324616 0.931604
vt 0.328949 0.931804
vt 0.339663 0.941544
vt 0.430551 0.921617
vt 0.383224 0.962145
vt 0.366280 0.956506
vt 0.420296 0.963739
vt 0.420300 0.966970
vt 0.401443 0.965715
vt 0.415825 0.673353
vt 0.415927 0.682263
vt 0.401047 0.682807
vt 0.447285 0.684781
vt 0.447027 0.683103
vt 0.470985 0.687201
vt 0.421592 0.020451
vt 0.444979 0.254015
vt 0.408016 0.806136
vt 0.548360 0.781793
vt 0.546207 0.781551
vt 0.540980 0.768905
vt 0.451783 0.960211
vt 0.456070 0.963444
vt 0.437930 0.967251
vt 0.472916 0.957579
vt 0.472498 0.955335
vt 0.486434 0.948602
vt 0.464976 0.658626
vt 0.465771 0.658825
vt 0.470275 0.666537
vt 0.305490 0.904817
vt 0.307362 0.904928
vt 0.315971 0.917222
vt 0.409908 0.903483
vt 0.411535 0.915200
vt 0.406175 0.915026
vt 0.296809 0.777976
vt 0.284543 0.796933
vt 0.287901 0.784440
vt 0.422602 0.780334
vt 0.392915 0.539268
vt 0.386972 0.247394
vt 0.382841 0.082106
vt 0.381301 0.096753
vt 0.381998 0.083130
vt 0.440348 0.641308
vt 0.438589 0.590819
vt 0.436600 0.597662
vt 0.412675 0.766695
vt 0.526280 0.742684
vt 0.511688 0.726538
vt 0.359872 0.690196
vt 0.374127 0.688341
vt 0.348682 0.699919
vt 0.359124 0.691542
vt 0.402805 0.073195
vt 0.446582 0.328277
vt 0.448830 0.676177
vt 0.450075 0.678429
vt 0.435516 0.676659
vt 0.440093 0.684403
vt 0.440510 0.688637
vt 0.419941 0.687401
vt 0.371529 0.097830
vt 0.372091 0.084174
vt 0.375356 0.064235
vt 0.373192 0.071743
vt 0.374890 0.059819
vt 0.439433 0.565555
vt 0.441349 0.576086
vt 0.436028 0.576188
vt 0.450319 0.267096
vt 0.444974 0.267063
vt 0.391759 0.039615
vt 0.390805 0.038119
vt 0.394963 0.030060
vt 0.308763 0.744843
vt 0.323474 0.730814
vt 0.397002 0.399271
vt 0.400184 0.456030
vt 0.365712 0.695242
vt 0.380678 0.691589
vt 0.379534 0.697871
vt 0.544032 0.867608
vt 0.550556 0.867677
vt 0.546062 0.880000
vt 0.446556 0.039351
vt 0.447383 0.038047
vt 0.450681 0.047776
vt 0.417492 0.042902
vt 0.446312 0.274542
vt 0.446369 0.288379
vt 0.451741 0.290476
vt 0.446197 0.290483
vt 0.509406 0.716733
vt 0.507909 0.716396
vt 0.495213 0.701551
vt 0.394603 0.606474
vt 0.393202 0.599654
vt 0.398532 0.599803
vt 0.390405 0.603111
vt 0.390999 0.599575
vt 0.390846 0.606348
vt 0.409217 0.041856
vt 0.437028 0.038356
vt 0.440422 0.048071
vt 0.379554 0.287284
vt 0.390213 0.400740
vt 0.394566 0.513183
vt 0.393991 0.486115
vt 0.404550 0.903271
vt 0.538224 0.892773
vt 0.377276 0.048777
vt 0.378236 0.049737
vt 0.381420 0.040441
vt 0.380453 0.038989
vt 0.384531 0.030873
vt 0.423537 0.080501
vt 0.446269 0.375592
vt 0.404455 0.661192
vt 0.384777 0.662620
vt 0.395829 0.654253
vt 0.367018 0.672144
vt 0.366097 0.672099
vt 0.370341 0.663805
vt 0.451775 0.277407
vt 0.451858 0.274540
vt 0.450927 0.190142
vt 0.488119 0.949826
vt 0.534247 0.760005
vt 0.537138 0.755332
vt 0.544185 0.768535
vt 0.555847 0.813532
vt 0.556611 0.830711
vt 0.455052 0.070644
vt 0.456307 0.083036
vt 0.418680 0.089651
vt 0.418300 0.076996
vt 0.422051 0.076924
vt 0.444529 0.076582
vt 0.445018 0.070939
vt 0.446396 0.083343
vt 0.407947 0.088324
vt 0.408321 0.075607
vt 0.412081 0.075729
vt 0.546284 0.818902
vt 0.553273 0.843264
vt 0.551400 0.855622
vt 0.411410 0.867804
vt 0.406049 0.867609
vt 0.336308 0.942200
vt 0.553059 0.813786
vt 0.555869 0.818747
vt 0.556251 0.831048
vt 0.549843 0.793965
vt 0.552049 0.794182
vt 0.554444 0.806458
vt 0.392199 0.615954
vt 0.394889 0.605194
vt 0.366783 0.695893
vt 0.397739 0.692150
vt 0.380594 0.694521
vt 0.312170 0.741812
vt 0.322332 0.728453
vt 0.415475 0.694129
vt 0.410773 0.704136
vt 0.376360 0.707540
vt 0.387245 0.636358
vt 0.397702 0.641367
vt 0.395968 0.649109
vt 0.392884 0.649639
vt 0.397437 0.515113
vt 0.402056 0.488207
vt 0.446729 0.353396
vt 0.446710 0.350386
vt 0.452252 0.350386
vt 0.394562 0.076701
vt 0.424658 0.260625
vt 0.443348 0.399262
vt 0.439712 0.442651
vt 0.448027 0.314063
vt 0.424189 0.843746
vt 0.418831 0.843863
vt 0.558604 0.818498
vt 0.558867 0.830787
vt 0.350579 0.829633
vt 0.431849 0.452939
vt 0.437172 0.452841
vt 0.433750 0.507219
vt 0.433238 0.507117
vt 0.432321 0.480598
vt 0.406588 0.691848
vt 0.400809 0.673458
vt 0.404860 0.679688
vt 0.378869 0.678253
vt 0.362873 0.682713
vt 0.368943 0.672692
vt 0.290427 0.818307
vt 0.283858 0.818738
vt 0.285110 0.806417
vt 0.294253 0.793437
vt 0.287318 0.794094
vt 0.290806 0.781622
vt 0.435694 0.565611
vt 0.435928 0.590760
vt 0.436395 0.590846
vt 0.299695 0.758525
vt 0.292845 0.771681
vt 0.465761 0.678017
vt 0.468649 0.678354
vt 0.475058 0.689342
vt 0.476257 0.690797
vt 0.480575 0.693254
vt 0.485213 0.696790
vt 0.381258 0.639613
vt 0.382975 0.639598
vt 0.380532 0.647258
vt 0.391293 0.601349
vt 0.385220 0.632215
vt 0.396563 0.593066
vt 0.438891 0.085972
vt 0.458435 0.650646
vt 0.462741 0.658377
vt 0.451218 0.657390
vt 0.465368 0.694790
vt 0.484509 0.699801
vt 0.451530 0.693728
vt 0.451390 0.228896
vt 0.522710 0.917598
vt 0.512784 0.929499
vt 0.438327 0.425119
vt 0.391166 0.429258
vt 0.393956 0.457577
vt 0.492058 0.944628
vt 0.489590 0.948784
vt 0.474293 0.956369
vt 0.446264 0.367113
vt 0.335719 0.934452
vt 0.312813 0.905167
vt 0.300157 0.892627
vt 0.294311 0.880319
vt 0.362128 0.679501
vt 0.363126 0.679534
vt 0.356990 0.690626
vt 0.354633 0.692166
vt 0.355802 0.692144
vt 0.345113 0.700697
vt 0.410321 0.083401
vt 0.413074 0.084860
vt 0.415372 0.087333
vt 0.487091 0.699069
vt 0.382074 0.964272
vt 0.451811 0.370041
vt 0.446621 0.661928
vt 0.432288 0.668051
vt 0.441650 0.674778
vt 0.430832 0.682559
vt 0.452519 0.234481
vt 0.431774 0.021762
vt 0.432124 0.020025
vt 0.438036 0.024049
vt 0.320674 0.728768
vt 0.414794 0.725490
vt 0.439690 0.962545
vt 0.413901 0.136490
vt 0.413229 0.158047
vt 0.405666 0.157816
vt 0.381184 0.130612
vt 0.382654 0.110670
vt 0.343800 0.700927
vt 0.446954 0.336648
vt 0.452270 0.338842
vt 0.446727 0.338836
vt 0.400907 0.962639
vt 0.419656 0.793902
vt 0.549309 0.781294
vt 0.412624 0.019853
vt 0.437346 0.026013
vt 0.400115 0.024097
vt 0.400699 0.025920
vt 0.395646 0.031551
vt 0.384704 0.643407
vt 0.382572 0.643480
vt 0.385528 0.636380
vt 0.378321 0.651026
vt 0.379049 0.650898
vt 0.374833 0.658740
vt 0.388998 0.400838
vt 0.384093 0.344005
vt 0.491487 0.696884
vt 0.489215 0.696050
vt 0.489018 0.697186
vt 0.398621 0.431480
vt 0.433348 0.443797
vt 0.435024 0.428767
vt 0.387767 0.639519
vt 0.432136 0.638958
vt 0.397416 0.646740
vt 0.452578 0.646466
vt 0.450719 0.646476
vt 0.447700 0.638873
vt 0.456077 0.654447
vt 0.460240 0.662863
vt 0.461080 0.662790
vt 0.467031 0.673674
vt 0.314427 0.919928
vt 0.305692 0.907703
vt 0.298363 0.895456
vt 0.292394 0.883191
vt 0.444944 0.462458
vt 0.445850 0.451309
vt 0.445870 0.462929
vt 0.480036 0.683337
vt 0.475641 0.681002
vt 0.470898 0.672563
vt 0.420062 0.785234
vt 0.420260 0.936608
vt 0.395097 0.927398
vt 0.451814 0.288385
vt 0.351385 0.950113
vt 0.349728 0.951374
vt 0.403951 0.431622
vt 0.385226 0.032327
vt 0.389625 0.024848
vt 0.501331 0.940354
vt 0.498347 0.939196
vt 0.395486 0.020743
vt 0.390227 0.026635
vt 0.424010 0.089564
vt 0.426213 0.089462
vt 0.426708 0.089128
vt 0.427137 0.102667
vt 0.415485 0.088551
vt 0.415968 0.088291
vt 0.415543 0.101973
vt 0.413286 0.088519
vt 0.295896 0.768850
vt 0.416428 0.766649
vt 0.337627 0.939671
vt 0.326040 0.928979
vt 0.446028 0.228873
vt 0.383623 0.632230
vt 0.387572 0.618062
vt 0.442238 0.611551
vt 0.413124 0.054273
vt 0.453968 0.319033
vt 0.453969 0.322144
vt 0.453514 0.322200
vt 0.452172 0.325289
vt 0.434979 0.589004
vt 0.438305 0.535665
vt 0.439173 0.570580
vt 0.435077 0.562167
vt 0.289785 0.868007
vt 0.388219 0.669752
vt 0.405009 0.674614
vt 0.543050 0.769164
vt 0.445362 0.322088
vt 0.444944 0.322020
vt 0.444944 0.318909
vt 0.446638 0.316502
vt 0.408587 0.136408
vt 0.371670 0.154025
vt 0.373602 0.187033
vt 0.427719 0.136740
vt 0.428490 0.157903
vt 0.420930 0.158089
vt 0.290299 0.883249
vt 0.433745 0.075894
vt 0.452263 0.353396
vt 0.427543 0.024424
vt 0.403459 0.084804
vt 0.406315 0.085652
vt 0.406175 0.086423
vt 0.516750 0.732616
vt 0.517646 0.728208
vt 0.527841 0.741538
vt 0.453633 0.257761
vt 0.452003 0.275052
vt 0.454835 0.219582
vt 0.457029 0.176827
vt 0.456179 0.202866
vt 0.419113 0.053035
vt 0.416064 0.053354
vt 0.446255 0.280330
vt 0.446158 0.277406
vt 0.461835 0.679620
vt 0.449832 0.663842
vt 0.281977 0.814552
vt 0.279071 0.821843
vt 0.280222 0.809525
vt 0.394727 0.537515
vt 0.513089 0.925333
vt 0.524499 0.916958
vt 0.514461 0.928740
vt 0.448216 0.026875
vt 0.422255 0.085741
vt 0.416206 0.084914
vt 0.419156 0.085215
vt 0.419157 0.086048
vt 0.408506 0.017609
vt 0.443204 0.029998
vt 0.396800 0.585080
vt 0.399001 0.589215
vt 0.445031 0.386848
vt 0.444944 0.380133
vt 0.445863 0.379469
vt 0.359841 0.683476
vt 0.358732 0.684057
vt 0.365363 0.673561
vt 0.409017 0.716359
vt 0.371943 0.719651
vt 0.503673 0.715474
vt 0.492597 0.701523
vt 0.404676 0.698821
vt 0.407292 0.700322
vt 0.407319 0.702704
vt 0.411797 0.705098
vt 0.410819 0.701808
vt 0.413504 0.701028
vt 0.374393 0.655297
vt 0.375155 0.655352
vt 0.371183 0.663859
vt 0.441534 0.427650
vt 0.534948 0.904526
vt 0.452238 0.636273
vt 0.454226 0.636293
vt 0.457200 0.643385
vt 0.422105 0.084906
vt 0.451796 0.367118
vt 0.433870 0.690244
vt 0.281378 0.831138
vt 0.391368 0.570757
vt 0.392220 0.559476
vt 0.392371 0.539183
vt 0.382496 0.185802
vt 0.382441 0.202959
vt 0.381522 0.176923
vt 0.380889 0.152761
vt 0.427039 0.026035
vt 0.432770 0.030334
vt 0.438617 0.681194
vt 0.419933 0.680101
vt 0.399864 0.632041
vt 0.551448 0.781492
vt 0.285754 0.784730
vt 0.501656 0.750223
vt 0.541561 0.780456
vt 0.404606 0.690817
vt 0.403000 0.693927
vt 0.476194 0.689339
vt 0.455341 0.643324
vt 0.460742 0.650795
vt 0.443365 0.617461
vt 0.445435 0.624415
vt 0.392667 0.620257
vt 0.392837 0.613290
vt 0.398174 0.613419
vt 0.402210 0.262555
vt 0.407559 0.262737
vt 0.445447 0.258505
vt 0.445941 0.230704
vt 0.312688 0.919875
vt 0.303809 0.907690
vt 0.453576 0.027054
vt 0.292229 0.880278
vt 0.419923 0.660868
vt 0.402518 0.674030
vt 0.412415 0.017770
vt 0.429891 0.342767
vt 0.427517 0.315281
vt 0.433074 0.327274
vt 0.447545 0.342484
vt 0.486863 0.702796
vt 0.488669 0.700593
vt 0.423091 0.694518
vt 0.422316 0.693059
vt 0.417839 0.699234
vt 0.425332 0.686127
vt 0.421355 0.700305
vt 0.533052 0.905126
vt 0.502902 0.939462
vt 0.503974 0.939575
vt 0.490176 0.949195
vt 0.455222 0.683336
vt 0.405427 0.403344
vt 0.404952 0.403396
vt 0.407433 0.331051
vt 0.406584 0.330834
vt 0.404193 0.400542
vt 0.399707 0.399626
vt 0.457599 0.152664
vt 0.422407 0.136959
vt 0.450103 0.629418
vt 0.441955 0.629429
vt 0.346178 0.699018
vt 0.347263 0.698608
vt 0.344731 0.701697
vt 0.332044 0.716610
vt 0.330548 0.716951
vt 0.343503 0.702097
vt 0.393690 0.514976
vt 0.393155 0.514890
vt 0.394037 0.487896
vt 0.288667 0.781825
vt 0.376948 0.259271
vt 0.376483 0.241852
vt 0.373717 0.204304
vt 0.372542 0.178227
vt 0.447038 0.192551
vt 0.448044 0.177382
vt 0.447451 0.203479
vt 0.408907 0.053617
vt 0.405861 0.053966
vt 0.414912 0.054782
vt 0.478271 0.925975
vt 0.449689 0.773682
vt 0.476043 0.755696
vt 0.473565 0.836905
vt 0.553986 0.830920
vt 0.515855 0.729704
vt 0.413093 0.738161
vt 0.365101 0.958785
vt 0.364970 0.959550
vt 0.349137 0.951872
vt 0.424076 0.653709
vt 0.423764 0.076374
vt 0.420460 0.081885
vt 0.480962 0.683640
vt 0.473550 0.673070
vt 0.427611 0.686268
vt 0.428816 0.682832
vt 0.431169 0.685342
vt 0.406016 0.020058
vt 0.405887 0.019382
vt 0.412351 0.017073
vt 0.427093 0.695688
vt 0.431578 0.689961
vt 0.425072 0.700382
vt 0.422977 0.700155
vt 0.282147 0.858729
vt 0.555988 0.855368
vt 0.352636 0.947751
vt 0.350964 0.948959
vt 0.366293 0.673206
vt 0.374039 0.658942
vt 0.553617 0.855692
vt 0.420067 0.058243
vt 0.422057 0.060764
vt 0.421664 0.061213
vt 0.424073 0.066913
vt 0.423132 0.063943
vt 0.423548 0.063653
vt 0.374804 0.687277
vt 0.386963 0.685056
vt 0.546014 0.880388
vt 0.284321 0.855712
vt 0.444054 0.575882
vt 0.443553 0.575999
vt 0.443190 0.565424
vt 0.432947 0.674708
vt 0.440975 0.659463
vt 0.438630 0.668330
vt 0.434675 0.666765
vt 0.314243 0.917071
vt 0.306956 0.745137
vt 0.387943 0.765514
vt 0.404541 0.075931
vt 0.408442 0.052294
vt 0.408643 0.063363
vt 0.407799 0.075535
vt 0.417207 0.053542
vt 0.417940 0.064739
vt 0.417803 0.076904
vt 0.542239 0.892243
vt 0.476592 0.701178
vt 0.488809 0.704297
vt 0.495347 0.713671
vt 0.474201 0.695135
vt 0.445391 0.347290
vt 0.444944 0.347272
vt 0.444958 0.344073
vt 0.419893 0.649480
vt 0.399918 0.649893
vt 0.401642 0.643049
vt 0.451041 0.047375
vt 0.408684 0.042283
vt 0.310358 0.742100
vt 0.411960 0.053898
vt 0.451787 0.280330
vt 0.386488 0.686056
vt 0.441242 0.646389
vt 0.451910 0.333983
vt 0.422372 0.079313
vt 0.399474 0.585089
vt 0.398997 0.585130
vt 0.399293 0.574454
vt 0.397582 0.591046
vt 0.398760 0.593117
vt 0.397065 0.695056
vt 0.347218 0.701450
vt 0.344243 0.704975
vt 0.340935 0.705261
vt 0.377777 0.647252
vt 0.444020 0.641898
vt 0.402579 0.488154
vt 0.401698 0.515149
vt 0.403516 0.459836
vt 0.403039 0.459888
vt 0.350736 0.696160
vt 0.365182 0.692169
vt 0.442704 0.550859
vt 0.443723 0.565301
vt 0.399246 0.668420
vt 0.369277 0.671909
vt 0.557299 0.806211
vt 0.282881 0.806559
vt 0.281225 0.833971
vt 0.278964 0.834150
vt 0.405970 0.078847
vt 0.407914 0.081390
vt 0.446293 0.333911
vt 0.406453 0.060708
vt 0.406053 0.060331
vt 0.408012 0.057791
vt 0.404599 0.063234
vt 0.405019 0.063451
vt 0.404115 0.066427
vt 0.404326 0.676711
vt 0.389658 0.622699
vt 0.391670 0.615919
vt 0.384898 0.636408
vt 0.426014 0.064642
vt 0.426341 0.076691
vt 0.416685 0.063759
vt 0.416341 0.075793
vt 0.433019 0.029819
vt 0.437337 0.037914
vt 0.443458 0.029413
vt 0.447696 0.037535
vt 0.394494 0.063978
vt 0.394917 0.064259
vt 0.394042 0.067249
vt 0.396323 0.061497
vt 0.395920 0.061056
vt 0.397853 0.058491
vt 0.453990 0.344072
vt 0.453976 0.347272
vt 0.453549 0.347289
vt 0.433251 0.075548
vt 0.434155 0.072572
vt 0.434595 0.072765
vt 0.455408 0.702021
vt 0.430227 0.057763
vt 0.432193 0.060298
vt 0.431795 0.060676
vt 0.452397 0.336640
vt 0.405317 0.235093
vt 0.410660 0.235226
vt 0.383644 0.230168
vt 0.405035 0.075584
vt 0.403683 0.072804
vt 0.445333 0.325194
vt 0.483611 0.698455
vt 0.472934 0.690271
vt 0.417396 0.701142
vt 0.419442 0.698036
vt 0.492370 0.697273
vt 0.493775 0.698897
vt 0.492692 0.698493
vt 0.410403 0.055761
vt 0.446204 0.361495
vt 0.403182 0.085562
vt 0.400415 0.084127
vt 0.400803 0.083415
vt 0.425106 0.054257
vt 0.424912 0.054959
vt 0.422064 0.054085
vt 0.427554 0.056373
vt 0.427831 0.055739
vt 0.460754 0.687276
vt 0.474742 0.692077
vt 0.485164 0.698480
vt 0.456838 0.654375
vt 0.434336 0.691741
vt 0.416027 0.690978
vt 0.439876 0.452624
vt 0.439375 0.452750
vt 0.440859 0.480386
vt 0.441776 0.506904
vt 0.409276 0.086692
vt 0.409268 0.085924
vt 0.412213 0.085586
vt 0.529654 0.741822
vt 0.372349 0.930585
vt 0.406377 0.667825
vt 0.407417 0.662442
vt 0.384659 0.683406
vt 0.389834 0.678437
vt 0.434049 0.531023
vt 0.435181 0.551046
vt 0.453485 0.325306
vt 0.424583 0.073231
vt 0.423267 0.076099
vt 0.402930 0.054916
vt 0.400224 0.056434
vt 0.412371 0.086353
vt 0.415343 0.085426
vt 0.415050 0.084675
vt 0.417674 0.083226
vt 0.393463 0.609167
vt 0.398356 0.606575
vt 0.400437 0.539495
vt 0.400914 0.539441
vt 0.400269 0.559653
vt 0.401187 0.515202
vt 0.441580 0.584040
vt 0.443924 0.590659
vt 0.444559 0.594251
vt 0.443784 0.583955
vt 0.417651 0.056239
vt 0.411869 0.054706
vt 0.417381 0.056943
vt 0.414725 0.055554
vt 0.399375 0.688680
vt 0.419938 0.683171
vt 0.368605 0.957720
vt 0.393728 0.930535
vt 0.453563 0.344223
vt 0.434147 0.066388
vt 0.433236 0.063415
vt 0.433654 0.063197
vt 0.407367 0.697568
vt 0.399803 0.574408
vt 0.446761 0.356219
vt 0.446037 0.495957
vt 0.446037 0.499852
vt 0.444944 0.499163
vt 0.409505 0.707455
vt 0.418078 0.083930
vt 0.451809 0.336301
vt 0.446280 0.336226
vt 0.393673 0.073576
vt 0.394112 0.073445
vt 0.395052 0.076415
vt 0.445392 0.350410
vt 0.401862 0.018387
vt 0.401791 0.017764
vt 0.408499 0.016978
vt 0.402522 0.087496
vt 0.402126 0.694685
vt 0.396755 0.675177
vt 0.396528 0.669262
vt 0.393693 0.666964
vt 0.440630 0.589162
vt 0.441758 0.589172
vt 0.442832 0.595771
vt 0.436932 0.611575
vt 0.445048 0.606268
vt 0.446220 0.609100
vt 0.448031 0.615848
vt 0.416697 0.750986
vt 0.417096 0.786691
vt 0.384219 0.774414
vt 0.457545 0.097047
vt 0.457894 0.112768
vt 0.406999 0.101714
vt 0.407482 0.102206
vt 0.416058 0.085748
vt 0.389712 0.326495
vt 0.391440 0.342555
vt 0.395785 0.399322
vt 0.386859 0.285881
vt 0.415165 0.018238
vt 0.415222 0.017613
vt 0.421714 0.019847
vt 0.344598 0.713855
vt 0.351122 0.704452
vt 0.363326 0.701306
vt 0.354768 0.698606
vt 0.461470 0.650921
vt 0.373484 0.663694
vt 0.408526 0.656243
vt 0.429910 0.080682
vt 0.427589 0.082605
vt 0.422163 0.053346
vt 0.555026 0.793925
vt 0.552830 0.793758
vt 0.354474 0.796407
vt 0.404123 0.072610
vt 0.406370 0.021794
vt 0.435713 0.590564
vt 0.436842 0.590597
vt 0.438718 0.600735
vt 0.417477 0.064855
vt 0.408142 0.063500
vt 0.429929 0.673134
vt 0.474482 0.673423
vt 0.430799 0.425306
vt 0.430330 0.425201
vt 0.429305 0.397654
vt 0.336277 0.715678
vt 0.356947 0.734684
vt 0.452051 0.314201
vt 0.371446 0.113428
vt 0.370877 0.114056
vt 0.371030 0.098302
vt 0.371112 0.132400
vt 0.381065 0.112319
vt 0.380490 0.112866
vt 0.380798 0.097145
vt 0.380544 0.131175
vt 0.408389 0.080709
vt 0.410716 0.082626
vt 0.282214 0.846297
vt 0.279966 0.846446
vt 0.445405 0.344223
vt 0.403714 0.066349
vt 0.403798 0.069519
vt 0.350632 0.697403
vt 0.347442 0.701537
vt 0.396418 0.431394
vt 0.395924 0.431312
vt 0.396885 0.403085
vt 0.381347 0.693104
vt 0.453512 0.319221
vt 0.351883 0.702932
vt 0.413320 0.054974
vt 0.419115 0.053784
vt 0.416166 0.054092
vt 0.403134 0.055684
vt 0.408916 0.054434
vt 0.405971 0.054772
vt 0.378953 0.287341
vt 0.442248 0.643080
vt 0.439870 0.649842
vt 0.357643 0.756319
vt 0.382218 0.328139
vt 0.432791 0.480700
vt 0.394530 0.487978
vt 0.415759 0.667535
vt 0.444944 0.400873
vt 0.445438 0.393524
vt 0.445438 0.408206
vt 0.444109 0.597474
vt 0.539111 0.780827
vt 0.451615 0.669671
vt 0.466959 0.665878
vt 0.433452 0.667791
vt 0.445129 0.393524
vt 0.445914 0.392932
vt 0.378474 0.647295
vt 0.380612 0.639590
vt 0.317089 0.731928
vt 0.451978 0.285798
vt 0.381546 0.083323
vt 0.511089 0.867167
vt 0.529209 0.816629
vt 0.472305 0.689201
vt 0.420018 0.751647
vt 0.453550 0.350410
vt 0.398207 0.059082
vt 0.400510 0.057132
vt 0.421184 0.697497
vt 0.389426 0.024284
vt 0.395350 0.020141
vt 0.450268 0.638810
vt 0.453274 0.646408
vt 0.444068 0.286613
vt 0.435749 0.584056
vt 0.436265 0.584143
vt 0.390694 0.592824
vt 0.391237 0.592890
vt 0.488454 0.699304
vt 0.491420 0.703577
vt 0.490310 0.701140
vt 0.505886 0.718227
vt 0.477338 0.683031
vt 0.451700 0.629415
vt 0.424142 0.073109
vt 0.383019 0.632229
vt 0.385123 0.625090
vt 0.446514 0.314119
vt 0.417164 0.704656
vt 0.496441 0.701946
vt 0.449264 0.325953
vt 0.443819 0.399245
vt 0.370420 0.666383
vt 0.372867 0.665997
vt 0.341959 0.702835
vt 0.404467 0.431571
vt 0.535798 0.756170
vt 0.533838 0.755905
vt 0.381899 0.643550
vt 0.427052 0.714160
vt 0.500057 0.727257
vt 0.443249 0.550732
vt 0.442087 0.530936
vt 0.442586 0.530810
vt 0.419977 0.081276
vt 0.398457 0.081517
vt 0.457888 0.131077
vt 0.448277 0.113191
vt 0.447752 0.142533
vt 0.448451 0.131535
vt 0.448376 0.153167
vt 0.418887 0.947265
vt 0.469408 0.666258
vt 0.446587 0.230754
vt 0.455047 0.230077
vt 0.425842 0.233679
vt 0.445059 0.450929
vt 0.426164 0.684112
vt 0.445429 0.415381
vt 0.444944 0.422649
vt 0.444944 0.408206
vt 0.447697 0.631505
vt 0.436261 0.676268
vt 0.355815 0.690713
vt 0.323117 0.931594
vt 0.343616 0.702217
vt 0.429881 0.058290
vt 0.324554 0.928874
vt 0.375188 0.231553
vt 0.431188 0.233503
vt 0.425744 0.053329
vt 0.425233 0.053062
vt 0.425034 0.042715
vt 0.445401 0.473597
vt 0.444944 0.473313
vt 0.445401 0.462929
vt 0.416519 0.052213
vt 0.394973 0.459577
vt 0.431338 0.452837
vt 0.397380 0.403167
vt 0.398819 0.346679
vt 0.481575 0.710692
vt 0.456330 0.706527
vt 0.452280 0.696642
vt 0.526227 0.916802
vt 0.515947 0.928632
vt 0.425810 0.076809
vt 0.415835 0.075834
vt 0.472036 0.688343
vt 0.478550 0.691518
vt 0.481277 0.685035
vt 0.387442 0.629493
vt 0.388036 0.629495
vt 0.389633 0.629495
vt 0.322417 0.727164
vt 0.326800 0.720231
vt 0.398860 0.606547
vt 0.395031 0.602454
vt 0.300957 0.755891
vt 0.348479 0.696980
vt 0.293834 0.769082
vt 0.290781 0.771986
vt 0.297741 0.758833
vt 0.287628 0.867997
vt 0.298167 0.892552
vt 0.418170 0.089341
vt 0.419079 0.103396
vt 0.407425 0.088033
vt 0.281609 0.818849
vt 0.539091 0.755589
vt 0.546248 0.768762
vt 0.285122 0.794267
vt 0.548145 0.879954
vt 0.350017 0.712117
vt 0.393947 0.709232
vt 0.403389 0.064222
vt 0.555524 0.843364
vt 0.399184 0.594925
vt 0.444286 0.583843
vt 0.285575 0.870997
vt 0.524448 0.917506
vt 0.514283 0.929456
vt 0.336398 0.725789
vt 0.351855 0.722864
vt 0.441974 0.427636
vt 0.552713 0.867661
vt 0.445341 0.741270
vt 0.387843 0.741915
vt 0.519303 0.728518
vt 0.282261 0.843426
vt 0.540225 0.892753
vt 0.558016 0.843077
vt 0.296363 0.895481
vt 0.432860 0.536987
vt 0.434073 0.571960
vt 0.550464 0.868034
vt 0.424950 0.084025
vt 0.282342 0.797199
vt 0.391018 0.676250
vt 0.432107 0.031802
vt 0.421861 0.078861
vt 0.477383 0.690758
vt 0.405950 0.694148
vt 0.402841 0.696082
vt 0.431818 0.078291
vt 0.417009 0.709310
vt 0.416951 0.725239
vt 0.347596 0.697372
vt 0.435516 0.576095
vt 0.390931 0.584830
vt 0.432425 0.485667
vt 0.433468 0.485673
vt 0.433497 0.512747
vt 0.429144 0.673732
vt 0.441243 0.507032
vt 0.488108 0.722693
vt 0.503570 0.725580
vt 0.502988 0.737480
vt 0.409352 0.738378
vt 0.438868 0.424988
vt 0.437340 0.397574
vt 0.440112 0.567245
vt 0.440900 0.581250
vt 0.434979 0.568642
vt 0.435905 0.582669
vt 0.390344 0.627346
vt 0.450913 0.300357
vt 0.423459 0.696505
vt 0.452294 0.629411
vt 0.454857 0.636319
vt 0.448643 0.619746
vt 0.450061 0.622622
vt 0.432200 0.260437
vt 0.433208 0.287671
vt 0.413359 0.084040
vt 0.396520 0.079145
vt 0.406476 0.078323
vt 0.445534 0.429572
vt 0.445025 0.429736
vt 0.444944 0.422649
vt 0.409188 0.705453
vt 0.442895 0.937239
vt 0.393639 0.067109
vt 0.424472 0.066764
vt 0.434548 0.066310
vt 0.393719 0.583141
vt 0.394255 0.572487
vt 0.444998 0.378855
vt 0.445915 0.378176
vt 0.358601 0.685181
vt 0.398711 0.581304
vt 0.399352 0.570677
vt 0.390467 0.620215
vt 0.457874 0.643454
vt 0.382242 0.965235
vt 0.409361 0.702207
vt 0.410087 0.699281
vt 0.400461 0.968726
vt 0.419139 0.969818
vt 0.437788 0.968308
vt 0.455924 0.964411
vt 0.473064 0.958341
vt 0.419066 0.016356
vt 0.488722 0.950311
vt 0.474422 0.957051
vt 0.457198 0.962937
vt 0.502416 0.940537
vt 0.336555 0.939787
vt 0.441787 0.326286
vt 0.437029 0.400359
vt 0.399897 0.329777
vt 0.399922 0.023458
vt 0.434863 0.069534
vt 0.369554 0.666664
vt 0.402772 0.672571
vt 0.390491 0.037607
vt 0.394707 0.029475
vt 0.444944 0.473597
vt 0.445397 0.474063
vt 0.444944 0.484067
vt 0.425547 0.043101
vt 0.408363 0.690523
vt 0.442908 0.650405
vt 0.358361 0.710842
vt 0.444539 0.633851
vt 0.437843 0.397441
vt 0.434685 0.327187
vt 0.383393 0.963030
vt 0.366152 0.957188
vt 0.401604 0.966691
vt 0.419727 0.058841
vt 0.420301 0.967964
vt 0.350378 0.949372
vt 0.335228 0.942407
vt 0.438995 0.966644
vt 0.425783 0.017056
vt 0.432252 0.019349
vt 0.438228 0.023410
vt 0.427730 0.023856
vt 0.390635 0.613221
vt 0.390138 0.613165
vt 0.331020 0.731909
vt 0.425441 0.034348
vt 0.384271 0.030364
vt 0.397674 0.427706
vt 0.417010 0.043314
vt 0.398002 0.620322
vt 0.444671 0.626167
vt 0.444944 0.443991
vt 0.445416 0.436991
vt 0.445416 0.450885
vt 0.443054 0.059057
vt 0.453205 0.058766
vt 0.391821 0.658235
vt 0.514018 0.909585
vt 0.410682 0.056394
vt 0.416985 0.052553
vt 0.459219 0.691509
vt 0.453717 0.654405
vt 0.440160 0.456038
vt 0.433929 0.457223
vt 0.444293 0.604417
vt 0.444944 0.611393
vt 0.464339 0.722121
vt 0.396357 0.595793
vt 0.399123 0.456090
vt 0.399939 0.484476
vt 0.392895 0.457682
vt 0.424819 0.069991
vt 0.403407 0.069574
vt 0.393364 0.070343
vt 0.423685 0.702063
vt 0.408360 0.058317
vt 0.400738 0.684138
vt 0.429773 0.397762
vt 0.427096 0.326795
vt 0.444635 0.602391
vt 0.439323 0.535730
vt 0.433879 0.537077
vt 0.400247 0.511495
vt 0.400168 0.535780
vt 0.453567 0.353462
vt 0.445332 0.316362
vt 0.445276 0.313950
vt 0.445434 0.341324
vt 0.445476 0.338703
vt 0.453428 0.328413
vt 0.444956 0.364169
vt 0.444958 0.361392
vt 0.453106 0.286030
vt 0.453107 0.288524
vt 0.444947 0.269231
vt 0.444949 0.267096
vt 0.394587 0.557740
vt 0.453107 0.375701
vt 0.453104 0.378176
vt 0.444978 0.336361
vt 0.399829 0.555963
vt 0.445361 0.319109
vt 0.444944 0.277387
vt 0.444944 0.274479
vt 0.444944 0.280352
vt 0.453348 0.331395
vt 0.453111 0.370065
vt 0.444944 0.283268
vt 0.444948 0.372958
vt 0.444951 0.370058
vt 0.453106 0.271727
vt 0.453105 0.274479
vt 0.453114 0.367100
vt 0.444946 0.375695
vt 0.445528 0.336474
vt 0.453597 0.356325
vt 0.444949 0.290649
vt 0.444947 0.288524
vt 0.453108 0.269231
vt 0.453116 0.364176
vt 0.444945 0.286030
vt 0.453120 0.358883
vt 0.453118 0.361399
vt 0.453639 0.358876
vt 0.453686 0.336473
vt 0.445096 0.334012
vt 0.445197 0.331283
vt 0.390740 0.649992
vt 0.458478 0.718475
vt 0.368422 0.723194
vt 0.390180 0.634630
vt 0.390257 0.642151
vt 0.444419 0.608808
vt 0.453941 0.325377
vt 0.444944 0.350527
vt 0.436672 0.640648
vt 0.435680 0.648643
vt 0.444536 0.618749
vt 0.444438 0.611504
vt 0.406480 0.855501
vt 0.426838 0.855559
vt 0.426392 0.843652
vt 0.414863 0.831225
vt 0.413610 0.867863
vt 0.418419 0.831728
vt 0.408811 0.290673
vt 0.409757 0.262783
vt 0.392959 0.591088
vt 0.419761 0.867453
vt 0.425629 0.819191
vt 0.407659 0.818604
vt 0.414471 0.843534
vt 0.432314 0.688336
vt 0.444960 0.247262
vt 0.452846 0.100103
vt 0.452620 0.118547
vt 0.413138 0.879872
vt 0.444965 0.240660
vt 0.452532 0.254022
vt 0.452521 0.137251
vt 0.452623 0.155713
vt 0.452851 0.173469
vt 0.424498 0.722562
vt 0.445543 0.082345
vt 0.416840 0.706019
vt 0.415580 0.806348
vt 0.453128 0.190053
vt 0.417734 0.806848
vt 0.427872 0.878651
vt 0.453377 0.204999
vt 0.452526 0.260698
vt 0.444971 0.234476
vt 0.423647 0.233691
vt 0.403114 0.234997
vt 0.412638 0.891769
vt 0.445790 0.065917
vt 0.428465 0.889812
vt 0.417459 0.793905
vt 0.408329 0.793430
vt 0.424498 0.735900
vt 0.424527 0.750807
vt 0.431154 0.683798
vt 0.424723 0.702596
vt 0.416399 0.704281
vt 0.445946 0.217959
vt 0.445933 0.051270
vt 0.412107 0.903547
vt 0.424929 0.696876
vt 0.421540 0.900946
vt 0.417009 0.027148
vt 0.452521 0.267069
vt 0.424932 0.026925
vt 0.444976 0.228974
vt 0.424803 0.780271
vt 0.424627 0.766019
vt 0.422688 0.207163
vt 0.404022 0.207888
vt 0.402794 0.937371
vt 0.453589 0.228758
vt 0.403974 0.914918
vt 0.453576 0.038414
vt 0.429809 0.911305
vt 0.446013 0.026956
vt 0.422995 0.921876
vt 0.410953 0.926723
vt 0.408908 0.766679
vt 0.408627 0.780330
vt 0.417360 0.034067
vt 0.409360 0.033371
vt 0.416763 0.042085
vt 0.409138 0.752320
vt 0.377384 0.655265
vt 0.425591 0.684013
vt 0.398103 0.648727
vt 0.420209 0.136923
vt 0.406387 0.136259
vt 0.424931 0.685467
vt 0.427651 0.118027
vt 0.396825 0.678274
vt 0.453109 0.267096
vt 0.453130 0.336474
vt 0.444944 0.378169
vt 0.453592 0.341323
vt 0.453634 0.338703
vt 0.445277 0.328301
vt 0.453483 0.316474
vt 0.453428 0.314062
vt 0.445408 0.353462
vt 0.453104 0.277387
vt 0.453104 0.280352
vt 0.444945 0.271727
vt 0.445439 0.356325
vt 0.453105 0.283268
vt 0.453109 0.290649
vt 0.444953 0.367093
vt 0.453109 0.372965
vt 0.453248 0.334124
vt 0.445481 0.358876
vt 0.444960 0.358876
vt 0.444944 0.436991
vt 0.638101 0.207688
vt 0.638070 0.833796
vt 0.636708 0.996592
vt 0.697508 0.514583
vt 0.692934 0.482719
vt 0.697524 0.182338
vt 0.642738 0.482678
vt 0.640997 0.182021
vt 0.631668 0.157562
vt 0.572249 0.862211
vt 0.572531 0.157562
vt 0.640964 0.850654
vt 0.642867 0.996586
vt 0.673567 0.187289
vt 0.681311 0.158150
vt 0.638106 0.090994
vt 0.692752 0.002979
vt 0.699024 0.996394
vt 0.673534 0.855889
vt 0.697485 0.996509
vt 0.896636 0.275035
vt 0.857641 0.332878
vt 0.856817 0.273894
vt 0.743290 0.995755
vt 0.703892 0.995686
vt 0.743832 0.090662
vt 0.640998 0.165409
vt 0.634830 0.002983
vt 0.780355 0.090188
vt 0.786354 0.991938
vt 0.746957 0.991807
vt 0.745660 0.991177
vt 0.813101 0.274213
vt 0.851829 0.333955
vt 0.812435 0.333549
vt 0.704402 0.002724
vt 0.662055 0.160135
vt 0.662053 0.187289
vt 0.652720 0.173712
vt 0.810660 0.135909
vt 0.815079 0.271638
vt 0.810257 0.271683
vt 0.667810 0.188448
vt 0.806066 0.000050
vt 0.800464 0.135850
vt 0.800763 0.000069
vt 0.682289 0.513082
vt 0.692932 0.537678
vt 0.694595 0.834108
vt 0.667794 0.524954
vt 0.681657 0.807016
vt 0.689320 0.849710
vt 0.836367 0.000016
vt 0.841837 0.135772
vt 0.836116 0.135789
vt 0.795078 0.135900
vt 0.800462 0.271700
vt 0.794592 0.271681
vt 0.678449 0.832005
vt 0.667777 0.857048
vt 0.662020 0.855889
vt 0.831317 0.135909
vt 0.826588 0.271638
vt 0.826472 0.135866
vt 0.806065 0.135900
vt 0.805942 0.271681
vt 0.847509 0.000016
vt 0.847625 0.135789
vt 0.973176 0.008843
vt 0.973910 0.009091
vt 0.972800 0.009140
vt 0.970653 0.036293
vt 0.970291 0.036227
vt 0.971009 0.035708
vt 0.648911 0.523323
vt 0.902138 0.271634
vt 0.910273 0.135855
vt 0.910507 0.271639
vt 0.653896 0.504688
vt 0.653300 0.513082
vt 0.878735 0.000035
vt 0.886870 0.135830
vt 0.878456 0.135824
vt 0.831281 0.000000
vt 0.826979 0.135831
vt 0.827102 0.000050
vt 0.975091 0.013580
vt 0.975304 0.014809
vt 0.974203 0.021309
vt 0.956412 0.022841
vt 0.955673 0.014713
vt 0.957151 0.026023
vt 0.982099 0.012025
vt 0.981826 0.016507
vt 0.980896 0.024581
vt 0.986836 0.014766
vt 0.986664 0.022925
vt 0.986697 0.013139
vt 0.964880 0.037570
vt 0.965160 0.038057
vt 0.964700 0.037671
vt 0.991288 0.026668
vt 0.991469 0.026602
vt 0.992207 0.027505
vt 0.981843 0.028399
vt 0.981576 0.025091
vt 0.982274 0.030174
vt 0.988317 0.046436
vt 0.987892 0.044396
vt 0.988100 0.044378
vt 0.966550 0.024025
vt 0.966150 0.025661
vt 0.966339 0.022383
vt 0.971394 0.011603
vt 0.972514 0.027407
vt 0.972536 0.030701
vt 0.980221 0.033219
vt 0.979970 0.034918
vt 0.980052 0.033150
vt 0.969730 0.035786
vt 0.969923 0.035708
vt 0.969652 0.037372
vt 0.966736 0.011244
vt 0.966439 0.010710
vt 0.977018 0.010465
vt 0.977119 0.026690
vt 0.976981 0.010429
vt 0.954567 0.008942
vt 0.954953 0.009385
vt 0.954695 0.009350
vt 0.970359 0.036569
vt 0.970232 0.037428
vt 0.975595 0.010677
vt 0.975242 0.011685
vt 0.975352 0.010546
vt 0.985110 0.018402
vt 0.985591 0.026394
vt 0.985428 0.024767
vt 0.986284 0.029603
vt 0.986005 0.023156
vt 0.986282 0.026346
vt 0.980455 0.035795
vt 0.980496 0.034890
vt 0.980663 0.035804
vt 0.956309 0.036898
vt 0.955703 0.035747
vt 0.956734 0.036867
vt 0.974474 0.038105
vt 0.974060 0.037781
vt 0.974286 0.037550
vt 0.963547 0.038437
vt 0.963034 0.038017
vt 0.963246 0.037209
vt 0.863520 0.000048
vt 0.868918 0.135824
vt 0.863422 0.135837
vt 0.971767 0.036662
vt 0.971754 0.035708
vt 0.971844 0.035904
vt 0.983280 0.012530
vt 0.983058 0.010972
vt 0.983287 0.010737
vt 0.978388 0.009776
vt 0.978995 0.009597
vt 0.978284 0.010177
vt 0.980086 0.008790
vt 0.980750 0.008983
vt 0.979327 0.009254
vt 0.984511 0.011830
vt 0.984511 0.010221
vt 0.984655 0.010136
vt 0.972033 0.037087
vt 0.972240 0.036168
vt 0.987303 0.024528
vt 0.986948 0.013171
vt 0.984104 0.008938
vt 0.984442 0.009461
vt 0.983906 0.009040
vt 0.918638 0.355752
vt 0.905657 0.330433
vt 0.925193 0.336730
vt 0.915167 0.271665
vt 0.914787 0.135881
vt 0.974595 0.037204
vt 0.975034 0.036916
vt 0.974634 0.038125
vt 0.973022 0.031094
vt 0.974965 0.018096
vt 0.956015 0.016305
vt 0.957607 0.035627
vt 0.958016 0.035669
vt 0.956983 0.037021
vt 0.977695 0.009093
vt 0.977937 0.008790
vt 0.977976 0.009021
vt 0.972613 0.038620
vt 0.972402 0.038715
vt 0.972624 0.037891
vt 0.972329 0.039537
vt 0.972750 0.039359
vt 0.977146 0.010688
vt 0.977549 0.010884
vt 0.977468 0.016824
vt 0.966102 0.038839
vt 0.966499 0.038044
vt 0.966514 0.039146
vt 0.980776 0.027891
vt 0.981369 0.026308
vt 0.980798 0.029529
vt 0.966252 0.038097
vt 0.966138 0.037664
vt 0.966736 0.037181
vt 0.965714 0.038535
vt 0.965850 0.038077
vt 0.983386 0.014543
vt 0.983709 0.017007
vt 0.983512 0.021855
vt 0.988085 0.036945
vt 0.990553 0.012876
vt 0.990485 0.011467
vt 0.990884 0.011263
vt 0.969460 0.037333
vt 0.969633 0.038738
vt 0.969561 0.038976
vt 0.969408 0.038809
vt 0.984031 0.032792
vt 0.984501 0.033142
vt 0.983912 0.032966
vt 0.964761 0.040134
vt 0.965230 0.039752
vt 0.965506 0.039609
vt 0.981185 0.032707
vt 0.982097 0.031494
vt 0.981450 0.032760
vt 0.983337 0.032657
vt 0.983952 0.033147
vt 0.978878 0.009189
vt 0.979187 0.009111
vt 0.989959 0.009312
vt 0.988625 0.009220
vt 0.988593 0.009014
vt 0.821499 0.135850
vt 0.955084 0.012832
vt 0.955412 0.011349
vt 0.955195 0.013486
vt 0.962490 0.011768
vt 0.962802 0.011581
vt 0.962672 0.011968
vt 0.926386 0.283290
vt 0.898331 0.288719
vt 0.920491 0.273968
vt 0.894433 0.271670
vt 0.889514 0.135860
vt 0.894053 0.135886
vt 0.662022 0.828867
vt 0.667779 0.827708
vt 0.673536 0.828867
vt 0.863758 0.135898
vt 0.857977 0.271674
vt 0.858256 0.135885
vt 0.653880 0.836782
vt 0.652687 0.842378
vt 0.682869 0.842378
vt 0.904527 -0.000000
vt 0.898949 0.135794
vt 0.899072 0.000010
vt 0.970684 0.037009
vt 0.970537 0.036712
vt 0.974807 0.010311
vt 0.974836 0.009793
vt 0.975005 0.010305
vt 0.869123 0.271674
vt 0.869046 0.135885
vt 0.900663 0.306422
vt 0.923930 0.322800
vt 0.898331 0.317321
vt 0.910135 0.135794
vt 0.909901 0.000010
vt 0.986430 0.048708
vt 0.987009 0.042763
vt 0.986620 0.048693
vt 0.958748 0.038392
vt 0.958378 0.037377
vt 0.958763 0.037290
vt 0.982699 0.011115
vt 0.982856 0.010950
vt 0.979488 0.018853
vt 0.978852 0.017304
vt 0.978321 0.014889
vt 0.982566 0.029533
vt 0.982540 0.031029
vt 0.982045 0.026673
vt 0.982274 0.031600
vt 0.982315 0.032327
vt 0.982016 0.032470
vt 0.985475 0.032179
vt 0.985464 0.030943
vt 0.985858 0.030447
vt 0.984987 0.032910
vt 0.984590 0.032600
vt 0.985512 0.032452
vt 0.966486 0.010154
vt 0.965978 0.009521
vt 0.977545 0.009474
vt 0.977718 0.010445
vt 0.977349 0.010526
vt 0.987265 0.029485
vt 0.987468 0.029478
vt 0.987472 0.030987
vt 0.699073 0.003164
vt 0.701100 0.003624
vt 0.987000 0.010270
vt 0.987393 0.010269
vt 0.986854 0.011548
vt 0.984703 0.009545
vt 0.984967 0.009416
vt 0.985019 0.009914
vt 0.904226 0.298041
vt 0.914890 0.300310
vt 0.992160 0.013736
vt 0.991146 0.020262
vt 0.991907 0.012068
vt 0.963103 0.009451
vt 0.962964 0.009290
vt 0.963422 0.009003
vt 0.955148 0.010550
vt 0.955519 0.010454
vt 0.978992 0.009976
vt 0.987875 0.034566
vt 0.988411 0.033715
vt 0.988005 0.035110
vt 0.966637 0.035680
vt 0.966519 0.036581
vt 0.966459 0.035837
vt 0.966468 0.033735
vt 0.965547 0.030949
vt 0.965417 0.029295
vt 0.657124 0.499911
vt 0.662038 0.496773
vt 0.847921 0.271638
vt 0.852650 0.135909
vt 0.852923 0.271683
vt 0.955234 0.036067
vt 0.955053 0.034064
vt 0.955460 0.036065
vt 0.965356 0.030987
vt 0.963168 0.018026
vt 0.962578 0.012992
vt 0.962692 0.016445
vt 0.962279 0.011982
vt 0.963039 0.037203
vt 0.973451 0.029503
vt 0.984883 0.010944
vt 0.971963 0.037822
vt 0.971619 0.037607
vt 0.971850 0.037348
vt 0.971845 0.038631
vt 0.971936 0.039584
vt 0.971728 0.039569
vt 0.972133 0.009743
vt 0.971628 0.011170
vt 0.971747 0.010070
vt 0.973482 0.009320
vt 0.980801 0.009208
vt 0.979817 0.009428
vt 0.979569 0.009349
vt 0.983430 0.010705
vt 0.983196 0.010327
vt 0.983545 0.009964
vt 0.965393 0.038856
vt 0.964976 0.039406
vt 0.965190 0.038826
vt 0.965048 0.037476
vt 0.965592 0.038832
vt 0.964588 0.038478
vt 0.963980 0.037624
vt 0.964171 0.037555
vt 0.974120 0.038335
vt 0.974274 0.038137
vt 0.682902 0.173712
vt 0.681709 0.179342
vt 0.884107 0.135850
vt 0.878495 0.271643
vt 0.878618 0.135860
vt 0.966135 0.011076
vt 0.965575 0.010096
vt 0.966013 0.010246
vt 0.964806 0.008956
vt 0.965192 0.009642
vt 0.964271 0.009187
vt 0.957030 0.036711
vt 0.956523 0.037353
vt 0.895588 0.336405
vt 0.857120 0.335067
vt 0.568838 0.003986
vt 0.570997 0.003548
vt 0.743494 0.000444
vt 0.704569 0.000000
vt 0.638888 0.000000
vt 0.638351 0.001678
vt 0.577344 0.003372
vt 0.630361 -0.000000
vt 0.631126 0.001057
vt 0.748379 0.002461
vt 0.745156 0.136419
vt 0.747081 0.003006
vt 0.851440 0.336528
vt 0.812929 0.337166
vt 0.971260 0.014328
vt 0.971260 0.011382
vt 0.977231 0.035415
vt 0.976981 0.034066
vt 0.977338 0.034781
vt 0.972708 0.036302
vt 0.972433 0.035955
vt 0.972552 0.035708
vt 0.972804 0.037276
vt 0.972820 0.037895
vt 0.955376 0.013489
vt 0.955619 0.012022
vt 0.975637 0.012940
vt 0.975245 0.012932
vt 0.975447 0.011917
vt 0.901126 0.333809
vt 0.898331 0.346794
vt 0.898331 0.338647
vt 0.981033 0.023536
vt 0.981023 0.025227
vt 0.979323 0.017207
vt 0.978834 0.014808
vt 0.970074 0.038068
vt 0.970428 0.037686
vt 0.970489 0.038292
vt 0.981929 0.010118
vt 0.981669 0.009287
vt 0.982094 0.010003
vt 0.980412 0.033301
vt 0.980663 0.034906
vt 0.980091 0.034846
vt 0.980286 0.034865
vt 0.974709 0.009438
vt 0.973714 0.009572
vt 0.971260 0.035844
vt 0.970827 0.036386
vt 0.697490 0.998683
vt 0.576947 0.997007
vt 0.630354 1.000000
vt 0.572062 0.999105
vt 0.744511 0.995772
vt 0.745020 0.002705
vt 0.678466 0.499911
vt 0.694611 0.502014
vt 0.681693 0.504688
vt 0.831993 0.135909
vt 0.836412 0.271638
vt 0.831590 0.271683
vt 0.667812 0.158976
vt 0.820800 0.271622
vt 0.991529 0.023570
vt 0.991119 0.024815
vt 0.991408 0.021923
vt 0.985085 0.010364
vt 0.987126 0.009691
vt 0.987515 0.009575
vt 0.962695 0.009989
vt 0.962599 0.009824
vt 0.962359 0.011093
vt 0.962103 0.011968
vt 0.962352 0.010375
vt 0.702947 0.998213
vt 0.703223 0.996372
vt 0.816115 0.000050
vt 0.821798 0.000068
vt 0.990030 0.010223
vt 0.990123 0.009718
vt 0.990458 0.011045
vt 0.990603 0.010754
vt 0.966147 0.035088
vt 0.966327 0.033772
vt 0.787777 0.002487
vt 0.748976 0.001126
vt 0.787477 0.000087
vt 0.986147 0.031066
vt 0.987072 0.030980
vt 0.873582 0.271670
vt 0.978867 0.013973
vt 0.978379 0.012828
vt 0.978577 0.011350
vt 0.978180 0.012837
vt 0.978043 0.011081
vt 0.978265 0.010747
vt 0.965708 0.038616
vt 0.965003 0.037181
vt 0.984826 0.013530
vt 0.985206 0.012038
vt 0.985205 0.016777
vt 0.963382 0.009942
vt 0.963255 0.009587
vt 0.969758 0.038156
vt 0.983639 0.033122
vt 0.981127 0.032982
vt 0.975062 0.039083
vt 0.974796 0.038394
vt 0.975784 0.039131
vt 0.969325 0.037380
vt 0.969587 0.037939
vt 0.969325 0.038272
vt 0.990976 0.012975
vt 0.990675 0.014169
vt 0.977437 0.037450
vt 0.977859 0.037127
vt 0.977641 0.037454
vt 0.972428 0.009993
vt 0.972535 0.009576
vt 0.957904 0.035323
vt 0.957991 0.033694
vt 0.972646 0.033904
vt 0.972683 0.035645
vt 0.972284 0.035679
vt 0.987621 0.029474
vt 0.987713 0.030951
vt 0.981210 0.023007
vt 0.980715 0.026225
vt 0.987141 0.032593
vt 0.987424 0.032236
vt 0.987329 0.032671
vt 0.987216 0.032223
vt 0.982664 0.012416
vt 0.982465 0.011580
vt 0.982699 0.011756
vt 0.982276 0.013261
vt 0.982370 0.014917
vt 0.957450 0.037014
vt 0.955643 0.016362
vt 0.955166 0.014725
vt 0.974662 0.023035
vt 0.980877 0.030941
vt 0.980310 0.032160
vt 0.980450 0.029502
vt 0.983642 0.009538
vt 0.983356 0.009255
vt 0.983579 0.009369
vt 0.982953 0.023512
vt 0.983177 0.014551
vt 0.982978 0.029646
vt 0.983328 0.026750
vt 0.983380 0.029660
vt 0.983015 0.025121
vt 0.983122 0.026749
vt 0.958062 0.030801
vt 0.958336 0.033661
vt 0.965930 0.033842
vt 0.987632 0.009230
vt 0.987719 0.009669
vt 0.632616 0.997024
vt 0.634781 0.003343
vt 0.634383 0.997018
vt 0.633673 0.002057
vt 0.632190 0.000359
vt 0.701100 0.995626
vt 0.703102 0.003328
vt 0.988213 0.035128
vt 0.982999 0.031404
vt 0.982699 0.031661
vt 0.982822 0.031144
vt 0.983376 0.031524
vt 0.983223 0.031722
vt 0.984058 0.032596
vt 0.964817 0.038198
vt 0.974533 0.038655
vt 0.962791 0.038618
vt 0.962868 0.037242
vt 0.972240 0.037209
vt 0.972592 0.037025
vt 0.972402 0.037282
vt 0.626544 0.997027
vt 0.986284 0.011670
vt 0.986864 0.010089
vt 0.971426 0.038590
vt 0.971632 0.039722
vt 0.987193 0.046351
vt 0.972328 0.030712
vt 0.972759 0.034192
vt 0.972401 0.034363
vt 0.982529 0.045665
vt 0.982508 0.037778
vt 0.982699 0.043732
vt 0.981982 0.042700
vt 0.982267 0.035744
vt 0.810910 -0.000000
vt 0.815629 0.135831
vt 0.810257 0.135779
vt 0.966643 0.040394
vt 0.966189 0.040220
vt 0.966335 0.039995
vt 0.966026 0.039530
vt 0.986284 0.032847
vt 0.986686 0.032842
vt 0.986587 0.034766
vt 0.971332 0.010915
vt 0.873582 0.271637
vt 0.636622 0.000692
vt 0.636757 0.002966
vt 0.914795 0.135820
vt 0.681677 0.836782
vt 0.787576 0.991897
vt 0.788999 0.002445
vt 0.789220 0.991722
vt 0.856115 0.333225
vt 0.854933 0.334865
vt 0.789873 -0.000000
vt 0.794594 0.135831
vt 0.789220 0.135779
vt 0.977531 0.028315
vt 0.810244 0.135850
vt 0.852354 0.000059
vt 0.920412 0.302577
vt 0.926262 0.311900
vt 0.909816 0.300310
vt 0.894061 0.135820
vt 0.904182 0.326644
vt 0.914777 0.328912
vt 0.852923 0.271637
vt 0.889747 0.271643
vt 0.884163 0.271634
vt 0.977253 0.033595
vt 0.977449 0.034291
vt 0.977173 0.033990
vt 0.988216 0.008790
vt 0.988944 0.008821
vt 0.976980 0.037557
vt 0.976657 0.037794
vt 0.976657 0.036370
vt 0.977313 0.037066
vt 0.977308 0.036104
vt 0.977522 0.036332
vt 0.977736 0.036727
vt 0.815329 0.135866
vt 0.820868 0.135850
vt 0.900649 0.277816
vt 0.909827 0.271700
vt 0.842133 0.271622
vt 0.836663 0.135866
vt 0.842201 0.135850
vt 0.916775 0.329639
vt 0.570901 0.001572
vt 0.980622 0.031802
vt 0.981016 0.032165
vt 0.980835 0.032074
vt 0.965113 0.039554
vt 0.964588 0.039876
vt 0.962822 0.013548
vt 0.963528 0.017971
vt 0.963371 0.017993
vt 0.700275 0.001725
vt 0.924068 0.294193
vt 0.831696 0.000059
vt 0.789873 0.135850
vt 0.985625 0.019973
vt 0.857706 0.135824
vt 0.857985 0.000035
vt 0.909317 0.300310
vt 0.852490 0.274628
vt 0.813459 0.271700
vt 0.852382 0.273103
vt 0.743685 0.001417
vt 0.745156 0.000479
vt 0.981706 0.010493
vt 0.984843 0.010026
vt 0.965996 0.033970
vt 0.966356 0.028947
vt 0.966165 0.034044
vt 0.983361 0.032227
vt 0.983027 0.031817
vt 0.977810 0.021762
vt 0.977780 0.025037
vt 0.975008 0.009499
vt 0.975228 0.009927
vt 0.954962 0.009815
vt 0.955302 0.009616
vt 0.955227 0.010068
vt 0.962715 0.010482
vt 0.977661 0.035600
vt 0.977459 0.035634
vt 0.852627 0.135787
vt 0.653913 0.168082
vt 0.657141 0.163281
vt 0.965708 0.038080
vt 0.983648 0.026785
vt 0.983131 0.009928
vt 0.971983 0.036056
vt 0.926350 0.344794
vt 0.923169 0.352376
vt 0.894709 0.135881
vt 0.902171 0.135850
vt 0.988413 0.047497
vt 0.988565 0.047674
vt 0.991695 0.026628
vt 0.991879 0.026635
vt 0.992089 0.027145
vt 0.991801 0.026396
vt 0.975784 0.035872
vt 0.974946 0.036420
vt 0.975655 0.035708
vt 0.971681 0.037094
vt 0.979338 0.008874
vt 0.966711 0.024022
vt 0.966515 0.034206
vt 0.966355 0.034128
vt 0.982991 0.009804
vt 0.970755 0.037897
vt 0.970623 0.037778
vt 0.970690 0.039024
vt 0.971260 0.039730
vt 0.971034 0.040097
vt 0.957507 0.035402
vt 0.957152 0.029265
vt 0.963945 0.009088
vt 0.964242 0.008790
vt 0.955926 0.011819
vt 0.678465 0.520657
vt 0.954845 0.034091
vt 0.954567 0.034254
vt 0.954666 0.034160
vt 0.980396 0.029500
vt 0.955512 0.036622
vt 0.955991 0.036902
vt 0.973128 0.009590
vt 0.964323 0.037407
vt 0.964373 0.037181
vt 0.978445 0.010200
vt 0.978380 0.011340
vt 0.971901 0.024146
vt 0.893844 0.000000
vt 0.886881 0.000042
vt 0.913159 0.357273
vt 0.981354 0.009747
vt 0.980788 0.009403
vt 0.958292 0.034924
vt 0.966253 0.035844
vt 0.982490 0.031577
vt 0.982699 0.031031
vt 0.981875 0.029625
vt 0.975784 0.013602
vt 0.975511 0.014831
vt 0.987110 0.041719
vt 0.986560 0.041618
vt 0.959359 0.037672
vt 0.960069 0.037378
vt 0.959314 0.037469
vt 0.972910 0.034108
vt 0.964804 0.039930
vt 0.568441 0.996375
vt 0.570677 0.862209
vt 0.984516 0.008870
vt 0.980151 0.036056
vt 0.703103 0.001459
vt 0.853135 0.333277
vt 0.854636 0.274685
vt 0.983020 0.032398
vt 0.982620 0.031718
vt 0.972159 0.009410
vt 0.747549 0.993066
vt 0.786047 0.994099
vt 0.788224 0.993072
vt 0.966446 0.039568
vt 0.966736 0.040100
vt 0.966557 0.040038
vt 0.984710 0.032398
vt 0.985178 0.032056
vt 0.985236 0.032168
vt 0.990308 0.014927
vt 0.992546 0.009641
vt 0.992466 0.008790
vt 0.955528 0.009701
vt 0.955668 0.010232
vt 0.955693 0.009855
vt 0.986284 0.016410
vt 0.986489 0.013133
vt 0.984718 0.015164
vt 0.982544 0.014916
vt 0.982483 0.013265
vt 0.895850 0.271700
vt 0.896878 0.273308
vt 0.898004 0.272239
vt 0.975010 0.036691
vt 0.896183 0.332577
vt 0.898012 0.334331
vt 0.898327 0.332765
vt 0.965988 0.039977
vt 0.981353 0.042023
vt 0.981357 0.039837
vt 0.981673 0.037507
vt 0.987411 0.024540
vt 0.987231 0.027824
vt 0.964878 0.008803
vt 0.965737 0.009552
vt 0.986851 0.022903
vt 0.986973 0.026186
vt 0.970810 0.037409
vt 0.965123 0.038487
vt 0.992490 0.027273
vt 0.992546 0.027475
vt 0.983021 0.017004
vt 0.982966 0.013764
vt 0.963547 0.037419
vt 0.977578 0.034995
vt 0.977145 0.035854
vt 0.978036 0.009180
vt 0.965502 0.009850
vt 0.810545 0.335103
vt 0.810257 0.333554
vt 0.811785 0.274911
vt 0.974123 0.008880
vt 0.973705 0.008790
vt 0.972763 0.036697
vt 0.972507 0.036284
vt 0.975167 0.018121
vt 0.975511 0.016499
vt 0.632609 0.999308
vt 0.662037 0.523795
vt 0.657123 0.520657
vt 0.626941 0.003352
vt 0.633014 0.003349
vt 0.970444 0.038958
vt 0.970854 0.038984
vt 0.972919 0.038884
vt 0.976768 0.034030
vt 0.977974 0.034501
vt 0.977928 0.034797
vt 0.971260 0.038017
vt 0.810244 0.000000
vt 0.805943 0.135831
vt 0.962960 0.010362
vt 0.966086 0.035807
vt 0.966330 0.037085
vt 0.973899 0.038262
vt 0.973981 0.038375
vt 0.970001 0.037592
vt 0.987004 0.048716
vt 0.987063 0.048948
vt 0.986828 0.048725
vt 0.986997 0.048786
vt 0.985232 0.010396
vt 0.985046 0.012040
vt 0.667795 0.495614
vt 0.847805 0.135866
vt 0.985703 0.032631
vt 0.985319 0.032895
vt 0.977122 0.037229
vt 0.976981 0.038360
vt 0.988294 0.032671
vt 0.988207 0.033672
vt 0.982152 0.019765
vt 0.981137 0.030400
vt 0.981308 0.027935
vt 0.972841 0.033937
vt 0.972220 0.033885
vt 0.972031 0.035708
vt 0.970391 0.039334
vt 0.977466 0.033383
vt 0.958945 0.038414
vt 0.958945 0.037320
vt 0.700226 0.997865
vt 0.854640 0.332142
vt 0.985772 0.028011
vt 0.985290 0.013467
vt 0.991540 0.027354
vt 0.992361 0.027832
vt 0.992411 0.027630
vt 0.972240 0.038663
vt 0.981735 0.010187
vt 0.981590 0.010240
vt 0.976766 0.034612
vt 0.976769 0.034403
vt 0.976873 0.034794
vt 0.957788 0.033689
vt 0.972977 0.033971
vt 0.811794 0.272666
vt 0.966045 0.038179
vt 0.972157 0.036092
vt 0.964397 0.038719
vt 0.964547 0.038801
vt 0.974140 0.038684
vt 0.980987 0.041673
vt 0.980730 0.034072
vt 0.980987 0.033150
vt 0.986990 0.009631
vt 0.977601 0.034318
vt 0.960016 0.037724
vt 0.960069 0.038019
vt 0.959846 0.037924
vt 0.635954 0.997891
vt 0.638542 0.998890
vt 0.637336 0.999597
vt 0.977941 0.036833
vt 0.977859 0.036932
vt 0.977859 0.036580
vt 0.742981 0.998089
vt 0.979502 0.017158
vt 0.981392 0.024675
vt 0.976766 0.036370
vt 0.976657 0.034369
vt 0.976766 0.033640
vt 0.990357 0.012859
vt 0.987596 0.032209
vt 0.978036 0.033334
vt 0.977866 0.033458
vt 0.956989 0.037227
vt 0.983584 0.025128
vt 0.955813 0.011810
vt 0.873402 0.135787
vt 0.873839 0.000000
vt 0.977419 0.009224
vt 0.977769 0.009443
vt 0.977447 0.008804
vt 0.992421 0.012114
vt 0.570599 0.996826
vt 0.972350 0.036618
vt 0.964907 0.037282
vt 0.964588 0.037531
vt 0.976811 0.035635
vt 0.976902 0.035651
vt 0.976766 0.035840
vt 0.854636 0.274071
vt 0.855814 0.272507
vt 0.965033 0.038840
vt 0.980987 0.041911
vt 0.981219 0.038739
vt 0.982699 0.037712
vt 0.982234 0.033150
vt 0.868841 0.000035
vt 0.873402 0.135787
vt 0.653912 0.179342
vt 0.657140 0.184143
vt 0.697539 0.000890
vt 0.981288 0.026841
vt 0.795079 0.000050
vt 0.631029 0.998312
vt 0.971233 0.035729
vt 0.990177 0.009273
vt 0.971602 0.038396
vt 0.990220 0.012860
vt 0.990304 0.011059
vt 0.987066 0.029493
vt 0.981477 0.042952
vt 0.981956 0.043589
vt 0.981982 0.043778
vt 0.963827 0.008790
vt 0.981982 0.033150
vt 0.977859 0.033569
vt 0.977974 0.033579
vt 0.977993 0.033770
vt 0.955530 0.017994
vt 0.955453 0.016372
vt 0.653879 0.847974
vt 0.657107 0.852751
vt 0.984841 0.012042
vt 0.984636 0.012688
vt 0.986284 0.048839
vt 0.975533 0.010207
vt 0.981968 0.012423
vt 0.981922 0.013221
vt 0.972240 0.039886
vt 0.984033 0.032449
vt 0.962923 0.013525
vt 0.572461 0.001263
vt 0.988084 0.009605
vt 0.971353 0.036917
vt 0.971420 0.037597
vt 0.981548 0.041958
vt 0.853829 0.271968
vt 0.681676 0.847974
vt 0.678448 0.852751
vt 0.673568 0.160135
vt 0.678482 0.163281
vt 0.681710 0.168082
vt 0.985866 0.032240
vt 0.966722 0.036937
vt 0.678481 0.184143
vt 0.911136 0.328912
vt 0.965940 0.037659
vt 0.926199 0.317586
vt 0.898395 0.311636
vt 0.971857 0.025800
vt 0.956114 0.037151
vt 0.673552 0.496773
vt 0.915356 0.300310
vt 0.909237 0.328912
vt 0.926329 0.288976
vt 0.898388 0.283033
vt 0.924389 0.278000
vt 0.907520 0.356546
vt 0.902555 0.353847
vt 0.989673 0.009763
vt 0.989531 0.009710
vt 0.977859 0.033963
vt 0.977963 0.033980
vt 0.976902 0.034914
vt 0.976902 0.035298
vt 0.976913 0.035317
vt 0.987877 0.036950
vt 0.987743 0.045691
vt 0.965857 0.039413
vt 0.965714 0.038924
vt 0.991201 0.021915
vt 0.990976 0.024824
vt 0.980646 0.032158
vt 0.966736 0.035399
vt -21.799273 -3.057640
vt -21.746639 -3.063499
vt -21.831814 -3.022778
vt 0.974677 0.036465
vt 0.977781 0.035327
vt 0.966348 0.011125
vt 0.966065 0.011508
vt 0.853105 0.335562
vt 0.974482 0.038882
vt 0.570502 0.998794
vt 0.958522 0.038424
vt 0.958336 0.038491
vt 0.976767 0.033821
vt 0.976873 0.034029
vt 0.702592 0.997038
vt 0.955554 0.035827
vt 0.973016 0.035913
vt 0.972954 0.036083
vt 0.972954 0.035708
vt 0.981690 0.032815
vt 0.982183 0.032591
vt 0.976902 0.035521
vt 0.976957 0.035317
vt 0.976957 0.035723
vt 0.976936 0.034499
vt 0.976873 0.034708
vt 0.976873 0.034223
vt 0.983439 0.012515
vt 0.975150 0.011796
vt 0.955093 0.009218
vt 0.957638 0.033671
vt 0.987058 0.022892
vt 0.987030 0.032173
vt 0.969836 0.037626
vt 0.898331 0.274624
vt 0.976936 0.034625
vt 0.976980 0.034707
vt 0.976936 0.034835
vt 0.982343 0.018181
vt 0.978012 0.035802
vt 0.977938 0.035813
vt 0.965973 0.034054
vt 0.986419 0.011681
vt 0.986724 0.010042
vt 0.810257 0.274412
vt -21.842913 -3.026489
vt 0.963980 0.038879
vt 0.964209 0.038633
vt 0.959667 0.037290
vt 0.959667 0.038014
vt 0.961204 0.037829
vt 0.961358 0.037495
vt 0.961530 0.037429
vt 0.990593 0.009795
vt 0.991309 0.016976
vt 0.634781 0.996610
vt 0.985394 0.016745
vt 0.972671 0.009033
vt 0.754210 0.436283
vt 0.672280 0.788583
vt 0.672280 0.436283
vt 0.836140 0.100143
vt 0.918070 0.436283
vt 0.836140 0.436283
vt 0.754210 0.083984
vt 0.836140 0.436283
vt 0.754210 0.436283
vt 1.000000 0.436283
vt 0.918070 0.772423
vt 0.918070 0.436283
vt 0.104697 0.870513
vt 0.115045 0.788583
vt 0.115045 0.870513
vt 0.124145 0.788583
vt 0.124145 0.870513
vt 0.046353 0.788583
vt 0.038305 0.870513
vt 0.038305 0.788583
vt 0.028430 0.870513
vt 0.028430 0.788583
vt 0.017923 0.870513
vt 0.017923 0.788583
vt 0.008049 0.788583
vt 0.008049 0.870513
vt 0.000000 0.788583
vt 0.085249 0.870513
vt 0.076149 0.788583
vt 0.085249 0.788583
vt 0.076149 0.870513
vt 0.065801 0.788583
vt 0.065801 0.870513
vt 0.055454 0.788583
vt 0.055454 0.870513
vt 0.046354 0.788583
vt 0.289786 0.870513
vt 0.281737 0.788583
vt 0.289786 0.788583
vt 0.281737 0.870513
vt 0.271863 0.788583
vt 0.271863 0.870513
vt 0.261356 0.788583
vt 0.251482 0.870513
vt 0.251482 0.788583
vt 0.243433 0.870513
vt 0.243433 0.788583
vt 0.085249 0.870513
vt 0.094349 0.788583
vt 0.094349 0.870513
vt 0.104697 0.788583
vt 0.280449 0.583017
vt 0.336140 0.436283
vt 0.288498 0.589771
vt 0.754210 0.788583
vt 0.918070 0.100143
vt 0.836140 0.083984
vt 1.000000 0.772423
vt 0.046353 0.870513
vt 0.000000 0.870513
vt 0.046354 0.870513
vt 0.261356 0.870513
vt 0.085249 0.788583
vt 0.293752 0.619567
vt 0.295576 0.609218
vt 0.336140 0.788583
vt 0.288498 0.628666
vt 0.280449 0.635420
vt 0.270575 0.639014
vt 0.260068 0.639014
vt 0.250194 0.635420
vt 0.242145 0.628666
vt 0.836141 0.772424
vt 0.836218 0.782931
vt 0.836141 0.968426
vt 0.236891 0.619566
vt 0.000000 0.788582
vt 0.235066 0.609218
vt 0.236891 0.598871
vt 0.242145 0.589771
vt 0.250194 0.583017
vt 0.000000 0.436283
vt 0.260068 0.579423
vt 0.270575 0.579423
vt 0.293752 0.598871
vt 0.336140 0.436283
vt -0.000000 0.436283
vt 0.336140 0.083984
vt 0.040563 0.256919
vt 0.042388 0.267268
vt 0.047642 0.276367
vt 0.055691 0.283121
vt 0.065565 0.286715
vt 0.076072 0.286715
vt 0.085946 0.283121
vt 0.093995 0.276367
vt 0.836295 0.968426
vt 0.836218 0.782931
vt 0.836295 0.772424
vt 0.099249 0.267267
vt 0.101073 0.256919
vt 0.099249 0.246572
vt 0.093995 0.237472
vt 0.042388 0.246572
vt -0.000000 0.083984
vt 0.047642 0.237472
vt 0.055691 0.230718
vt 0.065565 0.227124
vt 0.076072 0.227124
vt 0.085946 0.230718
vt 0.672280 0.083984
vt 0.754210 0.083984
vt 0.918070 0.436284
vt 0.918070 0.100143
vt 1.000000 0.100143
vt 0.836140 0.436283
vt 0.836140 0.788583
vt 0.754210 0.788582
vt 0.918070 0.772423
vt 0.836140 0.772423
vt 0.836140 0.436283
vt 0.223985 0.788583
vt 0.234333 0.788583
vt 0.234333 0.870513
vt 0.243433 0.788583
vt 0.243433 0.870513
vt 0.344189 0.788583
vt 0.344189 0.870513
vt 0.354063 0.788583
vt 0.354063 0.870513
vt 0.364571 0.788583
vt 0.364571 0.870513
vt 0.374445 0.788583
vt 0.374445 0.870513
vt 0.382494 0.788583
vt 0.421390 0.788583
vt 0.421390 0.870513
vt 0.412290 0.870513
vt 0.412290 0.788583
vt 0.401942 0.870513
vt 0.401942 0.788583
vt 0.391594 0.870513
vt 0.391594 0.788583
vt 0.382494 0.870513
vt 0.297835 0.788583
vt 0.297835 0.870513
vt 0.307709 0.788583
vt 0.307709 0.870513
vt 0.318217 0.788583
vt 0.328091 0.788583
vt 0.328091 0.870513
vt 0.336140 0.788583
vt 0.336140 0.870513
vt 0.204537 0.788583
vt 0.213637 0.788583
vt 0.213637 0.870513
vt 0.223985 0.870513
vt 0.391831 0.230718
vt 0.383782 0.237472
vt 0.336140 0.083984
vt 1.000000 0.436284
vt 0.918070 0.436283
vt 0.336140 0.870513
vt 0.382494 0.870513
vt 0.382494 0.788583
vt 0.318217 0.870513
vt 0.204537 0.870513
vt 0.378528 0.267268
vt 0.336140 0.436283
vt 0.376704 0.256919
vt 0.383782 0.276367
vt 0.391831 0.283121
vt 0.401705 0.286715
vt 0.412212 0.286715
vt 0.422086 0.283121
vt 0.430136 0.276367
vt 0.836373 0.772424
vt 0.836373 0.968426
vt 0.836295 0.782931
vt 0.435389 0.267267
vt 0.672280 0.436283
vt 0.437214 0.256919
vt 0.435389 0.246572
vt 0.430136 0.237472
vt 0.422086 0.230718
vt 0.412212 0.227124
vt 0.401705 0.227124
vt 0.378528 0.246572
vt 0.336141 0.788583
vt 0.336140 0.436283
vt 0.672280 0.788583
vt 0.629893 0.619567
vt 0.631717 0.609218
vt 0.624639 0.628666
vt 0.616590 0.635420
vt 0.606716 0.639014
vt 0.596208 0.639014
vt 0.586334 0.635420
vt 0.578285 0.628666
vt 0.836373 0.968426
vt 0.836373 0.772424
vt 0.836451 0.782931
vt 0.573031 0.619566
vt 0.571207 0.609218
vt 0.573031 0.598871
vt 0.578285 0.589771
vt 0.629893 0.598871
vt 0.672280 0.436283
vt 0.624639 0.589771
vt 0.616590 0.583017
vt 0.606716 0.579423
vt 0.596208 0.579423
vt 0.586334 0.583017
vt 0.673551 0.523795
vt 0.841905 -0.000000
vt 0.800761 0.135918
vt 0.831590 0.271683
vt 0.831294 0.135779
vt 0.988016 0.047495
vt 0.969445 0.035884
vt 0.963267 0.038306
vt 0.980930 0.008854
vt 0.972826 0.031063
vt 0.966443 0.037939
vt 0.969535 0.035753
vt 0.657108 0.832005
vt 0.863660 0.271687
vt 0.904584 0.135784
vt 0.974271 0.009807
vt 0.984739 0.009192
vt 0.900327 0.294010
vt 0.971807 0.038390
vt 0.972953 0.037900
vt 0.980598 0.033262
vt 0.989909 0.009782
vt 0.990385 0.009731
vt 0.873859 0.135886
vt 0.978036 0.012832
vt 0.969842 0.038493
vt 0.983212 0.032821
vt 0.981199 0.033150
vt 0.971828 0.011208
vt 0.958134 0.030763
vt 0.982839 0.031820
vt 0.983533 0.029669
vt 0.962885 0.038433
vt 0.982324 0.045656
vt 0.966467 0.040540
vt 0.986462 0.032671
vt 0.971476 0.010321
vt 0.873365 0.135850
vt 0.914415 0.000036
vt 0.810257 0.271629
vt 0.852627 0.135833
vt 0.924281 0.306608
vt 0.894337 0.000036
vt 0.900313 0.322613
vt 0.853360 0.135850
vt 0.976870 0.037728
vt 0.904626 0.273796
vt 0.921739 0.332338
vt 0.920091 0.298214
vt 0.831294 0.135833
vt 0.904636 0.302404
vt 0.789220 0.271629
vt 0.919957 0.326817
vt 0.853064 0.000000
vt 0.894433 0.271665
vt 0.991726 0.021940
vt 0.972655 0.009879
vt 0.894061 0.135787
vt 0.980878 0.009585
vt 0.960189 0.037544
vt 0.984234 0.008790
vt 0.976987 0.033458
vt 0.982699 0.031700
vt 0.972807 0.038609
vt 0.984542 0.032346
vt 0.987007 0.011582
vt 0.984315 0.033193
vt 0.981148 0.042006
vt 0.963439 0.037181
vt 0.965156 0.009699
vt 0.974275 0.009020
vt 0.988565 0.033830
vt 0.977859 0.034633
vt 0.810257 0.135779
vt 0.958945 0.037290
vt 0.959166 0.037315
vt 0.973939 0.037723
vt 0.745156 0.993395
vt 0.988493 0.032720
vt 0.976813 0.035438
vt 0.699032 0.999002
vt 0.789142 -0.000000
vt 0.746584 0.000413
vt 0.980789 0.041631
vt 0.977995 0.036857
vt 0.956777 0.036701
vt 0.745156 0.997101
vt 0.915400 0.271700
vt 0.989393 0.017238
vt 0.956878 0.037381
vt 0.964783 0.039481
vt 0.873185 0.000000
vt 0.986309 0.048762
vt 0.972155 0.040365
vt 0.977375 0.033575
vt 0.966539 0.037181
vt 0.976962 0.035114
vt 0.980429 0.032017
vt 0.955240 0.034087
vt 0.954681 0.008790
vt 0.977859 0.036003
vt 0.964027 0.038577
vt 0.961204 0.037290
vt 0.979080 0.014734
vt 0.201748 0.000210
vt 0.203607 0.999563
vt 0.152849 0.999345
vt 0.355373 0.000214
vt 0.305468 0.999344
vt 0.305468 0.000000
vt 0.049014 0.000210
vt 0.050873 0.999563
vt 0.000115 0.999345
vt 0.561923 0.999790
vt 0.560063 0.000437
vt 0.610821 0.000655
vt 0.409188 0.999790
vt 0.407329 0.000437
vt 0.458087 0.000655
vt 0.264878 0.000481
vt 0.255563 0.999786
vt 0.152734 -0.000000
vt 0.305468 0.000656
vt 0.305468 1.000000
vt 0.112144 0.000481
vt 0.102829 0.999786
vt 0.000000 -0.000000
vt 0.152734 0.000656
vt 0.152734 1.000000
vt 0.498793 0.999519
vt 0.508107 0.000214
vt 0.610937 1.000000
vt 0.458203 0.999344
vt 0.458203 -0.000000
vt 0.458203 1.000000
vt 0.346058 0.999519
vt 0.691246 0.431186
vt 0.667013 0.392664
vt 0.711939 0.391221
vt 0.725835 0.949124
vt 0.719197 0.971475
vt 0.683006 0.950751
vt 0.583203 0.370327
vt 0.602125 0.345529
vt 0.600807 0.363663
vt 0.727925 0.801758
vt 0.750776 0.814303
vt 0.709412 0.819782
vt 0.621674 0.482728
vt 0.643331 0.467190
vt 0.667616 0.485843
vt 0.594131 0.455948
vt 0.607182 0.452805
vt 0.744132 0.621185
vt 0.745410 0.647938
vt 0.723548 0.648331
vt 0.887278 0.459717
vt 0.860847 0.432181
vt 0.878909 0.428226
vt 0.677995 0.346013
vt 0.637357 0.363024
vt 0.645600 0.329030
vt 0.797760 0.320934
vt 0.822881 0.327252
vt 0.824338 0.354249
vt 0.860841 0.384848
vt 0.897323 0.394442
vt 0.863238 0.399744
vt 0.809653 0.499728
vt 0.820673 0.099972
vt 0.815070 0.687011
vt 0.838627 0.738551
vt 0.847987 0.723749
vt 0.879649 0.741696
vt 0.721333 0.496398
vt 0.715550 0.556600
vt 0.714501 0.496932
vt 0.730190 0.452325
vt 0.748875 0.423010
vt 0.756275 0.458282
vt 0.710880 0.670712
vt 0.687092 0.690382
vt 0.686814 0.673634
vt 0.844540 0.446604
vt 0.823044 0.465552
vt 0.824285 0.434164
vt 0.876209 0.049225
vt 0.900927 0.045427
vt 0.897293 0.070344
vt 0.708751 0.083015
vt 0.725696 0.148739
vt 0.847839 0.151509
vt 0.869103 0.070504
vt 0.846815 0.500548
vt 0.712826 0.725463
vt 0.689931 0.746806
vt 0.688987 0.734779
vt 0.763840 0.981911
vt 0.797225 0.950516
vt 0.791357 0.981084
vt 0.773336 0.419242
vt 0.756503 0.378471
vt 0.788104 0.387945
vt 0.645663 0.538764
vt 0.651976 0.567541
vt 0.621107 0.559155
vt 0.755068 0.840797
vt 0.731375 0.827377
vt 0.824848 0.401315
vt 0.845546 0.388251
vt 0.845355 0.417583
vt 0.687091 0.621535
vt 0.711544 0.608855
vt 0.710880 0.639618
vt 0.851251 0.711992
vt 0.823550 0.731560
vt 0.826175 0.703689
vt 0.699135 0.044925
vt 0.774943 0.055064
vt 0.732619 0.061095
vt 0.779674 0.195826
vt 0.755142 0.496591
vt 0.856242 0.031236
vt 0.834643 0.065560
vt 0.791939 0.048009
vt 0.740711 0.895965
vt 0.780598 0.880109
vt 0.782829 0.902052
vt 0.818154 0.914448
vt 0.818183 0.872851
vt 0.843135 0.891855
vt 0.795286 0.729890
vt 0.823065 0.708596
vt 0.822672 0.728181
vt 0.753378 0.742834
vt 0.761929 0.726062
vt 0.795998 0.745768
vt 0.866999 0.710791
vt 0.693591 0.710401
vt 0.773702 0.701427
vt 0.686910 0.729533
vt 0.630457 0.656786
vt 0.630179 0.674025
vt 0.604531 0.671451
vt 0.651978 0.741086
vt 0.623864 0.735147
vt 0.626185 0.721609
vt 0.687555 0.604553
vt 0.829313 0.840425
vt 0.839598 0.865235
vt 0.655326 0.832384
vt 0.656216 0.849804
vt 0.636569 0.835417
vt 0.655279 0.798622
vt 0.646555 0.786490
vt 0.678962 0.776742
vt 0.844745 0.081295
vt 0.716489 0.023199
vt 0.758312 0.640188
vt 0.816855 0.069002
vt 0.811847 0.081016
vt 0.842605 0.091450
vt 0.722207 0.068227
vt 0.590811 0.430639
vt 0.620963 0.343418
vt 0.673106 0.321591
vt 0.753734 0.343049
vt 0.773840 0.363238
vt 0.884023 0.081320
vt 0.842123 0.178516
vt 0.842123 0.145126
vt 0.868700 0.174870
vt 0.748796 0.717244
vt 0.707642 0.745113
vt 0.670792 0.802137
vt 0.660057 0.769523
vt 0.693117 0.779478
vt 0.687929 0.981297
vt 0.666542 0.964964
vt 0.662157 0.873172
vt 0.636278 0.892281
vt 0.639851 0.865647
vt 0.812767 0.964663
vt 0.663548 0.764994
vt 0.661379 0.741129
vt 0.740819 0.498174
vt 0.726246 0.477940
vt 0.700181 0.515185
vt 0.701574 0.538657
vt 0.673107 0.538764
vt 0.710728 0.654612
vt 0.769541 0.684704
vt 0.783948 0.701862
vt 0.795275 0.672295
vt 0.659049 0.657064
vt 0.626183 0.588640
vt 0.623861 0.573294
vt 0.822210 0.065454
vt 0.819368 0.740385
vt 0.818887 0.731560
vt 0.832865 0.733217
vt 0.860826 0.702401
vt 0.734522 0.478797
vt 0.737290 0.535872
vt 0.725648 0.560801
vt 0.824199 0.683333
vt 0.864783 0.678847
vt 0.863499 0.694439
vt 0.808967 0.757972
vt 0.818887 0.763055
vt 0.800772 0.563845
vt 0.805598 0.594647
vt 0.765063 0.587512
vt 0.780321 0.614755
vt 0.781877 0.647324
vt 0.757031 0.633005
vt 0.781351 0.679948
vt 0.778743 0.710385
vt 0.756082 0.690953
vt 0.757497 0.662465
vt 0.686056 0.880567
vt 0.700652 0.855414
vt 0.755742 0.935143
vt 0.713461 0.928427
vt 0.704153 0.195317
vt 0.700724 0.112016
vt 0.713508 0.128359
vt 0.719364 0.077716
vt 0.835600 0.100098
vt 0.801182 0.086208
vt 0.546987 0.180642
vt 0.549478 0.111509
vt 0.561830 0.111246
vt 0.754992 0.949064
vt 0.750663 0.973282
vt 0.868701 0.144111
vt 0.892746 0.127842
vt 0.892143 0.156503
vt 0.723864 0.769364
vt 0.723548 0.762243
vt 0.737329 0.759372
vt 0.723646 0.749790
vt 0.737845 0.743816
vt 0.704604 0.808024
vt 0.688034 0.803055
vt 0.696294 0.787430
vt 0.650166 0.840799
vt 0.683086 0.837105
vt 0.766533 0.792621
vt 0.726274 0.790075
vt 0.754221 0.779683
vt 0.708039 0.774407
vt 0.675721 0.756665
vt 0.780308 0.855250
vt 0.771006 0.819656
vt 0.808147 0.801807
vt 0.828964 0.822507
vt 0.812867 0.819160
vt 0.762733 0.574477
vt 0.760037 0.562699
vt 0.909470 0.457800
vt 0.657656 0.867182
vt 0.659626 0.884215
vt 0.638655 0.866576
vt 0.701574 0.321484
vt 0.729063 0.328846
vt 0.721605 0.351667
vt 0.607206 0.408726
vt 0.645696 0.432459
vt 0.767596 0.463057
vt 0.788074 0.471771
vt 0.773870 0.496585
vt 0.598876 0.726182
vt 0.602602 0.700726
vt 0.628024 0.706720
vt 0.557864 0.238033
vt 0.555289 0.389650
vt 0.546311 0.237849
vt 0.535148 0.663872
vt 0.536621 0.628582
vt 0.548069 0.649413
vt 0.679098 0.829574
vt 0.824693 0.369263
vt 0.583213 0.489877
vt 0.586574 0.472303
vt 0.600840 0.497011
vt 0.714637 0.556465
vt 0.689930 0.558710
vt 0.691010 0.546045
vt 0.866637 0.596933
vt 0.877231 0.615017
vt 0.856144 0.611130
vt 0.571292 0.399197
vt 0.567887 0.381057
vt 0.696370 0.727849
vt 0.713345 0.704784
vt 0.721362 0.709505
vt 0.613383 0.280886
vt 0.567887 0.231979
vt 0.581844 0.239813
vt 0.805566 0.715340
vt 0.800705 0.743816
vt 0.870009 0.201656
vt 0.892735 0.182506
vt 0.729080 0.531219
vt 0.711543 0.699980
vt 0.548096 0.676685
vt 0.536312 0.671204
vt 0.561677 0.706452
vt 0.540280 0.687186
vt 0.549260 0.683995
vt 0.843155 0.473365
vt 0.662127 0.914770
vt 0.650098 0.943707
vt 0.639814 0.918901
vt 0.563318 0.041229
vt 0.854688 0.252115
vt 0.854460 0.269057
vt 0.843097 0.261298
vt 0.702281 0.693041
vt 0.740406 0.631424
vt 0.735194 0.680135
vt 0.727683 0.631167
vt 0.815239 0.519915
vt 0.816078 0.529106
vt 0.802442 0.525838
vt 0.751915 0.080978
vt 0.750926 0.071119
vt 0.604531 0.640384
vt 0.602600 0.609607
vt 0.598874 0.581253
vt 0.843026 0.242584
vt 0.714082 0.022790
vt 0.711311 0.037392
vt 0.701179 0.029075
vt 0.700021 0.037164
vt 0.710609 0.058175
vt 0.699319 0.057947
vt 0.636527 0.805185
vt 0.655007 0.815223
vt 0.735547 0.429573
vt 0.654466 0.583995
vt 0.657873 0.619717
vt 0.628022 0.604959
vt 0.821221 0.493384
vt 0.899202 0.321176
vt 0.857381 0.344733
vt 0.857559 0.333649
vt 0.900845 0.346762
vt 0.892814 0.368425
vt 0.795474 0.444143
vt 0.770978 0.452475
vt 0.570455 0.728838
vt 0.549297 0.704737
vt 0.631113 0.048791
vt 0.603854 0.066811
vt 0.599543 0.062223
vt 0.845092 0.360642
vt 0.666630 0.819476
vt 0.649976 0.822899
vt 0.642641 0.896502
vt 0.818887 0.759059
vt 0.819309 0.750222
vt 0.833117 0.750415
vt 0.722238 0.087193
vt 0.691944 0.476133
vt 0.652376 0.454824
vt 0.773731 0.922196
vt 0.728205 0.616938
vt 0.659050 0.675567
vt 0.659049 0.638334
vt 0.659844 0.601496
vt 0.684233 0.749988
vt 0.866097 0.581750
vt 0.823431 0.538764
vt 0.864123 0.554680
vt 0.656571 0.509531
vt 0.645618 0.531403
vt 0.620947 0.517200
vt 0.712825 0.580481
vt 0.663538 0.538764
vt 0.659844 0.710614
vt 0.657874 0.693496
vt 0.656440 0.710604
vt 0.731843 0.689559
vt 0.727694 0.661597
vt 0.747416 0.853249
vt 0.797305 0.836870
vt 0.758999 0.496889
vt 0.757625 0.556513
vt 0.538565 0.539681
vt 0.540835 0.480726
vt 0.553153 0.480970
vt 0.834189 0.731560
vt 0.847443 0.733274
vt 0.833177 0.741760
vt 0.834661 0.759102
vt 0.833275 0.748183
vt 0.847443 0.754035
vt 0.714637 0.745393
vt 0.828454 0.658631
vt 0.866439 0.646003
vt 0.866810 0.629331
vt 0.876802 0.646081
vt 0.832894 0.760069
vt 0.548422 0.621919
vt 0.800333 0.643559
vt 0.802809 0.500175
vt 0.700499 0.910563
vt 0.750717 0.579196
vt 0.754717 0.604616
vt 0.631848 0.285666
vt 0.664683 0.299240
vt 0.663310 0.305480
vt 0.737020 0.305349
vt 0.700169 0.310294
vt 0.699870 0.303835
vt 0.894504 0.098443
vt 0.739633 0.994978
vt 0.725912 0.840857
vt 0.725356 0.855530
vt 0.629361 0.621956
vt 0.782666 0.787204
vt 0.791479 0.802821
vt 0.719202 0.250217
vt 0.707912 0.249989
vt 0.690631 0.125600
vt 0.877001 0.600062
vt 0.586596 0.388476
vt 0.831439 0.221665
vt 0.812991 0.254092
vt 0.817385 0.235286
vt 0.880631 0.023913
vt 0.551765 0.041046
vt 0.552024 0.023649
vt 0.769401 0.034613
vt 0.724771 0.779763
vt 0.723488 0.771284
vt 0.628913 0.291235
vt 0.617026 0.275824
vt 0.669304 0.470810
vt 0.854584 0.242439
vt 0.842508 0.223291
vt 0.853682 0.214610
vt 0.809499 0.026435
vt 0.714230 0.469367
vt 0.689299 0.385898
vt 0.871168 0.095058
vt 0.842673 0.127497
vt 0.844802 0.091876
vt 0.627763 0.395137
vt 0.651053 0.409707
vt 0.818564 0.590423
vt 0.828779 0.574852
vt 0.818725 0.605969
vt 0.829241 0.943338
vt 0.679356 0.746045
vt 0.696475 0.739564
vt 0.681595 0.866884
vt 0.800097 0.065673
vt 0.767054 0.048640
vt 0.770545 0.042976
vt 0.807278 0.611529
vt 0.808967 0.646884
vt 0.744979 0.674736
vt 0.903715 0.140856
vt 0.903714 0.166122
vt 0.822826 0.095298
vt 0.837154 0.129798
vt 0.824900 0.114598
vt 0.834152 0.149063
vt 0.842123 0.166861
vt 0.834305 0.184749
vt 0.699029 0.030441
vt 0.663849 0.035146
vt 0.662439 0.028855
vt 0.661376 0.567521
vt 0.795267 0.070308
vt 0.807024 0.083744
vt 0.722255 0.742936
vt 0.866664 0.351516
vt 0.817422 0.671583
vt 0.818627 0.637177
vt 0.567887 0.084881
vt 0.580250 0.076800
vt 0.579594 0.084570
vt 0.830867 0.202284
vt 0.837388 0.203919
vt 0.721800 0.478540
vt 0.870990 0.199752
vt 0.735049 0.299114
vt 0.767782 0.285405
vt 0.754643 0.299325
vt 0.602139 0.514596
vt 0.900002 0.414217
vt 0.593414 0.074721
vt 0.747328 0.065603
vt 0.738946 0.061082
vt 0.846927 0.738465
vt 0.846917 0.747932
vt 0.688191 0.721201
vt 0.628156 0.043202
vt 0.728867 0.407207
vt 0.828155 0.098078
vt 0.786757 0.280540
vt 0.795877 0.263626
vt 0.737845 0.770907
vt 0.814628 0.090524
vt 0.712875 0.991496
vt 0.794869 0.880343
vt 0.716774 0.031554
vt 0.736147 0.028727
vt 0.751071 0.040771
vt 0.699288 0.023913
vt 0.766987 0.601571
vt 0.873577 0.112521
vt 0.687555 0.706320
vt 0.686814 0.638909
vt 0.686721 0.656376
vt 0.617973 0.546456
vt 0.593602 0.557222
vt 0.688987 0.572866
vt 0.688190 0.588238
vt 0.691909 0.846361
vt 0.647896 0.772462
vt 0.649756 0.759720
vt 0.584454 0.352181
vt 0.595425 0.339637
vt 0.874008 0.691502
vt 0.870859 0.718005
vt 0.739158 0.721285
vt 0.742836 0.699737
vt 0.752880 0.716560
vt 0.748114 0.737513
vt 0.774266 0.736616
vt 0.645665 0.764950
vt 0.617975 0.757405
vt 0.621109 0.747144
vt 0.593604 0.746111
vt 0.688605 0.754505
vt 0.868576 0.460241
vt 0.745327 0.558502
vt 0.626788 0.326462
vt 0.607924 0.328620
vt 0.591038 0.626756
vt 0.591937 0.655328
vt 0.567887 0.631229
vt 0.782627 0.128586
vt 0.787359 0.056775
vt 0.564299 0.023171
vt 0.745655 0.020655
vt 0.754890 0.771181
vt 0.738883 0.763213
vt 0.859038 0.370548
vt 0.905154 0.025420
vt 0.848181 0.057830
vt 0.852584 0.027640
vt 0.571312 0.461082
vt 0.568278 0.445745
vt 0.578282 0.430399
vt 0.687557 0.740983
vt 0.753717 0.516831
vt 0.629361 0.690764
vt 0.747367 0.089714
vt 0.862770 0.037817
vt 0.631616 0.438817
vt 0.695067 0.253641
vt 0.785781 0.256654
vt 0.682525 0.372049
vt 0.654245 0.383887
vt 0.712874 0.375984
vt 0.737160 0.394637
vt 0.800612 0.382312
vt 0.800421 0.365185
vt 0.697965 0.489778
vt 0.781939 0.126024
vt 0.833177 0.740577
vt 0.841964 0.071788
vt 0.847750 0.643961
vt 0.839893 0.643696
vt 0.845341 0.586368
vt 0.849533 0.658259
vt 0.857985 0.687479
vt 0.741203 0.596317
vt 0.591039 0.683201
vt 0.567887 0.675219
vt 0.795440 0.415552
vt 0.780208 0.710223
vt 0.787735 0.729322
vt 0.771279 0.726560
vt 0.779324 0.710047
vt 0.794848 0.909353
vt 0.700595 0.934671
vt 0.694657 0.053769
vt 0.808967 0.664739
vt 0.635611 0.408326
vt 0.773152 0.692777
vt 0.736854 0.574979
vt 0.686035 0.909577
vt 0.780252 0.934507
vt 0.797725 0.485429
vt 0.799403 0.453005
vt 0.800392 0.417843
vt 0.739780 0.597429
vt 0.714536 0.620339
vt 0.630179 0.639331
vt 0.686367 0.902719
vt 0.738999 0.094269
vt 0.726788 0.091824
vt 0.802442 0.535744
vt 0.765816 0.735017
vt 0.808967 0.630869
vt 0.722869 0.686362
vt 0.807251 0.699256
vt 0.662096 0.789361
vt 0.844023 0.336601
vt 0.794323 0.538764
vt 0.567887 0.478628
vt 0.876153 0.661649
vt 0.795474 0.512869
vt 0.843544 0.207594
vt 0.815667 0.538764
vt 0.635204 0.934188
vt 0.913515 0.042123
vt 0.627622 0.876610
vt 0.854355 0.430819
vt 0.635260 0.848289
vt 0.568230 0.414534
vt 0.678758 0.811176
vt 0.909883 0.062915
vt 0.906909 0.087416
vt 0.582211 0.091487
vt 0.909470 0.382616
vt 0.904790 0.188125
vt 0.853335 0.456602
vt 0.627601 0.905897
vt 0.649904 0.959521
vt 0.854819 0.403835
vt 0.626784 0.533525
vt 0.723548 0.598518
vt 0.588431 0.599427
vt 0.722647 0.682308
vt 0.723548 0.707589
vt 0.717102 0.314287
vt 0.584267 0.575241
vt 0.655487 0.314448
vt 0.686303 0.310294
vt 0.722646 0.625831
vt 0.722343 0.654412
vt 0.789384 0.489354
vt 0.770474 0.514155
vt 0.875680 0.572531
vt 0.584269 0.729450
vt 0.588433 0.708503
vt 0.843668 0.847854
vt 0.696849 0.701439
vt 0.904811 0.114007
vt 0.882452 0.474315
vt 0.691010 0.757037
vt 0.662107 0.900603
vt 0.770313 0.774207
vt 0.535907 0.621968
vt 0.812952 0.551133
vt 0.555950 0.751924
vt 0.553680 0.766305
vt 0.535778 0.729173
vt 0.795474 0.538764
vt 0.795474 0.517358
vt 0.802442 0.533453
vt 0.671278 0.757009
vt 0.849422 0.726203
vt 0.808967 0.603777
vt 0.842123 0.268927
vt 0.763264 0.027506
vt 0.701920 0.718976
vt 0.899054 0.310294
vt 0.723912 0.744307
vt 0.573730 0.229591
vt 0.795474 0.310294
vt 0.818876 0.024031
vt 0.776943 0.053599
vt 0.901690 0.426974
vt 0.794580 0.037238
vt 0.902313 0.397120
vt 0.804626 0.756661
vt 0.848032 0.026762
vt 0.853218 0.207594
vt 0.842123 0.214755
vt 0.760889 0.647352
vt 0.869664 0.057474
vt 0.777182 0.253472
vt 0.701681 0.034158
vt 0.712264 0.048473
vt 0.725838 0.020696
vt 0.571544 0.117413
vt 0.556281 0.741462
vt 0.563566 0.728905
vt 0.797719 0.408412
vt 0.757531 0.747821
vt 0.557394 0.698993
vt 0.571002 0.717759
vt 0.867914 0.257351
vt 0.854819 0.403491
vt 0.914315 0.161555
vt 0.766397 0.991385
vt 0.968232 0.038975
vt 0.967652 0.039023
vt 0.967280 0.038261
vt 0.980288 0.037757
vt 0.979970 0.037780
vt 0.980077 0.037620
vt 0.966870 0.011603
vt 0.967990 0.027407
vt 0.967696 0.029068
vt 0.954381 0.024040
vt 0.954542 0.024037
vt 0.954187 0.028962
vt 0.968498 0.031094
vt 0.969679 0.021309
vt 0.970441 0.018096
vt 0.968302 0.031063
vt 0.969609 0.021293
vt 0.951776 0.009103
vt 0.950934 0.009465
vt 0.951667 0.008940
vt 0.967223 0.010070
vt 0.967497 0.009580
vt 0.967866 0.009427
vt 0.976521 0.010446
vt 0.976342 0.009476
vt 0.976565 0.009444
vt 0.969386 0.009091
vt 0.969722 0.009625
vt 0.968958 0.009320
vt 0.950321 0.011782
vt 0.950633 0.011596
vt 0.950409 0.013007
vt 0.958821 0.010494
vt 0.959192 0.010396
vt 0.959088 0.011292
vt 0.951872 0.009466
vt 0.951086 0.009601
vt 0.970704 0.009927
vt 0.970185 0.009438
vt 0.969945 0.009113
vt 0.959711 0.016245
vt 0.960887 0.025959
vt 0.959364 0.014654
vt 0.967758 0.036761
vt 0.968268 0.036638
vt 0.967485 0.037641
vt 0.968927 0.029503
vt 0.961381 0.035561
vt 0.961790 0.035601
vt 0.960783 0.036945
vt 0.958821 0.034007
vt 0.959417 0.035564
vt 0.959306 0.035725
vt 0.953827 0.033985
vt 0.953996 0.034056
vt 0.960135 0.022779
vt 0.958766 0.012776
vt 0.958880 0.013430
vt 0.967904 0.009993
vt 0.967104 0.011170
vt 0.968012 0.009576
vt 0.953980 0.025676
vt 0.954170 0.022398
vt 0.975821 0.010471
vt 0.976023 0.026695
vt 0.975784 0.010435
vt 0.961230 0.036947
vt 0.980499 0.037772
vt 0.980242 0.038512
vt 0.962312 0.038038
vt 0.962706 0.038068
vt 0.962560 0.038314
vt 0.973715 0.038160
vt 0.973653 0.038751
vt 0.973437 0.038846
vt 0.973333 0.037372
vt 0.973439 0.035806
vt 0.973528 0.037391
vt 0.958613 0.034035
vt 0.958336 0.034200
vt 0.958435 0.034106
vt 0.969190 0.009572
vt 0.978670 0.035459
vt 0.979043 0.035096
vt 0.979073 0.035705
vt 0.954178 0.011139
vt 0.953844 0.010261
vt 0.954028 0.010163
vt 0.953023 0.009657
vt 0.953258 0.009373
vt 0.953333 0.009864
vt 0.966736 0.014328
vt 0.966736 0.011382
vt 0.976111 0.037082
vt 0.976222 0.038014
vt 0.975984 0.038126
vt 0.954299 0.033750
vt 0.953378 0.030964
vt 0.953247 0.029310
vt 0.954468 0.035695
vt 0.954350 0.036596
vt 0.954290 0.035852
vt 0.953187 0.031002
vt 0.950999 0.018041
vt 0.950110 0.011997
vt 0.967351 0.036984
vt 0.967342 0.037569
vt 0.968223 0.038747
vt 0.967385 0.037978
vt 0.976673 0.025038
vt 0.976445 0.028318
vt 0.976310 0.016827
vt 0.959010 0.036009
vt 0.959236 0.036007
vt 0.968199 0.038569
vt 0.969325 0.039106
vt 0.961922 0.037388
vt 0.962025 0.038251
vt 0.961730 0.037450
vt 0.951452 0.008900
vt 0.950546 0.010497
vt 0.950183 0.010389
vt 0.950526 0.010004
vt 0.968652 0.008843
vt 0.967791 0.009265
vt 0.970718 0.011685
vt 0.970481 0.010305
vt 0.970828 0.010546
vt 0.971071 0.010677
vt 0.976523 0.036756
vt 0.976332 0.036548
vt 0.976010 0.034658
vt 0.976111 0.035827
vt 0.975907 0.035152
vt 0.987331 0.041616
vt 0.987743 0.042776
vt 0.987368 0.048728
vt 0.961677 0.035255
vt 0.961757 0.033626
vt 0.968159 0.035645
vt 0.968122 0.033904
vt 0.968317 0.033937
vt 0.971114 0.012940
vt 0.970722 0.012932
vt 0.970923 0.011917
vt 0.959061 0.013431
vt 0.959298 0.011963
vt 0.953978 0.035103
vt 0.954158 0.033787
vt 0.967143 0.037533
vt 0.966805 0.037471
vt 0.967061 0.037126
vt 0.980337 0.036188
vt 0.980662 0.037746
vt 0.969181 0.008790
vt 0.976473 0.035197
vt 0.976316 0.035819
vt 0.976195 0.034508
vt 0.950653 0.013563
vt 0.950523 0.016460
vt 0.950202 0.013027
vt 0.979523 0.037536
vt 0.979727 0.037498
vt 0.979970 0.040080
vt 0.979299 0.034616
vt 0.978861 0.034829
vt 0.979203 0.034129
vt 0.970312 0.009793
vt 0.969890 0.009909
vt 0.959198 0.009643
vt 0.958899 0.010011
vt 0.958971 0.009559
vt 0.954567 0.011258
vt 0.960840 0.037262
vt 0.960527 0.036806
vt 0.960649 0.037197
vt 0.960089 0.036837
vt 0.953809 0.009536
vt 0.953228 0.008982
vt 0.970139 0.023035
vt 0.959340 0.016303
vt 0.958856 0.014668
vt 0.963870 0.038367
vt 0.963547 0.038605
vt 0.963547 0.037181
vt 0.976148 0.038304
vt 0.961817 0.030733
vt 0.962103 0.033591
vt 0.953761 0.033857
vt 0.979340 0.033716
vt 0.979970 0.033300
vt 0.979510 0.033819
vt 0.976489 0.009095
vt 0.976729 0.008790
vt 0.976770 0.009020
vt 0.962272 0.037225
vt 0.962479 0.037219
vt 0.968012 0.030701
vt 0.967771 0.034408
vt 0.967333 0.025800
vt 0.950430 0.009839
vt 0.978647 0.034710
vt 0.979033 0.033977
vt 0.959491 0.011750
vt 0.950149 0.014855
vt 0.968604 0.009590
vt 0.967136 0.037781
vt 0.966832 0.038003
vt 0.966931 0.037667
vt 0.962103 0.038652
vt 0.962186 0.038462
vt 0.962103 0.038703
vt 0.962103 0.037290
vt 0.975962 0.036605
vt 0.979359 0.035323
vt 0.979233 0.035198
vt 0.951359 0.017986
vt 0.951201 0.018008
vt 0.978647 0.045692
vt 0.978036 0.042739
vt 0.978173 0.035779
vt 0.976152 0.010530
vt 0.975951 0.010693
vt 0.979517 0.034261
vt 0.979224 0.033485
vt 0.979157 0.033266
vt 0.969325 0.035905
vt 0.968352 0.036141
vt 0.969259 0.035708
vt 0.960901 0.029200
vt 0.961281 0.035335
vt 0.962063 0.034854
vt 0.954084 0.035859
vt 0.970781 0.014809
vt 0.971260 0.013602
vt 0.970987 0.014831
vt 0.960556 0.036637
vt 0.960127 0.036403
vt 0.960865 0.036275
vt 0.958632 0.009759
vt 0.966736 0.037649
vt 0.959895 0.037090
vt 0.959771 0.036842
vt 0.959340 0.010174
vt 0.959363 0.009796
vt 0.968321 0.036417
vt 0.979726 0.033150
vt 0.976354 0.010886
vt 0.976683 0.021763
vt 0.976976 0.034230
vt 0.976981 0.034625
vt 0.976936 0.034414
vt 0.962791 0.037412
vt 0.977859 0.036385
vt 0.977903 0.036201
vt 0.977976 0.036580
vt 0.959645 0.037579
vt 0.959361 0.037290
vt 0.959558 0.037386
vt 0.958997 0.009221
vt 0.958761 0.009162
vt 0.958644 0.008790
vt 0.976433 0.034066
vt 0.976098 0.034047
vt 0.976162 0.033640
vt 0.987341 0.032841
vt 0.987743 0.032849
vt 0.987582 0.034769
vt 0.987193 0.033078
vt 0.976951 0.034223
vt 0.976890 0.034010
vt 0.976951 0.033809
vt 0.976831 0.009180
vt 0.970643 0.018121
vt 0.970987 0.016499
vt 0.968962 0.008914
vt 0.976766 0.036127
vt 0.976799 0.036132
vt 0.976931 0.036361
vt 0.954109 0.009768
vt 0.978993 0.036367
vt 0.979402 0.036414
vt 0.979235 0.036446
vt 0.966808 0.010915
vt 0.976295 0.033478
vt 0.976310 0.033476
vt 0.977942 0.035802
vt 0.950791 0.010377
vt 0.953917 0.035822
vt 0.954161 0.037100
vt 0.954156 0.037375
vt 0.954370 0.037195
vt 0.973899 0.037573
vt 0.973623 0.035708
vt 0.973242 0.038777
vt 0.970072 0.036326
vt 0.959291 0.036564
vt 0.967697 0.033885
vt 0.967507 0.035708
vt 0.976824 0.035841
vt 0.976931 0.035958
vt 0.973242 0.036348
vt 0.973016 0.035793
vt 0.973218 0.035708
vt 0.977859 0.035205
vt 0.976813 0.034915
vt 0.977931 0.035411
vt 0.976526 0.036297
vt 0.961968 0.038598
vt 0.961795 0.038482
vt 0.961625 0.038398
vt 0.961555 0.033622
vt 0.968453 0.033971
vt 0.958336 0.008971
vt 0.975923 0.034197
vt 0.953895 0.011523
vt 0.953965 0.011091
vt 0.954436 0.011489
vt 0.952528 0.009168
vt 0.952177 0.008790
vt 0.952637 0.008971
vt 0.952389 0.009350
vt 0.976411 0.033386
vt 0.976981 0.033333
vt 0.976809 0.033411
vt 0.953406 0.010111
vt 0.976214 0.009228
vt 0.976239 0.008808
vt 0.949934 0.011983
vt 0.973242 0.037129
vt 0.973117 0.037158
vt 0.972956 0.036739
vt 0.977859 0.034485
vt 0.977993 0.034291
vt 0.977963 0.034501
vt 0.970001 0.035708
vt 0.970001 0.036092
vt 0.970012 0.036111
vt 0.976811 0.035112
vt 0.976902 0.035128
vt 0.976766 0.035317
vt 0.978647 0.037737
vt 0.978458 0.037806
vt 0.970069 0.036111
vt 0.970069 0.036316
vt 0.970001 0.036240
vt 0.954426 0.034282
vt 0.954468 0.034114
vt 0.976410 0.034621
vt 0.954185 0.034142
vt 0.959233 0.017936
vt 0.959149 0.016314
vt 0.968049 0.034286
vt 0.968235 0.034192
vt 0.971009 0.010207
vt 0.968189 0.039169
vt 0.954553 0.036952
vt 0.976981 0.008953
vt 0.959361 0.038055
vt 0.959547 0.037959
vt 0.959375 0.038062
vt 0.975784 0.038134
vt 0.954567 0.035414
vt 0.968083 0.036093
vt 0.977909 0.035001
vt 0.977959 0.035229
vt 0.973016 0.036288
vt 0.972954 0.036459
vt 0.979355 0.037651
vt 0.961405 0.033604
vt 0.976937 0.035968
vt 0.976967 0.035840
vt 0.976967 0.036149
vt 0.973737 0.037625
vt 0.973523 0.037962
vt 0.961530 0.038689
vt 0.977859 0.037325
vt 0.977982 0.037230
vt 0.977982 0.037498
vt 0.977944 0.035424
vt 0.978026 0.035411
vt 0.978026 0.035598
vt 0.977944 0.035598
vt 0.978008 0.035780
vt 0.977971 0.035780
vt 0.960304 0.037290
vt 0.951213 0.009957
vt 0.976657 0.036380
vt 0.970579 0.013565
vt 0.950797 0.009386
vt 0.950408 0.009734
vt 0.959008 0.034030
vt 0.967304 0.011208
vt 0.980503 0.038677
vt 0.973834 0.038486
vt 0.973242 0.035794
vt 0.976497 0.037282
vt 0.969279 0.038715
vt 0.967760 0.035679
vt 0.980521 0.036141
vt 0.979970 0.036056
vt 0.963760 0.038538
vt 0.961889 0.030694
vt 0.979949 0.033183
vt 0.962103 0.037274
vt 0.968131 0.009879
vt 0.967089 0.038304
vt 0.950753 0.013540
vt 0.978442 0.045687
vt 0.976981 0.034223
vt 0.962670 0.037181
vt 0.977976 0.036190
vt 0.959663 0.037572
vt 0.987525 0.032671
vt 0.976937 0.034216
vt 0.977890 0.035411
vt 0.977944 0.035802
vt 0.976867 0.035840
vt 0.973016 0.036739
vt 0.972956 0.037483
vt 0.977902 0.034091
vt 0.970061 0.035907
vt 0.978290 0.033150
vt 0.970050 0.036140
vt 0.976591 0.034994
vt 0.954346 0.034221
vt 0.969276 0.039284
vt 0.959654 0.037779
vt 0.970074 0.036327
vt 0.970001 0.036492
vt 0.978031 0.035598
vt 0.959974 0.037170
vt 0.975784 0.034322
vt 0.832894 0.760069
vt 0.970072 0.036326
vt 0.954185 0.034142
vt 0.639503 0.027437
vt 0.792277 0.182470
vt 0.638374 0.181340
vt 0.638374 0.391247
vt 0.793406 0.238473
vt 0.792277 0.392376
vt 0.820843 0.073116
vt 0.820843 0.136791
vt 0.747727 0.209907
vt 0.684053 0.209907
vt 0.610937 0.136791
vt 0.610937 0.073116
vt 0.684053 0.000000
vt 0.747727 0.000000
vt 0.793406 0.028567
vt 0.684053 0.209907
vt 0.747727 0.209907
vt 0.820843 0.283023
vt 0.820843 0.346698
vt 0.747727 0.419814
vt 0.684053 0.419813
vt 0.610937 0.346697
vt 0.610937 0.283023
vt 0.639503 0.237344
s 1
f 401/1/1 193/2/2 597/3/3
f 443/4/4 638/5/5 143/6/6
f 236/7/7 443/4/4 330/8/8
f 626/9/9 310/10/10 211/11/11
f 295/12/12 427/13/13 414/14/14
f 230/15/15 303/16/16 410/17/17
f 303/16/16 230/15/15 148/18/18
f 385/19/19 211/11/11 100/20/20
f 431/21/21 38/22/22 430/23/23
f 97/24/24 573/25/25 200/26/26
f 410/17/17 262/27/27 328/28/28
f 403/29/29 17/30/30 400/31/31
f 248/32/32 513/33/33 415/34/34
f 219/35/35 129/36/36 455/37/37
f 334/38/38 329/39/39 403/29/29
f 400/31/31 348/40/40 167/41/41
f 172/42/42 309/43/43 431/21/21
f 97/24/24 100/20/20 211/11/11
f 140/44/44 250/45/45 427/13/13
f 449/46/46 330/8/8 531/47/47
f 428/48/48 597/3/3 105/49/49
f 212/50/50 477/51/51 343/52/52
f 460/53/53 536/54/54 161/55/54
f 454/56/55 268/57/56 404/58/57
f 603/59/58 299/60/59 481/61/60
f 148/18/18 400/31/31 21/62/61
f 246/63/62 310/10/10 626/9/9
f 533/64/63 628/65/64 524/66/65
f 335/67/66 327/68/67 303/16/16
f 352/69/68 200/26/26 430/23/23
f 419/70/69 529/71/70 162/72/70
f 558/73/71 593/74/72 547/75/73
f 535/76/74 556/77/75 363/78/76
f 190/79/77 224/80/78 457/81/79
f 565/82/80 576/83/81 248/32/32
f 489/84/82 298/85/83 67/86/84
f 159/87/85 591/88/86 148/18/18
f 606/89/87 308/90/88 342/91/89
f 392/92/90 253/93/91 243/94/92
f 557/95/93 602/96/94 552/97/95
f 360/98/96 620/99/97 518/100/98
f 295/12/12 215/101/99 437/102/100
f 336/103/101 417/104/102 216/105/103
f 242/106/104 413/107/105 76/108/106
f 156/109/107 378/110/108 135/111/109
f 226/112/110 315/113/111 46/114/112
f 154/115/113 237/116/114 81/117/115
f 364/118/116 157/119/117 409/120/118
f 621/121/119 96/122/120 77/123/121
f 448/124/122 615/125/123 603/59/58
f 273/126/124 279/127/125 233/128/126
f 200/26/26 351/129/127 98/130/128
f 551/131/129 596/132/130 468/133/131
f 169/134/132 331/135/133 385/19/19
f 494/136/134 503/137/135 339/138/136
f 213/139/137 543/140/138 86/141/139
f 242/106/104 473/142/140 187/143/141
f 54/144/142 141/145/143 1/146/144
f 374/147/145 585/148/146 147/149/147
f 399/150/148 567/151/149 478/152/150
f 171/153/151 479/154/152 566/155/153
f 257/156/154 372/157/155 16/158/156
f 328/28/28 60/159/157 403/29/29
f 472/160/158 163/161/159 408/162/160
f 523/163/161 457/81/79 224/80/78
f 93/164/162 183/165/163 206/166/164
f 165/167/165 125/168/166 145/169/167
f 254/170/168 131/171/169 53/172/170
f 314/173/171 613/174/172 500/175/173
f 425/176/174 151/177/175 36/178/176
f 158/179/177 373/180/178 296/181/179
f 130/182/180 191/183/181 37/184/182
f 205/185/183 106/186/184 71/187/185
f 498/188/186 496/189/187 185/190/188
f 430/23/23 271/191/189 352/69/68
f 521/192/190 493/193/191 475/194/192
f 479/154/152 211/11/11 168/195/193
f 121/196/194 424/197/195 450/198/196
f 55/199/197 142/200/198 2/201/199
f 272/202/200 276/203/201 218/204/201
f 404/58/57 416/205/202 454/56/55
f 166/206/203 252/207/204 69/208/205
f 346/209/206 431/21/21 385/19/19
f 43/210/207 124/211/208 30/212/209
f 289/213/210 208/214/172 201/215/211
f 553/216/212 534/217/213 347/218/214
f 44/219/215 347/220/216 403/29/29
f 206/166/164 107/221/217 93/164/162
f 45/222/218 123/223/219 56/224/220
f 259/225/221 196/226/222 24/227/223
f 464/228/224 90/229/225 592/230/226
f 262/27/27 287/231/227 328/28/28
f 517/232/228 362/233/229 456/234/230
f 220/235/231 19/236/232 134/237/233
f 188/238/234 261/239/235 48/240/236
f 103/241/237 245/242/238 297/243/239
f 482/244/240 446/245/241 323/246/242
f 579/247/243 250/45/45 140/44/44
f 343/52/52 231/248/244 212/50/50
f 342/91/89 153/249/245 606/89/87
f 359/250/246 462/251/247 270/252/248
f 52/253/249 145/169/167 125/168/166
f 443/4/4 236/7/7 281/254/250
f 6/255/251 53/172/170 131/171/169
f 380/256/252 92/257/253 431/21/21
f 152/258/254 41/259/255 209/260/256
f 164/261/257 209/260/256 41/259/255
f 149/262/258 40/263/259 210/264/260
f 115/265/261 210/264/260 40/263/259
f 56/224/220 22/266/262 45/222/218
f 177/267/263 560/268/264 426/269/265
f 37/184/182 128/270/266 130/182/180
f 544/271/267 638/5/5 147/149/147
f 346/209/206 28/272/268 431/21/21
f 552/97/95 587/273/269 557/95/93
f 503/137/135 494/136/134 361/274/270
f 178/275/271 335/67/66 312/276/272
f 468/133/131 388/277/273 551/131/129
f 287/231/227 305/278/274 328/28/28
f 400/31/31 184/279/275 278/280/276
f 522/281/277 363/78/76 556/77/75
f 632/282/278 195/283/279 294/284/280
f 244/285/281 349/286/282 31/287/283
f 497/288/284 369/289/285 577/290/286
f 409/120/118 175/291/287 364/118/116
f 268/57/56 454/56/55 434/292/288
f 218/204/201 282/293/289 272/202/200
f 626/9/9 391/294/290 246/63/62
f 444/295/291 458/296/292 530/297/293
f 215/101/99 599/298/294 600/299/295
f 607/300/296 447/301/297 608/302/298
f 541/303/299 170/304/300 82/305/301
f 237/306/114 137/307/302 7/308/303
f 506/309/304 366/310/305 223/311/306
f 126/312/307 324/313/308 150/314/309
f 148/18/18 221/315/310 159/87/85
f 265/316/311 69/208/205 252/207/204
f 492/317/312 235/318/313 446/245/241
f 120/319/314 442/320/315 122/321/316
f 71/187/185 194/322/317 205/185/183
f 105/49/49 562/323/318 428/48/48
f 406/324/319 228/325/320 143/6/6
f 245/242/238 103/241/237 25/326/321
f 430/23/23 264/327/322 73/328/323
f 534/217/213 553/216/212 354/329/324
f 74/330/325 598/331/326 601/332/327
f 615/125/123 448/124/122 610/333/328
f 30/212/209 75/334/329 43/210/207
f 597/3/3 428/48/48 440/335/330
f 291/336/331 543/140/332 213/139/137
f 126/312/307 422/337/333 76/108/106
f 490/338/334 160/339/335 144/340/336
f 441/341/337 234/342/338 476/343/339
f 78/344/340 233/128/126 279/127/125
f 589/345/341 603/59/58 336/103/101
f 189/346/342 134/237/233 19/236/232
f 214/347/343 510/348/344 512/349/345
f 23/350/346 80/351/347 274/352/348
f 505/353/349 636/354/278 632/282/278
f 7/308/303 81/355/115 237/306/114
f 507/356/350 110/357/351 398/358/352
f 349/286/282 200/26/26 573/25/25
f 315/113/111 612/359/353 501/360/354
f 398/358/352 403/29/29 176/361/355
f 19/236/232 254/170/168 189/346/342
f 603/59/58 451/362/356 448/124/122
f 239/363/357 469/364/358 412/365/359
f 121/196/194 450/198/196 447/301/297
f 240/366/360 470/367/361 411/368/362
f 394/369/363 258/370/364 179/371/365
f 566/155/153 479/154/152 605/372/366
f 256/373/367 324/313/308 126/312/307
f 306/374/368 163/161/159 132/375/369
f 581/376/370 8/377/371 313/378/372
f 382/379/373 350/380/374 88/381/375
f 571/382/376 563/383/377 89/384/378
f 89/384/378 142/385/379 611/386/380
f 90/229/225 283/387/381 390/388/382
f 445/389/383 355/390/384 251/391/385
f 252/207/204 197/392/386 265/316/311
f 515/393/387 380/256/252 214/347/343
f 92/257/253 284/394/388 391/294/290
f 284/394/388 92/257/253 380/256/252
f 288/395/389 207/396/353 202/397/390
f 177/267/263 426/269/265 439/398/391
f 542/399/392 387/400/393 186/401/394
f 94/402/395 480/403/396 68/404/397
f 241/405/398 96/122/399 621/121/400
f 179/371/365 418/406/401 394/369/363
f 320/407/402 421/408/403 204/409/404
f 476/343/339 381/410/405 441/341/337
f 98/130/128 97/24/24 200/26/26
f 97/24/24 180/411/406 100/20/20
f 98/130/128 633/412/407 97/24/24
f 456/234/230 356/413/408 517/232/228
f 250/45/45 393/414/409 575/415/410
f 99/416/411 575/415/410 285/417/412
f 100/20/20 9/418/413 385/19/19
f 101/419/414 100/20/20 180/411/406
f 518/100/98 554/420/415 360/98/96
f 100/20/20 101/419/414 267/421/416
f 296/181/179 217/422/417 158/179/177
f 462/251/247 397/423/418 221/315/310
f 313/378/419 103/424/420 297/425/421
f 103/424/420 313/378/419 367/426/422
f 520/427/423 181/428/424 498/429/186
f 403/29/29 329/39/39 44/219/215
f 250/45/45 482/244/240 427/13/13
f 635/430/425 497/288/284 263/431/426
f 436/432/427 374/147/145 453/433/428
f 208/214/172 289/213/210 484/434/429
f 437/102/100 375/435/430 295/12/12
f 207/396/353 288/395/389 485/436/431
f 546/437/432 547/75/73 593/74/72
f 200/26/26 352/69/68 269/438/433
f 261/239/235 232/439/231 220/235/231
f 83/440/434 487/441/435 526/442/436
f 110/357/351 509/443/437 511/444/438
f 514/445/439 464/228/224 592/230/226
f 111/446/440 141/447/441 609/448/442
f 570/449/443 564/450/444 111/446/440
f 429/451/445 449/46/46 531/47/47
f 10/452/446 112/453/447 50/454/448
f 465/455/449 357/456/450 82/305/301
f 146/457/451 257/156/154 405/458/154
f 187/143/141 291/459/452 280/460/453
f 396/461/454 153/249/455 342/91/456
f 589/345/341 433/462/457 423/463/458
f 318/464/459 411/368/362 470/367/361
f 195/283/279 116/465/460 594/466/461
f 251/391/385 249/467/462 445/389/383
f 31/287/283 561/468/463 244/285/281
f 117/469/464 504/470/465 133/471/466
f 262/27/27 410/17/17 303/16/16
f 524/66/65 641/472/467 533/64/63
f 139/473/468 168/195/193 211/11/11
f 39/474/469 435/475/470 459/476/471
f 198/477/472 266/478/473 285/479/474
f 371/480/475 248/32/32 576/83/81
f 193/2/2 401/1/1 414/14/14
f 447/301/297 607/300/296 121/196/194
f 421/408/403 302/481/476 204/409/404
f 203/482/477 326/483/478 198/477/479
f 2/484/199 56/224/220 123/223/219
f 599/298/294 215/101/99 358/485/480
f 1/486/144 30/212/209 124/211/208
f 74/330/325 568/487/481 598/331/326
f 125/168/166 34/488/482 52/253/249
f 375/435/430 586/489/483 295/12/12
f 126/312/307 293/490/484 256/373/367
f 293/490/484 413/107/105 242/106/104
f 283/387/381 90/229/225 464/228/224
f 127/491/485 501/360/354 612/359/353
f 128/270/266 57/492/486 11/493/487
f 147/149/147 57/494/488 544/271/267
f 320/407/402 595/495/489 300/496/490
f 129/36/36 300/496/490 241/497/491
f 497/288/284 577/290/286 549/498/492
f 11/493/487 130/182/180 128/270/266
f 131/171/169 35/499/493 6/255/251
f 591/88/86 495/500/494 491/501/495
f 379/502/496 584/503/497 617/504/498
f 569/505/499 132/375/369 617/504/498
f 133/471/500 322/506/501 389/507/502
f 322/506/501 378/110/503 156/109/107
f 79/508/504 338/509/505 508/510/506
f 298/85/83 488/511/507 527/512/508
f 171/153/151 573/25/25 479/154/152
f 304/513/509 31/287/283 171/153/151
f 603/59/58 423/463/458 451/362/356
f 423/463/458 603/59/58 589/345/341
f 368/514/510 136/515/511 168/195/193
f 471/516/512 344/517/513 136/515/511
f 137/307/514 307/518/515 340/519/516
f 137/307/302 24/227/223 196/226/222
f 387/400/393 542/399/392 345/520/517
f 248/32/32 371/480/475 370/521/518
f 139/473/468 255/522/519 337/523/520
f 139/473/468 337/523/520 420/524/521
f 140/44/44 34/525/522 578/526/523
f 140/44/44 578/526/523 353/527/524
f 564/450/444 141/447/441 111/446/440
f 30/212/209 1/486/144 141/528/143
f 563/383/377 142/385/379 89/384/378
f 56/224/220 2/484/199 142/529/198
f 634/530/525 406/324/319 143/6/6
f 540/531/526 143/6/6 638/5/5
f 174/532/527 377/533/528 345/520/517
f 144/340/336 407/534/529 490/338/334
f 539/535/530 281/254/250 236/7/7
f 145/169/167 10/452/446 165/167/165
f 247/536/531 529/71/532 419/70/533
f 113/537/534 146/457/535 405/458/536
f 453/433/428 572/538/537 436/432/427
f 638/5/5 443/4/4 299/60/59
f 132/375/369 569/505/499 306/374/368
f 457/81/79 87/539/538 190/79/77
f 148/18/18 462/251/247 221/315/310
f 148/18/18 270/252/248 462/251/247
f 66/540/539 384/541/540 358/485/480
f 2/201/199 149/262/258 55/199/197
f 4/542/541 3/543/542 150/314/309
f 548/544/543 150/314/309 3/543/542
f 530/297/293 580/545/544 444/295/291
f 270/252/248 316/546/545 359/250/246
f 1/146/144 152/258/254 54/144/142
f 222/547/546 386/548/547 568/487/481
f 153/249/455 396/461/454 452/549/548
f 459/476/471 119/550/549 153/249/245
f 298/85/83 489/84/82 488/511/507
f 48/240/236 154/115/113 188/238/234
f 502/551/550 546/437/432 616/552/551
f 60/159/157 328/28/28 305/278/274
f 537/553/552 478/152/150 567/151/149
f 333/554/553 478/152/150 537/553/554
f 157/119/117 37/184/182 191/183/181
f 432/555/555 157/556/556 364/557/557
f 36/178/176 301/558/558 425/176/174
f 36/559/559 246/63/62 391/294/290
f 35/560/493 265/316/311 197/392/386
f 495/500/494 591/88/86 159/87/85
f 350/380/374 565/82/80 88/381/375
f 474/561/560 88/381/375 160/339/335
f 161/55/54 402/562/561 460/53/53
f 294/284/562 244/563/281 561/564/463
f 445/389/383 390/388/382 355/390/384
f 162/72/70 528/565/563 419/70/69
f 163/161/159 625/566/564 395/567/565
f 163/161/159 306/374/368 625/566/564
f 412/568/566 454/56/55 416/205/202
f 13/569/567 412/365/359 469/364/358
f 250/45/45 579/247/243 393/414/409
f 50/454/448 165/167/165 10/452/446
f 42/570/568 500/175/173 613/174/172
f 500/175/569 284/571/570 630/572/571
f 400/31/31 167/41/41 21/62/61
f 486/573/572 545/574/573 574/575/574
f 493/193/575 368/576/576 420/577/577
f 420/577/577 435/475/578 39/474/579
f 494/136/134 555/578/580 178/579/581
f 385/19/19 9/418/413 169/134/132
f 67/86/84 298/85/83 170/304/300
f 170/304/300 340/580/582 307/581/583
f 399/150/148 376/582/584 383/583/585
f 504/470/586 304/584/587 376/582/584
f 431/21/21 28/272/268 172/42/42
f 499/585/588 522/281/277 623/586/589
f 46/114/112 259/225/221 226/112/110
f 501/360/590 283/587/591 629/588/592
f 344/517/513 471/516/512 619/589/593
f 618/590/594 377/533/528 174/532/527
f 8/377/371 581/376/370 63/591/595
f 63/591/595 175/592/596 409/593/597
f 176/361/355 491/501/495 83/440/434
f 176/361/355 83/440/434 398/358/352
f 439/398/391 260/594/598 177/267/263
f 443/4/4 481/61/60 299/60/59
f 538/595/599 178/579/581 555/578/580
f 335/67/66 178/275/271 59/596/600
f 179/371/601 631/597/602 292/598/603
f 292/598/603 418/406/604 179/371/601
f 532/599/605 456/234/230 362/233/229
f 633/412/407 332/600/606 97/24/24
f 496/189/187 558/73/71 588/601/607
f 329/602/608 334/603/608 104/604/608
f 545/574/573 486/573/572 182/605/609
f 346/209/206 385/19/19 331/135/133
f 183/165/163 52/253/249 34/488/482
f 560/268/264 177/267/263 281/254/250
f 184/279/275 400/31/31 17/30/30
f 639/606/610 627/607/611 525/608/612
f 547/75/73 588/601/607 558/73/71
f 5/609/613 269/610/614 352/611/615
f 383/612/616 171/153/151 566/155/153
f 186/401/394 582/613/617 383/612/616
f 274/352/348 590/614/618 23/350/346
f 280/460/453 29/615/619 187/143/141
f 110/357/351 507/356/350 509/443/437
f 81/117/115 188/238/234 154/115/113
f 79/508/504 508/510/506 510/348/344
f 53/172/170 189/346/342 254/170/168
f 223/311/306 438/616/620 506/309/304
f 138/617/621 370/521/518 12/618/622
f 49/619/623 635/430/425 63/591/595
f 191/183/181 49/620/624 157/119/117
f 266/621/625 192/622/626 18/623/627
f 382/379/373 18/623/627 350/380/374
f 497/288/284 597/3/3 193/2/2
f 193/2/2 263/431/426 497/288/284
f 105/49/49 549/498/492 562/323/318
f 194/322/317 11/493/487 57/492/486
f 389/507/502 636/354/628 505/353/629
f 636/354/628 389/507/502 516/624/630
f 196/226/222 7/308/303 137/307/302
f 592/230/226 511/444/438 514/445/439
f 197/392/386 6/625/251 35/560/493
f 214/347/343 512/349/345 515/393/387
f 198/477/479 70/626/631 203/482/477
f 285/417/474 70/627/632 198/628/472
f 310/10/10 466/629/633 255/522/519
f 199/630/634 65/631/635 51/632/636
f 200/26/26 82/305/301 170/304/300
f 200/26/26 465/455/449 82/305/301
f 440/335/330 570/449/443 229/633/637
f 75/334/329 201/215/211 208/214/172
f 439/398/391 571/382/376 260/594/598
f 22/266/262 202/397/390 207/396/353
f 395/567/638 326/634/639 203/635/640
f 604/636/641 477/637/642 212/638/643
f 204/409/404 463/639/644 595/495/489
f 595/495/489 320/407/402 204/409/404
f 57/492/486 205/185/183 194/322/317
f 585/148/146 57/494/488 147/149/147
f 586/489/483 34/525/522 140/44/44
f 34/488/482 206/166/164 183/165/163
f 215/101/99 600/299/295 437/102/100
f 207/396/353 45/222/218 22/266/262
f 572/538/537 601/332/327 436/432/427
f 208/214/172 43/210/207 75/334/329
f 209/260/256 54/144/142 152/258/254
f 404/58/57 609/448/442 416/205/202
f 89/384/378 611/386/380 417/104/102
f 210/264/260 55/199/197 149/262/258
f 211/11/11 573/25/25 97/24/24
f 573/25/25 211/11/11 479/154/152
f 112/640/645 449/46/46 429/451/445
f 112/453/447 212/50/50 231/248/244
f 114/641/646 475/194/192 493/193/191
f 475/194/192 280/642/647 291/336/331
f 510/348/344 214/347/343 79/508/504
f 430/23/23 298/85/83 431/21/21
f 358/485/480 215/101/99 66/540/539
f 401/1/1 607/300/296 414/14/14
f 216/105/103 411/643/648 318/644/649
f 411/643/648 216/105/103 417/104/102
f 425/645/650 14/646/651 359/250/246
f 14/647/651 217/422/652 296/181/653
f 218/204/201 78/344/340 64/648/340
f 268/57/56 434/292/288 424/197/195
f 455/37/37 379/502/496 219/35/35
f 219/35/35 472/160/158 408/162/160
f 220/235/654 527/649/655 488/650/656
f 220/235/231 48/240/236 261/239/235
f 69/208/205 314/173/171 166/206/203
f 519/651/435 159/87/85 221/315/310
f 568/487/481 74/330/325 222/547/546
f 638/5/5 299/60/59 572/538/537
f 12/652/657 438/616/658 223/311/659
f 582/613/617 186/401/394 387/400/393
f 192/622/626 266/621/625 371/480/475
f 224/80/78 120/319/314 523/163/161
f 16/653/660 357/456/450 113/654/534
f 225/655/661 16/158/156 372/157/155
f 24/227/223 226/112/110 259/225/221
f 226/112/662 541/656/663 82/657/664
f 227/658/665 37/659/666 157/556/556
f 37/659/666 227/658/665 544/271/267
f 228/325/320 604/636/641 429/451/445
f 228/325/320 204/409/404 302/481/476
f 404/58/57 401/1/1 229/633/637
f 111/446/440 229/633/637 570/449/443
f 29/615/619 590/614/618 274/352/348
f 230/15/15 270/252/248 148/18/18
f 579/247/243 50/660/667 231/661/668
f 231/248/244 50/454/448 112/453/447
f 232/439/669 526/662/670 487/663/671
f 19/236/232 220/235/231 232/439/231
f 233/128/126 26/664/672 273/126/124
f 26/665/673 433/462/457 216/105/103
f 234/342/338 77/123/121 96/122/120
f 160/339/335 490/338/334 474/561/560
f 446/245/241 235/318/313 8/377/371
f 8/377/371 382/379/373 313/378/372
f 236/7/7 10/666/674 145/667/675
f 449/46/46 112/640/645 10/666/674
f 307/581/515 137/668/514 237/669/676
f 67/86/677 237/669/676 154/670/678
f 51/632/636 238/671/679 199/630/634
f 238/672/680 316/546/545 396/673/454
f 41/259/255 239/363/357 164/261/257
f 41/674/681 610/333/682 448/124/122
f 40/263/259 240/366/360 115/265/261
f 40/675/683 608/302/684 447/301/297
f 3/543/542 241/497/491 461/676/685
f 379/502/496 455/37/37 584/503/497
f 478/152/150 333/554/553 322/506/501
f 187/143/141 559/677/686 242/106/104
f 95/678/687 243/94/92 253/93/91
f 3/543/542 461/676/685 548/544/543
f 529/679/532 247/680/531 550/681/688
f 550/682/688 402/562/689 161/55/690
f 245/242/238 72/683/691 175/291/287
f 143/6/6 540/531/526 634/530/525
f 246/684/62 458/296/692 444/295/693
f 466/685/694 65/631/695 199/630/696
f 465/455/449 200/26/26 349/286/282
f 146/686/535 113/654/534 247/680/531
f 513/33/33 248/32/32 624/687/697
f 370/521/518 138/617/621 248/32/32
f 516/688/698 23/350/346 249/467/462
f 410/17/17 23/350/346 590/614/618
f 575/415/410 99/416/411 250/45/45
f 482/244/240 250/45/45 99/416/411
f 516/624/630 116/465/699 195/283/700
f 251/689/701 536/54/702 460/53/703
f 91/690/704 252/207/705 166/206/706
f 252/207/705 91/690/704 515/691/707
f 174/532/527 619/589/593 618/590/594
f 253/93/91 20/692/708 95/678/687
f 254/170/709 83/693/710 491/694/711
f 83/693/710 254/170/709 19/236/712
f 255/695/713 308/90/714 606/89/715
f 199/696/696 255/522/713 466/629/694
f 506/309/716 256/697/717 293/698/718
f 256/697/717 87/539/719 457/81/720
f 257/156/154 146/457/451 32/699/451
f 528/700/721 355/390/384 390/388/382
f 258/370/364 86/141/139 543/140/138
f 136/515/511 368/514/510 471/516/512
f 259/225/722 173/701/723 514/702/724
f 173/701/723 259/225/722 46/114/725
f 89/384/378 260/594/598 571/382/376
f 443/4/4 260/594/598 481/61/60
f 526/662/670 232/439/669 261/239/726
f 109/703/727 261/239/726 188/238/728
f 303/16/16 277/704/729 262/27/27
f 262/27/27 118/705/730 290/706/731
f 63/591/595 263/431/426 323/246/242
f 263/431/426 63/591/595 635/430/425
f 534/217/213 525/608/612 627/607/611
f 264/327/322 430/23/23 38/22/22
f 159/707/732 265/316/733 35/560/734
f 265/316/733 159/707/732 519/708/735
f 266/478/473 442/320/736 120/319/737
f 120/319/737 371/709/738 266/478/473
f 518/100/98 538/710/599 583/711/739
f 100/20/20 267/421/416 9/418/413
f 607/300/296 401/1/1 121/196/194
f 424/197/195 121/196/194 268/57/56
f 269/712/740 5/713/741 275/714/742
f 200/26/26 269/438/433 351/129/127
f 590/614/618 29/615/619 467/715/743
f 467/715/743 396/673/454 316/546/545
f 73/328/323 271/191/189 430/23/23
f 498/429/186 622/716/744 520/427/423
f 84/717/745 272/202/200 282/293/289
f 469/718/746 448/124/122 451/362/356
f 85/719/747 273/126/124 26/664/672
f 470/720/748 447/301/297 450/198/196
f 274/352/348 187/143/141 29/615/619
f 187/143/141 274/352/348 559/677/686
f 546/437/432 502/551/550 108/721/749
f 269/712/740 275/714/742 108/722/750
f 78/723/751 423/463/458 433/462/457
f 78/344/340 218/204/201 276/203/201
f 524/66/65 532/599/605 640/724/752
f 118/705/730 262/27/27 277/704/729
f 522/281/277 499/585/588 61/725/753
f 278/280/276 348/40/40 400/31/31
f 424/197/195 279/726/754 273/727/755
f 279/127/125 64/648/340 78/344/340
f 452/549/548 459/476/756 153/249/455
f 280/642/647 475/194/192 114/641/757
f 52/728/758 281/254/759 539/535/530
f 281/254/759 52/728/758 183/729/760
f 282/730/761 434/292/288 454/56/55
f 282/293/289 13/569/567 84/717/745
f 283/587/591 501/360/590 127/491/762
f 283/731/591 372/732/763 257/733/764
f 284/571/570 500/175/569 42/570/765
f 284/734/570 373/735/766 158/736/767
f 235/318/313 492/317/312 18/623/627
f 266/621/625 18/623/627 492/317/312
f 483/737/768 551/131/129 388/277/273
f 286/738/435 98/739/435 351/740/435
f 262/27/27 290/706/731 287/231/227
f 15/741/769 155/742/770 287/231/227
f 426/269/265 288/743/771 202/744/772
f 288/395/389 93/164/162 107/221/217
f 428/48/48 289/745/773 201/746/774
f 289/213/210 71/187/185 106/186/184
f 517/232/228 483/747/768 15/748/775
f 15/741/769 287/231/227 290/706/731
f 291/459/452 187/143/141 473/142/140
f 631/749/776 76/108/106 422/337/333
f 150/314/309 548/544/543 292/750/777
f 422/337/333 126/312/307 150/314/309
f 293/698/718 366/310/778 506/309/716
f 68/404/779 293/698/718 333/554/553
f 244/563/281 294/284/562 62/751/780
f 594/466/461 294/284/280 195/283/279
f 140/44/44 295/12/12 586/489/483
f 427/13/13 295/12/12 140/44/44
f 613/174/781 221/752/782 397/753/418
f 102/754/783 296/181/179 373/180/178
f 175/592/596 63/591/595 581/376/370
f 175/291/287 297/243/239 245/242/238
f 527/512/508 79/508/504 298/85/83
f 431/21/21 298/85/83 79/508/504
f 572/538/537 299/60/59 615/125/123
f 603/59/58 615/125/123 299/60/59
f 96/122/399 241/405/398 300/755/784
f 300/756/784 381/757/785 476/758/786
f 301/558/558 158/179/177 217/422/417
f 391/294/290 301/759/787 36/559/559
f 421/408/403 395/567/565 302/481/476
f 604/636/641 228/325/320 302/481/476
f 327/68/67 47/760/788 303/16/16
f 277/704/729 303/16/16 47/760/788
f 304/584/587 504/470/586 117/469/789
f 561/564/463 632/282/790 294/284/562
f 305/278/274 287/231/227 155/742/770
f 502/551/550 468/133/131 596/132/130
f 306/374/791 457/761/720 523/762/792
f 457/81/720 306/763/791 569/764/793
f 170/304/300 307/581/583 67/86/84
f 237/669/676 67/86/677 307/581/515
f 255/695/713 199/630/696 308/90/714
f 308/90/88 199/630/634 238/671/679
f 38/22/22 431/21/21 309/43/43
f 525/608/612 535/76/74 639/606/610
f 139/473/468 211/11/11 310/10/10
f 255/522/519 139/473/468 310/10/10
f 28/765/435 346/766/435 311/767/435
f 499/768/588 552/97/95 602/96/94
f 503/137/135 574/575/574 545/574/573
f 312/276/272 148/18/18 21/62/61
f 88/381/375 313/378/372 382/379/373
f 88/381/375 367/426/794 313/378/372
f 221/752/782 613/174/781 314/173/795
f 221/752/782 314/173/795 69/208/796
f 82/657/664 612/359/797 315/113/798
f 82/657/664 315/113/798 226/112/662
f 316/546/545 580/769/799 530/770/800
f 316/771/545 238/671/680 51/632/801
f 317/772/608 167/773/608 348/774/608
f 486/573/572 557/95/93 587/273/269
f 216/105/103 318/644/649 26/665/673
f 26/664/672 318/464/459 85/719/747
f 347/775/608 44/776/608 319/777/608
f 553/216/212 520/427/423 622/716/744
f 300/496/490 129/36/36 320/407/402
f 421/408/403 320/407/402 408/162/160
f 554/420/415 533/64/63 641/472/467
f 321/778/435 267/779/435 101/780/435
f 322/781/802 80/351/347 23/350/346
f 80/351/347 322/781/802 333/782/803
f 8/377/371 323/246/242 446/245/241
f 63/591/595 323/246/242 8/377/371
f 4/542/541 150/314/309 324/313/308
f 256/373/367 4/542/541 324/313/308
f 555/578/580 583/783/739 538/595/599
f 169/784/435 9/785/435 325/786/435
f 326/483/478 122/321/316 442/320/315
f 122/787/804 625/566/805 306/374/791
f 327/68/67 335/67/66 59/596/600
f 538/710/599 518/100/98 620/99/97
f 592/230/226 90/229/225 328/28/28
f 445/389/383 410/17/17 328/28/28
f 496/189/187 498/188/186 181/788/424
f 44/789/608 329/790/608 181/791/608
f 531/47/47 330/8/8 143/6/6
f 143/6/6 330/8/8 443/4/4
f 58/792/806 182/793/807 331/794/808
f 331/795/809 169/796/810 339/138/136
f 532/599/605 524/66/65 628/65/64
f 180/411/406 97/24/24 332/600/606
f 333/782/803 242/106/104 80/351/347
f 242/106/104 333/782/803 293/490/484
f 593/74/72 616/552/551 546/437/432
f 403/29/29 60/159/157 334/38/38
f 148/18/18 312/276/272 335/67/66
f 335/67/66 303/16/16 148/18/18
f 260/594/598 89/384/378 336/103/101
f 417/104/102 336/103/101 89/384/378
f 435/475/578 420/577/577 337/797/811
f 606/89/715 337/797/811 255/695/713
f 527/649/655 220/235/654 134/237/812
f 338/798/813 134/237/812 189/346/814
f 545/574/573 339/138/136 503/137/135
f 339/799/815 58/792/806 331/794/808
f 340/519/516 24/227/816 137/307/514
f 541/656/663 226/112/662 24/227/816
f 309/800/435 172/801/435 341/802/435
f 556/77/75 623/586/589 522/281/277
f 396/461/454 342/91/456 238/671/680
f 238/671/679 342/91/89 308/90/88
f 70/627/632 285/417/474 575/415/817
f 70/626/631 343/52/52 477/51/51
f 186/401/394 605/372/366 542/399/392
f 619/589/593 174/532/527 344/517/513
f 637/803/818 345/520/517 624/687/697
f 345/520/517 513/33/33 624/687/697
f 346/804/819 331/795/820 182/605/609
f 587/273/269 182/605/609 486/573/572
f 627/607/611 347/218/214 534/217/213
f 17/30/30 403/29/29 347/220/216
f 61/805/608 348/806/608 278/807/608
f 602/96/94 61/808/753 499/768/588
f 349/286/282 550/681/821 247/680/822
f 247/680/822 465/455/449 349/286/282
f 576/83/81 565/82/80 614/809/823
f 192/622/626 350/380/374 18/623/627
f 596/132/130 108/721/749 502/551/550
f 108/721/749 351/810/824 269/610/825
f 185/811/435 352/812/435 271/813/435
f 588/601/607 185/190/188 496/189/187
f 353/527/524 165/814/826 50/660/667
f 165/814/826 353/527/524 578/526/523
f 622/716/744 354/329/324 553/216/212
f 354/815/435 73/816/435 264/817/435
f 536/818/702 251/391/701 355/390/384
f 355/819/384 528/565/721 162/72/827
f 356/413/408 633/820/828 98/821/829
f 483/747/768 517/232/228 356/413/408
f 612/359/797 82/657/664 357/822/450
f 357/822/450 16/158/660 225/655/830
f 358/485/831 2/823/832 123/824/833
f 2/823/832 358/485/831 384/541/834
f 530/770/800 359/250/246 316/546/545
f 359/825/246 151/177/835 425/176/650
f 641/472/467 360/98/96 554/420/415
f 47/826/608 327/827/608 360/828/608
f 361/829/608 178/830/608 312/831/608
f 178/579/581 361/274/270 494/136/134
f 362/233/229 640/724/752 532/599/605
f 362/832/608 290/833/608 118/834/608
f 363/78/76 639/606/610 535/76/74
f 363/835/608 278/836/608 184/837/608
f 72/683/691 364/118/116 175/291/287
f 364/557/557 540/531/836 432/555/555
f 582/838/837 480/403/838 94/402/839
f 223/311/659 365/839/840 12/652/657
f 293/698/718 68/404/779 366/310/778
f 366/310/305 68/404/397 480/403/396
f 88/381/375 474/561/560 367/426/794
f 367/840/422 234/342/841 441/341/842
f 86/141/843 471/841/844 368/576/576
f 368/576/576 493/193/575 521/192/845
f 369/289/285 191/842/846 130/843/847
f 635/430/425 49/619/623 191/842/846
f 438/616/658 12/652/657 370/844/848
f 190/79/849 370/844/848 371/709/738
f 371/709/738 120/319/737 224/80/850
f 371/709/738 224/80/850 190/79/849
f 372/157/155 127/491/485 225/655/661
f 283/587/591 127/491/762 372/157/763
f 373/180/178 42/570/568 102/754/783
f 284/571/570 42/570/765 373/180/766
f 585/148/146 374/147/145 106/845/851
f 208/846/852 484/847/853 374/147/145
f 586/489/483 375/435/430 107/848/854
f 207/849/855 485/850/856 375/435/430
f 171/153/151 376/851/857 304/513/509
f 171/153/151 383/612/616 376/851/857
f 513/33/33 345/520/517 377/533/528
f 407/534/529 144/340/336 377/533/528
f 378/110/108 133/471/466 504/470/465
f 322/506/501 133/471/500 378/110/503
f 379/502/496 617/504/498 132/375/369
f 379/502/496 132/375/369 219/35/35
f 380/256/252 630/852/858 284/394/388
f 380/256/252 515/393/387 91/853/859
f 25/854/860 595/495/861 463/639/862
f 381/410/405 25/326/321 103/241/237
f 382/379/373 8/377/371 235/318/313
f 18/623/627 382/379/373 235/318/313
f 94/402/839 383/583/585 582/838/837
f 383/583/585 567/151/149 399/150/148
f 384/541/834 149/855/863 2/823/832
f 608/302/684 40/675/683 149/855/863
f 211/11/11 385/19/19 626/9/9
f 431/21/21 92/257/253 385/19/19
f 386/548/864 152/856/865 1/857/866
f 610/333/682 41/674/681 152/856/865
f 345/520/517 637/803/818 387/400/393
f 365/858/867 387/400/393 637/803/818
f 388/277/868 155/859/868 15/860/868
f 388/277/273 15/860/775 483/737/768
f 23/350/346 389/861/869 322/781/802
f 23/350/346 516/688/698 389/861/869
f 390/862/382 257/156/764 32/699/870
f 257/156/764 390/862/382 283/587/591
f 391/863/290 158/179/767 301/558/787
f 158/179/767 391/863/290 284/571/570
f 392/92/871 490/864/872 407/865/873
f 77/123/121 392/92/90 621/121/119
f 231/661/668 393/414/874 579/247/243
f 393/414/874 231/661/668 343/866/875
f 394/369/876 619/867/877 471/841/844
f 20/692/708 394/369/363 418/406/401
f 203/635/640 33/868/878 395/567/638
f 33/868/879 302/481/476 395/567/565
f 29/615/619 452/869/880 396/673/454
f 396/673/454 467/715/743 29/615/619
f 296/870/653 397/423/418 14/646/651
f 397/753/418 296/181/653 102/754/881
f 398/358/352 109/871/882 507/356/350
f 526/442/436 398/358/352 83/440/434
f 376/582/584 399/150/148 135/111/883
f 135/111/109 399/150/148 156/109/107
f 400/31/31 176/361/355 403/29/29
f 591/88/86 400/31/31 148/18/18
f 401/1/1 268/57/56 121/196/194
f 401/1/1 404/58/57 268/57/56
f 402/562/561 594/466/461 116/465/460
f 244/563/281 62/751/780 402/562/689
f 328/28/28 403/29/29 592/230/226
f 403/29/29 398/358/352 110/357/351
f 609/448/442 404/58/57 111/446/440
f 229/633/637 111/446/440 404/58/57
f 16/158/156 405/458/154 257/156/154
f 113/537/534 405/458/536 16/158/660
f 463/639/644 204/409/404 406/324/319
f 228/325/320 406/324/319 204/409/404
f 407/865/873 253/93/884 392/92/871
f 377/533/528 618/590/594 407/534/529
f 129/36/36 408/162/160 320/407/402
f 408/162/160 129/36/36 219/35/35
f 63/591/595 409/593/597 49/619/623
f 409/120/118 157/119/117 49/620/624
f 410/17/17 249/467/462 23/350/346
f 445/389/383 249/467/462 410/17/17
f 417/104/102 115/872/885 411/643/648
f 411/368/362 115/265/261 240/366/360
f 412/365/359 164/261/257 239/363/357
f 416/205/202 164/873/886 412/568/566
f 126/312/307 76/108/106 413/107/105
f 293/490/484 126/312/307 413/107/105
f 414/14/14 215/101/99 295/12/12
f 414/14/14 607/300/296 215/101/99
f 160/339/335 415/34/34 144/340/336
f 248/32/32 415/34/34 565/82/80
f 416/205/202 209/874/887 164/873/886
f 209/874/887 416/205/202 609/448/442
f 417/104/102 210/875/888 115/872/885
f 210/875/888 417/104/102 611/386/380
f 418/406/401 95/678/687 20/692/708
f 418/406/604 292/598/603 548/876/889
f 146/457/451 419/70/69 528/565/563
f 247/536/531 419/70/533 146/457/535
f 420/524/521 168/195/193 139/473/468
f 168/195/193 420/524/521 368/514/510
f 395/567/565 421/408/403 163/161/159
f 421/408/403 408/162/160 163/161/159
f 422/337/333 292/750/777 631/749/776
f 292/750/777 422/337/333 150/314/309
f 423/463/458 276/877/890 272/878/891
f 423/463/458 78/723/751 276/877/890
f 424/197/195 64/879/892 279/726/754
f 64/879/892 424/197/195 434/292/288
f 14/647/651 425/176/650 217/422/652
f 217/422/417 425/176/174 301/558/558
f 426/269/265 93/880/893 288/743/771
f 93/880/893 426/269/265 560/268/894
f 193/2/2 427/13/13 482/244/240
f 414/14/14 427/13/13 193/2/2
f 428/48/48 71/881/895 289/745/773
f 71/881/895 428/48/48 562/323/896
f 429/451/445 212/638/643 112/640/645
f 212/638/643 429/451/445 604/636/641
f 170/304/300 430/23/23 200/26/26
f 170/304/300 298/85/83 430/23/23
f 431/21/21 214/347/343 380/256/252
f 214/347/343 431/21/21 79/508/504
f 157/556/556 432/555/555 227/658/665
f 638/5/5 432/555/555 540/531/526
f 433/462/457 26/665/673 233/882/897
f 433/462/457 233/882/897 78/723/751
f 434/292/288 218/883/898 64/879/892
f 434/292/288 282/730/761 218/883/898
f 337/797/811 119/550/899 435/475/578
f 119/550/549 459/476/471 435/475/470
f 208/846/852 436/432/427 601/332/327
f 374/147/145 436/432/427 208/846/852
f 207/849/855 437/102/100 600/299/295
f 375/435/430 437/102/100 207/849/855
f 438/616/620 190/79/77 87/539/538
f 370/844/848 190/79/849 438/616/658
f 571/382/376 439/398/391 202/744/772
f 202/744/772 439/398/391 426/269/265
f 570/449/443 440/335/330 201/746/774
f 201/746/774 440/335/330 428/48/48
f 367/840/422 441/341/842 103/241/420
f 103/241/237 441/341/337 381/410/405
f 442/320/315 198/477/479 326/483/478
f 266/478/473 198/477/472 442/320/736
f 281/254/250 177/267/263 443/4/4
f 260/594/598 443/4/4 177/267/263
f 65/631/635 444/295/291 580/545/544
f 466/685/694 444/295/693 65/631/695
f 390/388/382 445/389/383 90/229/225
f 445/389/383 328/28/28 90/229/225
f 446/245/241 99/416/411 492/317/312
f 99/416/411 446/245/241 482/244/240
f 447/301/297 240/884/900 40/675/683
f 447/301/297 470/720/748 240/884/900
f 448/124/122 239/885/901 41/674/681
f 448/124/122 469/718/746 239/885/901
f 10/666/674 236/7/7 449/46/46
f 330/8/8 449/46/46 236/7/7
f 273/727/755 450/198/196 424/197/195
f 450/198/196 273/727/755 85/886/902
f 451/362/356 272/878/891 84/887/903
f 272/878/891 451/362/356 423/463/458
f 29/615/619 280/460/453 452/869/880
f 459/476/756 452/549/548 280/642/647
f 572/538/537 453/433/428 638/5/5
f 147/149/147 453/433/428 374/147/145
f 454/56/55 13/888/904 282/730/761
f 454/56/55 412/568/566 13/888/904
f 241/497/491 455/37/37 129/36/36
f 241/497/491 3/543/542 455/37/37
f 27/889/905 456/234/230 532/599/605
f 456/234/230 27/889/905 356/413/408
f 246/684/62 36/178/559 458/296/692
f 458/296/292 36/178/176 151/177/175
f 280/642/647 114/641/757 459/476/756
f 459/476/471 114/641/646 39/474/469
f 116/465/460 460/53/53 402/562/561
f 251/689/701 460/53/703 116/465/699
f 461/890/906 243/94/907 95/678/908
f 243/94/907 461/890/906 241/405/398
f 462/251/247 14/646/651 397/423/418
f 462/251/247 359/250/246 14/646/651
f 634/530/909 72/891/910 245/892/911
f 463/639/862 245/892/911 25/854/860
f 464/228/224 514/445/439 173/893/912
f 464/228/224 629/894/913 283/387/381
f 465/455/449 113/654/534 357/456/450
f 465/455/449 247/680/822 113/654/534
f 310/10/10 246/63/62 466/629/633
f 444/895/693 466/629/694 246/63/62
f 316/546/545 270/252/248 467/715/743
f 467/715/743 270/252/248 230/15/15
f 468/133/131 155/859/914 388/277/273
f 155/859/914 468/133/131 502/551/550
f 451/362/356 84/887/903 469/718/746
f 469/364/358 84/717/745 13/569/567
f 470/367/361 85/719/747 318/464/459
f 450/198/196 85/886/902 470/720/748
f 471/841/844 258/370/915 394/369/876
f 471/841/844 86/141/843 258/370/915
f 472/160/158 132/375/369 163/161/159
f 472/160/158 219/35/35 132/375/369
f 291/459/452 473/142/140 76/108/106
f 473/142/140 242/106/104 76/108/106
f 234/342/841 367/840/422 474/896/916
f 474/896/916 77/123/917 234/342/841
f 291/336/331 213/139/137 475/194/192
f 475/194/192 213/139/137 521/192/190
f 300/756/784 476/758/786 96/897/399
f 96/122/120 476/343/339 234/342/338
f 33/868/878 203/635/640 477/637/642
f 477/51/51 203/482/477 70/626/631
f 322/506/501 156/109/107 478/152/150
f 478/152/150 156/109/107 399/150/148
f 605/372/366 479/154/152 136/515/511
f 168/195/193 136/515/511 479/154/152
f 480/403/396 223/311/306 366/310/305
f 365/839/840 223/311/659 480/403/838
f 336/103/101 481/61/60 260/594/598
f 481/61/60 336/103/101 603/59/58
f 193/2/2 482/244/240 263/431/426
f 323/246/242 263/431/426 482/244/240
f 98/821/829 483/747/768 356/413/408
f 483/737/768 98/898/829 286/899/918
f 484/847/853 106/845/851 374/147/145
f 106/186/184 484/434/429 289/213/210
f 107/221/217 485/436/431 288/395/389
f 485/850/856 107/848/854 375/435/430
f 167/900/919 486/573/572 21/901/920
f 486/573/572 167/900/919 317/902/921
f 487/663/671 19/236/712 232/439/669
f 19/236/712 487/663/671 83/693/710
f 488/650/656 48/240/922 220/235/654
f 48/240/922 488/650/656 489/903/923
f 489/903/923 154/115/678 48/240/922
f 154/115/678 489/903/923 67/904/677
f 77/123/917 474/896/916 490/864/872
f 490/864/872 392/92/871 77/123/917
f 131/905/924 491/501/711 495/500/925
f 491/694/711 131/171/924 254/170/709
f 285/417/412 492/317/312 99/416/411
f 492/317/312 285/417/412 266/621/625
f 420/577/577 39/474/579 493/193/575
f 493/193/191 39/474/469 114/641/646
f 494/136/134 169/796/810 325/906/926
f 169/796/810 494/136/134 339/138/136
f 35/560/734 495/907/925 159/707/732
f 495/500/925 35/908/734 131/905/924
f 329/909/927 496/189/187 181/788/424
f 496/189/187 329/909/927 104/910/928
f 549/498/492 105/49/49 497/288/284
f 597/3/3 497/288/284 105/49/49
f 498/429/186 271/911/929 73/912/930
f 271/913/929 498/188/186 185/190/188
f 28/914/931 499/585/588 172/915/932
f 499/768/588 28/916/931 311/917/933
f 630/572/571 166/206/706 500/175/569
f 500/175/173 166/206/203 314/173/171
f 629/588/592 46/114/725 501/360/590
f 501/360/354 46/114/112 315/113/111
f 305/918/934 502/551/550 60/919/935
f 502/551/550 305/918/934 155/859/914
f 503/137/135 312/920/936 21/901/920
f 312/920/936 503/137/135 361/274/270
f 376/582/584 135/111/883 504/470/586
f 504/470/465 135/111/109 378/110/108
f 389/507/502 505/353/629 133/471/500
f 133/471/466 505/353/349 117/469/464
f 256/697/717 506/309/716 87/539/719
f 87/539/538 506/309/304 438/616/620
f 188/238/728 507/921/937 109/703/727
f 507/921/937 188/238/728 81/117/938
f 508/922/939 189/346/814 53/172/940
f 189/346/814 508/922/939 338/798/813
f 509/443/941 81/923/938 7/924/942
f 81/117/938 509/925/941 507/921/937
f 510/348/943 53/926/940 6/927/944
f 53/172/940 510/928/943 508/922/939
f 511/929/945 7/308/942 196/226/946
f 7/924/942 511/444/945 509/443/941
f 512/930/947 6/625/944 197/392/948
f 6/927/944 512/349/947 510/348/943
f 415/34/34 513/33/33 144/340/336
f 377/533/528 144/340/336 513/33/33
f 196/226/946 514/702/724 511/929/945
f 514/702/724 196/226/946 259/225/722
f 197/392/948 515/691/707 512/930/947
f 515/691/707 197/392/948 252/207/705
f 249/467/462 251/391/385 516/688/698
f 116/931/699 516/688/630 251/391/701
f 290/932/949 517/232/228 15/748/775
f 517/232/228 290/932/949 362/233/229
f 267/933/950 518/100/98 9/934/951
f 518/100/98 267/933/950 321/935/952
f 519/708/735 69/208/796 265/316/733
f 69/208/796 519/708/735 221/752/782
f 520/427/423 44/936/953 181/428/424
f 44/936/953 520/427/423 553/216/212
f 86/141/139 521/192/190 213/139/137
f 368/576/576 521/192/845 86/141/843
f 278/937/954 522/281/277 61/725/753
f 522/281/277 278/937/954 363/78/76
f 122/321/316 523/163/161 120/319/314
f 306/374/791 523/762/792 122/787/804
f 277/938/955 524/66/65 118/939/956
f 524/66/65 277/938/955 47/940/957
f 525/608/612 38/941/958 309/942/959
f 38/941/958 525/608/612 534/217/213
f 261/239/726 109/703/727 526/662/670
f 398/358/352 526/442/436 109/871/882
f 134/237/812 338/798/813 527/649/655
f 79/508/504 527/512/508 338/509/505
f 528/565/563 32/699/451 146/457/451
f 390/388/382 32/943/870 528/700/721
f 550/682/688 161/55/690 529/71/532
f 161/55/54 162/72/70 529/71/70
f 359/825/246 530/297/800 151/177/835
f 151/177/175 530/297/293 458/296/292
f 429/451/445 531/47/47 228/325/320
f 228/325/320 531/47/47 143/6/6
f 532/599/605 332/944/960 27/889/905
f 332/944/960 532/599/605 180/945/961
f 533/64/63 101/946/962 180/945/961
f 101/946/962 533/64/63 554/420/415
f 264/947/963 534/217/213 354/329/324
f 534/217/213 264/947/963 38/941/958
f 309/942/959 535/76/74 525/608/612
f 535/76/74 309/942/959 341/948/964
f 162/72/70 161/55/54 536/54/54
f 355/819/384 162/72/827 536/54/702
f 333/554/553 537/553/554 68/404/779
f 68/404/397 537/553/552 94/402/395
f 59/949/965 538/710/599 620/99/97
f 538/595/599 59/950/965 178/579/581
f 539/535/530 145/667/675 52/728/758
f 145/667/675 539/535/530 236/7/7
f 72/891/910 634/530/909 540/531/836
f 540/531/836 364/557/557 72/891/910
f 170/304/300 541/303/299 340/580/582
f 24/227/816 340/519/516 541/656/663
f 345/520/517 542/399/392 174/532/527
f 344/517/513 174/532/527 542/399/392
f 631/597/602 179/371/601 543/140/332
f 543/140/138 179/371/365 258/370/364
f 544/271/267 128/951/966 37/659/666
f 128/951/966 544/271/267 57/494/488
f 545/574/573 58/952/967 339/138/136
f 58/952/967 545/574/573 182/605/609
f 275/953/968 546/437/432 108/721/749
f 546/437/432 275/953/968 5/609/613
f 547/75/73 5/609/613 352/611/615
f 5/609/613 547/75/73 546/437/432
f 548/876/889 95/678/908 418/406/604
f 95/678/908 548/876/889 461/890/906
f 11/954/969 549/498/970 577/290/286
f 549/498/970 11/954/969 194/955/971
f 349/286/282 244/285/281 550/681/821
f 402/956/689 550/681/688 244/285/281
f 551/131/129 286/899/918 351/810/824
f 286/899/918 551/131/129 483/737/768
f 311/917/933 552/97/95 499/768/588
f 552/97/95 311/917/933 346/804/819
f 319/957/972 553/216/212 347/218/214
f 553/216/212 319/957/972 44/936/953
f 554/420/415 321/935/952 101/946/962
f 321/935/952 554/420/415 518/100/98
f 325/906/926 555/578/580 494/136/134
f 555/578/580 325/906/926 9/958/951
f 556/77/75 341/948/964 172/915/932
f 341/948/964 556/77/75 535/76/74
f 317/902/921 557/95/93 486/573/572
f 557/95/93 317/902/921 348/959/973
f 558/73/71 104/910/928 334/960/974
f 104/910/928 558/73/71 496/189/187
f 242/106/104 559/677/686 80/351/347
f 559/677/686 274/352/348 80/351/347
f 183/729/760 560/268/894 281/254/759
f 560/268/894 183/729/760 93/880/893
f 632/282/790 561/564/463 304/584/587
f 31/287/283 304/513/509 561/468/463
f 562/323/896 194/955/971 71/881/895
f 194/955/971 562/323/896 549/498/970
f 22/961/975 56/962/976 563/383/377
f 142/385/379 563/383/377 56/962/976
f 141/447/441 564/450/444 30/963/977
f 75/964/978 30/963/977 564/450/444
f 160/339/335 88/381/375 565/82/80
f 565/82/80 415/34/34 160/339/335
f 383/612/616 566/155/153 186/401/394
f 605/372/366 186/401/394 566/155/153
f 567/151/149 94/402/395 537/553/552
f 383/583/585 94/402/839 567/151/149
f 568/487/481 1/857/866 124/965/979
f 1/857/866 568/487/481 386/548/864
f 617/504/498 256/373/367 569/505/499
f 457/81/720 569/764/793 256/697/717
f 564/450/444 570/449/443 75/964/978
f 201/746/774 75/964/978 570/449/443
f 563/383/377 571/382/376 22/961/975
f 202/744/772 22/961/975 571/382/376
f 615/125/123 74/330/325 572/538/537
f 601/332/327 572/538/537 74/330/325
f 573/25/25 31/287/283 349/286/282
f 31/287/283 573/25/25 171/153/151
f 574/575/574 21/901/920 486/573/572
f 21/901/920 574/575/574 503/137/135
f 575/415/817 343/866/875 70/627/632
f 343/866/875 575/415/817 393/414/874
f 614/809/823 192/622/626 576/83/81
f 371/480/475 576/83/81 192/622/626
f 130/843/847 577/290/286 369/289/285
f 577/290/286 130/843/847 11/954/969
f 125/966/980 578/526/523 34/525/522
f 578/526/523 125/966/980 165/814/826
f 140/44/44 353/527/524 579/247/243
f 50/660/667 579/247/243 353/527/524
f 580/545/544 51/632/636 65/631/635
f 316/771/545 51/632/801 580/545/799
f 297/425/421 581/376/370 313/378/419
f 581/376/370 297/425/421 175/592/596
f 387/400/393 365/858/867 582/613/617
f 480/403/838 582/838/837 365/839/840
f 9/958/951 583/783/739 555/578/580
f 583/711/739 9/934/951 518/100/98
f 3/543/542 584/503/497 455/37/37
f 3/543/542 4/542/541 584/503/497
f 106/845/851 205/967/981 585/148/146
f 57/494/488 585/148/146 205/967/981
f 107/848/854 206/968/982 586/489/483
f 34/525/522 586/489/483 206/968/982
f 346/804/819 587/273/269 552/97/95
f 587/273/269 346/804/819 182/605/609
f 588/601/607 352/611/615 185/190/188
f 352/611/615 588/601/607 547/75/73
f 216/105/103 589/345/341 336/103/101
f 589/345/341 216/105/103 433/462/457
f 590/614/618 467/715/743 230/15/15
f 230/15/15 410/17/17 590/614/618
f 591/88/86 176/361/355 400/31/31
f 491/501/495 176/361/355 591/88/86
f 110/357/351 592/230/226 403/29/29
f 511/444/438 592/230/226 110/357/351
f 593/74/72 334/960/974 60/919/935
f 334/960/974 593/74/72 558/73/71
f 402/562/561 62/751/983 594/466/461
f 62/751/983 294/284/280 594/466/461
f 638/5/5 227/658/665 432/555/555
f 638/5/5 544/271/267 227/658/665
f 595/495/861 25/854/860 381/969/785
f 381/970/785 300/971/784 595/972/861
f 596/132/130 351/810/824 108/721/749
f 351/810/824 596/132/130 551/131/129
f 440/335/330 229/633/637 597/3/3
f 597/3/3 229/633/637 401/1/1
f 124/965/979 598/331/326 568/487/481
f 598/331/326 124/965/979 43/973/984
f 599/298/294 123/824/833 45/974/985
f 123/824/833 599/298/294 358/485/831
f 600/299/295 45/974/985 207/849/855
f 45/974/985 600/299/295 599/298/294
f 601/332/327 43/973/984 208/846/852
f 43/973/984 601/332/327 598/331/326
f 348/959/973 602/96/94 557/95/93
f 602/96/94 348/959/973 61/808/753
f 477/637/642 604/636/641 33/868/878
f 302/481/476 33/868/879 604/636/641
f 542/399/392 605/372/366 344/517/513
f 136/515/511 344/517/513 605/372/366
f 337/797/811 606/89/715 119/550/899
f 119/550/549 606/89/87 153/249/245
f 66/540/539 215/101/99 607/300/296
f 608/302/298 66/540/539 607/300/296
f 66/540/539 608/302/298 384/541/540
f 149/855/863 384/541/834 608/302/684
f 609/448/442 54/975/986 209/874/887
f 54/975/986 609/448/442 141/447/441
f 222/547/546 610/333/328 386/548/547
f 152/856/865 386/548/864 610/333/682
f 611/386/380 55/976/987 210/875/888
f 55/976/987 611/386/380 142/385/379
f 357/822/450 225/655/830 612/359/797
f 612/359/353 225/655/661 127/491/485
f 397/753/418 102/754/881 613/174/781
f 613/174/172 102/754/783 42/570/568
f 350/380/374 614/809/823 565/82/80
f 350/380/374 192/622/626 614/809/823
f 610/333/328 222/547/546 615/125/123
f 74/330/325 615/125/123 222/547/546
f 616/552/551 60/919/935 502/551/550
f 60/919/935 616/552/551 593/74/72
f 256/373/367 617/504/498 4/542/541
f 4/542/541 617/504/498 584/503/497
f 253/93/884 407/865/873 618/977/988
f 618/977/988 20/692/989 253/93/884
f 619/867/877 394/369/876 20/692/989
f 20/692/989 618/977/988 619/867/877
f 620/99/97 327/978/990 59/949/965
f 327/978/990 620/99/97 360/98/96
f 241/405/398 621/121/400 243/94/907
f 243/94/92 621/121/119 392/92/90
f 73/912/930 622/716/744 498/429/186
f 622/716/744 73/912/930 354/329/324
f 623/586/589 172/915/932 499/585/588
f 172/915/932 623/586/589 556/77/75
f 138/617/621 624/687/697 248/32/32
f 624/687/697 138/617/621 637/803/818
f 326/634/639 395/567/638 625/566/805
f 625/566/805 122/787/804 326/634/639
f 626/9/9 385/19/19 92/257/253
f 391/294/290 626/9/9 92/257/253
f 17/979/991 627/607/611 639/606/610
f 627/607/611 17/979/991 347/218/214
f 180/945/961 628/65/64 533/64/63
f 628/65/64 180/945/961 532/599/605
f 464/228/224 173/893/912 629/894/913
f 46/114/725 629/588/592 173/701/723
f 380/256/252 91/853/859 630/852/858
f 166/206/706 630/572/571 91/690/704
f 543/140/332 291/336/331 631/597/602
f 76/108/106 631/749/776 291/459/452
f 304/584/587 117/469/789 632/282/790
f 632/282/278 117/469/464 505/353/349
f 332/980/435 633/981/435 27/982/435
f 633/820/828 356/413/408 27/889/905
f 245/892/911 463/639/862 634/530/909
f 406/324/319 634/530/525 463/639/644
f 191/842/846 369/289/285 635/430/425
f 497/288/284 635/430/425 369/289/285
f 195/283/279 632/282/278 636/354/278
f 516/624/630 195/283/700 636/354/628
f 12/618/622 637/803/818 138/617/621
f 637/803/818 12/618/622 365/858/867
f 453/433/428 147/149/147 638/5/5
f 639/606/610 184/983/992 17/979/991
f 184/983/992 639/606/610 363/78/76
f 118/939/956 640/724/752 362/233/229
f 640/724/752 118/939/956 524/66/65
f 47/940/957 641/472/467 524/66/65
f 641/472/467 47/940/957 360/98/96
f 1708/984/993 1294/985/994 1594/986/995
f 1338/987/996 1095/988/997 720/989/998
f 1845/990/999 1696/991/1000 1136/992/1001
f 1763/993/1002 985/994/1003 1821/995/1004
f 1785/996/1005 1623/997/1006 1824/998/1007
f 1710/999/1008 1372/1000/1009 920/1001/1010
f 894/1002/1011 1677/1003/1012 1601/1004/1013
f 1803/1005/1014 1756/1006/1015 1237/1007/1016
f 1695/1008/1017 1049/1009/1018 1373/1010/1019
f 1077/1011/1020 1327/1012/1021 1063/1013/1022
f 832/1014/1023 1361/1015/1024 1875/1016/1025
f 1644/1017/1026 1567/1018/1027 1697/1019/1028
f 1333/1020/1029 1750/1021/1030 1237/1007/1016
f 1373/1010/1019 1049/1009/1018 1755/1022/1031
f 1675/1023/1032 985/994/1003 1763/993/1002
f 1356/1024/1033 1827/1025/1034 998/1026/1035
f 1056/1027/1036 1331/1028/1037 1666/1029/1038
f 1593/1030/1039 994/1031/1040 1868/1032/1041
f 1751/1033/1042 956/1034/1043 1534/1035/1044
f 1711/1036/1045 1178/1037/1046 1039/1038/1047
f 800/1039/1048 1125/1040/1049 1614/1041/1050
f 1192/1042/1051 832/1014/1023 1435/1043/1052
f 720/989/998 1371/1044/1053 1140/1045/1054
f 1237/1007/1016 1056/1027/1036 1803/1005/1014
f 709/1046/1055 1362/1047/1056 1357/1048/1057
f 1306/1049/1058 1376/1050/1059 1066/1051/1060
f 1345/1052/1061 963/1053/1062 1814/1054/1063
f 994/1031/1040 1122/1055/1064 1642/1056/1065
f 1574/1057/1066 1813/1058/1067 1549/1059/1068
f 1527/1060/1069 1240/1061/1070 1877/1062/1071
f 1204/1063/1072 1889/1064/1073 727/1065/1074
f 1462/1066/1075 1881/1067/1076 1709/1068/1077
f 1034/1069/1078 1229/1070/1079 1759/1071/1080
f 1141/1072/1081 1317/1073/1082 1496/1074/1083
f 1789/1075/1084 821/1076/1085 1850/1077/1086
f 961/1078/1087 1299/1079/1088 1205/1080/1089
f 1565/1081/1090 709/1046/1055 755/1082/1091
f 1550/1083/1092 1823/1084/1093 1573/1085/1094
f 1561/1086/1095 846/1087/1096 1439/1088/1097
f 1056/1027/1036 930/1089/1098 859/1090/1099
f 808/1091/1100 911/1092/1101 1695/1008/1017
f 1888/1093/1102 1364/1094/1103 1054/1095/1104
f 1147/1096/1105 1887/1097/1106 1772/1098/1107
f 1510/1099/1108 1835/1100/1109 695/1101/1110
f 1644/1017/1026 1177/1102/1111 980/1103/1112
f 1807/1104/1113 1443/1105/1114 1032/1106/1115
f 1327/1012/1021 1077/1011/1020 812/1107/1116
f 1399/1108/1117 1388/1109/1118 758/1110/1119
f 1861/1111/1120 1287/1112/1121 1616/1113/1122
f 1589/1114/1123 1560/1115/1124 1828/1116/1125
f 1468/1117/1126 1492/1118/1127 1749/1119/1128
f 1740/1120/1129 1380/1121/1130 1851/1122/1131
f 1205/1080/1089 1686/1123/1132 1414/1124/1133
f 1549/1059/1068 1822/1125/1134 1574/1057/1066
f 842/1126/1135 1747/1127/1136 1481/1128/1137
f 1391/1129/1138 1785/996/1005 1708/984/993
f 1227/1130/1139 1667/1131/1140 1049/1009/1018
f 1540/1132/1141 1802/1133/1142 1530/1134/1143
f 1466/1135/1144 1497/1136/1145 1752/1137/1146
f 1451/1138/1147 1171/1139/1148 696/1140/1149
f 1551/1141/1150 1862/1142/1151 1639/1143/1152
f 805/1144/1153 1773/1145/1154 1508/1146/1155
f 1590/1147/1156 1559/1148/1157 801/1149/1158
f 1673/1150/1159 1691/1151/1160 1368/1152/1161
f 1640/1153/1162 956/1034/1043 1109/1154/1163
f 1713/1155/1164 895/1156/1165 1432/1157/1166
f 1490/1158/1167 772/1159/1168 1515/1160/1169
f 781/1161/1170 790/1162/1171 1470/1163/1172
f 1062/1164/1173 1699/1165/1174 1797/1166/1175
f 787/1167/1176 1587/1168/1177 1841/1169/1178
f 1121/1170/1179 1007/1171/1180 1855/1172/1181
f 1424/1173/1182 1253/1174/1183 1446/1175/1184
f 1388/1109/1118 1809/1176/1185 1704/1177/1186
f 703/1178/1187 1738/1179/1188 1461/1180/1189
f 1469/1181/1190 1470/1163/1172 790/1162/1171
f 978/1182/1191 836/1183/1192 771/1184/1193
f 1343/1185/1194 1298/1186/1195 1681/1187/1196
f 1771/1188/1197 1907/1189/1198 1079/1190/1199
f 1161/1191/1200 1775/1192/1201 1873/1193/1202
f 1517/1194/1203 1800/1195/1204 1532/1196/1205
f 1753/1197/1206 867/1198/1207 1482/1199/1208
f 1152/1200/1209 1158/1201/1210 1899/1202/1211
f 1696/991/1000 1581/1203/1212 1395/1204/1213
f 1079/1190/1199 1883/1205/1214 1771/1188/1197
f 1080/1206/1215 1884/1207/1216 1774/1208/1217
f 1816/1209/1218 1355/1210/1219 1736/1211/1220
f 1445/1212/1221 1185/1213/1222 1423/1214/1223
f 1764/1215/1224 1872/1216/1225 1776/1217/1226
f 1903/1218/1227 1917/1219/1228 1151/1220/1229
f 1532/1196/1205 1779/1221/1230 1517/1194/1203
f 1461/1180/1189 1475/1222/1231 1743/1223/1232
f 1425/1224/1233 866/1225/1234 1441/1226/1235
f 1481/1128/1137 1442/1227/1236 896/1228/1237
f 1587/1168/1177 787/1167/1176 815/1229/1238
f 1869/1230/1239 1209/1231/1240 1075/1232/1241
f 1050/1233/1242 1832/1234/1243 1008/1235/1244
f 1559/1148/1157 785/1236/1245 1525/1237/1246
f 1457/1238/1247 1467/1239/1248 1742/1240/1249
f 1673/1150/1159 1368/1152/1161 1647/1241/1250
f 1560/1115/1124 819/1242/1251 1523/1243/1252
f 1681/1187/1196 995/1244/1253 1343/1185/1194
f 1687/1245/1254 892/1246/1255 1693/1247/1256
f 865/1248/1257 1688/1249/1258 1703/1250/1259
f 1501/1251/1260 1787/1252/1261 1521/1253/1262
f 1763/993/1002 1100/1254/1263 1675/1023/1032
f 1053/1255/1264 1906/1256/1265 1146/1257/1266
f 878/1258/1267 720/989/998 1095/988/997
f 1448/1259/1268 1717/1260/1269 1422/1261/1270
f 1752/1137/1146 870/1262/1271 1466/1135/1144
f 786/1263/1272 1831/1264/1273 1582/1265/1274
f 1508/1146/1155 1544/1266/1275 805/1144/1153
f 1444/1267/1276 795/1268/1277 1436/1269/1278
f 1796/1270/1279 1024/1271/1280 1472/1272/1281
f 1418/1273/1282 1347/1274/1283 1856/1275/1284
f 1909/1276/1285 1360/1277/1286 1148/1278/1287
f 1237/1007/1016 1354/1279/1288 1333/1020/1029
f 1615/1280/1289 1588/1281/1290 1003/1282/1291
f 1564/1283/1292 1868/1032/1041 994/1031/1040
f 1530/1134/1143 853/1284/1293 1540/1132/1141
f 712/1285/1294 934/1286/1295 1163/1287/1296
f 1106/1288/1297 1230/1289/1298 861/1290/1299
f 1649/1291/1300 1257/1292/1301 1258/1293/1302
f 1742/1240/1249 849/1294/1303 1457/1238/1247
f 1149/1295/1304 1765/1296/1305 1908/1297/1306
f 1573/1085/1094 902/1298/1307 1550/1083/1092
f 1797/1166/1175 1073/1299/1308 1305/1300/1309
f 1356/1024/1033 1259/1301/1310 1255/1302/1311
f 648/1303/1312 1741/1304/1313 1471/1305/1314
f 1441/1226/1235 877/1306/1315 1425/1224/1233
f 1577/1307/1316 1112/1308/1317 1636/1309/1318
f 1281/1310/1319 1798/1311/1320 669/1312/1321
f 1378/1313/1322 1707/1314/1323 1548/1315/1324
f 1714/1316/1325 1382/1317/1326 1548/1315/1324
f 1428/1318/1327 1093/1319/1328 1491/1320/1329
f 1537/1321/1330 1799/1322/1331 1535/1323/1332
f 1781/1324/1333 1025/1325/1334 1597/1326/1335
f 1567/1018/1027 1041/1327/1336 822/1328/1337
f 1463/1329/1338 1471/1305/1314 1741/1304/1313
f 727/1065/1074 1207/1330/1339 1204/1063/1072
f 720/989/998 755/1082/1091 709/1046/1055
f 956/1034/1043 1110/1331/1340 1674/1332/1341
f 1478/1333/1342 897/1334/1343 1447/1335/1344
f 1219/1336/1345 1337/1337/1346 1123/1338/1347
f 1692/1339/1348 1295/1340/1349 1284/1341/1350
f 1292/1342/1351 1163/1343/1296 1081/1344/1352
f 967/1345/1353 1051/1346/1354 1379/1347/1355
f 1117/1348/1356 736/1349/1357 1661/1350/1358
f 1166/1351/1359 1211/1352/1360 1527/1060/1069
f 1475/1222/1231 1498/1353/1361 660/1354/1362
f 1259/1301/1310 1356/1024/1033 998/1026/1035
f 1165/1355/1363 1786/1356/1364 1528/1357/1365
f 715/1358/1366 1891/1359/1367 1383/1360/1368
f 1901/1361/1369 1369/1362/1370 1770/1363/1371
f 953/1364/1372 1131/1365/1373 769/1366/1374
f 1014/1367/1375 840/1368/1376 1811/1369/1377
f 967/1345/1353 1918/1370/1378 1051/1346/1354
f 1442/1227/1236 898/1371/1379 1434/1372/1380
f 1515/1160/1169 1777/1373/1381 1490/1158/1167
f 1177/1102/1111 1312/1374/1382 1626/1375/1383
f 1567/1018/1027 1411/1376/1384 1041/1327/1336
f 1588/1281/1290 1615/1280/1289 856/1377/1385
f 1012/1378/1386 1306/1049/1058 1768/1379/1387
f 1528/1357/1365 1241/1380/1388 1876/1381/1389
f 1782/1382/1390 1650/1383/1391 1056/1027/1036
f 1638/1384/1392 1410/1385/1393 1042/1386/1394
f 1493/1387/1395 1525/1388/1246 785/1389/1245
f 1055/1390/1396 1167/1391/1397 1413/1392/1398
f 1535/1323/1332 1794/1393/1399 1537/1321/1330
f 1709/1068/1077 1243/1394/1400 1248/1395/1401
f 1815/1396/1402 1247/1397/1403 1244/1398/1404
f 1137/1399/1405 1342/1400/1406 1659/1401/1407
f 1511/1402/1408 1689/1403/1409 1552/1404/1410
f 1263/1405/1411 1647/1241/1250 1368/1152/1161
f 1749/1119/1128 828/1406/1412 1468/1117/1126
f 1447/1335/1344 873/1407/1413 1478/1333/1342
f 726/1408/1414 1585/1409/1415 1308/1410/1416
f 925/1411/1417 1210/1412/1418 1208/1413/1419
f 1212/1414/1420 1578/1415/1421 1394/1416/1422
f 1044/1417/1423 1299/1418/1424 961/1419/1425
f 1804/1420/1426 1503/1421/1427 1300/1422/1428
f 1520/1423/1429 1804/1424/1430 1531/1425/1431
f 1719/1426/1432 1126/1427/1433 1579/1428/1434
f 1850/1077/1086 1526/1429/1435 1789/1075/1084
f 1446/1175/1184 1184/1430/1436 1424/1173/1182
f 1662/1431/1437 993/1432/1438 1338/987/996
f 993/1432/1438 969/1433/1439 1396/1434/1440
f 1407/1435/1441 669/1312/1321 1798/1311/1320
f 1460/1436/1442 1816/1209/1218 942/1437/1443
f 1897/1438/1444 1582/1265/1274 1831/1264/1273
f 860/1439/1445 1551/1141/1150 1186/1440/1446
f 1601/1004/1013 1500/1441/1447 894/1002/1011
f 1169/1442/1448 1658/1443/1449 1522/1444/1450
f 1095/988/997 1332/1445/1451 878/1258/1267
f 1054/1095/1104 1760/1446/1452 1888/1093/1102
f 1071/1447/1453 1682/1448/1454 1757/1449/1455
f 1001/1450/1456 1609/1451/1457 932/1452/1458
f 736/1349/1357 968/1453/1459 1397/1454/1460
f 1195/1455/1461 1072/1456/1462 1304/1457/1463
f 1812/1458/1464 1453/1459/1465 1013/1460/1466
f 832/1014/1023 1192/1042/1051 1361/1015/1024
f 1492/1118/1127 1523/1461/1252 819/1462/1251
f 1890/1463/1467 1231/1464/1468 1272/1465/1469
f 1569/1466/1470 1318/1467/1471 1719/1426/1432
f 1338/987/996 1275/1468/1472 1662/1431/1437
f 1325/1469/1473 1338/987/996 709/1046/1055
f 1324/1470/1474 1199/1471/1475 951/1472/1476
f 1636/1309/1318 740/1473/1477 1577/1307/1316
f 740/1473/1477 1105/1474/1478 1580/1475/1479
f 1128/1476/1480 1276/1477/1481 1067/1478/1482
f 1559/1148/1157 1590/1147/1156 1842/1479/1483
f 1153/1480/1484 1774/1208/1217 1884/1207/1216
f 1104/1481/1485 1157/1482/1486 1904/1483/1487
f 1095/988/997 1695/1008/1017 911/1092/1101
f 1024/1484/1488 1718/1485/1489 1047/1486/1490
f 1801/1487/1491 1459/1488/1492 927/1489/1493
f 958/1490/1494 1270/1491/1495 1200/1492/1496
f 1560/1115/1124 1589/1114/1123 689/1493/1497
f 1782/1382/1390 1277/1494/1498 1068/1495/1499
f 1384/1496/1500 1661/1350/1358 1315/1497/1501
f 1875/1016/1025 1138/1498/1502 1474/1499/1503
f 1531/1425/1431 872/1500/1504 1520/1423/1429
f 994/1031/1040 1111/1501/1505 1564/1283/1292
f 1061/1502/1506 1701/1503/1507 1195/1455/1461
f 746/1504/1508 1232/1505/1509 1273/1506/1510
f 1696/991/1000 1395/1204/1213 862/1507/1511
f 1146/1257/1266 1885/1508/1512 1053/1255/1264
f 1788/1509/1513 1598/1510/1514 1836/1511/1515
f 748/1512/1516 1660/1513/1517 1235/1514/1518
f 1150/1515/1519 1153/1480/1484 1366/1516/1520
f 1480/1517/1521 1490/1158/1167 1777/1373/1381
f 1394/1416/1422 1215/1518/1522 1212/1414/1420
f 1726/1519/1523 1090/1520/1524 1250/1521/1525
f 1577/1307/1316 1113/1522/1526 1668/1523/1527
f 1025/1325/1334 1286/1524/1528 1087/1525/1529
f 646/1526/1530 960/1527/1531 1859/1528/1532
f 1866/1529/1533 1285/1530/1534 1088/1531/1535
f 645/1532/1536 1805/1533/1537 1860/1534/1538
f 1637/1535/1539 1096/1536/1540 1670/1537/1541
f 1422/1261/1270 1433/1538/1542 1716/1539/1543
f 1413/1392/1398 1254/1540/1544 1055/1390/1396
f 660/1354/1362 1743/1223/1232 1475/1222/1231
f 1168/1541/1545 895/1542/1546 1713/1543/1547
f 754/1544/1548 873/1545/1549 675/1546/1550
f 1565/1081/1090 1282/1547/1551 1854/1548/1552
f 755/1082/1091 720/989/998 1140/1045/1054
f 1658/1443/1449 1169/1442/1448 1288/1549/1553
f 978/1182/1191 1536/1550/1554 1283/1551/1555
f 963/1053/1062 1082/1552/1556 1665/1553/1557
f 997/1554/1558 1069/1555/1559 1784/1556/1560
f 1140/1045/1054 1319/1557/1561 755/1082/1091
f 1663/1558/1562 1645/1559/1563 1381/1560/1564
f 709/1046/1055 1357/1048/1057 1325/1469/1473
f 1808/1561/1565 1444/1267/1276 1031/1562/1566
f 1761/1563/1567 1160/1564/1568 1910/1565/1569
f 1483/1566/1570 1711/1036/1045 1333/1020/1029
f 696/1140/1149 1203/1567/1571 1451/1138/1147
f 1103/1568/1572 1820/1569/1573 1261/1570/1574
f 1434/1372/1380 1429/1571/1575 1721/1572/1576
f 1113/1522/1526 762/1573/1577 1721/1574/1578
f 1821/995/1004 985/994/1003 1274/1575/1579
f 1443/1105/1114 666/1576/1580 1437/1577/1581
f 1723/1578/1582 1626/1579/1583 1312/1580/1584
f 1730/1581/1585 1507/1582/1586 1575/1583/1587
f 1415/1584/1588 1566/1585/1589 1349/1586/1590
f 1702/1587/1591 1089/1588/1592 1715/1589/1593
f 1865/1590/1594 1091/1591/1595 1505/1592/1596
f 1013/1460/1466 810/1593/1597 1812/1458/1464
f 1791/1594/1598 1271/1595/1599 942/1437/1600
f 1719/1426/1432 1223/1596/1601 1569/1466/1470
f 1719/1426/1432 1084/1597/1602 1223/1596/1601
f 784/1598/1603 1739/1599/1604 1307/1600/1605
f 766/1601/1606 1592/1602/1607 1610/1603/1608
f 1020/1604/1609 767/1605/1610 886/1606/1611
f 1817/1607/1612 1192/1042/1051 975/1608/1613
f 1431/1609/1614 927/1489/1493 1459/1488/1492
f 945/1610/1615 769/1366/1374 1227/1130/1139
f 1748/1611/1616 1335/1612/1617 1115/1613/1618
f 1292/1614/1351 1767/1615/1619 1606/1616/1620
f 1530/1617/1143 1515/1160/1169 772/1159/1168
f 1868/1032/1041 1101/1618/1621 1218/1619/1622
f 1437/1577/1581 1418/1273/1282 986/1620/1623
f 1143/1621/1624 1315/1497/1501 1326/1622/1625
f 1498/1353/1361 1517/1194/1203 1779/1221/1230
f 1363/1623/1626 1217/1624/1627 1216/1625/1628
f 1471/1305/1314 1469/1181/1190 648/1303/1312
f 925/1411/1417 1208/1413/1419 1207/1330/1339
f 1155/1626/1629 1772/1098/1107 1887/1097/1106
f 1293/1627/1630 1300/1422/1428 1503/1421/1427
f 777/1628/1631 1086/1629/1632 1591/1630/1633
f 1052/1631/1634 1628/1632/1635 1314/1633/1636
f 1173/1634/1637 778/1635/1638 788/1636/1639
f 1612/1637/1640 1176/1638/1641 779/1639/1642
f 1639/1143/1152 1186/1440/1446 1551/1141/1150
f 1610/1603/1608 1915/1640/1643 766/1601/1606
f 1461/1180/1189 1463/1329/1338 703/1178/1187
f 1889/1064/1073 1204/1063/1072 1202/1641/1644
f 1248/1395/1401 1462/1066/1075 1709/1068/1077
f 1777/1373/1381 781/1161/1170 1480/1517/1521
f 1470/1163/1172 1480/1517/1521 781/1161/1170
f 1578/1415/1421 1212/1414/1420 1210/1412/1418
f 1158/1201/1210 1152/1200/1209 1895/1642/1645
f 1595/1643/1646 1230/1289/1298 1829/1644/1647
f 1678/1645/1648 1689/1403/1409 1648/1646/1649
f 785/1389/1245 1746/1647/1650 1493/1387/1395
f 829/1648/1651 1262/1649/1652 1266/1650/1653
f 786/1651/1654 1665/1553/1557 1082/1552/1556
f 1496/1074/1083 1586/1652/1655 1141/1072/1081
f 1741/1304/1313 703/1178/1187 1463/1329/1338
f 1734/1653/1656 1255/1302/1311 1247/1397/1403
f 1196/1654/1657 678/1655/1658 1604/1656/1659
f 1118/1657/1660 1426/1658/1661 1662/1431/1437
f 788/1636/1639 649/1659/1662 1173/1634/1637
f 1151/1660/1229 1154/1661/1663 1902/1662/1664
f 1237/1007/1016 1756/1006/1015 1354/1279/1288
f 724/1663/1665 1244/1398/1404 1243/1394/1400
f 790/1162/1171 648/1303/1312 1469/1181/1190
f 1481/1128/1137 1502/1664/1666 842/1126/1135
f 1726/1519/1523 1250/1521/1525 1512/1665/1667
f 1695/1008/1017 1762/1666/1668 1374/1667/1669
f 1225/1668/1670 1839/1669/1671 1323/1670/1672
f 792/1671/1673 1239/1672/1674 1076/1673/1675
f 1034/1674/1676 883/1675/1677 1027/1676/1678
f 1315/1497/1501 1653/1677/1679 983/1678/1680
f 1847/1679/1681 794/1680/1682 1075/1232/1241
f 1754/1681/1683 794/1680/1682 1847/1679/1681
f 1419/1682/1684 1436/1269/1278 795/1268/1277
f 1819/1683/1685 1066/1051/1060 1571/1684/1686
f 998/1026/1035 1216/1625/1628 1259/1301/1310
f 1475/1222/1231 1461/1180/1189 1738/1179/1188
f 1358/1685/1687 1302/1686/1688 1725/1687/1689
f 1011/1688/1690 796/1689/1691 1737/1690/1692
f 796/1689/1691 1011/1688/1690 713/1691/1693
f 1311/1692/1694 1406/1693/1695 843/1694/1696
f 1167/1391/1397 1301/1695/1697 1572/1696/1698
f 1763/993/1002 1120/1697/1699 1643/1698/1700
f 1834/1699/1701 1847/1700/1681 798/1701/1702
f 1206/1702/1703 1553/1703/1704 1228/1704/1705
f 1247/1397/1403 1815/1396/1402 1734/1653/1656
f 1234/1705/1706 916/1706/1707 1624/1707/1708
f 1666/1029/1038 930/1089/1098 1056/1027/1036
f 1157/1482/1486 1104/1481/1485 1916/1708/1709
f 933/1709/1710 1251/1710/1711 1254/1540/1544
f 1779/1221/1230 660/1354/1362 1498/1353/1361
f 1383/1360/1368 1662/1431/1437 1275/1468/1472
f 1436/1269/1278 1419/1682/1684 1712/1711/1712
f 945/1610/1615 720/989/998 779/1639/1642
f 1525/1237/1246 801/1149/1158 1559/1148/1157
f 1322/1712/1713 1273/1506/1510 1010/1713/1714
f 1868/1032/1041 1218/1619/1622 1249/1714/1715
f 1733/1715/1716 1249/1714/1715 1215/1518/1522
f 1467/1239/1248 1493/1387/1395 1746/1647/1650
f 1220/1716/1717 1691/1151/1160 1838/1717/1718
f 1859/1528/1532 1558/1718/1719 646/1526/1530
f 803/1719/1720 1397/1720/1721 968/1721/1722
f 804/1722/1723 1396/1723/1724 969/1724/1725
f 1860/1534/1538 1557/1725/1726 645/1532/1536
f 1814/1054/1063 1083/1726/1727 1345/1052/1061
f 1806/1727/1728 805/1144/1153 1544/1266/1275
f 1523/1243/1252 1828/1116/1125 1560/1115/1124
f 1323/1670/1672 1272/1465/1469 1225/1668/1670
f 1293/1627/1630 1222/1728/1729 1059/1729/1730
f 1515/1160/1169 1530/1617/1143 1802/1730/1142
f 1755/1022/1031 1049/1009/1018 1667/1131/1140
f 1148/1278/1287 1764/1215/1224 1909/1276/1285
f 975/1608/1613 1810/1731/1731 992/1732/1732
f 1420/1733/1733 1851/1122/1131 1380/1121/1130
f 911/1092/1101 808/1091/1100 1602/1734/1734
f 1190/1735/1735 1403/1736/1736 681/1737/1737
f 1873/1193/1202 1911/1738/1738 1161/1191/1200
f 1783/1739/1739 1350/1740/1740 1393/1741/1741
f 1144/1742/1742 810/1593/1743 1013/1460/1744
f 1433/1538/1542 1466/1135/1144 870/1262/1271
f 1109/1154/1163 1085/1743/1745 1640/1153/1162
f 1349/1586/1590 1289/1744/1746 1415/1584/1588
f 1295/1340/1349 1692/1339/1348 1127/1745/1747
f 1711/1036/1045 1845/990/999 1750/1021/1030
f 1750/1021/1030 1333/1020/1029 1711/1036/1045
f 1308/1410/1416 813/1746/1748 726/1408/1414
f 1544/1266/1275 1897/1438/1444 1806/1727/1728
f 814/1747/1749 1405/1748/1750 1189/1749/1751
f 1908/1297/1306 1359/1750/1752 1149/1295/1304
f 1604/1656/1659 1622/1751/1753 1196/1654/1657
f 816/1752/1754 1117/1348/1356 1297/1753/1755
f 1197/1754/1756 816/1755/1757 1605/1756/1758
f 817/1757/1759 1643/1698/1700 1120/1697/1699
f 1482/1199/1208 1501/1251/1260 1753/1197/1206
f 1227/1130/1139 769/1366/1374 1485/1758/1760
f 1910/1565/1569 1886/1759/1761 1761/1563/1567
f 1647/1241/1250 1263/1405/1411 1265/1760/1762
f 819/1462/1251 1749/1119/1128 1492/1118/1127
f 1581/1203/1212 1696/991/1000 1845/990/999
f 987/1761/1763 966/1762/1764 1631/1763/1765
f 1408/1764/1766 1107/1765/1767 1488/1766/1768
f 821/1076/1085 695/1101/1110 1835/1100/1109
f 1203/1767/1769 1002/1768/1770 1280/1769/1771
f 822/1328/1337 1240/1770/1772 1046/1771/1773
f 1097/1772/1774 981/1773/1775 808/1091/1100
f 1896/1774/1776 1893/1775/1777 1150/1515/1519
f 1228/1704/1705 1553/1703/1704 1652/1776/1778
f 1825/1777/1779 1115/1613/1618 1335/1612/1617
f 1429/1571/1575 1425/1224/1233 877/1306/1315
f 1142/1778/1780 898/1779/1781 718/1780/1782
f 1656/1781/1783 1875/1016/1025 1361/1015/1024
f 1807/1104/1113 1423/1214/1223 1185/1213/1222
f 1912/1782/1784 1070/1783/1785 1246/1784/1786
f 1537/1785/1330 1532/1196/1205 1800/1195/1204
f 1633/1786/1787 800/1039/1048 779/1639/1642
f 783/1787/1788 692/1788/1789 827/1789/1790
f 1457/1238/1247 1468/1117/1126 828/1406/1412
f 1213/1790/1791 1368/1152/1161 1691/1151/1160
f 1649/1291/1300 1258/1293/1302 1262/1649/1652
f 1746/1647/1650 1742/1240/1249 1467/1239/1248
f 1374/1667/1669 1266/1650/1653 670/1791/1792
f 1597/1326/1335 1025/1325/1334 1049/1009/1018
f 1811/1369/1377 1452/1792/1793 1014/1367/1375
f 709/1046/1055 1194/1793/1794 1362/1047/1056
f 995/1794/1795 1681/1795/1796 1193/1796/1797
f 1655/1797/1798 1905/1798/1799 1575/1799/1800
f 1069/1555/1559 1790/1800/1801 1795/1801/1802
f 1718/1485/1489 830/1802/1803 1641/1803/1804
f 1592/1804/1805 1882/1805/1806 1610/1806/1807
f 1576/1807/1808 1863/1808/1809 1513/1809/1810
f 1136/992/1001 832/1014/1023 1845/990/999
f 890/1810/1811 656/1811/1812 1310/1812/1813
f 1820/1569/1573 1103/1568/1572 1570/1813/1814
f 1799/1814/1815 1491/1320/1329 1093/1319/1328
f 1521/1253/1262 1753/1197/1206 1501/1251/1260
f 1758/1815/1816 1267/1816/1817 1201/1817/1818
f 1026/1818/1819 1633/1786/1787 827/1789/1790
f 1887/1097/1106 1898/1819/1820 1155/1626/1629
f 771/1184/1193 836/1183/1192 1914/1820/1821
f 1699/1165/1174 1062/1164/1173 1231/1464/1468
f 1589/1114/1123 1573/1085/1094 1823/1084/1093
f 1701/1503/1507 1061/1502/1506 1232/1505/1509
f 1590/1147/1156 1574/1057/1066 1822/1125/1134
f 839/1821/1822 1674/1332/1341 1110/1331/1340
f 1432/1157/1166 1448/1259/1268 1713/1155/1164
f 1159/1822/1823 840/1368/1824 1014/1367/1825
f 1268/1823/1826 1159/1822/1823 1135/1824/1827
f 1296/1825/1828 1786/1826/1829 1165/1827/1830
f 678/1828/1831 1118/1657/1660 1296/1825/1828
f 841/1829/1832 1265/1760/1762 745/1830/1833
f 1757/1449/1455 1260/1831/1834 1183/1832/1835
f 1692/1339/1348 1183/1832/1835 1219/1336/1345
f 1302/1686/1688 1358/1685/1687 1367/1833/1836
f 671/1834/1837 1512/1665/1667 1250/1521/1525
f 1502/1664/1666 1789/1075/1084 1526/1429/1435
f 842/1835/1838 1579/1428/1434 1126/1427/1433
f 1526/1429/1435 842/1126/1135 1502/1664/1666
f 1708/984/993 1172/1836/1839 1391/1129/1138
f 1512/1665/1667 1108/1837/1840 1726/1519/1523
f 1861/1111/1120 1837/1838/1841 1690/1839/1842
f 680/1840/1843 1307/1600/1605 1739/1599/1604
f 1201/1817/1818 984/1841/1844 1758/1815/1816
f 1299/1418/1424 1044/1417/1423 731/1842/1845
f 1918/1370/1846 1400/1843/1847 1162/1844/1848
f 1600/1845/1849 1392/1846/1850 768/1847/1851
f 846/1087/1096 1732/1848/1852 1450/1849/1853
f 1732/1850/1854 1012/1378/1386 1279/1851/1855
f 1301/1695/1697 1794/1852/1856 643/1853/1857
f 1532/1196/1205 1537/1785/1330 1794/1854/1399
f 1497/1136/1145 1520/1423/1429 872/1500/1504
f 847/1855/1858 1591/1630/1633 1086/1629/1632
f 1829/1644/1647 1913/1856/1859 1595/1643/1646
f 1137/1399/1405 1659/1401/1407 1233/1857/1860
f 1468/1117/1126 1457/1238/1247 849/1294/1303
f 1762/1666/1668 1214/1858/1861 1257/1292/1301
f 1412/1859/1862 1727/1860/1863 1456/1861/1864
f 1261/1570/1574 1375/1862/1865 1103/1568/1572
f 851/1863/1866 1767/1615/1619 1015/1864/1867
f 1767/1615/1619 851/1863/1866 1341/1865/1868
f 1584/1866/1869 1780/1867/1870 1834/1868/1871
f 1684/1869/1872 1472/1272/1281 1024/1271/1280
f 1531/1425/1431 1540/1132/1141 853/1284/1293
f 654/1870/1873 1564/1283/1292 1111/1501/1505
f 854/1871/1874 774/1872/1875 687/1873/1876
f 774/1872/1875 854/1871/1874 1246/1784/1786
f 1260/1831/1834 1757/1449/1455 1682/1448/1454
f 1209/1231/1240 1869/1230/1239 1389/1874/1877
f 1654/1875/1878 1092/1876/1879 855/1877/1880
f 1728/1878/1881 1857/1879/1882 1348/1880/1883
f 1605/1881/1884 822/1328/1337 1041/1327/1336
f 1605/1756/1758 1621/1882/1885 1197/1754/1756
f 980/1103/1112 1783/1739/1739 720/989/998
f 1783/1739/1739 834/1883/1886 1365/1884/1887
f 647/1885/1888 1346/1886/1889 857/1887/1890
f 1114/1888/1891 1048/1889/1892 1477/1890/1893
f 1135/1824/1827 1184/1430/1894 1268/1823/1826
f 1724/1891/1895 1625/1892/1896 1313/1893/1897
f 1478/1333/1342 1508/1146/1155 1773/1145/1154
f 1773/1894/1898 1505/1592/1596 1091/1591/1595
f 1060/1895/1899 1892/1896/1900 1384/1496/1500
f 1297/1753/1755 1211/1897/1901 1166/1898/1902
f 858/1899/1903 1241/1900/1904 1045/1901/1905
f 1040/1902/1906 982/1903/1907 1803/1005/1014
f 931/1904/1908 859/1090/1099 930/1089/1098
f 1827/1025/1034 1356/1024/1033 1664/1905/1909
f 1491/1320/1329 1912/1782/1784 1428/1318/1327
f 1116/1906/1910 1458/1907/1911 1303/1908/1912
f 1637/1535/1539 1168/1541/1545 1729/1909/1913
f 1186/1440/1446 1556/1910/1914 860/1439/1445
f 1582/1265/1274 1867/1911/1915 786/1263/1272
f 753/1912/1916 1743/1913/1917 660/1914/1918
f 1743/1913/1917 753/1912/1916 1202/1641/1644
f 1489/1915/1919 1595/1643/1646 1913/1856/1859
f 861/1290/1299 1311/1692/1694 1106/1288/1297
f 1331/1028/1037 862/1507/1511 1486/1916/1920
f 1038/1917/1921 862/1507/1511 1395/1204/1213
f 863/1918/1922 1206/1702/1703 1629/1919/1923
f 1401/1920/1924 1880/1921/1925 1455/1922/1926
f 738/1923/1927 864/1924/1928 700/1925/1929
f 864/1924/1928 738/1923/1927 1225/1668/1930
f 643/1853/1857 1572/1696/1698 1301/1695/1697
f 1535/1323/1332 1521/1253/1262 1787/1252/1261
f 1864/1926/1931 1173/1927/1932 649/1928/1933
f 1864/1926/1931 649/1928/1933 1164/1929/1934
f 866/1930/1935 1675/1023/1032 1100/1254/1263
f 1482/1199/1208 1441/1226/1235 866/1225/1234
f 1441/1226/1235 1482/1199/1208 867/1198/1207
f 704/1931/1936 1636/1309/1318 1112/1308/1317
f 868/1932/1937 1256/1933/1938 1222/1728/1729
f 1462/1066/1075 1248/1395/1401 1256/1933/1938
f 1575/1799/1800 1620/1934/1939 1655/1797/1798
f 1027/1676/1678 1229/1935/1940 1034/1674/1676
f 1442/1227/1236 1481/1128/1137 1747/1127/1136
f 870/1262/1271 1716/1539/1543 1433/1538/1542
f 1716/1936/1941 1670/1537/1541 1096/1536/1540
f 1245/1937/1942 1352/1938/1943 701/1939/1944
f 979/1940/1945 965/1941/1946 871/1942/1947
f 1422/1261/1270 1713/1155/1164 1448/1259/1268
f 1713/1543/1547 1729/1909/1913 1168/1541/1545
f 1169/1442/1448 1722/1943/1948 1398/1944/1949
f 1752/1945/1950 1642/1056/1065 1122/1055/1064
f 872/1500/1504 1752/1137/1146 1497/1136/1145
f 677/1946/1951 1640/1153/1162 1085/1743/1745
f 1433/1538/1542 1422/1261/1270 1717/1260/1269
f 1508/1146/1155 1478/1333/1342 873/1407/1413
f 1585/1409/1415 726/1408/1414 873/1545/1549
f 1440/1947/1952 1099/1948/1953 893/1949/1954
f 1547/1950/1955 1455/1922/1926 1880/1921/1925
f 1235/1951/1956 1660/1952/1957 875/1953/1958
f 1540/1132/1141 1531/1425/1431 1804/1424/1430
f 1300/1422/1428 729/1954/1959 1804/1420/1426
f 1835/1100/1109 1850/1077/1086 821/1076/1085
f 1546/1955/1960 1569/1466/1470 1223/1596/1601
f 1624/1707/1708 876/1956/1961 1234/1705/1706
f 877/1306/1315 1721/1572/1576 1429/1571/1575
f 1721/1574/1578 1668/1523/1527 1113/1522/1526
f 1484/1957/1962 878/1258/1267 1332/1445/1451
f 1068/1958/1963 1823/1084/1964 752/1959/1965
f 1285/1960/1966 1805/1533/1967 645/1532/1968
f 1067/1961/1969 1822/1125/1970 751/1962/1971
f 1286/1963/1972 960/1527/1973 646/1526/1974
f 1521/1253/1262 1535/1323/1332 1799/1322/1331
f 1093/1319/1328 707/1964/1975 1799/1814/1815
f 881/1965/1976 1340/1966/1977 1334/1967/1978
f 1340/1966/1977 881/1965/1976 1309/1968/1979
f 1160/1564/1568 1776/1217/1226 1872/1216/1225
f 652/1969/1980 1404/1970/1981 1188/1971/1982
f 770/1972/1983 1792/1973/1984 1036/1974/1985
f 1239/1672/1674 792/1671/1673 1063/1013/1022
f 1822/1975/1970 1067/1478/1969 1276/1477/1986
f 1822/1125/1134 1842/1479/1483 1590/1147/1156
f 1823/1084/1964 1068/1958/1963 1277/1976/1987
f 1823/1084/1093 689/1493/1497 1589/1114/1123
f 1831/1264/1273 1806/1727/1728 1897/1438/1444
f 1082/1552/1556 1831/1977/1988 786/1651/1654
f 859/1090/1099 931/1904/1908 1617/1978/1989
f 1150/1515/1519 1156/1979/1990 1896/1774/1776
f 733/1980/1991 1398/1944/1949 1659/1401/1407
f 1302/1686/1688 1387/1981/1992 1725/1687/1689
f 1489/1915/1919 1725/1687/1689 1387/1981/1992
f 1145/1982/1993 1054/1095/1104 1364/1094/1103
f 1038/1917/1921 1130/1983/1994 862/1507/1511
f 1438/1984/1995 1098/1985/1996 1427/1986/1997
f 1818/1987/1998 927/1489/1999 888/1988/2000
f 1094/1989/2001 1283/1551/1555 1536/1550/1554
f 1057/1990/2002 889/1991/2003 1124/1992/2004
f 656/1811/1812 890/1810/1811 833/1993/2005
f 1414/1124/1133 1407/1435/1441 833/1994/2006
f 1031/1562/2007 1473/1995/2008 928/1996/2009
f 658/1997/2010 891/1998/2011 1712/1711/2012
f 974/1999/2013 1693/1247/1256 892/1246/1255
f 1519/2000/2014 1123/1338/1347 1199/1471/1475
f 1423/1214/1223 1252/2001/2015 1445/1212/1221
f 893/1949/1954 737/2002/2016 1440/1947/1952
f 848/2003/2017 1680/2004/2018 1598/1510/1514
f 1628/1632/1635 894/1002/1011 1500/1441/1447
f 1447/1335/1344 1432/1157/1166 895/1156/1165
f 1168/1541/1545 675/1546/1550 895/1542/1546
f 1434/1372/1380 896/1228/1237 1442/1227/1236
f 1113/1522/1526 896/2005/2019 762/1573/1577
f 1432/1157/1166 1447/1335/1344 897/1334/1343
f 897/2006/2020 1715/1589/1593 1089/1588/1592
f 1731/2007/2021 688/2008/2022 898/1779/1781
f 1429/1571/1575 1434/1372/1380 898/1371/1379
f 878/1258/1267 1179/2009/2023 970/2010/2024
f 1054/1095/1104 1145/1982/1993 1370/2011/2025
f 900/2012/2026 1353/2013/2027 1339/2014/2028
f 653/2015/2029 1022/2016/2030 973/2017/2031
f 1415/1584/1588 1687/1245/1254 1566/1585/1589
f 921/2018/2032 1127/1745/1747 1692/1339/1348
f 1282/1547/2033 1704/2019/2034 1278/2020/2035
f 1663/2021/2036 1076/1673/2037 1239/1672/2038
f 1859/1528/1532 1549/1059/1068 1813/1058/1067
f 1813/1058/2039 1304/2022/2040 1072/2023/2041
f 902/1298/2042 1305/2024/2043 1073/2025/2044
f 1860/1534/1538 1550/1083/1092 902/1298/1307
f 745/1830/2045 903/2026/2046 689/2027/2047
f 903/2026/2046 745/1830/2045 1265/1760/2048
f 670/1791/2049 904/2028/2050 1842/2029/2051
f 904/2028/2050 670/1791/2049 1266/1650/2052
f 789/2030/2053 1021/2031/2054 972/2032/2055
f 905/2033/2056 1504/2034/2057 1006/2035/2058
f 1191/2036/2059 1402/2037/2060 906/2038/2061
f 818/2039/2062 1005/2040/2063 716/2041/2064
f 1386/2042/2065 1341/1865/1868 851/1863/1866
f 1058/2043/2066 1506/2044/2067 806/2045/2068
f 1154/1661/1663 1151/1660/1229 1917/2046/1228
f 1450/1849/1853 1495/2047/2069 908/2048/2070
f 1891/1359/1367 715/1358/1366 908/2049/2071
f 957/2050/2072 1484/1957/1962 909/2051/2073
f 1405/1748/1750 814/1747/1749 734/2052/2074
f 1307/1600/1605 1552/1404/1410 784/1598/1603
f 766/1601/1606 1081/2053/1352 1669/2054/2075
f 910/2055/2076 1780/1867/1870 852/2056/2077
f 1780/2057/2078 910/2058/2079 743/2059/2080
f 1602/1734/1734 1290/2060/2081 911/1092/1101
f 911/1092/1101 1339/2014/2028 1353/2013/2082
f 1770/1363/1371 1147/1096/1105 1894/2061/2083
f 664/2062/2084 1613/2063/2085 776/2064/2086
f 1331/1028/1037 1696/991/1000 862/1507/1511
f 913/2065/2087 991/2066/2088 954/2067/2089
f 741/2068/2090 1563/2069/2091 1058/2043/2066
f 735/2070/2092 1320/2071/2093 1309/1968/1979
f 1416/2072/2094 1309/1968/1979 1320/2071/2093
f 915/2073/2095 713/1691/1693 1011/1688/1690
f 1287/1112/1121 1381/1560/1564 1645/1559/1563
f 1734/1653/1656 1815/1396/1402 916/1706/1707
f 1623/997/1006 1664/1905/1909 1356/1024/1033
f 1500/1441/1447 1314/1633/1636 1628/1632/1635
f 778/1635/1638 1522/1444/1450 1658/1443/1449
f 1914/1820/1821 917/2074/2096 1198/2075/2097
f 1198/2075/2097 1341/1865/1868 1094/1989/2001
f 918/2076/2098 674/2077/2099 986/1620/2100
f 1032/1106/2101 1474/2078/2102 1138/2079/2103
f 919/2080/2104 820/2081/2105 747/2082/2106
f 919/2080/2104 1631/1763/1765 966/1762/1764
f 695/1101/1110 1796/1270/1279 1510/1099/1108
f 695/2083/2107 1488/1766/1768 1107/1765/1767
f 746/1504/1508 1237/1007/1016 1750/1021/1030
f 1691/1151/1160 1673/1150/1159 1838/1717/1718
f 1830/2084/2108 1709/1068/1077 1881/1067/1076
f 724/1663/1665 1624/1707/1708 916/1706/1707
f 1295/1340/1349 1127/1745/1747 1509/2085/2109
f 1619/2086/2110 812/1107/1116 1077/1011/1020
f 1768/1379/1387 1696/991/1000 1331/1028/1037
f 1123/1338/1347 1377/2087/2111 1219/1336/1345
f 1127/1745/1747 921/2018/2032 1735/2088/2112
f 922/2089/2113 1185/1213/2114 1269/2090/2115
f 1269/2090/2115 1144/1742/1742 922/2089/2113
f 809/2091/2116 681/1737/1737 1403/1736/1736
f 923/2092/2117 1486/1916/1920 1017/2093/2118
f 1603/2094/2119 1291/2095/2120 1803/1005/1014
f 747/2082/2106 1630/2096/2121 919/2080/2104
f 924/2097/2122 1030/2098/2123 939/2099/2124
f 1207/1330/1339 727/1065/1074 925/1411/1417
f 1756/1006/1015 1803/1005/1014 1291/2095/2120
f 1151/1220/1229 1080/1206/1215 1903/1218/1227
f 768/2100/2125 1854/1548/2126 1282/1547/2033
f 1321/2101/2127 768/1847/1851 1392/1846/1850
f 1119/2102/2128 1657/2103/2129 1672/2104/2130
f 928/1996/2009 759/2105/2131 1031/1562/2007
f 1430/2106/2132 929/2107/2133 1460/1436/1442
f 1817/2108/2134 929/2107/2135 874/2109/2136
f 930/1089/1098 1245/1937/1942 1562/2110/2137
f 1352/1938/2138 1245/1937/1942 930/1089/1098
f 684/2111/2139 1617/1978/1989 931/1904/1908
f 1562/2110/2137 1000/2112/2140 959/2113/2141
f 1123/1338/1347 1337/1337/1346 1607/2114/2142
f 932/1452/1458 667/2115/2143 1001/1450/1456
f 1651/2116/2144 753/1912/1916 1251/1710/1711
f 1043/2117/2145 1889/1064/1073 1651/2116/2144
f 1689/1403/1409 1511/1402/1408 1648/1646/1649
f 906/2038/2061 935/2118/2146 1191/2036/2059
f 935/2119/2146 964/2120/2147 686/2121/2148
f 1882/1805/1806 1592/1804/1805 1543/2122/2149
f 1837/1838/1841 1730/1581/1585 1690/1839/1842
f 1672/2104/2130 1253/1174/2150 1119/2102/2128
f 1427/1986/1997 937/2123/2151 1438/1984/1995
f 1770/1363/1371 1769/2124/2152 1901/1361/1369
f 716/2041/2064 1485/1758/1760 818/2039/2062
f 1499/2125/2153 1576/2126/1808 662/2127/2154
f 1706/2128/2155 1317/1073/1082 1141/1072/1081
f 939/2099/2124 1611/2129/2156 924/2097/2122
f 1145/1982/1993 1146/2130/1266 1906/2131/1265
f 940/2132/2157 882/2133/2158 760/2134/2159
f 1404/1970/1981 652/1969/1980 882/2135/2158
f 941/2136/2160 802/2137/2161 725/2138/2162
f 802/2137/2161 941/2136/2160 1220/1716/1717
f 1316/2139/2163 1581/1203/1212 1845/990/999
f 680/2140/2164 1705/2141/2165 1554/2142/2166
f 1705/2141/2165 1406/2143/2167 1554/2142/2166
f 765/2144/2168 1133/2145/2169 1791/2146/2170
f 732/2147/2171 1736/1211/1220 1355/1210/1219
f 1846/2148/2172 1736/2149/2173 732/2150/2174
f 1104/1481/1485 1079/1190/1199 1907/1189/1198
f 1290/2060/2081 1339/2014/2028 911/1092/1101
f 1853/2151/2175 763/2152/2176 944/2153/2177
f 1043/2117/2145 944/2153/2177 763/2152/2176
f 1049/1009/1018 945/1610/1615 1227/1130/1139
f 945/1610/1615 1049/1009/1018 1644/1017/1026
f 1411/1376/2178 946/2154/2179 856/2155/2180
f 1588/1281/1290 646/1526/1530 1558/1718/1719
f 1410/2156/2181 947/2157/2182 815/1229/2183
f 1587/1168/1177 645/1532/1536 1557/1725/1726
f 1697/1019/1028 1280/1769/1771 1002/1768/1770
f 822/1328/1337 1697/1019/1028 1567/1018/1027
f 827/1789/1790 1632/2158/2184 783/1787/1788
f 1158/1201/1210 1053/1255/1264 1885/1508/1512
f 855/2159/1880 949/2160/2185 1654/2161/1878
f 1383/1360/1368 855/2159/1880 1129/2162/2186
f 950/2163/2187 828/2164/2188 1749/2165/2189
f 828/2164/2188 950/2163/2187 1213/1790/1791
f 1529/2166/2190 1840/2167/2191 1330/2168/2192
f 1330/2168/2192 1840/2167/2191 1694/2169/2193
f 1407/1435/1441 1414/1124/1133 1686/1123/1132
f 844/2170/2194 731/1842/1845 1201/1817/1818
f 1310/1812/1813 1900/2171/2195 1680/2004/2018
f 1900/2171/2195 1310/1812/1813 656/1811/1812
f 1792/1973/1984 770/1972/1983 1848/2172/2196
f 1372/1000/1009 1710/999/1008 1115/1613/1618
f 1131/1365/1373 953/1364/1372 672/2173/2197
f 988/2174/2198 1614/1041/1050 1125/1040/1049
f 954/2067/2089 1618/2175/2199 913/2065/2087
f 1153/1480/1484 1150/1515/1519 1893/1775/1777
f 1512/1665/1667 671/1834/1837 791/2176/2200
f 955/2177/2201 791/2176/2200 896/2005/2019
f 1715/1589/1593 1865/1590/1594 1702/1587/1591
f 1534/1035/1044 1378/1313/1322 1181/2178/2202
f 1760/1446/1452 1161/1191/1200 1911/1738/1738
f 909/2051/2073 734/2179/2074 957/2050/2072
f 1214/1858/1861 1762/1666/1668 1336/2180/2203
f 1336/2180/2203 1762/1666/1668 1839/1669/1671
f 644/2181/2204 1134/2182/2205 958/2183/2206
f 931/1904/1908 959/2113/2141 684/2111/2139
f 1156/1979/1990 1771/1188/1197 1883/1205/1214
f 1549/1059/1068 1859/1528/1532 960/1527/1531
f 880/2184/2207 751/1962/1971 960/1527/1973
f 1550/1083/1092 1860/1534/1538 1805/1533/1537
f 879/2185/2208 752/1959/1965 1805/1533/1967
f 1778/2186/2209 961/1078/1087 875/1953/1958
f 1629/1919/1923 1778/2187/2210 863/1918/1922
f 1418/1273/1282 1437/1577/1581 666/1576/1580
f 962/2188/2211 1570/2189/2212 1103/2190/2213
f 1665/1553/1557 757/2191/2214 963/1053/1062
f 1548/1315/1324 1514/2192/2215 1714/1316/1325
f 1154/1661/1663 1148/1278/1287 1360/1277/1286
f 964/2120/2147 806/2045/2068 1506/2044/2067
f 1157/2193/1486 1149/1295/1304 1359/1750/1752
f 965/1941/1946 701/1939/1944 1352/1938/1943
f 966/1762/1764 820/2081/2105 919/2080/2104
f 1152/1200/1209 1155/1626/1629 1898/1819/1820
f 1302/1686/1688 1855/1172/1181 967/1345/1353
f 1379/1347/1355 1737/1690/1692 967/1345/1353
f 1698/2194/2216 1615/2195/2217 1003/2196/2218
f 1117/1348/1356 816/1752/1754 1197/2197/2219
f 1700/2198/2220 787/2199/2221 1841/2200/2222
f 1118/1657/1660 678/1828/1831 1196/2201/2223
f 655/2202/2224 970/2010/2024 1179/2009/2023
f 1176/1638/1641 1612/1637/1640 1009/2203/2225
f 971/2204/2226 825/2205/2227 688/2008/2022
f 1675/1023/1032 866/1930/1935 825/2205/2227
f 917/2074/2096 1914/1820/1821 712/1285/1294
f 934/1286/1295 712/1285/1294 1914/1820/1821
f 1188/1971/1982 972/2206/2055 652/1969/1980
f 1776/1217/1226 1909/1276/1285 1764/1215/1224
f 1189/2207/1751 973/2017/2031 814/2208/1749
f 1775/1192/1201 1908/1297/1306 1765/1296/1305
f 1331/1028/1037 1638/1384/1392 1768/1379/1387
f 1331/1028/1037 1056/1027/1036 1650/1383/1391
f 1346/1886/2228 1833/2209/2229 1454/2210/2230
f 1435/1043/1052 1367/1833/1836 1358/1685/1687
f 1810/1731/1731 975/1608/1613 767/1605/1610
f 760/2134/2159 1483/1566/1570 940/2132/2157
f 1419/1682/1684 1348/1880/1883 1857/1879/1882
f 977/2211/2231 1571/2212/2232 1066/2213/2233
f 1283/1551/1555 756/2214/2234 978/1182/1191
f 978/1182/1191 756/2214/2234 733/1980/1991
f 681/1737/1737 979/2215/1945 1190/1735/1735
f 1765/1296/1305 1873/1193/1202 1775/1192/1201
f 1283/1551/1555 1094/1989/2001 1627/2216/2235
f 720/989/998 945/1610/1615 980/1103/1112
f 1290/2060/2081 1602/1734/1734 1018/2217/2236
f 663/2218/2237 823/2219/2238 981/1773/1775
f 1291/2095/2120 1603/2094/2119 1019/2220/2239
f 884/2221/2240 749/2222/2241 982/1903/1907
f 1384/1496/1500 793/2223/2242 1060/1895/1899
f 1689/1403/1409 1678/1645/1648 784/1598/1603
f 784/1598/1603 1552/1404/1410 1689/1403/1409
f 984/1841/1844 1201/1817/1818 731/1842/1845
f 1545/2224/2243 1748/1611/1616 1646/2225/2244
f 1874/2226/2245 1274/1575/1579 985/994/1003
f 1242/2227/2246 983/1678/1680 1653/1677/2247
f 1856/1275/1284 986/1620/1623 1418/1273/1282
f 1284/1341/1350 1757/1449/1455 1692/1339/1348
f 1183/1832/1835 1692/1339/1348 1757/1449/1455
f 1772/1098/1107 1894/2061/2083 1147/1096/1105
f 776/2064/2086 987/1761/1763 664/2062/2084
f 1147/1096/1105 1770/1363/1371 1369/1362/1370
f 1614/1041/1050 988/2174/2198 672/2173/2197
f 1443/1105/1114 1807/1104/1113 1723/1578/2248
f 1312/1580/1584 989/2228/2249 1723/1578/1582
f 1444/1267/1276 1808/1561/1565 1724/1891/2250
f 1313/1893/1897 990/2229/2251 1724/1891/1895
f 1598/1510/1514 1788/1509/1513 848/2003/2017
f 1913/1856/1859 1829/1644/1647 1385/2230/2252
f 1774/1208/1217 1903/1218/1227 1080/1206/1215
f 1563/2069/2091 741/2068/2090 991/2066/2088
f 1417/2231/2253 992/2232/2254 1810/2233/2255
f 1817/2108/2134 1555/2234/2256 929/2107/2135
f 1862/1142/1151 1308/1410/1416 1585/1409/1415
f 1585/1409/1415 1421/2235/2257 1862/1142/1151
f 824/2236/2258 1825/1777/1779 1344/2237/2259
f 1524/2238/2260 1284/1341/1350 1295/1340/1349
f 993/1432/1438 1797/1166/1175 1890/1463/1467
f 993/1432/1438 1662/1431/1437 1426/1658/1661
f 1670/1537/1541 994/1031/1040 1637/1535/1539
f 994/1031/1040 1593/1030/1039 1303/1908/1912
f 1132/2239/2261 995/1794/1795 1849/2240/2262
f 1750/1021/1030 1195/1455/1461 746/1504/1508
f 1750/1021/1030 1661/1350/1358 736/1349/1357
f 833/1993/2005 996/2241/2263 656/1811/1812
f 996/2241/2263 833/1993/2005 1238/2242/2264
f 997/1554/1558 932/1452/1458 1609/1451/1457
f 1569/1466/1470 1546/1955/1960 739/2243/2265
f 1566/1585/1589 1655/1797/1798 1620/1934/1939
f 1907/1189/1198 1916/1708/1709 1104/1481/1485
f 1000/2112/2140 1562/2110/2137 1245/1937/1942
f 1609/1451/1457 1001/1450/1456 735/2070/2092
f 1682/1448/1454 1389/1874/1877 1260/1831/1834
f 1002/1768/1770 1203/1767/1769 696/2244/2266
f 969/1433/1725 1841/2200/2222 804/2245/1723
f 1557/1725/1726 1841/1169/1178 1587/1168/1177
f 740/1473/1477 1533/2246/2267 1487/2247/2268
f 1623/997/1006 1785/996/1005 1664/1905/1909
f 968/1721/1722 1003/1282/2218 803/1719/1720
f 1558/1718/1719 1003/1282/1291 1588/1281/1290
f 1163/1287/1296 1511/1402/1408 1004/2248/2269
f 1669/2054/2075 1004/2248/2269 1307/1600/1605
f 706/2249/2270 1234/1705/1706 876/1956/1961
f 1005/2250/2063 906/2038/2061 1402/2037/2060
f 1872/1216/1225 1910/1565/1569 1160/1564/1568
f 1006/2035/2058 697/2251/2271 905/2033/2056
f 926/2252/2272 697/2251/2271 1006/2035/2058
f 1007/1171/1180 967/1345/1353 1855/1172/1181
f 1844/2253/2273 1008/1235/1244 1832/1234/1243
f 1780/1867/1870 1584/1866/1869 852/2056/2077
f 1906/2131/1265 1370/2011/2025 1145/1982/1993
f 655/2202/2224 1009/2203/2225 1612/1637/1640
f 1010/1713/2274 722/2254/2275 650/2255/2276
f 722/2254/2275 1010/1713/2274 1273/1506/2277
f 1187/2256/2278 1379/1347/1355 1051/1346/1354
f 1011/1688/1690 797/2257/2279 915/2073/2095
f 1012/1378/1386 1732/1850/1854 846/2258/2280
f 1271/1595/1599 1791/1594/1598 1133/2259/2281
f 651/2260/2282 1013/1460/1466 1453/1459/1465
f 1270/1491/1495 958/1490/1494 1134/2261/2283
f 744/2262/2284 1014/1367/1375 1452/1792/1793
f 1015/1864/1867 1915/1640/1643 662/2263/2285
f 1464/2264/2286 1706/2265/2287 1141/2266/2288
f 1016/2267/2289 1075/1232/1241 1209/1231/1240
f 834/1883/1886 1170/2268/2290 1267/1816/1817
f 669/1312/1321 1740/1120/1129 1281/1310/1319
f 1017/2093/2118 809/2269/2116 923/2092/2117
f 1911/1738/1738 1888/1093/1102 1760/1446/1452
f 1890/1463/1467 1695/1008/1017 993/1432/1438
f 1762/1666/1668 1695/1008/1017 1839/1669/1671
f 823/2219/2238 1018/2217/2236 1602/1734/1734
f 1883/1205/1214 1896/1774/1776 1156/1979/1990
f 749/2222/2241 1019/2220/2239 1603/2094/2119
f 1884/1207/1216 1366/1516/1520 1153/1480/1484
f 1810/1731/2255 705/2270/2291 1417/2271/2253
f 1238/2242/2264 1020/1604/2292 996/2241/2263
f 1504/2034/2057 905/2033/2056 1021/2031/2054
f 1360/1277/1286 1902/1662/1664 1154/1661/1663
f 1359/1750/1752 1904/2272/1487 1157/2193/1486
f 1353/2013/2027 900/2012/2026 1022/2016/2030
f 1608/2273/2293 910/2055/2076 1024/1271/1280
f 1047/1486/1490 1608/2274/2294 1024/1484/1488
f 1375/1862/1865 1329/2275/2295 850/2276/2296
f 1347/1274/1283 1412/1859/1862 1456/1861/1864
f 827/1789/1790 692/1788/1789 1026/1818/1819
f 1898/1819/1820 1895/1642/1645 1152/1200/1209
f 1229/1935/1940 1027/1676/1678 869/2277/2297
f 812/1107/1116 1221/2278/2298 1327/1012/1021
f 1028/2279/2299 649/1659/1662 788/1636/1639
f 1338/987/996 1325/1469/1473 1275/1468/1472
f 1712/1711/2012 1029/2280/2300 658/1997/2010
f 1885/1508/1512 1899/1202/1211 1158/1201/1210
f 1630/2096/2121 747/2082/2106 1030/2098/2123
f 1436/1269/1278 1031/1562/1566 1444/1267/1276
f 1473/1995/2008 1031/1562/2007 891/1998/2011
f 1437/1577/1581 1032/1106/1115 1443/1105/1114
f 1474/2078/2102 1032/1106/2101 674/2077/2099
f 1551/1141/1150 860/1439/1445 659/2281/2301
f 1033/2282/2302 659/2281/2301 813/1746/1748
f 1645/1559/1563 1616/1113/1122 1287/1112/1121
f 883/1675/1677 1034/1674/1676 668/2283/2303
f 1878/2284/2304 1639/1143/1152 1035/2285/2305
f 1035/2285/2305 1639/1143/1152 1862/1142/1151
f 1545/2224/2243 1140/1045/1054 1371/1044/1053
f 792/1671/1673 1036/1974/1985 1792/1973/1984
f 1671/2286/2306 1252/2001/2307 1037/2287/2308
f 1037/2287/2308 1656/2288/2309 1671/2286/2306
f 1348/1880/1883 1561/1086/1095 1728/1878/1881
f 1439/1088/1097 1728/1878/1881 1561/1086/1095
f 1130/1983/1994 1038/1917/1921 683/2289/2310
f 1611/2129/2156 939/2099/2124 683/2289/2310
f 912/2290/2311 776/2064/2086 1613/2063/2085
f 912/2290/2311 1039/1038/1047 1178/1037/1046
f 982/1903/1907 1040/1902/1906 884/2221/2240
f 1617/1978/1989 684/2111/2139 884/2221/2240
f 856/2155/2180 1041/1327/1336 1411/1376/2178
f 1041/1327/1336 1174/2291/2312 1605/1881/1884
f 815/2292/2183 1042/1386/1394 1410/1385/2181
f 1852/2293/2313 1175/2294/2314 1604/2295/2315
f 1889/1064/1073 1043/2117/2145 1465/2296/2316
f 961/1419/1425 728/2297/2317 1044/1417/1423
f 1335/1612/1617 1344/2237/2259 1825/1777/1779
f 858/1899/1903 1045/1901/1905 721/2298/2318
f 1495/2047/2069 1528/1357/1365 1786/1356/1364
f 1280/1769/1771 1046/1771/1773 761/2299/2319
f 1494/2300/2320 1527/1060/1069 1211/1352/1360
f 1601/1004/1013 1722/1943/1948 1500/1441/1447
f 1500/1441/1447 1522/1444/1450 778/1635/1638
f 743/2059/2080 1847/1679/1681 1780/2057/2078
f 1847/1700/1681 1834/1699/1701 1780/2301/2078
f 1309/1968/1979 1416/2072/2094 1340/1966/1977
f 1047/1486/1490 743/2059/2080 910/2058/2079
f 1586/1652/1655 786/1263/1272 1867/1911/1915
f 1665/1553/1557 786/1651/1654 1048/1889/1892
f 1049/1009/1018 1374/1667/1669 1597/1326/1335
f 1649/1291/1300 1374/1667/1669 1762/1666/1668
f 1880/1921/1925 1401/1920/1924 863/2302/2321
f 1584/1866/1869 1834/1868/1871 1401/1920/1924
f 1162/2303/1848 1051/2304/1354 1918/2305/1846
f 1051/1346/1354 845/2306/2322 1187/2256/2278
f 1455/1922/1926 1547/1950/1955 1052/2307/2323
f 1314/1633/1636 690/2308/2324 1052/1631/1634
f 1055/1390/1396 723/2309/2325 1794/1852/1856
f 723/2309/2325 1055/1390/1396 1254/1540/1544
f 1124/1992/2004 1449/2310/2326 1057/1990/2002
f 1057/1990/2002 1658/1443/2327 1288/1549/1553
f 806/2045/2068 907/2311/2328 1058/2043/2066
f 1058/2043/2066 907/2311/2328 741/2068/2090
f 1059/1729/1730 1802/2312/2329 729/1954/1959
f 1802/2312/2329 1059/1729/1730 1222/1728/1729
f 1892/1896/1900 1060/1895/1899 1766/2313/2330
f 1451/1138/1147 1494/2300/2320 1766/2314/2331
f 1061/2315/2332 838/2316/2333 676/2317/2334
f 1304/2022/2040 1813/1058/2039 838/2316/2333
f 1062/2318/2335 837/2319/2336 702/2320/2337
f 1305/2024/2043 902/1298/2042 837/2321/2336
f 1886/1759/1761 1901/1361/1369 1769/2124/2152
f 1769/2124/2152 1761/1563/1567 1886/1759/1761
f 1571/2212/2232 977/2211/2231 795/1268/2338
f 1064/2322/2339 795/1268/2338 990/2229/2251
f 1570/2189/2212 962/2188/2211 666/1576/2340
f 1065/2323/2341 666/1576/2340 989/2228/2249
f 1567/1018/1027 1644/1017/1026 1049/1009/1018
f 1049/1009/1018 1025/1325/1334 1567/1018/1027
f 1267/1816/1817 1758/1815/1816 834/1883/1886
f 1758/1815/1816 1365/1884/1887 834/1883/1886
f 694/2324/2342 1066/2213/2233 1376/2325/1059
f 1066/2213/2233 694/2324/2342 977/2211/2231
f 751/1962/1971 880/2184/2207 1067/1961/1969
f 752/1959/1965 879/2185/2208 1068/1958/1963
f 1285/1530/1534 1866/1529/1533 1650/1383/1391
f 1542/2326/2343 1826/2327/2344 1683/2328/2345
f 1070/1783/1785 682/2329/2346 1800/2330/2347
f 1491/1320/1329 1799/1814/1815 682/2329/2346
f 1757/1449/1455 1284/1341/1350 1071/1447/1453
f 1652/1776/1778 824/2236/2258 1228/1704/1705
f 1072/2023/2041 1538/2331/2348 1813/1058/2039
f 1397/1720/1721 803/1719/1720 1538/2331/2348
f 1396/1723/1724 804/1722/1723 1539/2332/2349
f 1073/2025/2044 1539/2332/2349 902/1298/2042
f 1320/2071/2093 735/2070/2092 1074/2333/2350
f 1568/2334/2351 1074/2333/2350 1075/1232/1241
f 1075/1232/1241 798/2335/1702 1847/1679/1681
f 798/2335/1702 1075/1232/1241 1016/2267/2289
f 758/2336/2352 901/2337/2353 1076/1673/2037
f 1599/2338/2354 755/1082/1091 1319/1557/1561
f 1848/2172/2196 1077/1011/1020 1792/1973/1984
f 1077/1011/1020 1848/2172/2196 1619/2086/2110
f 1472/1272/1281 1510/1099/1108 1796/1270/1279
f 999/2339/2355 739/2243/2265 1078/2340/2356
f 1081/2053/1352 766/1601/1606 1915/1640/2357
f 1915/1640/2357 1015/1864/1867 1767/1615/1619
f 927/1489/1999 1818/1987/1998 1854/2341/2126
f 1854/1548/2126 768/2100/2125 1321/2342/2358
f 1345/1052/1061 1806/2343/2359 1831/1977/1988
f 1806/2343/2359 1345/1052/1061 1083/1726/1727
f 1849/2344/2262 974/1999/2013 1833/2209/2229
f 1694/2169/2193 1324/1470/1474 1330/2168/2192
f 1083/1726/1727 805/2345/2360 1806/2343/2359
f 1505/1592/1596 1773/1894/1898 805/2345/2360
f 1084/1597/1602 665/2346/2361 730/2347/2362
f 1579/1428/1434 842/1835/1838 665/2346/2361
f 1085/1743/1745 811/2348/2363 677/1946/1951
f 1591/1630/1633 847/1855/1858 811/2348/2363
f 1503/1421/1427 1804/1420/1426 673/2349/2364
f 1086/1629/1632 673/2349/2364 847/1855/1858
f 1087/2350/2365 646/1526/1974 946/2351/2179
f 646/1526/1974 1087/2350/2365 1286/1963/1972
f 1088/2352/2366 645/1532/1968 947/2157/2182
f 645/1532/1968 1088/2352/2366 1285/1960/1966
f 1089/1588/1592 642/2353/2367 897/2006/2020
f 1674/1332/1341 839/1821/1822 642/2353/2367
f 1488/1766/1768 695/2083/2107 821/2354/2368
f 1090/1520/1524 821/2354/2368 1789/2355/2369
f 1091/1591/1595 710/2356/2370 1773/1894/1898
f 1715/1589/1593 897/2006/2020 710/2356/2370
f 1029/2280/2300 1712/1711/2012 1092/1876/1879
f 1857/1879/1882 1712/1711/1712 1419/1682/1684
f 1580/1475/1479 1753/2357/2371 707/1964/1975
f 1753/2357/2371 1580/1475/1479 1105/1474/1478
f 1843/2358/2372 1627/2216/2235 1094/1989/2001
f 1341/1865/1868 1878/2284/2304 1676/2359/2373
f 1655/1797/1798 1566/1585/1589 1693/1247/1256
f 1693/1247/1256 1566/1585/1589 1687/1245/1254
f 1095/988/997 911/1092/1101 1541/2360/2374
f 1095/988/997 1541/2360/2374 1332/1445/1451
f 1096/1536/1540 693/2361/2375 1716/1936/1941
f 1729/1909/1913 1713/1543/1547 693/2361/2375
f 981/1773/1775 1097/1772/1774 663/2218/2237
f 1618/2175/2199 954/2067/2089 663/2218/2237
f 1818/2362/1998 888/1988/2000 1098/1985/1996
f 1452/1792/1793 1431/1609/1614 744/2262/2284
f 685/2363/2376 874/2109/2136 1099/1948/1953
f 1453/1459/1465 1430/2106/2132 651/2260/2282
f 1100/1254/1263 691/2364/2377 866/1930/1935
f 1643/1698/1700 817/1757/1759 691/2364/2377
f 1101/1618/1621 853/2365/2378 698/2366/2379
f 1564/1283/1292 654/1870/1873 853/2365/2378
f 758/1110/1119 1663/1558/1562 1399/1108/1117
f 1076/1673/2037 1663/2021/2036 758/2336/2352
f 1795/1801/1802 1784/1556/1560 1069/1555/1559
f 1707/1314/1323 1720/2367/2380 1102/2368/2381
f 850/2276/2296 1103/1568/2213 1375/1862/1865
f 1103/1568/2213 850/2276/2296 962/2369/2211
f 1105/1474/1478 867/2370/2382 1753/2357/2371
f 1636/1309/1318 704/1931/1936 867/2370/2382
f 843/1694/1696 1106/1288/1297 1311/1692/1694
f 1739/1599/1604 843/1694/1696 680/1840/1843
f 1479/2371/2383 1853/2151/2175 1878/2284/2304
f 1878/2284/2304 1853/2151/2175 1476/2372/2384
f 1107/1765/1767 1796/2373/2385 695/2083/2107
f 1718/1485/1489 1024/1484/1488 1796/2373/2385
f 1113/1522/1526 1577/1307/1316 1108/1837/1840
f 1591/1630/1633 1109/1154/1163 777/1628/1631
f 1881/1067/1076 1751/1033/1042 1830/2084/2108
f 1640/1153/1162 677/1946/1951 1717/2374/2386
f 1110/1331/1340 1717/2374/2386 839/1821/1822
f 1642/1056/1065 1752/1945/1950 872/2375/2387
f 1111/1501/1505 872/2375/2387 654/1870/1873
f 1112/1308/1317 877/2376/2388 704/1931/1936
f 1668/1523/1527 1721/1574/1578 877/2376/2388
f 1108/1837/1840 955/2177/2201 1113/1522/1526
f 896/2005/2019 1113/1522/1526 955/2177/2201
f 1477/1890/1893 857/1887/1890 1114/1888/1891
f 757/2191/2214 1114/1888/1891 857/1887/1890
f 1646/2225/2244 1115/1613/1618 1710/999/1008
f 1115/1613/1618 1646/2225/2244 1748/1611/1616
f 1116/1906/1910 763/2152/2176 1853/2151/2175
f 763/2152/2176 1116/1906/1910 1303/1908/1912
f 736/1349/1357 1117/1348/1356 1698/2194/2389
f 1615/2195/2217 1698/2194/2216 1117/1348/1356
f 787/2199/2221 1700/2198/2220 1118/1657/1660
f 1426/1658/1661 1118/1657/1660 1700/2198/2390
f 1808/1561/1565 1424/1173/1182 1184/1430/1436
f 1657/2103/2129 1119/2102/2128 759/2105/2131
f 1120/1697/1699 1787/2377/2391 817/1757/1759
f 1572/1696/1698 643/1853/1857 1787/2377/2391
f 1121/1170/1179 1351/2378/2392 1409/2379/2393
f 644/2181/2204 1007/1171/1180 1121/1170/1179
f 1122/1055/1064 870/2380/2394 1752/1945/1950
f 1670/1537/1541 1716/1936/1941 870/2380/2394
f 1377/2087/2111 1123/1338/1347 892/1246/1255
f 1123/1338/1347 1519/2000/2014 892/1246/1255
f 1449/2310/2326 1124/1992/2004 1028/2279/2299
f 999/2339/2355 1078/2340/2356 1028/2279/2299
f 1662/1431/1437 1383/1360/1368 1891/1359/1367
f 1662/1431/1437 1296/1825/1828 1118/1657/1660
f 1661/1350/1358 1384/1496/1500 1892/1896/1900
f 1661/1350/1358 1297/1753/1755 1117/1348/1356
f 1125/1040/1049 835/2381/2395 988/2174/2198
f 1633/1786/1787 1026/1818/1819 835/2381/2395
f 1142/1778/1780 718/1780/1782 1747/2382/2396
f 1126/1427/1433 1747/2382/2396 842/1835/1838
f 1127/1745/1747 711/2383/2397 1289/1744/1746
f 1735/2088/2112 711/2383/2397 1127/1745/1747
f 1277/1494/1498 1782/1382/1390 1596/2384/2398
f 1276/1477/1481 1128/1476/1480 1597/1326/1335
f 1383/1360/1368 1129/2162/2186 715/1358/1366
f 1450/1849/1853 1439/1088/1097 846/1087/1096
f 1852/2293/2313 1768/1379/1387 1638/1384/1392
f 1768/1379/1387 1279/1851/1855 1012/1378/1386
f 887/2385/2399 1017/2093/2118 1486/1916/1920
f 683/2289/2310 887/2385/2399 1130/1983/1994
f 680/1840/1843 1871/2386/2400 766/1601/1606
f 1690/1839/1842 936/2387/2401 1871/2388/2402
f 672/2173/2197 938/2389/2403 1131/1365/1373
f 938/2389/2403 818/2039/2062 1485/1758/1760
f 1659/1401/1407 1601/1004/1013 1677/1003/1012
f 1601/1004/1013 1398/1944/1949 1722/1943/1948
f 1496/1074/1083 1477/2390/2404 1048/2391/2405
f 1346/1886/1889 647/1885/1888 1132/2392/2261
f 1635/2393/2406 1013/1460/1744 651/2260/2407
f 1013/1460/1744 1635/2393/2406 1144/1742/1742
f 1014/1367/1825 1634/2394/2408 1159/1822/1823
f 1634/2394/2408 1014/1367/1825 744/2262/2409
f 1351/2378/2392 1121/1170/1179 1518/2395/2410
f 1518/2395/2410 1313/2396/2411 1625/2397/2412
f 1136/992/1001 1696/991/1000 1855/1172/1181
f 1137/1399/1405 1385/2230/2252 1829/1644/1647
f 1328/2398/2413 1648/1646/1649 1137/1399/1405
f 1138/2079/2103 826/2399/2414 1032/1106/2101
f 1656/2288/2309 1037/2287/2308 826/2399/2414
f 1139/2400/2415 1679/2401/2416 1516/2402/2417
f 1826/2327/2344 1542/2326/2343 1139/2400/2415
f 916/1706/1707 1815/1396/1402 724/1663/1665
f 1244/1398/1404 724/1663/1665 1815/1396/1402
f 1319/1557/1561 1140/1045/1054 792/1671/1673
f 1036/1974/1985 792/1671/1673 1140/1045/1054
f 1556/2403/2418 1141/1072/1081 1586/1652/1655
f 1186/1440/1446 1141/2266/2288 1556/1910/1914
f 688/2008/2022 1731/2007/2021 971/2204/2226
f 985/994/1003 971/2204/2226 1731/2007/2021
f 711/2383/2397 1735/2088/2112 1687/1245/1254
f 892/1246/1255 1687/1245/1254 1735/2088/2112
f 986/1620/2100 1143/2404/2419 918/2076/2098
f 1143/2404/2419 986/1620/2100 773/2405/2420
f 1658/1443/2327 1057/1990/2002 1449/2310/2326
f 1658/1443/1449 788/1636/2421 778/1635/1638
f 1393/1741/1741 1144/2406/2422 1635/2407/2423
f 1144/2406/2422 1393/1741/1741 1350/1740/1740
f 1409/2379/2393 1159/2408/2424 1634/2409/2425
f 1159/2408/2424 1409/2379/2393 1351/2378/2392
f 1388/1109/1118 1162/2410/2426 1809/1176/1185
f 1004/2248/2269 1669/2054/2075 1163/1287/1296
f 1669/2411/2075 1081/1344/1352 1163/1343/1296
f 1024/1271/1280 910/2055/2076 1684/1869/1872
f 1685/2412/2427 1684/1869/1872 1844/2253/2273
f 1876/1381/1389 1604/1656/1659 678/1655/1658
f 1877/1062/1071 1605/1756/1758 816/1755/1757
f 1413/1392/1398 1763/993/1002 1821/995/1004
f 1572/1696/1698 1763/993/1002 1167/1391/1397
f 1421/2235/2257 754/1544/1548 1168/1541/1545
f 675/1546/1550 1168/1541/1545 754/1544/1548
f 1169/1442/1448 733/1980/1991 756/2214/2234
f 1398/1944/1949 733/1980/1991 1169/1442/1448
f 1170/2268/2428 1740/2413/2429 669/2414/2430
f 1879/2415/2431 1380/2416/2432 1740/2413/2429
f 1060/2417/2433 793/2418/2434 1171/1139/1148
f 1172/1836/1839 1726/1519/1523 1108/1837/1840
f 1726/1519/1523 1172/1836/1839 1516/2402/2417
f 1173/1634/1637 690/2308/2324 1314/1633/1636
f 1621/1882/1885 856/1377/1385 1615/1280/1289
f 1041/1327/1336 856/2155/2180 1174/2291/2312
f 1042/1386/1394 815/2292/2183 1175/2294/2314
f 1622/1751/1753 815/1229/1238 787/1167/1176
f 948/2419/2435 783/1787/1788 1632/2158/2184
f 1009/2203/2225 948/2419/2435 1176/1638/1641
f 1830/2084/2108 1181/2178/2202 1624/1707/1708
f 1709/1068/1077 1830/2084/2108 1624/1707/1708
f 1847/1679/1681 743/2059/2436 1754/1681/1683
f 1340/1966/1977 1416/2072/2094 1641/1803/1804
f 1350/1740/1740 1783/1739/1739 1177/1102/1111
f 1177/1102/1111 1783/1739/1739 980/1103/1112
f 1483/1566/1570 760/2134/2159 976/2420/2437
f 1178/1037/1046 976/2420/2437 912/2290/2311
f 1179/2009/2023 899/2421/2438 655/2202/2224
f 1484/1957/1962 957/2050/2072 899/2421/2438
f 992/2422/2254 1180/2423/2439 807/2424/2440
f 1355/1210/1219 1420/1733/1733 732/2147/2171
f 755/1082/1091 1599/2338/2354 1565/1081/1090
f 1790/1800/1801 1714/1316/1325 1514/2192/2215
f 1748/1611/1616 731/1842/1845 1044/1417/1423
f 731/1842/1845 1748/1611/1616 984/1841/1844
f 662/2263/2285 1706/2265/2287 1015/1864/1867
f 662/2425/2154 1317/1073/1082 1706/2128/2155
f 1548/1315/1324 1181/2178/2202 1378/1313/1322
f 876/1956/1961 1624/1707/1708 1181/2178/2202
f 1578/1415/1421 925/1411/1417 1182/2426/2441
f 667/2115/2143 1183/1832/1835 1260/1831/1834
f 1337/1337/1346 1219/1336/1345 1183/1832/1835
f 1342/1400/1406 1137/1399/1405 1648/1646/1649
f 1184/1430/1436 1724/1891/2250 1808/1561/1565
f 1625/1892/1896 1724/1891/1895 1184/1430/1894
f 1185/1213/1222 1723/1578/2248 1807/1104/1113
f 1626/1579/1583 1723/1578/1582 1185/1213/2114
f 1141/2266/2288 1186/1440/1446 1464/2264/2286
f 851/1863/1866 1464/2264/2286 1186/1440/1446
f 1379/1347/1355 1187/2256/2278 797/2257/2279
f 1381/1560/1564 1399/1108/1117 1663/1558/1562
f 972/2032/2055 1188/2427/1982 789/2030/2053
f 973/2017/2031 1189/2207/1751 653/2015/2029
f 871/1942/1947 1190/2428/1735 979/1940/1945
f 686/2121/2148 1191/2429/2059 935/2119/2146
f 1192/1042/1051 1440/2430/2442 737/2431/2443
f 1905/2432/1799 1655/2433/1798 1193/1796/1797
f 1693/1247/1256 1193/2434/1797 1655/1797/1798
f 1194/1793/1794 1438/2435/2444 937/2436/2445
f 1565/1081/1090 1854/1548/1552 1818/1987/2446
f 1750/1021/1030 736/1349/1357 1195/1455/1461
f 1072/1456/1462 1195/1455/1461 736/1349/1357
f 1073/1299/1308 1797/1166/1175 993/1432/1438
f 1118/1657/1660 1196/2201/2223 787/2199/2221
f 787/1167/1176 1196/1654/1657 1622/1751/1753
f 1615/1280/1289 1197/1754/1756 1621/1882/1885
f 1117/1348/1356 1197/2197/2219 1615/2195/2217
f 1536/1550/1554 978/1182/1191 771/1184/1193
f 1198/2075/2097 771/1184/1193 1914/1820/1821
f 1607/2114/2142 932/1452/1458 997/1554/1558
f 932/1452/1458 1607/2114/2142 1337/1337/1346
f 748/1512/1516 1680/2004/2018 894/1002/1011
f 1677/1003/1012 894/1002/1011 1680/2004/2018
f 1331/1028/1037 1650/1383/1391 1638/1384/1392
f 1410/1385/1393 1638/1384/1392 1866/1529/1533
f 1392/1846/1850 1600/1845/1849 1400/2437/2447
f 1201/1817/1818 952/2438/2448 844/2170/2194
f 952/2438/2448 1201/1817/1818 1267/1816/2449
f 780/2439/2450 1202/1641/1644 1204/1063/1072
f 1202/1641/1644 780/2439/2450 1743/1913/1917
f 1882/1805/1806 1499/2440/2153 1610/1806/1807
f 1543/2122/2149 831/2441/2451 1882/1805/1806
f 1494/2300/2320 1451/1138/1147 1203/1567/1571
f 1280/1769/1771 761/2299/2319 1203/1767/1769
f 1495/2047/2069 1450/1849/1853 1732/1848/1852
f 1279/1851/1855 721/2298/2318 1732/1850/1854
f 1204/1063/1072 708/2442/2452 780/2439/2450
f 708/2442/2452 1204/1063/1072 1207/1330/1339
f 875/1953/1958 1205/1080/1089 1235/1951/1956
f 1205/1080/1089 875/1953/1958 961/1078/1087
f 1207/1330/1339 679/2443/2453 708/2442/2452
f 679/2443/2453 1207/1330/1339 1208/1413/1419
f 1208/1413/1419 775/2444/2454 679/2443/2453
f 775/2444/2454 1208/1413/1419 1210/1412/1418
f 1389/1874/1877 1682/1448/1454 1209/1231/1240
f 1210/1412/1418 782/2445/2455 775/2444/2454
f 782/2445/2455 1210/1412/1418 1212/1414/1420
f 1211/1352/1360 1766/2314/2331 1494/2300/2320
f 1892/1896/1900 1766/2313/2330 1211/1897/1901
f 1786/1356/1364 908/2048/2070 1495/2047/2069
f 1891/1359/1367 908/2049/2071 1786/1826/1829
f 661/2446/2456 1212/1414/1420 1215/1518/1522
f 1212/1414/1420 661/2446/2456 782/2445/2455
f 725/2138/2162 1213/1790/1791 941/2136/2160
f 1213/1790/1791 725/2138/2162 828/2164/2188
f 1505/1592/1596 1814/1054/1063 1865/1590/1594
f 1707/1314/1323 1378/1313/1322 1814/1054/1063
f 1214/1858/1861 700/1925/1929 849/2447/2457
f 700/1925/1929 1214/1858/1861 738/1923/1927
f 750/2448/2458 1215/1518/1522 1249/1714/1715
f 1215/1518/1522 750/2448/2458 661/2446/2456
f 1216/1625/1628 714/2449/2459 1738/2450/2460
f 714/2449/2459 1216/1625/1628 1217/1624/1627
f 1767/1615/1619 1081/2053/1352 1915/1640/2357
f 1767/1615/1619 1292/1614/1351 1081/2053/1352
f 1217/1624/1627 687/1873/1876 714/2449/2459
f 687/1873/1876 1217/1624/1627 854/1871/1874
f 1218/1619/1622 698/2366/2379 772/2451/2461
f 698/2366/2379 1218/1619/1622 1101/1618/1621
f 1219/1336/1345 921/2018/2032 1692/1339/1348
f 921/2018/2032 1219/1336/1345 1377/2087/2111
f 650/2255/2276 1220/1716/1717 1010/1713/2274
f 1220/1716/1717 650/2255/2276 802/2137/2161
f 1221/2278/2298 869/2277/2297 1027/1676/1678
f 1620/1934/1939 1349/1586/1590 1566/1585/1589
f 719/2452/2462 1222/1728/1729 1256/1933/1938
f 1222/1728/1729 719/2452/2462 1802/2312/2329
f 730/2347/2362 1223/1596/1601 1084/1597/1602
f 1223/1596/1601 730/2347/2362 1546/1955/1960
f 1326/1622/1625 1845/990/999 1875/1016/1025
f 1875/1016/1025 1845/990/999 832/1014/1023
f 1376/1050/1059 1224/2453/2463 694/2454/2342
f 1561/1086/1095 1348/1880/1883 1224/2455/2464
f 657/2456/2465 1225/1668/1930 1272/1465/2466
f 1225/1668/1930 657/2456/2465 864/1924/1928
f 1832/1234/1243 1685/2412/2427 1844/2253/2273
f 1485/1758/1760 716/2041/2064 1227/1130/1139
f 1667/1131/1140 1227/1130/1139 1402/2457/2467
f 1593/1030/1039 1868/1032/1041 1733/1715/1716
f 1228/1704/1705 1629/1919/1923 1206/1702/1703
f 728/2297/2317 1344/2237/2259 1335/1612/1617
f 869/2277/2297 764/2458/2468 1229/1935/1940
f 1229/1070/1079 764/2459/2469 1507/1582/1586
f 1690/1839/1842 1554/2142/2166 1861/1111/1120
f 1616/1113/1122 1759/1071/1080 1861/1111/1120
f 1739/1599/1604 784/1598/1603 1230/1289/1298
f 1230/1289/1298 784/1598/1603 1678/1645/1648
f 1231/1464/2470 702/2460/2337 1828/2461/2471
f 702/2462/2337 1231/2463/2470 1062/2464/2335
f 1232/2465/2472 676/2317/2334 801/1149/2473
f 676/2317/2334 1232/2465/2472 1061/2315/2332
f 1575/1583/1587 1905/2466/2474 1730/1581/1585
f 1137/1399/1405 1233/1857/1860 848/2003/2017
f 1680/2004/2018 848/2003/2017 1677/1003/1012
f 1824/998/1007 1234/1705/1706 706/2249/2270
f 1234/1705/1706 1824/998/1007 1623/997/1006
f 890/2467/2475 1235/1951/1956 1205/1080/1089
f 1310/1812/1813 1235/1514/1518 890/1810/1811
f 1330/2168/2192 1236/2468/2476 1529/2166/2190
f 1236/2468/2476 1102/2368/2381 1720/2367/2380
f 1673/1150/1159 1237/1007/1016 1838/1717/1718
f 1056/1027/1036 1237/1007/1016 1673/1150/1159
f 1238/2469/2477 833/1994/2006 1407/1435/1441
f 1239/1672/2038 668/2283/2303 1663/2021/2036
f 668/2283/2303 1239/1672/2038 883/1675/1677
f 1605/1756/1758 1877/1062/1071 1240/1061/1070
f 822/1328/1337 1605/1881/1884 1240/1770/1772
f 1852/2293/2313 1604/2295/2315 1241/1900/1904
f 1604/1656/1659 1876/1381/1389 1241/1380/1388
f 1456/1861/1864 1856/1275/1284 1347/1274/1283
f 1653/2470/2247 773/2405/2420 1242/2471/2246
f 1243/1394/1400 790/2472/2478 781/2473/2479
f 790/2472/2478 1243/1394/1400 1244/1398/1404
f 956/1034/1043 1702/1587/1591 1865/1590/1594
f 648/2474/2480 1244/1398/1404 1247/1397/1403
f 1244/1398/1404 648/2474/2480 790/2472/2478
f 701/1939/1944 799/2475/2481 1245/1937/1942
f 1245/1937/1942 799/2475/2481 1000/2112/2140
f 1246/1784/1786 1800/2330/2347 774/1872/1875
f 1800/2330/2347 1246/1784/1786 1070/1783/1785
f 1247/1397/1403 1741/2476/2482 648/2474/2480
f 1741/2476/2482 1247/1397/1403 1255/1302/1311
f 1248/1395/1401 781/2473/2479 1777/2477/2483
f 781/2473/2479 1248/1395/1401 1243/1394/1400
f 772/2451/2461 1249/1714/1715 1218/1619/1622
f 1249/1714/1715 772/2451/2461 750/2448/2458
f 916/1706/1707 1623/997/1006 1734/1653/1656
f 1623/997/1006 916/1706/1707 1234/1705/1706
f 1250/1521/1525 1789/2355/2369 671/1834/1837
f 1789/2355/2369 1250/1521/1525 1090/1520/1524
f 660/1914/1918 1251/1710/1711 753/1912/1916
f 1251/1710/1711 660/1914/1918 1779/2478/2484
f 737/2002/2016 893/1949/1954 1252/2001/2307
f 1812/1458/1464 1445/1212/1221 1252/2001/2015
f 1811/1369/1377 1446/1175/1184 1253/1174/1183
f 937/2123/2151 1427/1986/1997 1253/1174/2150
f 1254/1540/1544 1779/2478/2484 723/2309/2325
f 1779/2478/2484 1254/1540/1544 1251/1710/1711
f 703/2479/2485 1255/1302/1311 1259/1301/1310
f 1255/1302/1311 703/2479/2485 1741/2476/2482
f 1256/1933/1938 1777/2477/2483 719/2452/2462
f 1777/2477/2483 1256/1933/1938 1248/1395/1401
f 849/2447/2457 1257/1292/1301 1214/1858/1861
f 1257/1292/1301 849/2447/2457 1742/2480/2486
f 1258/1293/1302 1742/2480/2486 1746/2481/2487
f 1742/2480/2486 1258/1293/1302 1257/1292/1301
f 1259/1301/1310 1738/2450/2460 703/2479/2485
f 1738/2450/2460 1259/1301/1310 1216/1625/1628
f 1260/1831/1834 1001/1450/1456 667/2115/2143
f 1001/1450/1456 1260/1831/1834 1389/1874/1877
f 1002/1768/1770 1261/1570/1574 1697/1019/1028
f 1261/1570/1574 1644/1017/1026 1697/1019/1028
f 1262/1649/2488 1746/2481/2487 785/2482/2489
f 1746/2481/2487 1262/1649/2488 1258/1293/1302
f 1263/1405/2490 1749/2165/2189 819/2483/2491
f 1749/2165/2189 1263/1405/2490 950/2163/2187
f 1918/1370/1378 967/1345/1353 1007/1171/1180
f 717/2484/2492 1918/2485/1846 958/1490/1494
f 1264/2486/2493 1719/1426/1432 1318/1467/1471
f 985/994/1003 1719/1426/1432 1874/2226/2245
f 819/2483/2491 1265/1760/2048 1263/1405/2490
f 1265/1760/2048 819/2483/2491 903/2026/2046
f 785/2482/2489 1266/1650/2052 1262/1649/2488
f 1266/1650/2052 785/2482/2489 904/2028/2050
f 669/2414/2430 1267/1816/2449 1170/2268/2428
f 1267/1816/2449 669/2414/2430 952/2438/2448
f 1159/1822/1823 1268/1823/1826 840/1368/1824
f 1446/1175/1184 1811/1369/1377 840/1368/1376
f 1144/1742/1742 1269/2090/2115 810/1593/1743
f 1445/1212/1221 1812/1458/1464 810/1593/1597
f 1134/2261/2283 744/2262/2409 1270/1491/1495
f 1459/1488/1492 744/2262/2284 1431/1609/1614
f 1133/2259/2281 651/2260/2407 1271/1595/1599
f 1460/1436/1442 651/2260/2282 1430/2106/2132
f 1828/2461/2471 1272/1465/2466 1231/1464/2470
f 1272/1465/2466 1828/2461/2471 657/2456/2465
f 801/1149/2473 1273/2487/2277 1232/2465/2472
f 1273/1506/2277 801/2488/2473 722/2254/2275
f 1274/1575/1579 1874/2226/2245 944/2153/2177
f 944/2153/2177 1043/2117/2145 1274/1575/1579
f 1029/2489/2494 1275/1468/1472 1325/1469/1473
f 1275/1468/1472 1654/2161/2495 949/2160/2185
f 1276/2490/1986 1842/1479/2051 1822/1125/1970
f 1842/2029/2051 1276/1477/1986 670/1791/2049
f 1277/1976/1987 689/1493/2047 1823/1084/1964
f 689/2027/2047 1277/1494/1987 745/1830/2045
f 768/1847/1851 1278/2491/2496 1600/1845/1849
f 1697/1019/1028 822/1328/1337 1280/1769/1771
f 1046/1771/1773 1280/1769/1771 822/1328/1337
f 1238/2469/2477 1281/1310/1319 705/2492/2497
f 1282/1547/1551 1565/1081/1090 1599/2338/2354
f 1704/2493/2034 1282/2494/2033 901/2495/2353
f 1288/1549/1553 1283/1551/1555 1057/1990/2002
f 1627/2216/2235 1057/1990/2002 1283/1551/1555
f 824/2236/2258 1071/1447/1453 1284/1341/1350
f 1284/1341/1350 1524/2238/2260 824/2236/2258
f 1650/1383/1391 879/2496/2498 1285/1530/1534
f 1805/1533/1967 1285/1960/1966 879/2185/2208
f 1025/1325/1334 880/2497/2499 1286/1524/1528
f 960/1527/1973 1286/1963/1972 880/2184/2207
f 1287/1112/1121 1554/2142/2166 1406/2143/2167
f 1381/1560/1564 1287/1112/1121 915/2498/2500
f 1912/1782/1784 1827/1025/1034 1858/2499/2501
f 1858/2499/2501 1664/1905/1909 1533/2246/2267
f 756/2214/2234 1288/1549/1553 1169/1442/1448
f 1283/1551/1555 1288/1549/1553 756/2214/2234
f 1221/2278/2298 812/1107/1116 1289/1744/1746
f 1289/1744/1746 1509/2085/2109 1127/1745/1747
f 1339/2014/2028 1290/2060/2081 943/2500/2502
f 1018/2217/2236 943/2500/2502 1290/2060/2081
f 1019/2220/2239 926/2252/2272 1291/2095/2120
f 1006/2035/2058 1291/2095/2120 926/2252/2272
f 1606/1616/1620 712/1285/1294 1292/1614/1351
f 1163/1287/1296 1292/1614/1351 712/1285/1294
f 1881/1067/1076 777/1628/1631 1751/1033/1042
f 1503/1421/1427 777/1628/1631 1293/1627/1630
f 1294/985/994 706/2249/2270 1714/1316/1325
f 1295/1340/1349 920/1001/1010 1372/1000/1009
f 1295/1340/1349 1509/2085/2109 1619/2086/2110
f 1662/1431/1437 1891/1359/1367 1296/1825/1828
f 1786/1826/1829 1296/1825/1828 1891/1359/1367
f 1211/1897/1901 1297/1753/1755 1892/1896/1900
f 1661/1350/1358 1892/1896/1900 1297/1753/1755
f 1298/1186/1195 936/2387/2401 1681/1187/1196
f 936/2387/2401 1298/1186/1195 1871/2388/2402
f 731/1842/1845 844/2170/2194 1299/1418/1424
f 1686/1123/1132 1205/1080/1089 1299/1079/1088
f 1293/1627/1630 1059/1729/1730 1300/1422/1428
f 729/1954/1959 1300/1422/1428 1059/1729/1730
f 1167/1391/1397 1055/1390/1396 1301/1695/1697
f 1794/1852/1856 1301/1695/1697 1055/1390/1396
f 1387/1981/1992 1302/1686/1688 1737/1690/1692
f 967/1345/1353 1737/1690/1692 1302/1686/1688
f 1303/1908/1912 1637/1535/1539 994/1031/1040
f 1421/2235/2257 1303/1908/1912 1458/1907/1911
f 838/2316/2333 1061/2315/2332 1304/2022/2040
f 1195/1455/1461 1304/1457/1463 1061/1502/1506
f 837/2321/2336 1062/2501/2335 1305/2024/2043
f 1797/1166/1175 1305/1300/1309 1062/1164/1173
f 1066/1051/1060 1819/1683/1685 1306/1049/1058
f 766/1601/1606 1307/1600/1605 680/1840/1843
f 1307/1600/1605 766/1601/1606 1669/2054/2075
f 1243/1394/1400 1709/1068/1077 724/1663/1665
f 1624/1707/1708 724/1663/1665 1709/1068/1077
f 1862/1142/1151 1033/2282/2302 1308/1410/1416
f 813/1746/1748 1308/1410/1416 1033/2282/2302
f 914/2502/2503 1309/1968/1979 881/1965/1976
f 1309/1968/1979 914/2502/2503 735/2070/2092
f 1680/2004/2018 748/1512/1516 1310/1812/1813
f 1235/1514/1518 1310/1812/1813 748/1512/1516
f 1311/1692/1694 861/1290/1299 1023/2503/2504
f 1406/1693/1695 1311/1692/1694 713/1691/1693
f 1820/1569/1573 1065/2504/2505 1312/1374/1382
f 989/2228/2249 1312/1580/1584 1065/2323/2341
f 990/2229/2251 1313/1893/1897 1064/2322/2339
f 1819/1683/1685 1064/2505/2506 1313/2396/2411
f 778/1635/1638 1314/1633/1636 1500/1441/1447
f 1314/1633/1636 778/1635/1638 1173/1634/1637
f 1845/990/999 1326/1622/1625 1315/1497/1501
f 807/2506/2440 1817/2108/2134 992/2507/2254
f 975/1608/1613 992/1732/1732 1817/1607/1612
f 1613/2063/2085 664/2062/2084 1316/2139/2163
f 1581/1203/1212 1316/2139/2163 1631/1763/1765
f 889/1991/2003 1843/2358/2372 1264/2486/2493
f 999/2339/2355 889/1991/2003 1318/1467/1471
f 1319/1557/1561 1076/1673/1675 901/2337/2507
f 1076/1673/1675 1319/1557/1561 792/1671/1673
f 1754/1681/1683 1320/2071/2093 1568/2334/2351
f 1074/2333/2350 1568/2334/2351 1320/2071/2093
f 1035/2285/2305 1744/2508/2508 1878/2284/2304
f 1095/988/997 1338/987/996 993/1432/1438
f 1095/988/997 993/1432/1438 1695/1008/1017
f 927/1489/1493 1321/2101/2127 1801/1487/1491
f 1854/1548/2126 1321/2342/2358 927/2509/1999
f 1237/1007/1016 746/1504/1508 1838/1717/1718
f 1273/1506/1510 1322/1712/1713 746/1504/1508
f 1272/1465/1469 1323/1670/1672 1890/1463/1467
f 1695/1008/1017 1890/1463/1467 1839/1669/1671
f 1833/2209/2229 1519/2000/2014 1324/1470/1474
f 1199/1471/1475 1324/1470/1474 1519/2000/2014
f 1325/1469/1473 658/2510/2509 1029/2489/2494
f 1473/2511/2510 1325/1469/1473 1357/1048/1057
f 1326/1622/1625 918/2512/2511 1143/1621/1624
f 1474/1499/1503 1326/1622/1625 1875/1016/1025
f 1327/1012/1021 1027/1676/1678 883/1675/2512
f 1027/1676/1678 1327/1012/1021 1221/2278/2298
f 1829/1644/1647 1328/2398/2413 1137/1399/1405
f 1678/1645/1648 1829/1644/1647 1230/1289/1298
f 1727/1860/1863 696/1140/1149 1171/1139/1148
f 1002/1768/1770 696/2244/2266 1329/2275/2295
f 1651/2116/2144 1202/1641/1644 753/1912/1916
f 1236/2468/2476 1330/2168/2192 951/1472/1476
f 951/1472/1476 1330/2168/2192 1324/1470/1474
f 1486/1916/1920 923/2092/2117 1331/1028/1037
f 1666/1029/1038 1331/1028/1037 1403/2513/2513
f 1332/1445/1451 909/2051/2073 1484/1957/1962
f 1405/2514/2514 1332/1445/1451 1541/2360/2374
f 1404/2515/2515 1333/1020/1029 1354/1279/1288
f 1333/1020/1029 940/2132/2157 1483/1566/1570
f 830/1802/1803 1334/1967/1978 1340/1966/1977
f 1870/2516/2516 1164/1929/1934 649/1928/1933
f 1044/1417/1423 1335/1612/1617 1748/1611/1616
f 1335/1612/1617 1044/1417/1423 728/2297/2317
f 1816/1209/1218 1460/1436/1442 929/2107/2133
f 1336/2180/2203 738/1923/1927 1214/1858/1861
f 1839/1669/1671 1225/1668/1670 738/1923/1927
f 1337/1337/1346 667/2115/2143 932/1452/1458
f 1183/1832/1835 667/2115/2143 1337/1337/1346
f 1193/1796/1797 1681/1795/1796 1905/2432/1799
f 1681/1187/1196 1730/1581/1585 1905/2466/2474
f 1339/2014/2028 742/2517/2517 900/2012/2026
f 943/2500/2502 742/2517/2517 1339/2014/2028
f 1340/1966/1977 1641/1803/1804 830/1802/1803
f 1341/1865/1868 1198/2075/2097 917/2074/2096
f 1341/1865/1868 1606/1616/1620 1767/1615/1619
f 1342/1400/1406 836/1183/1192 885/2518/2518
f 836/1183/1192 1342/1400/1406 1648/1646/1649
f 1343/1185/1194 995/1244/1253 831/2441/2451
f 831/2441/2451 1543/2122/2149 1343/1185/1194
f 1704/1177/1186 758/1110/1119 1388/1109/1118
f 901/2337/2353 758/2336/2352 1704/2019/2034
f 1344/2237/2259 1228/1704/1705 824/2236/2258
f 1629/1919/1923 1228/1704/1705 1344/2237/2259
f 1831/1977/1988 1082/1552/1556 1345/1052/1061
f 963/1053/1062 1345/1052/1061 1082/1552/1556
f 1688/1249/1258 865/1248/1257 1832/1234/1243
f 1685/2412/2427 1832/1234/1243 865/1248/1257
f 1833/2209/2229 1346/1886/2228 1849/2344/2262
f 1132/2392/2261 1849/2344/2262 1346/1886/1889
f 962/2188/2519 850/2519/2520 1347/1274/1283
f 850/2519/2520 1329/2520/2521 1347/1274/1283
f 977/2211/2522 694/2324/2523 1348/1880/1883
f 694/2324/2523 1224/2455/2464 1348/1880/1883
f 1142/1778/1780 1719/1426/1432 985/994/1003
f 1736/1211/1220 942/1437/1443 1816/1209/1218
f 1846/2148/2172 942/2521/1600 1736/2149/2173
f 1691/1151/1160 1220/1716/1717 941/2136/2160
f 1691/1151/1160 941/2136/2160 1213/1790/1791
f 869/2277/2297 1221/2278/2298 1349/1586/1590
f 1289/1744/1746 1349/1586/1590 1221/2278/2298
f 1350/1740/1740 922/2522/2524 1144/2406/2422
f 1626/1375/1383 1350/1740/1740 1177/1102/1111
f 1625/2397/2412 1351/2378/2392 1518/2395/2410
f 1351/2378/2392 1135/2523/2525 1159/2408/2424
f 930/1089/1098 1666/1029/1038 1352/1938/2138
f 1352/1938/1943 871/1942/1947 965/1941/1946
f 1353/2013/2082 1541/2360/2374 911/1092/1101
f 1022/2016/2030 653/2015/2029 1353/2013/2027
f 1504/2034/2526 1354/1279/1288 1756/1006/1015
f 1354/1279/1288 789/2030/2527 1188/2427/2528
f 1191/2429/2529 686/2121/2530 1667/1131/1140
f 1755/1022/1031 1667/1131/1140 1506/2044/2531
f 1420/1733/1733 1355/1210/1219 807/2506/2532
f 1555/2234/2533 807/2506/2532 1355/1210/1219
f 1356/1024/1033 1734/1653/1656 1623/997/1006
f 1255/1302/1311 1734/1653/1656 1356/1024/1033
f 1357/1048/1057 928/2524/2534 1473/2511/2510
f 1657/2525/2535 1357/1048/1057 1362/1047/1056
f 1901/1361/1369 1886/1759/1761 818/2526/2536
f 1005/2250/2537 818/2526/2536 1886/1759/1761
f 1022/2527/2538 1359/1750/1752 1908/1297/1306
f 1359/1750/1752 1022/2527/2538 900/2528/2539
f 1360/1277/1286 1021/2529/2540 905/2530/2541
f 1021/2529/2540 1360/1277/1286 1909/1276/1285
f 1364/1094/1103 1888/1093/1102 1017/2531/2542
f 809/2091/2543 1017/2531/2542 1888/1093/1102
f 987/2532/2544 776/2533/2545 1894/2061/2083
f 1770/1363/1371 1894/2061/2083 776/2533/2545
f 1911/1738/1738 1873/1193/1202 681/1737/2546
f 979/2215/2547 681/1737/2546 1873/1193/1202
f 1910/1565/1569 1872/1216/1225 906/2038/2548
f 935/2118/2549 906/2038/2548 1872/1216/1225
f 1000/2534/2550 1907/1189/1198 1771/1188/1197
f 1907/1189/1198 1000/2534/2550 799/2535/2551
f 741/2536/2552 1903/1218/1227 1774/1208/1217
f 1903/1218/1227 741/2536/2552 907/2537/2553
f 1361/1015/1024 1671/2538/2554 1656/1781/1783
f 737/2431/2443 1361/1015/1024 1192/1042/1051
f 948/2539/2555 1009/2540/2556 1906/1256/1265
f 1370/2011/2025 1906/2131/1265 1009/2541/2556
f 937/2436/2445 1362/1047/1056 1194/1793/1794
f 1362/1047/1056 1672/2542/2557 1657/2525/2535
f 1067/1478/1482 1781/1324/1333 1128/1476/1480
f 1781/1324/1333 1067/1478/1482 880/2497/2499
f 1912/1782/1784 1246/1784/1786 854/1871/1874
f 1363/1623/1626 854/1871/1874 1217/1624/1627
f 1782/1382/1390 1068/1495/1499 879/2496/2498
f 1908/1297/1306 973/2543/2558 1022/2527/2538
f 973/2543/2558 1908/1297/1306 1775/1192/1201
f 972/2206/2559 1909/1276/1285 1776/1217/1226
f 1909/1276/1285 972/2206/2559 1021/2529/2540
f 906/2038/2548 1005/2250/2537 1910/1565/1569
f 1886/1759/1761 1910/1565/1569 1005/2250/2537
f 681/1737/2546 809/2091/2543 1911/1738/1738
f 1888/1093/1102 1911/1738/1738 809/2091/2543
f 1893/1775/1777 663/2544/2560 954/2545/2561
f 823/2546/2562 663/2544/2560 1893/1775/1777
f 1017/2531/2542 887/2547/2563 1364/1094/1103
f 1145/1982/1993 1364/1094/1103 887/2547/2563
f 1158/1201/1210 1895/1642/1645 692/2548/2564
f 692/2548/2564 1895/1642/1645 1898/1819/1820
f 1018/2549/2565 823/2546/2562 1896/1774/1776
f 1893/1775/1777 1896/1774/1776 823/2546/2562
f 1783/1739/1739 1365/1884/1887 720/989/998
f 1371/1044/1053 720/989/998 1365/1884/1887
f 747/2550/2566 1899/1202/1211 1885/1508/1512
f 1899/1202/1211 747/2550/2566 820/2551/2567
f 1019/2552/2568 749/2553/2569 1366/1516/1520
f 1150/1515/1519 1366/1516/1520 749/2553/2569
f 1026/2554/2570 1898/1819/1820 1887/1097/1106
f 1898/1819/1820 1026/2554/2570 692/2548/2564
f 1030/2555/2571 1885/1508/1512 1146/1257/1266
f 1885/1508/1512 1030/2555/2571 747/2550/2566
f 1902/1662/1664 905/2530/2541 697/2556/2572
f 905/2530/2541 1902/1662/1664 1360/1277/1286
f 818/2526/2536 938/2557/2573 1901/1361/1369
f 1369/1362/1370 1901/1361/1369 938/2557/2573
f 1904/1483/1487 900/2558/2539 742/2559/2574
f 900/2528/2539 1904/2272/1487 1359/1750/1752
f 1366/1516/1520 1884/1207/1216 1019/2552/2568
f 926/2560/2575 1019/2552/2568 1884/1207/1216
f 835/2561/2576 1887/1097/1106 1147/1096/1105
f 1887/1097/1106 835/2561/2576 1026/2554/2570
f 943/2562/2577 1018/2549/2565 1883/1205/1214
f 1896/1774/1776 1883/1205/1214 1018/2549/2565
f 1855/1172/1181 1367/1833/1836 1136/992/1001
f 1302/1686/1688 1367/1833/1836 1855/1172/1181
f 1368/1152/1161 1213/1790/1791 950/2163/2187
f 1368/1152/1161 950/2163/2187 1263/1405/1411
f 799/2535/2551 1916/1708/1709 1907/1189/1198
f 1157/1482/1486 1916/1708/1709 799/2535/2551
f 1369/1362/1370 672/2563/2578 988/2564/2579
f 938/2557/2573 672/2565/2578 1369/1362/1370
f 907/2537/2553 1917/1219/1228 1903/1218/1227
f 1154/1661/1663 1917/2046/1228 907/2566/2553
f 1370/2011/2025 655/2567/2580 899/2568/2581
f 1009/2541/2556 655/2567/2580 1370/2011/2025
f 1545/2224/2243 1371/1044/1053 1758/1815/1816
f 1365/1884/1887 1758/1815/1816 1371/1044/1053
f 1115/1613/1618 1825/1777/1779 1372/1000/1009
f 1825/1777/1779 824/2236/2258 1524/2238/2260
f 1373/1010/1019 913/2065/2087 1618/2175/2199
f 1563/2069/2091 1373/1010/1019 1755/1022/1031
f 1266/1650/1653 1374/1667/1669 829/1648/1651
f 1261/1570/1574 1002/1768/1770 1375/1862/1865
f 1329/2275/2295 1375/1862/1865 1002/1768/1770
f 1306/1049/1058 1012/1378/1386 1376/1050/1059
f 1224/2453/2463 1376/1050/1059 1012/1378/1386
f 1735/2088/2112 1377/2087/2111 892/1246/1255
f 1377/2087/2111 1735/2088/2112 921/2018/2032
f 1865/1590/1594 1814/1054/1063 1378/1313/1322
f 1378/1313/1322 1534/1035/1044 1865/1590/1594
f 1751/1033/1042 1109/1154/1163 956/1034/1043
f 1751/1033/1042 777/1628/1631 1109/1154/1163
f 1737/1690/1692 1379/1347/1355 1011/1688/1690
f 797/2257/2279 1011/1688/1690 1379/1347/1355
f 1879/2415/2431 732/2150/2174 1380/2416/2432
f 1380/1121/1130 732/2147/2171 1420/1733/1733
f 1399/1108/1117 1381/1560/1564 797/2569/2582
f 915/2498/2500 797/2569/2582 1381/1560/1564
f 958/2183/2206 1007/1171/1180 644/2181/2204
f 1007/1171/1180 958/2183/2206 1918/1370/1378
f 1714/1316/1325 706/2249/2270 1382/1317/1326
f 1275/1468/1472 949/2160/2185 1383/1360/1368
f 855/2159/1880 1383/1360/1368 949/2160/2185
f 1242/2227/2246 1384/1496/1500 983/1678/1680
f 1315/1497/1501 983/1678/1680 1384/1496/1500
f 848/2003/2017 1385/2230/2252 1137/1399/1405
f 1385/2230/2252 848/2003/2017 1788/1509/1513
f 1826/2327/2344 1069/1555/1559 997/1554/1558
f 1069/1555/1559 1826/2327/2344 1793/2570/2583
f 1719/1426/1432 1264/2486/2493 1874/2226/2245
f 1745/2571/2584 1874/2226/2245 1264/2486/2493
f 1737/1690/1692 796/1689/1691 1387/1981/1992
f 1023/2503/2504 1387/1981/1992 796/1689/1691
f 1162/2410/2426 1388/1109/1118 845/2572/2585
f 1187/2573/2586 845/2572/2585 1388/1109/1118
f 735/2070/2092 1389/1874/1877 1869/1230/1239
f 1389/1874/1877 735/2070/2092 1001/1450/1456
f 1791/2146/2170 1390/2574/2587 765/2144/2168
f 1108/1837/1840 1391/1129/1138 1172/1836/1839
f 1391/1129/1138 1108/1837/1840 1487/2247/2268
f 1392/1846/1850 1801/1487/1491 1321/2101/2127
f 1200/1492/2588 1392/1846/1850 717/2484/2589
f 1008/1235/1244 1844/2253/2273 852/2056/2077
f 910/2055/2076 1844/2253/2273 1684/1869/1872
f 1676/2359/2373 1745/2571/2584 1264/2486/2493
f 1476/2372/2384 1676/2359/2373 1878/2284/2304
f 1635/2407/2423 765/2144/2168 1393/1741/1741
f 1215/1518/1522 1394/1416/1422 1733/1715/1716
f 1578/1415/1421 1733/1715/1716 1394/1416/1422
f 924/2097/2122 1395/1204/1213 1581/1203/1212
f 1395/1204/1213 924/2097/2122 1611/2129/2156
f 1539/2332/2349 1073/2025/2044 1396/1723/1724
f 993/1432/1438 1396/1434/1440 1073/1299/1308
f 736/1349/1357 1397/1454/1460 1072/1456/1462
f 1538/2331/2348 1072/2023/2041 1397/1720/1721
f 1398/1944/1949 1601/1004/1013 1659/1401/1407
f 797/2569/2582 1187/2573/2586 1399/1108/1117
f 1388/1109/1118 1399/1108/1117 1187/2573/2586
f 1400/2437/2447 717/2484/2589 1392/1846/1850
f 1918/2485/1846 717/2484/2492 1400/2437/1847
f 1050/1233/1242 1401/1920/1924 1688/1249/1258
f 1008/1235/1244 1401/1920/1924 1050/1233/1242
f 1402/2457/2060 716/2041/2064 1005/2040/2063
f 716/2041/2064 1402/2457/2467 1227/1130/1139
f 1403/1736/1736 923/2575/2117 809/2091/2116
f 923/2092/2117 1403/2513/2513 1331/1028/1037
f 1333/1020/1029 1404/2515/2515 940/2132/2157
f 882/2135/2158 940/2576/2157 1404/1970/1981
f 734/2179/2074 909/2051/2073 1405/2514/1750
f 1332/1445/1451 1405/2514/2514 909/2051/2073
f 1406/2143/2167 915/2498/2500 1287/1112/1121
f 713/1691/1693 915/2073/2095 1406/1693/1695
f 669/1312/1321 1407/1435/1441 952/2577/2590
f 844/2578/2591 952/2577/2590 1407/1435/1441
f 1090/1520/1524 1726/1519/1523 1408/1764/1766
f 1634/2409/2425 644/2181/2204 1409/2379/2393
f 1121/1170/1179 1409/2379/2393 644/2181/2204
f 947/2157/2182 1410/2156/2181 1088/2352/2366
f 1866/1529/1533 1088/1531/1535 1410/1385/1393
f 946/2154/2179 1411/1376/2178 1087/1525/2365
f 1567/1018/1027 1087/1525/1529 1411/1376/1384
f 1412/1859/1862 1347/1274/1283 1329/2520/2521
f 1727/1860/1863 1412/1859/1862 1329/2520/2521
f 1254/1540/1544 1413/1392/1398 933/1709/1710
f 1821/995/1004 1651/2116/2144 1413/1392/1398
f 1205/1080/1089 1414/1124/1133 890/2467/2475
f 833/1994/2006 890/2467/2475 1414/1124/1133
f 711/2383/2397 1415/1584/1588 1289/1744/1746
f 1687/1245/1254 1415/1584/1588 711/2383/2397
f 1320/2071/2093 1754/1681/1683 1416/2072/2094
f 1754/1681/1683 1641/1803/1804 1416/2072/2094
f 1293/1627/1630 777/1628/1631 1881/1067/1076
f 1417/2579/2592 705/2492/2497 1281/1310/1319
f 1851/1122/1131 1281/1310/1319 1740/1120/1129
f 1347/1274/1283 1418/1273/1282 962/2188/2519
f 666/1576/1580 962/2188/2519 1418/1273/1282
f 1348/1880/1883 1419/1682/1684 977/2211/2522
f 795/1268/1277 977/2211/2522 1419/1682/1684
f 793/2418/2434 1242/2471/2593 1456/1861/1864
f 1384/1496/1500 1242/2227/2246 793/2223/2242
f 1417/2579/2592 1420/1733/1733 1180/2580/2594
f 807/2506/2532 1180/2580/2594 1420/1733/1733
f 1168/1541/1545 1637/1535/1539 1421/2235/2257
f 1303/1908/1912 1421/2235/2257 1637/1535/1539
f 1716/1539/1543 693/2581/2595 1422/1261/1270
f 1713/1155/1164 1422/1261/1270 693/2581/2595
f 1252/2001/2015 1423/1214/1223 1037/2287/2596
f 826/2399/2597 1037/2287/2596 1423/1214/1223
f 1253/1174/1183 1424/1173/1182 1119/2102/2598
f 759/2105/2599 1119/2102/2598 1424/1173/1182
f 866/1225/1234 1425/1224/1233 825/2582/2600
f 688/2583/2601 825/2582/2600 1425/1224/1233
f 969/1433/1439 993/1432/1438 1426/1658/1661
f 1580/1475/1479 1428/1318/1327 740/1473/1477
f 1858/2499/2501 1428/1318/1327 1912/1782/1784
f 898/1371/1379 688/2583/2601 1429/1571/1575
f 1425/1224/1233 1429/1571/1575 688/2583/2601
f 929/2107/2133 1430/2106/2132 874/2109/2602
f 1099/1948/2603 874/2109/2602 1430/2106/2132
f 927/1489/1493 1431/1609/1614 888/1988/2604
f 1098/1985/2605 888/1988/2604 1431/1609/1614
f 1448/1259/1268 1432/1157/1166 642/2584/2606
f 897/1334/1343 642/2584/2606 1432/1157/1166
f 846/1087/1096 1561/1086/1095 1224/2455/2464
f 1012/1378/1386 846/2258/2280 1224/2453/2463
f 1717/1260/1269 677/2585/2607 1433/1538/1542
f 1466/1135/1144 1433/1538/1542 677/2585/2607
f 1721/1572/1576 762/2586/2608 1434/1372/1380
f 896/1228/1237 1434/1372/1380 762/2586/2608
f 1435/1043/1052 975/1608/1613 1192/1042/1051
f 975/1608/1613 1435/1043/1052 1358/1685/1687
f 1712/1711/1712 891/1998/2609 1436/1269/1278
f 1031/1562/1566 1436/1269/1278 891/1998/2609
f 986/1620/1623 674/2077/2610 1437/1577/1581
f 1032/1106/1115 1437/1577/1581 674/2077/2610
f 1098/1985/1996 1438/1984/1995 1818/2362/1998
f 1194/1793/1794 1818/1987/2446 1438/2435/2444
f 1728/1878/1881 1439/1088/1097 1129/2587/2611
f 715/2588/2612 1129/2587/2611 1439/1088/1097
f 1099/1948/1953 1440/1947/1952 685/2363/2376
f 1192/1042/1051 685/2589/2613 1440/2430/2442
f 877/1306/1315 1441/1226/1235 704/2590/2614
f 867/1198/1207 704/2590/2614 1441/1226/1235
f 1747/1127/1136 718/2591/2615 1442/1227/1236
f 898/1371/1379 1442/1227/1236 718/2591/2615
f 666/1576/1580 1443/1105/1114 989/2228/2616
f 1723/1578/2248 989/2228/2616 1443/1105/1114
f 795/1268/1277 1444/1267/1276 990/2229/2617
f 1724/1891/2250 990/2229/2617 1444/1267/1276
f 810/1593/1597 1269/2090/2618 1445/1212/1221
f 1185/1213/1222 1445/1212/1221 1269/2090/2618
f 840/1368/1376 1268/1823/2619 1446/1175/1184
f 1184/1430/1436 1446/1175/1184 1268/1823/2619
f 873/1407/1413 1447/1335/1344 675/2592/2620
f 895/1156/1165 675/2592/2620 1447/1335/1344
f 642/2584/2606 839/2593/2621 1448/1259/1268
f 1717/1260/1269 1448/1259/1268 839/2593/2621
f 1449/2310/2326 788/1636/1639 1658/1443/2327
f 788/1636/1639 1449/2310/2326 1028/2279/2299
f 1439/1088/1097 1450/1849/1853 715/2588/2612
f 908/2048/2070 715/2588/2612 1450/1849/1853
f 1171/1139/1148 1451/1138/1147 1060/2417/2433
f 1766/2314/2331 1060/2417/2433 1451/1138/1147
f 1431/1609/1614 1452/1792/1793 1098/1985/2605
f 1427/1986/2622 1098/1985/2605 1452/1792/1793
f 1430/2106/2132 1453/1459/1465 1099/1948/2603
f 893/1949/2623 1099/1948/2603 1453/1459/1465
f 1454/2210/2230 857/1887/1890 1346/1886/2228
f 1454/2210/2230 1840/2167/2191 1529/2166/2190
f 1455/1922/1926 1688/1249/1258 1401/1920/1924
f 690/2594/2624 1455/1922/1926 1052/2307/2323
f 1456/1861/1864 1171/1139/1148 793/2418/2434
f 1171/1139/1148 1456/1861/1864 1727/1860/1863
f 1467/1239/1248 1457/1238/1247 725/2595/2625
f 828/1406/1412 725/2595/2625 1457/1238/1247
f 1862/1142/1151 1458/1907/1911 1744/2508/2508
f 1458/1907/1911 1862/1142/1151 1421/2235/2257
f 1200/1492/2588 1270/1491/2626 1459/1488/1492
f 744/2262/2284 1459/1488/1492 1270/1491/2626
f 942/1437/1443 1271/1595/2627 1460/1436/1442
f 651/2260/2282 1460/1436/1442 1271/1595/2627
f 1743/1223/1232 780/2596/2628 1461/1180/1189
f 1463/1329/1338 1461/1180/1189 780/2596/2628
f 1293/1627/1630 1881/1067/1076 1462/1066/1075
f 1256/1933/1938 868/1932/1937 1462/1066/1075
f 1471/1305/1314 1463/1329/1338 708/2597/2629
f 780/2596/2628 708/2597/2629 1463/1329/1338
f 1464/2264/2286 1015/1864/1867 1706/2265/2287
f 1015/1864/1867 1464/2264/2286 851/1863/1866
f 1465/2296/2316 727/1065/1074 1889/1064/1073
f 1465/2296/2316 1182/2426/2441 925/1411/1417
f 1497/1136/1145 1466/1135/1144 811/2598/2630
f 677/2585/2607 811/2598/2630 1466/1135/1144
f 1493/1387/1395 1467/1239/1248 802/2599/2631
f 725/2595/2625 802/2599/2631 1467/1239/1248
f 1492/1118/1127 1468/1117/1126 700/2600/2632
f 849/1294/1303 700/2600/2632 1468/1117/1126
f 679/2601/2633 775/2602/2634 1469/1181/1190
f 1470/1163/1172 1469/1181/1190 775/2602/2634
f 1480/1517/1521 1470/1163/1172 782/2603/2635
f 775/2602/2634 782/2603/2635 1470/1163/1172
f 708/2597/2629 679/2601/2633 1471/1305/1314
f 1469/1181/1190 1471/1305/1314 679/2601/2633
f 1510/1099/1108 1472/1272/1281 1078/2604/2636
f 1870/2516/2516 1078/2604/2636 1472/1272/1281
f 891/1998/2011 658/1997/2010 1473/1995/2008
f 1325/1469/1473 1473/2511/2510 658/2510/2509
f 1326/1622/1625 1474/1499/1503 918/2512/2511
f 674/2077/2099 918/2076/2098 1474/2078/2102
f 1738/1179/1188 714/2605/2637 1475/1222/1231
f 1498/1353/1361 1475/1222/1231 714/2605/2637
f 944/2153/2177 1476/2372/2384 1853/2151/2175
f 1476/2372/2384 944/2153/2177 1874/2226/2245
f 857/1887/1890 1477/1890/1893 647/1885/1888
f 1496/1074/1083 647/2606/2638 1477/2390/2404
f 897/1334/1343 1478/1333/1342 710/2607/2639
f 1773/1145/1154 710/2607/2639 1478/1333/1342
f 1458/1907/1911 1116/1906/1910 1479/2371/2383
f 1853/2151/2175 1479/2371/2383 1116/1906/1910
f 782/2603/2635 661/2608/2640 1480/1517/1521
f 1490/1158/1167 1480/1517/1521 661/2608/2640
f 1502/1664/1666 1481/1128/1137 791/2609/2641
f 896/1228/1237 791/2609/2641 1481/1128/1137
f 1821/995/1004 1274/1575/1579 1043/2117/2145
f 1651/2116/2144 1821/995/1004 1043/2117/2145
f 1501/1251/1260 1482/1199/1208 691/2610/2642
f 866/1225/1234 691/2610/2642 1482/1199/1208
f 1711/1036/1045 1483/1566/1570 1178/1037/1046
f 976/2420/2437 1178/1037/1046 1483/1566/1570
f 878/1258/1267 1484/1957/1962 1179/2009/2023
f 899/2421/2438 1179/2009/2023 1484/1957/1962
f 1131/1365/1373 1485/1758/1760 769/1366/1374
f 1485/1758/1760 1131/1365/1373 938/2389/2403
f 1130/1983/1994 1486/1916/1920 862/1507/1511
f 1486/1916/1920 1130/1983/1994 887/2385/2399
f 1880/1921/1925 1778/2186/2209 1547/1950/1955
f 1778/2186/2209 1880/1921/1925 863/2302/2321
f 1785/996/1005 1391/1129/1138 1487/2247/2268
f 1785/996/1005 1487/2247/2268 1533/2246/2267
f 821/2354/2368 1090/1520/1524 1488/1766/1768
f 1408/1764/1766 1488/1766/1768 1090/1520/1524
f 1489/1915/1919 1836/1511/1515 1725/1687/1689
f 1836/1511/1515 1489/1915/1919 1913/1856/1859
f 772/1159/1168 1490/1158/1167 750/2611/2643
f 661/2608/2640 750/2611/2643 1490/1158/1167
f 1912/1782/1784 1491/1320/1329 1070/1783/1785
f 682/2329/2346 1070/1783/1785 1491/1320/1329
f 700/2600/2632 864/2612/2644 1492/1118/1127
f 1523/1461/1252 1492/1118/1127 864/2612/2644
f 802/2599/2631 650/2613/2645 1493/1387/1395
f 1525/1388/1246 1493/1387/1395 650/2613/2645
f 1203/1567/1571 761/2614/2646 1494/2300/2320
f 1527/1060/1069 1494/2300/2320 761/2614/2646
f 1732/1848/1852 721/2615/2647 1495/2047/2069
f 1528/1357/1365 1495/2047/2069 721/2615/2647
f 811/2598/2630 847/2616/2648 1497/1136/1145
f 1520/1423/1429 1497/1136/1145 847/2616/2648
f 1517/1194/1203 1498/1353/1361 687/2617/2649
f 714/2605/2637 687/2617/2649 1498/1353/1361
f 1499/2440/2153 1882/1805/1806 831/2441/2451
f 831/2441/2451 1513/1809/1810 1863/1808/1809
f 691/2610/2642 817/2618/2650 1501/1251/1260
f 1787/1252/1261 1501/1251/1260 817/2618/2650
f 1789/1075/1084 1502/1664/1666 671/2619/2651
f 791/2609/2641 671/2619/2651 1502/1664/1666
f 673/2349/2364 1086/1629/1632 1503/1421/1427
f 777/1628/1631 1503/1421/1427 1086/1629/1632
f 1021/2031/2054 789/2030/2053 1504/2034/2057
f 1354/1279/1288 1504/2034/2526 789/2030/2527
f 1814/1054/1063 1505/1592/1596 1083/1726/1727
f 805/2345/2360 1083/1726/1727 1505/1592/1596
f 686/2121/2530 1506/2044/2531 1667/1131/1140
f 1506/2044/2067 686/2121/2148 964/2120/2147
f 1507/1582/1586 1759/1071/1080 1229/1070/1079
f 1837/1838/1841 1861/1111/1120 1507/1582/1586
f 1544/1266/1275 1508/1146/1155 726/2620/2652
f 873/1407/1413 726/2620/2652 1508/1146/1155
f 1509/2085/2109 1289/1744/1746 812/1107/1116
f 812/1107/1116 1619/2086/2110 1509/2085/2109
f 1078/2604/2636 739/2621/2653 1510/1099/1108
f 1546/2622/2654 1510/1099/1108 739/2621/2653
f 1511/1402/1408 934/1286/1295 699/2623/2655
f 1511/1402/1408 1163/1287/1296 934/1286/1295
f 649/1928/1933 1028/2624/2656 1870/2516/2516
f 1870/2516/2516 1028/2624/2656 1078/2604/2636
f 791/2176/2200 955/2177/2201 1512/1665/1667
f 1108/1837/1840 1512/1665/1667 955/2177/2201
f 1513/1809/1810 831/2441/2451 995/1244/1253
f 995/1244/1253 1132/2625/2657 1513/1809/1810
f 1514/2192/2215 1795/1801/1802 1790/1800/1801
f 1102/2368/2381 1514/2192/2215 1707/1314/1323
f 1777/1373/1381 1515/1160/1169 719/2626/2658
f 1802/1730/1142 719/2626/2658 1515/1160/1169
f 687/2617/2649 774/2627/2659 1517/1194/1203
f 1800/1195/1204 1517/1194/1203 774/2627/2659
f 1518/2395/2410 1121/1170/1179 1855/1172/1181
f 1519/2000/2014 1833/2209/2229 974/1999/2013
f 974/1999/2013 892/1246/1255 1519/2000/2014
f 1804/1424/1430 1520/1423/1429 673/2628/2660
f 847/2616/2648 673/2628/2660 1520/1423/1429
f 1226/2629/2661 865/1248/1257 1864/1926/1931
f 1703/1250/1259 1864/1926/1931 865/1248/1257
f 1753/1197/1206 1521/1253/1262 707/2630/2662
f 1799/1322/1331 707/2630/2662 1521/1253/1262
f 1828/1116/1125 1523/1243/1252 657/2631/2663
f 864/2612/2644 657/2632/2663 1523/1461/1252
f 1372/1000/1009 1524/2238/2260 1295/1340/1349
f 1524/2238/2260 1372/1000/1009 1825/1777/1779
f 801/1149/1158 1525/1237/1246 722/2633/2664
f 650/2613/2645 722/2634/2664 1525/1388/1246
f 842/1126/1135 1526/1429/1435 665/2635/2665
f 730/2636/2666 665/2635/2665 1526/1429/1435
f 1240/1061/1070 1527/1060/1069 1046/2637/2667
f 761/2614/2646 1046/2637/2667 1527/1060/1069
f 1241/1380/1388 1528/1357/1365 1045/2638/2668
f 721/2615/2647 1045/2638/2668 1528/1357/1365
f 1529/2166/2190 757/2191/2214 1454/2210/2230
f 757/2191/2214 1720/2367/2380 1707/1314/1323
f 853/1284/1293 1530/1134/1143 698/2639/2669
f 772/1159/1168 698/2640/2669 1530/1617/1143
f 872/1500/1504 1531/1425/1431 654/2641/2670
f 853/1284/1293 654/2641/2670 1531/1425/1431
f 1794/1854/1399 723/2642/2671 1532/1196/1205
f 1779/1221/1230 1532/1196/1205 723/2642/2671
f 1533/2246/2267 1664/1905/1909 1785/996/1005
f 1751/1033/1042 1534/1035/1044 1830/2084/2108
f 1181/2178/2202 1830/2084/2108 1534/1035/1044
f 1787/1252/1261 643/2643/2672 1535/1323/1332
f 1794/1393/1399 1535/1323/1332 643/2643/2672
f 771/1184/1193 1198/2075/2097 1536/1550/1554
f 1094/1989/2001 1536/1550/1554 1198/2075/2097
f 1800/1195/1204 682/2644/2673 1537/1785/1330
f 1799/1322/1331 1537/1321/1330 682/2645/2673
f 1802/1133/1142 1540/1132/1141 729/2646/2674
f 1804/1424/1430 729/2646/2674 1540/1132/1141
f 1541/2360/2374 1353/2013/2082 653/2015/2675
f 1541/2360/2374 653/2015/2675 1189/2207/2676
f 1190/2428/2677 871/1942/2678 1666/1029/1038
f 871/1942/2678 1352/1938/2138 1666/1029/1038
f 1334/1967/1978 1542/2326/2343 881/1965/1976
f 1679/2401/2416 1139/2400/2415 1542/2326/2343
f 1298/1186/1195 1343/1185/1194 1543/2122/2149
f 1298/1186/1195 1543/2122/2149 1592/1804/1805
f 659/2647/2679 1544/1266/1275 813/2648/2680
f 726/2620/2652 813/2648/2680 1544/1266/1275
f 1748/1611/1616 1545/2224/2243 984/1841/1844
f 1758/1815/1816 984/1841/1844 1545/2224/2243
f 1547/1950/1955 875/1953/1958 1660/1952/1957
f 875/1953/1958 1547/1950/1955 1778/2186/2209
f 1181/2178/2202 1548/1315/1324 876/1956/1961
f 1824/998/1007 1708/984/993 1785/996/1005
f 1822/1125/1134 1549/1059/1068 751/1962/2681
f 960/1527/1531 751/1962/2681 1549/1059/1068
f 1805/1533/1537 752/1959/2682 1550/1083/1092
f 1823/1084/1093 1550/1083/1092 752/1959/2682
f 659/2281/2301 1033/2282/2302 1551/1141/1150
f 1862/1142/1151 1551/1141/1150 1033/2282/2302
f 1552/1404/1410 1004/2248/2269 1511/1402/1408
f 1004/2248/2269 1552/1404/1410 1307/1600/1605
f 1282/1547/2033 1278/2020/2035 768/2100/2125
f 1553/1703/1704 1016/2267/2289 1652/1776/1778
f 1206/1702/1703 1016/2267/2289 1553/1703/1704
f 1817/2108/2134 807/2506/2440 1555/2234/2256
f 1841/1169/1178 1557/1725/1726 804/1722/2683
f 1539/2332/2684 804/1722/2683 1557/1725/1726
f 1003/1282/1291 1558/1718/1719 803/1719/2685
f 1538/2331/2686 803/1719/2685 1558/1718/1719
f 785/1236/1245 1559/1148/1157 904/2649/2687
f 1842/1479/1483 904/2649/2687 1559/1148/1157
f 819/1242/1251 1560/1115/1124 903/2650/2688
f 689/1493/1497 903/2650/2688 1560/1115/1124
f 824/2236/2258 1652/1776/1778 1071/1447/1453
f 1682/1448/1454 1071/1447/1453 1652/1776/1778
f 959/2113/2141 931/1904/1908 1562/2110/2137
f 930/1089/1098 1562/2110/2137 931/1904/1908
f 991/2066/2088 913/2065/2087 1563/2069/2091
f 1373/1010/1019 1563/2069/2091 913/2065/2087
f 1868/1032/1041 1564/1283/1292 1101/1618/1621
f 853/2365/2378 1101/1618/1621 1564/1283/1292
f 709/1046/1055 1565/1081/1090 1194/1793/1794
f 1818/1987/2446 1194/1793/1794 1565/1081/1090
f 794/1680/1682 1568/2334/2351 1075/1232/1241
f 1568/2334/2351 794/1680/1682 1754/1681/1683
f 739/2243/2265 999/2339/2355 1569/1466/1470
f 1318/1467/1471 1569/1466/1470 999/2339/2355
f 666/1576/2340 1065/2323/2341 1570/2189/2212
f 1820/1569/1573 1570/1813/1814 1065/2504/2505
f 1819/1683/1685 1571/1684/1686 1064/2505/2506
f 795/1268/2338 1064/2322/2339 1571/2212/2232
f 1787/2377/2391 1120/1697/1699 1572/1696/1698
f 1763/993/1002 1572/1696/1698 1120/1697/1699
f 702/2651/2689 837/2321/2690 1573/1085/1094
f 902/1298/1307 1573/1085/1094 837/2321/2690
f 676/2317/2691 838/2316/2692 1574/1057/1066
f 1813/1058/1067 1574/1057/1066 838/2316/2692
f 764/2459/2469 1575/1583/1587 1507/1582/1586
f 1620/1934/1939 1575/1799/1800 764/2458/2468
f 1496/1074/1083 1317/1073/1082 1576/1807/1808
f 662/2425/2154 1576/1807/1808 1317/1073/1082
f 1487/2247/2268 1577/1307/1316 740/1473/1477
f 1210/1412/1418 925/1411/1417 1578/1415/1421
f 1719/1426/1432 1579/1428/1434 1084/1597/1602
f 665/2346/2361 1084/1597/1602 1579/1428/1434
f 1428/1318/1327 1580/1475/1479 1093/1319/1328
f 707/1964/1975 1093/1319/1328 1580/1475/1479
f 1581/1203/1212 919/2080/2104 1630/2096/2121
f 1631/1763/1765 919/2080/2104 1581/1203/1212
f 1556/2403/2418 1582/1265/1274 860/2652/2693
f 659/2647/2679 860/2652/2693 1582/1265/1274
f 656/1811/1812 1583/2653/2694 1900/2171/2195
f 1583/2653/2694 656/1811/1812 996/2241/2695
f 1401/1920/1924 1008/1235/1244 1584/1866/1869
f 852/2056/2077 1584/1866/1869 1008/1235/1244
f 873/1545/1549 754/1544/1548 1585/1409/1415
f 1421/2235/2257 1585/1409/1415 754/1544/1548
f 786/1263/1272 1586/1652/1655 1048/2391/2405
f 1496/1074/1083 1048/2391/2405 1586/1652/1655
f 1020/1604/2292 1238/2242/2264 705/2270/2291
f 645/1532/1536 1587/1168/1177 947/2157/2696
f 815/1229/1238 947/2157/2696 1587/1168/1177
f 646/1526/1530 1588/1281/1290 946/2351/2697
f 856/1377/1385 946/2351/2697 1588/1281/1290
f 1573/1085/1094 1589/1114/1123 702/2651/2689
f 1828/1116/1125 702/2651/2689 1589/1114/1123
f 1574/1057/1066 1590/1147/1156 676/2317/2691
f 801/1149/1158 676/2317/2691 1590/1147/1156
f 1296/1825/1828 1165/1827/1830 678/1828/1831
f 1297/1753/1755 1166/1898/1902 816/1752/1754
f 1109/1154/1163 1591/1630/1633 1085/1743/1745
f 811/2348/2363 1085/1743/1745 1591/1630/1633
f 1696/991/1000 1306/1049/1058 1819/1683/1685
f 958/1490/1494 1200/1492/1496 717/2484/2492
f 766/1601/1606 1871/2386/2400 1592/1602/1607
f 1592/1804/1805 1871/2388/2402 1298/1186/1195
f 886/1606/1611 996/2241/2695 1020/1604/1609
f 996/2241/2695 886/1606/1611 1583/2653/2694
f 1594/986/995 1714/1316/1325 1790/1800/1801
f 1714/1316/1325 1594/986/995 1294/985/994
f 1230/1289/1298 1595/1643/1646 861/1290/1299
f 1023/2503/2504 861/1290/1299 1595/1643/1646
f 1010/1713/1714 1838/1717/1718 1322/1712/1713
f 1838/1717/1718 1010/1713/1714 1220/1716/1717
f 745/1830/1833 1596/2384/2398 841/1829/1832
f 1596/2384/2398 745/1830/1833 1277/1494/1498
f 670/1791/1792 1597/1326/1335 1374/1667/1669
f 1597/1326/1335 670/1791/1792 1276/1477/1481
f 1598/1510/1514 1900/2171/2195 1583/2653/2694
f 1900/2171/2195 1598/1510/1514 1680/2004/2018
f 1599/2338/2354 901/2337/2507 1282/1547/1551
f 901/2337/2507 1599/2338/2354 1319/1557/1561
f 956/1034/1043 1865/1590/1594 1534/1035/1044
f 1162/2410/2426 1400/2437/2447 1600/1845/1849
f 1600/1845/1849 1809/1176/1185 1162/2410/2426
f 1602/1734/1734 981/1773/1775 823/2219/2238
f 981/1773/1775 1602/1734/1734 808/1091/1100
f 1603/2094/2119 982/1903/1907 749/2222/2241
f 982/1903/1907 1603/2094/2119 1803/1005/1014
f 712/1285/1294 1606/1616/1620 917/2074/2096
f 1341/1865/1868 917/2074/2096 1606/1616/1620
f 1607/2114/2142 1199/1471/1475 1123/1338/1347
f 1199/1471/1475 1607/2114/2142 997/1554/1558
f 910/2058/2079 1608/2274/2294 1047/1486/1490
f 735/2070/2092 914/2502/2503 1609/1451/1457
f 1683/2328/2345 1609/1451/1457 914/2502/2503
f 1023/2503/2504 713/1691/1693 1311/1692/1694
f 713/1691/1693 1023/2503/2504 796/1689/1691
f 1206/2654/1703 863/2302/1922 1834/1868/1701
f 1834/1868/1871 863/2302/2321 1401/1920/1924
f 662/2425/2154 1610/1806/1807 1499/2440/2153
f 1915/1640/1643 1610/1603/1608 662/2263/2285
f 683/2289/2310 1038/1917/1921 1611/2129/2156
f 1395/1204/1213 1611/2129/2156 1038/1917/1921
f 1612/1637/1640 970/2010/2024 655/2202/2224
f 970/2010/2024 1612/1637/1640 878/1258/1267
f 1613/2063/2085 1039/1038/1047 912/2290/2311
f 1039/1038/1047 1613/2063/2085 1711/1036/1045
f 672/2173/2197 953/1364/1372 1614/1041/1050
f 769/1366/1374 1614/1041/1050 953/1364/1372
f 1759/1071/1080 1616/1113/1122 1034/1069/1078
f 668/2655/2698 1034/1069/1078 1616/1113/1122
f 859/1090/1099 1617/1978/1989 1040/1902/1906
f 884/2221/2240 1040/1902/1906 1617/1978/1989
f 1373/1010/1019 1618/2175/2199 1097/1772/1774
f 663/2218/2237 1097/1772/1774 1618/2175/2199
f 883/1675/2512 1063/1013/1022 1327/1012/1021
f 1063/1013/1022 883/1675/2512 1239/1672/1674
f 1619/2086/2110 920/1001/1010 1295/1340/1349
f 920/1001/1010 1619/2086/2110 1848/2172/2196
f 1315/1497/1501 1661/1350/1358 1845/990/999
f 764/2458/2468 869/2277/2297 1620/1934/1939
f 1349/1586/1590 1620/1934/1939 869/2277/2297
f 1857/1879/1882 1092/1876/2699 1712/1711/1712
f 1857/1879/1882 855/1877/2700 1092/1876/2699
f 1856/1275/1284 773/2405/2701 986/1620/1623
f 1856/1275/1284 1242/2471/2593 773/2405/2701
f 1605/1756/1758 1174/2656/2702 1621/1882/1885
f 856/1377/1385 1621/1882/1885 1174/2656/2702
f 1604/1656/1659 1175/2657/2703 1622/1751/1753
f 815/1229/1238 1622/1751/1753 1175/2657/2703
f 1783/1739/1739 1390/2574/2587 834/1883/1886
f 1879/2415/2704 834/1883/1886 1390/2574/2587
f 1351/2378/2392 1625/2397/2412 1135/2523/2525
f 1184/1430/1894 1135/1824/1827 1625/1892/1896
f 1350/1740/1740 1626/1375/1383 922/2522/2524
f 1185/1213/2114 922/2089/2113 1626/1579/1583
f 1057/1990/2002 1627/2216/2235 889/1991/2003
f 889/1991/2003 1627/2216/2235 1843/2358/2372
f 1660/1513/1517 748/1512/1516 1628/1632/1635
f 894/1002/1011 1628/1632/1635 748/1512/1516
f 1344/2237/2259 728/2297/2317 1629/1919/1923
f 1778/2187/2210 1629/1919/1923 728/2297/2317
f 1030/2098/2123 924/2097/2122 1630/2096/2121
f 1581/1203/1212 1630/2096/2121 924/2097/2122
f 664/2062/2084 1631/1763/1765 1316/2139/2163
f 1631/1763/1765 664/2062/2084 987/1761/1763
f 1176/1638/1641 1632/2158/2184 779/1639/1642
f 1632/2158/2184 1176/1638/1641 948/2419/2435
f 800/1039/1048 1633/1786/1787 1125/1040/1049
f 835/2381/2395 1125/1040/1049 1633/1786/1787
f 644/2181/2204 1634/2409/2425 1134/2182/2205
f 744/2262/2409 1134/2261/2283 1634/2394/2408
f 765/2144/2168 1635/2407/2423 1133/2145/2169
f 651/2260/2407 1133/2259/2281 1635/2393/2406
f 740/1473/1477 1636/1309/1318 1105/1474/1478
f 867/2370/2382 1105/1474/1478 1636/1309/1318
f 1386/2042/2065 851/1863/1866 1639/1143/1152
f 1717/2374/2386 1110/1331/1340 1640/1153/1162
f 956/1034/1043 1640/1153/1162 1110/1331/1340
f 1641/1803/1804 1754/1681/1683 743/2059/2436
f 743/2059/2436 1047/1486/1490 1641/1803/1804
f 994/1031/1040 1642/1056/1065 1111/1501/1505
f 872/2375/2387 1111/1501/1505 1642/1056/1065
f 738/1923/1927 1336/2180/2203 1839/1669/1671
f 1763/993/1002 1643/1698/1700 1100/1254/1263
f 691/2364/2377 1100/1254/1263 1643/1698/1700
f 1644/1017/1026 1261/1570/1574 1820/1569/1573
f 1616/1113/1122 1645/1559/1563 668/2655/2698
f 1663/1558/1562 668/2655/2698 1645/1559/1563
f 1710/999/1008 770/1972/1983 1646/2225/2244
f 1545/2224/2243 1646/2225/2244 770/1972/1983
f 1647/1241/1250 1056/1027/1036 1673/1150/1159
f 1265/1760/1762 841/1829/1832 1647/1241/1250
f 1648/1646/1649 699/2623/2655 836/1183/1192
f 699/2623/2655 1648/1646/1649 1511/1402/1408
f 829/1648/1651 1374/1667/1669 1649/1291/1300
f 1262/1649/1652 829/1648/1651 1649/1291/1300
f 1650/1383/1391 1866/1529/1533 1638/1384/1392
f 933/1709/1710 1413/1392/1398 1651/2116/2144
f 1251/1710/1711 933/1709/1710 1651/2116/2144
f 1652/1776/1778 1209/1231/1240 1682/1448/1454
f 1209/1231/1240 1652/1776/1778 1016/2267/2289
f 773/2405/2420 1653/2470/2247 1143/2404/2419
f 1315/1497/1501 1143/1621/1624 1653/1677/1679
f 1092/1876/1879 1654/1875/1878 1029/2280/2300
f 1275/1468/1472 1029/2489/2494 1654/2161/2495
f 1016/2267/2289 1206/1702/1703 798/2335/1702
f 1834/1868/1701 798/2658/1702 1206/2654/1703
f 826/2399/2414 1138/2079/2103 1656/2288/2309
f 1875/1016/1025 1656/1781/1783 1138/1498/1502
f 1357/1048/1057 1657/2525/2535 928/2524/2534
f 759/2105/2131 928/1996/2009 1657/2103/2129
f 1790/1800/1801 1793/2570/2583 1594/986/995
f 1793/2570/2583 1790/1800/1801 1069/1555/1559
f 1216/1625/1628 998/1026/1035 1363/1623/1626
f 1363/1623/1626 998/1026/1035 1827/1025/1034
f 885/2518/2518 1659/1401/1407 1342/1400/1406
f 1659/1401/1407 885/2518/2518 733/1980/1991
f 1660/1952/1957 1052/2307/2323 1547/1950/1955
f 1628/1632/1635 1052/1631/1634 1660/1513/1517
f 1664/1905/1909 1858/2499/2501 1827/1025/1034
f 757/2191/2214 1665/1553/1557 1114/1888/1891
f 1048/1889/1892 1114/1888/1891 1665/1553/1557
f 910/2055/2076 852/2056/2077 1844/2253/2273
f 1403/2513/2513 1190/2428/2677 1666/1029/1038
f 1354/1279/1288 1188/2427/2528 1404/2515/2515
f 1541/2360/2374 1189/2207/2676 1405/2514/2514
f 1402/2457/2467 1191/2429/2529 1667/1131/1140
f 1577/1307/1316 1668/1523/1527 1112/1308/1317
f 877/2376/2388 1112/1308/1317 1668/1523/1527
f 994/1031/1040 1670/1537/1541 1122/1055/1064
f 870/2380/2394 1122/1055/1064 1670/1537/1541
f 1361/1015/1024 737/2431/2443 1671/2538/2554
f 1252/2001/2307 1671/2286/2306 737/2002/2016
f 1362/1047/1056 937/2436/2445 1672/2542/2557
f 1253/1174/2150 1672/2104/2130 937/2123/2151
f 1702/1587/1591 1674/1332/1341 1089/1588/1592
f 642/2353/2367 1089/1588/1592 1674/1332/1341
f 985/994/1003 1675/1023/1032 971/2204/2226
f 825/2205/2227 971/2204/2226 1675/1023/1032
f 1676/2359/2373 1843/2358/2372 1341/1865/1868
f 1264/2486/2493 1843/2358/2372 1676/2359/2373
f 1677/1003/1012 1233/1857/1860 1659/1401/1407
f 1233/1857/1860 1677/1003/1012 848/2003/2017
f 1829/1644/1647 1678/1645/1648 1328/2398/2413
f 1648/1646/1649 1328/2398/2413 1678/1645/1648
f 1408/1764/1766 1679/2401/2416 1334/1967/1978
f 1542/2326/2343 1334/1967/1978 1679/2401/2416
f 1683/2328/2345 881/1965/1976 1542/2326/2343
f 881/1965/1976 1683/2328/2345 914/2502/2503
f 855/1877/2700 1857/1879/1882 1728/1878/1881
f 1242/2471/2593 1856/1275/1284 1456/1861/1864
f 1226/2629/2661 1164/1929/1934 1684/1869/1872
f 1684/1869/1872 1685/2412/2427 1226/2629/2661
f 865/1248/1257 1226/2629/2661 1685/2412/2427
f 1299/1079/1088 844/2578/2591 1686/1123/1132
f 1407/1435/1441 1686/1123/1132 844/2578/2591
f 1703/1250/1259 1688/1249/1258 690/2594/2624
f 1688/1249/1258 1455/1922/1926 690/2594/2624
f 1832/1234/1243 1050/1233/1242 1688/1249/1258
f 1871/2388/2402 680/2140/2164 1690/1839/1842
f 1324/1470/1474 1694/2169/2193 1833/2209/2229
f 1694/2169/2193 1454/2210/2230 1833/2209/2229
f 1696/991/1000 1518/2395/2410 1855/1172/1181
f 1003/1282/2218 968/1721/1722 1698/2659/2216
f 736/1349/1357 1698/2194/2389 968/1453/1459
f 1231/1464/1468 1890/1463/1467 1699/1165/1174
f 1699/1165/1174 1890/1463/1467 1797/1166/1175
f 1426/1658/1661 1700/2198/2390 969/1433/1439
f 1841/2200/2222 969/1433/1725 1700/2198/2220
f 1232/1505/1509 746/1504/1508 1701/1503/1507
f 1701/1503/1507 746/1504/1508 1195/1455/1461
f 1674/1332/1341 1702/1587/1591 956/1034/1043
f 1173/1927/1932 1864/1926/1931 1703/1250/1259
f 690/2594/2624 1173/1927/1932 1703/1250/1259
f 800/1039/1048 945/1610/1615 779/1639/1642
f 925/1411/1417 727/1065/1074 1465/2296/2316
f 1705/2141/2165 843/2660/2705 1406/2143/2167
f 843/2660/2705 1705/2141/2165 680/2140/2164
f 963/1053/1062 1707/1314/1323 1814/1054/1063
f 1707/1314/1323 963/1053/1062 757/2191/2214
f 1172/1836/1839 1708/984/993 1594/986/995
f 1514/2192/2215 1548/1315/1324 1707/1314/1323
f 1316/2139/2163 1711/1036/1045 1613/2063/2085
f 1711/1036/1045 1316/2139/2163 1845/990/999
f 779/1639/1642 878/1258/1267 1612/1637/1640
f 878/1258/1267 779/1639/1642 720/989/998
f 1614/1041/1050 769/1366/1374 800/1039/1048
f 769/1366/1374 945/1610/1615 800/1039/1048
f 1513/1809/1810 1496/1074/1083 1576/1807/1808
f 1695/1008/1017 1374/1667/1669 1049/1009/1018
f 1577/1307/1316 1487/2247/2268 1108/1837/1840
f 710/2356/2370 1091/1591/1595 1715/1589/1593
f 1865/1590/1594 1715/1589/1593 1091/1591/1595
f 1796/2373/2385 1107/1765/1767 1718/1485/1489
f 830/1802/1803 1718/1485/1489 1107/1765/1767
f 757/2191/2214 1529/2166/2190 1720/2367/2380
f 1720/2367/2380 1529/2166/2190 1236/2468/2476
f 1522/1444/1450 1500/1441/1447 1722/1943/1948
f 1722/1943/1948 1169/1442/1448 1522/1444/1450
f 1222/1728/1729 1293/1627/1630 868/1932/1937
f 1462/1066/1075 868/1932/1937 1293/1627/1630
f 1725/1687/1689 886/1606/1611 1358/1685/1687
f 886/1606/1611 1725/1687/1689 1836/1511/1515
f 1727/1860/1863 1329/2520/2521 696/1140/1149
f 855/1877/2700 1728/1878/1881 1129/2587/2611
f 1637/1535/1539 1729/1909/1913 1096/1536/1540
f 693/2361/2375 1096/1536/1540 1729/1909/1913
f 1730/1581/1585 1681/1187/1196 936/2387/2401
f 936/2387/2401 1690/1839/1842 1730/1581/1585
f 1496/1074/1083 1132/2625/2657 647/2606/2638
f 1496/1074/1083 1513/1809/1810 1132/2625/2657
f 985/994/1003 1731/2007/2021 1142/1778/1780
f 898/1779/1781 1142/1778/1780 1731/2007/2021
f 1784/1556/1560 951/1472/1476 997/1554/1558
f 997/1554/1558 951/1472/1476 1199/1471/1475
f 1051/1346/1354 1162/1844/1848 845/2306/2322
f 1358/1685/1687 767/1605/1610 975/1608/1613
f 767/1605/1610 1358/1685/1687 886/1606/1611
f 843/1694/1696 1739/1599/1604 1106/1288/1297
f 1230/1289/1298 1106/1288/1297 1739/1599/1604
f 1186/1440/1446 1639/1143/1152 851/1863/1866
f 1479/2371/2383 1744/2508/2508 1458/1907/1911
f 1744/2508/2508 1479/2371/2383 1878/2284/2304
f 1874/2226/2245 1745/2571/2584 1476/2372/2384
f 1676/2359/2373 1476/2372/2384 1745/2571/2584
f 1644/1017/1026 980/1103/1112 945/1610/1615
f 1593/1030/1039 1182/2426/2441 1303/1908/1912
f 1465/2296/2316 1303/1908/1912 1182/2426/2441
f 1755/1022/1031 1058/2043/2066 1563/2069/2091
f 1506/2044/2531 1058/2043/2066 1755/1022/1031
f 1756/1006/1015 1006/2035/2058 1504/2034/2526
f 1291/2095/2120 1006/2035/2058 1756/1006/1015
f 1641/1803/1804 1047/1486/1490 1718/1485/1489
f 697/2661/2572 926/2560/2575 1080/1206/1215
f 1884/1207/1216 1080/1206/1215 926/2560/2575
f 742/2559/2574 943/2562/2577 1079/1190/1199
f 1883/1205/1214 1079/1190/1199 943/2562/2577
f 939/2662/2706 1146/2130/1266 1145/1982/1993
f 1146/1257/1266 939/2663/2706 1030/2555/2571
f 1759/1071/1080 1507/1582/1586 1861/1111/1120
f 988/2564/2579 1147/1096/1105 1369/1362/1370
f 1147/1096/1105 988/2564/2579 835/2561/2576
f 1632/2158/2184 827/1789/1790 779/1639/1642
f 779/1639/1642 827/1789/1790 1633/1786/1787
f 1764/1215/1224 1148/1278/1287 964/2664/2707
f 806/2665/2708 964/2664/2707 1148/1278/1287
f 957/2666/2709 1760/1446/1452 1054/1095/1104
f 1760/1446/1452 957/2666/2709 734/2052/2710
f 1765/1296/1305 1149/1295/1304 965/2667/2711
f 701/2668/2712 965/2667/2711 1149/1295/1304
f 760/2669/2713 1761/1563/1567 1769/2124/2152
f 1761/1563/1567 760/2669/2713 882/2135/2714
f 1257/1292/1301 1649/1291/1300 1762/1666/1668
f 964/2664/2707 935/2118/2549 1764/1215/1224
f 1872/1216/1225 1764/1215/1224 935/2118/2549
f 1160/1564/1568 882/2135/2714 652/1969/2715
f 882/2135/2714 1160/1564/1568 1761/1563/1567
f 1161/1191/1200 734/2052/2710 814/1747/2716
f 734/2052/2710 1161/1191/1200 1760/1446/1452
f 965/2667/2711 979/2215/2547 1765/1296/1305
f 1873/1193/1202 1765/1296/1305 979/2215/2547
f 1080/1206/1215 1151/1220/1229 697/2661/2572
f 697/2556/2572 1151/1660/1229 1902/1662/1664
f 1079/1190/1199 1104/1481/1485 742/2559/2574
f 742/2559/2574 1104/1481/1485 1904/1483/1487
f 1150/1515/1519 884/2670/2717 684/2671/2718
f 749/2553/2569 884/2670/2717 1150/1515/1519
f 954/2545/2561 1153/1480/1484 1893/1775/1777
f 1153/1480/1484 954/2545/2561 991/2672/2719
f 976/2673/2720 1769/2124/2152 1770/1363/1371
f 1769/2124/2152 976/2673/2720 760/2669/2713
f 684/2671/2718 1156/1979/1990 1150/1515/1519
f 1156/1979/1990 684/2671/2718 959/2674/2721
f 1155/1626/1629 1152/1200/1209 820/2551/2567
f 820/2551/2567 1152/1200/1209 1899/1202/1211
f 907/2566/2553 806/2665/2708 1154/1661/1663
f 1148/1278/1287 1154/1661/1663 806/2665/2708
f 799/2535/2551 701/2675/2712 1157/1482/1486
f 1149/1295/1304 1157/2193/1486 701/2668/2712
f 820/2551/2567 966/2676/2722 1155/1626/1629
f 1772/1098/1107 1155/1626/1629 966/2676/2722
f 1054/1095/1104 899/2568/2581 957/2666/2709
f 899/2568/2581 1054/1095/1104 1370/2011/2025
f 692/2548/2564 783/2677/2723 1158/1201/1210
f 1053/1255/1264 1158/1201/1210 783/2677/2723
f 1145/1982/1993 683/2678/2724 939/2662/2706
f 887/2547/2563 683/2678/2724 1145/1982/1993
f 1770/1363/1371 912/2679/2725 976/2673/2720
f 776/2533/2545 912/2680/2725 1770/1363/1371
f 1264/2486/2493 1318/1467/1471 889/1991/2003
f 1771/1188/1197 959/2674/2721 1000/2534/2550
f 959/2674/2721 1771/1188/1197 1156/1979/1990
f 1906/1256/1265 1053/1255/1264 948/2539/2555
f 783/2677/2723 948/2539/2555 1053/1255/1264
f 966/2676/2722 987/2532/2544 1772/1098/1107
f 1894/2061/2083 1772/1098/1107 987/2532/2544
f 1774/1208/1217 991/2672/2719 741/2536/2552
f 991/2672/2719 1774/1208/1217 1153/1480/1484
f 1775/1192/1201 814/1747/2716 973/2543/2558
f 814/1747/2716 1775/1192/1201 1161/1191/1200
f 652/1969/2715 1776/1217/1226 1160/1564/1568
f 1776/1217/1226 652/1969/2715 972/2206/2559
f 728/2297/2317 961/1419/1425 1778/2187/2210
f 880/2497/2499 1025/1325/1334 1781/1324/1333
f 879/2496/2498 1650/1383/1391 1782/1382/1390
f 951/1472/1476 1784/1556/1560 1236/2468/2476
f 1102/2368/2381 1236/2468/2476 1784/1556/1560
f 1747/2382/2396 1126/1427/1433 1142/1778/1780
f 1719/1426/1432 1142/1778/1780 1126/1427/1433
f 1594/986/995 1516/2402/2417 1172/1836/1839
f 1516/2402/2417 1594/986/995 1793/2570/2583
f 1913/1856/1859 1788/1509/1513 1836/1511/1515
f 1788/1509/1513 1913/1856/1859 1385/2230/2252
f 1783/1739/1739 765/2144/2168 1390/2574/2587
f 1783/1739/1739 1393/1741/1741 765/2144/2168
f 942/2521/1600 1846/2148/2172 1791/2146/1598
f 1390/2574/2587 1791/2146/2170 1846/2148/2726
f 1792/1973/1984 1063/1013/1022 792/1671/1673
f 1063/1013/1022 1792/1973/1984 1077/1011/1020
f 1139/2400/2415 1793/2570/2583 1826/2327/2344
f 1793/2570/2583 1139/2400/2415 1516/2402/2417
f 1784/1556/1560 1795/1801/1802 1102/2368/2381
f 1514/2192/2215 1102/2368/2381 1795/1801/1802
f 1407/1435/1441 1798/1311/1320 1238/2469/2477
f 1281/1310/1319 1238/2469/2477 1798/1311/1320
f 1392/1846/1850 1200/1492/2588 1801/1487/1491
f 1459/1488/1492 1801/1487/1491 1200/1492/2588
f 808/1091/1100 1373/1010/1019 1097/1772/1774
f 1373/1010/1019 808/1091/1100 1695/1008/1017
f 1056/1027/1036 859/1090/1099 1803/1005/1014
f 1040/1902/1906 1803/1005/1014 859/1090/1099
f 992/2422/2254 1417/2681/2253 1180/2423/2439
f 1554/2142/2166 1690/1839/1842 680/2140/2164
f 1423/1214/1223 1807/1104/1113 826/2399/2597
f 1032/1106/1115 826/2399/2597 1807/1104/1113
f 1424/1173/1182 1808/1561/1565 759/2105/2599
f 1031/1562/1566 759/2105/2599 1808/1561/1565
f 1278/2491/2496 1704/1177/1186 1809/1176/1185
f 1809/1176/1185 1600/1845/1849 1278/2491/2496
f 767/1605/1610 1020/1604/1609 1810/1731/1731
f 705/2270/2291 1810/1731/2255 1020/1604/2292
f 1452/1792/1793 1811/1369/1377 1427/1986/2622
f 1253/1174/1183 1427/1986/2622 1811/1369/1377
f 1453/1459/1465 1812/1458/1464 893/1949/2623
f 1252/2001/2015 893/1949/2623 1812/1458/1464
f 1355/1210/1219 1816/1209/1218 1555/2234/2533
f 929/2107/2133 1555/2234/2533 1816/1209/1218
f 1733/1715/1716 1578/1415/1421 1593/1030/1039
f 1182/2426/2441 1593/1030/1039 1578/1415/1421
f 1192/1042/1051 1817/1607/1612 685/2589/2613
f 874/2109/2136 685/2363/2376 1817/2108/2134
f 763/2152/2176 1465/2296/2316 1043/2117/2145
f 1303/1908/1912 1465/2296/2316 763/2152/2176
f 1819/1683/1685 1518/2395/2410 1696/991/1000
f 1313/2396/2411 1518/2395/2410 1819/1683/1685
f 1820/1569/1573 1177/1102/1111 1644/1017/1026
f 1312/1374/1382 1177/1102/1111 1820/1569/1573
f 1036/1974/1985 1545/2224/2243 770/1972/1983
f 1545/2224/2243 1036/1974/1985 1140/1045/1054
f 1708/984/993 1824/998/1007 1294/985/994
f 706/2249/2270 1294/985/994 1824/998/1007
f 876/1956/1961 1382/1317/1326 706/2249/2270
f 1382/1317/1326 876/1956/1961 1548/1315/1324
f 1338/987/996 720/989/998 709/1046/1055
f 857/1887/1890 1454/2210/2230 757/2191/2214
f 889/1991/2003 999/2339/2355 1124/1992/2004
f 1028/2279/2299 1124/1992/2004 999/2339/2355
f 997/1554/1558 1683/2328/2345 1826/2327/2344
f 1609/1451/1457 1683/2328/2345 997/1554/1558
f 1850/1077/1086 1835/1100/1109 1546/2622/2654
f 1510/1099/1108 1546/2622/2654 1835/1100/1109
f 1836/1511/1515 1583/2653/2694 886/1606/1611
f 1583/2653/2694 1836/1511/1515 1598/1510/1514
f 1387/1981/1992 1023/2503/2504 1489/1915/1919
f 1595/1643/1646 1489/1915/1919 1023/2503/2504
f 1507/1582/1586 1730/1581/1585 1837/1838/1841
f 1322/1712/1713 1838/1717/1718 746/1504/1508
f 1323/1670/1672 1839/1669/1671 1890/1463/1467
f 1454/2210/2230 1694/2169/2193 1840/2167/2191
f 1094/1989/2001 1341/1865/1868 1843/2358/2372
f 1390/2574/2587 1846/2148/2726 1879/2415/2704
f 732/2150/2174 1879/2415/2431 1846/2148/2172
f 1597/1326/1335 1128/1476/1480 1781/1324/1333
f 1056/1027/1036 1596/2384/2398 1782/1382/1390
f 1848/2172/2196 1710/999/1008 920/1001/1010
f 1710/999/1008 1848/2172/2196 770/1972/1983
f 1849/2344/2262 1193/2434/1797 1693/1247/1256
f 1193/1796/1797 1849/2240/2262 995/1794/1795
f 1546/2622/2654 730/2636/2666 1850/1077/1086
f 1526/1429/1435 1850/1077/1086 730/2636/2666
f 1420/1733/1733 1417/2579/2592 1851/1122/1131
f 1281/1310/1319 1851/1122/1131 1417/2579/2592
f 1638/1384/1392 1042/1386/1394 1852/2293/2313
f 1175/2294/2314 1852/2293/2313 1042/1386/1394
f 1107/1765/1767 1408/1764/1766 830/1802/1803
f 1334/1967/1978 830/1802/1803 1408/1764/1766
f 1428/1318/1327 1858/2499/2501 740/1473/1477
f 1533/2246/2267 740/1473/1477 1858/2499/2501
f 1558/1718/1719 1859/1528/1532 1538/2331/2686
f 1813/1058/1067 1538/2331/2686 1859/1528/1532
f 1557/1725/1726 1860/1534/1538 1539/2332/2684
f 902/1298/1307 1539/2332/2684 1860/1534/1538
f 1287/1112/1121 1861/1111/1120 1554/2142/2166
f 1744/2508/2508 1035/2285/2305 1862/1142/1151
f 831/2441/2451 1863/1808/1809 1499/2440/2153
f 1576/1807/1808 1499/2440/2153 1863/1808/1809
f 721/2298/2318 1279/1851/1855 858/1899/1903
f 1768/1379/1387 858/1899/1903 1279/1851/1855
f 1164/1929/1934 1226/2629/2661 1864/1926/1931
f 1136/992/1001 1435/1043/1052 832/1014/1023
f 1435/1043/1052 1136/992/1001 1367/1833/1836
f 1087/1525/1529 1567/1018/1027 1025/1325/1334
f 1586/1652/1655 1867/1911/1915 1556/2403/2418
f 1582/1265/1274 1556/2403/2418 1867/1911/1915
f 1056/1027/1036 841/1829/1832 1596/2384/2398
f 1056/1027/1036 1647/1241/1250 841/1829/1832
f 1249/1714/1715 1733/1715/1716 1868/1032/1041
f 1074/2333/2350 1869/1230/1239 1075/1232/1241
f 1869/1230/1239 1074/2333/2350 735/2070/2092
f 1472/1272/1281 1684/1869/1872 1870/2516/2516
f 1164/1929/1934 1870/2516/2516 1684/1869/1872
f 678/1655/1658 1165/1355/1363 1876/1381/1389
f 1528/1357/1365 1876/1381/1389 1165/1355/1363
f 816/1755/1757 1166/1351/1359 1877/1062/1071
f 1527/1060/1069 1877/1062/1071 1166/1351/1359
f 1341/1865/1868 1386/2042/2065 1878/2284/2304
f 1639/1143/1152 1878/2284/2304 1386/2042/2065
f 1740/2413/2429 1170/2268/2428 1879/2415/2431
f 834/1883/1886 1879/2415/2704 1170/2268/2290
f 1202/1641/1644 1651/2116/2144 1889/1064/1073
f 1413/1392/1398 1167/1391/1397 1763/993/1002
f 1544/1266/1275 659/2647/2679 1897/1438/1444
f 1582/1265/1274 1897/1438/1444 659/2647/2679
f 1516/2402/2417 1408/1764/1766 1726/1519/1523
f 1408/1764/1766 1516/2402/2417 1679/2401/2416
f 1661/1350/1358 1750/1021/1030 1845/990/999
f 1306/1049/1058 1696/991/1000 1768/1379/1387
f 1827/1025/1034 1912/1782/1784 1363/1623/1626
f 854/1871/1874 1363/1623/1626 1912/1782/1784
f 699/2623/2655 1914/1820/1821 836/1183/1192
f 1914/1820/1821 699/2623/2655 934/1286/1295
f 836/1183/1192 978/1182/1191 885/2518/2518
f 733/1980/1991 885/2518/2518 978/1182/1191
f 1693/1247/1256 974/1999/2013 1849/2344/2262
f 1241/1900/1904 858/1899/1903 1852/2293/2313
f 1768/1379/1387 1852/2293/2313 858/1899/1903
f 1927/2682/2727 1945/2683/2728 2081/2684/2729
f 1935/2685/2730 2027/2686/2731 1993/2687/2732
f 1946/2688/2733 1927/2682/2727 1932/2689/2734
f 2189/2690/2735 2399/2691/2736 2219/2692/2737
f 2081/2684/2729 2313/2693/2738 2329/2694/2739
f 2198/2695/2740 1993/2687/2732 2027/2686/2731
f 2337/2696/2741 2289/2697/2742 2283/2698/2743
f 1935/2685/2730 1993/2687/2732 2036/2699/2744
f 2360/2700/2745 2314/2701/2746 2329/2694/2739
f 2469/2702/2747 2491/2703/2748 2276/2704/2749
f 2248/2705/2750 2065/2706/2751 2238/2707/2752
f 1931/2708/2753 1927/2682/2727 2289/2697/2742
f 2217/2709/2754 1927/2682/2727 2081/2684/2729
f 2424/2710/2755 2282/2711/2756 2013/2712/2757
f 2203/2713/2758 2424/2710/2755 2013/2712/2757
f 2225/2714/2759 2473/2715/2760 2178/2716/2761
f 2065/2706/2751 2245/2717/2762 2238/2707/2752
f 2356/2718/2763 1931/2708/2753 2289/2697/2742
f 1932/2689/2734 1966/2719/2764 1946/2688/2733
f 2113/2720/2765 1932/2689/2734 1931/2708/2753
f 2092/2721/2766 2359/2722/2767 2088/2723/2768
f 2027/2686/2731 2285/2724/435 2198/2695/2740
f 2390/2725/2769 2285/2726/2770 2098/2727/2771
f 2131/2728/2772 1935/2685/2730 1936/2729/2773
f 2036/2699/2744 1936/2729/2773 1935/2685/2730
f 1937/2730/2774 1936/2729/2773 2314/2701/2746
f 2075/2731/2775 1936/2729/2773 1981/2732/2776
f 2335/2733/2777 1937/2730/2774 2314/2701/2746
f 2355/2734/2778 2085/2735/2779 2369/2736/2780
f 2354/2737/2781 2084/2738/2770 2368/2739/2782
f 1983/2740/2783 1981/2732/2776 1937/2730/2774
f 2084/2741/2784 2329/2694/2739 2368/2742/2785
f 2102/2743/2786 2356/2744/2787 2388/2745/2788
f 2084/2738/2770 2393/2746/2789 2360/2747/2790
f 2085/2735/2779 2392/2748/2791 2367/2749/2792
f 2517/2750/2793 2160/2751/2794 2152/2752/2795
f 2026/2753/2796 2129/2754/2797 2177/2755/2798
f 2185/2756/2799 1981/2732/2776 1945/2683/2728
f 2285/2724/435 1946/2688/2733 1966/2719/2764
f 1945/2683/2728 1946/2688/2733 2185/2756/2799
f 2131/2757/2800 2194/2758/2801 2258/2759/2802
f 2185/2756/2799 2000/2760/2803 2187/2761/2804
f 2262/2762/2805 2187/2763/2806 2000/2764/2807
f 2118/2765/2808 2370/2766/2809 2353/2767/2810
f 2324/2768/2811 2181/2769/2812 2534/2770/2813
f 2312/2771/2814 2341/2772/2815 2422/2773/2816
f 2233/2774/2817 2479/2775/2818 2166/2776/2819
f 2513/2777/2820 2271/2778/2821 2072/2779/2822
f 2272/2780/2823 2170/2781/2824 1996/2782/2825
f 2404/2783/2826 2121/2784/2827 2218/2785/2828
f 2284/2786/2829 2539/2787/2830 2450/2788/2831
f 2120/2789/2832 2161/2790/2833 2461/2791/2834
f 2125/2792/2835 2307/2793/2836 2467/2794/2837
f 1962/2795/2838 2213/2796/2839 2357/2797/2840
f 2301/2798/2841 2437/2799/2842 2442/2800/2843
f 2523/2801/2844 2174/2802/2845 2202/2803/2846
f 2017/2804/2847 2125/2792/2835 2108/2805/2848
f 2372/2806/2849 2213/2807/2839 2172/2808/2850
f 2506/2809/2851 2109/2810/2852 2458/2811/2853
f 2317/2812/2854 2518/2813/2855 2129/2754/2856
f 2319/2814/2857 2023/2815/2858 2542/2816/2859
f 2482/2817/2860 2535/2818/2861 2417/2819/2862
f 2291/2820/2863 2271/2821/2864 2297/2822/2865
f 2148/2823/2866 2274/2824/2866 2320/2825/2867
f 2363/2826/2868 2432/2827/2869 2012/2828/2870
f 2009/2829/2871 2200/2830/2872 2163/2831/2873
f 2241/2832/2874 2514/2833/2875 2438/2834/2876
f 1934/2835/2877 2082/2836/2878 2113/2837/2879
f 2123/2838/2880 2309/2839/2881 2117/2840/2882
f 2448/2841/2883 2466/2842/2884 2296/2843/2885
f 2050/2844/2886 2240/2845/2887 2310/2846/2888
f 2336/2847/2889 2139/2848/2890 2007/2849/2891
f 2182/2850/2892 2334/2851/2893 2105/2852/2894
f 2024/2853/2895 2123/2838/2895 2228/2854/2895
f 2537/2855/2896 2513/2777/2820 2322/2856/2897
f 2147/2857/2898 2481/2858/2899 2139/2859/2890
f 2353/2860/435 2351/2861/435 2194/2862/435
f 2031/2863/2900 2194/2758/2801 2093/2864/2901
f 2423/2865/2902 2346/2866/2903 2475/2867/2904
f 2451/2868/2905 2534/2770/2813 2020/2869/2906
f 2130/2870/2907 2422/2773/2908 2341/2772/2815
f 2175/2871/2909 2311/2872/2910 2257/2873/2911
f 2264/2874/2912 2381/2875/2913 2292/2876/2914
f 2499/2877/2915 2244/2878/2916 2220/2879/2917
f 2515/2880/2918 2244/2878/2916 2195/2881/2919
f 2051/2882/2920 2416/2883/2921 2119/2884/2922
f 2227/2885/2923 2145/2886/2923 2426/2887/2923
f 2132/2888/2924 2535/2889/2861 2223/2890/2925
f 1973/2891/2926 2520/2892/2927 1964/2893/2928
f 2227/2885/2929 2114/2894/2930 2352/2895/2931
f 2060/2896/2932 2253/2897/2933 2527/2898/2934
f 2161/2790/2833 2440/2899/2935 2461/2791/2834
f 2485/2900/2936 2452/2901/2937 2091/2902/2938
f 2135/2903/2939 2523/2801/2940 2202/2803/2941
f 2495/2904/2942 2112/2905/2943 2232/2906/2944
f 2068/2907/2945 2489/2908/2946 2477/2909/2947
f 2145/2910/2948 2540/2911/2949 2426/2912/2950
f 2179/2913/2951 2230/2914/2952 2273/2915/2953
f 2502/2916/2954 2477/2909/2947 2076/2917/2955
f 2007/2849/2956 2497/2918/2957 2414/2919/2958
f 2468/2920/2959 1994/2921/2960 2293/2922/2961
f 2075/2923/2770 2353/2767/2810 2370/2766/2809
f 1950/2924/2962 2171/2925/2963 2142/2926/2964
f 2493/2927/2965 2192/2928/2966 2536/2929/2967
f 2390/2930/435 2388/2931/435 2250/2932/435
f 2088/2933/2768 2379/2934/2968 2092/2935/2766
f 2367/2936/2969 1945/2683/2728 1981/2732/2776
f 2085/2937/2970 1981/2732/2776 2369/2938/2971
f 2087/2939/2877 2345/2940/2972 2383/2941/2973
f 1945/2683/2728 2345/2942/2974 2078/2943/2975
f 2080/2944/2976 1937/2730/2774 2335/2733/2777
f 2086/2945/2977 2344/2946/2978 2382/2947/2979
f 2472/2948/2980 2518/2813/2855 2169/2949/2981
f 1963/2950/2982 2247/2951/2983 2252/2952/2984
f 2350/2953/2985 2087/2939/2877 2376/2954/2986
f 2355/2955/435 2354/2956/435 2392/2957/435
f 2349/2958/2987 2086/2945/2977 2377/2959/2988
f 2318/2960/2989 2137/2961/2990 2186/2962/2991
f 2333/2963/2992 2425/2964/2993 2398/2965/2994
f 2466/2842/2995 2338/2966/2996 2126/2967/2997
f 2308/2968/2998 2440/2969/2999 2190/2970/3000
f 2191/2971/3001 2141/2972/3002 2061/2973/3003
f 1956/2974/3004 2151/2975/3005 2439/2976/3006
f 2095/2977/3007 2058/2978/3008 2041/2979/3009
f 2402/2980/3010 2323/2981/3011 2339/2982/3012
f 2515/2983/2918 2108/2805/2848 2011/2984/3013
f 2494/2985/3014 1991/2986/3015 2210/2987/3016
f 2444/2988/3017 2279/2989/3018 2254/2990/3019
f 2097/2991/3020 2337/2696/2741 2283/2698/2743
f 1920/2992/3021 1993/2687/2732 2097/2991/3020
f 2201/2993/3022 2294/2994/3023 2486/2995/3024
f 2188/2996/3025 2234/2997/3026 1954/2998/3027
f 2374/2999/435 2388/2931/435 2347/3000/435
f 2266/3001/3028 2116/3002/3029 2253/3003/3030
f 2046/3004/3031 2457/3005/3032 2256/3006/3033
f 2319/3007/3034 2327/3008/3035 2171/2925/2963
f 2286/3009/3036 2310/2846/3037 2240/2845/3038
f 2156/3010/3039 2541/3011/3040 2507/3012/3041
f 1951/3013/3042 2340/3014/3043 2528/3015/3044
f 2410/3016/3045 2443/3017/3046 2216/3018/3047
f 2295/3019/3048 1946/2688/2733 2206/3020/3049
f 2206/3021/2792 2021/3022/3050 2295/3023/3051
f 2278/3024/3052 2196/3025/3053 2133/3026/3054
f 2062/3027/3055 2455/3028/3056 2443/3017/3046
f 2212/3029/3057 2130/3030/3058 2110/3031/3059
f 2514/2833/2875 2090/3032/3060 2438/2834/2876
f 2451/2868/3061 2020/2869/3062 2224/3033/3063
f 2205/3034/3064 2182/2850/2892 2105/2852/2894
f 2538/3035/3065 2197/3036/3066 2358/3037/3067
f 2222/3038/3068 2521/3039/3069 2269/3040/3070
f 2134/3041/3071 2172/3042/2850 2195/3043/3072
f 1984/3044/3073 2152/2752/2795 2160/2751/2794
f 2396/3045/3074 2228/3046/3075 2361/3047/3076
f 2038/3048/3077 2505/3049/3078 2431/3050/3079
f 2445/3051/3080 2532/3052/3081 2277/3053/3082
f 2454/3054/3083 2008/3055/3084 2170/2781/2824
f 2229/3056/3085 2274/3057/3086 2430/3058/3087
f 2009/2829/3088 2231/3059/3089 2242/3060/3090
f 1924/3061/3091 1993/2687/2732 2342/3062/3092
f 1940/3063/2977 2342/3064/3093 2250/3065/3094
f 1991/3066/3095 2304/3067/3096 2476/3068/3097
f 2378/3069/3098 2177/3070/3098 2129/3071/3098
f 2241/3072/3099 2175/2871/2909 2257/2873/2911
f 2112/3073/3100 2012/2828/3101 2257/2873/2911
f 2491/2703/2748 2371/3074/3102 2153/3075/3103
f 2219/2692/2737 2203/3076/3104 2094/3077/3105
f 2380/3078/3106 2245/2717/3107 2014/3079/3108
f 2193/3080/3109 2283/2698/2743 2463/3081/3110
f 2408/3082/3111 2469/3083/3112 2246/3084/3113
f 2386/3085/3114 2071/3086/3115 1922/3087/3116
f 2178/2716/2761 2419/3088/3117 2221/3089/3118
f 1962/2795/2838 2143/3090/3119 2362/3091/3120
f 1977/3092/3121 2089/3093/3122 2235/3094/3123
f 2180/3095/3124 2256/3096/3033 2457/3097/3032
f 2517/3098/2793 2547/3099/3125 2220/2879/3126
f 2341/2772/2815 2418/3100/3127 1979/3101/3128
f 1950/3102/3129 2449/3103/3130 2321/3104/3131
f 2021/3105/435 2138/3106/435 2262/3107/435
f 2530/3108/3132 2022/3109/3133 2488/3110/3134
f 2190/2970/3000 2249/3111/3135 2308/2968/2998
f 2199/3112/3136 2405/3113/3137 2127/3114/3138
f 2023/2815/2858 2252/2952/3139 2542/2816/2859
f 1969/3115/3140 2481/3116/2899 2334/3117/3141
f 2106/3118/3142 2430/3119/3087 2274/2824/3086
f 2432/3120/3143 2106/3118/3144 2025/3121/3145
f 2458/3122/3146 2409/3123/3147 1984/3044/3148
f 2026/2753/3149 2381/3124/3150 2409/3125/3151
f 2214/3126/3152 2329/2694/2739 2314/2701/2746
f 2268/3127/3153 2498/3128/3154 2016/3129/3155
f 2064/3130/3156 2238/2707/2752 2183/3131/3157
f 2031/3132/3158 2027/2686/2731 2030/3133/3159
f 2258/3134/3160 2030/3133/3159 2131/2728/2772
f 2093/3135/2901 2365/3136/3161 2031/3137/2900
f 2032/3138/3162 2356/2718/2763 2289/2697/2742
f 2032/3139/2779 2388/2745/2788 2356/2744/2787
f 2401/3140/3163 2403/3141/3164 2033/3142/3165
f 2105/2852/2894 2492/3143/3166 2205/3034/3167
f 2201/2993/3168 2508/3144/3169 2063/3145/3170
f 2046/3004/3031 2261/3146/3171 2157/3147/3172
f 2490/3148/3173 2260/3149/3174 1944/3150/3175
f 2065/2706/3176 1921/3151/3177 2436/3152/3178
f 2075/2923/2770 2394/3153/2781 2037/3154/2771
f 2431/3155/3079 2309/3156/3179 2038/3157/3077
f 2309/3156/3180 2533/3158/3181 2038/3157/3182
f 1999/3159/3183 2122/3160/3184 1951/3013/3042
f 2040/3161/3185 2221/3162/3186 2419/3163/3187
f 2101/3164/3188 2095/2977/3189 2041/2979/3190
f 2101/3165/3191 2444/2988/3017 2254/2990/3019
f 2010/3166/3192 2250/3065/3094 2342/3064/3093
f 1988/3167/3193 2375/3168/3194 2338/3169/3195
f 2043/3170/3196 2385/3171/3197 2136/3172/3198
f 2179/3173/2951 2454/3054/3199 2230/3174/2952
f 2159/3175/3200 2158/3176/3201 2215/3177/3202
f 2518/3178/2855 2529/3179/3203 2129/3071/2856
f 2544/3180/3204 2495/2904/2942 2232/2906/2944
f 2389/3181/3205 2502/2916/2954 2076/2917/2955
f 2273/2915/2953 2447/3182/3206 2179/2913/2951
f 2420/3183/3207 2229/3184/3208 2333/3185/2992
f 2333/3186/3209 2465/3187/3210 2420/3188/3211
f 2208/3189/3212 2156/3190/3213 2091/2902/2938
f 1958/3191/3214 2136/3192/3215 2385/3193/3197
f 2006/3194/3216 2172/3042/2850 2373/3195/3217
f 2484/3196/3218 2003/3197/3219 2311/2872/2910
f 1971/3198/3220 2052/3199/3221 2090/3200/3222
f 2254/2990/3019 2053/3201/3223 1964/3202/3224
f 2479/2775/2818 2267/3203/3225 2306/3204/3226
f 2464/3205/3227 2054/3206/3228 2352/3207/2931
f 2207/3208/3229 2101/3165/3191 2254/2990/3019
f 2441/3209/3230 2182/3210/2892 1952/3211/3231
f 2055/3212/3232 2251/3213/3233 2267/3203/3234
f 2056/3214/3235 2257/2873/2911 2311/2872/2910
f 2231/3059/3236 2200/2830/3237 2242/3060/3238
f 2057/3215/3239 2478/3216/3240 2142/2926/2964
f 2020/2869/3062 2312/3217/3241 2224/3033/3063
f 2058/3218/3242 2300/3219/3242 2223/2890/3242
f 2330/3220/3243 2223/2890/2925 2300/3219/3244
f 1967/3221/3245 2361/3222/3076 2228/3223/3075
f 2060/2896/3246 2530/3224/3247 2316/3225/3248
f 2191/3226/3249 2259/3227/3250 1955/3228/3251
f 2539/3229/3252 2527/2898/3253 2061/3230/3254
f 2062/3231/3255 2237/3232/3256 2003/3197/3219
f 2237/3233/3257 2443/3017/3046 2122/3160/3184
f 2234/3234/3258 1994/2921/2960 2063/3145/3259
f 2063/3145/3260 2511/3235/3261 2294/2994/3023
f 1930/3236/3262 2064/3237/3156 2183/3238/3157
f 2501/3239/3263 2246/3084/3113 2015/3240/3264
f 2436/3152/3265 2036/3241/2744 1920/3242/3021
f 2440/2899/2935 2507/3012/3041 2190/3243/3266
f 2067/3244/3267 2305/3245/3268 2531/3246/3269
f 1955/3228/3270 2404/3247/2826 2275/3248/3271
f 2429/3249/3272 2323/2981/3011 2068/2907/3273
f 2170/2781/2824 2480/3250/3274 1996/2782/2825
f 1961/3251/3275 2475/2867/2904 2229/3184/3208
f 2514/2833/3276 2475/3252/3277 2346/3253/3276
f 2378/3254/3278 2270/3255/3279 2070/3256/3280
f 2268/3127/3153 2399/2691/2736 2287/3257/3281
f 2201/2993/3168 2315/3258/3282 2034/3259/3283
f 2294/3260/3023 2269/3040/3284 2486/3261/3024
f 2073/3262/3285 2186/2962/3286 2137/2961/3287
f 2073/3263/3288 2144/3264/3289 1987/3265/3290
f 2039/3266/3291 2074/3267/3292 2211/3268/3293
f 2039/3266/3294 2216/3269/3047 2280/3270/3295
f 1949/3271/3296 2366/3272/2782 1978/3273/3297
f 2273/3274/2953 2389/3275/3298 1957/3276/3299
f 2426/2887/3300 2165/3277/3301 2227/2885/3302
f 2017/3278/2847 2362/3279/3303 2143/3280/3304
f 2077/3281/3305 2195/3043/3072 2172/3042/2850
f 2376/2954/2986 1982/3282/3306 2350/2953/2985
f 2313/2693/2738 2368/2742/2785 2329/2694/2739
f 1929/3283/3307 2079/3284/3308 2217/2709/2754
f 2377/2959/2988 1983/3285/2900 2349/2958/2987
f 1937/2730/2774 2349/3286/3309 1983/2740/2783
f 1928/3287/3310 2217/3288/2754 2081/3289/2729
f 2028/3290/3311 2153/3075/3103 2543/3291/3312
f 1995/3292/3313 1966/3293/3314 2281/3294/3315
f 2372/2806/3316 2119/2884/3317 2255/3295/3318
f 1986/3296/3319 2360/2747/2790 2393/2746/2789
f 1985/3297/3320 2367/2749/2792 2392/2748/2791
f 2382/3298/435 2393/3299/435 2377/3300/435
f 1925/3301/3321 2382/2947/2979 2344/2946/2978
f 2383/3302/435 2392/2957/435 2376/3303/435
f 1938/3304/3051 2383/2941/2973 2345/2940/2972
f 1940/3063/2977 2343/3305/3322 1924/3306/3323
f 2384/3307/3324 1968/3308/3325 2500/3309/3326
f 2293/2922/2961 2018/3310/3327 2089/3311/3122
f 2090/3312/3328 2265/3313/3329 1971/3314/3330
f 2288/3315/3331 2524/3316/3332 2050/3317/3333
f 2310/3318/3334 2288/3315/3331 2050/3317/3333
f 2032/3139/2779 2391/3319/3335 1980/3320/3336
f 2391/3321/435 2379/3322/435 2388/2931/435
f 1919/3323/2779 2395/3324/3337 1948/3325/3336
f 2395/3326/435 2194/2862/435 2351/2861/435
f 2325/3327/3338 2094/3077/3105 2203/3076/3104
f 2446/3328/3339 2435/3329/3340 1990/3330/3341
f 2226/3331/3342 1990/3332/3343 2532/3052/3081
f 2002/3333/3344 2280/3334/3295 2096/3335/3345
f 2096/3335/3345 2130/3030/3346 2002/3333/3347
f 2097/2991/3020 2331/3336/3348 1920/2992/3021
f 2387/3337/435 2347/3000/435 2390/2930/435
f 2369/2736/2780 1939/3338/2901 2355/2734/2778
f 2355/2955/435 2377/3300/435 2393/3299/435
f 2368/2739/2782 1941/3339/3349 2354/2737/2781
f 2354/2956/435 2376/3303/435 2392/2957/435
f 2271/2821/2864 2041/2979/3190 2045/3340/3350
f 1934/2835/2877 2348/3341/3351 2374/3342/3352
f 2347/3000/435 1934/3343/435 2374/2999/435
f 2406/3344/3353 2380/3345/3106 2014/3346/3354
f 2029/3347/3355 2103/3348/3356 2183/3131/3157
f 2233/2774/3357 2222/3349/3358 1969/3115/3359
f 2233/2774/2817 2334/3117/3360 2055/3212/3232
f 1954/2998/3027 2492/3143/3361 2299/3350/3362
f 2001/3351/3363 2516/3352/3364 2301/3353/3365
f 2275/3248/3271 2107/3354/3366 1989/3355/3367
f 2108/2805/2848 1991/3066/3368 2476/3068/3369
f 2119/2884/3370 2467/3356/3371 2307/3357/3372
f 2247/2951/3373 2109/3358/2852 1997/3359/3374
f 1997/3360/3375 2519/3361/3376 2150/3362/3377
f 2035/3363/3378 1944/3150/3379 2261/3146/3171
f 2536/2929/3380 2110/3031/3059 2493/2927/2965
f 2497/3364/3381 2524/3316/3332 2176/3365/3382
f 1933/3366/3383 2374/3342/3352 2348/3341/3351
f 2348/3367/3384 1931/2708/2753 1933/3368/3385
f 2114/2894/2930 2464/3369/3227 2352/2895/2931
f 2259/3227/3386 2413/3370/3387 1955/3228/3270
f 2059/3371/3388 2431/3050/3079 2505/3049/3078
f 2397/3372/3389 2123/2838/3390 2117/2840/3391
f 2353/2860/435 1970/3373/435 2118/3374/435
f 2131/2757/3392 2118/3375/3393 1970/3376/3394
f 2307/3357/3372 2255/3295/3318 2119/2884/3370
f 2044/3377/3395 2120/2789/3396 2230/3378/2952
f 2302/3379/3397 1996/3380/2825 2480/3381/3274
f 2401/3140/3398 2400/3382/3399 2302/3379/3397
f 2039/3383/3294 2412/3384/3400 2410/3385/3401
f 2197/3036/3066 2332/3386/3402 2358/3037/3067
f 2124/3387/3403 2007/2849/2891 2414/2919/3404
f 2089/3093/3405 1968/3308/3405 2235/3094/3406
f 2516/3352/3407 2328/3388/3408 2318/3389/3409
f 2471/3390/3410 2516/3352/3407 2318/3389/3409
f 2286/3391/3411 2126/2967/3412 2338/2966/3413
f 2466/2842/2884 2505/3049/3414 2296/2843/2885
f 2252/3392/2984 2127/3114/3415 1963/3393/2982
f 2456/3394/3416 2449/3395/3130 2324/3396/2811
f 2052/3397/3417 2003/3197/3418 2175/2871/3417
f 2422/2773/2816 2224/3398/3419 2312/2771/2814
f 2256/3006/3420 2453/3399/3421 2046/3004/3031
f 2129/3071/2856 1942/3400/3422 2378/3069/3423
f 2341/2772/2815 2110/3401/3059 2130/2870/2907
f 1936/2729/2773 1947/3402/3424 2131/2728/2772
f 2474/3403/3425 2174/3404/3426 1960/3405/3427
f 2132/2888/3428 2470/3406/3429 2267/3203/3225
f 2544/3407/3204 2133/3026/3054 2047/3408/3430
f 2381/3409/3431 2373/3195/3217 1984/3044/3148
f 2229/3056/3208 2049/3410/3432 2333/3411/2992
f 2286/3009/3433 2338/3169/3195 2298/3412/3434
f 2043/3170/3196 2136/3172/3198 1998/3413/3435
f 1962/2795/2838 2357/2797/2840 2421/3414/3436
f 1949/3415/3437 2187/2763/3437 2138/3416/3437
f 2037/3417/435 2138/3106/435 2353/2860/435
f 2538/3418/3438 2024/3419/3439 2396/3045/3074
f 1999/3420/3440 2003/3197/3219 2237/3232/3256
f 2140/3421/3441 1951/3013/3441 2528/3015/3441
f 2305/3422/3268 2141/2972/3002 2531/3423/3269
f 2120/3424/3442 2450/2788/3443 2230/2914/2952
f 2181/2769/3444 2142/3425/2964 2478/3426/3445
f 2421/3427/3446 2328/3428/3447 2143/3280/3119
f 2174/3429/3426 2144/3430/3448 1960/3431/3427
f 1960/3432/3449 2357/2797/3450 2213/2796/3451
f 2407/3433/3452 2540/2911/3452 2145/2910/3452
f 2399/2691/2736 1922/3434/3453 2071/3435/3115
f 2147/2857/3454 2018/3436/3455 2188/2996/3456
f 2089/3093/3457 2384/3307/3458 2500/3309/3459
f 2012/3437/3460 2025/3121/3145 2148/2823/3461
f 2245/2717/3107 2331/3438/3462 2014/3079/3108
f 2193/3439/3463 2406/3344/3353 2149/3440/3464
f 2151/3441/3465 2107/3354/3366 2502/2916/2954
f 2364/3442/3466 2151/2975/3005 2305/3422/3467
f 2547/3099/3125 2499/2877/3468 2220/2879/3126
f 2373/3195/3217 1943/3443/3469 2152/2752/2795
f 2371/3444/3470 2282/2711/2756 2153/3445/3103
f 2153/3445/3103 1928/3287/3471 2543/3446/3312
f 2154/3447/3472 2179/3448/2951 2447/3449/3206
f 2154/3447/3473 1957/3276/3299 2165/3277/3301
f 2155/3450/3474 1990/3451/3341 2435/3452/3340
f 2155/3450/3475 2339/2982/3476 2323/2981/3477
f 2485/2900/2936 2156/3190/3478 1974/3453/3479
f 2507/3454/3480 2253/3003/3030 2156/3455/3481
f 2157/3456/3172 2150/3362/3482 2519/3361/3483
f 1944/3457/3379 2157/3456/3172 2261/3458/3171
f 2546/3459/3484 2072/2779/3485 2271/2778/2864
f 2486/2995/3486 2072/2779/3485 2512/3460/3487
f 2004/3461/3488 2215/3177/3489 2482/2817/3490
f 2004/3462/3488 2545/3463/3491 2441/3209/3230
f 2266/3001/3028 2401/3140/3163 2033/3142/3165
f 2276/2704/2749 2162/3464/3492 2469/2702/2747
f 2015/3465/3493 2162/3464/3494 2501/3466/3495
f 2423/2865/3496 2412/3384/3400 2265/3467/3497
f 2164/3468/3498 2325/3469/3338 2371/3074/3102
f 2469/2702/2747 1923/3470/3499 2164/3468/3498
f 2076/3471/3500 1957/3276/3501 2389/3275/3502
f 2489/2908/2946 2076/2917/2955 2477/2909/2947
f 2470/3472/3429 2306/3473/3226 2267/3474/3225
f 2166/3475/3503 1992/3476/3504 2537/2855/2896
f 2476/3068/3369 2011/2984/3013 2108/2805/2848
f 2070/3477/3505 2167/3478/3506 2378/3069/3507
f 2460/3479/3508 2297/3480/2865 2271/2778/2864
f 2297/3480/3509 2537/2855/2896 1992/3476/3510
f 2472/2948/3511 2409/3125/3512 2247/3481/2983
f 2277/3053/3082 2510/3482/3513 2445/3051/3080
f 2218/2785/2828 2510/3483/3513 1976/3484/3514
f 2327/3008/3515 1979/3101/3128 2171/2925/3516
f 2142/2926/2964 1979/3101/3517 2418/3100/3127
f 2362/3091/3120 2172/3042/2850 1962/2795/2838
f 2173/3485/3518 1988/3486/3519 2316/3225/3248
f 2438/2834/2876 2175/3487/3520 2241/2832/2874
f 2124/3488/3521 1977/3092/3521 2235/3094/3522
f 2111/3489/3523 2176/3365/3524 2524/3316/3525
f 1972/3490/3526 2264/2874/2912 2292/2876/2914
f 1972/3491/3527 2177/3070/3528 2167/3478/3529
f 2178/2716/2761 2146/3492/3530 2016/3493/3531
f 2498/3494/3154 2178/2716/2761 2016/3493/3531
f 2008/3055/3532 2426/2912/2950 2540/2911/2949
f 2180/3495/3124 2160/2751/2794 2019/3496/3533
f 2180/3095/3124 2019/3497/3534 2303/3498/3535
f 2263/3499/3536 2478/3426/3445 2525/3500/3537
f 2181/2769/2812 2020/2869/2906 2534/2770/2813
f 2182/3210/2892 2055/3212/3232 2334/3117/3360
f 2103/3501/3356 1930/3236/3262 2183/3238/3157
f 2060/2896/3246 1988/3486/3519 2448/2841/2883
f 2366/3502/3538 2185/2756/2799 1978/3503/3539
f 2185/2756/2799 2187/2761/2804 1978/3503/3539
f 2299/3350/3362 2188/2996/3025 1954/2998/3027
f 2189/2690/2735 2408/3082/3111 2509/3504/3540
f 2189/2690/2735 1926/3505/3541 1930/3236/3262
f 2541/3011/3040 2190/3243/3266 2507/3012/3041
f 2531/3246/3542 1955/3228/3251 2067/3244/3543
f 2127/3114/3138 2192/3506/3544 2199/3112/3136
f 2192/3506/3545 2023/3507/3545 2456/3394/3545
f 2463/3081/3110 1929/3283/3307 2193/3080/3109
f 2499/2877/3546 2134/3508/3547 2195/2881/3548
f 2496/3509/3549 2301/3510/3550 2196/3511/3551
f 2511/3512/3552 2197/3036/3552 2294/3260/3552
f 2042/3513/3553 2198/3514/3554 2390/2725/2769
f 2261/3146/3171 2199/3515/3555 2035/3363/3378
f 2311/3516/2910 2340/3014/3556 2056/3517/3557
f 1965/3518/3558 2200/2830/3237 2428/3519/3559
f 2420/3188/3560 2544/3180/3204 2232/2906/2944
f 2278/3520/3561 2202/2803/2846 2174/2802/2845
f 2371/3444/3102 2203/2713/3104 2013/2712/3562
f 2504/3521/3563 2174/3522/3563 2204/3523/3563
f 2504/3521/3564 2073/3262/3288 1987/3524/3290
f 2205/3034/3565 2034/3525/3566 2315/3526/3567
f 2285/2724/435 1919/3527/3568 2206/3020/3049
f 1919/3323/2779 2351/3528/3569 2206/3021/2792
f 2339/2982/3570 2464/3529/3227 2114/3530/2930
f 2091/3531/2938 1958/3191/3571 2208/3532/3212
f 1958/3533/3214 2541/3011/3040 2208/3534/3572
f 2045/3535/3573 2041/3536/3009 2209/3537/3574
f 2223/2890/3575 2041/3536/3009 2058/3218/3008
f 2494/2985/3576 2210/2987/3577 2051/2882/2920
f 1971/3198/3220 2451/2868/3578 2128/3538/3579
f 2039/3539/3291 1971/3198/3330 2265/3540/3329
f 2456/3394/3580 2536/3541/3580 2192/3506/3581
f 1960/3542/3449 2213/2807/3451 2255/3295/3318
f 2135/3543/2939 2398/2965/3582 2526/3544/3583
f 2434/3545/3584 2214/3126/3152 2036/2699/2744
f 2239/3546/3585 2276/2704/2749 2028/3290/3586
f 2535/2818/3587 2045/3340/3573 2209/3547/3574
f 2512/3548/3487 2215/3177/3588 2158/3176/3589
f 2216/3018/3047 2096/3335/3345 2280/3334/3295
f 2455/3028/3056 2216/3018/3047 2443/3017/3046
f 2419/3163/3187 2217/3288/2754 2040/3161/3185
f 2424/2710/2755 2217/3288/3590 2282/2711/2756
f 2107/3549/3591 2218/2785/2828 2068/3550/3273
f 2218/2785/2828 2429/3551/3272 2068/3550/3273
f 2011/3552/3013 2220/2879/2917 2244/2878/2916
f 2517/3098/2793 2070/3256/3592 2270/3255/3593
f 1922/3087/3453 2221/3162/3118 2386/3085/3594
f 2243/3553/3595 2222/3349/3068 2487/3554/3596
f 1959/3555/3597 2106/3556/3598 2186/3557/3599
f 2459/3558/3600 2224/3398/3419 2003/3197/3601
f 2459/3559/3602 2451/2868/3061 2224/3033/3063
f 2103/3560/3356 2225/2714/2759 2498/3494/3154
f 1973/2891/2926 2227/2885/3603 2115/3561/3604
f 2123/2838/3390 1967/3562/3245 2228/2854/3075
f 2069/3563/3605 2229/3056/3606 2475/3564/3607
f 2439/2976/3608 2230/2914/2952 1956/2974/3004
f 2141/2972/3002 2230/2914/2952 2450/2788/3443
f 2112/3565/2943 2428/3519/3609 2231/3059/3610
f 1961/3251/3611 2112/3565/2943 2231/3059/3610
f 2166/3566/3612 2322/3567/3612 2233/3568/3612
f 1954/3569/3027 2063/3145/3613 2508/3144/3614
f 2336/3570/2889 2235/3094/3615 1968/3308/3325
f 2077/3571/3616 2362/3572/3303 2236/3573/3617
f 2245/2717/2762 2183/3131/3618 2238/2707/2752
f 2543/3574/3312 2239/3575/3619 2028/3576/3311
f 2240/2845/3038 2361/3047/3620 2286/3009/3036
f 2415/3577/3621 2148/3578/3622 2241/3579/3623
f 2012/2828/3101 2241/3072/3099 2257/2873/2911
f 2139/2848/2890 2538/3418/3624 2396/3045/3625
f 2065/2706/2751 1920/3242/3021 2245/2717/2762
f 2246/3084/3113 2509/3504/3540 2408/3082/3111
f 1997/3359/3374 2252/2952/3139 2247/2951/3373
f 2064/3130/3626 2162/3580/3494 2248/2705/3627
f 2249/3111/3628 2173/3581/3629 2488/3110/3630
f 2379/3322/435 2250/2932/435 2388/2931/435
f 2267/3203/3631 2004/3462/3632 2417/3582/2862
f 2253/3583/3030 1974/3584/3633 2156/3585/3481
f 1974/3453/3634 2184/3586/3635 2485/2900/2936
f 2520/3587/2927 2254/2990/3019 1964/3202/3224
f 2254/2990/3019 2054/3206/3228 2207/3208/3229
f 1960/3542/3636 2001/3588/3636 2083/3589/3636
f 1965/3590/3637 2112/3073/3100 2257/2873/2911
f 2116/3591/3638 2061/3230/3254 2527/2898/3253
f 2341/2772/2815 1979/3101/3128 2260/3592/3174
f 2327/3008/3515 2260/3592/3174 1979/3101/3128
f 2262/2762/2805 2295/3593/3051 2021/3594/3050
f 2020/2869/3062 2478/3426/3445 2263/3499/3536
f 2006/3595/3639 2304/3596/3640 2494/2985/3014
f 2264/2874/3641 2006/3595/3216 2373/3597/3217
f 2507/3454/3480 2066/3598/3642 2266/3001/3028
f 2016/3129/3155 2427/3599/3643 2268/3127/3153
f 2072/2779/2822 2322/2856/2897 2513/2777/2820
f 1942/3600/3644 2019/3497/3534 2270/3255/3593
f 2454/3054/3199 2044/3601/3395 2230/3174/2952
f 2272/2780/2823 2400/3602/3645 2044/3601/3646
f 2106/3118/3647 2274/2824/3647 2025/3121/3647
f 1989/3355/3367 2067/3244/3267 2275/3248/3271
f 1955/3228/3270 2275/3248/3271 2067/3244/3267
f 2474/3603/3648 2433/3604/3649 2196/3605/3650
f 2276/2704/2749 2214/3606/3152 1921/3607/3651
f 2532/3052/3652 1976/3608/3653 2277/3053/3654
f 2306/3473/3655 2279/3609/3018 2166/3610/3503
f 2534/3611/3656 2280/3270/3295 2324/3612/3657
f 2347/3613/3658 2281/3614/3315 2082/2836/2878
f 1932/2689/2734 2082/3615/3659 2281/3616/3660
f 2283/2698/2743 2149/3617/3661 2097/2991/3020
f 2461/3618/3662 2284/2786/3663 2120/3424/3442
f 2387/3619/3664 2285/2726/2770 1966/3293/3314
f 2059/3371/3665 2286/3391/3411 1967/3221/3245
f 1930/3236/3262 2287/3257/3281 2189/2690/2735
f 2462/3620/3666 2268/3127/3153 2287/3257/3281
f 2079/3284/3308 2283/2698/2743 2289/2697/2742
f 2079/3284/3308 2289/2697/2742 1927/2682/2727
f 2467/2794/2837 2108/2805/2848 2125/2792/2835
f 2291/2820/2863 2101/3164/3188 2041/2979/3190
f 2026/2753/2796 2177/2755/2798 2292/3621/2914
f 2468/2920/2959 2089/3311/3122 1977/3622/3121
f 2005/3623/3667 2222/3038/3068 2294/3260/3668
f 2197/3036/3066 2005/3623/3667 2294/3260/3668
f 2452/2901/2937 2448/3624/3669 2296/3625/2885
f 1992/3476/3510 2291/3626/3670 2297/3480/3509
f 2298/3412/3671 2136/3172/3215 2310/2846/3334
f 2338/3169/3195 2136/3172/3672 2298/3412/3434
f 1964/3627/2928 2300/3628/3673 1973/3629/2926
f 2480/3381/3274 2121/2784/2827 2302/3379/3397
f 2401/3140/3163 2302/3379/3397 2121/2784/2827
f 2256/3006/3420 2303/3630/3674 1942/3400/3675
f 1972/3491/3676 2476/3068/3097 2304/3067/3096
f 2479/3631/3677 2306/3473/3655 2166/3610/3503
f 2022/3109/3133 2308/2968/2998 2488/3110/3134
f 1977/3622/3678 2309/3156/3180 2468/2920/2959
f 1999/3159/3440 2140/3421/3679 2311/3516/2910
f 2425/3632/3680 1959/3633/3681 2186/3634/3682
f 2057/3215/3239 2263/3635/3683 2525/3636/3684
f 2313/2693/2738 2350/3637/3685 1982/3638/3660
f 2078/2943/2975 2313/2693/2738 1945/2683/2728
f 2214/3126/3152 2314/2701/2746 2036/2699/2744
f 2205/3034/3565 2315/3526/3567 1952/3639/3686
f 2441/3640/3230 2315/3526/3567 2159/3175/3687
f 2026/2753/3688 2169/2949/2981 2317/2812/2854
f 2186/2962/3689 2301/3641/3690 2318/2960/3691
f 2542/2816/2859 2150/3642/3377 2319/2814/2857
f 2319/2814/3692 1950/3102/3129 2321/3104/3131
f 2104/3643/3693 2233/2774/3357 2322/3644/3694
f 2104/3645/3695 2269/3040/3070 2521/3039/3069
f 2323/2981/3477 1976/3646/3696 2155/3450/3475
f 2212/3029/3057 2324/3647/3657 2002/3333/3344
f 1923/3648/3697 2094/3077/3698 2325/3327/3699
f 2326/3649/3700 2063/3145/3701 1994/2921/3702
f 1994/3650/3702 2332/3386/3402 2326/3651/3700
f 2017/3278/2847 2143/3280/3304 2328/3428/3408
f 2081/2684/2729 2329/2694/2739 2239/3575/3619
f 1964/3627/3224 2470/3472/3429 2330/3652/3703
f 2149/3440/3464 2014/3346/3354 2331/3653/3704
f 2332/3386/3402 2123/2838/2880 2358/3037/3067
f 2344/3654/3705 2080/2944/2976 2335/2733/2777
f 1925/3655/3706 2335/2733/2777 2360/2700/2745
f 2384/3307/3324 2336/3570/2889 1968/3308/3325
f 2359/3656/3707 2337/2696/2741 2088/3657/3708
f 2343/3658/3709 2337/2696/2741 1993/2687/2732
f 2375/3168/3194 1998/3413/3710 2338/3169/3195
f 2101/3164/3188 1953/3659/3711 2339/2982/3570
f 2163/3660/3712 2056/3517/3713 2340/3014/3714
f 2010/3661/3715 2342/3062/3092 1993/2687/2732
f 2395/3326/435 2351/2861/435 1948/3662/435
f 2115/3561/3716 2227/2885/2929 2352/2895/2931
f 2520/2892/2927 2352/2895/2931 2054/3663/3228
f 2354/2956/435 2393/3299/435 2100/3664/435
f 2355/2955/435 2392/2957/435 2099/3665/435
f 2137/3666/3717 2357/2797/3718 2073/3263/3288
f 2139/2848/2890 2361/3047/3620 2007/2849/2891
f 2133/3026/3054 2363/2826/2868 2047/3408/3430
f 2495/3667/2942 2363/2826/2868 2112/3073/3100
f 2027/2686/2731 2365/3668/3719 1919/3527/3568
f 2494/2985/3014 2372/2806/3720 2006/3595/3639
f 2190/2970/3000 2043/3170/3196 2375/3168/3721
f 2381/3409/3431 1984/3044/3148 2409/3123/3147
f 2382/3298/435 2377/3300/435 2086/3669/435
f 2383/3302/435 2376/3303/435 2087/3670/435
f 2387/3337/435 2390/2930/435 2098/3671/435
f 1980/3672/435 2391/3321/435 2388/2931/435
f 2250/2932/435 2042/3673/435 2390/2930/435
f 2394/3674/435 1949/3675/435 2138/3106/435
f 2397/3676/3722 2431/3155/3079 1967/3677/3723
f 2398/3678/3724 2186/3634/3682 2204/3679/3725
f 2523/3680/3726 2398/3681/3726 2204/3682/3726
f 2219/2692/2737 2399/2691/2736 2071/3435/3115
f 2066/3683/3642 2161/2790/2833 2401/3684/3398
f 2114/2894/2930 2489/3685/2946 2402/3686/3727
f 2114/3530/2930 2402/2980/3727 2339/2982/3570
f 2413/3687/3387 2403/3141/3164 1955/3688/3270
f 2405/3113/3137 1963/3393/2982 2127/3114/3415
f 2407/3689/3728 2446/3328/3339 1990/3330/3341
f 2219/2692/2737 2094/3077/3698 2408/3082/3111
f 2412/3690/3400 2122/3160/3184 2410/3016/3045
f 2411/3691/3729 2548/3692/3729 2549/3693/3729
f 2423/2865/3496 1951/3694/3042 2412/3384/3400
f 2266/3001/3028 2033/3142/3165 2413/3687/3730
f 2176/3365/3731 2414/3695/3732 2497/3364/3733
f 2416/2883/3734 2210/2987/3016 1991/2986/3015
f 2290/3696/3735 2416/3697/3736 1991/3066/3368
f 2417/3582/2862 2132/2888/2924 2267/3203/3631
f 2418/3100/3127 2057/3215/3239 2142/2926/2964
f 2473/2715/2760 1929/3698/3737 2419/3088/3117
f 1961/3251/3611 2420/3183/3560 2232/3699/2944
f 2003/3197/3219 2422/2773/2908 2062/3231/3255
f 2475/2867/2904 2163/2831/3738 2423/2865/2902
f 2040/3161/3185 2424/2710/2755 2386/3085/3739
f 1922/3434/3453 2427/3599/3740 2146/3700/3530
f 2425/2964/2993 2049/3701/3432 2430/3702/3087
f 2496/3509/3741 2196/3703/3742 2433/3704/3743
f 1921/3151/3177 2434/3705/3744 2436/3152/3178
f 2155/3450/3474 2435/3452/3340 2095/2977/3745
f 2196/3025/3053 2437/3706/2842 2133/3026/3054
f 2438/3707/3746 2090/3708/3746 2052/3709/3746
f 2439/2976/3608 2048/3710/3747 2273/2915/2953
f 2502/3711/2954 2439/2976/3748 2151/2975/3749
f 2004/3461/3488 2441/3640/3230 2159/3175/3687
f 2442/3712/3750 2196/3713/3551 2301/3714/3550
f 2008/3055/3751 2226/3331/3342 2445/3051/3752
f 2510/3482/3753 2008/3055/3751 2445/3051/3752
f 2145/3715/3754 2300/3716/3754 2446/3717/3754
f 2060/2896/2932 2448/2841/3669 2184/3718/3635
f 2456/3719/3416 2321/3104/3131 2449/3103/3130
f 2061/2973/3003 2450/2788/3443 2539/2787/3755
f 2091/2902/2938 2038/3157/3182 2533/3158/3181
f 2038/3157/3756 2452/2901/2937 2296/3625/2885
f 2529/3179/3203 2453/3399/3421 2129/3071/2856
f 2506/2809/2851 2457/3720/3032 2109/2810/2852
f 2457/3720/3032 2519/3361/3376 2109/2810/2852
f 2160/2751/2794 2458/3122/2853 1984/3044/3073
f 2052/3397/3221 2128/3721/3579 2459/3558/3757
f 2513/2777/3758 2168/3722/3759 2460/3479/3760
f 2207/3208/3229 2464/3205/3227 1953/3723/3711
f 2135/2903/3761 1975/3724/3762 2465/3187/3763
f 2505/3049/3078 2126/2967/2997 2059/3371/3388
f 2015/3465/3264 2246/3725/3113 2469/2702/3112
f 2301/3726/3690 2471/3727/3764 2318/3728/3691
f 2477/2909/2947 2107/3354/3366 2068/2907/2945
f 2334/2851/2893 2188/2996/3025 2105/2852/2894
f 2417/3582/2862 2004/3462/3765 2482/3729/2860
f 2496/3509/3766 2001/3730/3766 2483/3731/3766
f 2001/3351/3363 2301/3353/3365 2483/3732/3767
f 2158/3733/3589 2486/2995/3486 2512/3460/3487
f 2249/3111/3135 2488/3110/3134 2308/2968/2998
f 2493/2927/2965 2490/3148/3173 2035/3363/3378
f 2276/2704/2749 2491/2703/2748 2028/3290/3586
f 1954/3569/3027 2034/3259/3566 2492/3734/3361
f 2493/2927/2965 2035/3363/3378 2199/3515/3555
f 2498/3494/3154 2462/3735/3666 2103/3560/3356
f 2064/3237/3156 1926/3505/3541 2501/3239/3263
f 2503/3736/3768 2550/3693/3768 2551/3692/3768
f 2514/3737/3769 2320/3738/3770 2069/3563/3771
f 2515/3739/2918 2236/3573/3617 2017/3740/2847
f 2019/3497/3534 2517/3098/2793 2270/3255/3593
f 2018/3741/3455 2522/3742/3772 2188/3743/3456
f 2533/3158/3181 2524/3744/3525 2091/2902/2938
f 2253/3003/2933 2116/3002/3773 2527/3745/2934
f 2528/3015/3774 2340/3014/3774 2140/3421/3774
f 2173/3581/3629 2530/3108/3775 2488/3110/3630
f 2534/3611/3776 2211/3268/3293 2074/3267/3292
f 2223/2890/3575 2535/2889/3587 2209/3537/3574
f 2538/3418/3065 2243/3553/3595 2487/3554/3596
f 1928/3746/3310 2081/2684/2729 2543/3574/3312
f 2278/3520/3777 2465/3187/3778 1975/3724/3779
f 2045/3340/3350 2546/3747/3484 2271/2821/2864
f 1943/3443/3469 2547/3748/3125 2152/2752/2795
f 2552/3749/3780 2553/3750/3780 2554/3751/3780
f 2552/3752/231 2555/3753/231 2595/3754/231
f 2595/3755/3781 2556/3756/3781 2557/3757/3781
f 2556/3758/340 2558/3759/340 2557/3760/340
f 2559/3761/3782 2560/3762/3783 2561/3763/3784
f 2561/3763/3784 2562/3764/3785 2563/3765/3786
f 2563/3766/3786 2564/3767/3787 2565/3768/3788
f 2565/3768/3788 2566/3769/3789 2567/3770/3790
f 2567/3770/3790 2568/3771/3791 2569/3772/3791
f 2568/3771/3791 2570/3773/3792 2569/3772/3791
f 2571/3774/3793 2572/3775/3794 2570/3773/3792
f 2573/3776/3795 2574/3777/3796 2572/3778/3794
f 2575/3779/3797 2576/3780/3798 2574/3777/3796
f 2577/3781/3799 2578/3782/3800 2576/3780/3798
f 2579/3783/3801 2580/3784/3802 2578/3782/3800
f 2581/3785/3803 2582/3786/3804 2580/3787/3802
f 2583/3788/3805 2584/3789/3806 2582/3786/3804
f 2585/3790/3807 2586/3791/3808 2584/3789/3806
f 2586/3791/3808 2587/3792/3809 2588/3793/3810
f 2588/3793/3810 2589/3794/3811 2590/3795/3812
f 2590/3796/3812 2591/3797/3813 2592/3798/3814
f 2592/3798/3814 2593/3799/3815 2559/3761/3782
f 2587/3800/608 2554/3801/608 2589/3802/608
f 2552/3749/3780 2558/3803/3780 2553/3750/3780
f 2552/3752/231 2554/3804/231 2555/3753/231
f 2595/3755/3781 2555/3805/3781 2556/3756/3781
f 2556/3758/340 2553/3806/340 2558/3759/340
f 2559/3761/3782 2593/3799/3815 2560/3762/3783
f 2561/3763/3784 2560/3762/3783 2562/3764/3785
f 2563/3766/3786 2562/3807/3785 2564/3767/3787
f 2565/3768/3788 2564/3767/3787 2566/3769/3789
f 2567/3770/3790 2566/3769/3789 2568/3771/3791
f 2568/3771/3791 2571/3774/3793 2570/3773/3792
f 2571/3774/3793 2573/3808/3795 2572/3775/3794
f 2573/3776/3795 2575/3779/3797 2574/3777/3796
f 2575/3779/3797 2577/3781/3799 2576/3780/3798
f 2577/3781/3799 2579/3783/3801 2578/3782/3800
f 2579/3783/3801 2581/3809/3803 2580/3784/3802
f 2581/3785/3803 2583/3788/3805 2582/3786/3804
f 2583/3788/3805 2585/3790/3807 2584/3789/3806
f 2585/3790/3807 2594/3810/3808 2586/3791/3808
f 2586/3791/3808 2594/3810/3808 2587/3792/3809
f 2588/3793/3810 2587/3792/3809 2589/3794/3811
f 2590/3796/3812 2589/3811/3811 2591/3797/3813
f 2592/3798/3814 2591/3797/3813 2593/3799/3815
f 2560/3812/608 2593/3813/608 2553/3814/608
f 2562/3815/608 2560/3812/608 2553/3814/608
f 2564/3816/608 2562/3815/608 2553/3814/608
f 2566/3817/608 2564/3816/608 2553/3814/608
f 2568/3818/608 2566/3817/608 2553/3814/608
f 2571/3819/608 2568/3818/608 2553/3814/608
f 2573/3820/608 2571/3819/608 2553/3814/608
f 2575/3821/3816 2573/3822/3816 2553/3823/3816
f 2575/3824/608 2553/3814/608 2556/3825/608
f 2577/3826/608 2575/3824/608 2556/3825/608
f 2579/3827/608 2577/3826/608 2556/3825/608
f 2581/3828/3817 2579/3827/608 2556/3825/608
f 2583/3829/608 2581/3828/3817 2556/3825/608
f 2583/3829/608 2556/3825/608 2555/3830/608
f 2585/3831/608 2583/3829/608 2555/3830/608
f 2594/3832/608 2585/3831/608 2555/3830/608
f 2587/3800/608 2594/3832/608 2555/3830/608
f 2587/3800/608 2555/3830/608 2554/3801/608
f 2553/3814/608 2593/3813/608 2591/3833/608
f 2554/3801/608 2553/3814/608 2591/3833/608
f 2554/3801/608 2591/3833/608 2589/3802/608
f 2557/3834/435 2558/3835/435 2595/3836/435
f 2558/3835/435 2559/3837/435 2561/3838/435
f 2558/3835/435 2561/3838/435 2563/3839/435
f 2558/3835/435 2563/3839/435 2565/3840/435
f 2558/3835/435 2565/3840/435 2567/3841/435
f 2558/3835/435 2567/3841/435 2569/3842/435
f 2558/3835/435 2569/3842/435 2570/3843/435
f 2558/3835/435 2570/3843/435 2572/3844/435
f 2558/3845/3818 2572/3846/3818 2574/3847/3818
f 2595/3836/435 2558/3835/435 2574/3848/435
f 2595/3836/435 2574/3848/435 2576/3849/435
f 2595/3836/435 2576/3849/435 2578/3850/435
f 2595/3836/435 2578/3850/435 2580/3851/435
f 2592/3852/435 2559/3837/435 2558/3835/435
f 2592/3852/435 2558/3835/435 2552/3853/435
f 2590/3854/435 2592/3852/435 2552/3853/435
f 2588/3855/435 2590/3854/435 2552/3853/435
f 2586/3856/435 2588/3855/435 2552/3853/435
f 2584/3857/435 2586/3856/435 2552/3853/435
f 2582/3858/435 2584/3857/435 2552/3853/435
f 2580/3851/435 2582/3858/435 2552/3853/435
f 2595/3836/435 2580/3851/435 2552/3853/435
f 2596/3859/3781 2598/3860/3781 2597/3749/3781
f 2596/3861/231 2600/3862/231 2599/3863/231
f 2600/3864/3780 2602/3865/3780 2601/3866/3780
f 2601/3867/340 2602/3868/340 2603/3869/340
f 2604/3870/3819 2606/3871/3796 2605/3872/3820
f 2606/3871/3796 2608/3873/3821 2607/3874/3795
f 2608/3814/3821 2610/3875/3792 2609/3876/3822
f 2610/3875/3792 2612/3877/3823 2611/3878/3824
f 2612/3877/3823 2614/3879/3825 2613/3880/3825
f 2613/3880/3825 2614/3879/3825 2615/3881/3788
f 2616/3882/3787 2615/3881/3788 2617/3883/3786
f 2618/3884/3826 2617/3885/3786 2619/3886/3827
f 2620/3887/3828 2619/3886/3827 2621/3888/3829
f 2622/3889/3815 2621/3888/3829 2623/3890/3830
f 2624/3891/3831 2623/3890/3830 2625/3892/3812
f 2626/3785/3811 2625/3787/3812 2627/3893/3810
f 2628/3894/3809 2627/3893/3810 2629/3895/3832
f 2630/3896/3833 2629/3895/3832 2631/3897/3834
f 2631/3897/3834 2633/3898/3835 2632/3899/3805
f 2633/3898/3835 2635/3900/3836 2634/3901/3837
f 2635/3902/3836 2637/3903/3838 2636/3904/3801
f 2637/3903/3838 2604/3870/3819 2638/3905/3799
f 2632/3906/608 2634/3907/608 2598/3908/608
f 2596/3859/3781 2597/3749/3781 2603/3751/3781
f 2596/3861/231 2599/3863/231 2598/3909/231
f 2600/3864/3780 2601/3866/3780 2599/3757/3780
f 2601/3867/340 2603/3869/340 2597/3910/340
f 2604/3870/3819 2605/3872/3820 2638/3905/3799
f 2606/3871/3796 2607/3874/3795 2605/3872/3820
f 2608/3814/3821 2609/3876/3822 2607/3911/3795
f 2610/3875/3792 2611/3878/3824 2609/3876/3822
f 2612/3877/3823 2613/3880/3825 2611/3878/3824
f 2613/3880/3825 2615/3881/3788 2616/3882/3787
f 2616/3882/3787 2617/3883/3786 2618/3912/3826
f 2618/3884/3826 2619/3886/3827 2620/3887/3828
f 2620/3887/3828 2621/3888/3829 2622/3889/3815
f 2622/3889/3815 2623/3890/3830 2624/3891/3831
f 2624/3891/3831 2625/3892/3812 2626/3913/3811
f 2626/3785/3811 2627/3893/3810 2628/3894/3809
f 2628/3894/3809 2629/3895/3832 2630/3896/3833
f 2630/3896/3833 2631/3897/3834 2639/3914/3834
f 2631/3897/3834 2632/3899/3805 2639/3914/3834
f 2633/3898/3835 2634/3901/3837 2632/3899/3805
f 2635/3902/3836 2636/3904/3801 2634/3915/3837
f 2637/3903/3838 2638/3905/3799 2636/3904/3801
f 2605/3916/608 2597/3917/608 2638/3918/608
f 2607/3919/608 2597/3917/608 2605/3916/608
f 2609/3920/608 2597/3917/608 2607/3919/608
f 2611/3921/608 2597/3917/608 2609/3920/608
f 2613/3922/608 2597/3917/608 2611/3921/608
f 2616/3923/608 2597/3917/608 2613/3922/608
f 2618/3924/608 2597/3917/608 2616/3923/608
f 2620/3925/3839 2597/3926/3839 2618/3927/3839
f 2620/3928/608 2601/3929/608 2597/3917/608
f 2622/3930/608 2601/3929/608 2620/3928/608
f 2624/3931/608 2601/3929/608 2622/3930/608
f 2626/3932/608 2601/3929/608 2624/3931/608
f 2628/3933/608 2601/3929/608 2626/3932/608
f 2628/3933/608 2599/3859/608 2601/3929/608
f 2630/3934/608 2599/3859/608 2628/3933/608
f 2639/3935/608 2599/3859/608 2630/3934/608
f 2632/3906/608 2599/3859/608 2639/3935/608
f 2632/3906/608 2598/3908/608 2599/3859/608
f 2597/3917/608 2636/3936/608 2638/3918/608
f 2598/3908/608 2636/3936/608 2597/3917/608
f 2598/3908/608 2634/3907/608 2636/3936/608
f 2602/3937/435 2600/3938/435 2603/3939/435
f 2603/3939/435 2606/3940/435 2604/3941/435
f 2603/3939/435 2608/3942/435 2606/3940/435
f 2603/3939/435 2610/3943/435 2608/3942/435
f 2603/3939/435 2612/3944/435 2610/3943/435
f 2603/3939/435 2614/3945/435 2612/3944/435
f 2603/3939/435 2615/3946/435 2614/3945/435
f 2603/3939/435 2617/3947/435 2615/3946/435
f 2603/3948/3840 2619/3949/3840 2617/3950/3840
f 2600/3938/435 2619/3951/435 2603/3939/435
f 2600/3938/435 2621/3952/435 2619/3951/435
f 2600/3938/435 2623/3953/435 2621/3952/435
f 2600/3938/435 2625/3954/435 2623/3953/435
f 2637/3955/435 2603/3939/435 2604/3941/435
f 2637/3955/435 2596/3956/435 2603/3939/435
f 2635/3957/435 2596/3956/435 2637/3955/435
f 2633/3958/435 2596/3956/435 2635/3957/435
f 2631/3959/435 2596/3956/435 2633/3958/435
f 2629/3960/435 2596/3956/435 2631/3959/435
f 2627/3961/435 2596/3956/435 2629/3960/435
f 2625/3954/435 2596/3956/435 2627/3961/435
f 2600/3938/435 2596/3956/435 2625/3954/435
f 1935/2685/2730 2030/3133/3159 2027/2686/2731
f 1946/2688/2733 1945/2683/2728 1927/2682/2727
f 2189/2690/2735 2287/3257/3281 2399/2691/2736
f 2081/2684/2729 1945/2683/2728 2313/2693/2738
f 2198/2695/2740 2010/3661/3715 1993/2687/2732
f 2337/2696/2741 2032/3138/3162 2289/2697/2742
f 2360/2700/2745 2335/2733/2777 2314/2701/2746
f 2469/2702/2747 2164/3468/3498 2491/2703/2748
f 2248/2705/2750 2162/3580/3841 2065/2706/2751
f 1931/2708/2753 1932/2689/2734 1927/2682/2727
f 2217/2709/2754 2079/3284/3308 1927/2682/2727
f 2203/2713/2758 2386/3085/3739 2424/2710/2755
f 2225/2714/2759 2406/3344/3353 2473/2715/2760
f 2356/2718/2763 1933/3368/3385 1931/2708/2753
f 1932/2689/2734 2281/3616/3660 1966/2719/2764
f 2113/2720/2765 2082/3615/3659 1932/2689/2734
f 2092/2721/2766 2391/3319/3335 2359/2722/2767
f 2027/2686/2731 1919/3527/3568 2285/2724/435
f 2390/2725/2769 2198/3514/3554 2285/2726/2770
f 2131/2728/2772 2030/3133/3159 1935/2685/2730
f 2036/2699/2744 2314/2701/2746 1936/2729/2773
f 1937/2730/2774 1981/2732/2776 1936/2729/2773
f 2075/2731/2775 2370/3962/3842 1936/2729/2773
f 2355/2734/2778 2099/3963/3336 2085/2735/2779
f 2354/2737/2781 2100/3964/2771 2084/2738/2770
f 1983/2740/2783 2369/2938/2971 1981/2732/2776
f 2084/2741/2784 2360/2700/2745 2329/2694/2739
f 2102/2743/2786 1933/3965/3383 2356/2744/2787
f 2084/2738/2770 2100/3964/2771 2393/2746/2789
f 2085/2735/2779 2099/3963/3336 2392/2748/2791
f 2517/2750/2793 2019/3496/3533 2160/2751/2794
f 2026/2753/3688 2317/2812/2854 2129/2754/2856
f 2185/2756/2799 2075/2731/2775 1981/2732/2776
f 2285/2724/435 2206/3020/3049 1946/2688/2733
f 2131/2757/3843 1970/3376/3843 2194/2758/3843
f 2185/2756/2799 1946/2688/2733 2000/2760/2803
f 2262/2762/2805 2138/3416/3844 2187/2763/2806
f 2118/2765/3845 1947/3966/3845 2370/2766/3845
f 2324/2768/2811 2449/3103/3130 2181/2769/2812
f 2312/2771/2814 2057/3215/3239 2341/2772/2815
f 2233/2774/2817 2055/3212/3232 2479/2775/2818
f 2513/2777/3846 2460/3479/3508 2271/2778/2864
f 2272/2780/2823 2454/3054/3847 2170/2781/3848
f 2404/2783/2826 2403/3141/3164 2121/2784/2827
f 2284/2786/2829 2530/3108/3849 2539/2787/2830
f 2120/2789/2832 2400/3967/3645 2161/2790/2833
f 2125/2792/2835 2516/3352/3364 2307/2793/2836
f 1962/2795/2838 2172/3042/2850 2213/2796/2839
f 2301/2798/2841 2432/3120/2869 2437/2799/2842
f 2523/2801/3850 2204/3968/3850 2174/2802/3850
f 2017/2804/2847 2328/3388/3408 2125/2792/2835
f 2372/2806/3316 2255/3295/3318 2213/2807/3451
f 2317/2812/2854 2169/2949/2981 2518/2813/2855
f 2319/2814/3692 2321/3104/3131 2023/2815/3851
f 2482/2817/3490 2215/3177/3489 2535/2818/3852
f 2148/2823/2866 2025/3121/3853 2274/2824/2866
f 2363/2826/2868 2437/3706/2842 2432/2827/2869
f 2009/2829/2871 2242/3060/3854 2200/2830/2872
f 2241/2832/3623 2148/3969/3622 2514/2833/3855
f 1934/2835/2877 2347/3613/3658 2082/2836/2878
f 2123/2838/2880 1994/3650/3702 2309/2839/2881
f 2448/2841/2883 1988/3486/3519 2466/2842/2884
f 2050/2844/2886 2497/2918/2957 2240/2845/2887
f 2336/2847/2889 2147/3970/2898 2139/2848/2890
f 2024/2853/3856 2358/3037/3067 2123/2838/3857
f 2537/2855/2896 2168/3722/3759 2513/2777/2820
f 2147/2857/3454 2188/2996/3456 2481/2858/3858
f 2353/2860/435 2138/3106/435 2351/2861/435
f 2031/2863/2900 2258/2759/2802 2194/2758/2801
f 2423/2865/2902 2265/3467/3859 2346/2866/2903
f 2451/2868/2905 2211/3971/3293 2534/2770/2813
f 2130/2870/2907 2062/3231/3255 2422/2773/2908
f 2175/2871/2909 2484/3196/3218 2311/2872/2910
f 2499/2877/2915 2195/2881/2919 2244/2878/2916
f 2515/2880/2918 2011/3552/3013 2244/2878/2916
f 2051/2882/2920 2210/2987/3577 2416/2883/2921
f 2227/2885/3860 2300/3972/3860 2145/2886/3861
f 2132/2888/2924 2417/3582/2862 2535/2889/2861
f 1973/2891/2926 2115/3561/3604 2520/2892/2927
f 2227/2885/2929 2165/3277/3862 2114/2894/2930
f 2060/2896/2932 2184/3718/3635 2253/2897/2933
f 2485/2900/2936 2184/3586/3635 2452/2901/2937
f 2135/2903/2939 2526/3973/3583 2523/2801/2940
f 2068/2907/2945 2402/2980/3727 2489/2908/2946
f 2502/2916/2954 2107/3354/3366 2477/2909/2947
f 2007/2849/2956 2240/2845/2887 2497/2918/2957
f 2468/2920/2959 2309/3156/3180 1994/2921/2960
f 2075/2923/2770 2037/3154/2771 2353/2767/2810
f 1950/2924/2962 2319/3007/3034 2171/2925/2963
f 2493/2927/2965 2199/3515/3555 2192/2928/2966
f 2390/2930/435 2347/3000/435 2388/2931/435
f 2088/2933/2768 2343/3305/3322 2379/2934/2968
f 2367/2936/2969 1938/3974/3863 1945/2683/2728
f 2085/2937/2970 2367/2936/2969 1981/2732/2776
f 2087/2939/2877 2078/3975/2879 2345/2940/2972
f 1945/2683/2728 1938/3974/3863 2345/2942/2974
f 2080/2944/2976 2349/3286/3309 1937/2730/2774
f 2086/2945/2977 2080/3976/3323 2344/2946/2978
f 2472/2948/3864 2405/3113/3137 2518/2813/3865
f 1963/2950/2982 2472/3977/3511 2247/2951/2983
f 2350/2953/2985 2078/3975/2879 2087/2939/2877
f 2355/2955/435 2393/3299/435 2354/2956/435
f 2349/2958/2987 2080/3976/3323 2086/2945/2977
f 2318/2960/2989 2328/3428/3447 2137/2961/2990
f 2333/2963/2992 2049/3701/3432 2425/2964/2993
f 2466/2842/3866 1988/3486/3866 2338/2966/3866
f 2308/2968/2998 2461/3618/3662 2440/2969/2999
f 2191/2971/3001 2531/3423/3269 2141/2972/3002
f 1956/2974/3004 2305/3422/3467 2151/2975/3005
f 2095/2977/3007 2435/3452/3867 2058/2978/3008
f 2402/2980/3010 2068/2907/3273 2323/2981/3011
f 2515/2983/2918 2017/2804/2847 2108/2805/2848
f 2494/2985/3014 2304/3596/3640 1991/2986/3015
f 2444/2988/3017 1992/3476/3504 2279/2989/3018
f 2097/2991/3020 1993/2687/2732 2337/2696/2741
f 1920/2992/3021 2036/2699/2744 1993/2687/2732
f 2201/2993/3022 2063/3145/3260 2294/2994/3023
f 2188/2996/3025 2522/3978/3868 2234/2997/3026
f 2374/2999/435 2102/3979/435 2388/2931/435
f 2266/3001/3028 2413/3687/3730 2116/3002/3029
f 2046/3004/3031 2157/3147/3172 2457/3005/3032
f 2319/3007/3034 2150/3362/3869 2327/3008/3035
f 2286/3009/3870 2298/3412/3870 2310/2846/3870
f 2156/3010/3039 2208/3534/3572 2541/3011/3040
f 1951/3013/3042 2163/3660/3871 2340/3014/3043
f 2410/3016/3045 2122/3160/3184 2443/3017/3046
f 2295/3019/3048 2000/2760/2803 1946/2688/2733
f 2206/3021/2792 2351/3528/3569 2021/3022/3050
f 2278/3024/3052 2474/3403/3872 2196/3025/3053
f 2062/3027/3055 2130/3030/3346 2455/3028/3056
f 2212/3029/3057 2002/3333/3873 2130/3030/3058
f 2514/2833/3276 2346/3253/3276 2090/3032/3874
f 2205/3034/3064 1952/3639/3231 2182/2850/2892
f 2538/3035/3065 2487/3980/3596 2197/3036/3066
f 2222/3038/3068 2104/3645/3695 2521/3039/3069
f 2134/3041/3071 2373/3195/3217 2172/3042/2850
f 1984/3044/3073 2373/3195/3217 2152/2752/2795
f 2396/3045/3074 2024/3419/3439 2228/3046/3075
f 2038/3048/3756 2296/2843/2885 2505/3049/3414
f 2445/3051/3080 2226/3331/3342 2532/3052/3081
f 2229/3056/3085 2320/3738/3875 2274/3057/3086
f 2009/2829/3088 1961/3251/3876 2231/3059/3089
f 1924/3061/3091 2343/3658/3709 1993/2687/2732
f 1940/3063/2977 1924/3306/3323 2342/3064/3093
f 2378/3069/3877 2167/3478/3529 2177/3070/3528
f 2112/3073/3100 2363/2826/2868 2012/2828/3101
f 2491/2703/2748 2164/3468/3498 2371/3074/3102
f 2219/2692/2737 2071/3435/3115 2203/3076/3104
f 2380/3078/3106 2029/3347/3355 2245/2717/3107
f 2193/3080/3109 2149/3617/3661 2283/2698/2743
f 2408/3082/3111 1923/3648/3697 2469/3083/3112
f 2386/3085/3114 2203/2713/3104 2071/3086/3115
f 2178/2716/2761 2473/2715/2760 2419/3088/3117
f 1962/2795/2838 2421/3414/3446 2143/3090/3119
f 2180/3095/3124 2303/3498/3535 2256/3096/3033
f 2517/3098/2793 2152/3981/2795 2547/3099/3125
f 2341/2772/2815 2057/3215/3239 2418/3100/3127
f 1950/3102/3129 2181/2769/3878 2449/3103/3130
f 2021/3105/435 2351/2861/435 2138/3106/435
f 2530/3108/3132 2284/2786/3879 2022/3109/3133
f 2190/2970/3000 2375/3168/3721 2249/3111/3135
f 2199/3112/3136 2518/2813/3865 2405/3113/3137
f 1969/3115/3140 2139/2848/2890 2481/3116/2899
f 2106/3118/3142 2425/3982/3880 2430/3119/3087
f 2432/3120/3881 2301/2798/3881 2106/3118/3881
f 2458/3122/3882 2247/2951/3882 2409/3123/3882
f 2026/2753/3883 2292/3621/2914 2381/3124/2913
f 2214/3126/3152 2239/3575/3619 2329/2694/2739
f 2268/3127/3153 2462/3620/3666 2498/3128/3154
f 2064/3130/3156 2248/2705/2750 2238/2707/2752
f 2031/3132/3158 2365/3668/3719 2027/2686/2731
f 2258/3134/3160 2031/3132/3158 2030/3133/3159
f 2093/3135/2901 2395/3324/3337 2365/3136/3161
f 2032/3139/2779 1980/3320/3336 2388/2745/2788
f 2401/3140/3163 2121/2784/2827 2403/3141/3164
f 2105/2852/2894 2299/3350/3362 2492/3143/3166
f 2201/2993/3168 2034/3259/3283 2508/3144/3169
f 2046/3004/3031 2529/3179/3203 2261/3146/3171
f 2490/3148/3173 2110/3031/3059 2260/3149/3174
f 2065/2706/3176 2162/3580/3884 1921/3151/3177
f 2075/2923/2770 2366/3272/2782 2394/3153/2781
f 2431/3155/3079 2117/3983/2882 2309/3156/2881
f 2309/3156/3180 2111/3984/3523 2533/3158/3181
f 1999/3159/3183 2237/3233/3257 2122/3160/3184
f 2040/3161/3185 2386/3085/3739 2221/3162/3186
f 2101/3164/3188 2339/2982/3570 2095/2977/3189
f 2101/3165/3191 2291/3626/3670 2444/2988/3017
f 2010/3166/3192 2042/3985/3553 2250/3065/3094
f 1988/3167/3193 2249/3111/3628 2375/3168/3194
f 2043/3170/3196 2541/3986/3040 2385/3171/3197
f 2179/3173/2951 2008/3055/3532 2454/3054/3199
f 2159/3175/3200 2315/3526/3282 2158/3176/3201
f 2518/3178/2855 2199/3515/3885 2529/3179/3203
f 2544/3180/3204 2047/3987/3430 2495/2904/2942
f 2389/3181/3205 2048/3988/3886 2502/2916/2954
f 2273/2915/2953 1957/3989/3299 2447/3182/3887
f 2420/3183/3207 1961/3251/3275 2229/3184/3208
f 2333/3186/3209 2135/2903/2939 2465/3187/3210
f 1958/3191/3214 2310/3318/3334 2136/3192/3215
f 2006/3194/3216 2372/3990/2849 2172/3042/2850
f 2484/3196/3218 2175/2871/2909 2003/3197/3219
f 1971/3198/3220 2128/3538/3579 2052/3199/3221
f 2254/2990/3019 2279/2989/3018 2053/3201/3223
f 2479/2775/2818 2055/3212/3232 2267/3203/3225
f 2464/3205/3227 2207/3208/3229 2054/3206/3228
f 2207/3208/3229 1953/3723/3711 2101/3165/3191
f 2441/3209/3230 2545/3463/3491 2182/3210/2892
f 2055/3212/3232 2545/3463/3491 2251/3213/3233
f 2056/3214/3235 1965/3590/3888 2257/2873/2911
f 2231/3059/3236 2428/3519/3559 2200/2830/3237
f 2057/3215/3239 2525/3636/3684 2478/3216/3240
f 2020/2869/3062 2263/3499/3536 2312/3217/3241
f 2058/3218/3889 2446/3328/3889 2300/3219/3889
f 2330/3220/3243 2132/2888/2924 2223/2890/2925
f 1967/3221/3245 2286/3391/3411 2361/3222/3076
f 2060/2896/3890 2539/3229/2830 2530/3224/3849
f 2191/3226/3249 2061/3230/3254 2259/3227/3250
f 2539/3229/3252 2060/2896/3891 2527/2898/3253
f 2062/3231/3055 2443/3991/3046 2237/3232/3257
f 2234/3234/3258 2293/2922/2961 1994/2921/2960
f 1930/3236/3262 1926/3505/3541 2064/3237/3156
f 2501/3239/3263 1926/3505/3541 2246/3084/3113
f 2436/3152/3265 2434/3705/3892 2036/3241/2744
f 2440/2899/2935 2066/3683/3642 2507/3012/3041
f 2067/3244/3267 2364/3992/3893 2305/3245/3268
f 1955/3228/3270 2403/3993/3164 2404/3247/2826
f 2170/2781/2824 2510/3482/3894 2480/3250/3274
f 1961/3251/3275 2009/2829/3895 2475/2867/2904
f 2514/2833/3896 2069/3994/3605 2475/3252/3607
f 2378/3254/3278 1942/3600/3897 2270/3255/3279
f 2268/3127/3153 2427/3599/3643 2399/2691/2736
f 2201/2993/3168 2158/3733/3201 2315/3258/3282
f 2294/3260/3668 2222/3038/3068 2269/3040/3070
f 2073/3262/3285 2204/3523/3898 2186/2962/3286
f 2073/3263/3288 2357/2797/3718 2144/3264/3289
f 2039/3266/3294 2280/3270/3295 2074/3267/3292
f 2039/3266/3294 2410/3995/3401 2216/3269/3047
f 1949/3271/3296 2394/3153/2781 2366/3272/2782
f 2273/3274/2953 2048/3996/3747 2389/3275/3298
f 2426/2887/3300 2154/3447/3473 2165/3277/3301
f 2017/3278/2847 2236/3997/3617 2362/3279/3303
f 2077/3281/3616 2515/3998/2918 2195/3043/2919
f 2376/2954/2986 1941/3999/3349 1982/3282/3306
f 2313/2693/2738 1982/3638/3660 2368/2742/2785
f 2377/2959/2988 1939/4000/2901 1983/3285/2900
f 1928/3287/3310 2282/2711/3899 2217/3288/2754
f 2028/3290/3311 2491/2703/2748 2153/3075/3103
f 1995/3292/3313 2387/3619/3664 1966/3293/3314
f 2372/2806/3720 2051/2882/3900 2119/2884/3901
f 1986/3296/3319 1925/4001/3321 2360/2747/2790
f 1985/3297/3320 1938/4002/3051 2367/2749/2792
f 2382/3298/435 1986/4003/435 2393/3299/435
f 1925/3301/3321 1986/4004/3319 2382/2947/2979
f 2383/3302/435 1985/4005/435 2392/2957/435
f 1938/3304/3051 1985/4006/3320 2383/2941/2973
f 1940/3063/2977 2379/2934/2968 2343/3305/3322
f 2293/2922/2961 2234/3234/3026 2018/3310/3327
f 2090/3312/3902 2346/4007/3902 2265/3313/3902
f 2288/3315/3903 2091/3531/2938 2524/3316/3525
f 2310/3318/3334 1958/3191/3214 2288/3315/3331
f 2032/3139/2779 2359/2722/2767 2391/3319/3335
f 2391/3321/435 2092/4008/435 2379/3322/435
f 1919/3323/2779 2365/3136/3161 2395/3324/3337
f 2395/3326/435 2093/4009/435 2194/2862/435
f 2446/3328/3904 2058/3218/3904 2435/3329/3904
f 2226/3331/3342 2407/3433/3905 1990/3332/3343
f 2002/3333/3344 2324/3647/3657 2280/3334/3295
f 2096/3335/3345 2455/3028/3056 2130/3030/3346
f 2097/2991/3020 2149/3617/3661 2331/3336/3348
f 2387/3337/435 1995/4010/435 2347/3000/435
f 2369/2736/2780 1983/4011/2900 1939/3338/2901
f 2355/2955/435 1939/4012/435 2377/3300/435
f 2368/2739/2782 1982/4013/3306 1941/3339/3349
f 2354/2956/435 1941/4014/435 2376/3303/435
f 2271/2821/2864 2291/2820/2863 2041/2979/3190
f 1934/2835/2877 2113/2837/2879 2348/3341/3351
f 2406/3344/3353 2225/2714/2759 2380/3345/3106
f 2029/3347/3355 2380/3078/3106 2103/3348/3356
f 2233/2774/3357 2104/3643/3693 2222/3349/3358
f 2233/2774/3906 1969/3115/3140 2334/3117/3141
f 2001/3351/3363 2307/2793/2836 2516/3352/3364
f 2275/3248/3271 2404/3247/2826 2107/3354/3591
f 2108/2805/2848 2290/3696/3735 1991/3066/3368
f 2119/2884/3370 2416/2883/3736 2467/3356/3371
f 2247/2951/3373 2458/3122/2853 2109/3358/2852
f 1997/3360/3375 2109/2810/2852 2519/3361/3376
f 2035/3363/3378 2490/3148/3173 1944/3150/3379
f 2536/2929/3380 2212/3029/3057 2110/3031/3059
f 2497/3364/3381 2050/3317/3333 2524/3316/3332
f 1933/3366/3383 2102/4015/2786 2374/3342/3352
f 2348/3367/3384 2113/2720/2765 1931/2708/2753
f 2259/3227/3386 2116/3591/3907 2413/3370/3387
f 2059/3371/3388 1967/3221/3723 2431/3050/3079
f 2353/2860/435 2194/2862/435 1970/3373/435
f 2131/2757/3392 1947/4016/3908 2118/3375/3393
f 2307/3357/3372 2001/3588/3909 2255/3295/3318
f 2044/3377/3646 2400/3967/3645 2120/2789/2832
f 2302/3379/3397 2400/3382/3399 1996/3380/2825
f 2401/3140/3398 2161/4017/2833 2400/3382/3399
f 2039/3383/3294 2265/3467/3497 2412/3384/3400
f 2197/3036/3910 2326/3651/3700 2332/3386/3402
f 2124/3387/3403 2336/2847/2889 2007/2849/2891
f 2089/3093/3405 2500/3309/3911 1968/3308/3405
f 2516/3352/3407 2125/2792/2835 2328/3388/3408
f 2471/3390/3912 2301/3353/3912 2516/3352/3912
f 2286/3391/3411 2059/3371/3665 2126/2967/3412
f 2252/3392/3913 2023/3507/3914 2127/3114/3138
f 2052/3397/3915 2459/3558/3600 2003/3197/3601
f 2422/2773/2816 2003/3197/3601 2224/3398/3419
f 2256/3006/3420 1942/3400/3675 2453/3399/3421
f 2129/3071/2856 2453/3399/3421 1942/3400/3422
f 2341/2772/2815 2260/3592/3174 2110/3401/3059
f 1936/2729/2773 2370/3962/3842 1947/3402/3424
f 2474/3403/3916 2278/3024/3561 2174/3404/2845
f 2132/2888/3428 2330/3220/3703 2470/3406/3429
f 2544/3407/3204 2278/3024/3052 2133/3026/3054
f 2381/3409/3431 2264/4018/3641 2373/3195/3217
f 2229/3056/3085 2430/3058/3087 2049/3410/3432
f 1949/3415/3917 1978/4019/3917 2187/2763/3917
f 2037/3417/435 2394/3674/435 2138/3106/435
f 2538/3418/3065 2358/4020/3067 2024/3419/3856
f 1999/3420/3440 2311/2872/2910 2003/3197/3219
f 2140/3421/3918 1999/3159/3183 1951/3013/3042
f 2305/3422/3467 1956/2974/3004 2141/2972/3002
f 2120/3424/3442 2284/2786/3663 2450/2788/3443
f 2181/2769/3444 1950/3102/2962 2142/3425/2964
f 2421/3427/3446 2137/2961/2990 2328/3428/3447
f 2174/3429/3426 1987/4021/3919 2144/3430/3448
f 1960/3432/3449 2144/3264/3920 2357/2797/3450
f 2407/3433/3905 2226/3331/3342 2540/2911/3921
f 2399/2691/2736 2427/3599/3740 1922/3434/3453
f 2147/2857/3454 2384/4022/3922 2018/3436/3455
f 2089/3093/3457 2018/4023/3923 2384/3307/3458
f 2012/3437/3460 2432/3120/3143 2025/3121/3145
f 2245/2717/3107 1920/3242/3924 2331/3438/3462
f 2193/3439/3463 2473/2715/2760 2406/3344/3353
f 2151/3441/3465 1989/3355/3367 2107/3354/3366
f 2364/3442/3893 1989/4024/3367 2151/2975/3465
f 2547/3099/3125 1943/4025/3469 2499/2877/3468
f 2373/3195/3217 2134/3041/3071 1943/3443/3469
f 2371/3444/3470 2013/2712/2757 2282/2711/2756
f 2153/3445/3103 2282/2711/2756 1928/3287/3471
f 2154/3447/3472 2426/2887/2950 2179/3448/2951
f 2154/3447/3473 2447/3449/3887 1957/3276/3299
f 2155/3450/3474 2532/4026/3652 1990/3451/3341
f 2155/3450/3925 2095/2977/3189 2339/2982/3570
f 2485/2900/2936 2091/2902/2938 2156/3190/3478
f 2507/3454/3480 2266/3001/3028 2253/3003/3030
f 2157/3456/3172 2327/3008/3515 2150/3362/3482
f 1944/3457/3175 2327/3008/3515 2157/3456/3172
f 2546/3459/3484 2512/3460/3487 2072/2779/3485
f 2486/2995/3024 2269/4027/3284 2072/2779/2822
f 2004/3461/3488 2159/3175/3687 2215/3177/3489
f 2004/3462/3488 2251/3213/3233 2545/3463/3491
f 2266/3001/3028 2066/3598/3642 2401/3140/3398
f 2276/2704/2749 1921/3607/3926 2162/3464/3492
f 2015/3465/3927 2469/2702/2747 2162/3464/3492
f 2164/3468/3498 1923/3470/3499 2325/3469/3338
f 2076/3471/3500 2165/3277/3862 1957/3276/3501
f 2489/2908/2946 2165/4028/3862 2076/2917/3500
f 2470/3472/3429 2053/4029/3223 2306/3473/3928
f 2166/3475/3503 2279/2989/3018 1992/3476/3504
f 2476/3068/3369 2167/3478/3506 2011/2984/3013
f 2070/3477/3505 2011/2984/3013 2167/3478/3506
f 2460/3479/3760 2168/3722/3759 2297/3480/3509
f 2297/3480/3509 2168/3722/3759 2537/2855/2896
f 2472/2948/2980 2169/2949/2981 2409/3125/3151
f 2277/3053/3082 1976/3608/3514 2510/3482/3513
f 2218/2785/3929 2480/3381/3274 2510/3483/3930
f 2142/2926/2964 2171/2925/2963 1979/3101/3517
f 2362/3091/3120 2077/3281/3305 2172/3042/2850
f 2438/2834/3931 2052/4030/3417 2175/3487/3417
f 2124/3488/3521 2176/3365/3932 1977/3092/3521
f 2111/3489/3523 1977/3092/3933 2176/3365/3524
f 1972/3490/3676 2304/3596/3096 2264/2874/3934
f 1972/3491/3526 2292/4031/2914 2177/3070/2798
f 2178/2716/2761 2221/3089/3118 2146/3492/3530
f 2498/3494/3154 2225/2714/2759 2178/2716/2761
f 2008/3055/3532 2179/3173/2951 2426/2912/2950
f 2180/3495/3124 2506/4032/2851 2160/2751/2794
f 2182/3210/2892 2545/3463/3491 2055/3212/3232
f 2103/3501/3356 2462/3620/3666 1930/3236/3262
f 2060/2896/3246 2316/3225/3248 1988/3486/3519
f 2366/3502/3538 2075/2731/2775 2185/2756/2799
f 2299/3350/3362 2105/2852/2894 2188/2996/3025
f 2189/2690/2735 2219/2692/2737 2408/3082/3111
f 2189/2690/2735 2509/3504/3540 1926/3505/3541
f 2541/3011/3040 2043/4033/3196 2190/3243/3000
f 2531/3246/3542 2191/3226/3249 1955/3228/3251
f 2192/3506/3544 2127/3114/3138 2023/3507/3914
f 2463/3081/3110 2079/3284/3308 1929/3283/3307
f 2499/2877/3546 1943/4025/3935 2134/3508/3547
f 2496/3509/3936 2483/4034/3936 2301/3510/3936
f 2511/3512/3937 2326/3651/3700 2197/3036/3910
f 2042/3513/3553 2010/4035/3192 2198/3514/3554
f 2261/3146/3171 2529/3179/3203 2199/3515/3555
f 1960/3431/3938 2083/4036/3938 2496/4037/3938
f 2311/3516/2910 2140/3421/3679 2340/3014/3556
f 1965/3518/3558 2056/4038/3939 2200/2830/3237
f 2420/3188/3560 2465/3187/3778 2544/3180/3204
f 2278/3520/3940 1975/3724/3941 2202/2803/3942
f 2371/3444/3102 2325/4039/3338 2203/2713/3104
f 2504/3521/3943 1987/3524/3943 2174/3522/3943
f 2504/3521/3944 2204/3523/3945 2073/3262/3285
f 2205/3034/3565 2492/3143/3361 2034/3525/3566
f 1919/3323/2779 1948/3325/3336 2351/3528/3569
f 2339/2982/3570 1953/3659/3711 2464/3529/3227
f 2091/3531/2938 2288/3315/3903 1958/3191/3571
f 1958/3533/3214 2385/4040/3197 2541/3011/3040
f 2223/2890/3575 2209/3537/3574 2041/3536/3009
f 1971/3198/3330 2211/3971/3293 2451/2868/2905
f 2039/3539/3291 2211/3971/3293 1971/3198/3330
f 2456/3394/3580 2324/3396/3946 2536/3541/3580
f 2135/3543/2939 2333/2963/3209 2398/2965/3582
f 2496/3509/3741 2433/3704/3743 1960/4041/3947
f 2434/3545/3584 1921/4042/3651 2214/3126/3152
f 2239/3546/3585 2214/3606/3152 2276/2704/2749
f 2535/2818/3852 2215/3177/3489 2045/3340/3948
f 2512/3548/3949 2546/3747/3484 2215/3177/3950
f 2216/3018/3047 2455/3028/3056 2096/3335/3345
f 2419/3163/3187 1929/4043/3307 2217/3288/2754
f 2424/2710/2755 2040/3161/3185 2217/3288/3590
f 2107/3549/3591 2404/2783/2826 2218/2785/2828
f 2218/2785/2828 1976/3484/3514 2429/3551/3272
f 2011/3552/3013 2070/3256/3505 2220/2879/2917
f 2517/3098/2793 2220/2879/3126 2070/3256/3592
f 1922/3087/3453 2146/4044/3530 2221/3162/3118
f 2243/3553/3595 1969/3115/3951 2222/3349/3952
f 2459/3559/3757 2128/3538/3579 2451/2868/3953
f 2103/3560/3356 2380/3345/3106 2225/2714/2759
f 1973/2891/3954 2300/3972/3860 2227/2885/3860
f 2123/2838/3390 2397/3372/3389 1967/3562/3245
f 2069/3563/3955 2320/3738/3955 2229/3056/3955
f 2439/2976/3608 2273/2915/2953 2230/2914/2952
f 2141/2972/3002 1956/2974/3004 2230/2914/2952
f 1961/3251/3611 2232/3699/2944 2112/3565/2943
f 2166/3566/3503 2537/4045/2896 2322/3567/2897
f 1954/3569/3027 2234/3234/3956 2063/3145/3613
f 2336/3570/2889 2124/3488/3957 2235/3094/3615
f 2245/2717/2762 2029/3347/3958 2183/3131/3618
f 2543/3574/3312 2081/2684/2729 2239/3575/3619
f 2240/2845/3038 2007/2849/2891 2361/3047/3620
f 2415/3577/3959 2012/4046/3959 2148/3578/3959
f 2012/2828/3960 2415/4047/3621 2241/3072/3623
f 2139/2848/3961 1969/3115/3951 2538/3418/3065
f 2065/2706/2751 2436/3152/3265 1920/3242/3021
f 2246/3084/3113 1926/3505/3541 2509/3504/3540
f 1997/3359/3374 2542/2816/2859 2252/2952/3139
f 2064/3130/3626 2501/4048/3495 2162/3580/3494
f 2249/3111/3628 1988/3167/3193 2173/3581/3629
f 2379/3322/435 1940/4049/435 2250/2932/435
f 2267/3203/3962 2251/3213/3233 2004/3462/3488
f 1974/3453/3634 2253/4050/3963 2184/3586/3635
f 2520/3587/2927 2054/3206/3228 2254/2990/3019
f 1960/3542/3449 2255/3295/3318 2001/3588/3909
f 1965/3590/3637 2428/4051/3964 2112/3073/3100
f 2116/3591/3638 2259/3227/3250 2061/3230/3254
f 2327/3008/3515 1944/3457/3175 2260/3592/3174
f 2262/2762/2805 2000/2764/2807 2295/3593/3051
f 2020/2869/3062 2181/2769/3444 2478/3426/3445
f 2006/3595/3965 2264/2874/3965 2304/3596/3965
f 2016/3129/3155 2146/3700/3966 2427/3599/3643
f 2072/2779/2822 2269/4027/3284 2322/2856/2897
f 1942/3600/3644 2303/3498/3535 2019/3497/3534
f 2454/3054/3847 2272/2780/2823 2044/3601/3646
f 2272/2780/2823 1996/2782/2825 2400/3602/3645
f 1989/3355/3367 2364/3992/3893 2067/3244/3267
f 2474/3603/3648 1960/4041/3967 2433/3604/3649
f 2532/3052/3652 2155/4052/3474 1976/3608/3653
f 2306/3473/3655 2053/4029/3223 2279/3609/3018
f 2534/3611/3776 2074/3267/3292 2280/3270/3295
f 2347/3613/3658 1995/4053/3313 2281/3614/3315
f 2461/3618/3662 2022/3109/3968 2284/2786/3663
f 2387/3619/3664 2098/2727/2771 2285/2726/2770
f 1930/3236/3262 2462/3620/3666 2287/3257/3281
f 2079/3284/3308 2463/3081/3969 2283/2698/2743
f 2467/2794/2837 2290/3696/3735 2108/2805/2848
f 2468/2920/2959 2293/2922/2961 2089/3311/3122
f 2005/3623/3667 2487/3980/3596 2222/3038/3068
f 2197/3036/3066 2487/3980/3596 2005/3623/3667
f 2452/2901/2937 2184/3586/3635 2448/3624/3669
f 1992/3476/3510 2444/2988/3017 2291/3626/3670
f 2338/3169/3195 1998/3413/3710 2136/3172/3672
f 1964/3627/3224 2330/3652/3703 2300/3628/3970
f 2480/3381/3274 2218/2785/3929 2121/2784/2827
f 1972/3491/3527 2167/3478/3529 2476/3068/3971
f 2022/3109/3968 2461/3618/3662 2308/2968/2998
f 1977/3622/3678 2111/3984/3523 2309/3156/3180
f 2425/3632/3972 2106/3556/3972 1959/3633/3972
f 2057/3215/3239 2312/2771/3973 2263/3635/3683
f 2078/2943/2975 2350/3637/3685 2313/2693/2738
f 2441/3640/3230 1952/3639/3686 2315/3526/3567
f 2026/2753/3149 2409/3125/3151 2169/2949/2981
f 2186/2962/3599 2106/4054/3598 2301/3641/3974
f 2542/2816/2859 1997/3359/3375 2150/3642/3377
f 2104/3645/3975 2322/4055/3975 2269/3040/3975
f 2323/2981/3477 2429/3249/3976 1976/3646/3696
f 2212/3029/3057 2536/2929/3380 2324/3647/3657
f 1923/3648/3697 2408/3082/3111 2094/3077/3698
f 2326/3649/3977 2511/3235/3977 2063/3145/3977
f 1994/3650/3702 2123/2838/2880 2332/3386/3402
f 1964/3627/3224 2053/4029/3223 2470/3472/3429
f 2149/3440/3464 2406/3344/3353 2014/3346/3354
f 1925/3655/3706 2344/3654/3705 2335/2733/2777
f 2384/3307/3324 2147/4056/2898 2336/3570/2889
f 2359/3656/3707 2032/3138/3162 2337/2696/2741
f 2343/3658/3709 2088/3657/3708 2337/2696/2741
f 2375/3168/3721 2043/3170/3196 1998/3413/3435
f 2163/3660/3712 2200/4057/3978 2056/3517/3713
f 2520/2892/2927 2115/3561/3604 2352/2895/2931
f 2137/3666/3717 2421/3414/3979 2357/2797/3718
f 2139/2848/2890 2396/3045/3625 2361/3047/3620
f 2133/3026/3054 2437/3706/2842 2363/2826/2868
f 2495/3667/2942 2047/3408/3430 2363/2826/2868
f 2494/2985/3014 2051/2882/3900 2372/2806/3720
f 2397/3676/3722 2117/3983/2882 2431/3155/3079
f 2398/3678/3724 2425/3632/3680 2186/3634/3682
f 2523/3680/3980 2526/4058/3980 2398/3681/3980
f 2066/3683/3642 2440/2899/2935 2161/2790/2833
f 2114/2894/2930 2165/3277/3862 2489/3685/2946
f 2413/3687/3730 2033/3142/3165 2403/3141/3164
f 2405/3113/3137 2472/2948/3864 1963/3393/2982
f 2407/3689/3981 2145/4059/3981 2446/3328/3981
f 2412/3690/3400 1951/3013/3042 2122/3160/3184
f 2423/2865/3496 2163/2831/3871 1951/3694/3042
f 2176/3365/3731 2124/3488/3982 2414/3695/3732
f 2290/3696/3735 2467/2794/3371 2416/3697/3736
f 2473/2715/2760 2193/3439/3463 1929/3698/3737
f 2475/2867/2904 2009/2829/3895 2163/2831/3738
f 2196/3025/3053 2442/4060/3983 2437/3706/2842
f 2502/3711/2954 2048/3710/3886 2439/2976/3748
f 2008/3055/3751 2540/2911/3921 2226/3331/3342
f 2510/3482/3894 2170/2781/2824 2008/3055/3084
f 2456/3719/3984 2023/2815/3984 2321/3104/3984
f 2061/2973/3003 2141/2972/3002 2450/2788/3443
f 2091/2902/2938 2452/2901/2937 2038/3157/3182
f 2529/3179/3203 2046/3004/3031 2453/3399/3421
f 2506/2809/2851 2180/4061/3124 2457/3720/3032
f 2457/3720/3032 2157/3456/3172 2519/3361/3483
f 2160/2751/2794 2506/4032/2851 2458/3122/2853
f 2135/2903/3761 2202/2803/3985 1975/3724/3762
f 2505/3049/3078 2466/2842/2995 2126/2967/2997
f 2334/2851/2893 2481/2858/3986 2188/2996/3025
f 2496/3509/3987 2083/4062/3987 2001/3730/3987
f 2158/3733/3589 2201/2993/3988 2486/2995/3486
f 2493/2927/2965 2110/3031/3059 2490/3148/3173
f 1954/3569/3027 2508/3144/3614 2034/3259/3566
f 2514/3737/3769 2148/4063/3989 2320/3738/3770
f 2515/3739/2918 2077/3571/3616 2236/3573/3617
f 2018/3741/3327 2234/4064/3026 2522/3742/3868
f 2533/3158/3181 2111/3984/3523 2524/3744/3525
f 2173/3581/3629 2316/4065/3990 2530/3108/3775
f 2538/3418/3065 1969/3115/3951 2243/3553/3595
f 2278/3520/3777 2544/3180/3204 2465/3187/3778
f 2045/3340/3350 2215/3177/3950 2546/3747/3484
f 2643/4066/3991 2644/4067/3992 2641/4068/3993
f 2663/4069/3994 2642/4070/3995 2641/4071/3993
f 2649/4072/3996 2650/4073/3997 2647/4074/3998
f 2655/4075/3999 2656/4076/4000 2653/4077/4001
f 2661/4078/4002 2662/4079/4003 2659/4080/4004
f 2644/4067/3992 2646/4081/4005 2645/4082/4006
f 2642/4083/3995 2643/4066/3991 2641/4068/3993
f 2645/4082/4007 2648/4084/4008 2647/4085/3998
f 2650/4073/3997 2652/4086/4009 2651/4087/4010
f 2648/4088/4008 2649/4072/3996 2647/4074/3998
f 2651/4087/4011 2654/4089/4012 2653/4090/4001
f 2656/4076/4000 2658/4091/4013 2657/4092/4014
f 2654/4093/4012 2655/4075/3999 2653/4077/4001
f 2657/4092/4015 2660/4094/4016 2659/4095/4004
f 2660/4096/4016 2661/4078/4002 2659/4080/4004
f 2662/4079/4003 2640/4097/4017 2663/4069/4018
f 2771/4098/4019 2958/4099/4020 2960/4100/4021
f 2830/4101/4022 2806/4102/4023 2864/4103/4024
f 2953/4104/4025 2937/4105/4026 2856/4106/4027
f 3038/4107/4028 2987/4108/4029 2760/4109/4030
f 2795/4110/4031 2796/4111/4032 2769/4112/4033
f 3019/4113/4034 2845/4114/4035 2795/4110/4031
f 2859/4115/4036 2782/4116/4037 2879/4117/4038
f 2821/4118/4039 2871/4119/4040 3029/4120/4041
f 2866/4121/4042 2848/4122/4043 2822/4123/4044
f 3021/4124/4045 2899/4125/4046 3043/4126/4047
f 2970/4127/4048 2926/4128/4049 3068/4129/4050
f 3054/4130/4051 2841/4131/4052 2858/4132/4053
f 2719/4133/4054 3001/4134/4055 3053/4135/4056
f 2923/4136/4057 3064/4137/4058 2763/4138/4059
f 2872/4139/4060 2802/4140/4061 2994/4141/4062
f 2951/4142/4063 2966/4143/4064 2812/4144/4065
f 2933/4145/4066 2880/4146/4067 2905/4147/4068
f 2836/4148/4069 2935/4149/4070 2924/4150/4071
f 2923/4136/4057 3005/4151/4072 2892/4152/4073
f 2705/4153/4074 3042/4154/4075 2742/4155/4076
f 2950/4156/4077 2965/4157/4078 2811/4158/4079
f 2783/4159/4080 2877/4160/4081 2818/4161/4082
f 2860/4162/4083 2868/4163/4084 2823/4164/4085
f 2890/4165/4086 2733/4166/4087 2977/4167/4088
f 2919/4168/4089 3059/4169/4090 2987/4108/4029
f 2881/4170/4091 2938/4171/4092 2913/4172/4093
f 2968/4173/4094 2948/4174/4095 2944/4175/4096
f 2993/4176/4097 2801/4177/4098 2914/4178/4099
f 3045/4179/4100 3025/4180/4101 2799/4181/4102
f 3044/4182/4103 2843/4183/4104 3025/4180/4101
f 3036/4184/4105 2853/4185/4106 3030/4186/4107
f 2742/4155/4076 2841/4131/4052 2705/4153/4074
f 2787/4187/4108 2999/4188/4109 3077/4189/4110
f 2879/4190/4038 2863/4191/4111 2859/4192/4036
f 3057/4193/4112 2862/4194/4113 3062/4195/4114
f 2710/4196/4115 3078/4197/4116 3035/4198/4117
f 2749/4199/4118 3053/4135/4056 3001/4134/4055
f 3039/4200/4119 2667/4201/4120 2777/4202/4121
f 2917/4203/4122 2973/4204/4123 2927/4205/4124
f 2883/4206/4125 2819/4207/4126 3033/4208/4127
f 2948/4174/4095 2968/4173/4094 2814/4209/4128
f 2875/4210/4129 2757/4211/4130 2863/4191/4111
f 2922/4212/4131 2978/4213/4132 2943/4214/4133
f 2989/4215/4134 2816/4216/4135 2930/4217/4136
f 2916/4218/4137 3036/4184/4105 3042/4154/4075
f 3025/4180/4101 3045/4179/4100 3046/4219/4138
f 2843/4183/4104 2696/4220/4139 2892/4152/4073
f 3030/4186/4107 2981/4221/4140 2894/4222/4141
f 2705/4153/4074 3060/4223/4142 3042/4154/4075
f 2799/4181/4102 2739/4224/4143 3045/4179/4100
f 2845/4114/4035 3019/4113/4034 3032/4225/4144
f 2856/4106/4027 2686/4226/4145 2848/4122/4043
f 2822/4123/4044 2713/4227/4146 2866/4121/4042
f 2825/4228/4147 2697/4229/4148 2868/4163/4084
f 2924/4150/4071 2963/4230/4149 2836/4148/4069
f 2842/4231/4150 2792/4232/4151 2900/4233/4152
f 2777/4202/4121 2861/4234/4153 2789/4235/4154
f 2737/4236/4155 2720/4237/4156 3037/4238/4157
f 2864/4103/4024 2707/4239/4158 2833/4240/4159
f 2888/4241/4160 2724/4242/4161 2835/4243/4162
f 2834/4244/4163 2818/4161/4082 2877/4160/4081
f 2965/4157/4078 2694/4245/4164 2882/4246/4165
f 2839/4247/4166 2740/4248/4167 2994/4141/4062
f 2851/4249/4168 2722/4250/4169 2826/4251/4170
f 2885/4252/4171 2696/4220/4139 2874/4253/4172
f 2858/4132/4053 2723/4254/4173 2918/4255/4174
f 2973/4204/4123 2917/4203/4122 2889/4256/4175
f 2967/4257/4176 2813/4258/4177 2733/4166/4087
f 2752/4259/4178 3030/4186/4107 2853/4185/4106
f 2739/4260/4179 2799/4261/4180 2853/4262/4181
f 2858/4132/4053 3079/4263/4182 2723/4254/4173
f 2763/4264/4183 3064/4265/4184 3027/4266/4185
f 2682/4267/4186 2904/4268/4187 2718/4269/4188
f 3057/4270/4112 3002/4261/4189 2791/4271/4190
f 2902/4272/4191 2808/4273/4192 3016/4274/4193
f 2887/4275/4194 2869/4276/4195 2934/4277/4196
f 2898/4278/4197 2901/4279/4198 2936/4280/4199
f 2869/4276/4195 2898/4278/4197 2911/4281/4200
f 2780/4282/4201 2815/4283/4202 2787/4187/4108
f 2787/4187/4108 2997/4284/4203 3000/4285/4204
f 3067/4286/4205 2810/4287/4206 2704/4288/4207
f 2972/4289/4208 3005/4151/4072 3045/4179/4100
f 2803/4290/4209 2705/4153/4074 2841/4131/4052
f 3060/4223/4142 2705/4153/4074 2803/4290/4209
f 2894/4222/4141 3008/4291/4210 3030/4186/4107
f 3044/4292/4211 2852/4293/4212 2706/4294/4213
f 2741/4295/4214 3006/4296/4215 2806/4102/4023
f 2857/4297/4216 2759/4298/4217 2691/4299/4218
f 2727/4300/4219 2893/4301/4220 2805/4302/4221
f 2805/4302/4222 2688/4303/4223 3060/4304/4224
f 3073/4305/4225 3015/4306/4226 2878/4307/4227
f 2709/4308/4228 2678/4309/4229 2888/4241/4160
f 2854/4310/4230 2692/4311/4231 3048/4312/4232
f 2789/4235/4154 2767/4313/4233 2991/4314/4234
f 2807/4315/4235 2919/4168/4089 2762/4316/4236
f 2871/4317/4040 2712/4318/4237 2907/4319/4238
f 2809/4320/4239 2962/4321/4240 2902/4272/4191
f 3029/4120/4041 2785/4322/4241 2821/4118/4039
f 2779/4323/4242 2969/4324/4243 2947/4325/4244
f 2827/4326/4245 2666/4327/4246 2849/4328/4247
f 3032/4225/4144 2932/4329/4248 2845/4114/4035
f 2771/4098/4019 2982/4330/4249 2958/4099/4020
f 2735/4331/4250 3010/4332/4251 2800/4333/4252
f 2664/4334/4253 3023/4335/4254 2840/4336/4255
f 2847/4337/4256 3058/4338/4257 2786/4339/4258
f 2874/4340/4259 2980/4341/4260 2918/4342/4261
f 2978/4213/4132 2922/4212/4131 3050/4343/4262
f 2938/4171/4092 2881/4170/4091 2850/4344/4263
f 2986/4345/4264 2837/4346/4265 2903/4347/4266
f 2946/4348/4267 2971/4349/4268 2817/4350/4269
f 2775/4351/4270 2920/4352/4271 3028/4353/4272
f 2953/4104/4025 2964/4354/4273 2995/4355/4274
f 2838/4356/4275 3011/4357/4276 2777/4358/4277
f 2768/4359/4278 3022/4360/4279 3021/4361/4280
f 3055/4362/4281 2784/4363/4282 2901/4279/4198
f 2908/4364/4283 2900/4233/4152 2928/4365/4284
f 2824/4366/4285 2851/4249/4168 2839/4247/4166
f 2966/4143/4064 2951/4142/4063 2941/4367/4286
f 2918/4342/4261 2723/4368/4287 3063/4369/4288
f 3061/4370/4289 2931/4371/4290 3007/4372/4291
f 2880/4146/4067 2933/4145/4066 2912/4373/4292
f 2876/4374/4293 2693/4375/4294 2832/4376/4295
f 2828/4377/4296 2706/4294/4213 2852/4293/4212
f 3024/4378/4297 2725/4379/4298 3004/4380/4299
f 2885/4252/4171 2874/4253/4172 2957/4381/4300
f 2885/4382/4301 2671/4383/4302 2998/4384/4303
f 3049/4385/4304 2909/4386/4305 2894/4387/4306
f 3025/4180/4101 2909/4388/4307 3049/4389/4308
f 2927/4205/4124 2949/4390/4309 2917/4203/4122
f 2940/4391/4310 2952/4392/4311 2967/4257/4176
f 3004/4380/4299 2829/4393/4312 3024/4378/4297
f 3046/4394/4313 2730/4395/4314 3036/4396/4315
f 2844/4397/4316 3036/4396/4315 2730/4395/4314
f 2865/4398/4317 2704/4288/4207 2675/4399/4318
f 2943/4214/4133 2945/4400/4319 2731/4401/4320
f 2816/4216/4135 2989/4215/4134 2945/4400/4319
f 2771/4098/4019 2960/4100/4021 2992/4402/4321
f 2868/4163/4084 2849/4328/4247 2825/4228/4147
f 3041/4403/4322 2677/4404/4323 2728/4405/4324
f 2912/4373/4292 2906/4406/4325 2880/4146/4067
f 3012/4407/4326 3017/4408/4327 2767/4409/4233
f 2710/4410/4115 3051/4411/4328 2970/4127/4048
f 2994/4141/4062 2802/4140/4061 2860/4162/4083
f 2860/4162/4083 2954/4412/4329 3072/4413/4330
f 2736/4414/4331 2778/4415/4332 3061/4370/4289
f 2785/4416/4333 2984/4417/4334 2914/4418/4335
f 2915/4419/4336 3043/4126/4047 2899/4125/4046
f 2910/4420/4337 2915/4421/4336 2737/4236/4155
f 2813/4258/4177 2967/4257/4176 2952/4392/4311
f 2942/4422/4338 2947/4325/4244 2969/4324/4243
f 3018/4423/4339 2972/4424/4340 2916/4425/4339
f 3018/4426/4341 3005/4151/4072 2972/4289/4208
f 2771/4098/4019 2988/4427/4342 2990/4428/4343
f 2740/4248/4167 2839/4247/4166 2851/4249/4168
f 3069/4429/4344 2997/4284/4203 2787/4187/4108
f 2877/4160/4081 2783/4159/4080 2741/4295/4214
f 2742/4155/4076 2858/4132/4053 2841/4131/4052
f 2699/4430/4345 3027/4266/4185 3064/4265/4184
f 2891/4431/4346 2812/4144/4065 2966/4143/4064
f 2968/4173/4094 2685/4432/4347 2884/4433/4348
f 3022/4434/4349 2930/4217/4136 2816/4216/4135
f 2995/4435/4274 2683/4436/4350 2744/4437/4351
f 2867/4438/4352 2745/4439/4353 2679/4440/4354
f 2971/4349/4268 2946/4348/4267 2939/4441/4355
f 2884/4433/4348 2814/4209/4128 2968/4173/4094
f 2801/4442/4098 2817/4350/4269 2971/4349/4268
f 2882/4246/4165 2811/4158/4079 2965/4157/4078
f 2966/4143/4064 2676/4443/4356 2891/4431/4346
f 2889/4256/4175 2684/4444/4357 2973/4204/4123
f 3033/4208/4127 2921/4445/4358 2883/4206/4125
f 3039/4446/4359 2777/4358/4277 3011/4357/4276
f 2897/4447/4360 2998/4384/4303 2671/4383/4302
f 2807/4315/4235 2999/4188/4109 2703/4448/4361
f 2863/4191/4111 2665/4449/4362 2875/4210/4129
f 2843/4183/4104 2751/4450/4363 3040/4451/4364
f 3040/4452/4365 2751/4453/4366 2755/4454/4367
f 2853/4455/4368 2799/4456/4368 2752/4457/4369
f 2894/4458/4306 2981/4459/4370 3049/4460/4304
f 2664/4334/4253 3033/4208/4127 2819/4207/4126
f 2965/4157/4078 2950/4156/4077 2855/4461/4371
f 2904/4268/4187 2959/4462/4372 2956/4463/4373
f 2754/4464/4374 2920/4352/4271 3066/4465/4375
f 3042/4154/4075 3060/4223/4142 2916/4218/4137
f 2916/4425/4376 3060/4466/4377 3018/4423/4376
f 2716/4467/4378 3040/4452/4365 2755/4454/4367
f 2858/4132/4053 2716/4468/4379 2755/4469/4380
f 2787/4187/4108 3000/4285/4204 3065/4470/4381
f 2693/4375/4294 2876/4374/4293 2864/4103/4024
f 2962/4321/4240 2809/4320/4239 2955/4471/4382
f 2996/4472/4383 2934/4277/4196 2859/4115/4036
f 3052/4473/4384 2758/4474/4385 2670/4475/4386
f 2733/4476/4387 2890/4477/4388 2798/4478/4388
f 2963/4230/4149 2924/4150/4071 2886/4479/4389
f 3006/4296/4215 2961/4480/4390 2806/4102/4023
f 2873/4481/4391 3034/4482/4392 2815/4283/4202
f 3015/4306/4226 3073/4305/4225 2910/4420/4337
f 2975/4483/4393 2728/4405/4324 2677/4404/4323
f 2728/4405/4324 2975/4483/4393 2940/4391/4310
f 3048/4312/4232 2711/4484/4394 2854/4310/4230
f 2907/4319/4238 2762/4316/4236 3003/4485/4395
f 2846/4486/4396 2763/4264/4183 2793/4487/4397
f 2763/4138/4059 2704/4488/4398 2923/4136/4057
f 2920/4352/4271 2775/4351/4270 2964/4489/4273
f 3032/4225/4144 2668/4490/4399 2932/4329/4248
f 2684/4491/4400 2889/4492/4401 2895/4493/4402
f 2935/4149/4070 2836/4148/4069 2906/4494/4325
f 2680/4495/4403 2766/4496/4404 2828/4377/4296
f 2766/4497/4405 3025/4180/4101 3046/4219/4138
f 3073/4305/4225 2878/4307/4227 2692/4311/4231
f 2925/4498/4406 2767/4313/4233 3017/4499/4327
f 2670/4475/4386 3050/4500/4407 3052/4473/4384
f 3021/4361/4280 2717/4501/4408 2768/4359/4278
f 3076/4502/4409 2990/4428/4343 2988/4427/4342
f 2826/4251/4170 2867/4438/4352 2851/4249/4168
f 2687/4503/4410 2729/4504/4411 2770/4505/4412
f 3030/4186/4107 3024/4506/4413 3036/4184/4105
f 2771/4098/4019 2992/4402/4321 2872/4139/4060
f 2771/4098/4019 3009/4507/4414 2988/4427/4342
f 3074/4508/4415 2960/4100/4021 2958/4099/4020
f 2849/4328/4247 2866/4121/4042 2827/4326/4245
f 2759/4298/4217 2857/4297/4216 2773/4509/4416
f 2773/4509/4416 2929/4510/4417 2895/4511/4418
f 2848/4122/4043 2689/4512/4419 2856/4106/4027
f 3071/4513/4420 2958/4099/4020 2982/4330/4249
f 2719/4514/4054 2983/4515/4421 2995/4435/4274
f 2775/4351/4270 3028/4353/4272 3002/4516/4189
f 3077/4189/4110 3069/4429/4344 2787/4187/4108
f 2877/4160/4081 2879/4190/4038 2702/4517/4422
f 2789/4235/4154 2991/4314/4234 3013/4518/4423
f 2777/4358/4277 2820/4519/4424 2838/4356/4275
f 3063/4369/4288 3007/4372/4291 2931/4371/4290
f 2861/4234/4153 2777/4202/4121 2667/4201/4120
f 3050/4343/4262 2670/4520/4425 2978/4213/4132
f 2969/4324/4243 2779/4323/4242 2670/4520/4425
f 3065/4470/4381 2780/4282/4201 2787/4187/4108
f 2724/4242/4161 2888/4241/4160 2876/4374/4293
f 2676/4521/4426 3056/4522/4427 2891/4523/4428
f 3047/4524/4429 2781/4525/4430 2887/4275/4194
f 2782/4116/4037 2702/4526/4422 2879/4117/4038
f 2911/4281/4200 2934/4277/4196 2869/4276/4195
f 2961/4527/4390 3070/4528/4431 2691/4299/4218
f 2928/4365/4284 2691/4299/4218 3070/4528/4431
f 2882/4529/4432 2694/4530/4433 2784/4531/4434
f 2842/4532/4435 2883/4533/4436 2792/4534/4437
f 2808/4535/4438 2902/4536/4439 2669/4537/4440
f 2971/4349/4268 2669/4538/4441 2801/4442/4098
f 2751/4453/4366 2786/4339/4258 3058/4338/4257
f 2751/4450/4363 2843/4183/4104 3044/4182/4103
f 3034/4482/4392 2787/4187/4108 2815/4283/4202
f 2787/4187/4108 2703/4448/4361 2999/4188/4109
f 3056/4522/4427 2676/4521/4426 2788/4539/4442
f 3055/4540/4443 2882/4529/4432 2784/4531/4434
f 3078/4197/4116 2710/4196/4115 3012/4541/4326
f 3012/4407/4326 2710/4410/4115 2831/4542/4444
f 2896/4543/4445 2791/4544/4190 2959/4462/4372
f 2896/4545/4446 2682/4546/4447 2736/4547/4331
f 2754/4464/4374 2791/4544/4190 3002/4516/4189
f 2791/4544/4190 2956/4463/4373 2959/4462/4372
f 2895/4493/4402 2929/4548/4448 2684/4491/4400
f 2883/4533/4436 2921/4549/4449 2792/4534/4437
f 2742/4550/4450 2793/4487/4397 2763/4264/4183
f 3067/4551/4451 2742/4155/4076 3042/4154/4075
f 2798/4478/4388 2794/4552/4452 2733/4476/4387
f 2794/4552/4452 2804/4553/4453 3041/4554/4454
f 2679/4440/4354 2795/4110/4031 2867/4438/4352
f 2903/4347/4266 2946/4555/4267 2986/4345/4264
f 2771/4098/4019 2990/4428/4343 2982/4330/4249
f 2796/4111/4032 2795/4110/4031 2845/4114/4035
f 2797/4556/4455 3068/4129/4050 2926/4128/4049
f 2797/4557/4456 2736/4547/4331 2682/4546/4447
f 2913/4172/4093 2905/4147/4068 2881/4170/4091
f 2798/4478/4388 2670/4475/4386 2758/4474/4385
f 3025/4180/4101 2672/4558/4457 3026/4559/4458
f 3026/4560/4459 2672/4561/4460 2752/4457/4369
f 2800/4333/4252 2839/4247/4166 2735/4331/4250
f 2974/4562/4461 2941/4367/4286 2950/4156/4077
f 2914/4418/4335 2801/4563/4462 2785/4416/4333
f 2801/4563/4462 2669/4537/4440 2902/4536/4439
f 2868/4163/4084 2860/4162/4083 2802/4140/4061
f 3075/4564/4463 2992/4402/4321 2960/4100/4021
f 2803/4290/4209 2805/4565/4464 3060/4223/4142
f 2841/4131/4052 2805/4565/4464 2803/4290/4209
f 2677/4566/4465 3041/4554/4454 2804/4553/4453
f 2804/4553/4453 2765/4567/4466 2677/4566/4465
f 2805/4302/4221 2708/4568/4467 2727/4300/4219
f 2708/4569/4468 2805/4565/4464 2841/4131/4052
f 2707/4239/4158 2864/4103/4024 2806/4102/4023
f 2806/4102/4023 3031/4570/4469 2707/4239/4158
f 2750/4571/4470 2807/4315/4235 2665/4449/4362
f 2762/4316/4236 2665/4449/4362 2807/4315/4235
f 3047/4572/4471 2685/4573/4472 2781/4574/4473
f 2884/4575/4474 2685/4573/4472 3047/4572/4471
f 2701/4576/4475 3016/4274/4193 2808/4273/4192
f 2996/4472/4383 2955/4471/4382 3016/4274/4193
f 2810/4577/4476 3067/4551/4451 3042/4154/4075
f 2810/4287/4206 2675/4399/4318 2704/4288/4207
f 2941/4367/4286 2974/4562/4461 2747/4578/4477
f 2676/4443/4356 2747/4578/4477 2974/4562/4461
f 2685/4432/4347 2743/4579/4478 2976/4580/4479
f 2944/4175/4096 2976/4580/4479 2743/4579/4478
f 2738/4581/4480 2977/4167/4088 2942/4582/4338
f 2977/4167/4088 2738/4581/4480 2890/4165/4086
f 2669/4538/4441 2746/4583/4481 2979/4584/4482
f 2939/4441/4355 2979/4584/4482 2746/4583/4481
f 3080/4585/4483 2678/4309/4229 2760/4109/4030
f 2678/4309/4229 3080/4585/4483 2780/4282/4201
f 3014/4586/4484 2744/4587/4351 3022/4434/4349
f 2744/4588/4351 3014/4589/4484 2937/4105/4026
f 2993/4176/4097 2986/4590/4264 2946/4591/4267
f 2914/4178/4099 2718/4269/4188 2993/4176/4097
f 2818/4592/4082 2834/4593/4163 2721/4594/4485
f 2928/4595/4284 2721/4594/4485 2908/4596/4283
f 2694/4597/4164 2753/4598/4486 2985/4599/4487
f 2855/4600/4371 2985/4599/4487 2753/4598/4486
f 2820/4519/4424 2720/4601/4488 3022/4434/4279
f 2991/4314/4234 3037/4238/4157 2720/4237/4156
f 2871/4119/4040 2821/4118/4039 2712/4602/4237
f 2955/4471/4382 2712/4603/4237 2962/4321/4240
f 2686/4226/4145 2822/4123/4044 2848/4122/4043
f 2945/4604/4319 2937/4105/4026 2816/4605/4135
f 2697/4606/4148 2823/4607/4085 2868/4608/4084
f 2949/4390/4309 2940/4391/4310 2975/4483/4393
f 2976/4580/4479 2944/4175/4096 2951/4142/4063
f 2851/4249/4168 2824/4366/4285 2722/4250/4169
f 2666/4327/4246 2825/4228/4147 2849/4328/4247
f 2952/4392/4311 2942/4582/4338 2977/4167/4088
f 2867/4438/4352 2826/4251/4170 2745/4439/4353
f 2979/4584/4482 2939/4441/4355 2948/4174/4095
f 2713/4227/4146 2827/4326/4245 2866/4121/4042
f 2947/4325/4244 2943/4214/4133 2978/4213/4132
f 2706/4609/4489 2828/4610/4490 3030/4186/4107
f 2725/4611/4298 2828/4377/4296 2766/4496/4404
f 2829/4393/4312 2729/4504/4411 2687/4503/4410
f 3046/4219/4138 2829/4612/4491 2766/4497/4405
f 2830/4101/4022 3000/4285/4204 2997/4284/4203
f 2806/4102/4023 2830/4101/4022 2741/4295/4214
f 2734/4613/4492 2925/4498/4406 2831/4614/4444
f 2831/4542/4444 2710/4410/4115 2734/4615/4492
f 2905/4147/4068 2913/4172/4093 2933/4145/4066
f 2876/4374/4293 2832/4376/4295 2724/4242/4161
f 2864/4103/4024 2833/4240/4159 2693/4375/4294
f 2906/4494/4325 2912/4616/4292 2935/4149/4070
f 2936/4280/4199 2911/4281/4200 2898/4278/4197
f 2702/4517/4422 2834/4244/4163 2877/4160/4081
f 2850/4344/4263 2915/4419/4336 2938/4171/4092
f 2888/4241/4160 2835/4243/4162 2709/4308/4228
f 2836/4148/4069 2765/4617/4493 2804/4618/4494
f 2765/4617/4493 2836/4148/4069 2963/4230/4149
f 2837/4346/4265 2986/4345/4264 2700/4619/4495
f 3066/4620/4375 2764/4621/4496 3019/4113/4034
f 2683/4436/4350 2995/4435/4274 2983/4515/4421
f 2683/4622/4497 2838/4356/4275 2820/4519/4424
f 2839/4247/4166 2695/4623/4498 2824/4366/4285
f 2839/4247/4166 2800/4333/4252 2695/4623/4498
f 2748/4624/4499 2840/4336/4255 3023/4335/4254
f 2840/4336/4255 2748/4624/4499 2684/4444/4357
f 3008/4291/4210 2708/4569/4468 2841/4131/4052
f 3054/4130/4051 3008/4291/4210 2841/4131/4052
f 2842/4532/4435 2784/4531/4434 2694/4530/4433
f 2900/4233/4152 2908/4364/4283 2842/4231/4150
f 2727/4625/4500 3025/4180/4101 2843/4183/4104
f 2892/4152/4073 2727/4625/4500 2843/4183/4104
f 2675/4399/4318 2844/4397/4316 2865/4398/4317
f 2844/4626/4501 3042/4154/4075 3036/4184/4105
f 2845/4114/4035 2714/4627/4502 2796/4111/4032
f 2714/4627/4502 2845/4114/4035 2932/4329/4248
f 2704/4488/4398 2763/4138/4059 2846/4628/4503
f 2704/4288/4207 2846/4486/4396 3067/4286/4205
f 2706/4294/4213 2847/4337/4256 3044/4292/4211
f 2847/4629/4504 2706/4609/4489 3054/4130/4051
f 2772/4630/4505 2774/4631/4506 2848/4122/4043
f 2689/4512/4419 2848/4122/4043 2774/4631/4506
f 2866/4121/4042 2849/4328/4247 2690/4632/4507
f 2732/4633/4508 2690/4632/4507 2849/4328/4247
f 3052/4634/4509 2850/4344/4263 2881/4170/4091
f 3043/4126/4047 2717/4635/4510 3021/4124/4045
f 2673/4636/4511 2851/4249/4168 2867/4438/4352
f 2851/4249/4168 2673/4636/4511 2740/4248/4167
f 3044/4182/4103 3025/4180/4101 2852/4637/4512
f 2852/4293/4212 2680/4495/4403 2828/4377/4296
f 2853/4262/4181 2698/4638/4513 2739/4260/4179
f 3036/4184/4105 2698/4639/4514 2853/4185/4106
f 3038/4107/4028 2854/4310/4230 2987/4108/4029
f 2854/4310/4230 3003/4485/4395 2762/4316/4236
f 3010/4332/4251 2735/4331/4250 2954/4412/4329
f 2985/4599/4487 2855/4600/4371 2664/4334/4253
f 2668/4490/4399 2856/4106/4027 2689/4512/4419
f 2856/4106/4027 2668/4490/4399 2953/4104/4025
f 2857/4297/4216 2900/4233/4152 2792/4232/4151
f 2929/4510/4417 2773/4509/4416 2857/4297/4216
f 2699/4640/4515 3020/4641/4516 3027/4642/4517
f 3020/4641/4516 2998/4643/4518 2897/4644/4519
f 2757/4211/4130 2859/4192/4036 2863/4191/4111
f 2859/4115/4036 2757/4645/4130 2996/4472/4383
f 2823/4607/4085 2715/4646/4520 2860/4647/4083
f 2954/4412/4329 2860/4162/4083 2715/4648/4520
f 2861/4234/4153 2667/4201/4120 2931/4649/4521
f 2778/4650/4522 3035/4198/4117 3078/4197/4116
f 2862/4194/4113 2723/4254/4173 3079/4263/4182
f 2862/4194/4113 2790/4651/4523 3007/4652/4524
f 2665/4449/4362 2863/4191/4111 2750/4571/4470
f 2776/4653/4525 2750/4571/4470 2863/4191/4111
f 2756/4654/4526 2864/4103/4024 2876/4374/4293
f 2864/4103/4024 2756/4654/4526 2830/4101/4022
f 2865/4655/4527 3045/4179/4100 2704/4488/4398
f 2730/4395/4314 2865/4398/4317 2844/4397/4316
f 2690/4632/4507 2772/4630/4505 2866/4121/4042
f 2848/4122/4043 2866/4121/4042 2772/4630/4505
f 2867/4438/4352 2769/4112/4033 2673/4636/4511
f 2769/4112/4033 2867/4438/4352 2795/4110/4031
f 2802/4140/4061 2732/4633/4508 2868/4163/4084
f 2849/4328/4247 2868/4163/4084 2732/4633/4508
f 2898/4278/4197 2869/4276/4195 3056/4656/4528
f 2869/4276/4195 2887/4275/4194 2781/4525/4430
f 2932/4329/4248 2870/4657/4529 2714/4627/4502
f 2774/4631/4506 2870/4657/4529 2689/4512/4419
f 3068/4129/4050 2797/4556/4455 2871/4119/4040
f 3003/4485/4395 2854/4310/4230 2711/4484/4394
f 2994/4141/4062 2740/4248/4167 2872/4139/4060
f 2872/4139/4060 3009/4507/4414 2771/4098/4019
f 2760/4109/4030 2873/4481/4391 3080/4585/4483
f 3059/4169/4090 2760/4109/4030 2987/4108/4029
f 2957/4381/4300 2874/4253/4172 2667/4201/4120
f 2667/4201/4120 3063/4658/4530 2931/4649/4531
f 2712/4603/4237 2955/4471/4382 2875/4659/4129
f 2875/4210/4129 2907/4319/4238 2712/4318/4237
f 2674/4660/4532 2876/4374/4293 2888/4241/4160
f 2876/4374/4293 2674/4660/4532 2756/4654/4526
f 2879/4190/4038 2877/4160/4081 2681/4661/4533
f 2741/4295/4214 2681/4661/4533 2877/4160/4081
f 3037/4238/4157 2878/4307/4227 2737/4236/4155
f 2767/4313/4233 2925/4498/4406 2878/4307/4227
f 2863/4191/4111 2879/4190/4038 2776/4653/4525
f 2681/4661/4533 2776/4653/4525 2879/4190/4038
f 2880/4146/4067 2794/4662/4534 2798/4663/4535
f 2794/4662/4534 2880/4146/4067 2906/4406/4325
f 2758/4664/4536 2881/4170/4091 2905/4147/4068
f 2881/4170/4091 2758/4664/4536 3052/4634/4509
f 2676/4521/4426 2882/4529/4432 3055/4540/4443
f 2974/4562/4461 2882/4246/4165 2676/4443/4356
f 2985/4599/4487 2883/4206/4125 2694/4597/4164
f 2694/4530/4433 2883/4533/4436 2842/4532/4435
f 2669/4537/4440 2884/4575/4474 2808/4535/4438
f 2979/4584/4482 2884/4433/4348 2669/4538/4441
f 2726/4665/4537 2885/4382/4301 2699/4430/4345
f 2726/4666/4538 2696/4220/4139 2885/4252/4171
f 3031/4570/4469 2806/4102/4023 2961/4480/4390
f 2773/4509/4416 2886/4479/4389 2759/4298/4217
f 2887/4275/4194 2701/4576/4475 2808/4273/4192
f 2934/4277/4196 2996/4472/4383 2887/4275/4194
f 2780/4282/4201 2888/4241/4160 2678/4309/4229
f 2888/4241/4160 2780/4282/4201 2674/4660/4532
f 2677/4566/4465 2765/4567/4466 2889/4492/4401
f 2677/4404/4323 2889/4256/4175 2761/4667/4539
f 2670/4475/4386 2798/4478/4388 2890/4477/4388
f 2670/4520/4425 2890/4668/4086 2969/4324/4243
f 2685/4573/4472 2891/4523/4428 2781/4574/4473
f 2976/4580/4479 2891/4431/4346 2685/4432/4347
f 2893/4669/4540 2727/4625/4500 2892/4152/4073
f 2688/4670/4541 2892/4152/4073 3005/4151/4072
f 2893/4301/4542 2688/4303/4223 2805/4302/4222
f 2688/4670/4541 2893/4669/4540 2892/4152/4073
f 2708/4569/4468 3008/4291/4210 2894/4222/4141
f 2708/4671/4543 2894/4387/4306 2909/4386/4305
f 2963/4230/4149 2895/4511/4418 2765/4617/4493
f 2765/4567/4466 2895/4493/4402 2889/4492/4401
f 2790/4651/4523 3061/4672/4544 3007/4652/4524
f 2896/4543/4445 3057/4673/4112 2791/4544/4190
f 2897/4447/4360 2671/4383/4302 2749/4674/4545
f 2897/4644/4519 3079/4263/4182 2858/4132/4053
f 2901/4279/4198 2898/4278/4197 2788/4675/4546
f 3056/4656/4528 2788/4675/4546 2898/4278/4197
f 2720/4237/4156 2737/4236/4155 2899/4676/4046
f 2899/4125/4046 2737/4677/4155 2915/4419/4336
f 2900/4233/4152 2857/4297/4216 2691/4299/4218
f 2691/4299/4218 2928/4365/4284 2900/4233/4152
f 2721/4594/4485 2936/4280/4199 2901/4279/4198
f 2901/4279/4198 2908/4596/4283 2721/4594/4485
f 2902/4536/4439 2785/4416/4333 2801/4563/4462
f 2785/4678/4241 2902/4272/4191 2962/4321/4240
f 2795/4110/4031 2679/4440/4354 2903/4347/4266
f 2795/4110/4031 2903/4347/4266 3019/4113/4034
f 2904/4679/4187 2700/4619/4495 2986/4345/4264
f 2700/4680/4495 2904/4268/4187 2956/4463/4373
f 2798/4663/4535 2905/4147/4068 2880/4146/4067
f 2905/4147/4068 2798/4663/4535 2758/4664/4536
f 2804/4618/4494 2906/4494/4325 2836/4148/4069
f 2906/4406/4325 2804/4681/4494 2794/4662/4534
f 2762/4316/4236 2907/4319/4238 2665/4449/4362
f 2907/4319/4238 2875/4210/4129 2665/4449/4362
f 2784/4682/4282 2842/4231/4150 2908/4364/4283
f 2908/4596/4283 2901/4279/4198 2784/4363/4282
f 3025/4180/4101 2727/4625/4500 2909/4388/4307
f 2909/4386/4305 2727/4683/4547 2708/4671/4543
f 2678/4309/4229 2709/4308/4228 2910/4420/4337
f 2678/4309/4229 2910/4420/4337 3073/4305/4225
f 2911/4281/4200 2936/4280/4199 2702/4526/4422
f 2702/4526/4422 2782/4116/4037 2911/4281/4200
f 2912/4684/4292 2832/4376/4295 2693/4375/4294
f 2693/4685/4294 2935/4149/4070 2912/4616/4292
f 2913/4686/4093 2835/4243/4162 2724/4242/4161
f 2724/4687/4161 2933/4145/4066 2913/4172/4093
f 2718/4269/4188 2914/4178/4099 2682/4267/4186
f 2914/4418/4335 2797/4557/4456 2682/4546/4447
f 2709/4308/4228 2938/4688/4092 2915/4421/4336
f 2915/4421/4336 2910/4420/4337 2709/4308/4228
f 3036/4184/4105 2916/4218/4137 2698/4639/4514
f 2698/4638/4548 2916/4425/4548 2972/4424/4548
f 2917/4203/4122 2761/4667/4539 2889/4256/4175
f 2761/4667/4539 2917/4203/4122 2949/4390/4309
f 2858/4132/4053 2918/4255/4174 2716/4468/4379
f 2716/4467/4378 2918/4342/4261 2980/4341/4260
f 3034/4482/4392 2873/4481/4391 2919/4168/4089
f 2703/4448/4361 2919/4168/4089 2807/4315/4235
f 2920/4689/4271 2964/4354/4273 2764/4621/4496
f 2764/4621/4496 3066/4620/4375 2920/4689/4271
f 2921/4549/4449 2684/4491/4400 2929/4548/4448
f 2684/4444/4357 2921/4445/4358 2840/4336/4255
f 2922/4212/4131 2731/4401/4320 2768/4690/4549
f 2731/4401/4320 2922/4212/4131 2943/4214/4133
f 2923/4136/4057 2892/4152/4073 2696/4220/4139
f 2696/4220/4139 2726/4666/4538 2923/4136/4057
f 2924/4150/4071 2833/4691/4159 2707/4692/4158
f 2707/4692/4158 2886/4479/4389 2924/4150/4071
f 2925/4498/4406 2692/4311/4231 2878/4307/4227
f 2925/4498/4406 3048/4312/4232 2692/4311/4231
f 2926/4693/4049 2736/4547/4550 2797/4557/4455
f 3035/4694/4117 3051/4411/4328 2710/4410/4115
f 2715/4646/4520 2823/4607/4085 2927/4205/4124
f 3023/4335/4254 2927/4205/4124 2748/4624/4499
f 2721/4594/4485 2928/4595/4284 2818/4592/4082
f 3070/4528/4431 2818/4695/4082 2928/4365/4284
f 2929/4548/4448 2792/4534/4437 2921/4549/4449
f 2857/4297/4216 2792/4232/4151 2929/4510/4417
f 2930/4217/4551 3022/4434/4279 2768/4690/4278
f 2930/4217/4136 2768/4690/4549 2989/4215/4134
f 2931/4649/4521 2778/4650/4522 2861/4234/4153
f 2931/4371/4290 3061/4370/4289 2778/4415/4332
f 2689/4512/4419 2870/4657/4529 2932/4329/4248
f 2689/4512/4419 2932/4329/4248 2668/4490/4399
f 2832/4696/4295 2912/4373/4292 2933/4145/4066
f 2933/4697/4066 2724/4242/4161 2832/4376/4295
f 2782/4116/4037 2859/4115/4036 2934/4277/4196
f 2934/4277/4196 2911/4281/4200 2782/4116/4037
f 2833/4691/4159 2924/4150/4071 2935/4149/4070
f 2935/4698/4070 2693/4375/4294 2833/4240/4159
f 2834/4593/4163 2702/4526/4422 2936/4280/4199
f 2936/4280/4199 2721/4594/4485 2834/4593/4163
f 2686/4226/4145 2856/4106/4027 2937/4105/4026
f 2937/4105/4026 2945/4604/4319 2686/4226/4145
f 2835/4699/4162 2913/4172/4093 2938/4171/4092
f 2938/4688/4092 2709/4308/4228 2835/4243/4162
f 2939/4700/4355 2679/4440/4354 2745/4439/4353
f 2745/4701/4353 2948/4174/4095 2939/4441/4355
f 2697/4606/4148 2825/4702/4147 2940/4391/4310
f 2940/4391/4310 2949/4390/4309 2697/4606/4148
f 2941/4367/4286 2824/4703/4285 2695/4704/4498
f 2695/4704/4498 2950/4156/4077 2941/4367/4286
f 2666/4327/4246 2827/4326/4245 2942/4705/4338
f 2942/4582/4338 2952/4392/4311 2666/4706/4246
f 2943/4707/4133 2947/4708/4244 2713/4227/4146
f 2713/4227/4146 2822/4123/4044 2943/4707/4133
f 2944/4175/4096 2826/4709/4170 2722/4710/4169
f 2722/4710/4169 2951/4142/4063 2944/4175/4096
f 2822/4123/4044 2686/4226/4145 2945/4604/4319
f 2945/4604/4319 2943/4707/4133 2822/4123/4044
f 2679/4440/4354 2939/4700/4355 2946/4555/4267
f 2946/4555/4267 2903/4347/4266 2679/4440/4354
f 2827/4326/4245 2713/4227/4146 2947/4708/4244
f 2947/4708/4244 2942/4705/4338 2827/4326/4245
f 2826/4709/4170 2944/4175/4096 2948/4174/4095
f 2948/4174/4095 2745/4701/4353 2826/4709/4170
f 2949/4390/4309 2927/4205/4124 2823/4607/4085
f 2823/4607/4085 2697/4606/4148 2949/4390/4309
f 2800/4333/4252 2855/4711/4371 2950/4712/4077
f 2950/4712/4077 2695/4623/4498 2800/4333/4252
f 2824/4703/4285 2941/4367/4286 2951/4142/4063
f 2951/4142/4063 2722/4710/4169 2824/4703/4285
f 2952/4392/4311 2940/4391/4310 2825/4702/4147
f 2825/4702/4147 2666/4706/4246 2952/4392/4311
f 2995/4435/4274 2744/4437/4351 2953/4713/4025
f 2937/4105/4026 2953/4104/4025 2744/4588/4351
f 2664/4334/4253 3010/4714/4251 2954/4715/4329
f 3023/4335/4254 2664/4334/4253 2954/4715/4329
f 2757/4211/4130 2875/4210/4129 2955/4716/4382
f 2955/4471/4382 2996/4472/4383 2757/4645/4130
f 2791/4544/4190 2754/4464/4374 2956/4463/4373
f 3066/4465/4375 2956/4463/4373 2754/4464/4374
f 2667/4201/4120 2671/4717/4552 2957/4381/4300
f 2671/4717/4553 2885/4252/4553 2957/4381/4553
f 2870/4657/4529 2774/4631/4506 2958/4099/4020
f 3074/4508/4415 2958/4099/4020 2774/4631/4506
f 2904/4268/4187 2682/4267/4186 2959/4462/4372
f 2959/4462/4372 2682/4267/4186 2896/4543/4445
f 3075/4564/4463 2960/4100/4021 2690/4632/4507
f 2772/4630/4505 2690/4632/4507 2960/4100/4021
f 2759/4298/4217 3031/4718/4469 2961/4527/4390
f 2961/4527/4390 2691/4299/4218 2759/4298/4217
f 2962/4719/4240 2821/4118/4039 2785/4322/4241
f 2821/4118/4039 2962/4719/4240 2712/4602/4237
f 2886/4479/4389 2773/4509/4416 2963/4230/4149
f 2895/4511/4418 2963/4230/4149 2773/4509/4416
f 2668/4490/4399 2764/4621/4496 2964/4354/4273
f 2964/4354/4273 2953/4104/4025 2668/4490/4399
f 2855/4461/4371 2753/4720/4486 2965/4157/4078
f 2694/4245/4164 2965/4157/4078 2753/4720/4486
f 2941/4367/4286 2747/4578/4477 2966/4143/4064
f 2676/4443/4356 2966/4143/4064 2747/4578/4477
f 2728/4405/4324 2967/4257/4176 3041/4403/4322
f 2967/4257/4176 2728/4405/4324 2940/4391/4310
f 2944/4175/4096 2743/4579/4478 2968/4173/4094
f 2685/4432/4347 2968/4173/4094 2743/4579/4478
f 2738/4721/4480 2969/4324/4243 2890/4668/4086
f 2969/4324/4243 2738/4721/4480 2942/4422/4338
f 2711/4484/4394 3048/4312/4232 2970/4722/4048
f 2970/4127/4048 2734/4615/4492 2710/4410/4115
f 2939/4441/4355 2746/4583/4481 2971/4349/4268
f 2669/4538/4441 2971/4349/4268 2746/4583/4481
f 3045/4179/4100 2739/4224/4143 2972/4289/4208
f 2972/4424/4548 2739/4260/4548 2698/4638/4548
f 2973/4204/4123 2748/4624/4499 2927/4205/4124
f 2748/4624/4499 2973/4204/4123 2684/4444/4357
f 2950/4156/4077 2811/4158/4079 2974/4562/4461
f 2882/4246/4165 2974/4562/4461 2811/4158/4079
f 2761/4667/4539 2975/4483/4393 2677/4404/4323
f 2975/4483/4393 2761/4667/4539 2949/4390/4309
f 2891/4431/4346 2976/4580/4479 2812/4144/4065
f 2951/4142/4063 2812/4144/4065 2976/4580/4479
f 2977/4167/4088 2813/4258/4177 2952/4392/4311
f 2813/4258/4177 2977/4167/4088 2733/4166/4087
f 2978/4213/4132 2779/4323/4242 2947/4325/4244
f 2779/4323/4242 2978/4213/4132 2670/4520/4425
f 2948/4174/4095 2814/4209/4128 2979/4584/4482
f 2884/4433/4348 2979/4584/4482 2814/4209/4128
f 3040/4452/4365 2716/4467/4378 2980/4341/4260
f 2696/4723/4139 2980/4341/4554 2874/4340/4555
f 2981/4221/4140 3030/4186/4107 2752/4259/4178
f 2981/4459/4370 2752/4457/4369 2672/4561/4460
f 3071/4513/4420 2982/4330/4249 2714/4627/4502
f 2796/4111/4032 2714/4627/4502 2982/4330/4249
f 3053/4724/4056 2983/4515/4421 2719/4514/4054
f 2838/4725/4556 2683/4726/4350 2983/4727/4421
f 2797/4557/4456 2914/4418/4335 2984/4417/4334
f 2797/4556/4455 3029/4120/4041 2871/4119/4040
f 2664/4334/4253 2819/4207/4126 2985/4599/4487
f 2883/4206/4125 2985/4599/4487 2819/4207/4126
f 2986/4590/4264 2718/4269/4188 2904/4268/4187
f 2986/4728/4264 2993/4729/4097 2718/4730/4188
f 2762/4316/4236 2987/4108/4029 2854/4310/4230
f 2987/4108/4029 2762/4316/4236 2919/4168/4089
f 2740/4248/4167 2673/4636/4511 2988/4427/4342
f 3076/4502/4409 2988/4427/4342 2673/4636/4511
f 2989/4215/4134 2731/4401/4320 2945/4400/4319
f 2731/4401/4320 2989/4215/4134 2768/4690/4549
f 2769/4112/4033 2796/4111/4032 2990/4428/4343
f 2982/4330/4249 2990/4428/4343 2796/4111/4032
f 2991/4314/4234 2820/4731/4557 3013/4518/4423
f 2820/4731/4557 2991/4314/4234 2720/4237/4558
f 2732/4633/4508 2802/4140/4061 2992/4402/4321
f 2872/4139/4060 2992/4402/4321 2802/4140/4061
f 2946/4591/4267 2817/4732/4269 2993/4176/4097
f 2801/4177/4098 2993/4176/4097 2817/4732/4269
f 2860/4162/4083 3072/4413/4330 2994/4141/4062
f 2994/4141/4062 2735/4331/4250 2839/4247/4166
f 2995/4435/4274 2775/4351/4270 2719/4514/4054
f 2775/4351/4270 2995/4435/4274 2964/4489/4273
f 3016/4274/4193 2701/4576/4475 2996/4472/4383
f 2701/4576/4475 2887/4275/4194 2996/4472/4383
f 2741/4295/4214 2997/4284/4203 3069/4429/4344
f 2997/4284/4203 2741/4295/4214 2830/4101/4022
f 2998/4384/4303 2699/4430/4345 2885/4382/4301
f 3020/4641/4516 2699/4640/4515 2998/4643/4518
f 2750/4571/4470 2999/4188/4109 2807/4315/4235
f 2999/4188/4109 2750/4571/4470 2776/4653/4525
f 2756/4654/4526 3000/4285/4204 2830/4101/4022
f 3000/4285/4204 2756/4654/4526 2674/4660/4532
f 2862/4194/4113 3001/4134/4055 3062/4195/4114
f 3001/4134/4055 2862/4194/4113 2749/4199/4118
f 3062/4733/4114 3002/4516/4189 3057/4673/4112
f 3002/4516/4189 2719/4514/4054 2775/4351/4270
f 2907/4319/4238 3003/4485/4395 2871/4317/4040
f 2711/4484/4394 2871/4317/4040 3003/4485/4395
f 2766/4734/4404 3004/4380/4299 2725/4379/4298
f 2766/4497/4405 2829/4612/4491 3004/4735/4559
f 3005/4151/4072 2704/4488/4398 3045/4179/4100
f 3005/4151/4072 2923/4136/4057 2704/4488/4398
f 2783/4159/4080 3006/4296/4215 2741/4295/4214
f 2783/4159/4080 2961/4480/4390 3006/4296/4215
f 2862/4194/4113 3007/4652/4524 2723/4254/4173
f 3063/4369/4288 2723/4368/4287 3007/4372/4291
f 3008/4291/4210 3054/4130/4051 2706/4609/4489
f 3008/4291/4210 2706/4609/4489 3030/4186/4107
f 2872/4139/4060 2740/4248/4167 3009/4507/4414
f 2988/4427/4342 3009/4507/4414 2740/4248/4167
f 3010/4714/4251 2664/4334/4253 2855/4600/4371
f 2855/4711/4371 2800/4333/4252 3010/4332/4251
f 3011/4357/4560 3053/4736/4560 2749/4674/4560
f 3011/4357/4276 2749/4674/4545 3039/4446/4359
f 3012/4541/4326 2789/4235/4154 2861/4234/4153
f 2767/4409/4233 2789/4737/4154 3012/4407/4326
f 3013/4518/4561 2820/4731/4561 2777/4202/4561
f 2789/4235/4154 3013/4518/4423 2777/4202/4121
f 3014/4589/4484 2816/4605/4135 2937/4105/4026
f 2816/4216/4135 3014/4586/4484 3022/4434/4349
f 2737/4236/4155 3015/4306/4226 2910/4420/4337
f 3015/4306/4226 2737/4236/4155 2878/4307/4227
f 3016/4274/4193 2809/4320/4239 2902/4272/4191
f 2809/4320/4239 3016/4274/4193 2955/4471/4382
f 2831/4614/4444 2925/4498/4406 3017/4499/4327
f 3017/4408/4327 3012/4407/4326 2831/4542/4444
f 2688/4670/4541 3005/4151/4072 3018/4426/4341
f 2688/4303/4223 3018/4738/4562 3060/4304/4224
f 2837/4346/4265 3019/4113/4034 2903/4347/4266
f 2700/4619/4495 3019/4113/4034 2837/4346/4265
f 2742/4155/4076 3020/4641/4516 2858/4132/4053
f 3020/4641/4516 2897/4644/4519 2858/4132/4053
f 2720/4739/4488 3021/4361/4280 3022/4360/4279
f 2899/4125/4046 3021/4124/4045 2720/4740/4156
f 3022/4434/4279 2683/4622/4497 2820/4519/4424
f 2683/4622/4350 3022/4434/4349 2744/4587/4351
f 2954/4715/4329 2715/4646/4520 3023/4335/4254
f 2927/4205/4124 3023/4335/4254 2715/4646/4520
f 2687/4741/608 3036/4184/4105 3024/4506/4413
f 2687/4503/4410 3024/4378/4297 2829/4393/4312
f 2680/4742/4563 2852/4637/4512 3025/4180/4101
f 3025/4180/4101 2766/4497/4405 2680/4742/4563
f 3026/4559/4458 2799/4181/4102 3025/4180/4101
f 2799/4456/4368 3026/4560/4459 2752/4457/4369
f 3027/4266/4185 2742/4550/4450 2763/4264/4183
f 3020/4641/4516 2742/4155/4076 3027/4642/4517
f 3028/4353/4272 2920/4352/4271 2754/4464/4374
f 3002/4516/4189 3028/4353/4272 2754/4464/4374
f 3029/4120/4041 2984/4743/4564 2785/4322/4241
f 2984/4743/4564 3029/4120/4041 2797/4556/4455
f 3030/4186/4107 2828/4610/4490 2725/4744/4565
f 3030/4186/4107 2725/4744/4566 3024/4506/4413
f 3031/4718/4469 2759/4298/4217 2886/4479/4389
f 2886/4479/4389 2707/4692/4158 3031/4718/4469
f 2764/4621/4496 3032/4225/4144 3019/4113/4034
f 2668/4490/4399 3032/4225/4144 2764/4621/4496
f 2840/4336/4255 3033/4208/4127 2664/4334/4253
f 3033/4208/4127 2840/4336/4255 2921/4445/4358
f 3034/4482/4392 2703/4448/4361 2787/4187/4108
f 2919/4168/4089 2703/4448/4361 3034/4482/4392
f 3035/4694/4117 2736/4745/4550 3051/4411/4328
f 3035/4198/4567 2778/4650/4567 2736/4746/4567
f 2770/4747/608 3036/4184/4105 2687/4741/608
f 3036/4748/4315 2770/4505/4412 3046/4749/4313
f 2878/4307/4227 3037/4238/4157 2767/4313/4233
f 3037/4238/4157 2991/4314/4234 2767/4313/4233
f 2854/4310/4230 3038/4107/4028 2692/4311/4231
f 2692/4311/4231 3038/4107/4028 3073/4305/4225
f 2667/4201/4120 3039/4200/4119 2671/4717/4552
f 2671/4383/4302 3039/4446/4359 2749/4674/4545
f 3040/4451/4364 2696/4220/4139 2843/4183/4104
f 2980/4750/4554 2696/4220/4139 3040/4451/4364
f 2733/4166/4087 3041/4403/4322 2967/4257/4176
f 3041/4554/4454 2733/4476/4387 2794/4552/4452
f 3042/4154/4075 2844/4626/4501 2675/4751/4568
f 3042/4154/4075 2675/4751/4568 2810/4577/4476
f 2717/4635/4510 3043/4126/4047 2850/4344/4263
f 2915/4419/4336 2850/4344/4263 3043/4126/4047
f 2786/4752/4569 2751/4450/4363 3044/4182/4103
f 2786/4339/4258 3044/4292/4211 2847/4337/4256
f 3045/4179/4100 2730/4753/4570 3046/4219/4138
f 3045/4754/4100 2865/4398/4527 2730/4395/4571
f 2729/4504/4411 3046/4749/4313 2770/4505/4412
f 2729/4755/435 2829/4612/4491 3046/4219/4138
f 2808/4273/4192 3047/4524/4429 2887/4275/4194
f 3047/4572/4471 2808/4535/4438 2884/4575/4474
f 2734/4613/4492 2970/4722/4048 3048/4312/4232
f 2925/4498/4406 2734/4613/4492 3048/4312/4232
f 2672/4561/4460 3049/4460/4304 2981/4459/4370
f 3025/4180/4101 3049/4389/4308 2672/4558/4457
f 3050/4500/4407 2768/4359/4278 2717/4501/4408
f 2768/4690/4549 3050/4343/4262 2922/4212/4131
f 2736/4547/4550 2926/4693/4049 3051/4756/4328
f 2926/4128/4049 2970/4127/4048 3051/4411/4328
f 2717/4501/4408 3052/4473/4384 3050/4500/4407
f 2850/4344/4263 3052/4634/4509 2717/4635/4510
f 3053/4757/4056 2838/4725/4556 2983/4727/4421
f 3053/4757/4056 3011/4758/4572 2838/4725/4556
f 2755/4469/4380 3054/4130/4051 2858/4132/4053
f 3054/4130/4051 3058/4759/4573 2847/4629/4504
f 2788/4675/4546 3055/4362/4281 2901/4279/4198
f 3055/4540/4443 2788/4539/4442 2676/4521/4426
f 2781/4525/4430 3056/4656/4528 2869/4276/4195
f 3056/4522/4427 2781/4574/4473 2891/4523/4428
f 3057/4193/4112 2896/4760/4445 2790/4651/4523
f 2790/4651/4523 2862/4194/4113 3057/4193/4112
f 3058/4338/4257 2755/4454/4367 2751/4453/4366
f 3054/4130/4051 2755/4469/4380 3058/4759/4573
f 3059/4169/4090 2919/4168/4089 2873/4481/4391
f 2760/4109/4030 3059/4169/4090 2873/4481/4391
f 3061/4370/4574 2790/4761/4574 2896/4762/4574
f 3061/4370/4289 2896/4762/4446 2736/4414/4331
f 3002/4516/4189 3062/4733/4114 2719/4514/4054
f 3001/4134/4055 2719/4133/4054 3062/4195/4114
f 3063/4658/4530 2667/4201/4120 2874/4253/4172
f 3063/4369/4288 2874/4340/4259 2918/4342/4261
f 3064/4137/4058 2923/4136/4057 2726/4666/4538
f 2726/4665/4537 2699/4430/4345 3064/4265/4184
f 3065/4470/4381 2674/4660/4532 2780/4282/4201
f 2674/4660/4532 3065/4470/4381 3000/4285/4204
f 3019/4113/4034 2700/4619/4495 3066/4620/4375
f 2956/4463/4373 3066/4465/4375 2700/4680/4495
f 2793/4763/4575 2742/4155/4076 3067/4551/4451
f 2793/4487/4397 3067/4286/4205 2846/4486/4396
f 2970/4127/4048 3068/4129/4050 2711/4764/4394
f 2871/4119/4040 2711/4764/4394 3068/4129/4050
f 3069/4429/4344 2681/4661/4533 2741/4295/4214
f 2681/4661/4533 3069/4429/4344 3077/4189/4110
f 2961/4527/4390 2783/4765/4080 3070/4528/4431
f 2818/4161/4082 3070/4766/4431 2783/4159/4080
f 2958/4099/4020 3071/4513/4420 2870/4657/4529
f 2714/4627/4502 2870/4657/4529 3071/4513/4420
f 3072/4413/4330 2954/4412/4329 2735/4331/4250
f 2994/4141/4062 3072/4413/4330 2735/4331/4250
f 2760/4109/4030 3073/4305/4225 3038/4107/4028
f 3073/4305/4225 2760/4109/4030 2678/4309/4229
f 2960/4100/4021 3074/4508/4415 2772/4630/4505
f 2774/4631/4506 2772/4630/4505 3074/4508/4415
f 2992/4402/4321 3075/4564/4463 2732/4633/4508
f 2690/4632/4507 2732/4633/4508 3075/4564/4463
f 2990/4428/4343 3076/4502/4409 2769/4112/4033
f 2673/4636/4511 2769/4112/4033 3076/4502/4409
f 3077/4189/4110 2776/4653/4525 2681/4661/4533
f 2776/4653/4525 3077/4189/4110 2999/4188/4109
f 3012/4541/4326 2861/4234/4153 3078/4197/4116
f 3078/4197/4116 2861/4234/4153 2778/4650/4522
f 3079/4263/4182 2749/4199/4118 2862/4194/4113
f 3079/4263/4182 2897/4644/4519 2749/4199/4118
f 3080/4585/4483 2815/4283/4202 2780/4282/4201
f 2815/4283/4202 3080/4585/4483 2873/4481/4391
f 3228/4767/4576 3269/4768/4577 3133/4769/4578
f 3246/4770/4579 3289/4771/4580 3153/4772/4581
f 3099/4773/4582 3182/4774/4583 3129/4775/4584
f 3273/4776/4585 3213/4777/4586 3219/4778/4587
f 3263/4779/2905 3298/4780/4588 3111/4781/2906
f 3178/4782/4589 3137/4783/3292 3298/4780/4590
f 3193/4784/4591 3210/4785/4592 3294/4786/4593
f 3125/4787/4594 3296/4788/4595 3132/4789/4596
f 3254/4790/3015 3281/4791/3014 3196/4792/3640
f 3166/4793/4597 3297/4794/4598 3127/4795/4599
f 3280/4796/4600 3169/4797/4601 3101/4798/4602
f 3222/4799/3034 3226/4800/4603 3150/4801/2963
f 3193/4784/4604 3259/4802/4605 3105/4803/4606
f 3090/4804/4607 3275/4805/4608 3188/4806/4609
f 3179/4807/4610 3247/4808/2908 3244/4809/4611
f 3248/4810/2902 3232/4811/4612 3134/4812/4613
f 3263/4779/3061 3111/4781/3062 3187/4813/3063
f 3158/4814/4614 3216/4815/4615 3095/4816/4616
f 3162/4817/4617 3153/4818/4581 3289/4819/4580
f 3083/4820/4618 3219/4778/4619 3143/4821/4620
f 3220/4822/4621 3244/4809/4622 3247/4808/4623
f 3093/4823/4624 3150/4801/2963 3145/4824/2964
f 3106/4825/3216 3157/4826/4625 3218/4827/4626
f 3273/4776/4627 3214/4828/4628 3190/4829/4629
f 3235/4830/2849 3182/4831/4583 3157/4832/4625
f 3216/4815/4615 3113/4833/4630 3095/4816/4616
f 3114/4834/4631 3203/4835/4632 3246/4770/4631
f 3282/4836/4633 3250/4837/4634 3209/4838/4635
f 3301/4839/4636 3288/4840/4637 3224/4841/4638
f 3142/4842/4639 3238/4843/2940 3175/4844/4640
f 3272/4845/4641 3171/4846/4642 3183/4847/4643
f 3139/4848/4644 3127/4795/4645 3297/4794/4646
f 3172/4849/3136 3253/4850/4647 3136/4851/3138
f 3119/4852/4648 3241/4853/4649 3258/4854/4650
f 3237/4855/4651 3279/4856/4652 3098/4857/4653
f 3099/4773/4582 3161/4858/4654 3249/4859/4655
f 3168/4860/4656 3170/4861/4657 3240/4862/4658
f 3242/4863/3045 3260/4864/4659 3184/4865/4660
f 3086/4866/3042 3231/4867/3043 3293/4868/4661
f 3126/4869/3055 3264/4870/4662 3260/4864/4659
f 3280/4796/4663 3101/4798/4664 3202/4871/4665
f 3151/4872/3738 3134/4812/4613 3165/4873/4666
f 3104/4874/4667 3276/4875/4668 3134/4812/4613
f 3214/4876/3372 3195/4877/4669 3154/4878/3370
f 3207/4879/3052 3162/4817/4670 3124/4880/4671
f 3270/4881/4672 3205/4882/4673 3104/4874/4674
f 3270/4883/4675 3186/4884/4676 3114/4885/4677
f 3210/4785/4592 3160/4886/4678 3294/4786/4593
f 3130/4887/4679 3149/4888/4680 3198/4889/3171
f 3239/4890/4681 3132/4789/4596 3185/4891/4682
f 3218/4827/4626 3166/4793/4597 3127/4795/4599
f 3107/4892/2858 3197/4893/3139 3300/4894/2859
f 3222/4895/2857 3107/4892/2858 3300/4894/2859
f 3296/4896/4683 3168/4860/4656 3108/4897/4684
f 3189/4898/4685 3135/4899/4686 3121/4900/4687
f 3213/4901/4688 3176/4902/4689 3109/4903/4690
f 3278/4904/3218 3110/4905/3219 3216/4815/4615
f 3091/4906/3221 3123/4907/4691 3141/4908/3579
f 3093/4909/4692 3211/4910/4693 3223/4911/4694
f 3244/4809/4622 3245/4912/4695 3085/4913/3128
f 3100/4914/3183 3140/4915/3184 3086/4866/3042
f 3208/4916/4696 3225/4917/4697 3174/4918/4698
f 3165/4873/4666 3174/4918/4699 3151/4872/2873
f 3155/4919/4700 3270/4920/4675 3114/4834/4677
f 3153/4772/4581 3155/4919/4701 3246/4770/4579
f 3166/4793/4702 3215/4921/4703 3188/4806/4609
f 3239/4922/4704 3233/4923/4705 3115/4924/4706
f 3156/4925/4707 3179/4926/4708 3251/4927/4709
f 3261/4928/4710 3181/4929/4711 3227/4930/4712
f 3206/4931/4713 3290/4932/4714 3097/4933/4715
f 3194/4934/4716 3206/4935/4713 3297/4794/4646
f 3087/4936/4717 3147/4937/4718 3229/4938/4719
f 3084/4939/4720 3119/4852/4648 3258/4854/4650
f 3225/4940/4721 3095/4816/4616 3113/4833/4630
f 3286/4941/4722 3148/4942/4723 3277/4943/4724
f 3088/4944/4725 3241/4853/4649 3279/4856/4652
f 3279/4856/4652 3135/4945/4686 3088/4944/4725
f 3111/4781/3062 3220/4946/3241 3187/4813/3063
f 3122/4947/3239 3274/4948/4726 3145/4824/2964
f 3128/4949/3328 3201/4950/3329 3123/4951/3330
f 3170/4861/4657 3249/4952/3303 3240/4862/4658
f 3218/4827/4727 3125/4787/4594 3132/4789/4596
f 3126/4953/3255 3191/4954/4728 3110/4905/3219
f 3191/4955/3257 3260/4864/4659 3140/4915/3184
f 3262/4956/3149 3236/4957/3150 3139/4958/4644
f 3200/4959/2912 3236/4960/2913 3163/4961/2914
f 3282/4836/4633 3128/4962/4729 3256/4963/4730
f 3182/4774/4583 3283/4964/4731 3129/4775/4584
f 3129/4775/4732 3109/4965/4733 3176/4966/4734
f 3210/4785/4592 3198/4889/3171 3087/4967/4717
f 3097/4933/4735 3105/4968/4736 3259/4969/4737
f 3226/4800/3515 3131/4970/4738 3085/4913/3128
f 3244/4971/4611 3251/4927/4739 3179/4926/4610
f 3236/4972/3431 3218/4827/4626 3127/4795/4599
f 3276/4875/4668 3228/4767/4576 3133/4769/4578
f 3082/4973/4740 3120/4974/4741 3234/4975/4742
f 3134/4976/4743 3282/4836/4744 3255/4977/4745
f 3134/4978/4746 3186/4884/4746 3104/4979/4746
f 3108/4897/4747 3088/4980/4747 3135/4899/4748
f 3197/4981/4749 3136/4851/3415 3117/4982/4750
f 3156/4925/4751 3227/4983/4752 3116/4984/4753
f 3112/4985/3294 3184/4986/4660 3227/4987/4752
f 3281/4791/4754 3094/4988/3577 3138/4989/2920
f 3235/4830/3316 3154/4878/3317 3195/4877/4755
f 3097/4933/4715 3297/4990/4646 3206/4931/4713
f 3152/4991/4756 3259/4969/4605 3287/4992/4757
f 3112/4993/3294 3243/4994/3400 3242/4995/3401
f 3247/4808/4623 3187/4996/4758 3220/4822/4621
f 3091/4997/3417 3110/4905/4759 3158/4814/3417
f 3205/4882/4760 3228/4767/4576 3104/4874/4667
f 3100/4998/3440 3110/4905/3219 3191/4954/4728
f 3144/4999/3441 3086/4866/3441 3293/4868/3441
f 3164/5000/3444 3145/5001/2964 3274/5002/4761
f 3146/5003/4762 3277/4943/4763 3203/5004/4764
f 3250/5005/4765 3158/4814/4766 3095/4816/4767
f 3229/4938/4768 3147/4937/3377 3090/5006/4607
f 3148/5007/4769 3234/4975/4770 3120/4974/4771
f 3277/4943/4772 3288/5008/4637 3177/5009/4773
f 3149/5010/4680 3087/4936/4717 3198/5011/3171
f 3145/4824/2964 3085/4913/4774 3245/4912/4695
f 3226/4800/3515 3085/4913/3128 3150/4801/3516
f 3248/4810/4775 3243/4994/3400 3201/5012/3497
f 3237/5013/4651 3262/4956/4776 3152/4991/4756
f 3155/4919/4777 3114/4834/4631 3246/4770/4631
f 3217/5014/2921 3138/4989/2920 3094/4988/3577
f 3154/4878/3370 3190/5015/4778 3214/4876/3372
f 3192/5016/4779 3092/5017/4779 3285/5018/4779
f 3156/4925/4780 3101/4798/4602 3169/4797/4601
f 3249/4859/4655 3157/4826/4625 3099/4773/4582
f 3256/4963/4781 3158/5019/4766 3250/4837/4765
f 3159/5020/4782 3284/5021/4782 3103/5022/4782
f 3173/5023/4783 3159/5024/4784 3103/5025/4785
f 3299/5026/4786 3118/5027/4787 3160/5028/4678
f 3188/5029/4609 3160/5030/4678 3118/5031/4787
f 3084/5032/4788 3249/5033/3303 3161/5034/4789
f 3204/5035/4790 3161/5034/4791 3213/4901/4586
f 3284/5036/4792 3162/5037/4792 3103/5038/4792
f 3098/5039/3526 3200/4959/2912 3163/4961/2914
f 3199/5040/3536 3274/5002/4761 3291/5041/3537
f 3164/5000/4793 3111/4781/2906 3298/4780/4588
f 3133/4769/4578 3082/4973/4740 3276/4875/4668
f 3218/4827/4727 3089/5042/4794 3166/4793/4702
f 3302/5043/4795 3167/5044/4795 3109/5045/4795
f 3258/4854/4796 3168/5046/4656 3084/4939/4788
f 3169/5047/4797 3107/5048/4798 3265/5049/4799
f 3136/4851/3138 3169/5047/3544 3172/4849/3136
f 3170/5050/4800 3125/4787/4801 3157/4826/4625
f 3221/5051/4802 3171/5052/4642 3257/5053/4803
f 3198/4889/3171 3172/5054/3555 3130/4887/4804
f 3216/5055/4615 3231/4867/4805 3113/5056/4630
f 3225/5057/4697 3113/5056/4806 3174/5058/4698
f 3207/5059/4807 3175/4844/4808 3171/5060/4809
f 3133/5061/4578 3301/4839/4636 3224/4841/4638
f 3099/4773/4582 3129/4775/4732 3176/4966/4734
f 3283/4964/4731 3257/5062/4810 3129/4775/4584
f 3124/4880/4671 3203/5004/4764 3277/4943/4763
f 3301/5063/4636 3124/4880/4671 3177/5009/4773
f 3123/4907/4691 3263/4779/3578 3141/4908/3579
f 3112/5064/3291 3123/4907/3330 3201/5065/3329
f 3244/4809/4622 3085/4913/3128 3131/4970/4738
f 3302/5043/4811 3285/5066/4812 3092/5067/4813
f 3211/5068/4814 3265/5069/4799 3107/5070/4798
f 3211/4910/4693 3107/4892/4815 3223/4911/4694
f 3195/4877/4755 3221/5051/4816 3182/4831/4817
f 3103/5071/4785 3183/5072/4818 3173/5073/4783
f 3264/4870/4662 3184/4865/4660 3260/4864/4659
f 3184/4865/4660 3116/4984/4753 3227/4983/4752
f 3135/4899/4686 3185/5074/4819 3108/4897/4820
f 3186/4884/4821 3255/5075/4822 3102/5076/4823
f 3209/5077/4824 3186/4884/4821 3102/5076/4823
f 3266/5078/4825 3187/4996/4758 3110/4905/3601
f 3266/5079/3602 3263/4779/3061 3187/4813/3063
f 3118/5027/4826 3090/5006/4607 3188/5080/4609
f 3233/4923/4705 3189/4898/4685 3115/4924/4706
f 3160/5030/4678 3115/4924/4706 3294/5081/4593
f 3119/4852/4827 3217/5082/4828 3254/5083/4829
f 3190/4829/4629 3204/5084/4790 3273/4776/4627
f 3287/5085/4757 3189/5086/4685 3121/5087/4687
f 3287/5085/4757 3279/4856/4652 3152/5088/4756
f 3090/4804/4830 3197/4893/3139 3194/4934/4831
f 3183/5089/4832 3083/5090/4832 3159/5091/4832
f 3254/5083/4829 3196/5092/3096 3241/4853/4833
f 3117/4982/4750 3206/4931/4713 3197/4981/4749
f 3111/4781/3062 3274/5002/4761 3199/5040/3536
f 3106/5093/3639 3196/4792/3640 3281/4791/3014
f 3200/4959/3641 3106/5093/3216 3218/5094/4626
f 3202/4871/4665 3251/4927/4739 3131/5095/4738
f 3131/5095/4738 3149/4888/4680 3202/4871/4665
f 3209/5096/4834 3146/5097/4835 3203/5098/4834
f 3205/5099/4836 3180/5100/4836 3109/5101/4836
f 3238/5102/4837 3205/5103/4837 3109/5104/4837
f 3272/5105/4838 3252/5106/4839 3162/5107/4840
f 3082/4973/4740 3208/4916/4696 3165/4873/4666
f 3227/4987/4752 3298/5108/4590 3137/5109/3292
f 3285/5110/4841 3212/5111/4841 3192/5112/4841
f 3219/4778/4842 3109/5113/4842 3167/5114/4842
f 3215/5115/4703 3239/4922/4704 3115/4924/4706
f 3100/4914/3440 3144/4999/3679 3216/5055/4615
f 3217/5014/4843 3094/4988/3016 3254/4790/3015
f 3167/5114/4844 3271/5116/4844 3219/4778/4845
f 3122/4947/3239 3199/5117/4846 3291/5118/4847
f 3081/5119/4848 3221/5120/4802 3257/5062/4803
f 3300/4894/2859 3147/5121/3377 3222/4895/2857
f 3222/4895/3692 3093/4909/4692 3223/4911/4694
f 3137/5109/3292 3112/4985/3294 3227/4987/4752
f 3205/4882/4760 3142/5122/4639 3228/4767/4576
f 3151/5123/3712 3113/5056/4806 3231/4867/3714
f 3281/4791/3014 3235/4830/3720 3106/5093/3639
f 3237/5124/4651 3098/5039/3526 3163/4961/2914
f 3268/5125/4849 3238/5126/4849 3267/5127/4849
f 3175/4844/4808 3238/4843/4850 3171/5060/4809
f 3168/4860/4656 3240/4862/4658 3084/5128/4788
f 3241/4853/4833 3098/4857/4653 3279/4856/4652
f 3243/5129/3400 3140/4915/3184 3242/4863/3045
f 3248/4810/4775 3086/5130/3042 3243/4994/3400
f 3245/4912/4695 3122/4947/3239 3145/4824/2964
f 3110/4905/3219 3247/4808/2908 3126/4953/3255
f 3095/4816/4767 3146/5003/4851 3250/5005/4765
f 3103/5071/4852 3162/5131/4853 3252/5132/4854
f 3136/4851/3415 3253/4850/4647 3117/4982/4750
f 3256/5133/3746 3128/5134/3746 3091/3708/3746
f 3262/4956/4776 3097/4933/4735 3259/4969/4737
f 3265/5049/4799 3156/5135/4855 3169/5047/4797
f 3156/4925/4856 3116/4984/4753 3264/4870/4662
f 3091/4997/3221 3141/5136/3579 3266/5078/3757
f 3268/5137/4857 3238/5138/4857 3109/5139/4857
f 3142/4842/4858 3096/5140/4859 3269/5141/4860
f 3143/4821/4861 3271/5116/4861 3083/4820/4861
f 3275/4805/4608 3166/4793/4702 3188/4806/4609
f 3276/4875/4668 3165/4873/4666 3134/4812/4613
f 3124/4880/4671 3277/4943/4772 3177/5009/4773
f 3280/4796/4600 3130/4887/4804 3172/5054/3555
f 3102/5076/3770 3282/5142/4633 3209/5077/4635
f 3180/5143/4862 3302/5144/4862 3109/5145/4862
f 3212/5146/4863 3284/5147/4863 3192/5148/4863
f 3284/5149/4864 3295/5150/4865 3192/5151/4866
f 3120/5152/4867 3288/5008/4637 3148/4942/4868
f 3162/4817/4670 3289/4819/4869 3124/4880/4671
f 3172/5054/4870 3105/4803/4871 3290/5153/4872
f 3293/4868/3774 3231/4867/3774 3144/4999/3774
f 3189/4898/4685 3294/5081/4593 3115/4924/4706
f 3132/5154/4873 3108/4897/4874 3185/5074/4875
f 3275/4805/4876 3194/4934/4831 3297/4794/4598
f 3164/5000/4793 3181/5155/4711 3211/4910/4814
f 3299/5156/4786 3087/4967/4717 3229/5157/4719
f 3207/5059/3777 3269/5141/4877 3096/5140/4878
f 3228/4767/4576 3142/5122/4639 3269/4768/4577
f 3246/4770/4879 3203/4835/4879 3289/4771/4879
f 3099/4773/4582 3157/4826/4625 3182/4774/4583
f 3273/4776/4585 3204/5084/4790 3213/4777/4586
f 3263/4779/2905 3178/4782/4589 3298/4780/4588
f 3178/4782/4589 3112/5064/3291 3137/4783/3292
f 3193/4784/4591 3105/4803/4880 3210/4785/4592
f 3254/4790/3015 3094/4988/3016 3281/4791/3014
f 3166/4793/4597 3275/4805/4876 3297/4794/4598
f 3280/4796/4600 3172/5054/3555 3169/4797/4601
f 3222/4799/3034 3147/4937/3869 3226/4800/4603
f 3193/4784/4604 3287/5085/4757 3259/4802/4605
f 3090/4804/4830 3194/4934/4831 3275/4805/4876
f 3179/4807/4610 3126/4953/3255 3247/4808/2908
f 3248/4810/2902 3201/5012/3859 3232/4811/4612
f 3158/4814/4614 3278/4904/3218 3216/4815/4615
f 3162/4817/4617 3212/5158/4881 3153/4818/4581
f 3083/4820/4618 3214/4828/4628 3219/4778/4619
f 3220/4822/4621 3122/4947/3239 3244/4809/4622
f 3093/4823/4624 3222/4799/3034 3150/4801/2963
f 3106/4825/3216 3235/5159/2849 3157/4826/4625
f 3273/4776/4627 3219/4778/4619 3214/4828/4628
f 3235/4830/3316 3195/4877/4755 3182/4831/4817
f 3114/4834/4882 3209/5160/4834 3203/4835/4834
f 3282/4836/4633 3256/4963/4730 3250/4837/4634
f 3301/4839/4636 3177/5161/4773 3288/4840/4637
f 3142/4842/4639 3292/5162/3583 3238/4843/2940
f 3272/4845/3916 3207/4879/4807 3171/4846/4809
f 3139/4848/4883 3236/4972/3431 3127/4795/4599
f 3172/4849/3136 3290/4932/4714 3253/4850/4647
f 3119/4852/4827 3254/5083/4829 3241/4853/4833
f 3237/4855/4651 3152/5088/4756 3279/4856/4652
f 3099/4773/4582 3176/4966/4734 3161/4858/4654
f 3168/4860/4656 3125/5163/4884 3170/4861/4657
f 3242/4863/3045 3140/4915/3184 3260/4864/4659
f 3086/4866/3042 3151/5123/4885 3231/4867/3043
f 3126/4869/3055 3179/4926/4886 3264/4870/4662
f 3151/4872/3738 3248/4810/2902 3134/4812/4613
f 3104/4874/4667 3228/4767/4576 3276/4875/4668
f 3214/4876/3372 3083/5090/4887 3195/4877/4669
f 3207/4879/3052 3272/4845/3872 3162/4817/4670
f 3270/4881/4672 3230/5164/4888 3205/4882/4673
f 3270/4883/4672 3104/4979/4674 3186/4884/4889
f 3210/4785/4592 3299/5156/4786 3160/4886/4678
f 3130/4887/4679 3202/4871/4665 3149/4888/4680
f 3239/4890/4681 3089/5042/4794 3132/4789/4596
f 3222/4895/3692 3223/4911/4694 3107/4892/4815
f 3296/4896/4683 3125/5163/4884 3168/4860/4656
f 3213/4901/4688 3161/5034/4890 3176/4902/4689
f 3278/4904/3218 3158/4814/4614 3110/4905/3219
f 3091/4906/3221 3128/5165/3222 3123/4907/4691
f 3093/4909/4692 3164/5000/3878 3211/4910/4693
f 3244/4809/4622 3122/4947/3239 3245/4912/4695
f 3100/4914/3183 3191/4955/3257 3140/4915/3184
f 3208/4916/4696 3234/4975/4742 3225/4917/4697
f 3165/4873/4666 3208/4916/4696 3174/4918/4699
f 3155/4919/4700 3230/5166/4891 3270/4920/4675
f 3153/4772/4581 3212/5167/4892 3155/4919/4701
f 3166/4793/4702 3089/5042/4794 3215/4921/4703
f 3239/4922/4681 3185/5074/4682 3233/4923/4893
f 3156/4925/4856 3264/4870/4662 3179/4926/4886
f 3261/4928/4710 3265/5049/4799 3181/4929/4711
f 3206/4931/4713 3253/4850/4647 3290/4932/4714
f 3194/4934/4716 3197/4893/4749 3206/4935/4713
f 3087/4936/4717 3226/4800/3515 3147/4937/4718
f 3084/4939/4720 3204/5084/4790 3119/4852/4648
f 3225/4940/4721 3148/4942/4894 3095/4816/4616
f 3286/4941/4722 3095/4816/4895 3148/4942/4723
f 3088/4944/4725 3258/4854/4650 3241/4853/4649
f 3279/4856/4652 3121/5087/4687 3135/4945/4686
f 3111/4781/3062 3199/5040/3536 3220/4946/3241
f 3122/4947/3239 3291/5118/4847 3274/4948/4726
f 3128/4949/3902 3232/5168/3902 3201/4950/3902
f 3218/4827/4727 3157/4826/4896 3125/4787/4594
f 3126/4953/3055 3260/5169/4659 3191/4954/3257
f 3262/4956/3883 3163/5170/2914 3236/4957/2913
f 3282/4836/3276 3232/5171/3276 3128/4962/3874
f 3182/4774/4817 3221/5120/4816 3283/4964/4897
f 3129/4775/4732 3257/5062/4898 3109/4965/4733
f 3210/4785/4592 3105/4803/4880 3198/4889/3171
f 3097/4933/4899 3290/4932/4872 3105/4968/4871
f 3226/4800/3515 3149/5010/4680 3131/4970/4738
f 3244/4971/4611 3131/5095/4738 3251/4927/4739
f 3236/4972/3431 3200/5172/3641 3218/4827/4626
f 3082/4973/4740 3224/5173/4638 3120/4974/4741
f 3134/4976/3277 3232/5171/3276 3282/4836/3276
f 3134/4978/4743 3255/5075/4745 3186/4884/4900
f 3108/4897/4747 3168/4860/4901 3088/4980/4747
f 3197/4981/3913 3107/5048/3914 3136/4851/3138
f 3156/4925/4751 3261/5174/4902 3227/4983/4752
f 3112/4985/3294 3242/5175/3401 3184/4986/4660
f 3235/4830/3720 3138/4989/3900 3154/4878/3901
f 3097/4933/4715 3139/4958/4644 3297/4990/4646
f 3152/4991/4756 3262/4956/4776 3259/4969/4737
f 3112/4993/3294 3201/5012/3497 3243/4994/3400
f 3247/4808/4623 3110/4905/3601 3187/4996/4758
f 3091/4997/3915 3266/5078/4825 3110/4905/3601
f 3100/4998/3440 3216/4815/4615 3110/4905/3219
f 3144/4999/3918 3100/4914/3183 3086/4866/3042
f 3164/5000/3444 3093/4909/4624 3145/5001/2964
f 3146/5003/4762 3286/4941/4903 3277/4943/4763
f 3148/5007/4769 3225/4917/4904 3234/4975/4770
f 3277/4943/4772 3148/4942/4868 3288/5008/4637
f 3149/5010/4680 3226/4800/3515 3087/4936/4717
f 3145/4824/2964 3150/4801/2963 3085/4913/4774
f 3237/5013/4651 3163/5170/2914 3262/4956/4776
f 3217/5014/2921 3154/4878/4905 3138/4989/2920
f 3154/4878/3370 3217/5014/4828 3190/5015/4778
f 3192/5016/4906 3295/5176/4906 3092/5017/4906
f 3156/4925/4707 3251/4927/4709 3101/4798/4664
f 3249/4859/4655 3170/5050/4800 3157/4826/4625
f 3256/4963/4907 3091/5177/3417 3158/5019/3417
f 3159/5020/4908 3083/5178/4908 3284/5021/4908
f 3173/5023/4909 3183/5179/4909 3159/5024/4909
f 3299/5026/4786 3229/4938/4719 3118/5027/4787
f 3188/5029/4609 3215/5115/4703 3160/5030/4678
f 3084/5032/4788 3240/5180/4658 3249/5033/3303
f 3204/5035/4790 3084/5032/4720 3161/5034/4791
f 3284/5036/4910 3212/5181/4910 3162/5037/4910
f 3098/5039/4653 3196/4792/3096 3200/4959/4911
f 3133/4769/4578 3224/5173/4638 3082/4973/4740
f 3218/4827/4727 3132/4789/4596 3089/5042/4794
f 3302/5043/4811 3092/5067/4813 3167/5044/4912
f 3258/4854/4796 3088/4944/4913 3168/5046/4656
f 3169/5047/3544 3136/4851/3138 3107/5048/3914
f 3257/5053/4914 3171/5182/4914 3268/5183/4914
f 3221/5051/4802 3183/5089/4643 3171/5052/4642
f 3198/4889/3171 3105/4803/4880 3172/5054/3555
f 3216/5055/4615 3144/4999/3679 3231/4867/4805
f 3207/5059/4807 3096/5140/3941 3175/4844/4808
f 3133/5061/4578 3269/5141/4877 3301/4839/4636
f 3283/4964/4731 3081/5119/4915 3257/5062/4810
f 3124/4880/4671 3289/4819/4869 3203/5004/4764
f 3301/5063/4636 3207/4879/3052 3124/4880/4671
f 3123/4907/3330 3178/4782/4589 3263/4779/2905
f 3112/5064/3291 3178/4782/4589 3123/4907/3330
f 3302/5043/4916 3155/5184/4916 3285/5066/4916
f 3211/5068/4814 3181/5185/4711 3265/5069/4799
f 3195/4877/4755 3183/5089/4917 3221/5051/4816
f 3103/5071/4852 3252/5132/4854 3183/5072/4918
f 3184/4865/4660 3264/4870/4662 3116/4984/4753
f 3135/4899/4686 3233/4923/4705 3185/5074/4819
f 3209/5077/4919 3114/4885/4677 3186/4884/4676
f 3266/5079/3757 3141/4908/3579 3263/4779/4920
f 3118/5027/4826 3229/4938/4768 3090/5006/4607
f 3233/4923/4705 3135/4899/4686 3189/4898/4685
f 3160/5030/4678 3215/5115/4703 3115/4924/4706
f 3119/4852/4827 3190/4829/4778 3217/5082/4828
f 3190/4829/4629 3119/4852/4648 3204/5084/4790
f 3287/5085/4757 3193/4784/4591 3189/5086/4685
f 3287/5085/4757 3121/5087/4687 3279/4856/4652
f 3090/4804/4830 3300/4894/2859 3197/4893/3139
f 3183/5089/4921 3195/4877/4669 3083/5090/4887
f 3117/4982/4750 3253/4850/4647 3206/4931/4713
f 3111/4781/3062 3164/5000/3444 3274/5002/4761
f 3106/5093/4922 3200/4959/4922 3196/4792/4922
f 3202/4871/4665 3101/4798/4664 3251/4927/4709
f 3209/5096/4635 3250/5186/4634 3146/5097/4923
f 3205/5099/4924 3230/5187/4924 3180/5100/4924
f 3238/5102/4925 3292/5188/4925 3205/5103/4925
f 3272/5105/4838 3183/5072/4926 3252/5106/4839
f 3082/4973/4740 3234/4975/4742 3208/4916/4696
f 3227/4987/4712 3181/5189/4711 3298/5108/4927
f 3285/5110/4928 3155/5190/4701 3212/5111/4892
f 3219/4778/4587 3213/4777/4586 3109/5113/4929
f 3215/5115/4703 3089/5191/4794 3239/4922/4681
f 3167/5114/4844 3092/5192/4930 3271/5116/4844
f 3122/4947/3239 3220/4822/3973 3199/5117/4846
f 3081/5119/4931 3283/4964/4931 3221/5120/4931
f 3300/4894/2859 3090/4804/4607 3147/5121/3377
f 3205/4882/4760 3292/5193/3583 3142/5122/4639
f 3151/5123/3712 3174/5058/4698 3113/5056/4806
f 3281/4791/3014 3138/4989/3900 3235/4830/3720
f 3268/5125/4932 3171/5194/4932 3238/5126/4932
f 3241/4853/4833 3196/5092/3096 3098/4857/4653
f 3243/5129/3400 3086/4866/3042 3140/4915/3184
f 3248/4810/4775 3151/4872/4885 3086/5130/3042
f 3095/4816/4933 3286/4941/4903 3146/5003/4762
f 3257/5062/4898 3268/5195/4934 3109/5196/4733
f 3262/4956/3149 3139/4958/4644 3097/4933/4715
f 3265/5049/4935 3261/4928/4902 3156/5135/4751
f 3142/4842/4858 3175/4844/3985 3096/5140/4859
f 3143/4821/4936 3219/4778/4936 3271/5116/4936
f 3276/4875/4668 3082/4973/4740 3165/4873/4666
f 3280/4796/4663 3202/4871/4665 3130/4887/4679
f 3102/5076/3770 3255/5075/4937 3282/5142/4633
f 3284/5149/4938 3083/5197/4939 3295/5150/4865
f 3120/5152/4741 3224/5198/4638 3288/5008/4637
f 3189/4898/4685 3193/5199/4591 3294/5081/4593
f 3132/5154/4873 3296/4896/4940 3108/4897/4874
f 3164/5000/4793 3298/4780/4588 3181/5155/4711
f 3299/5156/4786 3210/4785/4592 3087/4967/4717
f 3207/5059/3777 3301/4839/4636 3269/5141/4877
f 3410/4098/4019 3597/4099/4020 3599/4100/4021
f 3469/4101/4022 3445/4102/4023 3503/4103/4024
f 3592/4104/4025 3576/4105/4941 3495/4106/4027
f 3677/4107/4028 3626/4108/4029 3399/4109/4942
f 3434/4110/4031 3435/4111/4032 3408/4112/4033
f 3658/4113/4034 3484/4114/4035 3434/4110/4031
f 3498/4115/4036 3421/4116/4037 3518/4117/4038
f 3460/4118/4039 3510/4119/4040 3668/4120/4041
f 3505/4121/4042 3487/4122/4043 3461/4123/4044
f 3660/4124/4045 3538/4125/4046 3682/4126/4047
f 3609/4127/4048 3565/4128/4049 3707/4129/4050
f 3693/4130/4051 3480/4131/4052 3497/4132/4053
f 3358/4133/4054 3640/4134/4055 3692/4135/4056
f 3562/4136/4057 3703/4137/4058 3402/4138/4059
f 3511/4139/4060 3441/4140/4061 3633/4141/4062
f 3590/4142/4063 3605/4143/4064 3451/4144/4065
f 3572/4145/4066 3519/4146/4943 3544/4147/4944
f 3475/4148/4069 3574/4149/4070 3563/4150/4071
f 3562/4136/4057 3644/4151/4072 3531/4152/4073
f 3344/4153/4074 3681/4154/4075 3381/4155/4076
f 3589/4156/4077 3604/4157/4078 3450/4158/4945
f 3422/4159/4080 3516/4160/4946 3457/4161/4082
f 3499/4162/4947 3507/4163/4084 3462/4164/4085
f 3529/4165/4086 3372/4166/4087 3616/4167/4088
f 3558/4168/4948 3698/4169/4090 3626/4108/4029
f 3520/4170/4091 3577/4171/4092 3552/4172/4093
f 3607/4173/4094 3587/4174/4095 3583/4175/4096
f 3632/4176/4097 3440/4177/4098 3553/4178/4949
f 3684/4179/4100 3664/4180/4101 3438/4181/4102
f 3683/4182/4103 3482/4183/4104 3664/4180/4101
f 3675/4184/4105 3492/4185/4106 3669/4186/4107
f 3381/4155/4076 3480/4131/4052 3344/4153/4074
f 3426/4187/4108 3638/4188/4109 3716/4189/4110
f 3518/4190/4038 3502/4191/4111 3498/4192/4036
f 3696/4193/4112 3501/4194/4113 3701/4195/4114
f 3349/4196/4115 3717/4197/4116 3674/4198/4117
f 3388/4199/4118 3692/4135/4056 3640/4134/4055
f 3678/4200/4119 3306/4201/4120 3416/4202/4121
f 3556/4203/4122 3612/4204/4123 3566/4205/4124
f 3522/4206/4950 3458/4207/4951 3672/4208/4127
f 3587/4174/4095 3607/4173/4094 3453/4209/4952
f 3514/4210/4129 3396/4211/4130 3502/4191/4111
f 3561/4212/4131 3617/4213/4132 3582/4214/4133
f 3628/4215/4134 3455/4216/4135 3569/4217/4136
f 3555/4218/4137 3675/4184/4105 3681/4154/4075
f 3664/4180/4101 3684/4179/4100 3685/4219/4138
f 3482/4183/4104 3335/4220/4139 3531/4152/4073
f 3669/4186/4107 3620/4221/4140 3533/4222/4141
f 3344/4153/4074 3699/4223/4953 3681/4154/4075
f 3438/4181/4102 3378/4224/4143 3684/4179/4100
f 3484/4114/4035 3658/4113/4034 3671/4225/4144
f 3495/4106/4027 3325/4226/4145 3487/4122/4043
f 3461/4123/4044 3352/4227/4146 3505/4121/4042
f 3464/4228/4147 3336/4229/4148 3507/4163/4084
f 3563/4150/4071 3602/4230/4149 3475/4148/4069
f 3481/4231/4150 3431/4232/4151 3539/4233/4152
f 3416/4202/4121 3500/4234/4153 3428/4235/4154
f 3376/4236/4155 3359/4237/4156 3676/4238/4157
f 3503/4103/4024 3346/4239/4158 3472/4240/4159
f 3527/4241/4160 3363/4242/4161 3474/4243/4162
f 3473/4244/4163 3457/4161/4082 3516/4160/4946
f 3604/4157/4078 3333/4245/4954 3521/4246/4165
f 3478/4247/4166 3379/4248/4167 3633/4141/4062
f 3490/4249/4168 3361/4250/4169 3465/4251/4170
f 3524/4252/4171 3335/4220/4139 3513/4253/4172
f 3497/4132/4053 3362/4254/4173 3557/4255/4174
f 3612/4204/4123 3556/4203/4122 3528/4256/4955
f 3606/4257/4176 3452/4258/4177 3372/4166/4087
f 3391/4259/4178 3669/4186/4107 3492/4185/4106
f 3378/4260/4179 3438/4261/4180 3492/4262/4181
f 3497/4132/4053 3718/4263/4182 3362/4254/4173
f 3402/4264/4183 3703/4265/4184 3666/4266/4185
f 3321/4267/4186 3543/4268/4187 3357/4269/4188
f 3696/4270/4112 3641/4261/4189 3430/4271/4190
f 3541/4272/4191 3447/4273/4192 3655/4274/4193
f 3526/4275/4194 3508/4276/4195 3573/4277/4196
f 3537/4278/4956 3540/4279/4198 3575/4280/4199
f 3508/4276/4195 3537/4278/4956 3550/4281/4200
f 3419/4282/4201 3454/4283/4202 3426/4187/4108
f 3426/4187/4108 3636/4284/4203 3639/4285/4204
f 3706/4286/4205 3449/4287/4206 3343/4288/4207
f 3611/4289/4208 3644/4151/4072 3684/4179/4100
f 3442/4290/4209 3344/4153/4074 3480/4131/4052
f 3699/4223/4953 3344/4153/4074 3442/4290/4209
f 3533/4222/4141 3647/4291/4210 3669/4186/4107
f 3683/4292/4211 3491/4293/4212 3345/4294/4213
f 3380/4295/4214 3645/4296/4215 3445/4102/4023
f 3496/4297/4216 3398/4298/4217 3330/4299/4218
f 3366/4300/4221 3532/4301/4220 3444/4302/4221
f 3444/4302/4222 3327/4303/4223 3699/4304/4224
f 3712/4305/4225 3654/4306/4226 3517/4307/4227
f 3348/4308/4228 3317/4309/4229 3527/4241/4160
f 3493/4310/4230 3331/4311/4231 3687/4312/4232
f 3428/4235/4154 3406/4313/4233 3630/4314/4234
f 3446/4315/4235 3558/4168/4948 3401/4316/4236
f 3510/4317/4040 3351/4318/4237 3546/4319/4238
f 3448/4320/4239 3601/4321/4240 3541/4272/4191
f 3668/4120/4041 3424/4322/4957 3460/4118/4039
f 3418/4323/4958 3608/4324/4243 3586/4325/4244
f 3466/4326/4245 3305/4327/4246 3488/4328/4247
f 3671/4225/4144 3571/4329/4248 3484/4114/4035
f 3410/4098/4019 3621/4330/4249 3597/4099/4020
f 3374/4331/4250 3649/4332/4251 3439/4333/4252
f 3303/4334/4253 3662/4335/4254 3479/4336/4255
f 3486/4337/4256 3697/4338/4257 3425/4339/4258
f 3513/4340/4959 3619/4341/4260 3557/4342/4261
f 3617/4213/4132 3561/4212/4131 3689/4343/4262
f 3577/4171/4092 3520/4170/4091 3489/4344/4263
f 3625/4345/4264 3476/4346/4265 3542/4347/4266
f 3585/4348/4267 3610/4349/4268 3456/4350/4269
f 3414/4351/4270 3559/4352/4271 3667/4353/4272
f 3592/4104/4025 3603/4354/4273 3634/4355/4274
f 3477/4356/4275 3650/4357/4276 3416/4358/4277
f 3407/4359/4278 3661/4360/4279 3660/4361/4280
f 3694/4362/4281 3423/4363/4282 3540/4279/4198
f 3547/4364/4283 3539/4233/4152 3567/4365/4284
f 3463/4366/4285 3490/4249/4168 3478/4247/4166
f 3605/4143/4064 3590/4142/4063 3580/4367/4286
f 3557/4342/4261 3362/4368/4287 3702/4369/4288
f 3700/4370/4289 3570/4371/4290 3646/4372/4291
f 3519/4146/4943 3572/4145/4066 3551/4373/4292
f 3515/4374/4293 3332/4375/4294 3471/4376/4295
f 3467/4377/4296 3345/4294/4213 3491/4293/4212
f 3663/4378/4297 3364/4379/4298 3643/4380/4299
f 3524/4252/4171 3513/4253/4172 3596/4381/4300
f 3524/4382/4960 3310/4383/4302 3637/4384/4303
f 3688/4385/4304 3548/4386/4305 3533/4387/4306
f 3664/4180/4101 3548/4388/4307 3688/4389/4308
f 3566/4205/4124 3588/4390/4309 3556/4203/4122
f 3579/4391/4310 3591/4392/4311 3606/4257/4176
f 3643/4380/4299 3468/4393/4312 3663/4378/4297
f 3685/4394/4313 3369/4395/4314 3675/4396/4315
f 3483/4397/4316 3675/4396/4315 3369/4395/4314
f 3504/4398/4317 3343/4288/4207 3314/4399/4318
f 3582/4214/4133 3584/4400/4319 3370/4401/4961
f 3455/4216/4135 3628/4215/4134 3584/4400/4319
f 3410/4098/4019 3599/4100/4021 3631/4402/4321
f 3507/4163/4084 3488/4328/4247 3464/4228/4147
f 3680/4403/4322 3316/4404/4962 3367/4405/4324
f 3551/4373/4292 3545/4406/4325 3519/4146/4943
f 3651/4407/4326 3656/4408/4327 3406/4409/4233
f 3349/4410/4115 3690/4411/4328 3609/4127/4048
f 3633/4141/4062 3441/4140/4061 3499/4162/4947
f 3499/4162/4947 3593/4412/4329 3711/4413/4330
f 3375/4414/4331 3417/4415/4332 3700/4370/4289
f 3424/4416/4333 3623/4417/4334 3553/4418/4335
f 3554/4419/4336 3682/4126/4047 3538/4125/4046
f 3549/4420/4337 3554/4421/4336 3376/4236/4155
f 3452/4258/4177 3606/4257/4176 3591/4392/4311
f 3581/4422/4338 3586/4325/4244 3608/4324/4243
f 3657/4423/4339 3611/4424/4340 3555/4425/4339
f 3657/4426/4341 3644/4151/4072 3611/4289/4208
f 3410/4098/4019 3627/4427/4342 3629/4428/4343
f 3379/4248/4167 3478/4247/4166 3490/4249/4168
f 3708/4429/4344 3636/4284/4203 3426/4187/4108
f 3516/4160/4946 3422/4159/4080 3380/4295/4214
f 3381/4155/4076 3497/4132/4053 3480/4131/4052
f 3338/4430/4345 3666/4266/4185 3703/4265/4184
f 3530/4431/4963 3451/4144/4065 3605/4143/4064
f 3607/4173/4094 3324/4432/4964 3523/4433/4965
f 3661/4434/4349 3569/4217/4136 3455/4216/4135
f 3634/4435/4274 3322/4436/4350 3383/4437/4351
f 3506/4438/4352 3384/4439/4353 3318/4440/4354
f 3610/4349/4268 3585/4348/4267 3578/4441/4355
f 3523/4433/4965 3453/4209/4952 3607/4173/4094
f 3440/4442/4098 3456/4350/4269 3610/4349/4268
f 3521/4246/4165 3450/4158/4945 3604/4157/4078
f 3605/4143/4064 3315/4443/4356 3530/4431/4963
f 3528/4256/4955 3323/4444/4357 3612/4204/4123
f 3672/4208/4127 3560/4445/4358 3522/4206/4950
f 3678/4446/4359 3416/4358/4277 3650/4357/4276
f 3536/4447/4360 3637/4384/4303 3310/4383/4302
f 3446/4315/4235 3638/4188/4109 3342/4448/4361
f 3502/4191/4111 3304/4449/4362 3514/4210/4129
f 3482/4183/4104 3390/4450/4363 3679/4451/4364
f 3679/4452/4365 3390/4453/4366 3394/4454/4367
f 3492/4455/4368 3438/4456/4368 3391/4457/4369
f 3533/4458/4306 3620/4459/4370 3688/4460/4304
f 3303/4334/4253 3672/4208/4127 3458/4207/4951
f 3604/4157/4078 3589/4156/4077 3494/4461/4371
f 3543/4268/4187 3598/4462/4372 3595/4463/4373
f 3393/4464/4374 3559/4352/4271 3705/4465/4375
f 3681/4154/4075 3699/4223/4953 3555/4218/4137
f 3555/4425/4376 3699/5200/4377 3657/4423/4376
f 3355/4467/4378 3679/4452/4365 3394/4454/4367
f 3497/4132/4053 3355/4468/4379 3394/4469/4380
f 3426/4187/4108 3639/4285/4204 3704/4470/4381
f 3332/4375/4294 3515/4374/4293 3503/4103/4024
f 3601/4321/4240 3448/4320/4239 3594/4471/4382
f 3635/4472/4383 3573/4277/4196 3498/4115/4036
f 3691/4473/4384 3397/4474/4385 3309/4475/4966
f 3372/4476/4387 3529/4477/4388 3437/4478/4388
f 3602/4230/4149 3563/4150/4071 3525/4479/4389
f 3645/4296/4215 3600/4480/4390 3445/4102/4023
f 3512/4481/4391 3673/4482/4392 3454/4283/4202
f 3654/4306/4226 3712/4305/4225 3549/4420/4337
f 3614/4483/4393 3367/4405/4324 3316/4404/4962
f 3367/4405/4324 3614/4483/4393 3579/4391/4310
f 3687/4312/4232 3350/4484/4394 3493/4310/4230
f 3546/4319/4238 3401/4316/4236 3642/4485/4395
f 3485/4486/4396 3402/4264/4183 3432/4487/4397
f 3402/4138/4059 3343/4488/4398 3562/4136/4057
f 3559/4352/4271 3414/4351/4270 3603/4489/4273
f 3671/4225/4144 3307/4490/4399 3571/4329/4248
f 3323/4491/4400 3528/4492/4401 3534/4493/4402
f 3574/4149/4070 3475/4148/4069 3545/4494/4325
f 3319/4495/4403 3405/4496/4404 3467/4377/4296
f 3405/4497/4405 3664/4180/4101 3685/4219/4138
f 3712/4305/4225 3517/4307/4227 3331/4311/4231
f 3564/4498/4406 3406/4313/4233 3656/4499/4327
f 3309/4475/4966 3689/4500/4967 3691/4473/4384
f 3660/4361/4280 3356/4501/4408 3407/4359/4278
f 3715/4502/4409 3629/4428/4343 3627/4427/4342
f 3465/4251/4170 3506/4438/4352 3490/4249/4168
f 3326/4503/4410 3368/4504/4411 3409/4505/4412
f 3669/4186/4107 3663/4506/4968 3675/4184/4105
f 3410/4098/4019 3631/4402/4321 3511/4139/4060
f 3410/4098/4019 3648/4507/4414 3627/4427/4342
f 3713/4508/4415 3599/4100/4021 3597/4099/4020
f 3488/4328/4247 3505/4121/4042 3466/4326/4245
f 3398/4298/4217 3496/4297/4216 3412/4509/4416
f 3412/4509/4416 3568/4510/4417 3534/4511/4418
f 3487/4122/4043 3328/4512/4419 3495/4106/4027
f 3710/4513/4420 3597/4099/4020 3621/4330/4249
f 3358/4514/4054 3622/4515/4421 3634/4435/4274
f 3414/4351/4270 3667/4353/4272 3641/4516/4189
f 3716/4189/4110 3708/4429/4344 3426/4187/4108
f 3516/4160/4946 3518/4190/4038 3341/4517/4422
f 3428/4235/4154 3630/4314/4234 3652/4518/4423
f 3416/4358/4277 3459/4519/4424 3477/4356/4275
f 3702/4369/4288 3646/4372/4291 3570/4371/4290
f 3500/4234/4153 3416/4202/4121 3306/4201/4120
f 3689/4343/4262 3309/4520/4425 3617/4213/4132
f 3608/4324/4243 3418/4323/4958 3309/4520/4425
f 3704/4470/4381 3419/4282/4201 3426/4187/4108
f 3363/4242/4161 3527/4241/4160 3515/4374/4293
f 3315/4521/4426 3695/4522/4427 3530/4523/4428
f 3686/4524/4429 3420/4525/4430 3526/4275/4194
f 3421/4116/4037 3341/4526/4422 3518/4117/4038
f 3550/4281/4200 3573/4277/4196 3508/4276/4195
f 3600/4527/4390 3709/4528/4431 3330/4299/4218
f 3567/4365/4284 3330/4299/4218 3709/4528/4431
f 3521/4529/4432 3333/4530/4433 3423/4531/4434
f 3481/4532/4435 3522/4533/4436 3431/4534/4437
f 3447/4535/4438 3541/4536/4969 3308/4537/4440
f 3610/4349/4268 3308/4538/4970 3440/4442/4098
f 3390/4453/4366 3425/4339/4258 3697/4338/4257
f 3390/4450/4363 3482/4183/4104 3683/4182/4103
f 3673/4482/4392 3426/4187/4108 3454/4283/4202
f 3426/4187/4108 3342/4448/4361 3638/4188/4109
f 3695/4522/4427 3315/4521/4426 3427/4539/4442
f 3694/4540/4443 3521/4529/4432 3423/4531/4434
f 3717/4197/4116 3349/4196/4115 3651/4541/4326
f 3651/4407/4326 3349/4410/4115 3470/4542/4444
f 3535/4543/4445 3430/4544/4190 3598/4462/4372
f 3535/4545/4446 3321/4546/4447 3375/4547/4331
f 3393/4464/4374 3430/4544/4190 3641/4516/4189
f 3430/4544/4190 3595/4463/4373 3598/4462/4372
f 3534/4493/4402 3568/4548/4448 3323/4491/4400
f 3522/4533/4436 3560/4549/4449 3431/4534/4437
f 3381/4550/4450 3432/4487/4397 3402/4264/4183
f 3706/4551/4451 3381/4155/4076 3681/4154/4075
f 3437/4478/4388 3433/4552/4452 3372/4476/4387
f 3433/4552/4452 3443/4553/4453 3680/4554/4454
f 3318/4440/4354 3434/4110/4031 3506/4438/4352
f 3542/4347/4266 3585/4555/4267 3625/4345/4264
f 3410/4098/4019 3629/4428/4343 3621/4330/4249
f 3435/4111/4032 3434/4110/4031 3484/4114/4035
f 3436/4556/4455 3707/4129/4050 3565/4128/4049
f 3436/4557/4456 3375/4547/4331 3321/4546/4447
f 3552/4172/4093 3544/4147/4944 3520/4170/4091
f 3437/4478/4388 3309/4475/4966 3397/4474/4385
f 3664/4180/4101 3311/4558/4457 3665/4559/4458
f 3665/4560/4459 3311/4561/4460 3391/4457/4369
f 3439/4333/4252 3478/4247/4166 3374/4331/4250
f 3613/4562/4461 3580/4367/4286 3589/4156/4077
f 3553/4418/4335 3440/4563/4462 3424/4416/4333
f 3440/4563/4462 3308/4537/4440 3541/4536/4969
f 3507/4163/4084 3499/4162/4947 3441/4140/4061
f 3714/4564/4463 3631/4402/4321 3599/4100/4021
f 3442/4290/4209 3444/4565/4464 3699/4223/4953
f 3480/4131/4052 3444/4565/4464 3442/4290/4209
f 3316/4566/4465 3680/4554/4454 3443/4553/4453
f 3443/4553/4453 3404/4567/4466 3316/4566/4465
f 3444/4302/4221 3347/4568/4467 3366/4300/4221
f 3347/4569/4468 3444/4565/4464 3480/4131/4052
f 3346/4239/4158 3503/4103/4024 3445/4102/4023
f 3445/4102/4023 3670/4570/4469 3346/4239/4158
f 3389/4571/4470 3446/4315/4235 3304/4449/4362
f 3401/4316/4236 3304/4449/4362 3446/4315/4235
f 3686/4572/4471 3324/4573/4472 3420/4574/4473
f 3523/4575/4474 3324/4573/4472 3686/4572/4471
f 3340/4576/4475 3655/4274/4193 3447/4273/4192
f 3635/4472/4383 3594/4471/4382 3655/4274/4193
f 3449/4577/4476 3706/4551/4451 3681/4154/4075
f 3449/4287/4206 3314/4399/4318 3343/4288/4207
f 3580/4367/4286 3613/4562/4461 3386/4578/4477
f 3315/4443/4356 3386/4578/4477 3613/4562/4461
f 3324/4432/4964 3382/4579/4971 3615/4580/4479
f 3583/4175/4096 3615/4580/4479 3382/4579/4971
f 3377/4581/4972 3616/4167/4088 3581/4582/4338
f 3616/4167/4088 3377/4581/4972 3529/4165/4086
f 3308/4538/4970 3385/4583/4481 3618/4584/4482
f 3578/4441/4355 3618/4584/4482 3385/4583/4481
f 3719/4585/4483 3317/4309/4229 3399/4109/4942
f 3317/4309/4229 3719/4585/4483 3419/4282/4201
f 3653/4586/4484 3383/4587/4351 3661/4434/4349
f 3383/4588/4351 3653/4589/4484 3576/4105/4941
f 3632/4176/4097 3625/4590/4264 3585/4591/4267
f 3553/4178/4949 3357/4269/4188 3632/4176/4097
f 3457/4592/4082 3473/4593/4163 3360/4594/4485
f 3567/4595/4284 3360/4594/4485 3547/4596/4283
f 3333/4597/4954 3392/4598/4486 3624/4599/4487
f 3494/4600/4371 3624/4599/4487 3392/4598/4486
f 3459/4519/4424 3359/4601/4488 3661/4434/4279
f 3630/4314/4234 3676/4238/4157 3359/4237/4156
f 3510/4119/4040 3460/4118/4039 3351/4602/4237
f 3594/4471/4382 3351/4603/4237 3601/4321/4240
f 3325/4226/4145 3461/4123/4044 3487/4122/4043
f 3584/4604/4319 3576/4105/4941 3455/4605/4135
f 3336/4606/4148 3462/4607/4085 3507/4608/4084
f 3588/4390/4309 3579/4391/4310 3614/4483/4393
f 3615/4580/4479 3583/4175/4096 3590/4142/4063
f 3490/4249/4168 3463/4366/4285 3361/4250/4169
f 3305/4327/4246 3464/4228/4147 3488/4328/4247
f 3591/4392/4311 3581/4582/4338 3616/4167/4088
f 3506/4438/4352 3465/4251/4170 3384/4439/4353
f 3618/4584/4482 3578/4441/4355 3587/4174/4095
f 3352/4227/4146 3466/4326/4245 3505/4121/4042
f 3586/4325/4244 3582/4214/4133 3617/4213/4132
f 3345/4609/4489 3467/4610/4490 3669/4186/4107
f 3364/4611/4298 3467/4377/4296 3405/4496/4404
f 3468/4393/4312 3368/4504/4411 3326/4503/4410
f 3685/4219/4138 3468/4612/4491 3405/4497/4405
f 3469/4101/4022 3639/4285/4204 3636/4284/4203
f 3445/4102/4023 3469/4101/4022 3380/4295/4214
f 3373/4613/4492 3564/4498/4406 3470/4614/4444
f 3470/4542/4444 3349/4410/4115 3373/4615/4492
f 3544/4147/4944 3552/4172/4093 3572/4145/4066
f 3515/4374/4293 3471/4376/4295 3363/4242/4161
f 3503/4103/4024 3472/4240/4159 3332/4375/4294
f 3545/4494/4325 3551/4616/4292 3574/4149/4070
f 3575/4280/4199 3550/4281/4200 3537/4278/4956
f 3341/4517/4422 3473/4244/4163 3516/4160/4946
f 3489/4344/4263 3554/4419/4336 3577/4171/4092
f 3527/4241/4160 3474/4243/4162 3348/4308/4228
f 3475/4148/4069 3404/4617/4493 3443/4618/4973
f 3404/4617/4493 3475/4148/4069 3602/4230/4149
f 3476/4346/4265 3625/4345/4264 3339/4619/4495
f 3705/4620/4375 3403/4621/4496 3658/4113/4034
f 3322/4436/4350 3634/4435/4274 3622/4515/4421
f 3322/4622/4497 3477/4356/4275 3459/4519/4424
f 3478/4247/4166 3334/4623/4498 3463/4366/4285
f 3478/4247/4166 3439/4333/4252 3334/4623/4498
f 3387/4624/4499 3479/4336/4255 3662/4335/4254
f 3479/4336/4255 3387/4624/4499 3323/4444/4357
f 3647/4291/4210 3347/4569/4468 3480/4131/4052
f 3693/4130/4051 3647/4291/4210 3480/4131/4052
f 3481/4532/4435 3423/4531/4434 3333/4530/4433
f 3539/4233/4152 3547/4364/4283 3481/4231/4150
f 3366/4625/4500 3664/4180/4101 3482/4183/4104
f 3531/4152/4073 3366/4625/4500 3482/4183/4104
f 3314/4399/4318 3483/4397/4316 3504/4398/4317
f 3483/4626/4501 3681/4154/4075 3675/4184/4105
f 3484/4114/4035 3353/4627/4502 3435/4111/4032
f 3353/4627/4502 3484/4114/4035 3571/4329/4248
f 3343/4488/4398 3402/4138/4059 3485/4628/4503
f 3343/4288/4207 3485/4486/4396 3706/4286/4205
f 3345/4294/4213 3486/4337/4256 3683/4292/4211
f 3486/4629/4504 3345/4609/4489 3693/4130/4051
f 3411/4630/4505 3413/4631/4506 3487/4122/4043
f 3328/4512/4419 3487/4122/4043 3413/4631/4506
f 3505/4121/4042 3488/4328/4247 3329/4632/4507
f 3371/4633/4508 3329/4632/4507 3488/4328/4247
f 3691/4634/4509 3489/4344/4263 3520/4170/4091
f 3682/4126/4047 3356/4635/4510 3660/4124/4045
f 3312/4636/4511 3490/4249/4168 3506/4438/4352
f 3490/4249/4168 3312/4636/4511 3379/4248/4167
f 3683/4182/4103 3664/4180/4101 3491/4637/4512
f 3491/4293/4212 3319/4495/4403 3467/4377/4296
f 3492/4262/4181 3337/4638/4513 3378/4260/4179
f 3675/4184/4105 3337/4639/4514 3492/4185/4106
f 3677/4107/4028 3493/4310/4230 3626/4108/4029
f 3493/4310/4230 3642/4485/4395 3401/4316/4236
f 3649/4332/4251 3374/4331/4250 3593/4412/4329
f 3624/4599/4487 3494/4600/4371 3303/4334/4253
f 3307/4490/4399 3495/4106/4027 3328/4512/4419
f 3495/4106/4027 3307/4490/4399 3592/4104/4025
f 3496/4297/4216 3539/4233/4152 3431/4232/4151
f 3568/4510/4417 3412/4509/4416 3496/4297/4216
f 3338/4640/4515 3659/4641/4516 3666/4642/4517
f 3659/4641/4516 3637/4643/4518 3536/4644/4519
f 3396/4211/4130 3498/4192/4036 3502/4191/4111
f 3498/4115/4036 3396/4645/4130 3635/4472/4383
f 3462/4607/4085 3354/4646/4520 3499/4647/4947
f 3593/4412/4329 3499/4162/4947 3354/4648/4520
f 3500/4234/4153 3306/4201/4120 3570/4649/4521
f 3417/4650/4522 3674/4198/4117 3717/4197/4116
f 3501/4194/4113 3362/4254/4173 3718/4263/4182
f 3501/4194/4113 3429/4651/4523 3646/4652/4524
f 3304/4449/4362 3502/4191/4111 3389/4571/4470
f 3415/4653/4525 3389/4571/4470 3502/4191/4111
f 3395/4654/4526 3503/4103/4024 3515/4374/4293
f 3503/4103/4024 3395/4654/4526 3469/4101/4022
f 3504/4655/4527 3684/4179/4100 3343/4488/4398
f 3369/4395/4314 3504/4398/4317 3483/4397/4316
f 3329/4632/4507 3411/4630/4505 3505/4121/4042
f 3487/4122/4043 3505/4121/4042 3411/4630/4505
f 3506/4438/4352 3408/4112/4033 3312/4636/4511
f 3408/4112/4033 3506/4438/4352 3434/4110/4031
f 3441/4140/4061 3371/4633/4508 3507/4163/4084
f 3488/4328/4247 3507/4163/4084 3371/4633/4508
f 3537/4278/4956 3508/4276/4195 3695/4656/4528
f 3508/4276/4195 3526/4275/4194 3420/4525/4430
f 3571/4329/4248 3509/4657/4529 3353/4627/4502
f 3413/4631/4506 3509/4657/4529 3328/4512/4419
f 3707/4129/4050 3436/4556/4455 3510/4119/4040
f 3642/4485/4395 3493/4310/4230 3350/4484/4394
f 3633/4141/4062 3379/4248/4167 3511/4139/4060
f 3511/4139/4060 3648/4507/4414 3410/4098/4019
f 3399/4109/4942 3512/4481/4391 3719/4585/4483
f 3698/4169/4090 3399/4109/4942 3626/4108/4029
f 3596/4381/4300 3513/4253/4172 3306/4201/4120
f 3306/4201/4120 3702/4658/4530 3570/4649/4531
f 3351/4603/4237 3594/4471/4382 3514/4659/4129
f 3514/4210/4129 3546/4319/4238 3351/4318/4237
f 3313/4660/4532 3515/4374/4293 3527/4241/4160
f 3515/4374/4293 3313/4660/4532 3395/4654/4526
f 3518/4190/4038 3516/4160/4946 3320/4661/4533
f 3380/4295/4214 3320/4661/4533 3516/4160/4946
f 3676/4238/4157 3517/4307/4227 3376/4236/4155
f 3406/4313/4233 3564/4498/4406 3517/4307/4227
f 3502/4191/4111 3518/4190/4038 3415/4653/4525
f 3320/4661/4533 3415/4653/4525 3518/4190/4038
f 3519/4146/4943 3433/4662/4974 3437/4663/4535
f 3433/4662/4974 3519/4146/4943 3545/4406/4325
f 3397/4664/4975 3520/4170/4091 3544/4147/4944
f 3520/4170/4091 3397/4664/4975 3691/4634/4509
f 3315/4521/4426 3521/4529/4432 3694/4540/4443
f 3613/4562/4461 3521/4246/4165 3315/4443/4356
f 3624/4599/4487 3522/4206/4950 3333/4597/4954
f 3333/4530/4433 3522/4533/4436 3481/4532/4435
f 3308/4537/4440 3523/4575/4474 3447/4535/4438
f 3618/4584/4482 3523/4433/4965 3308/4538/4970
f 3365/4665/4537 3524/4382/4960 3338/4430/4345
f 3365/4666/4538 3335/4220/4139 3524/4252/4171
f 3670/4570/4469 3445/4102/4023 3600/4480/4390
f 3412/4509/4416 3525/4479/4389 3398/4298/4217
f 3526/4275/4194 3340/4576/4475 3447/4273/4192
f 3573/4277/4196 3635/4472/4383 3526/4275/4194
f 3419/4282/4201 3527/4241/4160 3317/4309/4229
f 3527/4241/4160 3419/4282/4201 3313/4660/4532
f 3316/4566/4465 3404/4567/4466 3528/4492/4401
f 3316/4404/4962 3528/4256/4955 3400/4667/4539
f 3309/4475/4966 3437/4478/4388 3529/4477/4388
f 3309/4520/4425 3529/4668/4086 3608/4324/4243
f 3324/4573/4472 3530/4523/4428 3420/4574/4473
f 3615/4580/4479 3530/4431/4963 3324/4432/4964
f 3532/4669/4540 3366/4625/4500 3531/4152/4073
f 3327/4670/4541 3531/4152/4073 3644/4151/4072
f 3532/4301/4542 3327/4303/4223 3444/4302/4222
f 3327/4670/4541 3532/4669/4540 3531/4152/4073
f 3347/4569/4468 3647/4291/4210 3533/4222/4141
f 3347/4671/4543 3533/4387/4306 3548/4386/4305
f 3602/4230/4149 3534/4511/4418 3404/4617/4493
f 3404/4567/4466 3534/4493/4402 3528/4492/4401
f 3429/4651/4523 3700/4672/4544 3646/4652/4524
f 3535/4543/4445 3696/4673/4112 3430/4544/4190
f 3536/4447/4360 3310/4383/4302 3388/4674/4545
f 3536/4644/4519 3718/4263/4182 3497/4132/4053
f 3540/4279/4198 3537/4278/4956 3427/4675/4546
f 3695/4656/4528 3427/4675/4546 3537/4278/4956
f 3359/4237/4156 3376/4236/4155 3538/4676/4046
f 3538/4125/4046 3376/4677/4155 3554/4419/4336
f 3539/4233/4152 3496/4297/4216 3330/4299/4218
f 3330/4299/4218 3567/4365/4284 3539/4233/4152
f 3360/4594/4485 3575/4280/4199 3540/4279/4198
f 3540/4279/4198 3547/4596/4283 3360/4594/4485
f 3541/4536/4969 3424/4416/4333 3440/4563/4462
f 3424/4678/4957 3541/4272/4191 3601/4321/4240
f 3434/4110/4031 3318/4440/4354 3542/4347/4266
f 3434/4110/4031 3542/4347/4266 3658/4113/4034
f 3543/4679/4187 3339/4619/4495 3625/4345/4264
f 3339/4680/4495 3543/4268/4187 3595/4463/4373
f 3437/4663/4535 3544/4147/4944 3519/4146/4943
f 3544/4147/4944 3437/4663/4535 3397/4664/4975
f 3443/4618/4973 3545/4494/4325 3475/4148/4069
f 3545/4406/4325 3443/4681/4973 3433/4662/4974
f 3401/4316/4236 3546/4319/4238 3304/4449/4362
f 3546/4319/4238 3514/4210/4129 3304/4449/4362
f 3423/4682/4282 3481/4231/4150 3547/4364/4283
f 3547/4596/4283 3540/4279/4198 3423/4363/4282
f 3664/4180/4101 3366/4625/4500 3548/4388/4307
f 3548/4386/4305 3366/4683/4547 3347/4671/4543
f 3317/4309/4229 3348/4308/4228 3549/4420/4337
f 3317/4309/4229 3549/4420/4337 3712/4305/4225
f 3550/4281/4200 3575/4280/4199 3341/4526/4422
f 3341/4526/4422 3421/4116/4037 3550/4281/4200
f 3551/4684/4292 3471/4376/4295 3332/4375/4294
f 3332/4685/4294 3574/4149/4070 3551/4616/4292
f 3552/4686/4093 3474/4243/4162 3363/4242/4161
f 3363/4687/4161 3572/4145/4066 3552/4172/4093
f 3357/4269/4188 3553/4178/4949 3321/4267/4186
f 3553/4418/4335 3436/4557/4456 3321/4546/4447
f 3348/4308/4228 3577/4688/4092 3554/4421/4336
f 3554/4421/4336 3549/4420/4337 3348/4308/4228
f 3675/4184/4105 3555/4218/4137 3337/4639/4514
f 3337/4638/4548 3555/4425/4548 3611/4424/4548
f 3556/4203/4122 3400/4667/4539 3528/4256/4955
f 3400/4667/4539 3556/4203/4122 3588/4390/4309
f 3497/4132/4053 3557/4255/4174 3355/4468/4379
f 3355/4467/4378 3557/4342/4261 3619/4341/4260
f 3673/4482/4392 3512/4481/4391 3558/4168/4948
f 3342/4448/4361 3558/4168/4948 3446/4315/4235
f 3559/4689/4271 3603/4354/4273 3403/4621/4496
f 3403/4621/4496 3705/4620/4375 3559/4689/4271
f 3560/4549/4449 3323/4491/4400 3568/4548/4448
f 3323/4444/4357 3560/4445/4358 3479/4336/4255
f 3561/4212/4131 3370/4401/4961 3407/4690/4549
f 3370/4401/4961 3561/4212/4131 3582/4214/4133
f 3562/4136/4057 3531/4152/4073 3335/4220/4139
f 3335/4220/4139 3365/4666/4538 3562/4136/4057
f 3563/4150/4071 3472/4691/4159 3346/4692/4158
f 3346/4692/4158 3525/4479/4389 3563/4150/4071
f 3564/4498/4406 3331/4311/4231 3517/4307/4227
f 3564/4498/4406 3687/4312/4232 3331/4311/4231
f 3565/4693/4049 3375/4547/4550 3436/4557/4455
f 3674/4694/4117 3690/4411/4328 3349/4410/4115
f 3354/4646/4520 3462/4607/4085 3566/4205/4124
f 3662/4335/4254 3566/4205/4124 3387/4624/4499
f 3360/4594/4485 3567/4595/4284 3457/4592/4082
f 3709/4528/4431 3457/4695/4082 3567/4365/4284
f 3568/4548/4448 3431/4534/4437 3560/4549/4449
f 3496/4297/4216 3431/4232/4151 3568/4510/4417
f 3569/4217/4551 3661/4434/4279 3407/4690/4278
f 3569/4217/4136 3407/4690/4549 3628/4215/4134
f 3570/4649/4521 3417/4650/4522 3500/4234/4153
f 3570/4371/4290 3700/4370/4289 3417/4415/4332
f 3328/4512/4419 3509/4657/4529 3571/4329/4248
f 3328/4512/4419 3571/4329/4248 3307/4490/4399
f 3471/4696/4295 3551/4373/4292 3572/4145/4066
f 3572/4697/4066 3363/4242/4161 3471/4376/4295
f 3421/4116/4037 3498/4115/4036 3573/4277/4196
f 3573/4277/4196 3550/4281/4200 3421/4116/4037
f 3472/4691/4159 3563/4150/4071 3574/4149/4070
f 3574/4698/4070 3332/4375/4294 3472/4240/4159
f 3473/4593/4163 3341/4526/4422 3575/4280/4199
f 3575/4280/4199 3360/4594/4485 3473/4593/4163
f 3325/4226/4145 3495/4106/4027 3576/4105/4941
f 3576/4105/4941 3584/4604/4319 3325/4226/4145
f 3474/4699/4162 3552/4172/4093 3577/4171/4092
f 3577/4688/4092 3348/4308/4228 3474/4243/4162
f 3578/4700/4355 3318/4440/4354 3384/4439/4353
f 3384/4701/4353 3587/4174/4095 3578/4441/4355
f 3336/4606/4148 3464/4702/4147 3579/4391/4310
f 3579/4391/4310 3588/4390/4309 3336/4606/4148
f 3580/4367/4286 3463/4703/4285 3334/4704/4498
f 3334/4704/4498 3589/4156/4077 3580/4367/4286
f 3305/4327/4246 3466/4326/4245 3581/4705/4338
f 3581/4582/4338 3591/4392/4311 3305/4706/4246
f 3582/4707/4133 3586/4708/4244 3352/4227/4146
f 3352/4227/4146 3461/4123/4044 3582/4707/4133
f 3583/4175/4096 3465/4709/4170 3361/4710/4169
f 3361/4710/4169 3590/4142/4063 3583/4175/4096
f 3461/4123/4044 3325/4226/4145 3584/4604/4319
f 3584/4604/4319 3582/4707/4133 3461/4123/4044
f 3318/4440/4354 3578/4700/4355 3585/4555/4267
f 3585/4555/4267 3542/4347/4266 3318/4440/4354
f 3466/4326/4245 3352/4227/4146 3586/4708/4244
f 3586/4708/4244 3581/4705/4338 3466/4326/4245
f 3465/4709/4170 3583/4175/4096 3587/4174/4095
f 3587/4174/4095 3384/4701/4353 3465/4709/4170
f 3588/4390/4309 3566/4205/4124 3462/4607/4085
f 3462/4607/4085 3336/4606/4148 3588/4390/4309
f 3439/4333/4252 3494/4711/4371 3589/4712/4077
f 3589/4712/4077 3334/4623/4498 3439/4333/4252
f 3463/4703/4285 3580/4367/4286 3590/4142/4063
f 3590/4142/4063 3361/4710/4169 3463/4703/4285
f 3591/4392/4311 3579/4391/4310 3464/4702/4147
f 3464/4702/4147 3305/4706/4246 3591/4392/4311
f 3634/4435/4274 3383/4437/4351 3592/4713/4025
f 3576/4105/4941 3592/4104/4025 3383/4588/4351
f 3303/4334/4253 3649/4714/4251 3593/4715/4329
f 3662/4335/4254 3303/4334/4253 3593/4715/4329
f 3396/4211/4130 3514/4210/4129 3594/4716/4382
f 3594/4471/4382 3635/4472/4383 3396/4645/4130
f 3430/4544/4190 3393/4464/4374 3595/4463/4373
f 3705/4465/4375 3595/4463/4373 3393/4464/4374
f 3306/4201/4120 3310/4717/4976 3596/4381/4300
f 3310/4717/4553 3524/4252/4553 3596/4381/4553
f 3509/4657/4529 3413/4631/4506 3597/4099/4020
f 3713/4508/4415 3597/4099/4020 3413/4631/4506
f 3543/4268/4187 3321/4267/4186 3598/4462/4372
f 3598/4462/4372 3321/4267/4186 3535/4543/4445
f 3714/4564/4463 3599/4100/4021 3329/4632/4507
f 3411/4630/4505 3329/4632/4507 3599/4100/4021
f 3398/4298/4217 3670/4718/4469 3600/4527/4390
f 3600/4527/4390 3330/4299/4218 3398/4298/4217
f 3601/4719/4240 3460/4118/4039 3424/4322/4957
f 3460/4118/4039 3601/4719/4240 3351/4602/4237
f 3525/4479/4389 3412/4509/4416 3602/4230/4149
f 3534/4511/4418 3602/4230/4149 3412/4509/4416
f 3307/4490/4399 3403/4621/4496 3603/4354/4273
f 3603/4354/4273 3592/4104/4025 3307/4490/4399
f 3494/4461/4371 3392/4720/4486 3604/4157/4078
f 3333/4245/4954 3604/4157/4078 3392/4720/4486
f 3580/4367/4286 3386/4578/4477 3605/4143/4064
f 3315/4443/4356 3605/4143/4064 3386/4578/4477
f 3367/4405/4324 3606/4257/4176 3680/4403/4322
f 3606/4257/4176 3367/4405/4324 3579/4391/4310
f 3583/4175/4096 3382/4579/4971 3607/4173/4094
f 3324/4432/4964 3607/4173/4094 3382/4579/4971
f 3377/4721/4972 3608/4324/4243 3529/4668/4086
f 3608/4324/4243 3377/4721/4972 3581/4422/4338
f 3350/4484/4394 3687/4312/4232 3609/4722/4048
f 3609/4127/4048 3373/4615/4492 3349/4410/4115
f 3578/4441/4355 3385/4583/4481 3610/4349/4268
f 3308/4538/4970 3610/4349/4268 3385/4583/4481
f 3684/4179/4100 3378/4224/4143 3611/4289/4208
f 3611/4424/4548 3378/4260/4548 3337/4638/4548
f 3612/4204/4123 3387/4624/4499 3566/4205/4124
f 3387/4624/4499 3612/4204/4123 3323/4444/4357
f 3589/4156/4077 3450/4158/4945 3613/4562/4461
f 3521/4246/4165 3613/4562/4461 3450/4158/4945
f 3400/4667/4539 3614/4483/4393 3316/4404/4962
f 3614/4483/4393 3400/4667/4539 3588/4390/4309
f 3530/4431/4963 3615/4580/4479 3451/4144/4065
f 3590/4142/4063 3451/4144/4065 3615/4580/4479
f 3616/4167/4088 3452/4258/4177 3591/4392/4311
f 3452/4258/4177 3616/4167/4088 3372/4166/4087
f 3617/4213/4132 3418/4323/4958 3586/4325/4244
f 3418/4323/4958 3617/4213/4132 3309/4520/4425
f 3587/4174/4095 3453/4209/4952 3618/4584/4482
f 3523/4433/4965 3618/4584/4482 3453/4209/4952
f 3679/4452/4365 3355/4467/4378 3619/4341/4260
f 3335/4723/4139 3619/4341/4554 3513/4340/4555
f 3620/4221/4140 3669/4186/4107 3391/4259/4178
f 3620/4459/4370 3391/4457/4369 3311/4561/4460
f 3710/4513/4420 3621/4330/4249 3353/4627/4502
f 3435/4111/4032 3353/4627/4502 3621/4330/4249
f 3692/4724/4056 3622/4515/4421 3358/4514/4054
f 3477/4725/4556 3322/4726/4350 3622/4727/4421
f 3436/4557/4456 3553/4418/4335 3623/4417/4334
f 3436/4556/4455 3668/4120/4041 3510/4119/4040
f 3303/4334/4253 3458/4207/4951 3624/4599/4487
f 3522/4206/4950 3624/4599/4487 3458/4207/4951
f 3625/4590/4264 3357/4269/4188 3543/4268/4187
f 3625/4728/4264 3632/4729/4097 3357/4730/4188
f 3401/4316/4236 3626/4108/4029 3493/4310/4230
f 3626/4108/4029 3401/4316/4236 3558/4168/4948
f 3379/4248/4167 3312/4636/4511 3627/4427/4342
f 3715/4502/4409 3627/4427/4342 3312/4636/4511
f 3628/4215/4134 3370/4401/4961 3584/4400/4319
f 3370/4401/4961 3628/4215/4134 3407/4690/4549
f 3408/4112/4033 3435/4111/4032 3629/4428/4343
f 3621/4330/4249 3629/4428/4343 3435/4111/4032
f 3630/4314/4234 3459/4731/4557 3652/4518/4423
f 3459/4731/4557 3630/4314/4234 3359/4237/4558
f 3371/4633/4508 3441/4140/4061 3631/4402/4321
f 3511/4139/4060 3631/4402/4321 3441/4140/4061
f 3585/4591/4267 3456/4732/4269 3632/4176/4097
f 3440/4177/4098 3632/4176/4097 3456/4732/4269
f 3499/4162/4947 3711/4413/4330 3633/4141/4062
f 3633/4141/4062 3374/4331/4250 3478/4247/4166
f 3634/4435/4274 3414/4351/4270 3358/4514/4054
f 3414/4351/4270 3634/4435/4274 3603/4489/4273
f 3655/4274/4193 3340/4576/4475 3635/4472/4383
f 3340/4576/4475 3526/4275/4194 3635/4472/4383
f 3380/4295/4214 3636/4284/4203 3708/4429/4344
f 3636/4284/4203 3380/4295/4214 3469/4101/4022
f 3637/4384/4303 3338/4430/4345 3524/4382/4960
f 3659/4641/4516 3338/4640/4515 3637/4643/4518
f 3389/4571/4470 3638/4188/4109 3446/4315/4235
f 3638/4188/4109 3389/4571/4470 3415/4653/4525
f 3395/4654/4526 3639/4285/4204 3469/4101/4022
f 3639/4285/4204 3395/4654/4526 3313/4660/4532
f 3501/4194/4113 3640/4134/4055 3701/4195/4114
f 3640/4134/4055 3501/4194/4113 3388/4199/4118
f 3701/4733/4114 3641/4516/4189 3696/4673/4112
f 3641/4516/4189 3358/4514/4054 3414/4351/4270
f 3546/4319/4238 3642/4485/4395 3510/4317/4040
f 3350/4484/4394 3510/4317/4040 3642/4485/4395
f 3405/4734/4404 3643/4380/4299 3364/4379/4298
f 3405/4497/4405 3468/4612/4491 3643/4735/4559
f 3644/4151/4072 3343/4488/4398 3684/4179/4100
f 3644/4151/4072 3562/4136/4057 3343/4488/4398
f 3422/4159/4080 3645/4296/4215 3380/4295/4214
f 3422/4159/4080 3600/4480/4390 3645/4296/4215
f 3501/4194/4113 3646/4652/4524 3362/4254/4173
f 3702/4369/4288 3362/4368/4287 3646/4372/4291
f 3647/4291/4210 3693/4130/4051 3345/4609/4489
f 3647/4291/4210 3345/4609/4489 3669/4186/4107
f 3511/4139/4060 3379/4248/4167 3648/4507/4414
f 3627/4427/4342 3648/4507/4414 3379/4248/4167
f 3649/4714/4251 3303/4334/4253 3494/4600/4371
f 3494/4711/4371 3439/4333/4252 3649/4332/4251
f 3650/4357/4560 3692/4736/4560 3388/4674/4560
f 3650/4357/4276 3388/4674/4545 3678/4446/4359
f 3651/4541/4326 3428/4235/4154 3500/4234/4153
f 3406/4409/4233 3428/4737/4154 3651/4407/4326
f 3652/4518/4561 3459/4731/4561 3416/4202/4561
f 3428/4235/4154 3652/4518/4423 3416/4202/4121
f 3653/4589/4484 3455/4605/4135 3576/4105/4941
f 3455/4216/4135 3653/4586/4484 3661/4434/4349
f 3376/4236/4155 3654/4306/4226 3549/4420/4337
f 3654/4306/4226 3376/4236/4155 3517/4307/4227
f 3655/4274/4193 3448/4320/4239 3541/4272/4191
f 3448/4320/4239 3655/4274/4193 3594/4471/4382
f 3470/4614/4444 3564/4498/4406 3656/4499/4327
f 3656/4408/4327 3651/4407/4326 3470/4542/4444
f 3327/4670/4541 3644/4151/4072 3657/4426/4341
f 3327/4303/4223 3657/4738/4562 3699/4304/4224
f 3476/4346/4265 3658/4113/4034 3542/4347/4266
f 3339/4619/4495 3658/4113/4034 3476/4346/4265
f 3381/4155/4076 3659/4641/4516 3497/4132/4053
f 3659/4641/4516 3536/4644/4519 3497/4132/4053
f 3359/4739/4488 3660/4361/4280 3661/4360/4279
f 3538/4125/4046 3660/4124/4045 3359/4740/4156
f 3661/4434/4279 3322/4622/4497 3459/4519/4424
f 3322/4622/4350 3661/4434/4349 3383/4587/4351
f 3593/4715/4329 3354/4646/4520 3662/4335/4254
f 3566/4205/4124 3662/4335/4254 3354/4646/4520
f 3326/4741/608 3675/4184/4105 3663/4506/4968
f 3326/4503/4410 3663/4378/4297 3468/4393/4312
f 3319/4742/4563 3491/4637/4512 3664/4180/4101
f 3664/4180/4101 3405/4497/4405 3319/4742/4563
f 3665/4559/4458 3438/4181/4102 3664/4180/4101
f 3438/4456/4368 3665/4560/4459 3391/4457/4369
f 3666/4266/4185 3381/4550/4450 3402/4264/4183
f 3659/4641/4516 3381/4155/4076 3666/4642/4517
f 3667/4353/4272 3559/4352/4271 3393/4464/4374
f 3641/4516/4189 3667/4353/4272 3393/4464/4374
f 3668/4120/4041 3623/4743/4564 3424/4322/4957
f 3623/4743/4564 3668/4120/4041 3436/4556/4455
f 3669/4186/4107 3467/4610/4490 3364/4744/4565
f 3669/4186/4107 3364/4744/4566 3663/4506/4968
f 3670/4718/4469 3398/4298/4217 3525/4479/4389
f 3525/4479/4389 3346/4692/4158 3670/4718/4469
f 3403/4621/4496 3671/4225/4144 3658/4113/4034
f 3307/4490/4399 3671/4225/4144 3403/4621/4496
f 3479/4336/4255 3672/4208/4127 3303/4334/4253
f 3672/4208/4127 3479/4336/4255 3560/4445/4358
f 3673/4482/4392 3342/4448/4361 3426/4187/4108
f 3558/4168/4948 3342/4448/4361 3673/4482/4392
f 3674/4694/4117 3375/4745/4550 3690/4411/4328
f 3674/4198/4567 3417/4650/4567 3375/4746/4567
f 3409/4747/608 3675/4184/4105 3326/4741/608
f 3675/4748/4315 3409/4505/4412 3685/4749/4313
f 3517/4307/4227 3676/4238/4157 3406/4313/4233
f 3676/4238/4157 3630/4314/4234 3406/4313/4233
f 3493/4310/4230 3677/4107/4028 3331/4311/4231
f 3331/4311/4231 3677/4107/4028 3712/4305/4225
f 3306/4201/4120 3678/4200/4119 3310/4717/4976
f 3310/4383/4302 3678/4446/4359 3388/4674/4545
f 3679/4451/4364 3335/4220/4139 3482/4183/4104
f 3619/4750/4554 3335/4220/4139 3679/4451/4364
f 3372/4166/4087 3680/4403/4322 3606/4257/4176
f 3680/4554/4454 3372/4476/4387 3433/4552/4452
f 3681/4154/4075 3483/4626/4501 3314/4751/4568
f 3681/4154/4075 3314/4751/4568 3449/4577/4476
f 3356/4635/4510 3682/4126/4047 3489/4344/4263
f 3554/4419/4336 3489/4344/4263 3682/4126/4047
f 3425/4752/4569 3390/4450/4363 3683/4182/4103
f 3425/4339/4258 3683/4292/4211 3486/4337/4256
f 3684/4179/4100 3369/4753/4570 3685/4219/4138
f 3684/4754/4100 3504/4398/4527 3369/4395/4571
f 3368/4504/4411 3685/4749/4313 3409/4505/4412
f 3368/4755/435 3468/4612/4491 3685/4219/4138
f 3447/4273/4192 3686/4524/4429 3526/4275/4194
f 3686/4572/4471 3447/4535/4438 3523/4575/4474
f 3373/4613/4492 3609/4722/4048 3687/4312/4232
f 3564/4498/4406 3373/4613/4492 3687/4312/4232
f 3311/4561/4460 3688/4460/4304 3620/4459/4370
f 3664/4180/4101 3688/4389/4308 3311/4558/4457
f 3689/4500/4967 3407/4359/4278 3356/4501/4408
f 3407/4690/4549 3689/4343/4262 3561/4212/4131
f 3375/4547/4550 3565/4693/4049 3690/4756/4328
f 3565/4128/4049 3609/4127/4048 3690/4411/4328
f 3356/4501/4408 3691/4473/4384 3689/4500/4967
f 3489/4344/4263 3691/4634/4509 3356/4635/4510
f 3692/4757/4056 3477/4725/4556 3622/4727/4421
f 3692/4757/4056 3650/4758/4572 3477/4725/4556
f 3394/4469/4380 3693/4130/4051 3497/4132/4053
f 3693/4130/4051 3697/4759/4573 3486/4629/4504
f 3427/4675/4546 3694/4362/4281 3540/4279/4198
f 3694/4540/4443 3427/4539/4442 3315/4521/4426
f 3420/4525/4430 3695/4656/4528 3508/4276/4195
f 3695/4522/4427 3420/4574/4473 3530/4523/4428
f 3696/4193/4112 3535/4760/4445 3429/4651/4523
f 3429/4651/4523 3501/4194/4113 3696/4193/4112
f 3697/4338/4257 3394/4454/4367 3390/4453/4366
f 3693/4130/4051 3394/4469/4380 3697/4759/4573
f 3698/4169/4090 3558/4168/4948 3512/4481/4391
f 3399/4109/4942 3698/4169/4090 3512/4481/4391
f 3700/4370/4574 3429/4761/4574 3535/4762/4574
f 3700/4370/4289 3535/4762/4446 3375/4414/4331
f 3641/4516/4189 3701/4733/4114 3358/4514/4054
f 3640/4134/4055 3358/4133/4054 3701/4195/4114
f 3702/4658/4530 3306/4201/4120 3513/4253/4172
f 3702/4369/4288 3513/4340/4959 3557/4342/4261
f 3703/4137/4058 3562/4136/4057 3365/4666/4538
f 3365/4665/4537 3338/4430/4345 3703/4265/4184
f 3704/4470/4381 3313/4660/4532 3419/4282/4201
f 3313/4660/4532 3704/4470/4381 3639/4285/4204
f 3658/4113/4034 3339/4619/4495 3705/4620/4375
f 3595/4463/4373 3705/4465/4375 3339/4680/4495
f 3432/4763/4575 3381/4155/4076 3706/4551/4451
f 3432/4487/4397 3706/4286/4205 3485/4486/4396
f 3609/4127/4048 3707/4129/4050 3350/4764/4394
f 3510/4119/4040 3350/4764/4394 3707/4129/4050
f 3708/4429/4344 3320/4661/4533 3380/4295/4214
f 3320/4661/4533 3708/4429/4344 3716/4189/4110
f 3600/4527/4390 3422/4765/4080 3709/4528/4431
f 3457/4161/4082 3709/4766/4431 3422/4159/4080
f 3597/4099/4020 3710/4513/4420 3509/4657/4529
f 3353/4627/4502 3509/4657/4529 3710/4513/4420
f 3711/4413/4330 3593/4412/4329 3374/4331/4250
f 3633/4141/4062 3711/4413/4330 3374/4331/4250
f 3399/4109/4942 3712/4305/4225 3677/4107/4028
f 3712/4305/4225 3399/4109/4942 3317/4309/4229
f 3599/4100/4021 3713/4508/4415 3411/4630/4505
f 3413/4631/4506 3411/4630/4505 3713/4508/4415
f 3631/4402/4321 3714/4564/4463 3371/4633/4508
f 3329/4632/4507 3371/4633/4508 3714/4564/4463
f 3629/4428/4343 3715/4502/4409 3408/4112/4033
f 3312/4636/4511 3408/4112/4033 3715/4502/4409
f 3716/4189/4110 3415/4653/4525 3320/4661/4533
f 3415/4653/4525 3716/4189/4110 3638/4188/4109
f 3651/4541/4326 3500/4234/4153 3717/4197/4116
f 3717/4197/4116 3500/4234/4153 3417/4650/4522
f 3718/4263/4182 3388/4199/4118 3501/4194/4113
f 3718/4263/4182 3536/4644/4519 3388/4199/4118
f 3719/4585/4483 3454/4283/4202 3419/4282/4201
f 3454/4283/4202 3719/4585/4483 3512/4481/4391
f 3867/4767/4576 3908/4768/4977 3772/4769/4578
f 3885/4770/4579 3928/4771/4978 3792/4772/4979
f 3738/4773/4582 3821/4774/4980 3768/4775/4584
f 3912/4776/4585 3852/4777/4586 3858/4778/4587
f 3902/4779/2905 3937/4780/4588 3750/4781/2906
f 3817/4782/4981 3776/4783/3292 3937/4780/4590
f 3832/4784/4591 3849/4785/4592 3933/4786/4593
f 3764/4787/4982 3935/4788/4595 3771/4789/4596
f 3893/4790/3015 3920/4791/3014 3835/4792/3640
f 3805/4793/4597 3936/4794/4598 3766/4795/4599
f 3919/4796/4600 3808/4797/4601 3740/4798/4602
f 3861/4799/3034 3865/4800/4603 3789/4801/2963
f 3832/4784/4604 3898/4802/4983 3744/4803/4606
f 3729/4804/4607 3914/4805/4608 3827/4806/4609
f 3818/4807/4610 3886/4808/2908 3883/4809/4611
f 3887/4810/2902 3871/4811/4612 3773/4812/4613
f 3902/4779/3061 3750/4781/3062 3826/4813/3063
f 3797/4814/4614 3855/4815/4615 3734/4816/4616
f 3801/4817/4617 3792/4818/4979 3928/4819/4978
f 3722/4820/4618 3858/4778/4619 3782/4821/4620
f 3859/4822/4621 3883/4809/4622 3886/4808/4623
f 3732/4823/4624 3789/4801/2963 3784/4824/2964
f 3745/4825/3216 3796/4826/4625 3857/4827/4626
f 3912/4776/4627 3853/4828/4628 3829/4829/4984
f 3874/4830/2849 3821/4831/4980 3796/4832/4625
f 3855/4815/4615 3752/4833/4630 3734/4816/4616
f 3753/4834/4631 3842/4835/4632 3885/4770/4631
f 3921/4836/4633 3889/4837/4634 3848/4838/4985
f 3940/4839/4636 3927/4840/4637 3863/4841/4638
f 3781/4842/4639 3877/4843/2940 3814/4844/4640
f 3911/4845/4986 3810/4846/4987 3822/4847/4643
f 3778/4848/4644 3766/4795/4645 3936/4794/4988
f 3811/4849/3136 3892/4850/4647 3775/4851/3138
f 3758/4852/4648 3880/4853/4649 3897/4854/4650
f 3876/4855/4651 3918/4856/4652 3737/4857/4653
f 3738/4773/4582 3800/4858/4654 3888/4859/4655
f 3807/4860/4656 3809/4861/4657 3879/4862/4658
f 3881/4863/3045 3899/4864/4659 3823/4865/4660
f 3725/4866/3042 3870/4867/3043 3932/4868/4661
f 3765/4869/3055 3903/4870/4662 3899/4864/4659
f 3919/4796/4663 3740/4798/4664 3841/4871/4665
f 3790/4872/3738 3773/4812/4613 3804/4873/4666
f 3743/4874/4667 3915/4875/4668 3773/4812/4613
f 3853/4876/3372 3834/4877/4669 3793/4878/3370
f 3846/4879/3052 3801/4817/4670 3763/4880/4671
f 3909/4881/4672 3844/4882/4673 3743/4874/4674
f 3909/4883/4675 3825/4884/4676 3753/4885/4677
f 3849/4785/4592 3799/4886/4678 3933/4786/4593
f 3769/4887/4679 3788/4888/4680 3837/4889/3171
f 3878/4890/4681 3771/4789/4596 3824/4891/4682
f 3857/4827/4626 3805/4793/4597 3766/4795/4599
f 3746/4892/2858 3836/4893/3139 3939/4894/2859
f 3861/4895/2857 3746/4892/2858 3939/4894/2859
f 3935/4896/4683 3807/4860/4656 3747/4897/4684
f 3828/4898/4685 3774/4899/4686 3760/4900/4687
f 3852/4901/4688 3815/4902/4689 3748/4903/4690
f 3917/4904/3218 3749/4905/3219 3855/4815/4615
f 3730/4906/3221 3762/4907/4691 3780/4908/3579
f 3732/4909/3129 3850/4910/4693 3862/4911/4694
f 3883/4809/4622 3884/4912/3127 3724/4913/3128
f 3739/4914/3183 3779/4915/3184 3725/4866/3042
f 3847/4916/4696 3864/4917/4697 3813/4918/4698
f 3804/4873/4666 3813/4918/4699 3790/4872/2873
f 3794/4919/4700 3909/4920/4675 3753/4834/4677
f 3792/4772/4979 3794/4919/4701 3885/4770/4579
f 3805/4793/4702 3854/4921/4703 3827/4806/4609
f 3878/4922/4704 3872/4923/4705 3754/4924/4706
f 3795/4925/4707 3818/4926/4708 3890/4927/4709
f 3900/4928/4710 3820/4929/4711 3866/4930/4712
f 3845/4931/4713 3929/4932/4714 3736/4933/4715
f 3833/4934/4716 3845/4935/4713 3936/4794/4988
f 3726/4936/4717 3786/4937/4718 3868/4938/4719
f 3723/4939/4720 3758/4852/4648 3897/4854/4650
f 3864/4940/4721 3734/4816/4616 3752/4833/4630
f 3925/4941/4722 3787/4942/4723 3916/4943/4724
f 3727/4944/4725 3880/4853/4649 3918/4856/4652
f 3918/4856/4652 3774/4945/4686 3727/4944/4725
f 3750/4781/3062 3859/4946/3241 3826/4813/3063
f 3761/4947/3239 3913/4948/4726 3784/4824/2964
f 3767/4949/4989 3840/4950/3329 3762/4951/3330
f 3809/4861/4657 3888/4952/3303 3879/4862/4658
f 3857/4827/4727 3764/4787/4982 3771/4789/4596
f 3765/4953/3255 3830/4954/4728 3749/4905/3219
f 3830/4955/3257 3899/4864/4659 3779/4915/3184
f 3901/4956/3149 3875/4957/3150 3778/4958/4644
f 3839/4959/2912 3875/4960/2913 3802/4961/2914
f 3921/4836/4633 3767/4962/4729 3895/4963/4730
f 3821/4774/4980 3922/4964/4731 3768/4775/4584
f 3768/4775/4732 3748/4965/4733 3815/4966/4734
f 3849/4785/4592 3837/4889/3171 3726/4967/4717
f 3736/4933/4735 3744/4968/4736 3898/4969/4737
f 3865/4800/3515 3770/4970/4738 3724/4913/3128
f 3883/4971/4611 3890/4927/4739 3818/4926/4610
f 3875/4972/3431 3857/4827/4626 3766/4795/4599
f 3915/4875/4668 3867/4767/4576 3772/4769/4578
f 3721/4973/4740 3759/4974/4990 3873/4975/4742
f 3773/4976/4743 3921/4836/4744 3894/4977/4745
f 3773/4978/4746 3825/4884/4746 3743/4979/4746
f 3747/4897/4747 3727/4980/4747 3774/4899/4748
f 3836/4981/4749 3775/4851/3415 3756/4982/4750
f 3795/4925/4751 3866/4983/4752 3755/4984/4753
f 3751/4985/3294 3823/4986/4660 3866/4987/4752
f 3920/4791/4754 3733/4988/3577 3777/4989/2920
f 3874/4830/4991 3793/4878/3317 3834/4877/4755
f 3736/4933/4715 3936/4990/4988 3845/4931/4713
f 3791/4991/4756 3898/4969/4983 3926/4992/4757
f 3751/4993/3294 3882/4994/3400 3881/4995/3401
f 3886/4808/4623 3826/4996/4758 3859/4822/4621
f 3730/4997/3417 3749/4905/4759 3797/4814/3417
f 3844/4882/4760 3867/4767/4576 3743/4874/4667
f 3739/4998/3440 3749/4905/3219 3830/4954/4728
f 3783/4999/3441 3725/4866/3441 3932/4868/3441
f 3803/5000/3444 3784/5001/2964 3913/5002/4761
f 3785/5003/4762 3916/4943/4763 3842/5004/4764
f 3889/5005/4765 3797/4814/4766 3734/4816/4767
f 3868/4938/4768 3786/4937/3377 3729/5006/4607
f 3787/5007/4769 3873/4975/4770 3759/4974/4771
f 3916/4943/4772 3927/5008/4637 3816/5009/4773
f 3788/5010/4680 3726/4936/4717 3837/5011/3171
f 3784/4824/2964 3724/4913/4774 3884/4912/3127
f 3865/4800/3515 3724/4913/3128 3789/4801/3516
f 3887/4810/4775 3882/4994/3400 3840/5012/3497
f 3876/5013/4651 3901/4956/4776 3791/4991/4756
f 3794/4919/4777 3753/4834/4631 3885/4770/4631
f 3856/5014/2921 3777/4989/2920 3733/4988/3577
f 3793/4878/3370 3829/5015/4778 3853/4876/3372
f 3831/5016/4779 3731/5017/4779 3924/5018/4779
f 3795/4925/4780 3740/4798/4602 3808/4797/4601
f 3888/4859/4655 3796/4826/4625 3738/4773/4582
f 3895/4963/4781 3797/5019/4766 3889/4837/4765
f 3798/5020/4782 3923/5021/4782 3742/5022/4782
f 3812/5023/4783 3798/5024/4784 3742/5025/4785
f 3938/5026/4786 3757/5027/4787 3799/5028/4678
f 3827/5029/4609 3799/5030/4678 3757/5031/4787
f 3723/5032/4788 3888/5033/3303 3800/5034/4789
f 3843/5035/4790 3800/5034/4791 3852/4901/4586
f 3923/5036/4792 3801/5037/4792 3742/5038/4792
f 3737/5039/3526 3839/4959/2912 3802/4961/2914
f 3838/5040/3536 3913/5002/4761 3930/5041/3537
f 3803/5000/4793 3750/4781/2906 3937/4780/4588
f 3772/4769/4578 3721/4973/4740 3915/4875/4668
f 3857/4827/4727 3728/5042/4794 3805/4793/4702
f 3941/5043/4992 3806/5044/4992 3748/5045/4992
f 3897/4854/4796 3807/5046/4656 3723/4939/4788
f 3808/5047/4797 3746/5048/4798 3904/5049/4799
f 3775/4851/3138 3808/5047/3544 3811/4849/3136
f 3809/5050/4800 3764/4787/4801 3796/4826/4625
f 3860/5051/4993 3810/5052/4987 3896/5053/4803
f 3837/4889/3171 3811/5054/3555 3769/4887/4804
f 3855/5055/4615 3870/4867/4805 3752/5056/4630
f 3864/5057/4697 3752/5056/4806 3813/5058/4698
f 3846/5059/4807 3814/4844/4808 3810/5060/2845
f 3772/5061/4578 3940/4839/4636 3863/4841/4638
f 3738/4773/4582 3768/4775/4732 3815/4966/4734
f 3922/4964/4731 3896/5201/4810 3768/4775/4584
f 3763/4880/4671 3842/5004/4764 3916/4943/4763
f 3940/5063/4636 3763/4880/4671 3816/5009/4773
f 3762/4907/4691 3902/4779/3578 3780/4908/3579
f 3751/5064/3291 3762/4907/3330 3840/5065/3329
f 3883/4809/4622 3724/4913/3128 3770/4970/4738
f 3941/5043/4811 3924/5066/4812 3731/5067/4813
f 3850/5068/4814 3904/5069/4799 3746/5070/4798
f 3850/4910/4693 3746/4892/4994 3862/4911/4694
f 3834/4877/4755 3860/5051/4816 3821/4831/4817
f 3742/5071/4785 3822/5072/4818 3812/5073/4783
f 3903/4870/4662 3823/4865/4660 3899/4864/4659
f 3823/4865/4660 3755/4984/4753 3866/4983/4752
f 3774/4899/4686 3824/5074/4819 3747/4897/4820
f 3825/4884/4821 3894/5075/4822 3741/5076/4823
f 3848/5077/4824 3825/4884/4821 3741/5076/4823
f 3905/5078/4995 3826/4996/4758 3749/4905/3601
f 3905/5079/3602 3902/4779/3061 3826/4813/3063
f 3757/5027/4826 3729/5006/4607 3827/5080/4609
f 3872/4923/4705 3828/4898/4685 3754/4924/4706
f 3799/5030/4678 3754/4924/4706 3933/5081/4593
f 3758/4852/4996 3856/5082/3736 3893/5083/4829
f 3829/4829/4984 3843/5084/4790 3912/4776/4627
f 3926/5085/4757 3828/5086/4685 3760/5087/4687
f 3926/5085/4757 3918/4856/4652 3791/5088/4756
f 3729/4804/4830 3836/4893/3139 3833/4934/4831
f 3822/5089/4832 3722/5090/4832 3798/5091/4832
f 3893/5083/4829 3835/5092/3096 3880/4853/4833
f 3756/4982/4750 3845/4931/4713 3836/4981/4749
f 3750/4781/3062 3913/5002/4761 3838/5040/3536
f 3745/5093/3639 3835/4792/3640 3920/4791/3014
f 3839/4959/3641 3745/5093/3216 3857/5094/4626
f 3841/4871/4665 3890/4927/4739 3770/5095/4738
f 3770/5095/4738 3788/4888/4680 3841/4871/4665
f 3848/5096/4834 3785/5097/4835 3842/5098/4834
f 3844/5099/4836 3819/5100/4836 3748/5101/4836
f 3877/5102/4837 3844/5103/4837 3748/5104/4837
f 3911/5105/4838 3891/5106/4997 3801/5107/4840
f 3721/4973/4740 3847/4916/4696 3804/4873/4666
f 3866/4987/4752 3937/5108/4590 3776/5109/3292
f 3924/5110/4841 3851/5111/4841 3831/5112/4841
f 3858/4778/4842 3748/5113/4842 3806/5114/4842
f 3854/5115/4703 3878/4922/4704 3754/4924/4706
f 3739/4914/3440 3783/4999/3679 3855/5055/4615
f 3856/5014/4843 3733/4988/3016 3893/4790/3015
f 3806/5114/4998 3910/5202/4998 3858/4778/4845
f 3761/4947/3239 3838/5117/4846 3930/5118/4847
f 3720/5119/4999 3860/5120/4993 3896/5201/4803
f 3939/4894/2859 3786/5121/3377 3861/4895/2857
f 3861/4895/3692 3732/4909/3129 3862/4911/4694
f 3776/5109/3292 3751/4985/3294 3866/4987/4752
f 3844/4882/4760 3781/5122/4639 3867/4767/4576
f 3790/5123/3712 3752/5056/4806 3870/4867/3714
f 3920/4791/3014 3874/4830/3720 3745/5093/3639
f 3876/5124/4651 3737/5039/3526 3802/4961/2914
f 3907/5125/4849 3877/5126/4849 3906/5127/4849
f 3814/4844/4808 3877/4843/4850 3810/5060/2845
f 3807/4860/4656 3879/4862/4658 3723/5128/4788
f 3880/4853/4833 3737/4857/4653 3918/4856/4652
f 3882/5129/3400 3779/4915/3184 3881/4863/3045
f 3887/4810/4775 3725/5130/3042 3882/4994/3400
f 3884/4912/3127 3761/4947/3239 3784/4824/2964
f 3749/4905/3219 3886/4808/2908 3765/4953/3255
f 3734/4816/4767 3785/5003/4851 3889/5005/4765
f 3742/5071/4852 3801/5131/4853 3891/5132/4854
f 3775/4851/3415 3892/4850/4647 3756/4982/4750
f 3895/5133/3746 3767/5134/3746 3730/3708/3746
f 3901/4956/4776 3736/4933/4735 3898/4969/4737
f 3904/5049/4799 3795/5135/4855 3808/5047/4797
f 3795/4925/4856 3755/4984/4753 3903/4870/4662
f 3730/4997/3221 3780/5136/3579 3905/5078/3757
f 3907/5137/4857 3877/5138/4857 3748/5139/4857
f 3781/4842/4858 3735/5140/4859 3908/5141/4860
f 3782/4821/5000 3910/5202/5000 3722/4820/5000
f 3914/4805/4608 3805/4793/4702 3827/4806/4609
f 3915/4875/4668 3804/4873/4666 3773/4812/4613
f 3763/4880/4671 3916/4943/4772 3816/5009/4773
f 3919/4796/4600 3769/4887/4804 3811/5054/3555
f 3741/5076/3770 3921/5142/4633 3848/5077/4985
f 3819/5143/4862 3941/5144/4862 3748/5145/4862
f 3851/5146/4863 3923/5147/4863 3831/5148/4863
f 3923/5149/4938 3934/5150/5001 3831/5151/4866
f 3759/5152/4867 3927/5008/4637 3787/4942/4868
f 3801/4817/4670 3928/4819/4869 3763/4880/4671
f 3811/5054/4870 3744/4803/4871 3929/5153/4872
f 3932/4868/3774 3870/4867/3774 3783/4999/3774
f 3828/4898/4685 3933/5081/4593 3754/4924/4706
f 3771/5154/4873 3747/4897/4874 3824/5074/4875
f 3914/4805/4876 3833/4934/4831 3936/4794/4598
f 3803/5000/4793 3820/5155/4711 3850/4910/4814
f 3938/5156/4786 3726/4967/4717 3868/5157/4719
f 3846/5059/3777 3908/5141/4877 3735/5140/4878
f 3867/4767/4576 3781/5122/4639 3908/4768/4977
f 3885/4770/4879 3842/4835/4879 3928/4771/4879
f 3738/4773/4582 3796/4826/4625 3821/4774/4980
f 3912/4776/4585 3843/5084/4790 3852/4777/4586
f 3902/4779/2905 3817/4782/4981 3937/4780/4588
f 3817/4782/4981 3751/5064/3291 3776/4783/3292
f 3832/4784/4591 3744/4803/4880 3849/4785/4592
f 3893/4790/3015 3733/4988/3016 3920/4791/3014
f 3805/4793/4597 3914/4805/4876 3936/4794/4598
f 3919/4796/4600 3811/5054/3555 3808/4797/4601
f 3861/4799/3034 3786/4937/3869 3865/4800/4603
f 3832/4784/4604 3926/5085/4757 3898/4802/4983
f 3729/4804/4830 3833/4934/4831 3914/4805/4876
f 3818/4807/4610 3765/4953/3255 3886/4808/2908
f 3887/4810/2902 3840/5012/3859 3871/4811/4612
f 3797/4814/4614 3917/4904/3218 3855/4815/4615
f 3801/4817/4617 3851/5158/4881 3792/4818/4979
f 3722/4820/4618 3853/4828/4628 3858/4778/4619
f 3859/4822/4621 3761/4947/3239 3883/4809/4622
f 3732/4823/4624 3861/4799/3034 3789/4801/2963
f 3745/4825/3216 3874/5159/2849 3796/4826/4625
f 3912/4776/4627 3858/4778/4619 3853/4828/4628
f 3874/4830/4991 3834/4877/4755 3821/4831/4817
f 3753/4834/4882 3848/5160/4834 3842/4835/4834
f 3921/4836/4633 3895/4963/4730 3889/4837/4634
f 3940/4839/4636 3816/5161/4773 3927/4840/4637
f 3781/4842/4639 3931/5162/3583 3877/4843/2940
f 3911/4845/3916 3846/4879/4807 3810/4846/2845
f 3778/4848/4883 3875/4972/3431 3766/4795/4599
f 3811/4849/3136 3929/4932/4714 3892/4850/4647
f 3758/4852/4996 3893/5083/4829 3880/4853/4833
f 3876/4855/4651 3791/5088/4756 3918/4856/4652
f 3738/4773/4582 3815/4966/4734 3800/4858/4654
f 3807/4860/4656 3764/5163/4884 3809/4861/4657
f 3881/4863/3045 3779/4915/3184 3899/4864/4659
f 3725/4866/3042 3790/5123/4885 3870/4867/3043
f 3765/4869/3055 3818/4926/4886 3903/4870/4662
f 3790/4872/3738 3887/4810/2902 3773/4812/4613
f 3743/4874/4667 3867/4767/4576 3915/4875/4668
f 3853/4876/3372 3722/5090/4887 3834/4877/4669
f 3846/4879/3052 3911/4845/3872 3801/4817/4670
f 3909/4881/4672 3869/5164/4888 3844/4882/4673
f 3909/4883/4672 3743/4979/4674 3825/4884/4889
f 3849/4785/4592 3938/5156/4786 3799/4886/4678
f 3769/4887/4679 3841/4871/4665 3788/4888/4680
f 3878/4890/4681 3728/5042/4794 3771/4789/4596
f 3861/4895/3692 3862/4911/4694 3746/4892/4994
f 3935/4896/4683 3764/5163/4884 3807/4860/4656
f 3852/4901/4688 3800/5034/4890 3815/4902/4689
f 3917/4904/3218 3797/4814/4614 3749/4905/3219
f 3730/4906/3221 3767/5165/3222 3762/4907/4691
f 3732/4909/3129 3803/5000/3878 3850/4910/4693
f 3883/4809/4622 3761/4947/3239 3884/4912/3127
f 3739/4914/3183 3830/4955/3257 3779/4915/3184
f 3847/4916/4696 3873/4975/4742 3864/4917/4697
f 3804/4873/4666 3847/4916/4696 3813/4918/4699
f 3794/4919/4700 3869/5166/4891 3909/4920/4675
f 3792/4772/4979 3851/5167/4892 3794/4919/4701
f 3805/4793/4702 3728/5042/4794 3854/4921/4703
f 3878/4922/4681 3824/5074/4682 3872/4923/4893
f 3795/4925/4856 3903/4870/4662 3818/4926/4886
f 3900/4928/4710 3904/5049/4799 3820/4929/4711
f 3845/4931/4713 3892/4850/4647 3929/4932/4714
f 3833/4934/4716 3836/4893/4749 3845/4935/4713
f 3726/4936/4717 3865/4800/3515 3786/4937/4718
f 3723/4939/4720 3843/5084/4790 3758/4852/4648
f 3864/4940/4721 3787/4942/4894 3734/4816/4616
f 3925/4941/4722 3734/4816/4895 3787/4942/4723
f 3727/4944/4725 3897/4854/4650 3880/4853/4649
f 3918/4856/4652 3760/5087/4687 3774/4945/4686
f 3750/4781/3062 3838/5040/3536 3859/4946/3241
f 3761/4947/3239 3930/5118/4847 3913/4948/4726
f 3767/4949/3902 3871/5168/3902 3840/4950/3902
f 3857/4827/4727 3796/4826/4896 3764/4787/4982
f 3765/4953/3055 3899/5169/4659 3830/4954/3257
f 3901/4956/3883 3802/5170/2914 3875/4957/2913
f 3921/4836/3276 3871/5171/3276 3767/4962/3874
f 3821/4774/4817 3860/5120/4816 3922/4964/5002
f 3768/4775/4732 3896/5201/4898 3748/4965/4733
f 3849/4785/4592 3744/4803/4880 3837/4889/3171
f 3736/4933/4899 3929/4932/4872 3744/4968/4871
f 3865/4800/3515 3788/5010/4680 3770/4970/4738
f 3883/4971/4611 3770/5095/4738 3890/4927/4739
f 3875/4972/3431 3839/5172/3641 3857/4827/4626
f 3721/4973/4740 3863/5173/4638 3759/4974/4990
f 3773/4976/3277 3871/5171/3276 3921/4836/3276
f 3773/4978/4743 3894/5075/4745 3825/4884/5003
f 3747/4897/4747 3807/4860/4901 3727/4980/4747
f 3836/4981/3913 3746/5048/3914 3775/4851/3138
f 3795/4925/4751 3900/5174/4902 3866/4983/4752
f 3751/4985/3294 3881/5175/3401 3823/4986/4660
f 3874/4830/3720 3777/4989/3900 3793/4878/3901
f 3736/4933/4715 3778/4958/4644 3936/4990/4988
f 3791/4991/4756 3901/4956/4776 3898/4969/4737
f 3751/4993/3294 3840/5012/3497 3882/4994/3400
f 3886/4808/4623 3749/4905/3601 3826/4996/4758
f 3730/4997/3915 3905/5078/4995 3749/4905/3601
f 3739/4998/3440 3855/4815/4615 3749/4905/3219
f 3783/4999/3918 3739/4914/3183 3725/4866/3042
f 3803/5000/3444 3732/4909/4624 3784/5001/2964
f 3785/5003/4762 3925/4941/4903 3916/4943/4763
f 3787/5007/4769 3864/4917/5004 3873/4975/4770
f 3916/4943/4772 3787/4942/4868 3927/5008/4637
f 3788/5010/4680 3865/4800/3515 3726/4936/4717
f 3784/4824/2964 3789/4801/2963 3724/4913/4774
f 3876/5013/4651 3802/5170/2914 3901/4956/4776
f 3856/5014/2921 3793/4878/4905 3777/4989/2920
f 3793/4878/3370 3856/5014/3736 3829/5015/4778
f 3831/5016/4906 3934/5176/4906 3731/5017/4906
f 3795/4925/4707 3890/4927/4709 3740/4798/4664
f 3888/4859/4655 3809/5050/4800 3796/4826/4625
f 3895/4963/4907 3730/5177/3417 3797/5019/3417
f 3798/5020/4908 3722/5178/4908 3923/5021/4908
f 3812/5023/4909 3822/5179/4909 3798/5024/4909
f 3938/5026/4786 3868/4938/4719 3757/5027/4787
f 3827/5029/4609 3854/5115/4703 3799/5030/4678
f 3723/5032/4788 3879/5180/4658 3888/5033/3303
f 3843/5035/4790 3723/5032/4720 3800/5034/4791
f 3923/5036/4910 3851/5181/4910 3801/5037/4910
f 3737/5039/4653 3835/4792/3096 3839/4959/4911
f 3772/4769/4578 3863/5173/4638 3721/4973/4740
f 3857/4827/4727 3771/4789/4596 3728/5042/4794
f 3941/5043/4811 3731/5067/4813 3806/5044/5005
f 3897/4854/4796 3727/4944/4913 3807/5046/4656
f 3808/5047/3544 3775/4851/3138 3746/5048/3914
f 3896/5053/5006 3810/5182/5006 3907/5183/5006
f 3860/5051/4993 3822/5089/4643 3810/5052/4987
f 3837/4889/3171 3744/4803/4880 3811/5054/3555
f 3855/5055/4615 3783/4999/3679 3870/4867/4805
f 3846/5059/4807 3735/5140/3941 3814/4844/4808
f 3772/5061/4578 3908/5141/4877 3940/4839/4636
f 3922/4964/4731 3720/5119/4915 3896/5201/4810
f 3763/4880/4671 3928/4819/4869 3842/5004/4764
f 3940/5063/4636 3846/4879/3052 3763/4880/4671
f 3762/4907/3330 3817/4782/4981 3902/4779/2905
f 3751/5064/3291 3817/4782/4981 3762/4907/3330
f 3941/5043/4916 3794/5184/4916 3924/5066/4916
f 3850/5068/4814 3820/5185/4711 3904/5069/4799
f 3834/4877/4755 3822/5089/4917 3860/5051/4816
f 3742/5071/4852 3891/5132/4854 3822/5072/4918
f 3823/4865/4660 3903/4870/4662 3755/4984/4753
f 3774/4899/4686 3872/4923/4705 3824/5074/4819
f 3848/5077/4919 3753/4885/4677 3825/4884/4676
f 3905/5079/3757 3780/4908/3579 3902/4779/4920
f 3757/5027/4826 3868/4938/4768 3729/5006/4607
f 3872/4923/4705 3774/4899/4686 3828/4898/4685
f 3799/5030/4678 3854/5115/4703 3754/4924/4706
f 3758/4852/4996 3829/4829/4778 3856/5082/3736
f 3829/4829/4984 3758/4852/4648 3843/5084/4790
f 3926/5085/4757 3832/4784/4591 3828/5086/4685
f 3926/5085/4757 3760/5087/4687 3918/4856/4652
f 3729/4804/4830 3939/4894/2859 3836/4893/3139
f 3822/5089/4921 3834/4877/4669 3722/5090/4887
f 3756/4982/4750 3892/4850/4647 3845/4931/4713
f 3750/4781/3062 3803/5000/3444 3913/5002/4761
f 3745/5093/4922 3839/4959/4922 3835/4792/4922
f 3841/4871/4665 3740/4798/4664 3890/4927/4709
f 3848/5096/4985 3889/5186/4634 3785/5097/4923
f 3844/5099/4924 3869/5187/4924 3819/5100/4924
f 3877/5102/4925 3931/5188/4925 3844/5103/4925
f 3911/5105/4838 3822/5072/4926 3891/5106/4997
f 3721/4973/4740 3873/4975/4742 3847/4916/4696
f 3866/4987/4712 3820/5189/4711 3937/5108/4927
f 3924/5110/4928 3794/5190/4701 3851/5111/4892
f 3858/4778/4587 3852/4777/4586 3748/5113/4929
f 3854/5115/4703 3728/5191/4794 3878/4922/4681
f 3806/5114/4844 3731/5192/4930 3910/5202/4844
f 3761/4947/3239 3859/4822/3973 3838/5117/4846
f 3720/5119/4931 3922/4964/4931 3860/5120/4931
f 3939/4894/2859 3729/4804/4607 3786/5121/3377
f 3844/4882/4760 3931/5193/3583 3781/5122/4639
f 3790/5123/3712 3813/5058/4698 3752/5056/4806
f 3920/4791/3014 3777/4989/3900 3874/4830/3720
f 3907/5125/4932 3810/5194/4932 3877/5126/4932
f 3880/4853/4833 3835/5092/3096 3737/4857/4653
f 3882/5129/3400 3725/4866/3042 3779/4915/3184
f 3887/4810/4775 3790/4872/4885 3725/5130/3042
f 3734/4816/4933 3925/4941/4903 3785/5003/4762
f 3896/5201/4898 3907/5195/5007 3748/5196/4733
f 3901/4956/3149 3778/4958/4644 3736/4933/4715
f 3904/5049/4935 3900/4928/4902 3795/5135/4751
f 3781/4842/4858 3814/4844/3985 3735/5140/4859
f 3782/4821/4936 3858/4778/4936 3910/5202/4936
f 3915/4875/4668 3721/4973/4740 3804/4873/4666
f 3919/4796/4663 3841/4871/4665 3769/4887/4679
f 3741/5076/3770 3894/5075/4937 3921/5142/4633
f 3923/5149/5008 3722/5197/4939 3934/5150/4865
f 3759/5152/4990 3863/5198/4638 3927/5008/4637
f 3828/4898/4685 3832/5199/4591 3933/5081/4593
f 3771/5154/4873 3935/4896/4940 3747/4897/4874
f 3803/5000/4793 3937/4780/4588 3820/5155/4711
f 3938/5156/4786 3849/4785/4592 3726/4967/4717
f 3846/5059/3777 3940/4839/4636 3908/5141/4877
f 2663/4069/3994 2640/4097/5009 2642/4070/3995
f 2644/4067/3992 2643/4066/3991 2646/4081/4005
f 2645/4082/4007 2646/4081/5010 2648/4084/4008
f 2650/4073/3997 2649/4072/3996 2652/4086/4009
f 2651/4087/4011 2652/4086/5011 2654/4089/4012
f 2656/4076/4000 2655/4075/3999 2658/4091/4013
f 2657/4092/4015 2658/4091/5012 2660/4094/4016
f 2662/4079/4003 2661/4078/4002 2640/4097/4017
f 2648/5203/435 2660/5204/435 2654/5205/435
f 2656/5206/608 2644/5207/608 2650/5208/608
f 2640/5209/435 2661/5210/435 2660/5204/435
f 2660/5204/435 2658/5211/435 2655/5212/435
f 2655/5212/435 2654/5205/435 2660/5204/435
f 2654/5205/435 2652/5213/435 2648/5203/435
f 2652/5213/435 2649/5214/435 2648/5203/435
f 2648/5203/435 2646/5215/435 2643/5216/435
f 2643/5216/435 2642/5217/435 2648/5203/435
f 2642/5217/435 2640/5209/435 2660/5204/435
f 2648/5203/435 2642/5217/435 2660/5204/435
f 2663/5218/608 2641/5219/608 2644/5207/608
f 2644/5207/608 2645/5220/608 2647/5221/608
f 2647/5221/608 2650/5208/608 2644/5207/608
f 2650/5208/608 2651/5222/608 2656/5206/608
f 2651/5222/608 2653/5223/608 2656/5206/608
f 2656/5206/608 2657/5224/608 2659/5225/608
f 2659/5225/608 2662/5226/608 2656/5206/608
f 2662/5226/608 2663/5218/608 2644/5207/608
f 2656/5206/608 2662/5226/608 2644/5207/608
