# Blender 4.0.2
# www.blender.org
o KnifeBlock008
v -0.053587 -0.055137 -0.076232
v -0.052925 -0.019030 -0.147801
v -0.053587 -0.068444 -0.147734
v -0.052943 -0.069088 -0.092153
v 0.053587 -0.019782 -0.147734
v 0.052927 -0.069088 -0.147732
v 0.053587 -0.068444 -0.091747
v 0.052931 -0.054706 -0.075651
v -0.041254 -0.067780 -0.090893
v -0.041899 -0.057268 -0.078718
v -0.041899 -0.049023 -0.095405
v -0.041254 -0.059485 -0.107681
v -0.037132 -0.059054 -0.107099
v -0.037776 -0.048543 -0.094924
v -0.026969 -0.049023 -0.095405
v -0.026325 -0.059485 -0.107681
v -0.022202 -0.059054 -0.107099
v -0.022846 -0.048543 -0.094924
v -0.012040 -0.049023 -0.095405
v -0.011396 -0.059485 -0.107681
v -0.007273 -0.059054 -0.107099
v -0.007917 -0.048543 -0.094924
v 0.007657 -0.067299 -0.090412
v 0.002890 -0.049023 -0.095405
v 0.002890 -0.059054 -0.107099
v 0.007657 -0.059054 -0.107099
v 0.007012 -0.048543 -0.094924
v 0.017819 -0.049023 -0.095405
v 0.018463 -0.059485 -0.107681
v 0.022586 -0.059054 -0.107099
v 0.021942 -0.048543 -0.094924
v 0.032748 -0.049023 -0.095405
v 0.033392 -0.059485 -0.107681
v 0.037515 -0.059054 -0.107099
v 0.036871 -0.048543 -0.094924
v -0.052943 -0.054706 -0.075651
v -0.053587 -0.019782 -0.147734
v -0.052943 -0.068444 -0.148378
v -0.052943 -0.069088 -0.147734
v -0.053587 -0.068444 -0.091747
v 0.052934 -0.068445 -0.148378
v 0.053587 -0.068444 -0.147734
v 0.053587 -0.055137 -0.076232
v -0.037132 -0.067299 -0.090412
v -0.037776 -0.067780 -0.090893
v -0.041899 -0.067299 -0.090412
v -0.037776 -0.056837 -0.078136
v -0.037132 -0.057268 -0.078718
v -0.041254 -0.056837 -0.078136
v -0.041254 -0.048677 -0.095990
v -0.041254 -0.048543 -0.094924
v -0.041254 -0.058781 -0.107770
v -0.041899 -0.059054 -0.107099
v -0.037776 -0.058781 -0.107770
v -0.037776 -0.059485 -0.107681
v -0.037776 -0.048677 -0.095990
v -0.037132 -0.049023 -0.095405
v -0.022202 -0.067299 -0.090412
v -0.022846 -0.067780 -0.090893
v -0.026325 -0.067780 -0.090893
v -0.026969 -0.067299 -0.090412
v -0.022846 -0.056837 -0.078136
v -0.022202 -0.057268 -0.078718
v -0.026969 -0.057268 -0.078718
v -0.026325 -0.056837 -0.078136
v -0.026325 -0.048677 -0.095990
v -0.026325 -0.048543 -0.094924
v -0.026325 -0.058781 -0.107770
v -0.026969 -0.059054 -0.107099
v -0.022846 -0.058781 -0.107770
v -0.022846 -0.059485 -0.107681
v -0.022846 -0.048677 -0.095990
v -0.022202 -0.049023 -0.095405
v -0.007273 -0.067299 -0.090412
v -0.007917 -0.067780 -0.090893
v -0.011396 -0.067780 -0.090893
v -0.012040 -0.067299 -0.090412
v -0.007917 -0.056837 -0.078136
v -0.007273 -0.057268 -0.078718
v -0.012040 -0.057268 -0.078718
v -0.011396 -0.056837 -0.078136
v -0.011396 -0.048677 -0.095990
v -0.011396 -0.048543 -0.094924
v -0.011396 -0.058781 -0.107770
v -0.012040 -0.059054 -0.107099
v -0.007917 -0.058781 -0.107770
v -0.007917 -0.059485 -0.107681
v -0.007917 -0.048677 -0.095990
v -0.007273 -0.049023 -0.095405
v 0.007012 -0.067780 -0.090893
v 0.007012 -0.056837 -0.078136
v 0.007657 -0.057268 -0.078718
v 0.002890 -0.057268 -0.078718
v 0.003534 -0.056837 -0.078136
v 0.003534 -0.048677 -0.095990
v 0.003534 -0.048543 -0.094924
v 0.003534 -0.059485 -0.107681
v 0.003534 -0.058781 -0.107770
v 0.007012 -0.058781 -0.107770
v 0.007012 -0.059485 -0.107681
v 0.007012 -0.048677 -0.095990
v 0.007657 -0.049023 -0.095405
v 0.022586 -0.067299 -0.090412
v 0.021942 -0.067780 -0.090893
v 0.018463 -0.067780 -0.090893
v 0.017819 -0.067299 -0.090412
v 0.021942 -0.056837 -0.078136
v 0.022586 -0.057268 -0.078718
v 0.017819 -0.057268 -0.078718
v 0.018463 -0.056837 -0.078136
v 0.018463 -0.048677 -0.095990
v 0.018463 -0.048543 -0.094924
v 0.018463 -0.058781 -0.107770
v 0.017819 -0.059054 -0.107099
v 0.021942 -0.058781 -0.107770
v 0.021942 -0.059485 -0.107681
v 0.021942 -0.048677 -0.095990
v 0.022586 -0.049023 -0.095405
v 0.037515 -0.067299 -0.090412
v 0.036871 -0.067780 -0.090893
v 0.033392 -0.067780 -0.090893
v 0.032748 -0.067299 -0.090412
v 0.036871 -0.056837 -0.078136
v 0.037515 -0.057268 -0.078718
v 0.032748 -0.057268 -0.078718
v 0.033392 -0.056837 -0.078136
v 0.033392 -0.048677 -0.095990
v 0.033392 -0.048543 -0.094924
v 0.033392 -0.058781 -0.107770
v 0.032748 -0.059054 -0.107099
v 0.036871 -0.058781 -0.107770
v 0.036871 -0.059485 -0.107681
v 0.036871 -0.048677 -0.095990
v 0.037515 -0.049023 -0.095405
v 0.003534 -0.067780 -0.090893
v 0.002890 -0.067299 -0.090412
v -0.053426 -0.055343 -0.075730
v -0.052943 -0.055025 -0.075340
v -0.053426 -0.054814 -0.075796
v -0.053006 -0.018976 -0.148234
v -0.053426 -0.019487 -0.148217
v -0.053426 -0.019218 -0.147784
v -0.053426 -0.068444 -0.148217
v -0.052943 -0.068927 -0.148217
v -0.053426 -0.068927 -0.147734
v -0.052963 -0.068984 -0.091548
v -0.053426 -0.068613 -0.091202
v 0.053426 -0.019487 -0.148217
v 0.053426 -0.019218 -0.147784
v 0.053017 -0.068927 -0.148218
v 0.053426 -0.068444 -0.148217
v 0.053426 -0.068927 -0.147734
v 0.053426 -0.068613 -0.091202
v 0.052943 -0.068984 -0.091547
v 0.053426 -0.055343 -0.075730
v 0.053426 -0.054814 -0.075796
v -0.036971 -0.067559 -0.089973
v -0.037293 -0.067660 -0.090773
v -0.037804 -0.068099 -0.090582
v -0.041737 -0.067660 -0.090773
v -0.042060 -0.067510 -0.089916
v -0.041252 -0.068099 -0.090582
v -0.037776 -0.056946 -0.077581
v -0.037293 -0.056945 -0.078281
v -0.036971 -0.057473 -0.078215
v -0.041737 -0.056945 -0.078281
v -0.041252 -0.056946 -0.077581
v -0.042060 -0.057561 -0.078318
v -0.041737 -0.048763 -0.095844
v -0.041254 -0.048433 -0.095479
v -0.041737 -0.048663 -0.095044
v -0.041254 -0.059167 -0.107992
v -0.041737 -0.058849 -0.107602
v -0.041737 -0.059378 -0.107536
v -0.037293 -0.058849 -0.107602
v -0.037776 -0.059167 -0.107992
v -0.037293 -0.059378 -0.107536
v -0.037776 -0.048433 -0.095479
v -0.037293 -0.048763 -0.095844
v -0.037293 -0.048663 -0.095044
v -0.022041 -0.067559 -0.089973
v -0.022363 -0.067660 -0.090773
v -0.022824 -0.068099 -0.090582
v -0.026341 -0.068099 -0.090582
v -0.026808 -0.067660 -0.090773
v -0.027130 -0.067559 -0.089973
v -0.022847 -0.056946 -0.077581
v -0.022363 -0.056945 -0.078281
v -0.022041 -0.057473 -0.078215
v -0.027130 -0.057473 -0.078215
v -0.026808 -0.056945 -0.078281
v -0.026331 -0.056946 -0.077581
v -0.026808 -0.048763 -0.095844
v -0.026325 -0.048433 -0.095479
v -0.026808 -0.048663 -0.095044
v -0.026325 -0.059167 -0.107992
v -0.026808 -0.058849 -0.107602
v -0.026808 -0.059378 -0.107536
v -0.022363 -0.058849 -0.107602
v -0.022846 -0.059167 -0.107992
v -0.022363 -0.059378 -0.107536
v -0.022846 -0.048433 -0.095479
v -0.022363 -0.048763 -0.095844
v -0.022363 -0.048663 -0.095044
v -0.007112 -0.067559 -0.089973
v -0.007434 -0.067660 -0.090773
v -0.007916 -0.068099 -0.090582
v -0.011417 -0.068099 -0.090582
v -0.011879 -0.067660 -0.090773
v -0.012201 -0.067559 -0.089973
v -0.007922 -0.056946 -0.077581
v -0.007434 -0.056945 -0.078281
v -0.007112 -0.057473 -0.078215
v -0.012201 -0.057473 -0.078215
v -0.011879 -0.056945 -0.078281
v -0.011399 -0.056946 -0.077581
v -0.011854 -0.048520 -0.095511
v -0.011396 -0.048433 -0.095479
v -0.011879 -0.048663 -0.095044
v -0.011396 -0.059167 -0.107992
v -0.011879 -0.058849 -0.107602
v -0.011879 -0.059378 -0.107536
v -0.007434 -0.058849 -0.107602
v -0.007917 -0.059167 -0.107992
v -0.007434 -0.059378 -0.107536
v -0.007917 -0.048433 -0.095479
v -0.007434 -0.048763 -0.095844
v -0.007434 -0.048663 -0.095044
v 0.007495 -0.067660 -0.090773
v 0.007015 -0.068099 -0.090582
v 0.007818 -0.067559 -0.089973
v 0.007011 -0.056946 -0.077581
v 0.007495 -0.056945 -0.078281
v 0.007818 -0.057473 -0.078215
v 0.002729 -0.057473 -0.078215
v 0.003051 -0.056945 -0.078281
v 0.003532 -0.056946 -0.077581
v 0.003051 -0.048763 -0.095844
v 0.003534 -0.048433 -0.095479
v 0.003051 -0.048663 -0.095044
v 0.003051 -0.059378 -0.107536
v 0.003534 -0.059167 -0.107992
v 0.003051 -0.058849 -0.107602
v 0.007495 -0.058849 -0.107602
v 0.007012 -0.059167 -0.107992
v 0.007495 -0.059378 -0.107536
v 0.007012 -0.048434 -0.095479
v 0.007495 -0.048763 -0.095844
v 0.007495 -0.048663 -0.095044
v 0.022747 -0.067559 -0.089973
v 0.022425 -0.067660 -0.090773
v 0.021950 -0.068099 -0.090582
v 0.018469 -0.068099 -0.090582
v 0.017980 -0.067660 -0.090773
v 0.017658 -0.067559 -0.089973
v 0.021937 -0.056946 -0.077581
v 0.022425 -0.056945 -0.078281
v 0.022747 -0.057473 -0.078215
v 0.017658 -0.057473 -0.078215
v 0.017980 -0.056945 -0.078281
v 0.018464 -0.056946 -0.077581
v 0.017980 -0.048763 -0.095844
v 0.018463 -0.048434 -0.095479
v 0.017980 -0.048663 -0.095044
v 0.018463 -0.059167 -0.107992
v 0.017980 -0.058849 -0.107602
v 0.017980 -0.059378 -0.107536
v 0.022425 -0.058849 -0.107602
v 0.021942 -0.059167 -0.107992
v 0.022425 -0.059378 -0.107536
v 0.021942 -0.048434 -0.095479
v 0.022425 -0.048763 -0.095844
v 0.022425 -0.048663 -0.095044
v 0.037676 -0.067516 -0.089923
v 0.037354 -0.067660 -0.090773
v 0.036875 -0.068099 -0.090582
v 0.033394 -0.068099 -0.090582
v 0.032909 -0.067660 -0.090773
v 0.032587 -0.067559 -0.089973
v 0.036861 -0.056946 -0.077581
v 0.037354 -0.056945 -0.078281
v 0.037676 -0.057544 -0.078297
v 0.032587 -0.057473 -0.078215
v 0.032909 -0.056945 -0.078281
v 0.033378 -0.056946 -0.077581
v 0.032935 -0.048520 -0.095510
v 0.033392 -0.048434 -0.095479
v 0.032909 -0.048663 -0.095044
v 0.033392 -0.059167 -0.107992
v 0.032909 -0.058849 -0.107602
v 0.032909 -0.059378 -0.107536
v 0.037354 -0.058849 -0.107602
v 0.036871 -0.059167 -0.107992
v 0.037354 -0.059378 -0.107536
v 0.036871 -0.048434 -0.095479
v 0.037354 -0.048763 -0.095844
v 0.003527 -0.068099 -0.090582
v 0.003051 -0.067660 -0.090773
v 0.002729 -0.067559 -0.089973
v -0.053372 -0.055038 -0.075444
v -0.053372 -0.019072 -0.148174
v -0.053372 -0.068874 -0.148163
v -0.053403 -0.068915 -0.091664
v 0.053372 -0.019072 -0.148174
v 0.053372 -0.068874 -0.148163
v 0.053408 -0.068902 -0.091665
v 0.053372 -0.055038 -0.075444
v -0.037142 -0.068034 -0.090374
v -0.041898 -0.068017 -0.090355
v -0.037132 -0.057094 -0.077621
v -0.041898 -0.057122 -0.077652
v -0.041684 -0.048502 -0.095470
v -0.041684 -0.059153 -0.107888
v -0.037346 -0.059153 -0.107888
v -0.037346 -0.048502 -0.095470
v -0.022193 -0.068034 -0.090374
v -0.026976 -0.068034 -0.090374
v -0.022203 -0.057094 -0.077621
v -0.026971 -0.057094 -0.077621
v -0.026754 -0.048502 -0.095470
v -0.026754 -0.059153 -0.107888
v -0.022417 -0.059153 -0.107888
v -0.022417 -0.048502 -0.095470
v -0.007273 -0.068034 -0.090374
v -0.012049 -0.068034 -0.090374
v -0.007275 -0.057094 -0.077621
v -0.012041 -0.057094 -0.077621
v -0.011825 -0.059153 -0.107888
v -0.007488 -0.059153 -0.107888
v -0.007488 -0.048502 -0.095470
v 0.007658 -0.068034 -0.090374
v 0.007656 -0.057094 -0.077621
v 0.002889 -0.057094 -0.077621
v 0.003104 -0.048502 -0.095470
v 0.003104 -0.059153 -0.107888
v 0.007442 -0.059153 -0.107888
v 0.007442 -0.048502 -0.095470
v 0.022589 -0.068034 -0.090374
v 0.017821 -0.068034 -0.090374
v 0.022584 -0.057094 -0.077621
v 0.017819 -0.057094 -0.077621
v 0.018034 -0.048502 -0.095470
v 0.018034 -0.059153 -0.107888
v 0.022371 -0.059153 -0.107888
v 0.022371 -0.048502 -0.095470
v 0.037517 -0.068019 -0.090356
v 0.032749 -0.068034 -0.090374
v 0.037512 -0.057117 -0.077647
v 0.032742 -0.057094 -0.077621
v 0.032963 -0.059153 -0.107888
v 0.037301 -0.059154 -0.107888
v 0.037329 -0.048510 -0.095427
v 0.002887 -0.068034 -0.090374
v -0.052943 -0.068670 -0.091021
v -0.042538 -0.056892 -0.077290
v -0.036488 -0.056703 -0.077070
v -0.042536 -0.068353 -0.090651
v -0.036582 -0.068485 -0.090805
v 0.053009 -0.055026 -0.075340
v -0.052930 -0.019388 -0.148378
v -0.027684 -0.068485 -0.090805
v -0.027636 -0.056703 -0.077070
v -0.021455 -0.068485 -0.090805
v -0.021562 -0.056703 -0.077070
v -0.012781 -0.068485 -0.090805
v -0.006626 -0.068485 -0.090805
v -0.006646 -0.056703 -0.077070
v -0.012696 -0.056703 -0.077070
v -0.052926 -0.055412 -0.075563
v 0.002218 -0.068485 -0.090805
v 0.008312 -0.068485 -0.090805
v 0.008295 -0.056703 -0.077070
v 0.002239 -0.056703 -0.077070
v 0.052943 -0.068669 -0.091020
v 0.017197 -0.068485 -0.090805
v 0.023265 -0.068485 -0.090805
v 0.023210 -0.056703 -0.077070
v 0.017179 -0.056703 -0.077070
v 0.052927 -0.019391 -0.148378
v 0.032110 -0.068485 -0.090805
v 0.038172 -0.068359 -0.090658
v 0.038136 -0.056863 -0.077256
v 0.032040 -0.056703 -0.077070
v 0.053010 -0.018977 -0.148232
v 0.052931 -0.019032 -0.147797
v 0.052943 -0.069088 -0.092152
v 0.052930 -0.055412 -0.075563
v -0.049697 -0.021163 0.054974
v -0.050691 -0.093935 0.013507
v -0.049697 -0.070174 -0.030546
v -0.049697 -0.039797 0.043529
v -0.049697 -0.029915 0.025702
v -0.050691 -0.036327 0.045453
v -0.049697 -0.027678 0.025826
v -0.026339 -0.027298 0.027152
v -0.025345 -0.029061 0.026174
v -0.049697 -0.048566 0.015362
v -0.050691 -0.059302 0.032717
v -0.050691 -0.054979 0.035113
v -0.026339 -0.045949 0.016813
v -0.026339 -0.048566 0.015362
v -0.050691 -0.073631 0.024774
v -0.049697 -0.078427 0.023230
v -0.025345 -0.066365 0.005496
v -0.026339 -0.064601 0.006473
v -0.049697 -0.019837 0.054594
v -0.050691 -0.020690 0.054121
v -0.049697 -0.094788 0.013034
v -0.049697 -0.094408 0.014360
v -0.050691 -0.040650 0.043056
v -0.049697 -0.041123 0.043909
v -0.025345 -0.038944 0.044002
v -0.026339 -0.039797 0.043529
v -0.049697 -0.028589 0.025321
v -0.026339 -0.037180 0.044980
v -0.025345 -0.038033 0.044507
v -0.049697 -0.037180 0.044980
v -0.049697 -0.036800 0.046306
v -0.049697 -0.027298 0.027152
v -0.026339 -0.027678 0.025826
v -0.025345 -0.028151 0.026679
v -0.026339 -0.028589 0.025321
v -0.026339 -0.029915 0.025702
v -0.049697 -0.047240 0.014982
v -0.049697 -0.059775 0.033570
v -0.049697 -0.058449 0.033190
v -0.025345 -0.057596 0.033662
v -0.026339 -0.058449 0.033190
v -0.026339 -0.055832 0.034640
v -0.025345 -0.056685 0.034167
v -0.049697 -0.055832 0.034640
v -0.049697 -0.055452 0.035966
v -0.049697 -0.046330 0.015487
v -0.049697 -0.045949 0.016813
v -0.026339 -0.046330 0.015487
v -0.025345 -0.046802 0.016340
v -0.025345 -0.047713 0.015835
v -0.026339 -0.047240 0.014982
v -0.026339 -0.074484 0.024301
v -0.025345 -0.075337 0.023828
v -0.049697 -0.074484 0.024301
v -0.049697 -0.074103 0.025627
v -0.049697 -0.064981 0.005147
v -0.049697 -0.064601 0.006473
v -0.049697 -0.077101 0.022850
v -0.050691 -0.077954 0.022377
v -0.025345 -0.076248 0.023323
v -0.026339 -0.077101 0.022850
v -0.049697 -0.067218 0.005023
v -0.049697 -0.065892 0.004642
v -0.026339 -0.065892 0.004642
v -0.026339 -0.067218 0.005023
v -0.026339 -0.064981 0.005147
v -0.025345 -0.065454 0.006000
v -0.049697 -0.020405 0.055116
v -0.050442 -0.020050 0.054476
v -0.050442 -0.021044 0.054761
v -0.050442 -0.094575 0.013152
v -0.049697 -0.094930 0.013792
v -0.050442 -0.094290 0.014147
v -0.050442 0.004220 0.010694
v -0.050442 -0.069960 -0.030428
v -0.050442 -0.040010 0.043411
v -0.050442 -0.041005 0.043696
v -0.049697 -0.040365 0.044051
v -0.025097 -0.039299 0.044642
v -0.025594 -0.039584 0.043647
v -0.026339 -0.040365 0.044051
v -0.049697 -0.029347 0.025180
v -0.050442 -0.028478 0.025104
v -0.050442 -0.030128 0.025583
v -0.026339 -0.037321 0.045738
v -0.025594 -0.037393 0.044862
v -0.025097 -0.038388 0.045147
v -0.050442 -0.036967 0.045098
v -0.049697 -0.037321 0.045738
v -0.050442 -0.036682 0.046093
v -0.049697 -0.027156 0.026394
v -0.050442 -0.027094 0.027288
v -0.050442 -0.027570 0.025607
v -0.026339 -0.027156 0.026394
v -0.025594 -0.027796 0.026040
v -0.025594 -0.027511 0.027034
v -0.025594 -0.028707 0.025535
v -0.026339 -0.029347 0.025180
v -0.025594 -0.029701 0.025820
v -0.049697 -0.047998 0.014840
v -0.050442 -0.047126 0.014767
v -0.050442 -0.048780 0.015244
v -0.050442 -0.059657 0.033357
v -0.049697 -0.059017 0.033711
v -0.050442 -0.058662 0.033071
v -0.025097 -0.057950 0.034302
v -0.025594 -0.058236 0.033308
v -0.026339 -0.059017 0.033711
v -0.026339 -0.055973 0.035398
v -0.025594 -0.056045 0.034522
v -0.025097 -0.057040 0.034807
v -0.050442 -0.055619 0.034759
v -0.049697 -0.055973 0.035398
v -0.050442 -0.055333 0.035753
v -0.050442 -0.046199 0.015280
v -0.049697 -0.045808 0.016055
v -0.050442 -0.045736 0.016931
v -0.026339 -0.045808 0.016055
v -0.025594 -0.046448 0.015700
v -0.025594 -0.046163 0.016695
v -0.025594 -0.048353 0.015480
v -0.025594 -0.047359 0.015195
v -0.026339 -0.047998 0.014840
v -0.026339 -0.074625 0.025059
v -0.025594 -0.074697 0.024183
v -0.025097 -0.075691 0.024468
v -0.050442 -0.074270 0.024419
v -0.049697 -0.074625 0.025059
v -0.050442 -0.073985 0.025414
v -0.050442 -0.064857 0.004938
v -0.049697 -0.064460 0.005715
v -0.050442 -0.064388 0.006592
v -0.049697 -0.077669 0.023372
v -0.050442 -0.077314 0.022732
v -0.050442 -0.078308 0.023017
v -0.025097 -0.076602 0.023963
v -0.025594 -0.076887 0.022968
v -0.026339 -0.077669 0.023372
v -0.050442 -0.067426 0.004894
v -0.049697 -0.066650 0.004501
v -0.050442 -0.065777 0.004427
v -0.025594 -0.066010 0.004856
v -0.026339 -0.066650 0.004501
v -0.025594 -0.067005 0.005141
v -0.026339 -0.064460 0.005715
v -0.025594 -0.065100 0.005361
v -0.025594 -0.064814 0.006355
v -0.050360 -0.020436 0.055005
v -0.050360 -0.094819 0.013760
v -0.050360 -0.040397 0.043940
v -0.025345 -0.040223 0.044297
v -0.050591 -0.029445 0.024847
v -0.025345 -0.037606 0.045748
v -0.050360 -0.037211 0.045706
v -0.050591 -0.026832 0.026304
v -0.025677 -0.027267 0.026426
v -0.025677 -0.029315 0.025290
v -0.050591 -0.048095 0.014508
v -0.050360 -0.059049 0.033601
v -0.025345 -0.058874 0.033957
v -0.025345 -0.056257 0.035408
v -0.050360 -0.055863 0.035367
v -0.050591 -0.045471 0.015963
v -0.025677 -0.045918 0.016086
v -0.025677 -0.047967 0.014951
v -0.025345 -0.074909 0.025069
v -0.050360 -0.074515 0.025027
v -0.050591 -0.064126 0.005622
v -0.050360 -0.077700 0.023261
v -0.025345 -0.077526 0.023618
v -0.050591 -0.066744 0.004164
v -0.025677 -0.066619 0.004612
v -0.025677 -0.064570 0.005747
v -0.050691 -0.048487 0.013175
v -0.050691 -0.044098 0.015608
v -0.050691 -0.069319 -0.030070
v -0.050691 -0.062777 0.005254
v -0.050691 -0.067114 0.002791
v -0.024351 -0.078427 0.023230
v -0.024351 -0.074103 0.025627
v -0.024351 -0.059775 0.033570
v -0.024351 -0.055452 0.035966
v -0.024351 -0.041123 0.043909
v -0.024351 -0.036800 0.046306
v -0.050691 -0.029854 0.023505
v -0.050691 -0.025570 0.025960
v 0.049200 -0.021163 0.054974
v 0.050194 -0.093935 0.013507
v 0.049200 -0.070174 -0.030546
v 0.049200 -0.039797 0.043529
v 0.049200 -0.029915 0.025702
v 0.050194 -0.036327 0.045453
v 0.049200 -0.027678 0.025826
v 0.025842 -0.027298 0.027152
v 0.024848 -0.029061 0.026174
v 0.049200 -0.048566 0.015362
v 0.050194 -0.059302 0.032717
v 0.050194 -0.054979 0.035113
v 0.025842 -0.045949 0.016813
v 0.025842 -0.048566 0.015362
v 0.050194 -0.073631 0.024774
v 0.049200 -0.078427 0.023230
v 0.024848 -0.066365 0.005496
v 0.025842 -0.064601 0.006473
v 0.049200 -0.019837 0.054594
v 0.050194 -0.020690 0.054121
v 0.049200 -0.094788 0.013034
v 0.049200 -0.094408 0.014360
v 0.050194 -0.040650 0.043056
v 0.049200 -0.041123 0.043909
v 0.024848 -0.038944 0.044002
v 0.025842 -0.039797 0.043529
v 0.049200 -0.028589 0.025321
v 0.025842 -0.037180 0.044980
v 0.024848 -0.038033 0.044507
v 0.049200 -0.037180 0.044980
v 0.049200 -0.036800 0.046306
v 0.049200 -0.027298 0.027152
v 0.025842 -0.027678 0.025826
v 0.024848 -0.028151 0.026679
v 0.025842 -0.028589 0.025321
v 0.025842 -0.029915 0.025702
v 0.049200 -0.047240 0.014982
v 0.049200 -0.059775 0.033570
v 0.049200 -0.058449 0.033190
v 0.024848 -0.057596 0.033662
v 0.025842 -0.058449 0.033190
v 0.025842 -0.055832 0.034640
v 0.024848 -0.056685 0.034167
v 0.049200 -0.055832 0.034640
v 0.049200 -0.055452 0.035966
v 0.049200 -0.046330 0.015487
v 0.049200 -0.045949 0.016813
v 0.025842 -0.046330 0.015487
v 0.024848 -0.046802 0.016340
v 0.024848 -0.047713 0.015835
v 0.025842 -0.047240 0.014982
v 0.025842 -0.074484 0.024301
v 0.024848 -0.075337 0.023828
v 0.049200 -0.074484 0.024301
v 0.049200 -0.074103 0.025627
v 0.049200 -0.064981 0.005147
v 0.049200 -0.064601 0.006473
v 0.049200 -0.077101 0.022850
v 0.050194 -0.077954 0.022377
v 0.024848 -0.076248 0.023323
v 0.025842 -0.077101 0.022850
v 0.049200 -0.067218 0.005023
v 0.049200 -0.065892 0.004642
v 0.025842 -0.065892 0.004642
v 0.025842 -0.067218 0.005023
v 0.025842 -0.064981 0.005147
v 0.024848 -0.065454 0.006000
v 0.049200 -0.020405 0.055115
v 0.049945 -0.020050 0.054476
v 0.049945 -0.021044 0.054761
v 0.049945 -0.094575 0.013152
v 0.049200 -0.094930 0.013792
v 0.049945 -0.094290 0.014147
v 0.049945 0.004220 0.010694
v 0.049945 -0.069960 -0.030428
v 0.049945 -0.040010 0.043411
v 0.049945 -0.041005 0.043696
v 0.049200 -0.040365 0.044051
v 0.024600 -0.039299 0.044642
v 0.025097 -0.039584 0.043647
v 0.025842 -0.040365 0.044051
v 0.049200 -0.029347 0.025180
v 0.049945 -0.028478 0.025104
v 0.049945 -0.030128 0.025583
v 0.025842 -0.037321 0.045738
v 0.025097 -0.037393 0.044862
v 0.024600 -0.038388 0.045147
v 0.049945 -0.036967 0.045098
v 0.049200 -0.037321 0.045738
v 0.049945 -0.036682 0.046093
v 0.049200 -0.027156 0.026394
v 0.049945 -0.027094 0.027288
v 0.049945 -0.027570 0.025607
v 0.025842 -0.027156 0.026394
v 0.025097 -0.027796 0.026040
v 0.025097 -0.027511 0.027034
v 0.025097 -0.028707 0.025535
v 0.025842 -0.029347 0.025180
v 0.025097 -0.029701 0.025820
v 0.049200 -0.047998 0.014840
v 0.049945 -0.047126 0.014767
v 0.049945 -0.048780 0.015244
v 0.049945 -0.059657 0.033357
v 0.049200 -0.059017 0.033711
v 0.049945 -0.058662 0.033071
v 0.024600 -0.057950 0.034302
v 0.025097 -0.058236 0.033308
v 0.025842 -0.059017 0.033711
v 0.025842 -0.055973 0.035398
v 0.025097 -0.056045 0.034522
v 0.024600 -0.057040 0.034807
v 0.049945 -0.055619 0.034759
v 0.049200 -0.055973 0.035398
v 0.049945 -0.055333 0.035753
v 0.049945 -0.046199 0.015280
v 0.049200 -0.045808 0.016055
v 0.049945 -0.045736 0.016931
v 0.025842 -0.045808 0.016055
v 0.025097 -0.046448 0.015700
v 0.025097 -0.046163 0.016695
v 0.025097 -0.048353 0.015480
v 0.025097 -0.047359 0.015195
v 0.025842 -0.047998 0.014840
v 0.025842 -0.074625 0.025059
v 0.025097 -0.074697 0.024183
v 0.024600 -0.075691 0.024468
v 0.049945 -0.074270 0.024419
v 0.049200 -0.074625 0.025059
v 0.049945 -0.073985 0.025414
v 0.049945 -0.064857 0.004938
v 0.049200 -0.064460 0.005715
v 0.049945 -0.064388 0.006592
v 0.049200 -0.077669 0.023372
v 0.049945 -0.077314 0.022732
v 0.049945 -0.078308 0.023017
v 0.024600 -0.076602 0.023963
v 0.025097 -0.076887 0.022968
v 0.025842 -0.077669 0.023372
v 0.049945 -0.067426 0.004894
v 0.049200 -0.066650 0.004501
v 0.049945 -0.065777 0.004427
v 0.025097 -0.066010 0.004856
v 0.025842 -0.066650 0.004501
v 0.025097 -0.067005 0.005141
v 0.025842 -0.064460 0.005715
v 0.025097 -0.065100 0.005361
v 0.025097 -0.064814 0.006355
v 0.049862 -0.020436 0.055005
v 0.049862 -0.094819 0.013760
v 0.049862 -0.040397 0.043940
v 0.024848 -0.040223 0.044297
v 0.050094 -0.029445 0.024847
v 0.024848 -0.037606 0.045748
v 0.049862 -0.037211 0.045706
v 0.050094 -0.026832 0.026304
v 0.025180 -0.027267 0.026426
v 0.025180 -0.029315 0.025290
v 0.050094 -0.048095 0.014508
v 0.049862 -0.059049 0.033601
v 0.024848 -0.058874 0.033957
v 0.024848 -0.056257 0.035408
v 0.049862 -0.055863 0.035367
v 0.050094 -0.045471 0.015962
v 0.025180 -0.045918 0.016086
v 0.025180 -0.047967 0.014951
v 0.024848 -0.074909 0.025069
v 0.049862 -0.074515 0.025027
v 0.050094 -0.064126 0.005622
v 0.049862 -0.077700 0.023261
v 0.024848 -0.077526 0.023618
v 0.050094 -0.066744 0.004164
v 0.025180 -0.066619 0.004612
v 0.025180 -0.064570 0.005747
v 0.050194 -0.048487 0.013175
v 0.050194 -0.044098 0.015608
v 0.050194 -0.062777 0.005254
v 0.050194 -0.067114 0.002791
v 0.023854 -0.078427 0.023230
v 0.023854 -0.074103 0.025627
v 0.023854 -0.059775 0.033570
v 0.023854 -0.055452 0.035966
v 0.023854 -0.041123 0.043909
v 0.023854 -0.036800 0.046306
v 0.050194 -0.029854 0.023505
v 0.050194 -0.025570 0.025960
v 0.049200 0.004434 0.010812
v -0.049697 0.004434 0.010812
v -0.050691 0.003580 0.010339
v 0.050194 -0.069319 -0.030070
v 0.050194 0.003580 0.010339
v -0.052667 0.130537 -0.147882
v -0.052667 -0.097875 0.011398
v 0.051366 -0.018295 0.056540
v 0.052667 0.130537 -0.147882
v 0.052667 -0.097875 0.011398
v 0.051366 -0.018339 -0.148378
v -0.049359 0.128147 -0.148378
v 0.049359 -0.016332 -0.148378
v -0.049359 -0.095722 0.013643
v 0.049359 -0.020050 0.055567
v -0.053587 -0.017759 0.055785
v -0.053587 -0.097069 0.011844
v -0.052667 -0.017037 -0.148378
v 0.053587 0.129279 -0.147709
v 0.052667 -0.096339 0.013301
v 0.053587 -0.018686 -0.147709
v -0.050660 -0.015030 -0.148378
v 0.050660 0.126846 -0.148378
v -0.050660 -0.021188 0.054936
v 0.050660 -0.094583 0.014274
v -0.051366 0.130154 -0.148378
v -0.051366 -0.018295 0.056540
v -0.052667 -0.016952 0.056239
v -0.051366 -0.097477 0.012670
v -0.051366 -0.018339 -0.148378
v -0.052667 -0.019665 -0.147803
v 0.052667 -0.016953 0.056239
v 0.051366 0.130154 -0.148378
v 0.051366 -0.097477 0.012670
v 0.052667 -0.019665 -0.147803
v -0.049359 -0.016332 -0.148378
v 0.049359 0.128147 -0.148378
v -0.049359 -0.020050 0.055567
v -0.049782 -0.094540 0.013263
v 0.049359 -0.095722 0.013643
v 0.049780 -0.020334 0.054473
v -0.052667 0.128853 -0.148378
v -0.053587 0.129279 -0.147709
v -0.052667 -0.019433 0.055909
v -0.052667 -0.096339 0.013301
v -0.053587 -0.018686 -0.147709
v 0.052667 -0.019433 0.055909
v 0.053587 -0.017759 0.055785
v 0.052667 0.128853 -0.148378
v 0.053587 -0.097069 0.011844
v 0.052667 -0.017037 -0.148378
v -0.050660 0.126846 -0.148378
v 0.050660 -0.015030 -0.148378
v -0.049740 -0.021122 0.053921
v -0.049740 -0.093706 0.013708
v -0.050660 -0.094583 0.014274
v 0.049775 -0.094554 0.013273
v 0.049740 -0.021122 0.053921
v 0.050660 -0.021188 0.054936
v -0.052342 0.130710 -0.148191
v -0.052342 -0.017557 0.056688
v -0.052342 -0.097979 0.012129
v -0.052342 -0.019130 -0.148172
v 0.052342 -0.017557 0.056688
v 0.052342 0.130710 -0.148191
v 0.052342 -0.097979 0.012129
v 0.052342 -0.019130 -0.148172
v -0.048955 -0.020519 0.055046
v -0.048955 -0.095017 0.013771
v 0.048955 -0.095017 0.013771
v 0.048955 -0.020519 0.055046
v -0.053357 0.129610 -0.148148
v -0.053357 -0.018445 0.056194
v -0.053357 -0.097090 0.012621
v -0.053357 -0.018100 -0.148148
v 0.053357 -0.018445 0.056194
v 0.053357 0.129610 -0.148148
v 0.053357 -0.097090 0.012621
v 0.053357 -0.018100 -0.148148
v -0.049970 -0.021407 0.054552
v -0.049970 -0.094128 0.014263
v 0.049970 -0.094128 0.014263
v 0.049970 -0.021407 0.054552
v 0.049822 -0.020612 0.054906
v 0.050304 -0.020240 0.055199
v 0.052698 -0.018119 0.056377
v 0.053135 -0.017697 0.056523
v 0.053301 -0.017189 0.056108
v 0.053302 0.130181 -0.147848
v 0.053135 0.130396 -0.148106
v 0.052699 0.130023 -0.148179
v 0.050303 0.127658 -0.148168
v 0.049820 -0.094846 0.013778
v 0.050300 -0.095297 0.013615
v 0.052702 -0.097414 0.012443
v 0.053137 -0.097758 0.012164
v 0.053305 -0.097636 0.011531
v 0.053305 -0.019372 -0.147779
v 0.053137 -0.018937 -0.148086
v 0.052702 -0.018472 -0.148159
v 0.050299 -0.016086 -0.148163
v -0.049820 -0.094846 0.013778
v -0.050300 -0.095297 0.013615
v -0.052702 -0.097413 0.012443
v -0.053137 -0.097758 0.012164
v -0.053305 -0.097636 0.011531
v -0.053305 -0.019372 -0.147779
v -0.053137 -0.018937 -0.148086
v -0.052702 -0.018472 -0.148159
v -0.050299 -0.016086 -0.148163
v -0.049822 -0.020612 0.054906
v -0.049793 -0.020292 0.054379
v -0.050304 -0.020240 0.055199
v -0.052698 -0.018119 0.056377
v -0.053135 -0.017697 0.056523
v -0.053301 -0.017189 0.056108
v -0.053302 0.130181 -0.147848
v -0.053135 0.130396 -0.148106
v -0.052699 0.130023 -0.148179
v -0.050303 0.127658 -0.148168
v -0.049781 0.000020 0.019061
v 0.049781 0.000015 0.019058
v 0.049770 -0.074769 -0.022402
v -0.049771 -0.074774 -0.022405
vn 0.0072 -0.7480 0.6636
vn -0.0146 -0.7615 0.6480
vn 0.0146 -0.7615 0.6480
vn -0.0156 -0.7562 0.6542
vn -0.0127 -0.7726 0.6347
vn 0.0156 -0.7561 0.6542
vn 0.0158 -0.7561 0.6543
vn -0.0158 -0.7561 0.6543
vn 0.0030 0.0058 -1.0000
vn 0.0015 -0.0032 -1.0000
vn -0.0015 0.0029 -1.0000
vn -0.0008 -0.9378 0.3473
vn -0.7059 -0.7083 0.0039
vn -0.0016 -1.0000 0.0009
vn 0.9998 -0.0176 -0.0008
vn 0.7024 -0.5528 0.4484
vn 0.7034 -0.6390 -0.3114
vn 0.7025 -0.5527 0.4484
vn -1.0000 -0.0057 0.0010
vn -0.6997 -0.5440 0.4631
vn -0.9998 -0.0174 0.0005
vn -0.7033 -0.6444 -0.3002
vn -0.7026 -0.5431 0.4597
vn 0.0088 -0.7778 0.6284
vn 0.0333 -0.9954 0.0894
vn 0.0125 -0.7612 0.6484
vn 0.4376 -0.8678 0.2354
vn 0.6948 -0.5515 0.4616
vn -0.0144 -0.7615 0.6480
vn -0.0082 -0.7332 0.6800
vn -0.0230 -0.9948 0.0997
vn -0.3776 -0.8851 0.2719
vn 0.0129 -0.7567 0.6536
vn -0.7146 -0.5364 0.4490
vn 0.0459 0.1390 0.9892
vn 0.5529 -0.1675 0.8162
vn 0.6981 -0.5377 0.4728
vn -0.7193 -0.5211 0.4594
vn -0.5151 -0.1856 0.8368
vn -0.0358 0.1271 0.9912
vn 0.0365 -0.0069 0.9993
vn 0.4928 -0.2412 0.8360
vn 0.6651 -0.5614 0.4924
vn 0.0246 -0.9835 0.1791
vn 0.0145 -0.7615 0.6480
vn 0.3758 -0.8847 0.2758
vn 0.6620 -0.5744 0.4814
vn -0.6633 -0.5628 0.4932
vn -0.4881 -0.2511 0.8359
vn -0.0365 -0.0080 0.9993
vn -0.0147 -0.7616 0.6479
vn -0.0246 -0.9836 0.1787
vn -0.3780 -0.8852 0.2712
vn -0.6608 -0.5754 0.4819
vn 0.0367 -0.0056 0.9993
vn 0.4891 -0.2490 0.8359
vn 0.6611 -0.5643 0.4946
vn -0.0145 -0.7564 0.6539
vn -0.6956 -0.5397 0.4742
vn -0.5025 -0.2192 0.8363
vn -0.0367 -0.0023 0.9993
vn -0.0094 -0.7608 0.6489
vn -0.0246 -0.9837 0.1781
vn -0.3791 -0.8855 0.2688
vn -0.6921 -0.5535 0.4633
vn 0.0246 -0.9836 0.1786
vn 0.0147 -0.7616 0.6479
vn 0.3767 -0.8849 0.2739
vn 0.6583 -0.5770 0.4835
vn 0.0369 -0.0013 0.9993
vn 0.4991 -0.2273 0.8362
vn 0.0145 -0.7564 0.6540
vn 0.6819 -0.5496 0.4826
vn -0.0157 -0.7562 0.6542
vn -0.6896 -0.5440 0.4779
vn -0.5013 -0.2221 0.8363
vn -0.0369 -0.0008 0.9993
vn -0.0246 -0.9836 0.1785
vn -0.3780 -0.8852 0.2710
vn -0.6861 -0.5578 0.4671
vn 0.6785 -0.5631 0.4717
vn 0.3772 -0.8850 0.2729
vn 0.0093 -0.7608 0.6489
vn 0.0369 0.0012 0.9993
vn 0.5058 -0.2112 0.8364
vn 0.0157 -0.7561 0.6542
vn 0.6989 -0.5371 0.4723
vn -0.0158 -0.7562 0.6541
vn -0.6870 -0.5461 0.4794
vn -0.4980 -0.2298 0.8362
vn -0.0370 -0.0008 0.9993
vn -0.0147 -0.7615 0.6480
vn -0.0247 -0.9837 0.1779
vn -0.3793 -0.8855 0.2683
vn -0.6839 -0.5594 0.4683
vn 0.0246 -0.9837 0.1781
vn 0.3780 -0.8852 0.2711
vn 0.6950 -0.5513 0.4615
vn 0.0356 0.1157 0.9926
vn 0.5036 -0.2166 0.8363
vn 0.0155 -0.7561 0.6542
vn 0.6753 -0.5540 0.4868
vn -0.0092 -0.7574 0.6529
vn -0.6975 -0.5383 0.4730
vn -0.5471 -0.1765 0.8182
vn -0.0449 0.1299 0.9905
vn -0.0090 -0.7606 0.6491
vn -0.0316 -0.9940 0.1046
vn -0.4289 -0.8719 0.2361
vn -0.6944 -0.5519 0.4617
vn 0.0232 -0.9932 0.1145
vn 0.0144 -0.7615 0.6480
vn 0.3722 -0.8841 0.2826
vn 0.6711 -0.5680 0.4765
vn 0.0017 -0.9376 0.3477
vn -1.0000 -0.0069 -0.0026
vn -0.9995 -0.0305 0.0060
vn -0.9998 0.0126 0.0145
vn -1.0000 0.0063 0.0049
vn -0.7737 0.1752 0.6089
vn -0.8303 -0.2012 0.5197
vn -0.7140 0.6074 0.3481
vn -0.7215 -0.6103 -0.3272
vn -1.0000 -0.0028 -0.0010
vn -0.7785 -0.6040 0.1708
vn -0.8313 -0.3334 0.4448
vn -1.0000 -0.0048 -0.0027
vn -0.8362 -0.3303 0.4379
vn -0.7751 -0.6076 0.1730
vn -1.0000 -0.0075 -0.0028
vn -0.7164 -0.6150 -0.3296
vn -1.0000 0.0058 0.0045
vn -0.9998 -0.0187 -0.0030
vn -0.9995 0.0106 0.0286
vn -0.7144 0.6071 0.3479
vn -0.7793 0.1714 0.6028
vn -0.8377 -0.1981 0.5090
vn -0.5392 -0.3401 0.7705
vn -0.4377 0.0117 0.8990
vn -0.0004 -0.4824 0.8760
vn -0.0087 0.2622 0.9650
vn -0.0088 -0.9573 0.2889
vn -0.4377 -0.7686 0.4665
vn -0.0005 -0.4884 0.8726
vn -0.5391 -0.4732 0.6967
vn -0.0005 -0.4812 0.8766
vn -0.5391 -0.3401 0.7705
vn -0.4378 0.0117 0.8990
vn -0.0006 -0.4884 0.8726
vn -0.5391 -0.4733 0.6967
vn -0.4377 0.0117 0.8991
vn -0.0005 -0.4878 0.8730
vn -1.0000 0.0023 0.0018
vn -0.7760 0.1752 0.6060
vn -0.8216 -0.2072 0.5312
vn -0.7176 0.6043 0.3463
vn -0.7033 -0.6267 -0.3356
vn -0.7589 -0.6263 0.1782
vn -0.8169 -0.3476 0.4603
vn 1.0000 -0.0069 -0.0026
vn 0.9998 0.0126 0.0145
vn 0.9995 -0.0305 0.0060
vn 1.0000 0.0063 0.0049
vn 0.8303 -0.2012 0.5197
vn 0.7737 0.1752 0.6089
vn 0.7140 0.6074 0.3481
vn 0.7215 -0.6103 -0.3272
vn 0.7785 -0.6040 0.1708
vn 1.0000 -0.0028 -0.0010
vn 0.8313 -0.3334 0.4448
vn 0.8362 -0.3303 0.4378
vn 1.0000 -0.0075 -0.0028
vn 0.7751 -0.6076 0.1730
vn 0.7164 -0.6150 -0.3296
vn 1.0000 0.0058 0.0045
vn 0.9995 0.0107 0.0286
vn 0.9998 -0.0187 -0.0030
vn 0.7144 0.6071 0.3479
vn 0.7792 0.1714 0.6028
vn 0.8377 -0.1981 0.5090
vn 0.5391 -0.3401 0.7705
vn 0.0004 -0.4824 0.8760
vn 0.4377 0.0117 0.8990
vn 0.0087 0.2622 0.9650
vn 0.0087 -0.9573 0.2889
vn 0.0005 -0.4884 0.8726
vn 0.4377 -0.7686 0.4665
vn 0.5391 -0.4732 0.6967
vn 0.0005 -0.4813 0.8766
vn 0.0088 -0.9573 0.2889
vn 0.4378 -0.7686 0.4665
vn 0.5391 -0.4733 0.6967
vn 0.4377 0.0116 0.8990
vn 0.0088 0.2622 0.9650
vn 0.0004 -0.4877 0.8730
vn 1.0000 0.0024 0.0018
vn 0.8215 -0.2072 0.5312
vn 0.7760 0.1752 0.6060
vn 0.7176 0.6043 0.3462
vn 0.7033 -0.6267 -0.3356
vn 0.7589 -0.6263 0.1782
vn 0.8169 -0.3476 0.4603
vn -0.0174 -0.4650 0.8852
vn -0.0027 -0.4980 0.8672
vn 0.0028 -0.4980 0.8672
vn 0.0174 -0.4650 0.8852
vn 0.0027 -0.4717 0.8817
vn 0.0173 -0.5051 0.8629
vn -0.0028 -0.4717 0.8817
vn -0.0174 -0.5052 0.8629
vn -1.0000 0.0056 0.0031
vn 1.0000 -0.0042 -0.0038
vn 1.0000 0.0057 0.0030
vn -0.7071 -0.3429 0.6184
vn -0.6480 0.6632 0.3746
vn -0.3118 -0.1625 0.9361
vn 0.0001 0.3040 0.9527
vn 0.0048 0.8726 0.4884
vn 0.4694 -0.1743 0.8656
vn -0.0000 0.3040 0.9527
vn 0.0001 -0.9745 0.2245
vn -0.0048 -0.8685 -0.4956
vn -0.4596 -0.6359 0.6200
vn 0.0048 -0.8685 -0.4956
vn -0.0001 -0.9745 0.2243
vn 0.4826 -0.6419 0.5959
vn 0.6478 -0.6602 -0.3801
vn 1.0000 -0.0019 0.0042
vn -0.6499 -0.6588 -0.3790
vn -1.0000 -0.0022 0.0041
vn 0.6479 0.6665 0.3688
vn 1.0000 -0.0024 0.0040
vn 0.9999 0.0030 0.0109
vn 0.9999 -0.0167 0.0011
vn 0.9999 -0.0169 0.0011
vn 0.0404 0.8925 0.4492
vn -0.0408 0.8922 0.4498
vn -0.0404 0.8925 0.4492
vn -0.9999 -0.0167 0.0011
vn -0.9999 0.0029 0.0109
vn -0.9999 -0.0170 0.0011
vn 0.0404 -0.7526 0.6573
vn -0.0401 -0.7641 0.6438
vn 0.0401 -0.7641 0.6438
vn -0.0402 -0.8991 -0.4360
vn 0.0407 -0.8993 -0.4355
vn 0.0402 -0.8991 -0.4360
vn 0.9999 0.0029 0.0109
vn 0.9999 -0.0170 0.0011
vn 0.0409 0.8921 0.4499
vn -0.0408 0.8921 0.4499
vn -0.9999 0.0029 0.0110
vn -0.0404 -0.7526 0.6573
vn 0.0400 -0.7641 0.6438
vn 0.0401 -0.8991 -0.4360
vn -0.0406 -0.8993 -0.4354
vn 0.0406 -0.8993 -0.4354
vn 0.0441 -0.7640 0.6437
vn -0.0401 -0.8991 -0.4360
vn 0.0402 -0.8991 -0.4359
vn -0.0408 0.8922 0.4499
vn 0.0401 -0.7642 0.6438
vn 0.0409 0.8922 0.4499
vn -0.0400 -0.7641 0.6438
vn -0.0409 0.8922 0.4498
vn 0.0409 0.8922 0.4498
vn -0.9998 -0.0178 0.0007
vn -0.0402 -0.7642 0.6437
vn 0.0449 -0.7525 0.6570
vn -0.0451 -0.8992 -0.4353
vn -0.0442 -0.8989 -0.4359
vn -0.7039 -0.5359 0.4663
vn -1.0000 0.0053 -0.0010
vn -0.7029 -0.0023 -0.7113
vn -1.0000 -0.0045 -0.0037
vn -1.0000 0.0042 0.0037
vn 0.0014 0.1231 0.9924
vn -0.0019 0.3612 0.9325
vn 0.6998 -0.0021 -0.7143
vn 1.0000 0.0054 -0.0010
vn 1.0000 -0.0045 -0.0037
vn 0.7009 -0.5433 0.4622
vn 1.0000 0.0042 0.0037
vn 0.7055 -0.5349 0.4649
vn -0.7019 0.6380 0.3168
vn -0.6786 0.0832 0.7298
vn 0.0030 0.8980 0.4401
vn -0.0015 0.8972 0.4417
vn 0.0015 0.8956 0.4449
vn -0.7196 0.5911 -0.3643
vn -0.0015 0.8502 -0.5265
vn -0.5774 -0.5773 -0.5773
vn 0.7004 0.6403 0.3153
vn 0.7003 0.0019 -0.7138
vn 0.7202 0.5887 -0.3671
vn 0.7035 -0.7107 -0.0016
vn 0.0011 -0.7078 -0.7064
vn 0.6037 -0.5658 -0.5616
vn 0.7029 0.0877 0.7058
vn 1.0000 -0.0056 0.0010
vn 0.7016 -0.7126 0.0039
vn 0.7091 0.6273 0.3222
vn 0.7049 -0.6405 -0.3047
vn 0.5241 -0.8450 0.1062
vn 0.7053 -0.5423 0.4566
vn 0.6815 0.0913 0.7261
vn 0.0391 0.1246 0.9914
vn -0.7079 0.6308 0.3178
vn -0.7081 -0.5317 0.4647
vn -0.6814 0.0913 0.7262
vn -0.5241 -0.8450 0.1062
vn -0.0258 -0.9919 0.1247
vn 0.0404 0.8925 0.4493
vn -0.7080 -0.5317 0.4647
vn -0.6815 0.0913 0.7261
vn -0.7079 0.6308 0.3177
vn -0.7086 0.6274 0.3229
vn 0.7080 -0.5317 0.4647
vn 0.7079 0.6308 0.3178
vn -0.0259 -0.9919 0.1247
vn -0.7019 0.6390 0.3146
vn -0.0197 -0.9905 0.1360
vn -0.7077 -0.7066 -0.0018
vn -0.0016 -1.0000 -0.0029
vn 0.7004 0.6393 0.3175
vn 0.9999 0.0029 0.0107
vn -0.7083 0.6278 0.3228
vn -0.0391 0.1247 0.9914
vn -0.9999 0.0029 0.0107
vn -0.7053 -0.5423 0.4566
vn -0.7036 -0.6421 -0.3044
vn -0.7056 -0.6377 -0.3090
vn 0.7087 0.6272 0.3229
vn 0.7079 0.6308 0.3177
vn 0.7081 -0.5317 0.4647
vn -0.0391 0.1246 0.9914
vn -0.7088 0.6272 0.3230
vn 0.7037 -0.6420 -0.3044
vn 0.7056 -0.6377 -0.3090
vn 0.0258 -0.9919 0.1247
vn 0.9999 0.0022 0.0112
vn 0.7088 0.6272 0.3230
vn 0.7078 -0.5328 0.4638
vn -0.7085 0.6275 0.3229
vn 0.7086 0.6274 0.3229
vn 0.0259 -0.9919 0.1247
vn 0.7085 0.6275 0.3228
vn -0.7036 -0.6421 -0.3045
vn 0.7085 0.6275 0.3229
vn -0.7090 0.6272 0.3222
vn -0.7045 -0.6414 -0.3039
vn 0.0016 -1.0000 0.0018
vn -0.7036 -0.6420 -0.3044
vn -0.7036 -0.6420 -0.3045
vn 0.7036 -0.6420 -0.3044
vn 0.7037 -0.6420 -0.3043
vn -0.7035 0.0019 -0.7107
vn -0.0030 -0.0064 -1.0000
vn -0.0011 -0.7078 -0.7064
vn 0.0015 0.8509 -0.5253
vn -0.0030 0.8948 0.4465
vn 0.0197 -0.9934 0.1133
vn -0.0403 -0.7526 0.6573
vn 0.0404 -0.7526 0.6572
vn 0.0408 0.8922 0.4499
vn 0.0408 0.8922 0.4498
vn 0.0406 -0.8994 -0.4353
vn 0.0016 -1.0000 -0.0029
vn -0.9905 0.1153 0.0755
vn -0.9902 -0.1282 -0.0560
vn -0.9905 -0.1251 -0.0578
vn -0.0102 -0.8801 -0.4746
vn -0.0100 -0.8801 -0.4748
vn -0.0113 -0.5998 0.8001
vn -0.0087 -0.3622 0.9320
vn -0.0087 -0.5985 0.8011
vn -0.0100 0.8690 0.4948
vn -0.0102 0.8689 0.4950
vn -0.0114 -0.5997 0.8001
vn -0.0086 -0.5985 0.8011
vn -0.0102 0.8689 0.4949
vn -0.9902 0.1154 0.0790
vn -0.9902 -0.1282 -0.0559
vn -0.0102 -0.8802 -0.4746
vn -0.0114 -0.3608 0.9326
vn -0.9902 -0.1281 -0.0560
vn -0.0100 -0.8800 -0.4748
vn -0.0018 0.2762 0.9611
vn 0.0025 0.8723 0.4890
vn -0.0024 0.8723 0.4890
vn -0.5701 0.2264 0.7898
vn -0.5701 -0.7898 0.2264
vn -0.7009 -0.6228 -0.3477
vn -0.5702 0.2264 0.7897
vn -0.7145 0.6080 0.3461
vn -0.0142 0.2757 0.9611
vn -0.5701 -0.7897 0.2264
vn -0.7009 -0.6279 -0.3385
vn -0.0140 -0.9612 0.2756
vn -0.0072 -0.9612 0.2756
vn -0.5701 0.2264 0.7897
vn -0.6965 -0.2525 0.6717
vn -0.0142 0.2756 0.9612
vn -0.9998 0.0069 0.0160
vn -0.7003 -0.3371 0.6292
vn -0.5701 -0.7898 0.2265
vn -0.9998 -0.0172 0.0026
vn -0.7183 -0.6122 -0.3305
vn -0.7004 0.6202 0.3533
vn -0.5702 -0.7897 0.2264
vn -0.7133 -0.6167 -0.3328
vn -0.0071 0.2658 0.9640
vn -0.9905 0.1149 0.0753
vn -0.5700 -0.7898 0.2265
vn -0.7003 0.6162 0.3603
vn -0.7003 -0.6321 -0.3317
vn -0.0072 0.2756 0.9612
vn -0.6965 -0.4358 0.5700
vn -0.7004 -0.6283 -0.3388
vn -0.0143 0.2752 0.9613
vn -0.0143 -0.9613 0.2753
vn -0.0025 -0.8707 -0.4918
vn -0.0024 -0.8731 -0.4875
vn -0.0099 -0.8800 -0.4748
vn -0.0114 -0.3607 0.9326
vn -0.0092 -0.4729 0.8811
vn -0.7003 -0.3550 0.6193
vn -0.0092 -0.4967 0.8679
vn -0.7003 -0.3383 0.6285
vn -0.7003 -0.3544 0.6196
vn -0.7004 -0.3378 0.6288
vn -0.0092 -0.4966 0.8679
vn -0.7004 0.6226 0.3490
vn -0.0018 -0.9613 0.2756
vn -0.0070 -0.9584 0.2854
vn -0.7003 -0.3543 0.6197
vn -0.0070 0.2658 0.9640
vn -0.7111 0.6110 0.3479
vn -0.0071 -0.9584 0.2853
vn -0.0143 -0.9612 0.2755
vn -0.9905 0.1150 0.0753
vn -0.0071 -0.9584 0.2854
vn -0.7113 0.6109 0.3477
vn -0.0087 -0.5986 0.8010
vn 0.0024 -0.8707 -0.4918
vn 0.9902 -0.1282 -0.0560
vn 0.9905 0.1153 0.0754
vn 0.9905 -0.1251 -0.0578
vn 0.0100 -0.8800 -0.4748
vn 0.0100 -0.8801 -0.4748
vn 0.0102 -0.8801 -0.4746
vn 0.0087 -0.3622 0.9320
vn 0.0113 -0.5998 0.8001
vn 0.0087 -0.5985 0.8011
vn 0.0102 0.8688 0.4950
vn 0.0102 0.8689 0.4949
vn 0.0100 0.8690 0.4948
vn 0.0114 -0.5997 0.8001
vn 0.0114 -0.3608 0.9326
vn 0.0102 0.8689 0.4950
vn 0.9905 0.1153 0.0755
vn 0.9902 0.1154 0.0790
vn 0.0102 -0.8802 -0.4746
vn 0.0103 0.8689 0.4949
vn 0.0018 0.2751 0.9614
vn 0.5701 0.2264 0.7898
vn 0.7004 -0.3378 0.6288
vn 0.5701 -0.7897 0.2264
vn 0.7004 -0.3544 0.6196
vn 0.5701 0.2265 0.7898
vn 0.0070 0.2658 0.9640
vn 0.0142 0.2757 0.9612
vn 0.5700 -0.7898 0.2265
vn 0.7003 -0.3543 0.6197
vn 0.0140 -0.9612 0.2755
vn 0.7004 -0.6283 -0.3388
vn 0.7004 0.6202 0.3533
vn 0.0142 0.2756 0.9612
vn 0.5700 0.2264 0.7898
vn 0.9998 0.0069 0.0160
vn 0.7111 0.6110 0.3479
vn 0.5701 -0.7898 0.2264
vn 0.9998 -0.0172 0.0026
vn 0.7003 -0.3550 0.6193
vn 0.5701 0.2265 0.7897
vn 0.0072 0.2756 0.9612
vn 0.9998 -0.0172 0.0027
vn 0.7004 -0.3383 0.6285
vn 0.5701 0.2264 0.7897
vn 0.6965 -0.2525 0.6717
vn 0.0072 -0.9612 0.2756
vn 0.7003 -0.6321 -0.3317
vn 0.7145 0.6080 0.3461
vn 0.6965 -0.2525 0.6716
vn 0.0143 -0.9613 0.2751
vn 0.0071 0.2658 0.9640
vn 0.7003 0.6163 0.3603
vn 0.6965 -0.4358 0.5700
vn 0.7009 -0.6228 -0.3477
vn 0.7009 -0.6210 -0.3508
vn 0.7003 0.6162 0.3603
vn 0.0071 -0.9584 0.2854
vn 0.7183 -0.6122 -0.3305
vn 0.7010 -0.3368 0.6287
vn 0.0092 -0.4967 0.8679
vn 0.0092 -0.4729 0.8811
vn 0.7004 0.6226 0.3490
vn 0.0024 -0.8731 -0.4875
vn 0.0018 -0.9613 0.2756
vn 0.0071 -0.9584 0.2853
vn 0.6965 -0.4359 0.5700
vn 0.0143 -0.9612 0.2755
vn 0.7113 0.6109 0.3478
vn 0.0143 0.2755 0.9612
vn 0.7133 -0.6168 -0.3328
vn 0.7009 -0.6279 -0.3385
vn -0.0024 0.8747 0.4847
vn 0.7004 0.6242 0.3460
vn 0.0024 0.8746 0.4848
vn -0.7009 -0.6210 -0.3508
vn -0.7004 0.6242 0.3460
vn 0.0025 0.8107 0.5855
vn -0.0025 0.8100 0.5864
vn 0.0025 0.8100 0.5864
vn -0.0025 -0.8981 -0.4398
vn 0.0025 -0.8967 -0.4425
vn 0.0026 -0.8981 -0.4398
vn -0.0021 0.0717 -0.9974
vn -0.0000 -0.0000 -1.0000
vn 0.0020 -0.0727 -0.9974
vn -0.0021 -0.4085 0.9128
vn 0.0022 -0.5563 0.8310
vn 0.0020 -0.4085 0.9128
vn 0.0021 -0.4108 0.9117
vn -0.0021 -0.5576 0.8301
vn 0.0021 -0.5576 0.8301
vn -1.0000 0.0020 0.0026
vn -1.0000 -0.0019 -0.0024
vn -1.0000 -0.0024 -0.0001
vn 1.0000 0.0020 0.0026
vn 1.0000 -0.0020 -0.0024
vn 1.0000 0.0025 0.0003
vn -0.0844 -0.0015 -0.9964
vn 0.0847 0.0014 -0.9964
vn 0.0850 -0.4808 0.8727
vn -0.0840 -0.4851 0.8704
vn 0.0850 -0.4850 0.8704
vn 0.0840 -0.4851 0.8704
vn -0.0850 -0.4808 0.8727
vn -0.0850 -0.4849 0.8704
vn 0.0222 -0.4652 0.8849
vn -0.0223 -0.5041 0.8634
vn -0.7081 -0.3421 0.6177
vn 0.7062 -0.3434 0.6191
vn -0.2533 -0.2063 -0.9451
vn -0.5878 -0.0011 -0.8090
vn 0.0241 0.0162 -0.9996
vn 0.5886 0.0010 -0.8084
vn 0.5878 -0.0011 -0.8090
vn 0.0234 -0.0192 -0.9995
vn 0.0844 -0.0015 -0.9964
vn 0.3750 -0.7386 0.5602
vn 1.0000 -0.0024 -0.0001
vn 0.7082 -0.3441 0.6164
vn -0.7082 -0.3442 0.6164
vn -0.0220 -0.5037 0.8636
vn 0.3679 -0.0961 0.9249
vn 0.7065 0.5729 0.4155
vn -0.0219 -0.4657 0.8847
vn -0.7081 -0.3402 0.6187
vn -0.0840 -0.4807 0.8729
vn -0.0222 -0.4652 0.8849
vn -0.7068 0.5738 0.4139
vn -0.5886 0.0010 -0.8084
vn -1.0000 0.0025 0.0004
vn 0.0027 0.7925 -0.6099
vn 0.0021 0.0717 -0.9974
vn 0.0018 0.2198 0.9755
vn -0.0021 -0.4108 0.9117
vn -0.0020 -0.0727 -0.9974
vn 0.0014 -0.3974 -0.9177
vn -0.0013 -0.3974 -0.9177
vn 0.7082 -0.3402 0.6187
vn 0.0219 -0.4657 0.8847
vn 0.0840 -0.4807 0.8728
vn -0.0019 -0.9546 0.2979
vn 0.0019 -0.9546 0.2979
vn -0.0241 0.0162 -0.9996
vn -0.0846 0.0014 -0.9964
vn 0.0223 -0.5041 0.8634
vn 0.2533 -0.2063 -0.9451
vn 0.0219 -0.5038 0.8636
vn -0.0025 -0.8967 -0.4425
vn -0.7069 -0.6340 -0.3138
vn 0.7063 -0.3429 0.6193
vn -0.0234 -0.0192 -0.9995
vn -0.0022 -0.5563 0.8310
vn -0.3679 -0.0961 0.9249
vn -0.7065 0.5729 0.4155
vn -0.0018 0.2198 0.9755
vn -0.0027 0.7925 -0.6099
vn 0.7068 -0.6340 -0.3138
vn -0.7073 -0.6353 -0.3102
vn 0.7073 -0.6353 -0.3102
vn 0.7068 0.5737 0.4138
vn 0.3700 0.2652 -0.8904
vn -0.3750 -0.7386 0.5602
vn -0.3701 0.2652 -0.8904
vn -0.0026 0.8107 0.5855
vn -0.6480 0.6663 0.3690
vn 0.7003 -0.3371 0.6292
vt 0.944763 0.189401
vt 0.947284 0.110769
vt 0.947286 0.126428
vt 0.979173 0.031686
vt 0.979667 0.002856
vt 0.979169 0.047364
vt 0.979164 0.073631
vt 0.979169 0.058345
vt 0.842348 0.382546
vt 0.757535 0.382554
vt 0.842355 0.195157
vt 0.856362 0.189177
vt 0.856188 0.189953
vt 0.855283 0.189141
vt 0.970107 0.789989
vt 0.970866 0.789410
vt 0.971000 0.790289
vt 0.103189 0.944090
vt 0.103953 0.943518
vt 0.104088 0.944391
vt 0.903061 0.509963
vt 0.902333 0.509422
vt 0.903202 0.508927
vt 0.152709 0.952996
vt 0.151875 0.952529
vt 0.152618 0.952052
vt 0.980748 0.002820
vt 0.979664 0.189455
vt 0.948293 0.023458
vt 0.947787 0.021196
vt 0.948544 0.022320
vt 0.949930 0.022084
vt 0.947303 0.031821
vt 0.944763 0.002882
vt 0.948293 0.029553
vt 0.948487 0.030682
vt 0.978814 0.021198
vt 0.949718 0.030928
vt 0.978367 0.023463
vt 0.978022 0.022321
vt 0.976864 0.022084
vt 0.977000 0.030946
vt 0.978082 0.030693
vt 0.978388 0.029536
vt 0.978390 0.049733
vt 0.978073 0.048614
vt 0.976995 0.048377
vt 0.948288 0.049717
vt 0.947298 0.047414
vt 0.948483 0.048591
vt 0.949712 0.048350
vt 0.976996 0.057272
vt 0.978073 0.057042
vt 0.978390 0.055929
vt 0.947298 0.058114
vt 0.948289 0.055847
vt 0.948483 0.056980
vt 0.949713 0.057228
vt 0.978385 0.076036
vt 0.978067 0.074921
vt 0.976989 0.074687
vt 0.979165 0.084478
vt 0.976990 0.083577
vt 0.978071 0.083334
vt 0.978385 0.082203
vt 0.947275 0.084428
vt 0.948271 0.082176
vt 0.948462 0.083315
vt 0.949692 0.083563
vt 0.948279 0.076031
vt 0.947286 0.073738
vt 0.948472 0.074899
vt 0.949701 0.074656
vt 0.978386 0.102377
vt 0.978070 0.101251
vt 0.979165 0.100069
vt 0.976990 0.101009
vt 0.979166 0.110808
vt 0.976991 0.109893
vt 0.978072 0.109651
vt 0.978387 0.108522
vt 0.948274 0.108503
vt 0.948469 0.109637
vt 0.949700 0.109883
vt 0.949689 0.100999
vt 0.948459 0.101243
vt 0.947273 0.100092
vt 0.948265 0.102372
vt 0.978389 0.128709
vt 0.978075 0.127571
vt 0.979168 0.126466
vt 0.976994 0.127325
vt 0.979168 0.137161
vt 0.976994 0.136209
vt 0.978073 0.135968
vt 0.978389 0.134842
vt 0.947303 0.137081
vt 0.948294 0.134830
vt 0.948488 0.135970
vt 0.949717 0.136219
vt 0.948282 0.128697
vt 0.948473 0.127563
vt 0.949703 0.127317
vt 0.978388 0.155004
vt 0.978079 0.153872
vt 0.979174 0.152743
vt 0.977002 0.153630
vt 0.978830 0.163422
vt 0.976879 0.162503
vt 0.978027 0.162270
vt 0.978368 0.161136
vt 0.947716 0.163324
vt 0.948297 0.161086
vt 0.948535 0.162230
vt 0.949890 0.162470
vt 0.948299 0.154992
vt 0.947314 0.152637
vt 0.948498 0.153877
vt 0.949729 0.153640
vt 0.980746 0.189456
vt 0.336848 0.809673
vt 0.297693 0.809610
vt 0.297700 0.778166
vt 0.336969 0.855839
vt 0.335255 0.854093
vt 0.335634 0.852385
vt 0.333538 0.854463
vt 0.333538 0.848466
vt 0.336969 0.847010
vt 0.335253 0.848827
vt 0.335634 0.850526
vt 0.385735 0.924731
vt 0.335637 0.888054
vt 0.335256 0.886349
vt 0.336970 0.884579
vt 0.333539 0.885984
vt 0.337062 0.893354
vt 0.297702 0.924816
vt 0.297692 0.893371
vt 0.333560 0.891978
vt 0.335266 0.891608
vt 0.335638 0.889900
vt 0.600198 0.776770
vt 0.598487 0.777149
vt 0.596765 0.775434
vt 0.598117 0.778867
vt 0.604105 0.778869
vt 0.603736 0.777151
vt 0.605458 0.775437
vt 0.602024 0.776771
vt 0.634271 0.775449
vt 0.637704 0.776785
vt 0.635993 0.777164
vt 0.635623 0.778882
vt 0.641611 0.778884
vt 0.641242 0.777166
vt 0.642964 0.775452
vt 0.639530 0.776786
vt 0.671775 0.775462
vt 0.675209 0.776798
vt 0.673498 0.777178
vt 0.673128 0.778895
vt 0.680468 0.775465
vt 0.679115 0.778897
vt 0.678746 0.777179
vt 0.677035 0.776799
vt 0.336970 0.818359
vt 0.335254 0.816581
vt 0.335633 0.814877
vt 0.333539 0.816947
vt 0.333504 0.810957
vt 0.335243 0.811330
vt 0.335631 0.813056
vt 0.248869 0.809697
vt 0.287995 0.778199
vt 0.288007 0.809648
vt 0.248752 0.855882
vt 0.250087 0.852426
vt 0.250467 0.854136
vt 0.252183 0.854507
vt 0.252183 0.848506
vt 0.250468 0.848867
vt 0.248752 0.847049
vt 0.250087 0.850567
vt 0.250079 0.888111
vt 0.248748 0.884634
vt 0.250461 0.886406
vt 0.252178 0.886042
vt 0.248655 0.893412
vt 0.288012 0.893462
vt 0.287995 0.924914
vt 0.252156 0.892038
vt 0.250450 0.891665
vt 0.250078 0.889957
vt 0.600209 0.690882
vt 0.596775 0.692215
vt 0.598498 0.690501
vt 0.598129 0.688782
vt 0.604117 0.688787
vt 0.605469 0.692220
vt 0.603747 0.690504
vt 0.602035 0.690883
vt 0.634280 0.692236
vt 0.636002 0.690523
vt 0.637713 0.690903
vt 0.635634 0.688805
vt 0.641620 0.688809
vt 0.642972 0.692241
vt 0.641250 0.690526
vt 0.639539 0.690904
vt 0.671779 0.692255
vt 0.673501 0.690542
vt 0.675212 0.690922
vt 0.673133 0.688824
vt 0.680471 0.692260
vt 0.678749 0.690545
vt 0.679118 0.688827
vt 0.677038 0.690923
vt 0.248748 0.818386
vt 0.250084 0.814903
vt 0.250463 0.816609
vt 0.252178 0.816976
vt 0.252211 0.810983
vt 0.250473 0.811355
vt 0.250086 0.813081
vt 0.596750 0.819188
vt 0.565313 0.819173
vt 0.565334 0.648446
vt 0.596774 0.648459
vt 0.711910 0.648527
vt 0.680478 0.648515
vt 0.711909 0.819220
vt 0.680476 0.819211
vt 0.385736 0.778121
vt 0.199993 0.924757
vt 0.199993 0.778114
vt 0.616286 0.457967
vt 0.615313 0.459009
vt 0.614608 0.458290
vt 0.612962 0.631894
vt 0.613906 0.632870
vt 0.613195 0.633587
vt 0.614338 0.459988
vt 0.763551 0.454957
vt 0.762663 0.453951
vt 0.763332 0.453199
vt 0.762620 0.636776
vt 0.763551 0.635922
vt 0.763161 0.637822
vt 0.542547 0.824748
vt 0.614240 0.824743
vt 0.614240 0.826444
vt 0.935384 0.902235
vt 0.863691 0.902231
vt 0.935384 0.900535
vt 0.542547 0.975192
vt 0.614240 0.973497
vt 0.614240 0.975196
vt 0.945060 0.855610
vt 0.970027 0.833776
vt 0.969903 0.866571
vt 0.399627 0.819004
vt 0.393703 0.854178
vt 0.393905 0.818969
vt 0.944865 0.884372
vt 0.969724 0.906544
vt 0.945048 0.917367
vt 0.988459 0.881842
vt 0.982341 0.854564
vt 0.988458 0.854563
vt 0.951235 0.594220
vt 0.945088 0.628166
vt 0.945306 0.594188
vt 0.950452 0.770303
vt 0.975460 0.748516
vt 0.975277 0.781310
vt 0.549161 0.705185
vt 0.554729 0.740151
vt 0.548959 0.740118
vt 0.115241 0.953023
vt 0.140100 0.975195
vt 0.115425 0.986018
vt 0.982340 0.815340
vt 0.988455 0.788052
vt 0.988458 0.815337
vt 0.961358 0.594185
vt 0.967090 0.628092
vt 0.961140 0.628054
vt 0.945099 0.811775
vt 0.969924 0.822783
vt 0.543799 0.781483
vt 0.549376 0.746520
vt 0.549567 0.781452
vt 0.623720 0.936438
vt 0.648580 0.958610
vt 0.623904 0.969433
vt 0.083897 0.897135
vt 0.077783 0.924423
vt 0.077784 0.897138
vt 0.977406 0.628238
vt 0.983118 0.594221
vt 0.983335 0.628200
vt 0.950453 0.418269
vt 0.975462 0.396483
vt 0.975278 0.429277
vt 0.517032 0.943170
vt 0.522606 0.908207
vt 0.522800 0.943139
vt 0.950217 0.926061
vt 0.975076 0.948232
vt 0.950401 0.959055
vt 0.988458 0.848592
vt 0.982341 0.821309
vt 0.988455 0.821309
vt 0.983107 0.668470
vt 0.976961 0.634529
vt 0.982890 0.634491
vt 0.340279 0.964371
vt 0.365289 0.942586
vt 0.365105 0.975379
vt 0.393913 0.777602
vt 0.399448 0.812840
vt 0.393723 0.812810
vt 0.912751 0.918489
vt 0.937610 0.940660
vt 0.912935 0.951483
vt 0.057134 0.271444
vt 0.051021 0.298734
vt 0.051022 0.271447
vt 0.554949 0.699098
vt 0.549214 0.665191
vt 0.555162 0.665228
vt 0.078018 0.965642
vt 0.103008 0.976669
vt 0.522546 0.866838
vt 0.517025 0.902083
vt 0.516822 0.866874
vt 0.177534 0.975201
vt 0.152843 0.985991
vt 0.045669 0.663345
vt 0.051789 0.690618
vt 0.045672 0.690622
vt 0.988470 0.362445
vt 0.982313 0.328501
vt 0.988242 0.328467
vt 0.944906 0.001953
vt 0.979848 0.001957
vt 0.935192 0.635800
vt 0.859016 0.599328
vt 0.859414 0.598523
vt 0.935192 0.496118
vt 0.943977 0.189542
vt 0.943978 0.002849
vt 0.930160 0.712018
vt 0.853882 0.748803
vt 0.929761 0.711216
vt 0.885915 0.621950
vt 0.853882 0.609309
vt 0.853830 0.608315
vt 0.936086 0.495678
vt 0.935244 0.495123
vt 0.936006 0.494883
vt 0.414857 0.659039
vt 0.414856 0.472537
vt 0.555364 0.659050
vt 0.414261 0.471699
vt 0.414090 0.472392
vt 0.858339 0.598891
vt 0.852987 0.749323
vt 0.853813 0.749836
vt 0.853063 0.750121
vt 0.757548 0.001953
vt 0.756654 0.002716
vt 0.756747 0.002044
vt 0.555990 0.659877
vt 0.556146 0.659190
vt 0.886057 0.622984
vt 0.886786 0.622442
vt 0.399409 0.855049
vt 0.400265 0.854319
vt 0.400464 0.855319
vt 0.969729 0.867472
vt 0.970797 0.867018
vt 0.970920 0.868139
vt 0.970859 0.833236
vt 0.970118 0.832838
vt 0.400386 0.818341
vt 0.399640 0.818167
vt 0.970419 0.873105
vt 0.969582 0.872549
vt 0.970335 0.872307
vt 0.952020 0.593262
vt 0.951251 0.593192
vt 0.976293 0.747978
vt 0.975553 0.747579
vt 0.555693 0.704560
vt 0.554928 0.705218
vt 0.554941 0.704387
vt 0.140795 0.941756
vt 0.139958 0.941199
vt 0.140711 0.940957
vt 0.968093 0.593270
vt 0.967306 0.594223
vt 0.967322 0.593199
vt 0.543042 0.782150
vt 0.543797 0.782315
vt 0.944906 0.190322
vt 0.979845 0.190353
vt 0.649274 0.925170
vt 0.648436 0.924614
vt 0.649189 0.924372
vt 0.976634 0.629204
vt 0.977403 0.629266
vt 0.976192 0.948873
vt 0.975962 0.947936
vt 0.976295 0.395945
vt 0.975555 0.395546
vt 0.950596 0.384479
vt 0.949753 0.385024
vt 0.949838 0.384231
vt 0.975771 0.914793
vt 0.974934 0.914237
vt 0.975687 0.913996
vt 0.983662 0.633525
vt 0.982893 0.633463
vt 0.366122 0.942047
vt 0.365382 0.941648
vt 0.400394 0.776968
vt 0.399635 0.777632
vt 0.399647 0.776794
vt 0.938304 0.907220
vt 0.937467 0.906664
vt 0.938220 0.906422
vt 0.555949 0.664275
vt 0.555178 0.664204
vt 0.516273 0.902755
vt 0.517022 0.902920
vt 0.178279 0.941763
vt 0.177442 0.941206
vt 0.178196 0.940965
vt 0.936086 0.636316
vt 0.988245 0.327439
vt 0.989024 0.327587
vt 0.757540 0.190002
vt 0.757540 0.189106
vt 0.852987 0.608873
vt 0.945189 0.822816
vt 0.944167 0.855308
vt 0.944298 0.822365
vt 0.945139 0.821819
vt 0.393066 0.819117
vt 0.392865 0.854273
vt 0.393902 0.818131
vt 0.969534 0.873551
vt 0.944773 0.883429
vt 0.982340 0.853577
vt 0.951888 0.628051
vt 0.952104 0.594123
vt 0.950640 0.737511
vt 0.949560 0.769999
vt 0.949750 0.737059
vt 0.950593 0.736514
vt 0.549158 0.704354
vt 0.139910 0.942202
vt 0.115149 0.952079
vt 0.140986 0.974898
vt 0.960270 0.627897
vt 0.960488 0.594079
vt 0.961356 0.593160
vt 0.945288 0.778983
vt 0.944207 0.811471
vt 0.944397 0.778530
vt 0.945240 0.777986
vt 0.550411 0.781295
vt 0.550220 0.746416
vt 0.549580 0.782283
vt 0.648389 0.925616
vt 0.623628 0.935495
vt 0.983986 0.594367
vt 0.984203 0.628295
vt 0.950643 0.385477
vt 0.949561 0.417965
vt 0.523643 0.942981
vt 0.523450 0.908102
vt 0.522812 0.943970
vt 0.974887 0.915240
vt 0.950125 0.925117
vt 0.988457 0.820325
vt 0.983974 0.668312
vt 0.983757 0.634385
vt 0.340470 0.931579
vt 0.339388 0.964067
vt 0.339580 0.931126
vt 0.340423 0.930581
vt 0.393074 0.777751
vt 0.392885 0.812906
vt 0.393910 0.776764
vt 0.937419 0.907667
vt 0.912658 0.917545
vt 0.555820 0.698952
vt 0.556033 0.665133
vt 0.078206 0.933064
vt 0.077121 0.965337
vt 0.077310 0.932612
vt 0.078158 0.932074
vt 0.523584 0.901889
vt 0.523383 0.866733
vt 0.522760 0.902885
vt 0.177393 0.942208
vt 0.045665 0.662359
vt 0.051788 0.663340
vt 0.989336 0.362288
vt 0.855281 0.002899
vt 0.856185 0.002088
vt 0.970920 0.834074
vt 0.114354 0.953316
vt 0.114537 0.986459
vt 0.622833 0.936732
vt 0.623017 0.969875
vt 0.976355 0.396784
vt 0.976171 0.429724
vt 0.366182 0.942886
vt 0.365997 0.975827
vt 0.103906 0.977117
vt 0.842184 0.194233
vt 0.757533 0.195135
vt 0.757532 0.194234
vt 0.842177 0.383476
vt 0.757534 0.383472
vt 0.756643 0.195131
vt 0.756645 0.382703
vt 0.414091 0.659179
vt 0.555996 0.471699
vt 0.555371 0.472505
vt 0.555227 0.471608
vt 0.842947 0.194323
vt 0.935261 0.636834
vt 0.756740 0.194328
vt 0.756741 0.189908
vt 0.842941 0.383386
vt 0.843110 0.382695
vt 0.414261 0.659867
vt 0.415029 0.659957
vt 0.756741 0.383376
vt 0.930834 0.711577
vt 0.930564 0.710819
vt 0.856361 0.002899
vt 0.970844 0.907179
vt 0.969812 0.907488
vt 0.393754 0.855013
vt 0.943978 0.856255
vt 0.945093 0.856601
vt 0.951019 0.628198
vt 0.952104 0.629258
vt 0.951004 0.629224
vt 0.945007 0.918370
vt 0.944161 0.917808
vt 0.943978 0.629169
vt 0.945095 0.629192
vt 0.989254 0.853578
vt 0.988462 0.853578
vt 0.944538 0.593226
vt 0.944439 0.594082
vt 0.989266 0.882467
vt 0.989355 0.881699
vt 0.981536 0.882470
vt 0.982342 0.881845
vt 0.982334 0.882629
vt 0.393154 0.818297
vt 0.981547 0.853580
vt 0.981444 0.854465
vt 0.944036 0.883821
vt 0.943978 0.884665
vt 0.141214 0.975840
vt 0.140188 0.976139
vt 0.548928 0.740947
vt 0.548114 0.740213
vt 0.554740 0.740981
vt 0.555573 0.740255
vt 0.555772 0.741243
vt 0.949330 0.770932
vt 0.968177 0.629150
vt 0.967073 0.629115
vt 0.115384 0.987021
vt 0.976170 0.781758
vt 0.975318 0.782308
vt 0.960035 0.629098
vt 0.961133 0.629077
vt 0.989248 0.787064
vt 0.988456 0.787067
vt 0.960588 0.593225
vt 0.989266 0.815962
vt 0.989354 0.815193
vt 0.981533 0.815966
vt 0.982332 0.816124
vt 0.548404 0.704518
vt 0.548315 0.705333
vt 0.981550 0.787072
vt 0.982341 0.788055
vt 0.981444 0.787955
vt 0.114412 0.952473
vt 0.649697 0.959250
vt 0.648668 0.959554
vt 0.549362 0.745691
vt 0.543577 0.745722
vt 0.542761 0.746456
vt 0.542547 0.745472
vt 0.943978 0.812405
vt 0.977187 0.594259
vt 0.976092 0.593211
vt 0.977197 0.593234
vt 0.623864 0.970436
vt 0.970816 0.823230
vt 0.969965 0.823780
vt 0.984203 0.593160
vt 0.983107 0.593195
vt 0.983350 0.629228
vt 0.984115 0.629153
vt 0.083898 0.896149
vt 0.084700 0.896236
vt 0.084708 0.925045
vt 0.083901 0.924420
vt 0.084797 0.924276
vt 0.076976 0.925048
vt 0.077775 0.925207
vt 0.550332 0.782111
vt 0.076994 0.896156
vt 0.076887 0.897038
vt 0.622891 0.935888
vt 0.522596 0.907377
vt 0.523643 0.907113
vt 0.984203 0.669517
vt 0.983102 0.669495
vt 0.950360 0.960059
vt 0.949513 0.959496
vt 0.975320 0.430274
vt 0.976092 0.669568
vt 0.977176 0.668508
vt 0.977189 0.669533
vt 0.989247 0.820323
vt 0.976180 0.633576
vt 0.976092 0.634434
vt 0.516275 0.943838
vt 0.517029 0.944002
vt 0.989265 0.849217
vt 0.989354 0.848448
vt 0.981533 0.849220
vt 0.982340 0.848595
vt 0.982332 0.849379
vt 0.523564 0.943797
vt 0.981550 0.820323
vt 0.981444 0.821209
vt 0.949389 0.925510
vt 0.949330 0.926354
vt 0.938726 0.941302
vt 0.937698 0.941604
vt 0.393715 0.813646
vt 0.399425 0.813676
vt 0.400285 0.812945
vt 0.400472 0.813943
vt 0.339155 0.964995
vt 0.556033 0.700156
vt 0.554924 0.700120
vt 0.912894 0.952487
vt 0.912047 0.951925
vt 0.365146 0.976376
vt 0.547899 0.700103
vt 0.548999 0.699060
vt 0.549003 0.700083
vt 0.057925 0.270457
vt 0.057134 0.270460
vt 0.548444 0.664231
vt 0.548344 0.665085
vt 0.057947 0.299355
vt 0.057139 0.298731
vt 0.058035 0.298587
vt 0.050214 0.299360
vt 0.051013 0.299518
vt 0.393161 0.776930
vt 0.050232 0.270463
vt 0.050125 0.271347
vt 0.911922 0.917938
vt 0.911863 0.918782
vt 0.178613 0.975860
vt 0.177515 0.976192
vt 0.522538 0.866003
vt 0.516829 0.866038
vt 0.515983 0.866778
vt 0.515785 0.865784
vt 0.076887 0.966259
vt 0.989574 0.363457
vt 0.988450 0.363470
vt 0.152974 0.986917
vt 0.151956 0.986431
vt 0.103049 0.977660
vt 0.981670 0.362333
vt 0.982529 0.363506
vt 0.981444 0.363539
vt 0.982298 0.327473
vt 0.981444 0.328406
vt 0.981532 0.327548
vt 0.051793 0.662353
vt 0.052596 0.662442
vt 0.052596 0.691242
vt 0.052685 0.690474
vt 0.044866 0.691247
vt 0.045664 0.691405
vt 0.523506 0.902711
vt 0.522747 0.902048
vt 0.044772 0.663245
vt 0.044873 0.662364
vt 0.516831 0.907409
vt 0.515991 0.908144
vt 0.515785 0.907158
vt 0.949330 0.418895
vt 0.415029 0.471609
vt 0.858612 0.598130
vt 0.555220 0.659968
vt 0.400464 0.819163
vt 0.399427 0.854213
vt 0.970610 0.906248
vt 0.988467 0.882626
vt 0.981447 0.881702
vt 0.945304 0.593160
vt 0.555772 0.705375
vt 0.988467 0.816121
vt 0.981444 0.815197
vt 0.976353 0.748817
vt 0.982342 0.787070
vt 0.542954 0.781336
vt 0.543606 0.746551
vt 0.649466 0.958313
vt 0.083909 0.925204
vt 0.076887 0.924280
vt 0.077784 0.896154
vt 0.516187 0.943023
vt 0.516836 0.908239
vt 0.988466 0.849376
vt 0.981444 0.848452
vt 0.976946 0.633501
vt 0.400472 0.777790
vt 0.938496 0.940363
vt 0.057148 0.299514
vt 0.050125 0.298591
vt 0.051023 0.270462
vt 0.516186 0.901934
vt 0.178421 0.974906
vt 0.051797 0.691401
vt 0.044777 0.690479
vt 0.975164 0.949176
vt 0.340191 0.965308
vt 0.950363 0.771241
vt 0.077929 0.966573
vt 0.950364 0.419206
vt 0.982538 0.362479
vt 0.945010 0.812712
vt 0.944222 0.628010
vt 0.967962 0.627946
vt 0.976320 0.594416
vt 0.976307 0.668361
vt 0.548129 0.698903
vt 0.756645 0.189110
vt 0.757549 0.002876
vt 0.556153 0.472502
vt 0.843117 0.195019
vt 0.944134 0.002045
vt 0.944134 0.190229
vt 0.535648 0.866993
vt 0.533519 0.902838
vt 0.533818 0.866978
vt 0.822537 0.948745
vt 0.857901 0.907994
vt 0.858216 0.948495
vt 0.754800 0.541226
vt 0.753263 0.500808
vt 0.755092 0.500850
vt 0.237344 0.932147
vt 0.201342 0.972401
vt 0.201665 0.931900
vt 0.187442 0.312385
vt 0.185918 0.271968
vt 0.187746 0.272010
vt 0.774374 0.899728
vt 0.809729 0.940476
vt 0.774050 0.940228
vt 0.533817 0.909991
vt 0.535353 0.945868
vt 0.533520 0.945852
vt 0.975654 0.689981
vt 0.940297 0.730738
vt 0.939975 0.690236
vt 0.005136 0.529760
vt 0.003608 0.489343
vt 0.005439 0.489385
vt 0.003635 0.272102
vt 0.038983 0.312857
vt 0.003303 0.312602
vt 0.191263 0.942339
vt 0.192799 0.978215
vt 0.190965 0.978200
vt 0.964949 0.642519
vt 0.929593 0.683277
vt 0.929270 0.642776
vt 0.866991 0.389037
vt 0.865642 0.560585
vt 0.865642 0.389038
vt 0.713128 0.820435
vt 0.713265 0.819221
vt 0.296487 0.926035
vt 0.297700 0.926172
vt 0.238565 0.930933
vt 0.237360 0.930785
vt 0.201681 0.930538
vt 0.200315 0.931895
vt 0.199992 0.930333
vt 0.296476 0.810827
vt 0.297687 0.810966
vt 0.754730 0.542562
vt 0.756154 0.541254
vt 0.756447 0.542826
vt 0.859437 0.949708
vt 0.859565 0.948490
vt 0.536898 0.865796
vt 0.535700 0.865627
vt 0.774390 0.898365
vt 0.773024 0.899723
vt 0.772700 0.898162
vt 0.296486 0.854630
vt 0.297702 0.855846
vt 0.296346 0.855841
vt 0.296481 0.848353
vt 0.297697 0.847135
vt 0.297692 0.848490
vt 0.977197 0.731695
vt 0.975976 0.730482
vt 0.977326 0.730477
vt 0.772829 0.941442
vt 0.774034 0.941590
vt 0.296486 0.885869
vt 0.297702 0.884651
vt 0.297697 0.886007
vt 0.597966 0.820405
vt 0.598105 0.819193
vt 0.194344 0.941157
vt 0.193094 0.942355
vt 0.193146 0.940988
vt 0.966493 0.684233
vt 0.965272 0.683020
vt 0.966622 0.683015
vt 0.536709 0.902861
vt 0.535353 0.902854
vt 0.822553 0.950107
vt 0.199992 0.972395
vt 0.187789 0.270640
vt 0.189101 0.272038
vt 0.810054 0.899976
vt 0.811079 0.940481
vt 0.532164 0.945838
vt 0.532460 0.909976
vt 0.005415 0.488045
vt 0.006793 0.489419
vt 0.003651 0.270740
vt 0.039314 0.272357
vt 0.191245 0.940968
vt 0.966299 0.642514
vt 0.965288 0.684382
vt 0.191239 0.936770
vt 0.103649 0.935407
vt 0.191238 0.935407
vt 0.533548 0.904176
vt 0.821187 0.948750
vt 0.822222 0.908243
vt 0.857851 0.906632
vt 0.752969 0.541184
vt 0.752985 0.542524
vt 0.238694 0.932152
vt 0.237022 0.972647
vt 0.185634 0.313682
vt 0.187415 0.313724
vt 0.184257 0.312308
vt 0.185611 0.312343
vt 0.809713 0.941839
vt 0.533548 0.947190
vt 0.938947 0.730743
vt 0.975638 0.688618
vt 0.671766 0.819207
vt 0.642961 0.820552
vt 0.642966 0.819195
vt 0.596755 0.820544
vt 0.565308 0.820529
vt 0.711915 0.820576
vt 0.605460 0.819182
vt 0.634266 0.820550
vt 0.605455 0.820538
vt 0.866848 0.387821
vt 0.865644 0.387675
vt 0.296490 0.776953
vt 0.296344 0.778162
vt 0.192444 0.936625
vt 0.192587 0.935408
vt 0.564099 0.820383
vt 0.296486 0.817118
vt 0.297697 0.818329
vt 0.296341 0.818325
vt 0.672979 0.820419
vt 0.673122 0.819211
vt 0.535302 0.904191
vt 0.238372 0.972652
vt 0.237006 0.974010
vt 0.751615 0.541150
vt 0.751291 0.542711
vt 0.532164 0.902824
vt 0.821006 0.907034
vt 0.820872 0.908249
vt 0.679264 0.820423
vt 0.680472 0.820567
vt 0.859251 0.907989
vt 0.859565 0.906429
vt 0.756330 0.499671
vt 0.755134 0.499480
vt 0.532596 0.865760
vt 0.532461 0.866963
vt 0.752042 0.499573
vt 0.751909 0.500775
vt 0.200126 0.973610
vt 0.201327 0.973763
vt 0.183935 0.313869
vt 0.635473 0.820406
vt 0.634262 0.819194
vt 0.635617 0.819198
vt 0.811270 0.898767
vt 0.810069 0.898613
vt 0.536709 0.945875
vt 0.535302 0.947205
vt 0.940313 0.732100
vt 0.938772 0.732452
vt 0.531842 0.947401
vt 0.938759 0.689028
vt 0.938625 0.690242
vt 0.641754 0.820406
vt 0.188796 0.312413
vt 0.189101 0.313989
vt 0.977004 0.689976
vt 0.188985 0.270832
vt 0.532596 0.908775
vt 0.536889 0.908811
vt 0.535648 0.910006
vt 0.535692 0.908638
vt 0.184697 0.270732
vt 0.184563 0.271934
vt 0.928244 0.683282
vt 0.929609 0.684639
vt 0.928068 0.684991
vt 0.189609 0.978185
vt 0.190994 0.979537
vt 0.189288 0.979748
vt 0.928054 0.641567
vt 0.927920 0.642781
vt 0.604248 0.820393
vt 0.003646 0.488004
vt 0.002254 0.489315
vt 0.001953 0.487739
vt 0.964933 0.641157
vt 0.002087 0.313811
vt 0.003287 0.313965
vt 0.296480 0.892160
vt 0.296336 0.893368
vt 0.192748 0.979552
vt 0.194155 0.978223
vt 0.194451 0.979791
vt 0.002285 0.272097
vt 0.002110 0.270388
vt 0.040332 0.312862
vt 0.038987 0.314220
vt 0.006357 0.530995
vt 0.006491 0.529794
vt 0.040531 0.271148
vt 0.039330 0.270994
vt 0.002069 0.530897
vt 0.003308 0.529718
vt 0.003265 0.531087
vt 0.190042 0.941121
vt 0.189906 0.942324
vt 0.753241 0.499437
vt 0.756447 0.500878
vt 0.533796 0.908622
vt 0.975992 0.731844
vt 0.040664 0.272363
vt 0.194451 0.942362
vt 0.005159 0.531131
vt 0.001953 0.529689
vt 0.772700 0.940224
vt 0.537005 0.910014
vt 0.296341 0.847141
vt 0.001953 0.312597
vt 0.296346 0.924823
vt 0.296337 0.809616
vt 0.296347 0.884658
vt 0.929255 0.641413
vt 0.297697 0.854490
vt 0.641610 0.819199
vt 0.679120 0.819215
vt 0.297693 0.816973
vt 0.103650 0.763857
vt 0.412208 0.857354
vt 0.410088 0.821395
vt 0.411911 0.821354
vt 0.285508 0.932230
vt 0.249513 0.972482
vt 0.249828 0.931982
vt 0.747292 0.207821
vt 0.749421 0.167450
vt 0.749119 0.207862
vt 0.504643 0.915321
vt 0.469286 0.956069
vt 0.468962 0.915568
vt 0.396159 0.227763
vt 0.394033 0.268136
vt 0.394330 0.227722
vt 0.504643 0.867490
vt 0.469287 0.908238
vt 0.468962 0.867737
vt 0.380413 0.967905
vt 0.378293 0.931945
vt 0.380119 0.931905
vt 0.774372 0.851913
vt 0.809729 0.892669
vt 0.774050 0.892414
vt 0.417889 0.355211
vt 0.415765 0.395584
vt 0.416063 0.355170
vt 0.504642 0.003667
vt 0.469294 0.044422
vt 0.468962 0.003922
vt 0.411911 0.778139
vt 0.410382 0.814179
vt 0.410088 0.778179
vt 0.779725 0.567712
vt 0.815081 0.608470
vt 0.779402 0.608213
vt 0.713265 0.648527
vt 0.713128 0.647313
vt 0.711915 0.647171
vt 0.289208 0.926135
vt 0.289350 0.924922
vt 0.506186 0.957035
vt 0.504965 0.955822
vt 0.506315 0.955817
vt 0.469301 0.957431
vt 0.467936 0.956073
vt 0.289224 0.810865
vt 0.289363 0.809655
vt 0.749371 0.166110
vt 0.750774 0.167484
vt 0.248293 0.973696
vt 0.249498 0.973844
vt 0.408843 0.820209
vt 0.408736 0.821421
vt 0.504627 0.866127
vt 0.505992 0.867485
vt 0.289231 0.854703
vt 0.288016 0.855919
vt 0.288021 0.854562
vt 0.289230 0.848411
vt 0.288015 0.847192
vt 0.289370 0.847199
vt 0.772829 0.893627
vt 0.774034 0.893776
vt 0.506187 0.909204
vt 0.504967 0.907990
vt 0.506316 0.907985
vt 0.289226 0.885956
vt 0.288011 0.884737
vt 0.289366 0.884745
vt 0.597991 0.647243
vt 0.596780 0.647103
vt 0.408843 0.776994
vt 0.408736 0.778205
vt 0.778182 0.609426
vt 0.779386 0.609575
vt 0.410036 0.820023
vt 0.410382 0.857394
vt 0.248164 0.972477
vt 0.285177 0.974094
vt 0.285193 0.972732
vt 0.504981 0.957184
vt 0.395859 0.268178
vt 0.393990 0.269507
vt 0.397213 0.268211
vt 0.397512 0.227797
vt 0.468947 0.866375
vt 0.467613 0.867743
vt 0.467937 0.908243
vt 0.377238 0.967978
vt 0.378589 0.967945
vt 0.417550 0.396965
vt 0.417594 0.395625
vt 0.419243 0.355238
vt 0.504626 0.002305
vt 0.468947 0.002559
vt 0.411930 0.776762
vt 0.778053 0.608208
vt 0.815065 0.609832
vt 0.191239 0.762496
vt 0.103650 0.762494
vt 0.410432 0.858736
vt 0.286542 0.972736
vt 0.249879 0.930619
vt 0.747592 0.167409
vt 0.505992 0.915317
vt 0.394374 0.226382
vt 0.392977 0.227695
vt 0.392679 0.268109
vt 0.469303 0.909601
vt 0.378322 0.930601
vt 0.811078 0.892675
vt 0.810051 0.852168
vt 0.811400 0.852174
vt 0.810066 0.850806
vt 0.774388 0.850550
vt 0.671786 0.647162
vt 0.642984 0.648504
vt 0.642979 0.647148
vt 0.680473 0.647159
vt 0.605481 0.647119
vt 0.634287 0.648492
vt 0.605485 0.648475
vt 0.866847 0.561803
vt 0.865643 0.561948
vt 0.289204 0.776987
vt 0.289350 0.778196
vt 0.191238 0.763859
vt 0.192444 0.762641
vt 0.192587 0.763858
vt 0.564121 0.647235
vt 0.565330 0.647089
vt 0.288011 0.818374
vt 0.289221 0.817163
vt 0.289366 0.818371
vt 0.671781 0.648517
vt 0.672993 0.647307
vt 0.673136 0.648514
vt 0.409031 0.857420
vt 0.408736 0.858999
vt 0.504626 0.913959
vt 0.506167 0.913607
vt 0.747628 0.166069
vt 0.746239 0.167381
vt 0.745938 0.165804
vt 0.286718 0.974446
vt 0.412179 0.858698
vt 0.413558 0.857321
vt 0.413879 0.858886
vt 0.286723 0.931021
vt 0.286857 0.932236
vt 0.679266 0.647303
vt 0.248478 0.931977
vt 0.248164 0.930416
vt 0.750338 0.209098
vt 0.749141 0.209235
vt 0.413127 0.820115
vt 0.413263 0.821321
vt 0.746054 0.209001
vt 0.745938 0.207793
vt 0.467747 0.914359
vt 0.468947 0.914206
vt 0.392679 0.226117
vt 0.635500 0.647281
vt 0.635643 0.648489
vt 0.467746 0.866528
vt 0.381470 0.931879
vt 0.380069 0.930563
vt 0.381764 0.930300
vt 0.467762 0.909952
vt 0.809713 0.894032
vt 0.811254 0.894384
vt 0.376942 0.931978
vt 0.376622 0.930413
vt 0.811267 0.850959
vt 0.641772 0.647292
vt 0.396153 0.226422
vt 0.397840 0.226235
vt 0.773022 0.851908
vt 0.772700 0.850344
vt 0.397079 0.269413
vt 0.395882 0.269550
vt 0.377373 0.969182
vt 0.381649 0.969089
vt 0.380456 0.969278
vt 0.392795 0.269317
vt 0.816431 0.608475
vt 0.816606 0.610184
vt 0.412179 0.815482
vt 0.413558 0.814105
vt 0.413879 0.815671
vt 0.815405 0.567968
vt 0.816621 0.566759
vt 0.816754 0.567974
vt 0.604274 0.647263
vt 0.414412 0.395551
vt 0.415783 0.396925
vt 0.414089 0.397112
vt 0.779741 0.566349
vt 0.778375 0.567707
vt 0.778053 0.566144
vt 0.504974 0.044168
vt 0.506190 0.045376
vt 0.504990 0.045530
vt 0.289224 0.892252
vt 0.289367 0.893460
vt 0.409031 0.814205
vt 0.410432 0.815520
vt 0.408736 0.815784
vt 0.505992 0.003662
vt 0.506167 0.001953
vt 0.467944 0.044427
vt 0.469289 0.045785
vt 0.467613 0.045988
vt 0.418947 0.395652
vt 0.419243 0.397232
vt 0.419127 0.354030
vt 0.467746 0.002713
vt 0.414843 0.353934
vt 0.416040 0.353797
vt 0.413127 0.776900
vt 0.413263 0.778106
vt 0.747249 0.209192
vt 0.750472 0.207896
vt 0.378568 0.969320
vt 0.467613 0.003927
vt 0.417932 0.353840
vt 0.414709 0.355137
vt 0.381764 0.967879
vt 0.506324 0.044162
vt 0.412208 0.814138
vt 0.815420 0.566606
vt 0.288020 0.848548
vt 0.641628 0.648499
vt 0.679122 0.648511
vt 0.288015 0.817018
vt 0.288013 0.811005
vt 0.563978 0.648444
vt 0.778053 0.389037
vt 0.778053 0.561949
vt 0.778053 0.560586
vt 0.385736 0.926092
vt 0.385736 0.776764
vt 0.199992 0.926119
vt 0.287996 0.776843
vt 0.199992 0.776757
vt 0.222600 0.323423
vt 0.405637 0.771225
vt 0.222599 0.771235
vt 0.385388 0.003278
vt 0.201206 0.316660
vt 0.201206 0.003259
vt 0.186008 0.265364
vt 0.009044 0.261622
vt 0.182484 0.261821
vt 0.005521 0.003397
vt 0.182488 0.007142
vt 0.009044 0.006940
vt 0.611687 0.632609
vt 0.609543 0.455683
vt 0.613075 0.459255
vt 0.768262 0.450457
vt 0.764768 0.636692
vt 0.764770 0.454194
vt 0.214380 0.325997
vt 0.003156 0.615090
vt 0.054912 0.307168
vt 0.604761 0.446034
vt 0.393901 0.157996
vt 0.604763 0.004196
vt 0.188302 0.005910
vt 0.184771 0.259529
vt 0.184776 0.009441
vt 0.003231 0.262857
vt 0.006757 0.009232
vt 0.006758 0.259325
vt 0.762210 0.639339
vt 0.610488 0.638608
vt 0.614134 0.635148
vt 0.611916 0.453245
vt 0.762267 0.451652
vt 0.615543 0.456699
vt 0.761469 0.636742
vt 0.612365 0.634400
vt 0.764097 0.452337
vt 0.761630 0.452967
vt 0.614877 0.633878
vt 0.615102 0.632588
vt 0.001953 0.615806
vt 0.003244 0.616730
vt 0.003168 0.264933
vt 0.001953 0.264190
vt 0.001953 0.003818
vt 0.003152 0.003153
vt 0.003230 0.005693
vt 0.444775 0.467413
vt 0.445561 0.466073
vt 0.446335 0.467267
vt 0.608718 0.639851
vt 0.608000 0.638582
vt 0.605786 0.447166
vt 0.606010 0.445900
vt 0.768243 0.642985
vt 0.767398 0.644335
vt 0.765674 0.642994
vt 0.613783 0.457467
vt 0.215631 0.768218
vt 0.214109 0.768471
vt 0.214381 0.767092
vt 0.003807 0.266187
vt 0.005521 0.265156
vt 0.769574 0.448647
vt 0.768261 0.640439
vt 0.186012 0.003608
vt 0.003806 0.001953
vt 0.187727 0.002168
vt 0.767374 0.446606
vt 0.768237 0.447928
vt 0.765674 0.447962
vt 0.606776 0.637837
vt 0.608246 0.453955
vt 0.189576 0.264405
vt 0.188361 0.265146
vt 0.188298 0.263070
vt 0.764041 0.638590
vt 0.200262 0.318183
vt 0.201774 0.318108
vt 0.609450 0.453244
vt 0.386308 0.318183
vt 0.385364 0.316661
vt 0.386577 0.316851
vt 0.610155 0.452008
vt 0.761559 0.638032
vt 0.188381 0.003370
vt 0.608099 0.636129
vt 0.406588 0.772545
vt 0.406834 0.771281
vt 0.221648 0.772555
vt 0.223164 0.772575
vt 0.769574 0.642249
vt 0.007365 0.007353
vt 0.187722 0.266399
vt 0.392750 0.158628
vt 0.184175 0.261000
vt 0.184168 0.007559
vt 0.002002 0.614468
vt 0.053679 0.307015
vt 0.007354 0.260796
vt 0.215631 0.326121
vt 0.386601 0.003254
vt 0.199992 0.003235
vt 0.406834 0.323845
vt 0.189580 0.004037
vt 0.189176 0.002514
vt 0.221402 0.323843
vt 0.606010 0.003060
vt 0.604490 0.002816
vt 0.605827 0.001953
vt 0.392679 0.157271
vt 0.608680 0.452490
vt 0.054136 0.305875
vt 0.215376 0.324897
vt 0.213829 0.324644
vt 0.002358 0.002297
vt 0.406616 0.322753
vt 0.405636 0.323426
vt 0.405072 0.322381
vt 0.386356 0.002014
vt 0.384820 0.001973
vt 0.200238 0.001995
vt 0.221621 0.322750
vt 0.768953 0.447160
vt 0.223165 0.322379
vt 0.405072 0.772565
vt 0.384796 0.318108
vt 0.201774 0.001953
vt 0.055686 0.305972
vt 0.604211 0.447395
vt 0.393990 0.156352
vt 0.761558 0.454270
vt 0.863691 0.001960
vt 0.935384 0.177106
vt 0.863691 0.177106
vt 0.863691 0.751785
vt 0.935384 0.181329
vt 0.863691 0.356449
vt 0.863691 0.181312
vt 0.968177 0.594128
vt 0.976539 0.628344
vt 0.982342 0.820322
vt 0.549212 0.664166
vt 0.936011 0.637114
vt 0.853069 0.608083
vt 0.392679 0.855271
vt 0.943978 0.918941
vt 0.989355 0.854462
vt 0.944381 0.821572
vt 0.547899 0.741197
vt 0.114354 0.987592
vt 0.976353 0.782887
vt 0.989351 0.787951
vt 0.949835 0.736266
vt 0.550411 0.745427
vt 0.622833 0.971006
vt 0.971000 0.824358
vt 0.944482 0.777738
vt 0.949330 0.960629
vt 0.976355 0.430853
vt 0.989352 0.821208
vt 0.392679 0.813900
vt 0.911863 0.953057
vt 0.366182 0.976954
vt 0.058030 0.271343
vt 0.339665 0.930333
vt 0.523584 0.865733
vt 0.151821 0.987558
vt 0.104088 0.978241
vt 0.077395 0.931825
vt 0.980749 0.002064
vt 0.980747 0.190248
vt 0.866991 0.560586
vt 0.858232 0.949857
vt 0.537005 0.867001
vt 0.533799 0.865607
vt 0.185896 0.270596
vt 0.811403 0.899981
vt 0.103649 0.936771
vt 0.822207 0.906881
vt 0.939960 0.688874
vt 0.671772 0.820563
vt 0.297699 0.776809
vt 0.563956 0.819173
vt 0.537005 0.904430
vt 0.238547 0.974361
vt 0.821012 0.950459
vt 0.531842 0.904387
vt 0.537005 0.947444
vt 0.811254 0.942190
vt 0.977326 0.688412
vt 0.604104 0.819185
vt 0.966622 0.640952
vt 0.297687 0.892015
vt 0.040664 0.314423
vt 0.007112 0.487856
vt 0.287996 0.926271
vt 0.467613 0.957636
vt 0.751090 0.165925
vt 0.506316 0.865923
vt 0.289371 0.855915
vt 0.772700 0.892409
vt 0.504983 0.909352
vt 0.288016 0.886093
vt 0.598130 0.648456
vt 0.410036 0.776807
vt 0.411930 0.819978
vt 0.467613 0.915573
vt 0.285522 0.930868
vt 0.634292 0.647135
vt 0.604130 0.648470
vt 0.288016 0.892106
vt 0.778053 0.387673
vt 0.002368 0.265619
vt 0.444331 0.466235
vt 0.607231 0.639323
vt 0.768969 0.643743
vt 0.215426 0.769194
vt 0.189161 0.265834
vt 0.199992 0.316850
vt 0.221402 0.771291
vt 0.935384 0.001982
vt 0.935384 0.751779
vt 0.935384 0.356435
s 1
f 387/1/1 372/2/2 378/3/3
f 358/4/4 354/5/5 361/6/6
f 354/5/5 365/7/7 363/8/8
f 379/9/9 41/10/10 360/11/11
f 146/12/12 303/13/13 4/14/14
f 19/15/15 217/16/16 219/17/17
f 32/18/15 286/19/18 288/20/17
f 40/21/19 303/22/13 147/23/20
f 134/24/21 352/25/22 296/26/23
f 354/5/5 146/27/12 374/28/24
f 167/29/25 355/30/26 311/31/27
f 355/30/26 168/32/28 311/31/27
f 356/33/29 369/34/30 355/30/26
f 356/33/29 163/35/31 310/36/32
f 357/37/33 354/5/5 358/4/4
f 310/36/32 165/38/34 356/33/29
f 357/37/33 162/39/35 309/40/36
f 161/41/37 357/37/33 309/40/36
f 358/4/4 157/42/38 308/43/39
f 308/43/39 159/44/40 358/4/4
f 184/45/41 317/46/42 361/6/6
f 186/47/43 361/6/6 317/46/42
f 192/48/44 362/49/45 319/50/46
f 190/51/47 319/50/46 362/49/45
f 363/8/8 181/52/48 316/53/49
f 316/53/49 183/54/50 363/8/8
f 364/55/51 187/56/52 318/57/53
f 318/57/53 189/58/54 364/55/51
f 208/59/55 325/60/56 365/7/7
f 210/61/57 365/7/7 325/60/56
f 366/62/58 205/63/59 324/64/60
f 324/64/60 207/65/61 366/62/58
f 365/7/7 354/5/5 366/62/58
f 367/66/62 211/67/63 326/68/64
f 326/68/64 213/69/65 367/66/62
f 216/70/66 368/71/67 327/72/68
f 214/73/69 327/72/68 368/71/67
f 297/74/70 353/75/71 370/76/72
f 299/77/73 370/76/72 353/75/71
f 371/78/74 231/79/75 331/80/76
f 371/78/74 331/80/76 230/81/77
f 372/2/2 232/82/78 332/83/79
f 332/83/79 234/84/80 372/2/2
f 235/85/81 333/86/82 373/87/83
f 237/88/66 373/87/83 333/86/82
f 253/89/84 339/90/85 375/91/86
f 255/92/87 375/91/86 339/90/85
f 376/93/88 250/94/89 338/95/90
f 338/95/90 252/96/91 376/93/88
f 377/97/92 256/98/93 340/99/94
f 340/99/94 258/100/95 377/97/92
f 261/101/96 378/3/3 341/102/97
f 259/103/98 341/102/97 378/3/3
f 277/104/99 347/105/100 380/106/101
f 279/107/102 380/106/101 347/105/100
f 381/108/103 274/109/104 346/110/105
f 346/110/105 276/111/106 381/108/103
f 382/112/107 280/113/108 348/114/109
f 348/114/109 282/115/110 382/112/107
f 285/116/111 383/117/112 349/118/113
f 283/119/114 349/118/113 383/117/112
f 374/28/24 146/27/12 154/120/115
f 573/121/116 393/122/117 407/123/118
f 561/124/119 545/125/120 488/126/121
f 561/124/119 489/127/122 545/125/120
f 504/128/123 562/129/124 550/130/125
f 502/131/126 550/130/125 562/129/124
f 562/129/124 563/132/127 561/124/119
f 517/133/128 555/134/129 564/135/130
f 519/136/131 564/135/130 555/134/129
f 565/137/132 389/138/133 446/139/134
f 526/140/135 558/141/136 565/137/132
f 558/141/136 528/142/137 565/137/132
f 523/143/138 557/144/139 566/145/140
f 525/146/141 566/145/140 557/144/139
f 511/147/142 553/148/143 567/149/144
f 513/150/145 567/149/144 553/148/143
f 568/151/146 493/152/147 547/153/148
f 547/153/148 495/154/141 568/151/146
f 496/155/142 548/156/143 569/157/149
f 498/158/150 569/157/149 548/156/143
f 570/159/146 466/160/147 538/161/151
f 538/161/151 468/162/141 570/159/146
f 571/163/152 472/164/142 540/165/143
f 540/165/143 474/166/145 571/163/152
f 572/167/153 539/168/154 470/169/155
f 572/167/153 471/170/156 539/168/154
f 479/171/157 573/121/116 542/172/158
f 573/121/116 480/173/159 542/172/158
f 758/174/160 593/175/161 579/176/162
f 747/177/163 674/178/164 731/179/165
f 747/177/163 731/179/165 675/180/166
f 690/181/167 736/182/168 748/183/169
f 688/184/170 748/183/169 736/182/168
f 703/185/171 749/186/172 741/187/173
f 705/188/174 741/187/173 749/186/172
f 750/189/175 632/190/176 575/191/177
f 712/192/178 750/189/175 744/193/179
f 744/193/179 750/189/175 714/194/180
f 709/195/181 751/196/182 743/197/183
f 711/198/184 743/197/183 751/196/182
f 697/199/185 752/200/186 739/201/187
f 699/202/188 739/201/187 752/200/186
f 753/203/189 733/204/183 679/205/181
f 733/204/183 753/203/189 681/206/184
f 682/207/190 754/208/186 734/209/191
f 684/210/192 734/209/191 754/208/186
f 755/211/189 724/212/193 652/213/181
f 724/212/193 755/211/189 654/214/194
f 756/215/195 726/216/191 658/217/185
f 726/216/191 756/215/195 660/218/192
f 757/219/196 656/220/197 725/221/198
f 757/219/196 725/221/198 657/222/199
f 665/223/200 728/224/201 758/174/160
f 758/174/160 728/224/201 666/225/202
f 566/145/140 403/226/203 409/227/204
f 751/196/182 595/228/205 589/229/206
f 574/230/207 756/215/195 604/231/208
f 388/232/209 418/233/210 571/163/152
f 563/132/127 564/135/130 561/124/119
f 564/135/130 563/132/127 565/137/132
f 389/138/133 565/137/132 563/132/127
f 761/234/211 573/121/116 407/123/118
f 573/121/116 761/234/211 572/167/153
f 749/186/172 762/235/212 747/177/163
f 749/186/172 750/189/175 762/235/212
f 762/235/212 750/189/175 575/191/177
f 593/175/161 758/174/160 763/236/213
f 758/174/160 757/219/196 763/236/213
f 840/237/214 815/238/215 851/239/216
f 827/240/217 797/241/218 860/242/219
f 815/238/215 828/243/220 851/239/216
f 829/244/221 799/245/222 842/246/223
f 870/247/224 826/248/225 869/249/226
f 879/250/227 870/251/224 812/252/228
f 799/253/222 880/254/229 816/255/230
f 882/256/231 813/257/232 797/258/218
f 46/259/233 11/260/234 10/261/235
f 12/262/236 45/263/237 55/264/238
f 57/265/239 44/266/240 48/267/241
f 52/268/242 56/269/243 50/270/244
f 14/271/245 49/272/246 51/273/247
f 61/274/248 15/275/234 64/276/249
f 71/277/238 60/278/250 59/279/251
f 73/280/239 58/281/252 63/282/241
f 70/283/253 66/284/254 68/285/242
f 67/286/255 62/287/256 65/288/257
f 77/289/248 19/15/15 80/290/249
f 20/291/236 75/292/237 87/293/238
f 89/294/239 74/295/240 79/296/241
f 82/297/258 86/298/253 88/299/243
f 22/300/259 81/301/257 83/302/260
f 136/303/248 24/304/234 93/305/249
f 97/306/236 90/307/261 100/308/238
f 102/309/239 23/310/240 92/311/241
f 98/312/242 101/313/243 95/314/262
f 91/315/256 96/316/247 27/317/259
f 106/318/248 28/319/234 109/320/249
f 116/321/238 105/322/263 104/323/237
f 118/324/239 103/325/240 108/326/241
f 111/327/244 115/328/253 117/329/264
f 107/330/256 112/331/255 31/332/245
f 122/333/248 32/18/15 125/334/249
f 120/335/265 33/336/236 121/337/266
f 134/24/21 119/338/240 124/339/267
f 133/340/268 129/341/269 131/342/253
f 123/343/270 128/344/260 35/345/271
f 354/5/5 137/346/272 147/347/20
f 37/348/273 143/349/274 3/350/275
f 369/34/30 373/87/83 387/1/1
f 356/33/29 362/49/45 369/34/30
f 364/55/51 368/71/67 369/34/30
f 377/97/92 383/117/112 387/1/1
f 147/23/20 1/351/276 40/21/19
f 362/49/45 364/55/51 369/34/30
f 369/34/30 359/352/277 138/353/278
f 363/8/8 361/6/6 354/5/5
f 151/354/279 5/355/280 42/356/281
f 370/76/72 354/5/5 374/28/24
f 153/357/282 43/358/283 155/359/284
f 375/91/86 371/78/74 374/28/24
f 139/360/285 137/361/272 300/362/286
f 380/106/101 376/93/88 374/28/24
f 385/363/287 2/364/288 8/365/289
f 301/366/290 2/364/288 140/367/291
f 302/368/292 3/350/275 143/349/274
f 149/369/293 148/370/294 304/371/295
f 152/372/296 150/373/297 305/374/298
f 307/375/299 8/365/289 359/376/277
f 7/377/300 153/357/282 306/378/301
f 162/379/35 160/380/302 309/381/36
f 168/382/28 166/383/303 311/384/27
f 312/385/304 11/260/234 169/386/305
f 313/387/306 12/262/236 172/388/307
f 177/389/308 175/390/309 314/391/310
f 315/392/311 14/271/245 178/393/312
f 320/394/304 15/275/234 193/395/305
f 321/396/306 16/397/313 196/398/307
f 201/399/308 199/400/314 322/401/315
f 323/402/311 18/403/245 202/404/312
f 328/405/306 20/291/236 220/406/307
f 155/407/284 374/28/24 153/408/282
f 225/409/316 223/410/309 329/411/315
f 330/412/311 22/300/259 226/413/312
f 331/414/76 23/310/240 229/415/317
f 334/416/304 24/304/234 238/417/305
f 243/418/318 241/419/319 335/420/306
f 246/421/308 244/422/309 336/423/315
f 337/424/311 27/317/259 247/425/312
f 342/426/304 28/319/234 262/427/305
f 343/428/306 29/429/236 265/430/307
f 270/431/308 268/432/309 344/433/315
f 345/434/311 31/332/245 271/435/320
f 350/436/306 33/336/236 289/437/307
f 294/438/308 292/439/309 351/440/310
f 37/348/273 139/360/285 142/441/321
f 35/345/271 295/442/322 352/443/22
f 4/14/14 145/444/323 39/445/324
f 5/355/280 156/446/325 43/358/283
f 53/447/326 160/448/302 174/449/319
f 169/386/305 53/447/326 173/450/318
f 177/451/308 45/263/237 158/452/327
f 12/262/236 176/453/328 172/388/307
f 13/454/329 179/455/330 175/390/309
f 178/456/312 50/270/244 56/269/243
f 164/457/331 14/271/245 180/458/332
f 69/459/326 185/460/333 198/461/334
f 193/395/305 69/459/326 197/462/335
f 16/397/313 200/463/336 196/398/307
f 17/464/329 203/465/330 199/400/314
f 182/466/337 17/464/329 201/399/308
f 67/286/255 191/467/338 195/468/339
f 194/469/340 18/403/245 67/286/255
f 85/470/341 209/471/342 222/472/334
f 19/15/15 221/473/343 217/16/16
f 225/474/316 75/292/237 206/475/344
f 20/291/236 224/476/328 220/406/307
f 21/477/329 227/478/330 223/410/309
f 83/302/260 215/479/338 219/480/17
f 83/302/260 226/413/312 22/300/259
f 25/481/326 298/482/345 241/419/319
f 238/417/305 25/481/326 243/418/318
f 246/483/308 90/307/261 229/484/317
f 245/485/328 97/306/236 100/308/238
f 26/486/329 248/487/330 244/422/309
f 101/313/243 239/488/346 95/314/262
f 233/489/331 27/317/259 249/490/332
f 114/491/326 254/492/347 267/493/319
f 262/427/305 114/491/326 266/494/335
f 270/495/308 104/323/237 251/496/317
f 269/497/336 29/429/236 116/321/238
f 30/498/329 272/499/330 268/432/309
f 112/331/255 271/435/320 31/332/245
f 257/500/348 31/332/245 273/501/332
f 130/502/341 278/503/349 291/504/319
f 32/18/15 290/505/343 286/19/18
f 294/506/308 120/335/265 275/507/350
f 33/336/236 293/508/336 289/437/307
f 34/509/329 296/26/23 292/439/309
f 295/510/322 127/511/258 133/340/268
f 281/512/351 35/345/271 352/443/22
f 386/513/352 152/372/296 306/514/301
f 10/261/235 171/515/339 166/383/303
f 204/516/332 63/282/241 188/517/353
f 228/518/332 79/296/241 212/519/354
f 93/305/249 240/520/339 236/521/355
f 109/320/249 264/522/339 260/523/355
f 125/334/249 288/20/17 284/524/356
f 141/525/357 38/526/358 143/527/274
f 41/10/10 148/528/294 151/529/279
f 40/21/19 37/348/273 3/350/275
f 360/11/11 41/10/10 38/526/358
f 7/377/300 5/355/280 43/358/283
f 144/530/359 41/10/10 150/531/297
f 384/532/360 2/364/288 385/363/287
f 300/533/286 36/534/361 139/535/285
f 301/536/290 360/11/11 141/525/357
f 142/441/321 141/537/357 37/348/273
f 302/538/292 38/526/358 144/530/359
f 302/539/292 39/445/324 145/444/323
f 304/540/295 379/9/9 384/541/360
f 304/542/295 385/363/287 149/543/293
f 305/544/298 41/10/10 151/529/279
f 305/545/298 42/356/281 152/546/296
f 156/446/325 155/359/284 43/358/283
f 154/547/115 386/513/352 306/514/301
f 44/266/240 308/548/39 157/549/38
f 159/550/40 158/452/327 45/263/237
f 309/551/36 46/259/233 161/552/37
f 47/553/256 310/554/32 163/555/31
f 165/556/34 164/557/331 48/267/241
f 311/558/27 49/272/246 167/559/25
f 312/560/304 50/270/244 170/561/340
f 312/562/304 51/273/247 171/563/339
f 313/564/306 52/268/242 173/565/318
f 174/449/319 173/450/318 53/447/326
f 314/566/310 54/567/253 176/568/328
f 314/569/310 55/264/238 177/451/308
f 315/570/311 56/269/243 179/571/330
f 315/572/311 57/265/239 180/573/332
f 58/281/252 316/574/49 181/575/48
f 183/576/50 182/577/337 59/279/251
f 184/578/41 185/579/333 317/580/42
f 61/274/248 317/581/42 185/460/333
f 62/287/256 318/582/53 187/583/52
f 189/584/54 188/517/353 63/282/241
f 191/585/338 190/586/47 64/276/249
f 319/587/46 65/288/257 192/588/44
f 320/589/304 66/284/254 194/590/340
f 320/591/304 67/286/255 195/468/339
f 321/592/306 68/285/242 197/593/335
f 198/461/334 197/462/335 69/459/326
f 322/594/315 70/283/253 200/595/336
f 322/596/315 71/277/238 201/597/308
f 323/598/311 72/599/264 203/600/330
f 323/601/311 73/280/239 204/516/332
f 74/295/240 324/602/60 205/603/59
f 207/604/61 206/475/344 75/292/237
f 208/605/55 209/606/342 325/607/56
f 77/289/248 325/608/56 209/471/342
f 78/609/256 326/610/64 211/611/63
f 213/612/65 212/519/354 79/296/241
f 215/613/338 214/614/69 80/290/249
f 327/615/68 81/301/257 216/616/66
f 218/617/362 219/480/17 217/618/16
f 82/297/258 218/619/362 217/620/16
f 328/621/306 84/622/269 221/623/343
f 222/472/334 221/473/343 85/470/341
f 329/624/315 86/298/253 224/625/328
f 329/626/315 87/293/238 225/474/316
f 330/627/311 88/299/243 227/628/330
f 330/629/311 89/294/239 228/518/332
f 229/484/317 230/630/77 331/631/76
f 91/315/256 332/632/79 232/633/78
f 234/634/80 233/635/331 92/311/241
f 236/521/355 235/636/81 93/305/249
f 333/637/82 94/638/257 237/639/66
f 334/640/304 95/314/262 239/488/346
f 334/641/304 96/316/247 240/642/339
f 335/643/306 97/306/236 242/644/307
f 335/645/306 98/312/242 243/646/318
f 336/647/315 99/648/363 245/649/328
f 336/650/315 100/308/238 246/483/308
f 337/651/311 101/313/243 248/652/330
f 337/653/311 102/309/239 249/654/332
f 103/325/240 338/655/90 250/656/89
f 252/657/91 251/496/317 104/323/237
f 253/658/84 254/659/347 339/660/85
f 106/318/248 339/661/85 254/492/347
f 107/330/256 340/662/94 256/663/93
f 258/664/95 257/665/348 108/326/241
f 260/523/355 259/666/98 109/320/249
f 341/667/97 110/668/257 261/669/96
f 342/670/304 111/327/244 263/671/340
f 342/672/304 112/331/255 264/673/339
f 343/674/306 113/675/364 266/676/335
f 267/493/319 266/494/335 114/491/326
f 344/677/315 115/328/253 269/678/336
f 344/679/315 116/321/238 270/495/308
f 345/680/311 117/329/264 272/681/330
f 345/682/311 118/324/239 273/683/332
f 119/338/240 346/684/105 274/685/104
f 276/686/106 275/507/350 120/335/265
f 277/687/99 278/688/349 347/689/100
f 122/333/248 347/690/100 278/503/349
f 123/343/270 348/691/109 280/692/108
f 282/693/110 281/694/351 124/339/267
f 284/524/356 283/695/114 125/334/249
f 284/696/356 285/697/111 349/698/113
f 287/699/362 288/700/17 286/701/18
f 127/511/258 287/702/362 286/703/18
f 350/704/306 129/341/269 290/705/343
f 291/504/319 290/505/343 130/502/341
f 351/706/310 131/342/253 293/707/336
f 351/708/310 132/709/238 294/506/308
f 295/510/322 296/710/23 352/711/22
f 297/712/70 298/713/345 353/714/71
f 136/303/248 353/715/71 298/482/345
f 142/716/321 36/534/361 2/364/288
f 40/21/19 145/717/323 303/22/13
f 149/543/293 8/365/289 156/718/325
f 277/687/99 120/335/265 121/337/266
f 174/719/319 9/720/266 12/262/236
f 50/270/244 173/565/318 52/268/242
f 13/454/329 158/721/327 44/266/240
f 54/567/253 172/722/307 176/568/328
f 175/723/309 56/269/243 54/567/253
f 14/271/245 170/724/340 178/393/312
f 48/267/241 180/573/332 57/265/239
f 198/725/334 60/278/250 16/397/313
f 66/284/254 197/593/335 68/285/242
f 200/595/336 68/285/242 196/726/307
f 199/727/314 72/599/264 70/283/253
f 59/279/251 201/597/308 71/277/238
f 195/728/339 64/276/249 15/275/234
f 66/284/254 202/729/312 194/590/340
f 222/730/334 76/731/365 20/291/236
f 82/297/258 221/623/343 84/622/269
f 21/477/329 206/732/344 74/295/240
f 220/733/307 86/298/253 84/622/269
f 223/734/309 88/299/243 86/298/253
f 219/17/17 80/290/249 19/15/15
f 218/619/362 88/299/243 226/735/312
f 241/736/319 135/737/366 97/306/236
f 95/314/262 243/646/318 98/312/242
f 26/486/329 229/415/317 23/310/240
f 245/649/328 98/312/242 242/738/307
f 244/739/309 101/313/243 99/648/363
f 27/317/259 239/740/346 247/425/312
f 92/311/241 249/654/332 102/309/239
f 267/741/319 105/322/263 29/429/236
f 111/327/244 266/676/335 113/675/364
f 30/498/329 251/742/317 103/325/240
f 115/328/253 265/743/307 269/678/336
f 268/744/309 117/329/264 115/328/253
f 263/671/340 117/329/264 271/745/320
f 108/326/241 273/683/332 118/324/239
f 291/746/319 121/337/266 33/336/236
f 127/511/258 290/705/343 129/341/269
f 34/509/329 275/747/350 119/338/240
f 289/748/307 131/342/253 129/341/269
f 292/749/309 133/340/268 131/342/253
f 35/345/271 287/699/362 295/442/322
f 281/694/351 134/24/21 124/339/267
f 152/546/296 7/377/300 306/378/301
f 9/720/266 159/550/40 45/263/237
f 184/578/41 59/279/251 60/278/250
f 10/261/235 161/552/37 46/259/233
f 167/559/25 47/553/256 163/555/31
f 231/750/75 92/311/241 23/310/240
f 109/320/249 255/751/87 106/318/248
f 64/276/249 186/752/43 61/274/248
f 157/549/38 48/267/241 44/266/240
f 187/583/52 65/288/257 62/287/256
f 211/611/63 81/301/257 78/609/256
f 125/334/249 279/753/102 122/333/248
f 250/656/89 108/326/241 103/325/240
f 205/603/59 79/296/241 74/295/240
f 93/305/249 299/754/73 136/303/248
f 232/633/78 94/638/257 91/315/256
f 256/663/93 110/668/257 107/330/256
f 280/692/108 126/755/367 123/343/270
f 274/685/104 124/339/267 119/338/240
f 80/290/249 210/756/57 77/289/248
f 181/575/48 63/282/241 58/281/252
f 76/731/365 207/604/61 75/292/237
f 230/630/77 135/737/366 297/712/70
f 253/658/84 104/323/237 105/322/263
f 166/757/303 51/273/247 49/272/246
f 18/403/245 188/758/353 62/287/256
f 22/300/259 212/759/354 78/609/256
f 236/760/355 96/316/247 94/638/257
f 260/761/355 112/331/255 110/668/257
f 284/696/356 128/344/260 126/755/367
f 144/762/359 6/763/368 39/445/324
f 8/365/289 138/764/278 359/376/277
f 146/12/12 4/14/14 386/513/352
f 379/9/9 140/765/291 384/541/360
f 147/347/20 146/27/12 354/5/5
f 369/34/30 387/1/1 359/352/277
f 300/766/286 369/34/30 138/353/278
f 356/33/29 167/29/25 163/35/31
f 6/763/368 4/14/14 39/445/324
f 168/32/28 357/37/33 161/41/37
f 354/5/5 355/30/26 369/34/30
f 356/33/29 157/42/38 358/4/4
f 162/39/35 358/4/4 159/44/40
f 36/534/361 8/365/289 2/364/288
f 190/51/47 361/6/6 186/47/43
f 356/33/29 361/6/6 362/49/45
f 361/6/6 183/54/50 184/45/41
f 364/55/51 192/48/44 187/56/52
f 363/8/8 189/58/54 181/52/48
f 208/59/55 366/62/58 207/65/61
f 366/62/58 213/69/65 205/63/59
f 368/71/67 367/66/62 369/34/30
f 367/66/62 216/70/66 211/67/63
f 214/73/69 365/7/7 210/61/57
f 368/71/67 363/8/8 365/7/7
f 371/78/74 297/74/70 370/76/72
f 374/28/24 371/78/74 370/76/72
f 371/78/74 234/84/80 231/79/75
f 235/85/81 370/76/72 299/77/73
f 370/76/72 367/66/62 366/62/58
f 372/2/2 237/88/66 232/82/78
f 373/87/83 372/2/2 387/1/1
f 375/91/86 252/96/91 253/89/84
f 376/93/88 375/91/86 374/28/24
f 376/93/88 258/100/95 250/94/89
f 154/547/115 146/12/12 386/513/352
f 377/97/92 261/101/96 256/98/93
f 378/3/3 377/97/92 387/1/1
f 259/103/98 375/91/86 255/92/87
f 378/3/3 371/78/74 375/91/86
f 380/106/101 276/111/106 277/104/99
f 381/108/103 380/106/101 374/28/24
f 381/108/103 282/115/110 274/109/104
f 383/117/112 382/112/107 387/1/1
f 383/117/112 280/113/108 382/112/107
f 383/117/112 279/107/102 283/119/114
f 383/117/112 376/93/88 380/106/101
f 307/767/299 387/1/1 155/407/284
f 154/120/115 153/408/282 374/28/24
f 374/28/24 382/112/107 381/108/103
f 566/145/140 595/228/205 751/196/182
f 396/768/369 416/769/370 421/770/371
f 415/771/372 419/772/372 395/773/373
f 394/774/374 422/775/375 420/776/376
f 391/777/377 423/778/377 392/779/378
f 433/780/379 438/781/375 435/782/380
f 397/783/381 428/784/378 401/785/377
f 436/786/371 427/787/382 430/788/383
f 434/789/372 429/790/384 431/791/373
f 451/792/375 443/793/379 450/794/385
f 448/795/378 449/796/381 445/797/377
f 454/798/371 447/799/382 440/800/386
f 444/801/372 439/802/384 441/803/387
f 455/804/388 592/805/389 406/806/390
f 535/807/391 388/232/209 455/808/388
f 536/809/392 389/138/133 458/810/393
f 537/811/394 391/777/377 463/812/395
f 471/813/156 469/814/396 539/815/154
f 541/816/397 393/122/117 475/817/398
f 480/818/159 478/819/399 542/820/158
f 543/821/397 395/773/373 481/822/400
f 544/823/401 396/768/369 484/824/402
f 489/825/122 487/826/403 545/827/120
f 546/828/401 398/829/404 490/830/405
f 549/831/406 399/832/407 499/833/408
f 551/834/392 400/835/373 505/836/400
f 552/837/401 401/785/377 508/838/409
f 554/839/410 402/840/407 514/841/411
f 556/842/394 403/226/203 520/843/412
f 559/844/401 404/845/413 529/846/402
f 560/847/414 405/848/373 532/849/400
f 421/770/371 484/824/402 396/768/369
f 396/768/369 467/850/415 412/851/382
f 419/772/372 481/822/400 395/773/373
f 395/773/373 473/852/416 415/771/372
f 485/853/417 392/779/378 423/778/377
f 392/779/378 463/812/395 391/777/377
f 438/781/375 506/854/418 435/782/380
f 505/855/400 433/780/379 435/782/380
f 489/825/122 426/856/377 397/783/381
f 426/856/377 495/857/141 428/784/378
f 436/786/371 497/858/416 507/859/419
f 443/793/379 528/860/137 450/794/385
f 527/861/420 451/792/375 450/794/385
f 524/862/415 452/863/377 448/795/378
f 404/845/413 533/864/418 529/846/402
f 518/865/421 405/848/373 444/801/372
f 534/866/419 439/802/384 405/848/373
f 458/867/393 390/868/422 408/869/423
f 412/851/382 474/870/145 416/769/370
f 472/871/142 417/872/424 415/771/372
f 417/872/424 479/873/157 419/772/372
f 414/874/425 480/818/159 470/875/155
f 465/876/412 413/877/378 391/777/377
f 488/878/121 433/780/379 502/879/126
f 487/880/403 438/781/375 424/881/385
f 401/785/377 494/882/415 508/838/409
f 427/787/382 498/883/150 430/788/383
f 496/884/142 431/791/373 429/790/384
f 431/791/373 504/885/123 434/789/372
f 411/886/426 501/887/427 432/888/428
f 409/227/204 522/889/429 460/890/430
f 457/891/431 418/233/210 388/232/209
f 442/892/432 490/893/405 516/894/427
f 535/895/391 406/806/390 456/896/433
f 535/897/391 407/123/118 457/898/431
f 536/899/392 408/869/423 459/900/434
f 536/901/392 409/227/204 460/890/430
f 537/902/394 410/903/404 464/904/405
f 537/905/394 411/886/426 465/906/412
f 467/850/415 466/907/147 412/851/382
f 468/908/141 467/909/415 413/877/378
f 469/910/396 470/875/155 539/911/154
f 473/852/416 472/871/142 415/771/372
f 474/870/145 473/912/416 416/769/370
f 541/913/397 417/872/424 476/914/435
f 541/915/397 418/233/210 477/916/436
f 478/917/399 479/873/157 542/918/158
f 543/919/397 420/776/376 482/920/418
f 543/921/397 421/770/371 483/922/419
f 544/923/401 422/775/375 485/924/417
f 544/925/401 423/778/377 486/926/409
f 487/880/403 488/878/121 545/927/120
f 546/928/401 425/929/426 491/930/437
f 546/931/401 426/856/377 492/932/438
f 494/933/415 493/934/147 427/787/382
f 495/857/141 494/882/415 428/784/378
f 496/884/142 497/935/416 548/936/143
f 497/858/416 498/883/150 548/937/143
f 549/938/406 431/791/373 500/939/439
f 549/940/406 432/888/428 501/887/427
f 502/879/126 503/941/440 550/942/125
f 504/885/123 503/943/440 434/789/372
f 551/944/392 435/782/380 506/854/418
f 551/945/392 436/786/371 507/859/419
f 552/946/401 437/947/441 509/948/402
f 552/949/401 438/781/375 510/950/417
f 511/951/142 512/952/416 553/953/143
f 512/954/416 513/955/145 553/956/143
f 554/957/410 441/803/387 515/958/442
f 554/959/410 442/892/432 516/894/427
f 517/960/128 518/961/421 555/962/129
f 519/963/131 518/865/421 444/801/372
f 556/964/394 445/797/377 521/965/443
f 556/966/394 446/139/134 522/967/429
f 523/968/138 524/969/415 557/970/139
f 524/862/415 525/971/141 557/972/139
f 527/973/420 526/974/135 449/796/381
f 528/860/137 527/861/420 450/794/385
f 559/975/401 451/792/375 530/976/417
f 559/977/401 452/863/377 531/978/409
f 560/979/414 453/980/444 533/981/418
f 560/982/414 454/798/371 534/983/419
f 482/920/418 422/775/375 484/984/402
f 423/778/377 467/909/415 486/926/409
f 481/985/400 394/774/374 420/776/376
f 483/922/419 416/769/370 473/912/416
f 422/775/375 469/910/396 485/924/417
f 509/948/402 436/786/371 506/986/418
f 400/835/373 503/943/440 505/836/400
f 429/790/384 507/987/419 497/935/416
f 449/796/381 530/988/417 527/973/420
f 524/969/415 404/845/413 531/989/409
f 533/981/418 451/792/375 529/990/402
f 443/793/379 532/991/400 518/961/421
f 534/983/419 440/800/386 512/954/416
f 397/783/381 510/992/417 487/826/403
f 494/933/415 437/947/441 508/993/409
f 464/904/405 399/832/407 501/994/427
f 448/795/378 520/995/412 525/971/141
f 460/996/430 446/139/134 389/138/133
f 457/898/431 393/122/117 477/997/436
f 523/968/138 440/800/386 447/799/382
f 398/829/404 516/998/427 490/830/405
f 511/951/142 441/803/387 439/802/384
f 519/963/131 441/803/387 514/999/411
f 521/965/443 449/796/381 526/974/135
f 489/127/122 398/829/404 492/1000/438
f 504/128/123 399/832/407 562/129/124
f 561/124/119 502/131/126 562/129/124
f 402/840/407 519/136/131 514/841/411
f 398/829/404 564/135/130 402/840/407
f 446/139/134 526/140/135 565/137/132
f 517/133/128 565/137/132 528/142/137
f 403/226/203 525/146/141 520/843/412
f 442/892/432 511/147/142 567/149/144
f 566/145/140 513/150/145 523/143/138
f 495/154/141 425/929/426 568/151/146
f 567/149/144 425/929/426 442/892/432
f 496/155/142 432/888/428 500/1001/439
f 493/152/147 569/157/149 498/158/150
f 468/162/141 411/886/426 570/159/146
f 569/157/149 411/886/426 432/888/428
f 472/164/142 418/233/210 476/1002/435
f 474/166/145 570/159/146 571/163/152
f 471/170/156 410/903/404 463/1003/395
f 410/903/404 562/129/124 399/832/407
f 479/171/157 393/122/117 573/121/116
f 480/173/159 572/167/153 470/169/155
f 576/1004/445 408/869/423 390/868/422
f 602/1005/446 582/1006/447 607/1007/448
f 603/1008/449 581/1009/450 605/1010/451
f 608/1011/452 580/1012/453 606/1013/454
f 599/1014/455 578/1015/456 609/1016/457
f 619/1017/458 624/1018/452 610/1019/459
f 583/1020/456 614/1021/460 612/1022/457
f 623/1023/461 616/1024/446 613/1025/462
f 620/1026/451 615/1027/463 586/1028/450
f 637/1029/452 629/1030/458 639/1031/454
f 634/1032/460 635/1033/464 638/1034/457
f 640/1035/448 633/1036/462 590/1037/447
f 630/1038/451 625/1039/451 591/1040/450
f 641/1041/465 388/232/209 574/230/207
f 721/1042/466 574/230/207 643/1043/467
f 722/1044/468 575/191/177 646/1045/469
f 723/1046/470 577/1047/457 651/1048/471
f 657/1049/199 655/1050/472 578/1015/456
f 727/1051/473 579/176/162 663/1052/474
f 666/1053/202 664/1054/475 580/1012/453
f 729/1055/468 581/1009/450 669/1056/476
f 730/1057/466 582/1006/447 672/1058/477
f 675/1059/166 673/1060/478 583/1020/456
f 732/1061/479 584/1062/480 678/1063/481
f 735/1064/482 585/1065/483 687/1066/484
f 737/1067/482 586/1028/450 693/1068/476
f 738/1069/485 587/1070/457 696/1071/486
f 740/1072/468 588/1073/487 702/1074/484
f 742/1075/466 589/229/206 708/1076/488
f 745/1077/489 590/1037/447 717/1078/477
f 746/1079/468 591/1040/450 720/1080/476
f 670/1081/490 607/1007/448 582/1006/447
f 598/1082/462 672/1058/477 582/1006/447
f 667/1083/491 605/1010/451 581/1009/450
f 659/1084/492 581/1009/450 601/1085/463
f 655/1050/472 609/1016/457 578/1015/456
f 657/1049/199 577/1047/457 649/1086/493
f 621/1087/454 695/1088/494 624/1018/452
f 691/1089/491 619/1017/458 689/1090/495
f 678/1091/481 583/1020/456 612/1022/457
f 677/1092/496 614/1021/460 681/1093/184
f 693/1094/476 616/1024/446 622/1095/448
f 714/1096/180 629/1030/458 636/1097/459
f 716/1098/486 636/1097/459 637/1029/452
f 710/1099/497 638/1034/457 717/1100/477
f 590/1037/447 719/1101/498 640/1035/448
f 718/1102/491 630/1038/451 591/1040/450
f 698/1103/492 591/1040/450 625/1039/451
f 644/1104/499 576/1004/445 648/1105/500
f 602/1005/446 652/1106/181 598/1082/462
f 603/1008/449 658/1107/185 601/1085/463
f 665/1108/200 603/1008/449 605/1010/451
f 600/1109/459 666/1053/202 580/1012/453
f 654/1110/194 577/1047/457 599/1014/455
f 674/1111/164 619/1017/458 610/1019/459
f 673/1112/478 624/1018/452 696/1113/486
f 587/1070/457 680/1114/501 614/1021/460
f 684/1115/192 613/1025/462 616/1024/446
f 682/1116/190 617/1117/449 686/1118/502
f 685/1119/503 620/1026/451 690/1120/167
f 650/1121/504 618/1122/505 687/1123/484
f 595/228/205 708/1076/488 589/229/206
f 663/1124/474 574/230/207 604/231/208
f 702/1125/484 611/1126/506 628/1127/505
f 592/805/389 721/1128/466 642/1129/507
f 593/175/161 721/1130/466 643/1131/467
f 594/1132/508 722/1133/468 645/1134/509
f 595/228/205 722/1135/468 646/1136/469
f 596/1137/480 723/1138/470 650/1139/504
f 597/1140/506 723/1141/470 651/1142/471
f 653/1143/497 652/1106/181 724/1144/193
f 654/1110/194 653/1145/497 724/1146/193
f 656/1147/197 655/1148/472 725/1149/198
f 659/1084/492 658/1107/185 726/1150/191
f 660/1151/192 659/1152/492 726/1153/191
f 603/1008/449 727/1154/473 662/1155/510
f 604/231/208 727/1156/473 663/1124/474
f 665/1108/200 664/1157/475 728/1158/201
f 606/1013/454 729/1159/468 668/1160/511
f 607/1007/448 729/1161/468 669/1162/476
f 608/1011/452 730/1163/466 671/1164/486
f 609/1016/457 730/1165/466 672/1166/477
f 674/1111/164 673/1112/478 731/1167/165
f 611/1126/506 732/1168/479 677/1169/496
f 612/1022/457 732/1170/479 678/1091/481
f 680/1171/501 679/1172/181 733/1173/183
f 681/1093/184 680/1114/501 733/1174/183
f 683/1175/492 682/1116/190 734/1176/191
f 684/1115/192 683/1177/492 734/1178/191
f 617/1117/449 735/1179/482 686/1118/502
f 618/1122/505 735/1180/482 687/1123/484
f 689/1090/495 688/1181/170 736/1182/168
f 690/1120/167 689/1183/495 736/1184/168
f 621/1087/454 737/1185/482 692/1186/498
f 622/1095/448 737/1187/482 693/1094/476
f 623/1023/461 738/1188/485 695/1189/494
f 624/1018/452 738/1190/485 696/1113/486
f 698/1103/492 697/1191/185 739/1192/187
f 699/1193/188 698/1194/492 739/1195/187
f 627/1196/450 740/1197/468 701/1198/510
f 628/1127/505 740/1199/468 702/1125/484
f 704/1200/512 703/1201/171 741/1202/173
f 705/1203/174 704/1204/512 741/1205/173
f 631/1206/457 742/1207/466 707/1208/513
f 632/190/176 742/1209/466 708/1210/488
f 710/1211/497 709/1212/181 743/1213/183
f 711/1214/184 710/1099/497 743/1215/183
f 713/1216/514 712/1217/178 744/1218/179
f 714/1096/180 713/1219/514 744/1220/179
f 637/1029/452 745/1221/489 716/1098/486
f 638/1034/457 745/1222/489 717/1100/477
f 639/1031/454 746/1223/468 719/1224/498
f 640/1035/448 746/1225/468 720/1226/476
f 608/1011/452 668/1160/511 670/1227/490
f 599/1014/455 672/1166/477 653/1145/497
f 606/1013/454 664/1054/475 667/1228/491
f 602/1005/446 669/1162/476 659/1152/492
f 655/1148/472 608/1011/452 671/1164/486
f 622/1095/448 695/1189/494 692/1229/498
f 586/1028/450 689/1183/495 620/1026/451
f 693/1068/476 615/1027/463 683/1175/492
f 635/1033/464 716/1230/486 638/1034/457
f 717/1078/477 633/1036/462 710/1211/497
f 637/1029/452 719/1224/498 715/1231/490
f 629/1030/458 718/1232/491 639/1031/454
f 698/1194/492 640/1035/448 720/1226/476
f 587/1070/457 673/1060/478 696/1071/486
f 623/1023/461 680/1171/501 694/1233/477
f 687/1066/484 596/1137/480 650/1139/504
f 634/1032/460 706/1234/496 631/1206/457
f 646/1045/469 632/190/176 708/1210/488
f 663/1052/474 593/175/161 643/1131/467
f 709/1212/181 626/1235/446 699/1193/188
f 584/1062/480 702/1074/484 588/1073/487
f 697/1191/185 627/1196/450 701/1198/510
f 700/1236/515 630/1038/451 705/1203/174
f 635/1033/464 707/1208/513 712/1217/178
f 584/1062/480 675/180/166 678/1063/481
f 690/181/167 585/1065/483 685/1237/503
f 747/177/163 688/184/170 674/178/164
f 588/1073/487 705/188/174 749/186/172
f 748/183/169 747/177/163 762/235/212
f 584/1062/480 749/186/172 747/177/163
f 712/192/178 632/190/176 750/189/175
f 750/189/175 703/185/171 714/194/180
f 589/229/206 711/198/184 751/196/182
f 697/199/185 628/1127/505 752/200/186
f 751/196/182 699/202/188 752/200/186
f 681/206/184 611/1126/506 677/1169/496
f 752/200/186 611/1126/506 753/203/189
f 618/1122/505 682/207/190 686/1238/502
f 754/208/186 679/205/181 684/210/192
f 654/214/194 597/1140/506 651/1142/471
f 754/208/186 597/1140/506 755/211/189
f 604/231/208 658/217/185 662/1239/510
f 660/218/192 755/211/189 652/213/181
f 596/1137/480 657/222/199 649/1240/493
f 596/1137/480 748/183/169 757/219/196
f 665/223/200 579/176/162 661/1241/516
f 757/219/196 666/225/202 656/220/197
f 756/215/195 570/159/146 755/211/189
f 569/157/149 755/211/189 570/159/146
f 568/151/146 754/208/186 569/157/149
f 753/203/189 567/149/144 752/200/186
f 566/145/140 752/200/186 567/149/144
f 459/900/434 594/1132/508 645/1134/509
f 409/227/204 645/1242/509 595/228/205
f 571/163/152 574/230/207 388/232/209
f 592/805/389 760/1243/517 406/806/390
f 592/805/389 647/1244/518 759/1245/519
f 760/1243/517 456/896/433 406/806/390
f 389/138/133 462/1246/520 458/810/393
f 407/123/118 461/1247/521 761/234/211
f 562/129/124 761/234/211 563/132/127
f 575/191/177 648/1248/500 762/235/212
f 642/1249/507 763/236/213 647/1250/518
f 763/236/213 748/183/169 762/235/212
f 767/1251/522 786/1252/523 790/1253/524
f 765/1254/525 793/1255/526 768/1256/527
f 784/1257/528 795/1258/529 770/1259/529
f 769/1260/530 794/1261/529 771/1262/529
f 772/1263/531 792/1264/532 798/1265/533
f 766/1266/534 796/1267/535 773/1268/536
f 774/1269/537 804/1270/538 775/1271/539
f 806/1272/540 779/1273/541 777/1274/542
f 776/1275/543 810/1276/529 780/1277/529
f 807/1278/544 811/1279/529 781/1280/529
f 782/1281/545 803/1282/546 814/1283/547
f 778/1284/548 817/1285/549 783/1286/550
f 869/249/226 812/1287/228 870/247/224
f 860/242/219 814/1283/547 861/1288/551
f 842/246/223 817/1285/549 843/1289/552
f 799/245/222 841/1290/553 842/246/223
f 839/1291/554 797/241/218 813/1292/232
f 866/1293/555 804/1270/538 833/1294/556
f 849/1295/557 835/1296/558 807/1278/544
f 837/1297/559 858/1298/560 809/1299/561
f 854/1300/562 808/1301/563 836/1302/564
f 832/1303/565 862/1304/566 803/1282/546
f 845/1305/567 806/1272/540 846/1306/568
f 872/1307/569 831/1308/570 802/1309/571
f 851/239/216 798/1265/533 852/1310/572
f 875/1311/573 830/1312/574 801/1313/575
f 784/1257/528 823/1314/576 791/1315/577
f 822/1316/578 785/1317/579 766/1266/534
f 788/1318/580 825/1319/581 821/1320/582
f 834/1321/583 844/1322/584 805/1323/585
f 792/1264/532 820/1324/586 824/1325/587
f 830/1326/574 877/1327/588 800/1328/589
f 772/1263/531 828/243/220 827/240/217
f 796/1267/535 829/244/221 773/1268/536
f 869/249/226 796/1267/535 871/1329/590
f 857/1330/591 793/1255/526 825/1331/581
f 824/1325/587 853/1332/592 792/1264/532
f 866/1333/555 789/1334/593 865/1335/594
f 802/1309/571 832/1303/565 803/1282/546
f 776/1275/543 830/1326/574 800/1328/589
f 805/1323/585 836/1336/564 834/1321/583
f 809/1299/561 835/1296/558 837/1297/559
f 782/1281/545 839/1291/554 838/1337/595
f 817/1285/549 840/237/214 783/1286/550
f 821/1320/582 867/1338/596 788/1318/580
f 823/1314/576 849/1295/557 791/1315/577
f 862/1304/566 820/1324/586 787/1339/597
f 873/1340/598 786/1252/523 874/1341/599
f 845/1342/567 790/1253/524 822/1343/578
f 778/1284/548 852/1310/572 853/1332/592
f 819/1344/600 872/1307/569 785/1317/579
f 859/1345/529 809/1299/561 858/1298/560
f 877/1327/588 818/1346/601 784/1257/528
f 843/1289/552 805/1323/585 844/1322/584
f 808/1301/563 856/1347/602 779/1273/541
f 861/1288/551 803/1282/546 862/1304/566
f 802/1309/571 871/1329/590 872/1307/569
f 878/1348/529 800/1328/589 877/1327/588
f 776/1275/543 868/1349/529 867/1338/596
f 775/1271/539 865/1350/594 864/1351/603
f 807/1278/544 850/1352/529 849/1295/557
f 777/1274/542 846/1306/568 806/1272/540
f 852/1310/572 792/1264/532 853/1332/592
f 787/1339/597 861/1288/551 862/1304/566
f 868/1349/529 788/1318/580 867/1338/596
f 801/1313/575 874/1353/599 875/1311/573
f 766/1266/534 843/1289/552 844/1322/584
f 769/1260/530 859/1345/529 858/1298/560
f 871/1329/590 785/1317/579 872/1307/569
f 789/1334/593 864/1354/603 865/1335/594
f 793/1255/526 855/1355/604 768/1256/527
f 851/239/216 783/1286/550 840/237/214
f 850/1352/529 791/1315/577 849/1295/557
f 784/1257/528 878/1348/529 877/1327/588
f 786/1252/523 875/1356/573 874/1341/599
f 869/249/226 782/1281/545 838/1337/595
f 833/1357/556 867/1338/596 866/1358/555
f 790/1253/524 847/1359/605 767/1251/522
f 847/1360/605 835/1361/558 848/1362/606
f 857/1363/591 779/1273/541 856/1347/602
f 836/1336/564 853/1332/592 854/1364/562
f 863/1365/607 775/1271/539 864/1351/603
f 873/1366/598 774/1269/537 831/1367/570
f 842/246/223 773/1268/536 829/244/221
f 825/1319/581 858/1298/560 857/1368/591
f 876/1369/608 764/1370/609 818/1371/601
f 860/242/219 772/1263/531 827/240/217
f 863/1372/607 765/1254/525 820/1373/586
f 854/1374/562 768/1256/527 855/1355/604
f 848/1375/606 767/1251/522 847/1359/605
f 822/1316/578 844/1322/584 845/1376/567
f 764/1370/609 823/1377/576 818/1371/601
f 790/1253/524 819/1378/600 822/1343/578
f 793/1255/526 821/1379/582 825/1331/581
f 820/1373/586 768/1256/527 824/1380/587
f 828/243/220 797/241/218 827/240/217
f 870/247/224 829/244/221 826/248/225
f 831/1367/570 775/1271/539 832/1381/565
f 833/1294/556 801/1313/575 830/1312/574
f 834/1382/583 808/1301/563 806/1272/540
f 837/1383/559 777/1274/542 779/1273/541
f 838/1337/595 813/1292/232 812/1287/228
f 816/1384/230 840/237/214 841/1290/553
f 880/1385/229 870/1386/224 879/1387/227
f 811/1279/529 794/1261/529 780/1277/529
f 881/1388/610 816/255/230 880/254/229
f 797/1389/218 881/1390/610 882/1391/231
f 812/252/228 882/256/231 879/250/227
f 46/259/233 53/447/326 11/260/234
f 12/262/236 9/720/266 45/263/237
f 57/265/239 13/454/329 44/266/240
f 52/268/242 54/567/253 56/269/243
f 14/271/245 47/553/256 49/272/246
f 61/274/248 69/459/326 15/275/234
f 71/277/238 16/397/313 60/278/250
f 73/280/239 17/464/329 58/281/252
f 70/283/253 72/599/264 66/284/254
f 67/286/255 18/403/245 62/287/256
f 77/289/248 85/470/341 19/15/15
f 20/291/236 76/731/365 75/292/237
f 89/294/239 21/477/329 74/295/240
f 82/297/258 84/622/269 86/298/253
f 22/300/259 78/609/256 81/301/257
f 136/303/248 25/481/326 24/304/234
f 97/306/236 135/737/366 90/307/261
f 102/309/239 26/486/329 23/310/240
f 98/312/242 99/648/363 101/313/243
f 91/315/256 94/638/257 96/316/247
f 106/318/248 114/491/326 28/319/234
f 116/321/238 29/429/236 105/322/263
f 118/324/239 30/498/329 103/325/240
f 111/327/244 113/675/364 115/328/253
f 107/330/256 110/668/257 112/331/255
f 122/333/248 130/502/341 32/18/15
f 120/335/265 132/709/238 33/336/236
f 134/24/21 34/509/329 119/338/240
f 133/340/268 127/511/258 129/341/269
f 123/343/270 126/755/367 128/344/260
f 354/5/5 369/34/30 137/346/272
f 37/348/273 141/537/357 143/349/274
f 369/34/30 367/66/62 373/87/83
f 147/23/20 137/361/272 1/351/276
f 151/354/279 148/370/294 5/355/280
f 370/76/72 366/62/58 354/5/5
f 153/357/282 7/377/300 43/358/283
f 139/360/285 1/351/276 137/361/272
f 301/366/290 142/716/321 2/364/288
f 302/368/292 145/717/323 3/350/275
f 149/369/293 5/355/280 148/370/294
f 152/372/296 6/763/368 150/373/297
f 307/375/299 156/718/325 8/365/289
f 162/379/35 9/720/266 160/380/302
f 168/382/28 10/261/235 166/383/303
f 312/385/304 171/515/339 11/260/234
f 313/387/306 174/719/319 12/262/236
f 177/389/308 13/454/329 175/390/309
f 315/392/311 180/458/332 14/271/245
f 320/394/304 195/728/339 15/275/234
f 321/396/306 198/725/334 16/397/313
f 201/399/308 17/464/329 199/400/314
f 323/402/311 204/1392/332 18/403/245
f 328/405/306 222/730/334 20/291/236
f 155/407/284 387/1/1 374/28/24
f 225/409/316 21/477/329 223/410/309
f 330/412/311 228/1393/332 22/300/259
f 331/414/76 231/750/75 23/310/240
f 334/416/304 240/520/339 24/304/234
f 243/418/318 25/481/326 241/419/319
f 246/421/308 26/486/329 244/422/309
f 337/424/311 249/490/332 27/317/259
f 342/426/304 264/522/339 28/319/234
f 343/428/306 267/741/319 29/429/236
f 270/431/308 30/498/329 268/432/309
f 345/434/311 273/501/332 31/332/245
f 350/436/306 291/746/319 33/336/236
f 294/438/308 34/509/329 292/439/309
f 37/348/273 1/351/276 139/360/285
f 4/14/14 303/13/13 145/444/323
f 5/355/280 149/369/293 156/446/325
f 53/447/326 46/259/233 160/448/302
f 169/386/305 11/260/234 53/447/326
f 177/451/308 55/264/238 45/263/237
f 12/262/236 55/264/238 176/453/328
f 13/454/329 57/265/239 179/455/330
f 178/456/312 170/561/340 50/270/244
f 164/457/331 47/553/256 14/271/245
f 69/459/326 61/274/248 185/460/333
f 193/395/305 15/275/234 69/459/326
f 16/397/313 71/277/238 200/463/336
f 17/464/329 73/280/239 203/465/330
f 182/466/337 58/281/252 17/464/329
f 67/286/255 65/288/257 191/467/338
f 194/469/340 202/404/312 18/403/245
f 85/470/341 77/289/248 209/471/342
f 19/15/15 85/470/341 221/473/343
f 225/474/316 87/293/238 75/292/237
f 20/291/236 87/293/238 224/476/328
f 21/477/329 89/294/239 227/478/330
f 83/302/260 81/301/257 215/479/338
f 83/302/260 218/617/362 226/413/312
f 25/481/326 136/303/248 298/482/345
f 238/417/305 24/304/234 25/481/326
f 246/483/308 100/308/238 90/307/261
f 245/485/328 242/644/307 97/306/236
f 26/486/329 102/309/239 248/487/330
f 101/313/243 247/1394/312 239/488/346
f 233/489/331 91/315/256 27/317/259
f 114/491/326 106/318/248 254/492/347
f 262/427/305 28/319/234 114/491/326
f 270/495/308 116/321/238 104/323/237
f 269/497/336 265/430/307 29/429/236
f 30/498/329 118/324/239 272/499/330
f 112/331/255 263/1395/340 271/435/320
f 257/500/348 107/330/256 31/332/245
f 130/502/341 122/333/248 278/503/349
f 32/18/15 130/502/341 290/505/343
f 294/506/308 132/709/238 120/335/265
f 33/336/236 132/709/238 293/508/336
f 34/509/329 134/24/21 296/26/23
f 295/510/322 287/702/362 127/511/258
f 281/512/351 123/343/270 35/345/271
f 386/513/352 6/763/368 152/372/296
f 10/261/235 11/260/234 171/515/339
f 204/516/332 73/280/239 63/282/241
f 228/518/332 89/294/239 79/296/241
f 93/305/249 24/304/234 240/520/339
f 109/320/249 28/319/234 264/522/339
f 125/334/249 32/18/15 288/20/17
f 141/525/357 360/11/11 38/526/358
f 41/10/10 379/9/9 148/528/294
f 40/21/19 1/351/276 37/348/273
f 7/377/300 42/356/281 5/355/280
f 144/530/359 38/526/358 41/10/10
f 384/532/360 140/367/291 2/364/288
f 300/533/286 138/764/278 36/534/361
f 301/536/290 140/765/291 360/11/11
f 142/441/321 301/1396/290 141/537/357
f 302/538/292 143/527/274 38/526/358
f 302/539/292 144/762/359 39/445/324
f 304/540/295 148/528/294 379/9/9
f 304/542/295 384/532/360 385/363/287
f 305/544/298 150/531/297 41/10/10
f 305/545/298 151/354/279 42/356/281
f 156/446/325 307/1397/299 155/359/284
f 44/266/240 158/721/327 308/548/39
f 159/550/40 308/1398/39 158/452/327
f 309/551/36 160/448/302 46/259/233
f 47/553/256 164/457/331 310/554/32
f 165/556/34 310/1399/32 164/557/331
f 311/558/27 166/757/303 49/272/246
f 312/560/304 169/1400/305 50/270/244
f 312/562/304 170/724/340 51/273/247
f 313/564/306 172/722/307 52/268/242
f 174/449/319 313/1401/306 173/450/318
f 314/566/310 175/723/309 54/567/253
f 314/569/310 176/453/328 55/264/238
f 315/570/311 178/456/312 56/269/243
f 315/572/311 179/455/330 57/265/239
f 58/281/252 182/466/337 316/574/49
f 183/576/50 316/1402/49 182/577/337
f 184/578/41 60/278/250 185/579/333
f 61/274/248 186/752/43 317/581/42
f 62/287/256 188/758/353 318/582/53
f 189/584/54 318/1403/53 188/517/353
f 191/585/338 319/1404/46 190/586/47
f 319/587/46 191/467/338 65/288/257
f 320/589/304 193/1405/305 66/284/254
f 320/591/304 194/469/340 67/286/255
f 321/592/306 196/726/307 68/285/242
f 198/461/334 321/1406/306 197/462/335
f 322/594/315 199/727/314 70/283/253
f 322/596/315 200/463/336 71/277/238
f 323/598/311 202/729/312 72/599/264
f 323/601/311 203/465/330 73/280/239
f 74/295/240 206/732/344 324/602/60
f 207/604/61 324/1407/60 206/475/344
f 208/605/55 76/731/365 209/606/342
f 77/289/248 210/756/57 325/608/56
f 78/609/256 212/759/354 326/610/64
f 213/612/65 326/1408/64 212/519/354
f 215/613/338 327/1409/68 214/614/69
f 327/615/68 215/479/338 81/301/257
f 218/617/362 83/302/260 219/480/17
f 328/621/306 220/733/307 84/622/269
f 222/472/334 328/1410/306 221/473/343
f 329/624/315 223/734/309 86/298/253
f 329/626/315 224/476/328 87/293/238
f 330/627/311 226/735/312 88/299/243
f 330/629/311 227/478/330 89/294/239
f 229/484/317 90/307/261 230/630/77
f 91/315/256 233/489/331 332/632/79
f 234/634/80 332/1411/79 233/635/331
f 236/521/355 333/1412/82 235/636/81
f 333/637/82 236/760/355 94/638/257
f 334/640/304 238/1413/305 95/314/262
f 334/641/304 239/740/346 96/316/247
f 335/643/306 241/736/319 97/306/236
f 335/645/306 242/738/307 98/312/242
f 336/647/315 244/739/309 99/648/363
f 336/650/315 245/485/328 100/308/238
f 337/651/311 247/1394/312 101/313/243
f 337/653/311 248/487/330 102/309/239
f 103/325/240 251/742/317 338/655/90
f 252/657/91 338/1414/90 251/496/317
f 253/658/84 105/322/263 254/659/347
f 106/318/248 255/751/87 339/661/85
f 107/330/256 257/500/348 340/662/94
f 258/664/95 340/1415/94 257/665/348
f 260/523/355 341/1416/97 259/666/98
f 341/667/97 260/761/355 110/668/257
f 342/670/304 262/1417/305 111/327/244
f 342/672/304 263/1395/340 112/331/255
f 343/674/306 265/743/307 113/675/364
f 267/493/319 343/1418/306 266/494/335
f 344/677/315 268/744/309 115/328/253
f 344/679/315 269/497/336 116/321/238
f 345/680/311 271/745/320 117/329/264
f 345/682/311 272/499/330 118/324/239
f 119/338/240 275/747/350 346/684/105
f 276/686/106 346/1419/105 275/507/350
f 277/687/99 121/337/266 278/688/349
f 122/333/248 279/753/102 347/690/100
f 123/343/270 281/512/351 348/691/109
f 282/693/110 348/1420/109 281/694/351
f 284/524/356 349/1421/113 283/695/114
f 284/696/356 126/755/367 285/697/111
f 287/699/362 128/344/260 288/700/17
f 350/704/306 289/748/307 129/341/269
f 291/504/319 350/1422/306 290/505/343
f 351/706/310 292/749/309 131/342/253
f 351/708/310 293/508/336 132/709/238
f 295/510/322 133/340/268 296/710/23
f 297/712/70 135/737/366 298/713/345
f 136/303/248 299/754/73 353/715/71
f 142/716/321 139/535/285 36/534/361
f 40/21/19 3/350/275 145/717/323
f 149/543/293 385/363/287 8/365/289
f 277/687/99 276/686/106 120/335/265
f 174/719/319 160/380/302 9/720/266
f 50/270/244 169/1400/305 173/565/318
f 13/454/329 177/389/308 158/721/327
f 54/567/253 52/268/242 172/722/307
f 175/723/309 179/571/330 56/269/243
f 14/271/245 51/273/247 170/724/340
f 48/267/241 164/557/331 180/573/332
f 198/725/334 185/579/333 60/278/250
f 66/284/254 193/1405/305 197/593/335
f 200/595/336 70/283/253 68/285/242
f 199/727/314 203/600/330 72/599/264
f 59/279/251 182/577/337 201/597/308
f 195/728/339 191/585/338 64/276/249
f 66/284/254 72/599/264 202/729/312
f 222/730/334 209/606/342 76/731/365
f 82/297/258 217/620/16 221/623/343
f 21/477/329 225/409/316 206/732/344
f 220/733/307 224/625/328 86/298/253
f 223/734/309 227/628/330 88/299/243
f 219/17/17 215/613/338 80/290/249
f 218/619/362 82/297/258 88/299/243
f 241/736/319 298/713/345 135/737/366
f 95/314/262 238/1413/305 243/646/318
f 26/486/329 246/421/308 229/415/317
f 245/649/328 99/648/363 98/312/242
f 244/739/309 248/652/330 101/313/243
f 27/317/259 96/316/247 239/740/346
f 92/311/241 233/635/331 249/654/332
f 267/741/319 254/659/347 105/322/263
f 111/327/244 262/1417/305 266/676/335
f 30/498/329 270/431/308 251/742/317
f 115/328/253 113/675/364 265/743/307
f 268/744/309 272/681/330 117/329/264
f 263/671/340 111/327/244 117/329/264
f 108/326/241 257/665/348 273/683/332
f 291/746/319 278/688/349 121/337/266
f 127/511/258 286/703/18 290/705/343
f 34/509/329 294/438/308 275/747/350
f 289/748/307 293/707/336 131/342/253
f 292/749/309 296/710/23 133/340/268
f 35/345/271 128/344/260 287/699/362
f 281/694/351 352/25/22 134/24/21
f 152/546/296 42/356/281 7/377/300
f 9/720/266 162/379/35 159/550/40
f 184/578/41 183/576/50 59/279/251
f 10/261/235 168/382/28 161/552/37
f 167/559/25 49/272/246 47/553/256
f 231/750/75 234/634/80 92/311/241
f 109/320/249 259/666/98 255/751/87
f 64/276/249 190/586/47 186/752/43
f 157/549/38 165/556/34 48/267/241
f 187/583/52 192/588/44 65/288/257
f 211/611/63 216/616/66 81/301/257
f 125/334/249 283/695/114 279/753/102
f 250/656/89 258/664/95 108/326/241
f 205/603/59 213/612/65 79/296/241
f 93/305/249 235/636/81 299/754/73
f 232/633/78 237/639/66 94/638/257
f 256/663/93 261/669/96 110/668/257
f 280/692/108 285/697/111 126/755/367
f 274/685/104 282/693/110 124/339/267
f 80/290/249 214/614/69 210/756/57
f 181/575/48 189/584/54 63/282/241
f 76/731/365 208/605/55 207/604/61
f 230/630/77 90/307/261 135/737/366
f 253/658/84 252/657/91 104/323/237
f 166/757/303 171/563/339 51/273/247
f 18/403/245 204/1392/332 188/758/353
f 22/300/259 228/1393/332 212/759/354
f 236/760/355 240/642/339 96/316/247
f 260/761/355 264/673/339 112/331/255
f 284/696/356 288/700/17 128/344/260
f 144/762/359 150/373/297 6/763/368
f 8/365/289 36/534/361 138/764/278
f 379/9/9 360/11/11 140/765/291
f 147/347/20 303/1423/13 146/27/12
f 300/766/286 137/346/272 369/34/30
f 356/33/29 355/30/26 167/29/25
f 6/763/368 386/513/352 4/14/14
f 168/32/28 355/30/26 357/37/33
f 354/5/5 357/37/33 355/30/26
f 356/33/29 165/38/34 157/42/38
f 162/39/35 357/37/33 358/4/4
f 190/51/47 362/49/45 361/6/6
f 356/33/29 358/4/4 361/6/6
f 361/6/6 363/8/8 183/54/50
f 364/55/51 362/49/45 192/48/44
f 363/8/8 364/55/51 189/58/54
f 208/59/55 365/7/7 366/62/58
f 366/62/58 367/66/62 213/69/65
f 367/66/62 368/71/67 216/70/66
f 214/73/69 368/71/67 365/7/7
f 368/71/67 364/55/51 363/8/8
f 371/78/74 230/81/77 297/74/70
f 371/78/74 372/2/2 234/84/80
f 235/85/81 373/87/83 370/76/72
f 370/76/72 373/87/83 367/66/62
f 372/2/2 373/87/83 237/88/66
f 375/91/86 376/93/88 252/96/91
f 376/93/88 377/97/92 258/100/95
f 377/97/92 378/3/3 261/101/96
f 259/103/98 378/3/3 375/91/86
f 378/3/3 372/2/2 371/78/74
f 380/106/101 381/108/103 276/111/106
f 381/108/103 382/112/107 282/115/110
f 383/117/112 285/116/111 280/113/108
f 383/117/112 380/106/101 279/107/102
f 383/117/112 377/97/92 376/93/88
f 307/767/299 359/352/277 387/1/1
f 154/120/115 306/1424/301 153/408/282
f 374/28/24 387/1/1 382/112/107
f 566/145/140 409/227/204 595/228/205
f 396/768/369 412/851/382 416/769/370
f 415/771/372 417/872/424 419/772/372
f 394/774/374 414/874/425 422/775/375
f 391/777/377 413/877/378 423/778/377
f 433/780/379 424/881/385 438/781/375
f 397/783/381 426/856/377 428/784/378
f 436/786/371 437/947/441 427/787/382
f 434/789/372 400/835/373 429/790/384
f 451/792/375 453/980/444 443/793/379
f 448/795/378 452/863/377 449/796/381
f 454/798/371 404/845/413 447/799/382
f 444/801/372 405/848/373 439/802/384
f 455/804/388 641/1425/465 592/805/389
f 535/807/391 457/891/431 388/232/209
f 536/809/392 460/996/430 389/138/133
f 537/811/394 465/876/412 391/777/377
f 471/813/156 392/779/378 469/814/396
f 541/816/397 477/997/436 393/122/117
f 480/818/159 394/774/374 478/819/399
f 543/821/397 483/1426/419 395/773/373
f 544/823/401 486/1427/409 396/768/369
f 489/825/122 397/783/381 487/826/403
f 546/828/401 492/1000/438 398/829/404
f 549/831/406 501/994/427 399/832/407
f 551/834/392 507/987/419 400/835/373
f 552/837/401 510/992/417 401/785/377
f 554/839/410 516/998/427 402/840/407
f 556/842/394 522/889/429 403/226/203
f 559/844/401 531/989/409 404/845/413
f 560/847/414 534/866/419 405/848/373
f 421/770/371 482/1428/418 484/824/402
f 396/768/369 486/1427/409 467/850/415
f 419/772/372 478/917/399 481/822/400
f 395/773/373 483/1426/419 473/852/416
f 485/853/417 469/814/396 392/779/378
f 392/779/378 471/813/156 463/812/395
f 438/781/375 509/1429/402 506/854/418
f 505/855/400 503/941/440 433/780/379
f 489/825/122 492/932/438 426/856/377
f 426/856/377 491/1430/437 495/857/141
f 436/786/371 430/788/383 497/858/416
f 443/793/379 517/960/128 528/860/137
f 527/861/420 530/976/417 451/792/375
f 524/862/415 531/978/409 452/863/377
f 404/845/413 454/798/371 533/864/418
f 518/865/421 532/849/400 405/848/373
f 534/866/419 512/952/416 439/802/384
f 458/867/393 462/1431/520 390/868/422
f 412/851/382 466/907/147 474/870/145
f 472/871/142 476/914/435 417/872/424
f 417/872/424 475/1432/398 479/873/157
f 414/874/425 394/774/374 480/818/159
f 465/876/412 468/908/141 413/877/378
f 488/878/121 424/881/385 433/780/379
f 487/880/403 510/950/417 438/781/375
f 401/785/377 428/784/378 494/882/415
f 427/787/382 493/934/147 498/883/150
f 496/884/142 500/939/439 431/791/373
f 431/791/373 499/1433/408 504/885/123
f 411/886/426 464/1434/405 501/887/427
f 409/227/204 403/226/203 522/889/429
f 457/891/431 477/916/436 418/233/210
f 442/892/432 425/929/426 490/893/405
f 535/895/391 455/804/388 406/806/390
f 535/897/391 456/1435/433 407/123/118
f 536/899/392 458/867/393 408/869/423
f 536/901/392 459/1436/434 409/227/204
f 537/902/394 463/1003/395 410/903/404
f 537/905/394 464/1434/405 411/886/426
f 467/850/415 538/1437/151 466/907/147
f 468/908/141 538/1438/151 467/909/415
f 469/910/396 414/874/425 470/875/155
f 473/852/416 540/1439/143 472/871/142
f 474/870/145 540/1440/143 473/912/416
f 541/913/397 475/1432/398 417/872/424
f 541/915/397 476/1002/435 418/233/210
f 478/917/399 419/772/372 479/873/157
f 543/919/397 481/985/400 420/776/376
f 543/921/397 482/1428/418 421/770/371
f 544/923/401 484/984/402 422/775/375
f 544/925/401 485/853/417 423/778/377
f 487/880/403 424/881/385 488/878/121
f 546/928/401 490/893/405 425/929/426
f 546/931/401 491/1430/437 426/856/377
f 494/933/415 547/1441/148 493/934/147
f 495/857/141 547/1442/148 494/882/415
f 496/884/142 429/790/384 497/935/416
f 497/858/416 430/788/383 498/883/150
f 549/938/406 499/1433/408 431/791/373
f 549/940/406 500/1001/439 432/888/428
f 502/879/126 433/780/379 503/941/440
f 504/885/123 550/1443/125 503/943/440
f 551/944/392 505/855/400 435/782/380
f 551/945/392 506/986/418 436/786/371
f 552/946/401 508/993/409 437/947/441
f 552/949/401 509/1429/402 438/781/375
f 511/951/142 439/802/384 512/952/416
f 512/954/416 440/800/386 513/955/145
f 554/957/410 514/999/411 441/803/387
f 554/959/410 515/1444/442 442/892/432
f 517/960/128 443/793/379 518/961/421
f 519/963/131 555/1445/129 518/865/421
f 556/964/394 520/995/412 445/797/377
f 556/966/394 521/1446/443 446/139/134
f 523/968/138 447/799/382 524/969/415
f 524/862/415 448/795/378 525/971/141
f 527/973/420 558/1447/136 526/974/135
f 528/860/137 558/1448/136 527/861/420
f 559/975/401 529/990/402 451/792/375
f 559/977/401 530/988/417 452/863/377
f 560/979/414 532/991/400 453/980/444
f 560/982/414 533/864/418 454/798/371
f 482/920/418 420/776/376 422/775/375
f 423/778/377 413/877/378 467/909/415
f 481/985/400 478/819/399 394/774/374
f 483/922/419 421/770/371 416/769/370
f 422/775/375 414/874/425 469/910/396
f 509/948/402 437/947/441 436/786/371
f 400/835/373 434/789/372 503/943/440
f 429/790/384 400/835/373 507/987/419
f 449/796/381 452/863/377 530/988/417
f 524/969/415 447/799/382 404/845/413
f 533/981/418 453/980/444 451/792/375
f 443/793/379 453/980/444 532/991/400
f 534/983/419 454/798/371 440/800/386
f 397/783/381 401/785/377 510/992/417
f 494/933/415 427/787/382 437/947/441
f 464/904/405 410/903/404 399/832/407
f 448/795/378 445/797/377 520/995/412
f 460/996/430 522/967/429 446/139/134
f 457/898/431 407/123/118 393/122/117
f 523/968/138 513/955/145 440/800/386
f 398/829/404 402/840/407 516/998/427
f 511/951/142 515/958/442 441/803/387
f 519/963/131 444/801/372 441/803/387
f 521/965/443 445/797/377 449/796/381
f 489/127/122 561/124/119 398/829/404
f 504/128/123 499/833/408 399/832/407
f 561/124/119 488/126/121 502/131/126
f 402/840/407 564/135/130 519/136/131
f 398/829/404 561/124/119 564/135/130
f 446/139/134 521/1446/443 526/140/135
f 517/133/128 564/135/130 565/137/132
f 403/226/203 566/145/140 525/146/141
f 442/892/432 515/1444/442 511/147/142
f 566/145/140 567/149/144 513/150/145
f 495/154/141 491/930/437 425/929/426
f 567/149/144 568/151/146 425/929/426
f 496/155/142 569/157/149 432/888/428
f 493/152/147 568/151/146 569/157/149
f 468/162/141 465/906/412 411/886/426
f 569/157/149 570/159/146 411/886/426
f 472/164/142 571/163/152 418/233/210
f 474/166/145 466/160/147 570/159/146
f 471/170/156 572/167/153 410/903/404
f 410/903/404 572/167/153 562/129/124
f 479/171/157 475/817/398 393/122/117
f 480/173/159 573/121/116 572/167/153
f 576/1004/445 594/1132/508 408/869/423
f 602/1005/446 598/1082/462 582/1006/447
f 603/1008/449 601/1085/463 581/1009/450
f 608/1011/452 600/1109/459 580/1012/453
f 599/1014/455 577/1047/457 578/1015/456
f 619/1017/458 621/1087/454 624/1018/452
f 583/1020/456 587/1070/457 614/1021/460
f 623/1023/461 622/1095/448 616/1024/446
f 620/1026/451 617/1117/449 615/1027/463
f 637/1029/452 636/1097/459 629/1030/458
f 634/1032/460 631/1206/457 635/1033/464
f 640/1035/448 626/1235/446 633/1036/462
f 630/1038/451 627/1196/450 625/1039/451
f 641/1041/465 455/808/388 388/232/209
f 721/1042/466 641/1041/465 574/230/207
f 722/1044/468 644/1449/499 575/191/177
f 723/1046/470 649/1086/493 577/1047/457
f 657/1049/199 725/1450/198 655/1050/472
f 727/1051/473 661/1241/516 579/176/162
f 666/1053/202 728/1451/201 664/1054/475
f 729/1055/468 667/1083/491 581/1009/450
f 730/1057/466 670/1081/490 582/1006/447
f 675/1059/166 731/1452/165 673/1060/478
f 732/1061/479 676/1453/611 584/1062/480
f 735/1064/482 685/1237/503 585/1065/483
f 737/1067/482 691/1454/491 586/1028/450
f 738/1069/485 694/1455/477 587/1070/457
f 740/1072/468 700/1456/515 588/1073/487
f 742/1075/466 706/1457/496 589/229/206
f 745/1077/489 715/1458/490 590/1037/447
f 746/1079/468 718/1102/491 591/1040/450
f 670/1081/490 668/1459/511 607/1007/448
f 598/1082/462 653/1143/497 672/1058/477
f 667/1083/491 664/1157/475 605/1010/451
f 659/1084/492 669/1056/476 581/1009/450
f 655/1050/472 671/1460/486 609/1016/457
f 657/1049/199 578/1015/456 577/1047/457
f 621/1087/454 692/1186/498 695/1088/494
f 691/1089/491 621/1087/454 619/1017/458
f 678/1091/481 675/1059/166 583/1020/456
f 677/1092/496 612/1022/457 614/1021/460
f 693/1094/476 683/1177/492 616/1024/446
f 714/1096/180 703/1201/171 629/1030/458
f 716/1098/486 713/1219/514 636/1097/459
f 710/1099/497 634/1032/460 638/1034/457
f 590/1037/447 715/1458/490 719/1101/498
f 718/1102/491 704/1204/512 630/1038/451
f 698/1103/492 720/1080/476 591/1040/450
f 644/1104/499 594/1132/508 576/1004/445
f 602/1005/446 660/1151/192 652/1106/181
f 603/1008/449 662/1155/510 658/1107/185
f 665/1108/200 661/1461/516 603/1008/449
f 600/1109/459 656/1147/197 666/1053/202
f 654/1110/194 651/1048/471 577/1047/457
f 674/1111/164 688/1181/170 619/1017/458
f 673/1112/478 610/1019/459 624/1018/452
f 587/1070/457 694/1455/477 680/1114/501
f 684/1115/192 679/1172/181 613/1025/462
f 682/1116/190 615/1027/463 617/1117/449
f 685/1119/503 617/1117/449 620/1026/451
f 650/1121/504 597/1140/506 618/1122/505
f 595/228/205 646/1136/469 708/1076/488
f 663/1124/474 643/1043/467 574/230/207
f 702/1125/484 676/1462/611 611/1126/506
f 592/805/389 641/1425/465 721/1128/466
f 593/175/161 642/1249/507 721/1130/466
f 594/1132/508 644/1104/499 722/1133/468
f 595/228/205 645/1242/509 722/1135/468
f 596/1137/480 649/1240/493 723/1138/470
f 597/1140/506 650/1121/504 723/1141/470
f 653/1143/497 598/1082/462 652/1106/181
f 654/1110/194 599/1014/455 653/1145/497
f 656/1147/197 600/1109/459 655/1148/472
f 659/1084/492 601/1085/463 658/1107/185
f 660/1151/192 602/1005/446 659/1152/492
f 603/1008/449 661/1461/516 727/1154/473
f 604/231/208 662/1239/510 727/1156/473
f 665/1108/200 605/1010/451 664/1157/475
f 606/1013/454 667/1228/491 729/1159/468
f 607/1007/448 668/1459/511 729/1161/468
f 608/1011/452 670/1227/490 730/1163/466
f 609/1016/457 671/1460/486 730/1165/466
f 674/1111/164 610/1019/459 673/1112/478
f 611/1126/506 676/1462/611 732/1168/479
f 612/1022/457 677/1092/496 732/1170/479
f 680/1171/501 613/1025/462 679/1172/181
f 681/1093/184 614/1021/460 680/1114/501
f 683/1175/492 615/1027/463 682/1116/190
f 684/1115/192 616/1024/446 683/1177/492
f 617/1117/449 685/1119/503 735/1179/482
f 618/1122/505 686/1238/502 735/1180/482
f 689/1090/495 619/1017/458 688/1181/170
f 690/1120/167 620/1026/451 689/1183/495
f 621/1087/454 691/1089/491 737/1185/482
f 622/1095/448 692/1229/498 737/1187/482
f 623/1023/461 694/1233/477 738/1188/485
f 624/1018/452 695/1088/494 738/1190/485
f 698/1103/492 625/1039/451 697/1191/185
f 699/1193/188 626/1235/446 698/1194/492
f 627/1196/450 700/1236/515 740/1197/468
f 628/1127/505 701/1463/510 740/1199/468
f 704/1200/512 629/1030/458 703/1201/171
f 705/1203/174 630/1038/451 704/1204/512
f 631/1206/457 706/1234/496 742/1207/466
f 632/190/176 707/1464/513 742/1209/466
f 710/1211/497 633/1036/462 709/1212/181
f 711/1214/184 634/1032/460 710/1099/497
f 713/1216/514 635/1033/464 712/1217/178
f 714/1096/180 636/1097/459 713/1219/514
f 637/1029/452 715/1231/490 745/1221/489
f 638/1034/457 716/1230/486 745/1222/489
f 639/1031/454 718/1232/491 746/1223/468
f 640/1035/448 719/1101/498 746/1225/468
f 608/1011/452 606/1013/454 668/1160/511
f 599/1014/455 609/1016/457 672/1166/477
f 606/1013/454 580/1012/453 664/1054/475
f 602/1005/446 607/1007/448 669/1162/476
f 655/1148/472 600/1109/459 608/1011/452
f 622/1095/448 623/1023/461 695/1189/494
f 586/1028/450 691/1454/491 689/1183/495
f 693/1068/476 586/1028/450 615/1027/463
f 635/1033/464 713/1216/514 716/1230/486
f 717/1078/477 590/1037/447 633/1036/462
f 637/1029/452 639/1031/454 719/1224/498
f 629/1030/458 704/1200/512 718/1232/491
f 698/1194/492 626/1235/446 640/1035/448
f 587/1070/457 583/1020/456 673/1060/478
f 623/1023/461 613/1025/462 680/1171/501
f 687/1066/484 585/1065/483 596/1137/480
f 634/1032/460 711/1214/184 706/1234/496
f 646/1045/469 575/191/177 632/190/176
f 663/1052/474 579/176/162 593/175/161
f 709/1212/181 633/1036/462 626/1235/446
f 584/1062/480 676/1453/611 702/1074/484
f 697/1191/185 625/1039/451 627/1196/450
f 700/1236/515 627/1196/450 630/1038/451
f 635/1033/464 631/1206/457 707/1208/513
f 584/1062/480 747/177/163 675/180/166
f 690/181/167 748/183/169 585/1065/483
f 747/177/163 748/183/169 688/184/170
f 588/1073/487 700/1456/515 705/188/174
f 584/1062/480 588/1073/487 749/186/172
f 712/192/178 707/1464/513 632/190/176
f 750/189/175 749/186/172 703/185/171
f 589/229/206 706/1457/496 711/198/184
f 697/199/185 701/1463/510 628/1127/505
f 751/196/182 709/195/181 699/202/188
f 681/206/184 753/203/189 611/1126/506
f 752/200/186 628/1127/505 611/1126/506
f 618/1122/505 754/208/186 682/207/190
f 754/208/186 753/203/189 679/205/181
f 654/214/194 755/211/189 597/1140/506
f 754/208/186 618/1122/505 597/1140/506
f 604/231/208 756/215/195 658/217/185
f 660/218/192 756/215/195 755/211/189
f 596/1137/480 757/219/196 657/222/199
f 596/1137/480 585/1065/483 748/183/169
f 665/223/200 758/174/160 579/176/162
f 757/219/196 758/174/160 666/225/202
f 756/215/195 571/163/152 570/159/146
f 569/157/149 754/208/186 755/211/189
f 568/151/146 753/203/189 754/208/186
f 753/203/189 568/151/146 567/149/144
f 566/145/140 751/196/182 752/200/186
f 459/900/434 408/869/423 594/1132/508
f 409/227/204 459/1436/434 645/1242/509
f 571/163/152 756/215/195 574/230/207
f 592/805/389 759/1245/519 760/1243/517
f 592/805/389 642/1129/507 647/1244/518
f 760/1243/517 461/1465/521 456/896/433
f 389/138/133 563/132/127 462/1246/520
f 407/123/118 456/1435/433 461/1247/521
f 562/129/124 572/167/153 761/234/211
f 575/191/177 644/1449/499 648/1248/500
f 642/1249/507 593/175/161 763/236/213
f 763/236/213 757/219/196 748/183/169
f 767/1251/522 764/1370/609 786/1252/523
f 765/1254/525 789/1334/593 793/1255/526
f 784/1257/528 791/1315/577 795/1258/529
f 769/1260/530 788/1318/580 794/1261/529
f 772/1263/531 787/1339/597 792/1264/532
f 766/1266/534 785/1317/579 796/1267/535
f 774/1269/537 801/1313/575 804/1270/538
f 806/1272/540 808/1301/563 779/1273/541
f 776/1275/543 800/1328/589 810/1276/529
f 807/1278/544 809/1299/561 811/1279/529
f 782/1281/545 802/1309/571 803/1282/546
f 778/1284/548 805/1323/585 817/1285/549
f 869/249/226 838/1337/595 812/1287/228
f 860/242/219 839/1291/554 814/1283/547
f 842/246/223 841/1290/553 817/1285/549
f 799/245/222 816/1384/230 841/1290/553
f 839/1291/554 860/242/219 797/241/218
f 866/1293/555 865/1350/594 804/1270/538
f 849/1295/557 848/1466/606 835/1296/558
f 837/1297/559 857/1368/591 858/1298/560
f 854/1300/562 855/1467/604 808/1301/563
f 832/1303/565 863/1468/607 862/1304/566
f 845/1305/567 834/1382/583 806/1272/540
f 872/1307/569 873/1469/598 831/1308/570
f 851/239/216 828/243/220 798/1265/533
f 875/1311/573 876/1470/608 830/1312/574
f 784/1257/528 818/1346/601 823/1314/576
f 822/1316/578 819/1344/600 785/1317/579
f 788/1318/580 769/1260/530 825/1319/581
f 834/1321/583 845/1376/567 844/1322/584
f 792/1264/532 787/1339/597 820/1324/586
f 830/1326/574 876/1471/608 877/1327/588
f 772/1263/531 798/1265/533 828/243/220
f 796/1267/535 826/248/225 829/244/221
f 869/249/226 826/248/225 796/1267/535
f 857/1330/591 856/1472/602 793/1255/526
f 824/1325/587 854/1364/562 853/1332/592
f 866/1333/555 821/1379/582 789/1334/593
f 802/1309/571 831/1308/570 832/1303/565
f 776/1275/543 833/1357/556 830/1326/574
f 805/1323/585 778/1284/548 836/1336/564
f 809/1299/561 807/1278/544 835/1296/558
f 782/1281/545 814/1283/547 839/1291/554
f 817/1285/549 841/1290/553 840/237/214
f 821/1320/582 866/1358/555 867/1338/596
f 823/1314/576 848/1466/606 849/1295/557
f 862/1304/566 863/1468/607 820/1324/586
f 873/1340/598 819/1378/600 786/1252/523
f 845/1342/567 846/1473/568 790/1253/524
f 778/1284/548 783/1286/550 852/1310/572
f 819/1344/600 873/1469/598 872/1307/569
f 859/1345/529 811/1279/529 809/1299/561
f 877/1327/588 876/1471/608 818/1346/601
f 843/1289/552 817/1285/549 805/1323/585
f 808/1301/563 855/1467/604 856/1347/602
f 861/1288/551 814/1283/547 803/1282/546
f 802/1309/571 782/1281/545 871/1329/590
f 878/1348/529 810/1276/529 800/1328/589
f 776/1275/543 780/1277/529 868/1349/529
f 775/1271/539 804/1270/538 865/1350/594
f 807/1278/544 781/1280/529 850/1352/529
f 777/1274/542 847/1360/605 846/1306/568
f 852/1310/572 798/1265/533 792/1264/532
f 787/1339/597 772/1263/531 861/1288/551
f 868/1349/529 794/1261/529 788/1318/580
f 801/1313/575 774/1269/537 874/1353/599
f 766/1266/534 773/1268/536 843/1289/552
f 769/1260/530 771/1262/529 859/1345/529
f 871/1329/590 796/1267/535 785/1317/579
f 789/1334/593 765/1254/525 864/1354/603
f 793/1255/526 856/1472/602 855/1355/604
f 851/239/216 852/1310/572 783/1286/550
f 850/1352/529 795/1258/529 791/1315/577
f 784/1257/528 770/1259/529 878/1348/529
f 786/1252/523 764/1370/609 875/1356/573
f 869/249/226 871/1329/590 782/1281/545
f 833/1357/556 776/1275/543 867/1338/596
f 790/1253/524 846/1473/568 847/1359/605
f 847/1360/605 777/1274/542 835/1361/558
f 857/1363/591 837/1383/559 779/1273/541
f 836/1336/564 778/1284/548 853/1332/592
f 863/1365/607 832/1381/565 775/1271/539
f 873/1366/598 874/1353/599 774/1269/537
f 842/246/223 843/1289/552 773/1268/536
f 825/1319/581 769/1260/530 858/1298/560
f 876/1369/608 875/1356/573 764/1370/609
f 860/242/219 861/1288/551 772/1263/531
f 863/1372/607 864/1354/603 765/1254/525
f 854/1374/562 824/1380/587 768/1256/527
f 848/1375/606 823/1377/576 767/1251/522
f 822/1316/578 766/1266/534 844/1322/584
f 764/1370/609 767/1251/522 823/1377/576
f 790/1253/524 786/1252/523 819/1378/600
f 793/1255/526 789/1334/593 821/1379/582
f 820/1373/586 765/1254/525 768/1256/527
f 828/243/220 815/238/215 797/241/218
f 870/247/224 799/245/222 829/244/221
f 831/1367/570 774/1269/537 775/1271/539
f 833/1294/556 804/1270/538 801/1313/575
f 834/1382/583 836/1302/564 808/1301/563
f 837/1383/559 835/1361/558 777/1274/542
f 838/1337/595 839/1291/554 813/1292/232
f 816/1384/230 815/238/215 840/237/214
f 880/1385/229 799/1474/222 870/1386/224
f 781/1280/529 811/1279/529 780/1277/529
f 811/1279/529 859/1345/529 771/1262/529
f 794/1261/529 811/1279/529 771/1262/529
f 794/1261/529 868/1349/529 780/1277/529
f 780/1277/529 810/1276/529 781/1280/529
f 810/1276/529 878/1348/529 770/1259/529
f 781/1280/529 810/1276/529 795/1258/529
f 770/1259/529 795/1258/529 810/1276/529
f 795/1258/529 850/1352/529 781/1280/529
f 881/1388/610 815/1475/215 816/255/230
f 797/1389/218 815/1476/215 881/1390/610
f 812/252/228 813/257/232 882/256/231
