# Blender 4.0.2
# www.blender.org
o KnifeBlock008_Prop
v -0.037936 -0.076551 -0.072572
v -0.037826 -0.094697 -0.044698
v -0.043377 -0.074024 -0.072460
v -0.035897 -0.073952 -0.072318
v -0.038305 -0.075092 -0.079561
v -0.042788 -0.073305 -0.078788
v -0.037950 -0.075969 -0.073648
v -0.036535 -0.073029 -0.079859
v -0.038385 -0.074890 -0.080705
v -0.042932 -0.059389 -0.080338
v -0.041242 -0.076022 -0.073671
v -0.040746 -0.074928 -0.080721
v -0.035750 -0.097614 -0.035722
v -0.041252 -0.076605 -0.072595
v -0.040835 -0.075134 -0.079579
v -0.041237 -0.078885 -0.069110
v -0.041153 -0.094758 -0.044710
v -0.038044 -0.075403 -0.075921
v -0.037985 -0.075589 -0.074766
v -0.038436 -0.074496 -0.081814
v -0.041205 -0.075584 -0.074986
v -0.040693 -0.074532 -0.081829
v -0.037782 -0.089964 -0.030734
v -0.036861 -0.078396 -0.068815
v -0.042983 -0.077879 -0.068460
v -0.039590 -0.076773 -0.072710
v -0.039564 -0.075384 -0.079780
v -0.039677 -0.089559 -0.030511
v -0.039577 -0.079056 -0.069221
v -0.036306 -0.074482 -0.074253
v -0.036941 -0.075086 -0.074731
v -0.037345 -0.074630 -0.079219
v -0.036810 -0.073984 -0.079322
v -0.042989 -0.075145 -0.072741
v -0.042314 -0.075759 -0.073123
v -0.042385 -0.074075 -0.079299
v -0.041814 -0.074703 -0.079250
v -0.041724 -0.058288 -0.079615
v -0.039586 -0.075626 -0.076028
v -0.036895 -0.075671 -0.073085
v -0.036246 -0.075036 -0.072695
v -0.037458 -0.074399 -0.080369
v -0.042261 -0.075194 -0.074706
v -0.042922 -0.074594 -0.074300
v -0.041693 -0.074468 -0.080398
v -0.039592 -0.076191 -0.073783
v -0.039591 -0.075811 -0.074890
v -0.039558 -0.075237 -0.080942
v -0.039556 -0.074887 -0.082068
v -0.037925 -0.078831 -0.069087
v -0.036222 -0.077769 -0.068413
v -0.042318 -0.078485 -0.068853
v -0.035939 -0.084678 -0.057072
v -0.043195 -0.084988 -0.056828
v -0.037939 -0.088823 -0.054681
v -0.037959 -0.084644 -0.061084
v -0.041130 -0.084676 -0.061131
v -0.041091 -0.088865 -0.054719
v -0.036247 -0.087779 -0.053966
v -0.036265 -0.083512 -0.060490
v -0.036904 -0.084189 -0.060830
v -0.036885 -0.088400 -0.054381
v -0.042859 -0.083638 -0.060516
v -0.042833 -0.087885 -0.054007
v -0.042166 -0.088472 -0.054440
v -0.042196 -0.084258 -0.060892
v -0.039853 -0.057843 -0.079333
v -0.039537 -0.084882 -0.061189
v -0.039513 -0.089001 -0.054879
v -0.035739 -0.069183 -0.076953
v -0.035635 -0.067813 -0.074584
v -0.035907 -0.065753 -0.074232
v -0.035581 -0.093498 -0.033037
v -0.035561 -0.096253 -0.034842
v -0.043649 -0.094957 -0.033970
v -0.043600 -0.072393 -0.072438
v -0.043808 -0.067946 -0.074640
v -0.043160 -0.071611 -0.078503
v -0.035729 -0.072265 -0.072384
v -0.035633 -0.070271 -0.072806
v -0.035706 -0.069393 -0.070302
v -0.043444 -0.068221 -0.069590
v -0.043776 -0.068849 -0.071900
v -0.043755 -0.070403 -0.072862
v -0.036111 -0.071488 -0.078471
v -0.035634 -0.067075 -0.076272
v -0.043782 -0.071097 -0.070862
v -0.043810 -0.067434 -0.075999
v -0.043610 -0.065868 -0.074302
v -0.043577 -0.069231 -0.077783
v -0.035615 -0.070403 -0.071653
v -0.043748 -0.069159 -0.070883
v -0.035561 -0.080810 -0.055924
v -0.036061 -0.068068 -0.069590
v -0.035691 -0.083009 -0.056114
v -0.035629 -0.079868 -0.054369
v -0.043694 -0.079778 -0.054702
v -0.043512 -0.083136 -0.056168
v -0.043704 -0.081574 -0.055180
v -0.022782 -0.076230 -0.072501
v -0.022779 -0.094372 -0.044624
v -0.027961 -0.073228 -0.072100
v -0.020508 -0.073824 -0.072366
v -0.023398 -0.074729 -0.079464
v -0.027655 -0.072551 -0.078453
v -0.022802 -0.075646 -0.073576
v -0.021470 -0.072831 -0.079863
v -0.023521 -0.074518 -0.080602
v -0.026639 -0.058673 -0.080031
v -0.026082 -0.075406 -0.073420
v -0.025874 -0.074345 -0.080490
v -0.020487 -0.097483 -0.035766
v -0.026085 -0.075987 -0.072344
v -0.025919 -0.074544 -0.079343
v -0.026085 -0.078267 -0.068858
v -0.026093 -0.094136 -0.044456
v -0.022968 -0.075070 -0.075843
v -0.022863 -0.075262 -0.074692
v -0.023597 -0.074118 -0.081707
v -0.026077 -0.074969 -0.074736
v -0.025846 -0.073953 -0.081600
v -0.021554 -0.089692 -0.030696
v -0.021673 -0.078171 -0.068803
v -0.027696 -0.077111 -0.068117
v -0.024454 -0.076303 -0.072548
v -0.024688 -0.074907 -0.079613
v -0.023386 -0.089119 -0.030373
v -0.024455 -0.078586 -0.069059
v -0.021067 -0.074311 -0.074274
v -0.021779 -0.074855 -0.074715
v -0.022383 -0.074356 -0.079176
v -0.021799 -0.073760 -0.079309
v -0.027690 -0.074378 -0.072399
v -0.027094 -0.075049 -0.072815
v -0.027350 -0.073352 -0.078983
v -0.026836 -0.074029 -0.078963
v -0.024527 -0.075154 -0.075865
v -0.021696 -0.075445 -0.073072
v -0.020972 -0.074871 -0.072719
v -0.022537 -0.074112 -0.080318
v -0.027077 -0.074487 -0.074401
v -0.027659 -0.073831 -0.073961
v -0.026757 -0.073802 -0.080117
v -0.024462 -0.075721 -0.073621
v -0.024487 -0.075340 -0.074728
v -0.024732 -0.074758 -0.080774
v -0.024760 -0.074407 -0.081899
v -0.022784 -0.078509 -0.069016
v -0.020959 -0.077605 -0.068438
v -0.027110 -0.077772 -0.068544
v -0.020679 -0.084536 -0.057110
v -0.027910 -0.084197 -0.056471
v -0.022908 -0.088490 -0.054603
v -0.022903 -0.084313 -0.061006
v -0.026062 -0.084062 -0.060881
v -0.026049 -0.088251 -0.054469
v -0.021094 -0.087603 -0.053984
v -0.021085 -0.083338 -0.060509
v -0.021800 -0.083954 -0.060811
v -0.021806 -0.088164 -0.054362
v -0.027655 -0.082875 -0.060176
v -0.027655 -0.087121 -0.053666
v -0.027068 -0.087764 -0.054134
v -0.027072 -0.083550 -0.060586
v -0.024499 -0.084409 -0.061025
v -0.024501 -0.088527 -0.054714
v -0.020177 -0.069078 -0.077016
v -0.019822 -0.067728 -0.074659
v -0.019889 -0.065652 -0.074298
v -0.019805 -0.093404 -0.033105
v -0.020130 -0.096146 -0.034901
v -0.028010 -0.094134 -0.033596
v -0.028036 -0.071583 -0.072070
v -0.027966 -0.067131 -0.074271
v -0.027858 -0.070821 -0.078171
v -0.020193 -0.072159 -0.072443
v -0.019943 -0.070180 -0.072876
v -0.019801 -0.069305 -0.070374
v -0.027353 -0.067448 -0.069247
v -0.027865 -0.068038 -0.071533
v -0.028035 -0.069586 -0.072491
v -0.020834 -0.071345 -0.078489
v -0.019847 -0.066989 -0.076346
v -0.028015 -0.070279 -0.070490
v -0.027995 -0.066618 -0.075627
v -0.027563 -0.065096 -0.073918
v -0.028021 -0.068441 -0.077369
v -0.019875 -0.070316 -0.071726
v -0.027809 -0.068353 -0.070518
v -0.019895 -0.080718 -0.055998
v -0.019997 -0.067955 -0.069648
v -0.020231 -0.082899 -0.056169
v -0.019795 -0.079777 -0.054443
v -0.027825 -0.078967 -0.054336
v -0.028023 -0.082327 -0.055799
v -0.028021 -0.080753 -0.054809
v -0.007935 -0.076200 -0.072532
v -0.007932 -0.094343 -0.044655
v -0.013115 -0.073198 -0.072132
v -0.005662 -0.073794 -0.072397
v -0.008551 -0.074699 -0.079495
v -0.012808 -0.072521 -0.078485
v -0.007955 -0.075616 -0.073608
v -0.006674 -0.072234 -0.080986
v -0.008675 -0.074488 -0.080633
v -0.011793 -0.058644 -0.080063
v -0.011236 -0.075376 -0.073451
v -0.011028 -0.074315 -0.080521
v -0.005641 -0.097453 -0.035798
v -0.011239 -0.075957 -0.072375
v -0.011072 -0.074514 -0.079375
v -0.011239 -0.078237 -0.068890
v -0.011247 -0.094105 -0.044488
v -0.008122 -0.075040 -0.075874
v -0.008017 -0.075232 -0.074723
v -0.008751 -0.074088 -0.081739
v -0.006489 -0.072963 -0.078942
v -0.011231 -0.074939 -0.074768
v -0.010999 -0.073923 -0.081632
v -0.006707 -0.089662 -0.030728
v -0.006827 -0.078141 -0.068835
v -0.012850 -0.077081 -0.068149
v -0.009607 -0.076273 -0.072580
v -0.009842 -0.074877 -0.079645
v -0.008540 -0.089089 -0.030404
v -0.009609 -0.078556 -0.069091
v -0.006220 -0.074281 -0.074305
v -0.006932 -0.074825 -0.074746
v -0.007536 -0.074326 -0.079207
v -0.006953 -0.073730 -0.079340
v -0.012844 -0.074348 -0.072431
v -0.012248 -0.075019 -0.072847
v -0.012504 -0.073322 -0.079014
v -0.011990 -0.073999 -0.078995
v -0.009681 -0.075124 -0.075896
v -0.006849 -0.075415 -0.073104
v -0.006126 -0.074841 -0.072751
v -0.007691 -0.074082 -0.080350
v -0.012231 -0.074457 -0.074432
v -0.012813 -0.073801 -0.073992
v -0.011911 -0.073772 -0.080149
v -0.009616 -0.075691 -0.073652
v -0.009641 -0.075310 -0.074759
v -0.009886 -0.074728 -0.080805
v -0.009914 -0.074377 -0.081930
v -0.007938 -0.078479 -0.069047
v -0.006113 -0.077575 -0.068470
v -0.012264 -0.077742 -0.068576
v -0.005833 -0.084506 -0.057141
v -0.013063 -0.084167 -0.056503
v -0.008062 -0.088460 -0.054634
v -0.008057 -0.084283 -0.061037
v -0.011215 -0.084032 -0.060912
v -0.011203 -0.088221 -0.054501
v -0.006247 -0.087573 -0.054015
v -0.006238 -0.083308 -0.060540
v -0.006954 -0.083925 -0.060843
v -0.006960 -0.088134 -0.054393
v -0.012809 -0.082844 -0.060207
v -0.012809 -0.087091 -0.053697
v -0.012221 -0.087734 -0.054164
v -0.012226 -0.083520 -0.060617
v -0.009653 -0.084379 -0.061057
v -0.009655 -0.088497 -0.054745
v -0.005331 -0.069048 -0.077047
v -0.004976 -0.067698 -0.074690
v -0.005042 -0.065606 -0.074360
v -0.004959 -0.093374 -0.033137
v -0.005284 -0.096116 -0.034933
v -0.013164 -0.094104 -0.033627
v -0.013190 -0.071553 -0.072102
v -0.013119 -0.067101 -0.074302
v -0.013012 -0.070778 -0.078209
v -0.005347 -0.072128 -0.072476
v -0.005097 -0.070150 -0.072908
v -0.004955 -0.069275 -0.070406
v -0.012507 -0.067418 -0.069278
v -0.013019 -0.068009 -0.071565
v -0.013189 -0.069556 -0.072522
v -0.005987 -0.071293 -0.078543
v -0.005001 -0.066959 -0.076378
v -0.013169 -0.070249 -0.070522
v -0.013149 -0.066587 -0.075660
v -0.012718 -0.065050 -0.073981
v -0.013174 -0.068394 -0.077449
v -0.005028 -0.070286 -0.071758
v -0.012963 -0.068323 -0.070549
v -0.005049 -0.080688 -0.056029
v -0.005150 -0.067925 -0.069680
v -0.005385 -0.082868 -0.056202
v -0.004948 -0.079747 -0.054474
v -0.012979 -0.078937 -0.054369
v -0.013177 -0.082297 -0.055830
v -0.013175 -0.080723 -0.054841
v 0.006911 -0.076170 -0.072564
v 0.006914 -0.094313 -0.044686
v 0.001732 -0.073168 -0.072163
v 0.009185 -0.073764 -0.072429
v 0.006295 -0.074669 -0.079527
v 0.002038 -0.072491 -0.078516
v 0.006891 -0.075587 -0.073639
v 0.008173 -0.072204 -0.081018
v 0.006172 -0.074458 -0.080665
v 0.003053 -0.058614 -0.080094
v 0.003610 -0.075346 -0.073483
v 0.003819 -0.074285 -0.080553
v 0.009205 -0.097423 -0.035829
v 0.003607 -0.075927 -0.072407
v 0.003774 -0.074484 -0.079406
v 0.003608 -0.078207 -0.068921
v 0.003599 -0.094076 -0.044519
v 0.006725 -0.075010 -0.075906
v 0.006830 -0.075203 -0.074755
v 0.006096 -0.074058 -0.081770
v 0.008358 -0.072933 -0.078973
v 0.003616 -0.074909 -0.074799
v 0.003847 -0.073893 -0.081663
v 0.008139 -0.089632 -0.030759
v 0.008019 -0.078111 -0.068866
v 0.001997 -0.077051 -0.068180
v 0.005239 -0.076243 -0.072611
v 0.005005 -0.074847 -0.079676
v 0.006306 -0.089059 -0.030436
v 0.005238 -0.078526 -0.069122
v 0.008626 -0.074251 -0.074337
v 0.007914 -0.074795 -0.074778
v 0.007310 -0.074296 -0.079239
v 0.007893 -0.073700 -0.079372
v 0.002002 -0.074318 -0.072462
v 0.002598 -0.074989 -0.072878
v 0.002343 -0.073292 -0.079046
v 0.002856 -0.073969 -0.079026
v 0.005165 -0.075094 -0.075928
v 0.007997 -0.075385 -0.073135
v 0.008720 -0.074811 -0.072782
v 0.007156 -0.074052 -0.080381
v 0.002615 -0.074427 -0.074463
v 0.002033 -0.073771 -0.074024
v 0.002935 -0.073743 -0.080180
v 0.006308 -0.057352 -0.079261
v 0.005230 -0.075661 -0.073684
v 0.005206 -0.075280 -0.074791
v 0.004960 -0.074698 -0.080837
v 0.004932 -0.074347 -0.081962
v 0.006908 -0.078449 -0.069079
v 0.008733 -0.077545 -0.068501
v 0.002583 -0.077712 -0.068607
v 0.009013 -0.084476 -0.057173
v 0.001783 -0.084137 -0.056535
v 0.006784 -0.088430 -0.054666
v 0.006790 -0.084253 -0.061069
v 0.003631 -0.084002 -0.060944
v 0.003644 -0.088191 -0.054533
v 0.008599 -0.087543 -0.054047
v 0.008608 -0.083278 -0.060572
v 0.007893 -0.083895 -0.060874
v 0.007886 -0.088103 -0.054425
v 0.002038 -0.082815 -0.060239
v 0.002038 -0.087061 -0.053729
v 0.002625 -0.087704 -0.054196
v 0.002620 -0.083490 -0.060649
v 0.005193 -0.084349 -0.061088
v 0.005192 -0.088467 -0.054777
v 0.009516 -0.069019 -0.077078
v 0.009870 -0.067668 -0.074722
v 0.009804 -0.065583 -0.074378
v 0.009887 -0.093344 -0.033168
v 0.009563 -0.096086 -0.034964
v 0.001683 -0.094074 -0.033659
v 0.001656 -0.071523 -0.072133
v 0.001727 -0.067071 -0.074334
v 0.001835 -0.070740 -0.078257
v 0.009499 -0.072099 -0.072506
v 0.009750 -0.070120 -0.072939
v 0.009892 -0.069245 -0.070438
v 0.002339 -0.067388 -0.069309
v 0.001828 -0.067979 -0.071596
v 0.001657 -0.069526 -0.072554
v 0.008859 -0.071255 -0.078592
v 0.009846 -0.066929 -0.076409
v 0.001677 -0.070219 -0.070554
v 0.001697 -0.066558 -0.075691
v 0.002129 -0.065030 -0.073995
v 0.001672 -0.068357 -0.077482
v 0.009818 -0.070257 -0.071789
v 0.001883 -0.068293 -0.070580
v 0.009798 -0.080661 -0.056057
v 0.009696 -0.067895 -0.069711
v 0.009461 -0.082841 -0.056229
v 0.009898 -0.079718 -0.054504
v 0.001867 -0.078907 -0.054401
v 0.001669 -0.082268 -0.055861
v 0.001671 -0.080693 -0.054872
v 0.021422 -0.076114 -0.072579
v 0.021425 -0.094257 -0.044702
v 0.016243 -0.073112 -0.072178
v 0.023696 -0.073709 -0.072444
v 0.020806 -0.074614 -0.079542
v 0.016549 -0.072435 -0.078531
v 0.021402 -0.075531 -0.073654
v 0.022734 -0.072716 -0.079941
v 0.020683 -0.074402 -0.080680
v 0.017564 -0.058558 -0.080109
v 0.018121 -0.075290 -0.073498
v 0.018330 -0.074230 -0.080568
v 0.023717 -0.097367 -0.035844
v 0.018118 -0.075872 -0.072422
v 0.018285 -0.074429 -0.079421
v 0.018119 -0.078152 -0.068937
v 0.018110 -0.094020 -0.044534
v 0.021236 -0.074955 -0.075921
v 0.021341 -0.075147 -0.074770
v 0.020607 -0.074003 -0.081785
v 0.018127 -0.074854 -0.074814
v 0.018358 -0.073838 -0.081678
v 0.022650 -0.089576 -0.030774
v 0.022530 -0.078056 -0.068881
v 0.016508 -0.076995 -0.068195
v 0.019750 -0.076187 -0.072627
v 0.019516 -0.074792 -0.079691
v 0.020814 -0.089005 -0.030450
v 0.019749 -0.078470 -0.069137
v 0.023137 -0.074196 -0.074352
v 0.022425 -0.074740 -0.074793
v 0.021821 -0.074240 -0.079254
v 0.022405 -0.073644 -0.079387
v 0.016514 -0.074263 -0.072477
v 0.017109 -0.074933 -0.072894
v 0.016854 -0.073236 -0.079061
v 0.017367 -0.073913 -0.079041
v 0.019676 -0.075039 -0.075943
v 0.022508 -0.075329 -0.073150
v 0.023232 -0.074756 -0.072797
v 0.021667 -0.073997 -0.080396
v 0.018903 -0.089301 -0.030596
v 0.017127 -0.074372 -0.074479
v 0.016544 -0.073716 -0.074039
v 0.017446 -0.073687 -0.080195
v 0.019742 -0.075605 -0.073699
v 0.019717 -0.075224 -0.074806
v 0.019471 -0.074643 -0.080852
v 0.019443 -0.074292 -0.081977
v 0.021419 -0.078394 -0.069094
v 0.023244 -0.077490 -0.068516
v 0.017094 -0.077657 -0.068622
v 0.023524 -0.084420 -0.057188
v 0.016294 -0.084082 -0.056549
v 0.021296 -0.088375 -0.054681
v 0.021301 -0.084197 -0.061084
v 0.018142 -0.083946 -0.060959
v 0.018155 -0.088135 -0.054547
v 0.023110 -0.087487 -0.054062
v 0.023119 -0.083223 -0.060587
v 0.022404 -0.083839 -0.060890
v 0.022397 -0.088048 -0.054440
v 0.016549 -0.082759 -0.060254
v 0.016549 -0.087005 -0.053744
v 0.017136 -0.087648 -0.054212
v 0.017131 -0.083435 -0.060664
v 0.020819 -0.057296 -0.079277
v 0.019704 -0.084294 -0.061103
v 0.019703 -0.088412 -0.054792
v 0.024027 -0.068962 -0.077094
v 0.024381 -0.067613 -0.074737
v 0.024315 -0.065527 -0.074394
v 0.024399 -0.093288 -0.033184
v 0.024074 -0.096031 -0.034979
v 0.016194 -0.094019 -0.033674
v 0.016168 -0.071469 -0.072146
v 0.016238 -0.067015 -0.074349
v 0.016346 -0.070714 -0.078232
v 0.024010 -0.072043 -0.072523
v 0.024261 -0.070065 -0.072954
v 0.024403 -0.069189 -0.070453
v 0.016851 -0.067333 -0.069325
v 0.016339 -0.067923 -0.071611
v 0.016168 -0.069471 -0.072569
v 0.023369 -0.071221 -0.078584
v 0.024357 -0.066874 -0.076422
v 0.016188 -0.070163 -0.070569
v 0.016208 -0.066502 -0.075706
v 0.016640 -0.064964 -0.074027
v 0.016183 -0.068309 -0.077495
v 0.024329 -0.070201 -0.071805
v 0.016394 -0.068236 -0.070597
v 0.024309 -0.080603 -0.056074
v 0.024207 -0.067840 -0.069726
v 0.023972 -0.082781 -0.056252
v 0.024409 -0.079663 -0.054519
v 0.016378 -0.078853 -0.054413
v 0.016180 -0.082214 -0.055873
v 0.016182 -0.080638 -0.054887
v 0.036311 -0.076087 -0.072612
v 0.036314 -0.094230 -0.044734
v 0.031132 -0.073085 -0.072211
v 0.038585 -0.073681 -0.072477
v 0.035695 -0.074587 -0.079575
v 0.031438 -0.072408 -0.078565
v 0.036291 -0.075504 -0.073688
v 0.037623 -0.072689 -0.079974
v 0.035572 -0.074375 -0.080713
v 0.032454 -0.058531 -0.080143
v 0.033011 -0.075263 -0.073531
v 0.033219 -0.074202 -0.080601
v 0.038606 -0.097340 -0.035878
v 0.033008 -0.075845 -0.072455
v 0.033174 -0.074402 -0.079455
v 0.033008 -0.078124 -0.068970
v 0.033000 -0.093993 -0.044567
v 0.036125 -0.074927 -0.075954
v 0.036230 -0.075120 -0.074803
v 0.035496 -0.073976 -0.081819
v 0.033016 -0.074827 -0.074848
v 0.033247 -0.073811 -0.081712
v 0.037539 -0.089549 -0.030808
v 0.037420 -0.078028 -0.068915
v 0.031397 -0.076968 -0.068229
v 0.034639 -0.076160 -0.072660
v 0.034405 -0.074764 -0.079725
v 0.035706 -0.088977 -0.030484
v 0.034638 -0.078443 -0.069171
v 0.038026 -0.074169 -0.074385
v 0.037314 -0.074712 -0.074826
v 0.036710 -0.074213 -0.079287
v 0.037294 -0.073617 -0.079420
v 0.031403 -0.074236 -0.072511
v 0.031998 -0.074906 -0.072927
v 0.031743 -0.073209 -0.079094
v 0.032256 -0.073886 -0.079075
v 0.035708 -0.057269 -0.079310
v 0.034565 -0.075011 -0.075976
v 0.037397 -0.075302 -0.073183
v 0.038121 -0.074729 -0.072831
v 0.036556 -0.073969 -0.080430
v 0.033792 -0.089273 -0.030629
v 0.032016 -0.074344 -0.074512
v 0.031434 -0.073689 -0.074072
v 0.032336 -0.073660 -0.080229
v 0.034631 -0.075578 -0.073732
v 0.034606 -0.075197 -0.074839
v 0.034361 -0.074616 -0.080885
v 0.034333 -0.074264 -0.082010
v 0.036308 -0.078367 -0.069127
v 0.038133 -0.077462 -0.068550
v 0.031983 -0.077630 -0.068656
v 0.038414 -0.084394 -0.057220
v 0.031183 -0.084054 -0.056583
v 0.036185 -0.088347 -0.054714
v 0.036190 -0.084170 -0.061117
v 0.033031 -0.083919 -0.060992
v 0.033044 -0.088108 -0.054581
v 0.037999 -0.087460 -0.054095
v 0.038008 -0.083195 -0.060620
v 0.037293 -0.083811 -0.060923
v 0.037287 -0.088021 -0.054474
v 0.031438 -0.082731 -0.060288
v 0.031438 -0.086978 -0.053778
v 0.032025 -0.087621 -0.054245
v 0.032021 -0.083407 -0.060697
v 0.034593 -0.084266 -0.061137
v 0.034592 -0.088384 -0.054825
v 0.038916 -0.068934 -0.077130
v 0.039271 -0.067585 -0.074770
v 0.039204 -0.065493 -0.074440
v 0.039288 -0.093261 -0.033217
v 0.038963 -0.096003 -0.035013
v 0.031083 -0.093992 -0.033707
v 0.031057 -0.071440 -0.072183
v 0.031127 -0.066988 -0.074382
v 0.031235 -0.070656 -0.078307
v 0.038900 -0.072015 -0.072556
v 0.039150 -0.070037 -0.072988
v 0.039292 -0.069162 -0.070485
v 0.031740 -0.067306 -0.069357
v 0.031228 -0.067896 -0.071645
v 0.031058 -0.069444 -0.072602
v 0.038259 -0.071202 -0.078601
v 0.039246 -0.066847 -0.076456
v 0.031077 -0.070136 -0.070602
v 0.031098 -0.066474 -0.075740
v 0.031530 -0.064947 -0.074043
v 0.031072 -0.068299 -0.077481
v 0.039218 -0.070174 -0.071836
v 0.031283 -0.068210 -0.070629
v 0.039198 -0.080576 -0.056108
v 0.039096 -0.067813 -0.069758
v 0.038861 -0.082755 -0.056282
v 0.039298 -0.079632 -0.054557
v 0.031268 -0.078825 -0.054447
v 0.031069 -0.082186 -0.055908
v 0.031072 -0.080612 -0.054918
v -0.037390 -0.099345 -0.035496
v -0.036101 -0.098585 -0.036345
v -0.036521 -0.091039 -0.031441
v -0.037105 -0.090341 -0.030986
v -0.041237 -0.091101 -0.030126
v -0.042205 -0.090424 -0.031021
v -0.042759 -0.091141 -0.031484
v -0.043254 -0.097752 -0.035762
v -0.042866 -0.098695 -0.036392
v -0.042201 -0.099299 -0.036787
v -0.041566 -0.099413 -0.035524
v -0.039458 -0.099864 -0.037164
v -0.036740 -0.099211 -0.036749
v -0.037614 -0.091329 -0.030287
v -0.038134 -0.091017 -0.030084
v -0.037805 -0.099642 -0.037026
v -0.040697 -0.089796 -0.030616
v -0.041673 -0.091395 -0.030315
v -0.041120 -0.099697 -0.037048
v -0.039653 -0.090928 -0.030020
v -0.039470 -0.099712 -0.035727
v -0.036881 -0.098857 -0.035181
v -0.036651 -0.094543 -0.032380
v -0.036974 -0.092962 -0.031351
v -0.042357 -0.093458 -0.031654
v -0.042466 -0.096035 -0.033327
v -0.035476 -0.094854 -0.033928
v -0.035945 -0.092255 -0.032228
v -0.043286 -0.092375 -0.032284
v -0.043604 -0.093651 -0.033127
v -0.043500 -0.096397 -0.034899
v -0.042974 -0.092819 -0.031637
v -0.043252 -0.094054 -0.032439
v -0.042504 -0.091606 -0.030851
v -0.043293 -0.095365 -0.033290
v -0.043158 -0.096792 -0.034217
v -0.042923 -0.098206 -0.035137
v -0.035805 -0.095683 -0.033541
v -0.036077 -0.098095 -0.035090
v -0.035921 -0.093935 -0.032388
v -0.036250 -0.092709 -0.031591
v -0.036769 -0.091513 -0.030812
v -0.041154 -0.099889 -0.036237
v -0.039460 -0.100068 -0.036360
v -0.039664 -0.090234 -0.029971
v -0.041377 -0.090573 -0.030154
v -0.037776 -0.099834 -0.036214
v -0.038560 -0.090367 -0.030061
v -0.042057 -0.099554 -0.036018
v -0.042626 -0.099027 -0.035674
v -0.042047 -0.090943 -0.030424
v -0.037837 -0.090528 -0.030170
v -0.037254 -0.090865 -0.030391
v -0.036340 -0.098925 -0.035631
v -0.036887 -0.099470 -0.035983
v -0.022259 -0.099061 -0.035447
v -0.020956 -0.098417 -0.036367
v -0.020434 -0.090874 -0.031468
v -0.020927 -0.090127 -0.030983
v -0.026009 -0.089754 -0.030741
v -0.026649 -0.090418 -0.031172
v -0.027964 -0.096949 -0.035399
v -0.027697 -0.097923 -0.036046
v -0.027111 -0.098583 -0.036474
v -0.026421 -0.098755 -0.035248
v -0.024454 -0.099389 -0.036998
v -0.021670 -0.098982 -0.036734
v -0.021484 -0.091067 -0.030255
v -0.021963 -0.090711 -0.030025
v -0.022782 -0.099316 -0.036951
v -0.024431 -0.089265 -0.030421
v -0.025528 -0.090771 -0.030063
v -0.026085 -0.099074 -0.036794
v -0.023461 -0.090486 -0.029879
v -0.024374 -0.099240 -0.035564
v -0.021694 -0.098621 -0.035161
v -0.020927 -0.094350 -0.032389
v -0.021051 -0.092749 -0.031348
v -0.026465 -0.092762 -0.031357
v -0.026895 -0.095315 -0.033015
v -0.019870 -0.094762 -0.033997
v -0.020012 -0.092135 -0.032281
v -0.027327 -0.091599 -0.031939
v -0.027803 -0.092839 -0.032760
v -0.028041 -0.095580 -0.034527
v -0.027021 -0.092070 -0.031308
v -0.027451 -0.093274 -0.032090
v -0.026403 -0.090906 -0.030552
v -0.027655 -0.094574 -0.032935
v -0.027699 -0.096005 -0.033864
v -0.027641 -0.097433 -0.034791
v -0.020250 -0.095559 -0.033591
v -0.020821 -0.097934 -0.035116
v -0.020147 -0.093810 -0.032438
v -0.020321 -0.092561 -0.031628
v -0.020689 -0.091325 -0.030825
v -0.026092 -0.099264 -0.035981
v -0.024430 -0.099594 -0.036195
v -0.023408 -0.089795 -0.029831
v -0.025151 -0.089979 -0.029920
v -0.022726 -0.099511 -0.036141
v -0.022326 -0.090025 -0.029981
v -0.026948 -0.098851 -0.035715
v -0.027449 -0.098276 -0.035341
v -0.025866 -0.090287 -0.030153
v -0.021628 -0.090250 -0.030129
v -0.021090 -0.090638 -0.030380
v -0.021185 -0.098736 -0.035640
v -0.021797 -0.099229 -0.035960
v -0.007413 -0.099031 -0.035479
v -0.006110 -0.098387 -0.036398
v -0.005588 -0.090844 -0.031500
v -0.006081 -0.090097 -0.031015
v -0.010212 -0.090487 -0.029931
v -0.011163 -0.089724 -0.030773
v -0.011803 -0.090388 -0.031204
v -0.013118 -0.096919 -0.035430
v -0.012851 -0.097893 -0.036077
v -0.012264 -0.098553 -0.036506
v -0.011574 -0.098725 -0.035280
v -0.009607 -0.099359 -0.037030
v -0.006824 -0.098952 -0.036765
v -0.006638 -0.091037 -0.030287
v -0.007116 -0.090681 -0.030056
v -0.007936 -0.099287 -0.036983
v -0.009585 -0.089235 -0.030453
v -0.010682 -0.090741 -0.030094
v -0.011239 -0.099044 -0.036825
v -0.008615 -0.090456 -0.029911
v -0.009528 -0.099210 -0.035595
v -0.006847 -0.098591 -0.035193
v -0.006081 -0.094321 -0.032420
v -0.006205 -0.092719 -0.031380
v -0.011619 -0.092732 -0.031388
v -0.012049 -0.095285 -0.033047
v -0.005024 -0.094732 -0.034029
v -0.005166 -0.092105 -0.032313
v -0.012481 -0.091569 -0.031970
v -0.012957 -0.092809 -0.032791
v -0.013195 -0.095550 -0.034559
v -0.012175 -0.092040 -0.031340
v -0.012605 -0.093244 -0.032122
v -0.011557 -0.090876 -0.030584
v -0.012809 -0.094544 -0.032966
v -0.012853 -0.095975 -0.033895
v -0.012795 -0.097403 -0.034823
v -0.005404 -0.095529 -0.033623
v -0.005975 -0.097904 -0.035148
v -0.005301 -0.093780 -0.032470
v -0.005475 -0.092531 -0.031659
v -0.005843 -0.091295 -0.030856
v -0.011246 -0.099234 -0.036012
v -0.009584 -0.099564 -0.036226
v -0.008562 -0.089765 -0.029863
v -0.010305 -0.089949 -0.029952
v -0.007880 -0.099481 -0.036173
v -0.007480 -0.089995 -0.030012
v -0.012102 -0.098821 -0.035746
v -0.012603 -0.098246 -0.035373
v -0.011020 -0.090257 -0.030184
v -0.006782 -0.090220 -0.030160
v -0.006244 -0.090608 -0.030412
v -0.006339 -0.098706 -0.035671
v -0.006951 -0.099199 -0.035992
v 0.007433 -0.099001 -0.035510
v 0.008736 -0.098357 -0.036430
v 0.009259 -0.090814 -0.031531
v 0.008765 -0.090067 -0.031046
v 0.003684 -0.089694 -0.030804
v 0.003043 -0.090358 -0.031235
v 0.001728 -0.096889 -0.035462
v 0.001996 -0.097863 -0.036109
v 0.002582 -0.098523 -0.036538
v 0.003272 -0.098696 -0.035312
v 0.005239 -0.099329 -0.037061
v 0.008022 -0.098922 -0.036797
v 0.008208 -0.091008 -0.030318
v 0.007730 -0.090651 -0.030088
v 0.006911 -0.099257 -0.037014
v 0.005261 -0.089205 -0.030484
v 0.004164 -0.090711 -0.030126
v 0.002839 -0.098227 -0.035008
v 0.003608 -0.099014 -0.036857
v 0.006231 -0.090426 -0.029942
v 0.005318 -0.099180 -0.035627
v 0.007999 -0.098561 -0.035225
v 0.008765 -0.094291 -0.032452
v 0.008641 -0.092689 -0.031411
v 0.003228 -0.092702 -0.031420
v 0.002798 -0.095256 -0.033078
v 0.009822 -0.094702 -0.034060
v 0.009680 -0.092075 -0.032344
v 0.002366 -0.091539 -0.032002
v 0.001889 -0.092779 -0.032823
v 0.001652 -0.095520 -0.034590
v 0.002672 -0.092010 -0.031371
v 0.002241 -0.093214 -0.032153
v 0.003290 -0.090846 -0.030615
v 0.002037 -0.094514 -0.032998
v 0.001993 -0.095945 -0.033927
v 0.002051 -0.097373 -0.034855
v 0.009442 -0.095499 -0.033654
v 0.008872 -0.097874 -0.035179
v 0.009546 -0.093750 -0.032501
v 0.009371 -0.092501 -0.031691
v 0.009004 -0.091265 -0.030888
v 0.003601 -0.099204 -0.036044
v 0.005262 -0.099534 -0.036258
v 0.006284 -0.089735 -0.029894
v 0.004541 -0.089919 -0.029983
v 0.006966 -0.099451 -0.036204
v 0.007366 -0.089965 -0.030044
v 0.002744 -0.098791 -0.035778
v 0.002244 -0.098216 -0.035404
v 0.003827 -0.090227 -0.030216
v 0.008064 -0.090190 -0.030192
v 0.008603 -0.090578 -0.030443
v 0.008507 -0.098676 -0.035703
v 0.007895 -0.099169 -0.036023
v 0.021944 -0.098945 -0.035525
v 0.023247 -0.098302 -0.036445
v 0.023770 -0.090758 -0.031546
v 0.023277 -0.090012 -0.031062
v 0.018195 -0.089639 -0.030819
v 0.017554 -0.090302 -0.031250
v 0.016239 -0.096834 -0.035477
v 0.016507 -0.097807 -0.036124
v 0.017093 -0.098467 -0.036553
v 0.017783 -0.098640 -0.035327
v 0.019750 -0.099274 -0.037076
v 0.022534 -0.098866 -0.036812
v 0.022719 -0.090952 -0.030334
v 0.022241 -0.090595 -0.030103
v 0.021422 -0.099201 -0.037029
v 0.019771 -0.089150 -0.030499
v 0.019146 -0.090402 -0.029977
v 0.018675 -0.090655 -0.030141
v 0.018119 -0.098959 -0.036872
v 0.020742 -0.090371 -0.029957
v 0.019829 -0.099124 -0.035642
v 0.022510 -0.098505 -0.035239
v 0.023276 -0.094235 -0.032467
v 0.023152 -0.092634 -0.031427
v 0.017739 -0.092646 -0.031435
v 0.017309 -0.095200 -0.033094
v 0.024333 -0.094646 -0.034075
v 0.024191 -0.092020 -0.032359
v 0.016877 -0.091483 -0.032017
v 0.016400 -0.092724 -0.032838
v 0.016163 -0.095464 -0.034605
v 0.017183 -0.091954 -0.031387
v 0.016752 -0.093158 -0.032169
v 0.017801 -0.090790 -0.030631
v 0.016548 -0.094459 -0.033013
v 0.016504 -0.095889 -0.033942
v 0.016562 -0.097318 -0.034870
v 0.023953 -0.095444 -0.033669
v 0.023383 -0.097818 -0.035195
v 0.024057 -0.093694 -0.032517
v 0.023882 -0.092446 -0.031706
v 0.023515 -0.091209 -0.030903
v 0.018112 -0.099149 -0.036059
v 0.019773 -0.099479 -0.036273
v 0.020795 -0.089679 -0.029909
v 0.019052 -0.089863 -0.029998
v 0.021478 -0.099396 -0.036219
v 0.021878 -0.089910 -0.030059
v 0.017255 -0.098735 -0.035793
v 0.016755 -0.098161 -0.035419
v 0.018338 -0.090172 -0.030231
v 0.022576 -0.090134 -0.030207
v 0.023114 -0.090522 -0.030458
v 0.023018 -0.098620 -0.035718
v 0.022406 -0.099113 -0.036038
v 0.038137 -0.098274 -0.036478
v 0.038659 -0.090731 -0.031580
v 0.038166 -0.089985 -0.031095
v 0.033084 -0.089612 -0.030853
v 0.032443 -0.090275 -0.031284
v 0.031129 -0.096806 -0.035510
v 0.031396 -0.097780 -0.036157
v 0.031982 -0.098440 -0.036586
v 0.032672 -0.098613 -0.035360
v 0.034639 -0.099247 -0.037110
v 0.037423 -0.098839 -0.036845
v 0.037609 -0.090925 -0.030367
v 0.037130 -0.090568 -0.030136
v 0.036311 -0.099174 -0.037062
v 0.034661 -0.089122 -0.030533
v 0.034035 -0.090374 -0.030010
v 0.033565 -0.090628 -0.030174
v 0.032239 -0.098144 -0.035056
v 0.033008 -0.098931 -0.036905
v 0.035632 -0.090344 -0.029990
v 0.034718 -0.099097 -0.035675
v 0.037399 -0.098478 -0.035273
v 0.038166 -0.094208 -0.032500
v 0.038041 -0.092606 -0.031460
v 0.032628 -0.092619 -0.031468
v 0.032200 -0.095138 -0.033104
v 0.039222 -0.094619 -0.034109
v 0.039081 -0.091992 -0.032393
v 0.031766 -0.091456 -0.032050
v 0.031290 -0.092696 -0.032871
v 0.031052 -0.095437 -0.034639
v 0.032072 -0.091927 -0.031420
v 0.031642 -0.093131 -0.032202
v 0.032690 -0.090763 -0.030664
v 0.031438 -0.094431 -0.033046
v 0.031394 -0.095862 -0.033975
v 0.031452 -0.097290 -0.034903
v 0.038843 -0.095416 -0.033702
v 0.038272 -0.097791 -0.035228
v 0.038946 -0.093667 -0.032550
v 0.038771 -0.092419 -0.031739
v 0.038404 -0.091182 -0.030936
v 0.033001 -0.099122 -0.036092
v 0.034662 -0.099451 -0.036306
v 0.035685 -0.089652 -0.029943
v 0.033941 -0.089836 -0.030032
v 0.036367 -0.099368 -0.036253
v 0.036767 -0.089883 -0.030092
v 0.032145 -0.098708 -0.035826
v 0.031644 -0.098133 -0.035453
v 0.033227 -0.090144 -0.030264
v 0.037465 -0.090107 -0.030240
v 0.038003 -0.090495 -0.030492
v 0.037908 -0.098593 -0.035751
v 0.037296 -0.099086 -0.036072
v -0.037964 -0.058226 -0.079589
v -0.037286 -0.058605 -0.079839
v -0.036712 -0.059287 -0.080296
v -0.036605 -0.068886 -0.086518
v -0.037001 -0.069660 -0.087019
v -0.037575 -0.070237 -0.087392
v -0.038474 -0.070762 -0.087730
v -0.040684 -0.070241 -0.087961
v -0.041615 -0.070303 -0.087420
v -0.042213 -0.069745 -0.087055
v -0.042640 -0.068985 -0.086560
v -0.042387 -0.058688 -0.079874
v -0.040883 -0.058062 -0.079470
v -0.039576 -0.071169 -0.087990
v -0.038158 -0.058145 -0.080112
v -0.037528 -0.058498 -0.080344
v -0.037064 -0.059106 -0.080741
v -0.036971 -0.068588 -0.086901
v -0.037498 -0.069542 -0.087518
v -0.038500 -0.070206 -0.087946
v -0.038815 -0.058028 -0.079456
v -0.040695 -0.070798 -0.087745
v -0.041713 -0.069610 -0.087547
v -0.042279 -0.068675 -0.086937
v -0.042579 -0.059196 -0.080779
v -0.042141 -0.058573 -0.080376
v -0.041526 -0.058200 -0.080136
v -0.039585 -0.070556 -0.088169
v -0.039848 -0.057909 -0.079953
v -0.036392 -0.060886 -0.081900
v -0.036165 -0.062763 -0.083119
v -0.036447 -0.066144 -0.085315
v -0.042885 -0.066329 -0.085411
v -0.043326 -0.062879 -0.083169
v -0.043177 -0.060997 -0.081946
v -0.035918 -0.061120 -0.081476
v -0.035817 -0.065114 -0.084067
v -0.036154 -0.067124 -0.085375
v -0.043164 -0.067238 -0.085423
v -0.043581 -0.065264 -0.084139
v -0.043831 -0.063145 -0.082759
v -0.043649 -0.061246 -0.081529
v -0.040673 -0.073838 -0.083055
v -0.038452 -0.073834 -0.082974
v -0.035658 -0.063015 -0.082701
v -0.043057 -0.067081 -0.085652
v -0.043461 -0.065109 -0.084370
v -0.042549 -0.068822 -0.086785
v -0.043531 -0.061098 -0.081764
v -0.043704 -0.062992 -0.082994
v -0.042851 -0.059267 -0.080577
v -0.036038 -0.060976 -0.081713
v -0.035786 -0.062863 -0.082939
v -0.036794 -0.059168 -0.080536
v -0.036264 -0.066970 -0.085605
v -0.035941 -0.064987 -0.084318
v -0.036698 -0.068727 -0.086745
v -0.039852 -0.057776 -0.079620
v -0.039579 -0.070929 -0.088165
v -0.040693 -0.070573 -0.087930
v -0.038088 -0.058086 -0.079861
v -0.038480 -0.070537 -0.087914
v -0.041602 -0.058144 -0.079885
v -0.042326 -0.058574 -0.080129
v -0.042142 -0.069561 -0.087267
v -0.041574 -0.070096 -0.087616
v -0.037620 -0.070031 -0.087589
v -0.037074 -0.069478 -0.087232
v -0.037346 -0.058493 -0.080095
v -0.021566 -0.057916 -0.079612
v -0.020927 -0.058398 -0.079842
v -0.020442 -0.059128 -0.080327
v -0.021531 -0.068685 -0.086519
v -0.022021 -0.069419 -0.086996
v -0.022664 -0.069942 -0.087336
v -0.023623 -0.070384 -0.087623
v -0.025787 -0.069667 -0.087735
v -0.026689 -0.069647 -0.087144
v -0.027214 -0.069038 -0.086749
v -0.027544 -0.068244 -0.086233
v -0.026009 -0.058026 -0.079600
v -0.025292 -0.057643 -0.079437
v -0.024770 -0.070690 -0.087822
v -0.021186 -0.058269 -0.080333
v -0.020800 -0.058915 -0.080752
v -0.021889 -0.068355 -0.086882
v -0.022532 -0.069256 -0.087468
v -0.023611 -0.069827 -0.087839
v -0.025836 -0.070221 -0.087517
v -0.027177 -0.067967 -0.086630
v -0.026295 -0.058512 -0.080490
v -0.025782 -0.057931 -0.080114
v -0.025124 -0.057615 -0.079908
v -0.024733 -0.070078 -0.088002
v -0.023419 -0.057476 -0.079818
v -0.020354 -0.060746 -0.081941
v -0.020362 -0.062632 -0.083166
v -0.021063 -0.065970 -0.085334
v -0.021769 -0.057861 -0.080068
v -0.027488 -0.065580 -0.085080
v -0.027497 -0.062109 -0.082826
v -0.027114 -0.060250 -0.081619
v -0.026731 -0.068948 -0.087268
v -0.019880 -0.061022 -0.081543
v -0.020277 -0.065003 -0.084125
v -0.020863 -0.066972 -0.085407
v -0.027847 -0.066459 -0.085074
v -0.028016 -0.064459 -0.083775
v -0.028000 -0.062329 -0.082389
v -0.027583 -0.060457 -0.081176
v -0.025837 -0.073277 -0.082791
v -0.023620 -0.073417 -0.082935
v -0.019857 -0.062930 -0.082775
v -0.023384 -0.057411 -0.079198
v -0.027739 -0.066312 -0.085309
v -0.027895 -0.064315 -0.084013
v -0.027452 -0.068090 -0.086464
v -0.027465 -0.060320 -0.081418
v -0.027873 -0.062188 -0.082631
v -0.026560 -0.058559 -0.080274
v -0.020000 -0.060867 -0.081774
v -0.019984 -0.062767 -0.083007
v -0.020526 -0.059002 -0.080562
v -0.020971 -0.066809 -0.085632
v -0.020403 -0.064865 -0.084370
v -0.021621 -0.068517 -0.086741
v -0.023393 -0.057344 -0.079486
v -0.024760 -0.070450 -0.087997
v -0.025824 -0.069997 -0.087702
v -0.021679 -0.057810 -0.079821
v -0.023619 -0.070159 -0.087807
v -0.025181 -0.057553 -0.079654
v -0.025953 -0.057916 -0.079857
v -0.027139 -0.068860 -0.086964
v -0.026641 -0.069443 -0.087343
v -0.022700 -0.069732 -0.087531
v -0.022089 -0.069231 -0.087205
v -0.020991 -0.058280 -0.080094
v -0.006708 -0.057931 -0.079588
v -0.006081 -0.058368 -0.079873
v -0.005595 -0.059098 -0.080358
v -0.006685 -0.068655 -0.086551
v -0.007175 -0.069389 -0.087028
v -0.007818 -0.069912 -0.087367
v -0.008776 -0.070354 -0.087654
v -0.010941 -0.069637 -0.087766
v -0.011842 -0.069617 -0.087176
v -0.012367 -0.069008 -0.086780
v -0.012698 -0.068214 -0.086264
v -0.011163 -0.057996 -0.079631
v -0.010445 -0.057613 -0.079468
v -0.009923 -0.070660 -0.087853
v -0.006922 -0.057831 -0.080100
v -0.006339 -0.058239 -0.080364
v -0.005954 -0.058885 -0.080784
v -0.007043 -0.068325 -0.086914
v -0.007685 -0.069226 -0.087499
v -0.008764 -0.069797 -0.087870
v -0.007529 -0.057658 -0.079409
v -0.010989 -0.070191 -0.087549
v -0.012331 -0.067937 -0.086662
v -0.011449 -0.058482 -0.080522
v -0.010936 -0.057901 -0.080145
v -0.010277 -0.057585 -0.079940
v -0.009887 -0.070048 -0.088033
v -0.008572 -0.057446 -0.079849
v -0.005507 -0.060716 -0.081973
v -0.005516 -0.062602 -0.083198
v -0.006217 -0.065940 -0.085365
v -0.012642 -0.065550 -0.085112
v -0.012650 -0.062079 -0.082858
v -0.012268 -0.060220 -0.081651
v -0.011885 -0.068918 -0.087299
v -0.005034 -0.060992 -0.081574
v -0.005430 -0.064973 -0.084157
v -0.006016 -0.066942 -0.085439
v -0.013001 -0.066430 -0.085106
v -0.013170 -0.064429 -0.083807
v -0.013154 -0.062299 -0.082421
v -0.012737 -0.060427 -0.081207
v -0.010985 -0.073260 -0.082807
v -0.008771 -0.073426 -0.082898
v -0.005011 -0.062900 -0.082807
v -0.008538 -0.057381 -0.079230
v -0.012892 -0.066282 -0.085341
v -0.013049 -0.064285 -0.084044
v -0.012605 -0.068060 -0.086495
v -0.012618 -0.060290 -0.081449
v -0.013027 -0.062158 -0.082663
v -0.011714 -0.058529 -0.080306
v -0.005153 -0.060837 -0.081805
v -0.005138 -0.062737 -0.083039
v -0.005679 -0.058972 -0.080594
v -0.006124 -0.066779 -0.085663
v -0.005557 -0.064835 -0.084401
v -0.006775 -0.068487 -0.086773
v -0.008547 -0.057314 -0.079517
v -0.009914 -0.070420 -0.088028
v -0.010978 -0.069967 -0.087734
v -0.006833 -0.057780 -0.079853
v -0.008773 -0.070129 -0.087839
v -0.010335 -0.057523 -0.079686
v -0.011107 -0.057886 -0.079889
v -0.012293 -0.068830 -0.086996
v -0.011794 -0.069413 -0.087375
v -0.007854 -0.069703 -0.087562
v -0.007243 -0.069201 -0.087237
v -0.006145 -0.058250 -0.080125
v 0.008126 -0.057856 -0.079674
v 0.008765 -0.058338 -0.079905
v 0.009251 -0.059068 -0.080390
v 0.008161 -0.068625 -0.086582
v 0.007672 -0.069359 -0.087059
v 0.006070 -0.070324 -0.087686
v 0.003905 -0.069607 -0.087798
v 0.003004 -0.069587 -0.087207
v 0.002479 -0.068978 -0.086812
v 0.002149 -0.068184 -0.086296
v 0.003683 -0.057966 -0.079663
v 0.004401 -0.057583 -0.079500
v 0.004923 -0.070630 -0.087885
v 0.008507 -0.058209 -0.080396
v 0.008892 -0.058855 -0.080815
v 0.007803 -0.068295 -0.086945
v 0.007161 -0.069196 -0.087531
v 0.006082 -0.069767 -0.087902
v 0.003857 -0.070161 -0.087580
v 0.002515 -0.067907 -0.086693
v 0.003397 -0.058452 -0.080554
v 0.003911 -0.057872 -0.080177
v 0.004959 -0.070019 -0.088065
v 0.006274 -0.057416 -0.079881
v 0.009339 -0.060686 -0.082004
v 0.009331 -0.062573 -0.083229
v 0.008629 -0.065910 -0.085397
v 0.007924 -0.057801 -0.080131
v 0.002205 -0.065520 -0.085143
v 0.002196 -0.062049 -0.082889
v 0.002578 -0.060190 -0.081682
v 0.002961 -0.068888 -0.087331
v 0.004569 -0.057555 -0.079971
v 0.009812 -0.060962 -0.081606
v 0.009416 -0.064943 -0.084188
v 0.008830 -0.066912 -0.085470
v 0.001845 -0.066400 -0.085137
v 0.001677 -0.064399 -0.083838
v 0.001693 -0.062269 -0.082452
v 0.002110 -0.060397 -0.081239
v 0.003868 -0.073212 -0.082877
v 0.006076 -0.073396 -0.082929
v 0.009836 -0.062870 -0.082838
v 0.001954 -0.066252 -0.085372
v 0.001797 -0.064255 -0.084076
v 0.002241 -0.068030 -0.086527
v 0.002228 -0.060260 -0.081481
v 0.001820 -0.062128 -0.082694
v 0.003132 -0.058499 -0.080338
v 0.009693 -0.060807 -0.081837
v 0.009708 -0.062707 -0.083070
v 0.009167 -0.058942 -0.080625
v 0.008722 -0.066749 -0.085695
v 0.009290 -0.064805 -0.084433
v 0.008071 -0.068457 -0.086804
v 0.006299 -0.057284 -0.079549
v 0.004932 -0.070391 -0.088060
v 0.003869 -0.069937 -0.087765
v 0.008013 -0.057750 -0.079884
v 0.006074 -0.070099 -0.087870
v 0.004512 -0.057493 -0.079717
v 0.003740 -0.057856 -0.079920
v 0.002554 -0.068800 -0.087028
v 0.003052 -0.069383 -0.087406
v 0.007001 -0.069732 -0.087571
v 0.007604 -0.069171 -0.087268
v 0.008702 -0.058220 -0.080157
v 0.022637 -0.057800 -0.079689
v 0.023277 -0.058283 -0.079920
v 0.023762 -0.059013 -0.080405
v 0.022673 -0.068569 -0.086598
v 0.022183 -0.069304 -0.087075
v 0.021540 -0.069827 -0.087414
v 0.020581 -0.070268 -0.087701
v 0.018417 -0.069552 -0.087813
v 0.017515 -0.069531 -0.087222
v 0.016990 -0.068923 -0.086827
v 0.016660 -0.068128 -0.086311
v 0.018195 -0.057910 -0.079678
v 0.018920 -0.057527 -0.079510
v 0.019434 -0.070575 -0.087900
v 0.022435 -0.057746 -0.080146
v 0.023018 -0.058153 -0.080411
v 0.023403 -0.058800 -0.080830
v 0.022314 -0.068239 -0.086960
v 0.021672 -0.069140 -0.087546
v 0.020593 -0.069712 -0.087917
v 0.018368 -0.070106 -0.087595
v 0.017026 -0.067851 -0.086709
v 0.017908 -0.058396 -0.080569
v 0.018422 -0.057816 -0.080192
v 0.019080 -0.057500 -0.079987
v 0.019470 -0.069963 -0.088080
v 0.020785 -0.057361 -0.079896
v 0.023850 -0.060630 -0.082019
v 0.023842 -0.062517 -0.083245
v 0.023140 -0.065855 -0.085412
v 0.016716 -0.065464 -0.085158
v 0.016707 -0.061993 -0.082905
v 0.017089 -0.060134 -0.081697
v 0.017472 -0.068832 -0.087346
v 0.024323 -0.060906 -0.081621
v 0.023927 -0.064888 -0.084203
v 0.023341 -0.066857 -0.085485
v 0.016356 -0.066344 -0.085152
v 0.016188 -0.064343 -0.083853
v 0.016204 -0.062214 -0.082467
v 0.016621 -0.060341 -0.081254
v 0.018373 -0.073145 -0.082905
v 0.020593 -0.073325 -0.082966
v 0.024347 -0.062815 -0.082854
v 0.016465 -0.066197 -0.085388
v 0.016309 -0.064200 -0.084091
v 0.016752 -0.067974 -0.086542
v 0.016739 -0.060204 -0.081496
v 0.016331 -0.062072 -0.082709
v 0.017643 -0.058444 -0.080353
v 0.024204 -0.060752 -0.081852
v 0.024219 -0.062651 -0.083085
v 0.023678 -0.058886 -0.080640
v 0.023233 -0.066693 -0.085710
v 0.023801 -0.064749 -0.084448
v 0.022582 -0.068402 -0.086820
v 0.020810 -0.057229 -0.079564
v 0.019443 -0.070335 -0.088075
v 0.018380 -0.069881 -0.087780
v 0.022524 -0.057694 -0.079899
v 0.020585 -0.070043 -0.087885
v 0.019023 -0.057437 -0.079732
v 0.018251 -0.057801 -0.079935
v 0.017065 -0.068745 -0.087043
v 0.017563 -0.069328 -0.087421
v 0.021503 -0.069617 -0.087609
v 0.022115 -0.069115 -0.087283
v 0.023213 -0.058165 -0.080172
v 0.037528 -0.057773 -0.079725
v 0.038166 -0.058256 -0.079953
v 0.038651 -0.058985 -0.080438
v 0.037562 -0.068542 -0.086631
v 0.037072 -0.069277 -0.087108
v 0.035470 -0.070241 -0.087734
v 0.033306 -0.069525 -0.087846
v 0.032404 -0.069504 -0.087256
v 0.031879 -0.068896 -0.086860
v 0.031549 -0.068101 -0.086344
v 0.033084 -0.057883 -0.079711
v 0.033809 -0.057500 -0.079544
v 0.034323 -0.070548 -0.087933
v 0.037324 -0.057719 -0.080180
v 0.037907 -0.058126 -0.080444
v 0.038293 -0.058772 -0.080864
v 0.037203 -0.068212 -0.086994
v 0.036561 -0.069113 -0.087579
v 0.035482 -0.069684 -0.087950
v 0.033257 -0.070078 -0.087629
v 0.032362 -0.068805 -0.087379
v 0.031916 -0.067824 -0.086742
v 0.032798 -0.058369 -0.080602
v 0.033311 -0.057789 -0.080225
v 0.034360 -0.069936 -0.088113
v 0.035674 -0.057333 -0.079929
v 0.038739 -0.060603 -0.082053
v 0.038731 -0.062490 -0.083278
v 0.038030 -0.065827 -0.085445
v 0.031605 -0.065437 -0.085192
v 0.031596 -0.061966 -0.082938
v 0.031979 -0.060107 -0.081730
v 0.033969 -0.057472 -0.080020
v 0.039213 -0.060879 -0.081654
v 0.038816 -0.064860 -0.084237
v 0.038230 -0.066829 -0.085519
v 0.031245 -0.066317 -0.085186
v 0.031077 -0.064316 -0.083887
v 0.031093 -0.062186 -0.082501
v 0.031510 -0.060314 -0.081287
v 0.033262 -0.073148 -0.082886
v 0.035476 -0.073313 -0.082978
v 0.039236 -0.062787 -0.082887
v 0.031354 -0.066169 -0.085421
v 0.031198 -0.064172 -0.084124
v 0.031641 -0.067947 -0.086575
v 0.031628 -0.060177 -0.081529
v 0.031220 -0.062045 -0.082743
v 0.032532 -0.058416 -0.080386
v 0.039093 -0.060725 -0.081885
v 0.039109 -0.062624 -0.083118
v 0.038567 -0.058859 -0.080674
v 0.038122 -0.066666 -0.085743
v 0.038690 -0.064722 -0.084481
v 0.037471 -0.068375 -0.086853
v 0.035700 -0.057202 -0.079597
v 0.034332 -0.070308 -0.088108
v 0.033269 -0.069854 -0.087814
v 0.037414 -0.057667 -0.079933
v 0.035474 -0.070016 -0.087919
v 0.033912 -0.057410 -0.079766
v 0.033140 -0.057773 -0.079969
v 0.031954 -0.068718 -0.087076
v 0.032452 -0.069301 -0.087455
v 0.036402 -0.069649 -0.087619
v 0.037004 -0.069088 -0.087317
v 0.038102 -0.058138 -0.080205
v -0.041669 -0.092634 0.043042
v -0.041776 -0.118476 0.083168
v -0.038063 -0.084683 0.044819
v -0.037529 -0.086715 0.048045
v -0.045429 -0.086514 0.035236
v -0.041566 -0.081234 0.038799
v -0.042527 -0.085798 0.041386
v -0.038494 -0.096094 0.042160
v -0.038459 -0.129572 0.094077
v -0.041240 -0.088514 0.045698
v -0.045101 -0.083370 0.037263
v -0.041261 -0.091862 0.050891
v -0.041349 -0.114377 0.085810
v -0.042927 -0.089640 0.038909
v -0.042404 -0.089277 0.033613
v -0.025922 -0.082877 0.038492
v -0.041078 -0.094020 0.042148
v -0.040079 -0.094910 0.041574
v -0.024638 -0.128246 0.094921
v -0.041097 -0.097359 0.047337
v -0.024753 -0.075853 0.025850
v -0.040533 -0.083789 0.042562
v -0.041683 -0.084533 0.042135
v -0.039223 -0.089847 0.052176
v -0.024151 -0.123573 0.097934
v -0.041799 -0.090548 0.044386
v -0.045771 -0.084881 0.036237
v -0.023664 -0.125934 0.096348
v -0.041820 -0.093899 0.049587
v -0.041907 -0.116398 0.084500
v -0.041368 -0.091802 0.037396
v -0.042351 -0.090949 0.037999
v -0.044731 -0.087810 0.034467
v -0.043766 -0.088662 0.033966
v -0.039204 -0.086504 0.046993
v -0.040371 -0.087235 0.046522
v -0.043031 -0.081601 0.038518
v -0.044153 -0.082256 0.038048
v -0.043049 -0.087717 0.040197
v -0.041689 -0.095978 0.048237
v -0.040098 -0.098247 0.046760
v -0.040391 -0.090579 0.051707
v -0.039535 -0.109341 0.063176
v -0.038592 -0.100476 0.069264
v -0.042462 -0.109911 0.070189
v -0.042437 -0.103764 0.060632
v -0.042026 -0.099802 0.063139
v -0.042055 -0.105968 0.072680
v -0.040858 -0.112192 0.068757
v -0.040827 -0.105960 0.059071
v -0.041835 -0.105117 0.059716
v -0.041862 -0.111299 0.069327
v -0.039978 -0.097787 0.064381
v -0.040004 -0.104022 0.074049
v -0.041179 -0.104721 0.073529
v -0.041151 -0.098529 0.063934
v -0.042574 -0.101782 0.061942
v -0.042599 -0.107853 0.071351
v -0.036295 -0.094224 0.038336
v -0.031331 -0.094838 0.038300
v -0.036224 -0.090701 0.032844
v -0.032834 -0.091147 0.032631
v -0.031211 -0.130424 0.093510
v -0.036090 -0.130018 0.093788
v -0.028021 -0.121039 0.099552
v -0.032501 -0.120202 0.100106
v -0.028119 -0.084245 0.042550
v -0.032619 -0.085078 0.045646
v -0.028940 -0.080497 0.037299
v -0.031777 -0.080991 0.039178
v -0.035201 -0.080868 0.039183
v -0.034445 -0.093271 0.036258
v -0.029027 -0.094468 0.038277
v -0.030571 -0.083582 0.042866
v -0.033394 -0.083180 0.042764
v -0.035422 -0.083886 0.043853
v -0.034006 -0.108909 0.060399
v -0.029116 -0.109174 0.061056
v -0.036678 -0.108447 0.060540
v -0.031497 -0.109453 0.060956
v -0.030465 -0.102296 0.071870
v -0.035656 -0.100186 0.069128
v -0.028156 -0.101057 0.068655
v -0.030202 -0.086949 0.047959
v -0.032946 -0.100336 0.069348
v -0.033422 -0.083544 0.020921
v -0.035960 -0.078974 0.036200
v -0.032253 -0.079013 0.036189
v -0.046892 -0.083017 0.033527
v -0.046099 -0.081653 0.034416
v -0.043459 -0.086835 0.030511
v -0.024637 -0.081408 0.022267
v -0.045100 -0.080579 0.035121
v -0.046394 -0.084486 0.032590
v -0.045633 -0.085700 0.031819
v -0.025413 -0.082191 0.021764
v -0.024151 -0.076735 0.025279
v -0.029839 -0.091015 0.032647
v -0.040489 -0.082313 0.021720
v -0.039004 -0.079219 0.036227
v -0.033615 -0.095248 0.039130
v -0.041436 -0.092495 0.039949
v -0.042024 -0.091130 0.040848
v -0.040740 -0.085808 0.044260
v -0.041603 -0.087083 0.043456
v -0.042151 -0.089088 0.042177
v -0.040440 -0.093376 0.039366
v -0.038941 -0.094095 0.039279
v -0.039576 -0.085073 0.044719
v -0.022311 -0.113920 0.130789
v -0.028018 -0.112854 0.131495
v -0.032588 -0.125357 0.123448
v -0.035781 -0.116141 0.110472
v -0.026374 -0.125874 0.123094
v -0.016762 -0.120155 0.126709
v -0.039287 -0.105435 0.113286
v -0.039997 -0.108009 0.111618
v -0.032760 -0.075279 0.045824
v -0.028441 -0.075846 0.045553
v -0.027050 -0.078747 0.049956
v -0.030493 -0.078553 0.050172
v -0.026412 -0.081579 0.054380
v -0.028168 -0.068117 0.062129
v -0.031456 -0.062755 0.053898
v -0.029155 -0.065699 0.058458
v -0.025559 -0.066211 0.058588
v -0.027095 -0.062912 0.053892
v -0.029048 -0.073329 0.041743
v -0.032424 -0.060342 0.050098
v -0.027701 -0.060392 0.050083
v -0.032831 -0.065778 0.058497
v -0.031476 -0.068139 0.062249
v -0.035101 -0.067614 0.061076
v -0.039311 -0.076682 0.051621
v -0.042365 -0.072682 0.047253
v -0.040630 -0.073466 0.046803
v -0.037669 -0.080640 0.056943
v -0.035651 -0.082147 0.057688
v -0.037693 -0.084891 0.063548
v -0.038178 -0.103815 0.114342
v -0.018002 -0.123100 0.124891
v -0.040787 -0.069034 0.056703
v -0.039712 -0.067423 0.057658
v -0.042858 -0.064522 0.052451
v -0.044066 -0.065941 0.051451
v -0.039149 -0.072493 0.062195
v -0.039175 -0.076758 0.068810
v -0.038067 -0.075124 0.069850
v -0.038042 -0.070864 0.063245
v -0.039830 -0.110655 0.109921
v -0.039074 -0.112423 0.108792
v -0.041452 -0.071479 0.055188
v -0.044919 -0.067866 0.050145
v -0.044483 -0.069946 0.048870
v -0.041296 -0.073928 0.053548
v -0.039860 -0.075084 0.060524
v -0.039695 -0.077740 0.058812
v -0.039721 -0.082000 0.065430
v -0.039886 -0.079352 0.067149
v -0.029436 -0.081072 0.053833
v -0.036219 -0.079603 0.054020
v -0.018989 -0.064439 0.031711
v -0.041974 -0.070355 0.042852
v -0.043556 -0.069942 0.043863
v -0.023592 -0.080072 0.052736
v -0.017382 -0.057491 0.036188
v -0.044065 -0.062387 0.048723
v -0.045337 -0.063754 0.047825
v -0.022436 -0.067058 0.058189
v -0.032850 -0.079768 0.052822
v -0.045713 -0.067362 0.045500
v -0.046347 -0.065492 0.046693
v -0.023562 -0.061071 0.049664
v -0.023290 -0.063657 0.053505
v -0.019638 -0.065313 0.053017
v -0.040563 -0.075595 0.052389
v -0.043595 -0.071596 0.047891
v -0.036900 -0.060590 0.049920
v -0.035769 -0.062913 0.053701
v -0.039564 -0.063220 0.053408
v -0.038966 -0.083759 0.064283
v -0.038942 -0.079506 0.057674
v -0.038063 -0.071759 0.042720
v -0.038248 -0.066475 0.058202
v -0.041429 -0.063689 0.053050
v -0.024627 -0.075681 0.045576
v -0.036579 -0.074191 0.070446
v -0.036554 -0.069933 0.063845
v -0.034421 -0.070201 0.065185
v -0.040308 -0.073224 0.057711
v -0.040147 -0.075825 0.056018
v -0.037028 -0.068110 0.060949
v -0.038511 -0.069047 0.060364
v -0.018001 -0.063442 0.032352
v -0.044744 -0.068909 0.044518
v -0.038129 -0.078685 0.054131
v -0.039398 -0.077564 0.054873
v -0.018149 -0.056366 0.036915
v -0.042683 -0.061552 0.049272
v -0.029934 -0.098458 0.080900
v -0.025424 -0.090043 0.095526
v -0.040705 -0.099747 0.093389
v -0.040149 -0.086871 0.084410
v -0.038662 -0.102651 0.091565
v -0.037541 -0.084305 0.085993
v -0.026739 -0.099162 0.081627
v -0.025090 -0.070510 0.065092
v -0.028585 -0.087548 0.092313
v -0.039940 -0.101515 0.092291
v -0.040673 -0.091917 0.081216
v -0.039906 -0.093641 0.080050
v -0.017383 -0.117148 0.128729
v -0.039035 -0.085250 0.085423
v -0.040187 -0.094724 0.096562
v -0.039070 -0.093135 0.097643
v -0.040879 -0.097126 0.094870
v -0.040847 -0.089392 0.082886
v -0.036767 -0.103219 0.090875
v -0.038622 -0.094715 0.079230
v -0.036737 -0.095414 0.078759
v -0.035522 -0.083980 0.086426
v -0.037574 -0.092243 0.098303
v -0.035572 -0.091815 0.098569
v -0.039611 -0.070671 0.059340
v -0.023706 -0.098817 0.081772
v -0.032036 -0.087352 0.092026
v -0.033337 -0.097860 0.081066
v -0.022483 -0.088462 0.091426
v -0.021770 -0.095994 0.146732
v -0.027774 -0.094872 0.147475
v -0.032583 -0.108026 0.139009
v -0.035942 -0.098330 0.125357
v -0.026045 -0.108570 0.138636
v -0.015933 -0.102553 0.142440
v -0.039630 -0.087067 0.128318
v -0.040378 -0.089775 0.126563
v -0.017391 -0.035444 0.047972
v -0.032763 -0.055341 0.057345
v -0.028220 -0.055938 0.057059
v -0.026757 -0.058990 0.061692
v -0.030378 -0.058785 0.061919
v -0.026085 -0.061964 0.066338
v -0.027932 -0.047810 0.074503
v -0.031392 -0.042165 0.065839
v -0.028971 -0.045263 0.070636
v -0.025187 -0.045802 0.070774
v -0.026803 -0.042330 0.065832
v -0.028858 -0.053290 0.053051
v -0.032410 -0.039627 0.061841
v -0.027441 -0.039679 0.061826
v -0.032838 -0.045346 0.070678
v -0.031413 -0.047833 0.074630
v -0.035227 -0.047276 0.073390
v -0.039655 -0.056817 0.063444
v -0.042869 -0.052609 0.058848
v -0.041043 -0.053433 0.058375
v -0.037928 -0.060981 0.069042
v -0.035805 -0.062567 0.069827
v -0.037953 -0.065453 0.075992
v -0.038463 -0.085362 0.129429
v -0.017237 -0.105651 0.140527
v -0.041208 -0.048771 0.068790
v -0.040078 -0.047076 0.069794
v -0.043387 -0.044025 0.064317
v -0.044658 -0.045517 0.063265
v -0.039485 -0.052410 0.074568
v -0.039512 -0.056897 0.081527
v -0.038347 -0.055178 0.082621
v -0.038320 -0.050696 0.075672
v -0.040202 -0.092559 0.124778
v -0.039406 -0.094418 0.123590
v -0.041908 -0.051343 0.067196
v -0.045555 -0.047543 0.061891
v -0.045097 -0.049730 0.060549
v -0.041744 -0.053920 0.065471
v -0.040233 -0.055136 0.072810
v -0.040059 -0.057931 0.071009
v -0.040086 -0.062412 0.077971
v -0.040261 -0.059626 0.079779
v -0.029266 -0.061431 0.065762
v -0.034179 -0.058225 0.062375
v -0.036403 -0.059890 0.065967
v -0.018275 -0.043937 0.042497
v -0.042457 -0.050161 0.054218
v -0.044121 -0.049727 0.055282
v -0.023118 -0.060387 0.064622
v -0.016585 -0.036627 0.047207
v -0.044656 -0.041778 0.060395
v -0.045995 -0.043217 0.059450
v -0.021902 -0.046691 0.070351
v -0.032678 -0.060902 0.065944
v -0.046390 -0.047012 0.057003
v -0.047058 -0.045045 0.058259
v -0.023087 -0.040393 0.061384
v -0.022800 -0.043115 0.065426
v -0.018958 -0.044858 0.064914
v -0.040973 -0.055674 0.064252
v -0.044162 -0.051467 0.059519
v -0.037119 -0.039888 0.061654
v -0.035929 -0.042332 0.065632
v -0.039921 -0.042655 0.065324
v -0.039292 -0.064263 0.076764
v -0.039267 -0.059788 0.069811
v -0.038342 -0.051638 0.054079
v -0.038537 -0.046079 0.070366
v -0.041884 -0.043148 0.064947
v -0.024207 -0.055762 0.057080
v -0.036782 -0.054196 0.083249
v -0.036755 -0.049717 0.076304
v -0.034511 -0.049999 0.077712
v -0.040705 -0.053179 0.069851
v -0.040535 -0.055916 0.068069
v -0.037254 -0.047799 0.073257
v -0.038814 -0.048784 0.072642
v -0.017237 -0.042888 0.043172
v -0.045371 -0.048640 0.055971
v -0.038412 -0.058925 0.066084
v -0.039747 -0.057746 0.066865
v -0.043203 -0.040900 0.060972
v -0.029790 -0.079735 0.094260
v -0.025046 -0.070879 0.109641
v -0.041122 -0.081083 0.107386
v -0.040537 -0.067536 0.097939
v -0.038972 -0.084139 0.105468
v -0.037793 -0.064836 0.099602
v -0.026429 -0.080458 0.094997
v -0.024694 -0.050317 0.077604
v -0.028371 -0.068266 0.106281
v -0.040317 -0.082943 0.106231
v -0.041089 -0.072845 0.094580
v -0.040281 -0.074659 0.093352
v -0.016586 -0.099390 0.144566
v -0.039365 -0.065831 0.099005
v -0.040577 -0.075798 0.110724
v -0.039402 -0.074127 0.111861
v -0.041305 -0.078325 0.108944
v -0.041271 -0.070189 0.096336
v -0.036979 -0.084734 0.104740
v -0.038931 -0.075788 0.092487
v -0.036947 -0.076525 0.091996
v -0.035670 -0.064496 0.100062
v -0.037827 -0.073191 0.112558
v -0.035722 -0.072737 0.112834
v -0.039971 -0.050494 0.071564
v -0.023238 -0.080096 0.095151
v -0.032002 -0.068038 0.105944
v -0.033370 -0.079083 0.094397
v -0.021951 -0.069208 0.105316
v 0.041669 -0.092634 0.043042
v 0.041776 -0.118476 0.083168
v 0.037490 -0.120260 0.100080
v 0.039016 -0.093843 0.038914
v 0.045429 -0.086514 0.035236
v 0.026728 -0.090622 0.033498
v 0.037482 -0.087134 0.048698
v 0.041566 -0.081234 0.038799
v 0.042527 -0.085798 0.041386
v 0.041240 -0.088513 0.045698
v 0.045101 -0.083370 0.037263
v 0.041261 -0.091862 0.050891
v 0.041349 -0.114377 0.085810
v 0.042926 -0.089640 0.038909
v 0.042403 -0.089277 0.033613
v 0.041078 -0.094020 0.042148
v 0.040079 -0.094910 0.041574
v 0.041097 -0.097359 0.047337
v 0.041121 -0.120878 0.083822
v 0.040121 -0.121846 0.083375
v 0.040533 -0.083789 0.042562
v 0.041683 -0.084533 0.042135
v 0.039223 -0.089847 0.052176
v 0.039246 -0.113430 0.088755
v 0.040414 -0.114050 0.088122
v 0.041799 -0.090548 0.044386
v 0.045771 -0.084881 0.036237
v 0.041820 -0.093899 0.049587
v 0.023664 -0.079126 0.023740
v 0.041907 -0.116398 0.084500
v 0.041368 -0.091802 0.037396
v 0.042351 -0.090949 0.037999
v 0.044731 -0.087810 0.034467
v 0.043766 -0.088662 0.033966
v 0.039204 -0.086504 0.046993
v 0.040371 -0.087235 0.046522
v 0.043031 -0.081601 0.038518
v 0.044153 -0.082256 0.038048
v 0.043049 -0.087717 0.040197
v 0.038497 -0.096021 0.042046
v 0.041689 -0.095978 0.048237
v 0.040098 -0.098247 0.046760
v 0.040391 -0.090579 0.051707
v 0.039536 -0.109564 0.063521
v 0.038577 -0.100772 0.069723
v 0.042463 -0.109886 0.070154
v 0.042436 -0.103745 0.060597
v 0.042027 -0.099826 0.063171
v 0.042054 -0.105989 0.072717
v 0.040854 -0.112208 0.068775
v 0.040830 -0.105964 0.059082
v 0.041834 -0.105098 0.059685
v 0.041862 -0.111282 0.069298
v 0.039970 -0.097740 0.064315
v 0.040007 -0.104024 0.074049
v 0.041178 -0.104743 0.073564
v 0.041149 -0.098534 0.063946
v 0.042574 -0.101787 0.061939
v 0.042598 -0.107847 0.071355
v 0.033675 -0.095230 0.039110
v 0.029074 -0.093419 0.036635
v 0.036224 -0.090701 0.032844
v 0.032834 -0.091147 0.032631
v 0.029935 -0.090060 0.031133
v 0.028958 -0.130170 0.093684
v 0.033555 -0.130349 0.093568
v 0.030173 -0.120463 0.099932
v 0.035052 -0.120162 0.100134
v 0.030291 -0.084850 0.044739
v 0.035273 -0.084408 0.044670
v 0.031777 -0.080991 0.039178
v 0.035201 -0.080868 0.039183
v 0.036441 -0.093675 0.037540
v 0.034445 -0.093271 0.036258
v 0.031615 -0.093615 0.036400
v 0.028074 -0.085314 0.044176
v 0.033394 -0.083180 0.042764
v 0.036671 -0.109936 0.062847
v 0.031509 -0.112317 0.065400
v 0.034001 -0.110466 0.062814
v 0.031240 -0.096925 0.041544
v 0.029113 -0.110228 0.062693
v 0.028159 -0.099982 0.066990
v 0.032952 -0.098785 0.066943
v 0.030454 -0.099421 0.067409
v 0.035662 -0.098703 0.066828
v 0.033310 -0.089170 0.029641
v 0.036968 -0.088655 0.029959
v 0.032363 -0.073377 0.027476
v 0.046892 -0.083017 0.033527
v 0.046099 -0.081653 0.034416
v 0.044761 -0.086338 0.031075
v 0.045100 -0.080579 0.035121
v 0.023886 -0.124647 0.097226
v 0.046394 -0.084485 0.032590
v 0.045633 -0.085700 0.031819
v 0.044078 -0.079777 0.035304
v 0.042670 -0.079258 0.035396
v 0.039933 -0.088139 0.030483
v 0.039577 -0.073563 0.027361
v 0.028848 -0.081497 0.038786
v 0.032558 -0.085105 0.045674
v 0.041436 -0.092495 0.039949
v 0.042024 -0.091130 0.040848
v 0.040740 -0.085808 0.044260
v 0.041603 -0.087083 0.043456
v 0.042151 -0.089088 0.042177
v 0.040440 -0.093375 0.039366
v 0.039576 -0.085073 0.044719
v 0.037986 -0.084923 0.045192
v -0.040079 -0.128988 0.094435
v -0.026733 -0.129640 0.094016
v -0.025412 -0.129025 0.094412
v -0.024753 -0.122687 0.098498
v -0.025926 -0.121889 0.099013
v -0.037584 -0.120253 0.100067
v -0.039204 -0.120583 0.099855
v -0.040372 -0.121313 0.099383
v -0.041799 -0.124627 0.097247
v -0.041078 -0.128098 0.095009
v -0.041670 -0.126712 0.095903
v -0.023885 -0.124649 0.097223
v -0.041241 -0.122593 0.098559
v -0.033559 -0.130349 0.093570
v -0.028971 -0.130163 0.093669
v -0.030167 -0.120470 0.099939
v -0.035053 -0.120162 0.100134
v -0.030199 -0.121204 0.100581
v -0.028055 -0.121761 0.100222
v -0.025979 -0.122566 0.099703
v -0.035047 -0.120896 0.100780
v -0.032506 -0.120945 0.100748
v -0.037582 -0.120980 0.100726
v -0.033514 -0.130628 0.094506
v -0.036026 -0.130306 0.094714
v -0.038506 -0.129853 0.095006
v -0.028962 -0.130474 0.094605
v -0.031188 -0.130710 0.094453
v -0.026752 -0.129984 0.094921
v -0.041589 -0.125156 0.098034
v -0.041017 -0.123101 0.099358
v -0.024049 -0.125106 0.098065
v -0.023883 -0.126457 0.097194
v -0.041450 -0.127263 0.096675
v -0.024326 -0.127764 0.096352
v -0.040222 -0.121931 0.100107
v -0.039135 -0.121258 0.100541
v -0.024849 -0.123292 0.099231
v -0.024281 -0.124110 0.098704
v -0.024760 -0.128708 0.095739
v -0.025488 -0.129430 0.095273
v -0.039977 -0.129347 0.095326
v -0.040908 -0.128525 0.095855
v -0.028251 -0.123049 0.100218
v -0.030321 -0.122597 0.100509
v -0.026274 -0.123684 0.099809
v -0.033490 -0.122289 0.100708
v -0.037328 -0.129471 0.096079
v -0.028967 -0.129924 0.095786
v -0.031827 -0.130098 0.095674
v -0.026889 -0.129588 0.096003
v -0.040627 -0.125603 0.098572
v -0.024809 -0.126766 0.097822
v -0.040463 -0.127772 0.097174
v -0.025250 -0.128671 0.096594
v -0.039548 -0.122810 0.100372
v -0.038798 -0.122379 0.100651
v -0.025340 -0.124121 0.099527
v -0.024907 -0.124710 0.099147
v -0.025878 -0.129293 0.096192
v -0.039514 -0.129035 0.096359
v -0.040141 -0.128510 0.096697
v -0.038726 -0.123456 0.126081
v -0.037748 -0.123436 0.127153
v -0.039416 -0.121847 0.127125
v -0.037539 -0.124503 0.125406
v -0.036949 -0.124104 0.126722
v -0.035666 -0.125146 0.124999
v -0.029308 -0.126134 0.124362
v -0.026345 -0.126238 0.124295
v -0.026231 -0.125419 0.125876
v -0.029141 -0.125293 0.125957
v -0.031267 -0.112803 0.131531
v -0.034491 -0.112920 0.131445
v -0.025045 -0.113195 0.131283
v -0.019643 -0.115003 0.130102
v -0.023521 -0.125542 0.123296
v -0.020671 -0.124875 0.123738
v -0.029365 -0.125779 0.123170
v -0.035724 -0.124760 0.123812
v -0.020694 -0.125314 0.124891
v -0.019085 -0.124608 0.125340
v -0.019582 -0.124434 0.126510
v -0.020869 -0.124809 0.126269
v -0.018157 -0.123688 0.125933
v -0.018919 -0.123828 0.126901
v -0.017605 -0.122486 0.126714
v -0.018596 -0.123157 0.127334
v -0.017547 -0.117832 0.129709
v -0.018345 -0.118596 0.130274
v -0.017252 -0.119101 0.128896
v -0.018271 -0.116790 0.130380
v -0.018896 -0.117845 0.130757
v -0.019711 -0.115865 0.130982
v -0.020086 -0.117289 0.131117
v -0.028024 -0.113800 0.132313
v -0.025241 -0.115905 0.132009
v -0.025085 -0.114130 0.132101
v -0.034489 -0.113845 0.132284
v -0.036467 -0.114199 0.132049
v -0.036037 -0.115627 0.132189
v -0.039696 -0.121146 0.126142
v -0.038942 -0.122912 0.125003
v -0.037669 -0.124046 0.124272
v -0.018989 -0.124092 0.124243
v -0.017043 -0.118518 0.127823
v -0.018148 -0.116020 0.129447
v -0.036554 -0.113339 0.131175
v -0.038042 -0.114270 0.130575
v -0.037851 -0.115057 0.131496
v -0.039149 -0.115899 0.129524
v -0.038865 -0.116547 0.130543
v -0.017041 -0.120822 0.127786
v -0.039593 -0.119164 0.128855
v -0.039860 -0.118490 0.127854
v -0.023510 -0.125937 0.124489
v -0.032507 -0.125723 0.124627
v -0.031260 -0.113738 0.132353
v -0.022355 -0.114840 0.131643
v -0.036993 -0.116176 0.131833
v -0.018220 -0.121215 0.128586
v -0.038368 -0.119733 0.129541
v -0.023516 -0.125237 0.125993
v -0.034160 -0.124661 0.126365
v -0.029280 -0.115513 0.132262
v -0.022605 -0.116481 0.131638
v -0.039040 -0.106026 0.141779
v -0.038012 -0.106005 0.142907
v -0.038443 -0.105016 0.143546
v -0.039766 -0.104334 0.142878
v -0.037792 -0.107127 0.141069
v -0.037171 -0.106708 0.142454
v -0.035820 -0.107804 0.140641
v -0.029131 -0.108844 0.139971
v -0.026015 -0.108953 0.139900
v -0.025895 -0.108091 0.141563
v -0.028956 -0.107959 0.141649
v -0.031193 -0.094819 0.147513
v -0.034585 -0.094941 0.147423
v -0.024647 -0.095231 0.147252
v -0.018964 -0.097133 0.146010
v -0.023044 -0.108220 0.138849
v -0.020045 -0.107519 0.139314
v -0.029192 -0.108470 0.138716
v -0.035881 -0.107397 0.139392
v -0.020070 -0.107981 0.140527
v -0.018376 -0.107238 0.141000
v -0.018899 -0.107055 0.142231
v -0.020253 -0.107449 0.141977
v -0.017400 -0.106270 0.141624
v -0.018202 -0.106417 0.142642
v -0.016819 -0.105005 0.142445
v -0.017862 -0.105711 0.143097
v -0.016759 -0.100109 0.145596
v -0.017598 -0.100913 0.146191
v -0.016449 -0.101444 0.144741
v -0.017520 -0.099013 0.146302
v -0.018178 -0.100123 0.146699
v -0.019035 -0.098040 0.146935
v -0.019430 -0.099538 0.147077
v -0.027781 -0.095868 0.148336
v -0.024853 -0.098082 0.148016
v -0.024689 -0.096215 0.148112
v -0.034583 -0.095915 0.148305
v -0.036663 -0.096287 0.148058
v -0.036212 -0.097789 0.148205
v -0.040060 -0.103595 0.141844
v -0.039267 -0.105453 0.140646
v -0.037928 -0.106646 0.139877
v -0.018275 -0.106695 0.139845
v -0.016229 -0.100831 0.143612
v -0.017391 -0.098203 0.145320
v -0.036755 -0.095382 0.147138
v -0.038320 -0.096362 0.146507
v -0.038120 -0.097189 0.147476
v -0.039485 -0.098076 0.145402
v -0.039186 -0.098757 0.146473
v -0.016226 -0.103255 0.143573
v -0.039952 -0.101510 0.144698
v -0.040233 -0.100802 0.143645
v -0.023032 -0.108636 0.140104
v -0.032498 -0.108411 0.140249
v -0.031185 -0.095802 0.148378
v -0.021817 -0.096962 0.147630
v -0.037216 -0.098367 0.147831
v -0.017467 -0.103668 0.144415
v -0.038663 -0.102109 0.145420
v -0.023038 -0.107899 0.141687
v -0.034239 -0.107293 0.142078
v -0.029099 -0.097669 0.148281
v -0.022079 -0.098688 0.147625
v 0.040079 -0.128988 0.094435
v 0.038551 -0.129549 0.094074
v 0.026733 -0.129640 0.094016
v 0.025412 -0.129025 0.094412
v 0.024638 -0.128247 0.094921
v 0.024152 -0.127210 0.095572
v 0.024151 -0.123573 0.097933
v 0.024753 -0.122687 0.098498
v 0.025926 -0.121889 0.099012
v 0.039204 -0.120583 0.099855
v 0.040371 -0.121313 0.099383
v 0.023665 -0.125940 0.096346
v 0.041799 -0.124627 0.097247
v 0.041078 -0.128098 0.095009
v 0.041670 -0.126712 0.095903
v 0.041241 -0.122593 0.098559
v 0.036078 -0.130016 0.093782
v 0.031204 -0.130429 0.093518
v 0.028021 -0.121038 0.099551
v 0.032501 -0.120202 0.100106
v 0.030199 -0.121204 0.100581
v 0.028055 -0.121761 0.100222
v 0.025979 -0.122566 0.099703
v 0.035047 -0.120896 0.100780
v 0.032506 -0.120945 0.100748
v 0.037582 -0.120980 0.100726
v 0.033514 -0.130628 0.094506
v 0.036026 -0.130306 0.094714
v 0.038506 -0.129853 0.095006
v 0.028962 -0.130474 0.094605
v 0.031188 -0.130710 0.094453
v 0.026752 -0.129984 0.094921
v 0.041589 -0.125156 0.098034
v 0.041017 -0.123101 0.099358
v 0.024049 -0.125106 0.098065
v 0.023883 -0.126457 0.097194
v 0.041450 -0.127262 0.096675
v 0.024326 -0.127764 0.096352
v 0.040222 -0.121931 0.100107
v 0.039135 -0.121258 0.100541
v 0.024849 -0.123292 0.099231
v 0.024281 -0.124110 0.098704
v 0.024759 -0.128708 0.095739
v 0.025488 -0.129430 0.095273
v 0.039977 -0.129347 0.095325
v 0.040908 -0.128525 0.095855
v 0.028251 -0.123049 0.100218
v 0.031033 -0.122460 0.100597
v 0.026274 -0.123684 0.099809
v 0.036576 -0.122275 0.100717
v 0.034283 -0.129907 0.095797
v 0.028967 -0.129924 0.095786
v 0.031099 -0.130067 0.095694
v 0.026889 -0.129588 0.096003
v 0.040017 -0.123491 0.099933
v 0.040627 -0.125603 0.098572
v 0.024809 -0.126766 0.097822
v 0.024850 -0.124825 0.099073
v 0.040463 -0.127771 0.097174
v 0.039548 -0.122810 0.100372
v 0.038821 -0.122385 0.100646
v 0.025340 -0.124121 0.099527
v 0.025330 -0.128776 0.096526
v 0.025878 -0.129293 0.096192
v 0.039492 -0.129045 0.096352
v 0.040141 -0.128510 0.096697
v -0.026733 -0.082806 0.021368
v -0.043609 -0.081437 0.022250
v -0.044908 -0.080827 0.022644
v -0.045834 -0.080025 0.023161
v -0.046614 -0.078829 0.023932
v -0.045814 -0.075740 0.025068
v -0.045311 -0.075005 0.026396
v -0.044234 -0.074351 0.026819
v -0.042828 -0.073939 0.027084
v -0.025926 -0.075054 0.026365
v -0.023886 -0.077815 0.024585
v -0.047157 -0.077399 0.024854
v -0.023664 -0.079126 0.023740
v -0.024940 -0.080775 0.021822
v -0.025648 -0.081479 0.021368
v -0.026791 -0.081959 0.021059
v -0.043491 -0.080601 0.021934
v -0.044661 -0.080091 0.022263
v -0.045420 -0.079450 0.022676
v -0.046096 -0.078455 0.023318
v -0.024153 -0.080385 0.022928
v -0.046327 -0.076069 0.025711
v -0.044942 -0.074859 0.025636
v -0.044045 -0.074334 0.025974
v -0.042805 -0.074007 0.026185
v -0.026078 -0.075107 0.025476
v -0.025051 -0.075747 0.025064
v -0.024451 -0.076646 0.024484
v -0.046541 -0.077054 0.024221
v -0.024246 -0.078694 0.023164
v -0.030030 -0.082516 0.020699
v -0.033368 -0.082506 0.020706
v -0.039287 -0.081628 0.021272
v -0.038454 -0.073609 0.026442
v -0.032442 -0.073608 0.026442
v -0.029152 -0.074085 0.026135
v -0.036144 -0.073348 0.027456
v -0.029053 -0.073892 0.027112
v -0.039678 -0.073437 0.026864
v -0.036145 -0.073241 0.026990
v -0.042824 -0.073797 0.026632
v -0.032380 -0.073267 0.026973
v -0.029075 -0.073777 0.026644
v -0.025958 -0.074908 0.025915
v -0.030046 -0.083112 0.020626
v -0.033407 -0.083132 0.020614
v -0.026743 -0.082453 0.021051
v -0.037120 -0.082609 0.020951
v -0.040559 -0.081900 0.021408
v -0.043583 -0.081086 0.021932
v -0.023801 -0.078868 0.023362
v -0.023983 -0.077551 0.024212
v -0.046208 -0.075834 0.025318
v -0.047012 -0.077161 0.024463
v -0.024252 -0.080139 0.022543
v -0.046495 -0.078586 0.023544
v -0.024239 -0.076508 0.024883
v -0.024818 -0.075669 0.025424
v -0.044191 -0.074188 0.026379
v -0.045226 -0.074812 0.025977
v -0.045739 -0.079735 0.022803
v -0.044848 -0.080501 0.022309
v -0.025464 -0.081870 0.021426
v -0.024719 -0.081128 0.021905
v -0.023625 -0.053869 0.038522
v -0.019643 -0.055350 0.037571
v -0.032657 -0.053177 0.038961
v -0.041171 -0.053929 0.038487
v -0.038279 -0.064556 0.031650
v -0.042166 -0.063480 0.032330
v -0.029186 -0.066145 0.030622
v -0.020671 -0.065223 0.031206
v -0.017044 -0.058866 0.035304
v -0.016762 -0.060536 0.034228
v -0.045628 -0.056642 0.036738
v -0.046685 -0.058336 0.035646
v -0.029121 -0.064841 0.030363
v -0.033830 -0.064209 0.030771
v -0.032710 -0.053443 0.037711
v -0.027942 -0.053508 0.037670
v -0.017385 -0.062139 0.033194
v -0.045994 -0.060157 0.034472
v -0.042962 -0.054454 0.038149
v -0.044333 -0.055288 0.037611
v -0.044999 -0.061680 0.033490
v -0.043821 -0.062702 0.032831
v -0.018106 -0.063086 0.031890
v -0.018387 -0.062636 0.031785
v -0.017511 -0.061826 0.032704
v -0.019054 -0.064031 0.031281
v -0.019288 -0.063533 0.031207
v -0.020684 -0.064774 0.030803
v -0.020745 -0.064144 0.030812
v -0.029172 -0.065638 0.030246
v -0.033900 -0.064972 0.030675
v -0.042132 -0.063033 0.031925
v -0.043744 -0.062287 0.032405
v -0.042016 -0.062415 0.031928
v -0.044878 -0.061312 0.033034
v -0.044472 -0.060948 0.032873
v -0.045841 -0.059847 0.033978
v -0.045334 -0.059681 0.033690
v -0.044226 -0.055041 0.037077
v -0.043863 -0.055101 0.036643
v -0.044974 -0.056224 0.035919
v -0.045476 -0.056343 0.036238
v -0.042907 -0.054246 0.037589
v -0.042721 -0.054433 0.037073
v -0.041165 -0.053748 0.037911
v -0.041141 -0.054016 0.037342
v -0.027864 -0.053074 0.038345
v -0.032658 -0.053039 0.038367
v -0.019684 -0.055163 0.036998
v -0.018231 -0.056132 0.036373
v -0.018528 -0.056232 0.035914
v -0.019836 -0.055416 0.036439
v -0.017493 -0.057202 0.035683
v -0.017168 -0.058530 0.034829
v -0.017595 -0.058283 0.034591
v -0.046501 -0.058033 0.035148
v -0.045900 -0.057897 0.034840
v -0.017502 -0.059985 0.033494
v -0.016936 -0.060207 0.033746
v -0.038198 -0.063366 0.031314
v -0.024870 -0.064854 0.030355
v -0.017884 -0.057125 0.035338
v -0.023752 -0.054116 0.037278
v -0.037185 -0.053635 0.037587
v -0.043505 -0.061765 0.032347
v -0.038281 -0.064069 0.031257
v -0.024891 -0.065613 0.030262
v -0.023653 -0.053723 0.037926
v -0.037159 -0.053290 0.038206
v -0.023153 -0.032817 0.049663
v -0.018964 -0.034375 0.048662
v -0.032655 -0.032088 0.050124
v -0.041613 -0.032880 0.049626
v -0.038570 -0.044060 0.042433
v -0.042659 -0.042928 0.043148
v -0.029003 -0.045732 0.041351
v -0.020045 -0.044761 0.041966
v -0.016229 -0.038074 0.046277
v -0.015933 -0.039831 0.045145
v -0.046301 -0.035734 0.047786
v -0.047413 -0.037516 0.046637
v -0.028936 -0.044360 0.041079
v -0.033889 -0.043695 0.041508
v -0.032710 -0.032369 0.048809
v -0.027694 -0.032437 0.048766
v -0.016588 -0.041517 0.044057
v -0.046686 -0.039432 0.045401
v -0.043497 -0.033432 0.049270
v -0.044939 -0.034309 0.048704
v -0.045639 -0.041035 0.044368
v -0.044400 -0.042109 0.043676
v -0.017347 -0.042513 0.042686
v -0.017642 -0.042040 0.042574
v -0.016721 -0.041188 0.043541
v -0.018344 -0.043508 0.042044
v -0.018590 -0.042983 0.041967
v -0.020059 -0.044289 0.041541
v -0.020123 -0.043627 0.041552
v -0.028988 -0.045198 0.040955
v -0.033963 -0.044497 0.041407
v -0.042623 -0.042457 0.042722
v -0.044319 -0.041673 0.043227
v -0.044068 -0.041123 0.043166
v -0.042501 -0.041807 0.042725
v -0.045513 -0.040647 0.043889
v -0.045085 -0.040265 0.043719
v -0.046525 -0.039106 0.044883
v -0.045992 -0.038931 0.044579
v -0.044826 -0.034050 0.048142
v -0.044445 -0.034113 0.047685
v -0.045613 -0.035294 0.046924
v -0.046142 -0.035420 0.047259
v -0.043439 -0.033214 0.048681
v -0.043242 -0.033410 0.048139
v -0.041606 -0.032689 0.049019
v -0.041581 -0.032971 0.048421
v -0.027612 -0.031980 0.049477
v -0.032656 -0.031944 0.049500
v -0.019006 -0.034179 0.048059
v -0.017479 -0.035198 0.047401
v -0.017791 -0.035302 0.046918
v -0.019167 -0.034445 0.047471
v -0.016702 -0.036323 0.046676
v -0.016360 -0.037720 0.045777
v -0.016809 -0.037461 0.045527
v -0.047219 -0.037198 0.046113
v -0.046588 -0.037055 0.045789
v -0.016712 -0.039252 0.044372
v -0.016116 -0.039485 0.044638
v -0.038484 -0.042809 0.042079
v -0.024463 -0.044374 0.041070
v -0.023287 -0.033076 0.048354
v -0.037418 -0.032571 0.048679
v -0.017113 -0.036242 0.046312
v -0.038572 -0.043547 0.042020
v -0.024485 -0.045172 0.040972
v -0.023183 -0.032664 0.049036
v -0.037391 -0.032207 0.049330
v 0.024637 -0.081408 0.022267
v 0.025413 -0.082190 0.021764
v 0.026733 -0.082806 0.021368
v 0.043609 -0.081437 0.022250
v 0.044908 -0.080827 0.022644
v 0.045833 -0.080025 0.023161
v 0.046614 -0.078829 0.023932
v 0.024871 -0.080681 0.021883
v 0.045814 -0.075740 0.025068
v 0.045311 -0.075005 0.026396
v 0.044234 -0.074351 0.026819
v 0.042828 -0.073939 0.027084
v 0.025926 -0.075054 0.026365
v 0.024753 -0.075851 0.025847
v 0.024151 -0.076735 0.025280
v 0.023885 -0.077815 0.024585
v 0.047157 -0.077398 0.024854
v 0.025648 -0.081479 0.021368
v 0.026791 -0.081959 0.021059
v 0.043491 -0.080601 0.021934
v 0.044645 -0.080098 0.022259
v 0.045420 -0.079450 0.022676
v 0.046096 -0.078455 0.023318
v 0.024153 -0.080385 0.022928
v 0.046327 -0.076069 0.025711
v 0.044942 -0.074859 0.025636
v 0.044062 -0.074339 0.025971
v 0.042805 -0.074007 0.026185
v 0.026078 -0.075107 0.025476
v 0.025051 -0.075747 0.025064
v 0.024499 -0.076543 0.024550
v 0.046541 -0.077054 0.024221
v 0.024246 -0.078694 0.023164
v 0.030030 -0.082516 0.020699
v 0.033368 -0.082506 0.020706
v 0.039289 -0.081628 0.021272
v 0.038453 -0.073609 0.026442
v 0.032442 -0.073608 0.026442
v 0.029152 -0.074085 0.026135
v 0.030052 -0.083492 0.020923
v 0.037131 -0.082993 0.021245
v 0.039678 -0.073437 0.026864
v 0.036145 -0.073241 0.026990
v 0.042824 -0.073797 0.026632
v 0.032380 -0.073267 0.026973
v 0.029075 -0.073777 0.026644
v 0.025958 -0.074908 0.025915
v 0.030046 -0.083112 0.020626
v 0.033407 -0.083132 0.020614
v 0.026743 -0.082453 0.021051
v 0.037120 -0.082609 0.020951
v 0.040559 -0.081900 0.021408
v 0.043583 -0.081086 0.021932
v 0.023801 -0.078868 0.023362
v 0.023983 -0.077551 0.024212
v 0.046208 -0.075834 0.025318
v 0.047012 -0.077161 0.024462
v 0.024252 -0.080139 0.022543
v 0.046495 -0.078585 0.023544
v 0.024239 -0.076508 0.024883
v 0.024818 -0.075669 0.025424
v 0.044191 -0.074188 0.026379
v 0.045226 -0.074812 0.025977
v 0.045739 -0.079735 0.022803
v 0.044848 -0.080501 0.022309
v 0.025463 -0.081870 0.021426
v 0.024719 -0.081128 0.021905
v -0.039152 -0.110606 0.121314
v -0.038045 -0.108977 0.122365
v -0.036609 -0.104259 0.117083
v -0.034554 -0.103945 0.117514
v -0.017385 -0.121785 0.125718
v -0.020674 -0.076396 0.048535
v -0.037722 -0.114966 0.110214
v -0.038945 -0.117618 0.116794
v -0.039698 -0.115853 0.117932
v -0.039863 -0.113197 0.119644
v -0.037984 -0.097093 0.125084
v -0.020049 -0.056510 0.060187
v -0.016588 -0.104268 0.141398
v -0.034651 -0.085491 0.132753
v -0.036813 -0.085832 0.132316
v -0.038324 -0.090794 0.137869
v -0.039488 -0.092507 0.136765
v -0.040236 -0.095233 0.135007
v -0.040063 -0.098027 0.133206
v -0.039270 -0.099884 0.132009
v 0.041243 -0.118437 0.092113
v 0.025929 -0.083820 0.039966
v 0.038599 -0.122483 0.083137
v 0.041672 -0.122556 0.089458
v 0.041801 -0.120471 0.090802
v -0.041243 -0.118437 0.092113
v -0.040415 -0.114099 0.088194
v -0.039247 -0.113453 0.088790
v -0.037633 -0.113207 0.089129
v -0.024153 -0.127214 0.095571
v -0.026736 -0.091576 0.034969
v -0.040120 -0.121859 0.083396
v -0.041120 -0.120839 0.083757
v -0.041672 -0.122556 0.089458
v -0.041801 -0.120471 0.090802
v -0.037074 -0.083027 0.021259
v -0.030055 -0.083496 0.020921
v -0.032366 -0.073372 0.027449
v -0.039621 -0.073557 0.027328
v -0.042701 -0.079266 0.035390
v -0.044079 -0.079777 0.035304
v -0.045302 -0.078375 0.031626
v -0.046317 -0.079439 0.030940
v -0.047146 -0.080770 0.030082
v -0.046605 -0.082202 0.029159
v -0.045825 -0.083399 0.028388
v -0.044761 -0.086338 0.031075
v -0.033841 -0.065505 0.031067
v -0.024902 -0.066102 0.030638
v -0.027845 -0.053207 0.038952
v -0.037087 -0.053443 0.038798
v -0.041009 -0.060715 0.049067
v -0.042950 -0.058745 0.044810
v -0.044322 -0.059579 0.044272
v -0.045615 -0.060934 0.043398
v -0.046670 -0.062630 0.042305
v -0.045981 -0.064454 0.041130
v -0.044988 -0.065978 0.040148
v -0.043809 -0.066999 0.039489
v -0.033902 -0.045058 0.041820
v -0.024496 -0.045686 0.041368
v -0.027593 -0.032121 0.050115
v -0.037315 -0.032368 0.049953
v -0.041442 -0.040019 0.060757
v -0.043484 -0.037946 0.056278
v -0.044927 -0.038824 0.055712
v -0.046288 -0.040250 0.054793
v -0.047398 -0.042034 0.053643
v -0.046673 -0.043953 0.052406
v -0.045628 -0.045556 0.051373
v -0.044388 -0.046631 0.050680
v -0.036133 -0.093733 -0.043871
v -0.036769 -0.094290 -0.044380
v -0.039485 -0.094793 -0.045049
v -0.042226 -0.094411 -0.044368
v -0.042888 -0.093859 -0.043893
v -0.041544 -0.090025 -0.030760
v -0.038636 -0.089764 -0.030601
v -0.025302 -0.089417 -0.030517
v -0.027695 -0.093087 -0.043548
v -0.027111 -0.093695 -0.044057
v -0.024456 -0.094319 -0.044885
v -0.021674 -0.094061 -0.044366
v -0.020964 -0.093564 -0.043895
v -0.022378 -0.089417 -0.030518
v -0.007531 -0.089387 -0.030549
v -0.010456 -0.089387 -0.030549
v -0.012848 -0.093056 -0.043581
v -0.012265 -0.093665 -0.044089
v -0.009610 -0.094289 -0.044916
v -0.006827 -0.094032 -0.044397
v -0.006117 -0.093534 -0.043925
v 0.007315 -0.089357 -0.030581
v 0.004391 -0.089357 -0.030580
v 0.001998 -0.093027 -0.043612
v 0.002581 -0.093635 -0.044120
v 0.005236 -0.094259 -0.044947
v 0.008019 -0.094002 -0.044428
v 0.008729 -0.093505 -0.043956
v 0.021826 -0.089302 -0.030596
v 0.016509 -0.092971 -0.043627
v 0.017093 -0.093580 -0.044135
v 0.019747 -0.094203 -0.044963
v 0.022530 -0.093946 -0.044443
v 0.023240 -0.093449 -0.043972
v 0.036716 -0.089274 -0.030629
v 0.031398 -0.092944 -0.043660
v 0.031982 -0.093553 -0.044168
v 0.034637 -0.094177 -0.044995
v 0.037419 -0.093919 -0.044476
v 0.038129 -0.093422 -0.044005
v -0.042630 -0.072591 -0.080943
v -0.042203 -0.073381 -0.081395
v -0.041605 -0.073961 -0.081717
v -0.039559 -0.074147 -0.083386
v -0.037549 -0.073895 -0.081701
v -0.036971 -0.073293 -0.081368
v -0.027551 -0.071849 -0.080616
v -0.027221 -0.072673 -0.081087
v -0.026695 -0.073303 -0.081440
v -0.024773 -0.073670 -0.083213
v -0.022640 -0.073602 -0.081617
v -0.022005 -0.073066 -0.081310
v -0.012704 -0.071819 -0.080649
v -0.012375 -0.072643 -0.081119
v -0.011843 -0.073265 -0.081504
v -0.009924 -0.073621 -0.083278
v -0.007809 -0.073570 -0.081676
v -0.007163 -0.073022 -0.081376
v 0.002141 -0.071804 -0.080647
v 0.002470 -0.072611 -0.081152
v 0.003004 -0.073235 -0.081536
v 0.004924 -0.073608 -0.083280
v 0.007043 -0.073534 -0.081712
v 0.007688 -0.073006 -0.081373
v 0.016653 -0.071733 -0.080694
v 0.016982 -0.072557 -0.081166
v 0.017508 -0.073188 -0.081519
v 0.019436 -0.073553 -0.083295
v 0.021557 -0.073493 -0.081690
v 0.022195 -0.072937 -0.081423
v 0.031542 -0.071721 -0.080695
v 0.031871 -0.072528 -0.081200
v 0.032404 -0.073152 -0.081584
v 0.034322 -0.073508 -0.083357
v 0.036443 -0.073451 -0.081761
v 0.037088 -0.072923 -0.081422
v 0.047145 -0.080770 0.030082
v 0.046317 -0.079439 0.030940
v 0.045302 -0.078375 0.031626
v 0.036066 -0.073357 0.027493
v 0.029055 -0.073889 0.027115
v 0.033423 -0.083522 0.020906
v 0.040528 -0.082280 0.021705
v 0.043487 -0.086823 0.030522
v 0.045825 -0.083399 0.028388
v 0.046605 -0.082202 0.029159
v 0.024655 -0.095222 0.147242
v 0.031194 -0.094819 0.147513
v 0.034647 -0.085898 0.133384
v 0.029189 -0.108467 0.138711
v 0.023027 -0.108229 0.138869
v 0.039630 -0.087067 0.128318
v 0.040378 -0.089775 0.126563
v 0.032763 -0.055341 0.057345
v 0.028220 -0.055938 0.057059
v 0.026587 -0.059247 0.062110
v 0.030378 -0.058785 0.061919
v 0.029347 -0.061410 0.065740
v 0.024695 -0.048605 0.074948
v 0.031392 -0.042165 0.065839
v 0.028971 -0.045263 0.070636
v 0.025353 -0.045504 0.070386
v 0.026803 -0.042330 0.065832
v 0.021842 -0.048121 0.072529
v 0.028858 -0.053290 0.053051
v 0.033760 -0.052599 0.053478
v 0.027441 -0.039679 0.061826
v 0.032838 -0.045346 0.070678
v 0.027851 -0.047839 0.074531
v 0.035124 -0.047599 0.073891
v 0.036813 -0.085849 0.132342
v 0.039655 -0.056817 0.063444
v 0.042869 -0.052609 0.058848
v 0.041043 -0.053433 0.058375
v 0.036504 -0.059552 0.065477
v 0.020038 -0.055239 0.058226
v 0.037928 -0.060981 0.069042
v 0.035809 -0.062468 0.069674
v 0.037953 -0.065453 0.075991
v 0.038463 -0.085362 0.129429
v 0.041208 -0.048771 0.068790
v 0.040078 -0.047076 0.069794
v 0.043387 -0.044025 0.064317
v 0.044658 -0.045517 0.063265
v 0.039485 -0.052410 0.074568
v 0.039512 -0.056897 0.081527
v 0.038347 -0.055178 0.082621
v 0.038320 -0.050696 0.075672
v 0.040202 -0.092559 0.124778
v 0.039406 -0.094418 0.123590
v 0.041908 -0.051343 0.067196
v 0.045555 -0.047543 0.061891
v 0.045097 -0.049730 0.060549
v 0.041744 -0.053920 0.065471
v 0.040233 -0.055136 0.072810
v 0.040059 -0.057931 0.071009
v 0.040086 -0.062412 0.077971
v 0.040261 -0.059626 0.079779
v 0.037984 -0.097075 0.125057
v 0.032784 -0.061003 0.066134
v 0.034179 -0.058225 0.062375
v 0.044121 -0.049727 0.055282
v 0.044656 -0.041778 0.060395
v 0.045995 -0.043217 0.059450
v 0.031305 -0.047716 0.074449
v 0.034507 -0.050099 0.077865
v 0.023182 -0.058985 0.062426
v 0.046390 -0.047012 0.057003
v 0.047058 -0.045045 0.058259
v 0.022879 -0.043006 0.065305
v 0.040973 -0.055674 0.064252
v 0.044162 -0.051467 0.059519
v 0.037119 -0.039888 0.061654
v 0.041399 -0.040009 0.060767
v 0.039921 -0.042655 0.065324
v 0.039292 -0.064263 0.076764
v 0.039267 -0.059788 0.069811
v 0.037187 -0.054425 0.057836
v 0.038342 -0.051638 0.054079
v 0.038537 -0.046079 0.070366
v 0.041884 -0.043148 0.064947
v 0.024424 -0.053239 0.053103
v 0.024125 -0.055840 0.057222
v 0.036781 -0.054196 0.083249
v 0.036755 -0.049717 0.076304
v 0.040705 -0.053179 0.069851
v 0.040535 -0.055916 0.068069
v 0.037254 -0.047799 0.073257
v 0.038814 -0.048784 0.072642
v 0.045371 -0.048640 0.055971
v 0.038412 -0.058925 0.066084
v 0.039747 -0.057746 0.066865
v 0.043203 -0.040900 0.060972
v 0.026445 -0.084301 0.100959
v 0.028377 -0.066153 0.103005
v 0.040317 -0.082920 0.106193
v 0.039364 -0.065847 0.099033
v 0.016230 -0.100828 0.143616
v 0.040575 -0.075827 0.110775
v 0.041304 -0.078317 0.108949
v 0.036987 -0.084894 0.104996
v 0.035681 -0.064352 0.099832
v 0.029783 -0.081851 0.097542
v 0.026084 -0.063679 0.068998
v 0.025031 -0.067022 0.103655
v 0.041123 -0.081048 0.107339
v 0.040282 -0.074640 0.093326
v 0.041087 -0.072820 0.094533
v 0.040539 -0.067568 0.097982
v 0.039402 -0.074152 0.111898
v 0.041272 -0.070197 0.096331
v 0.038969 -0.084156 0.105489
v 0.036937 -0.076676 0.092220
v 0.038935 -0.075810 0.092528
v 0.037788 -0.064808 0.099564
v 0.035713 -0.072572 0.112582
v 0.037831 -0.073178 0.112534
v 0.039971 -0.050494 0.071564
v 0.033362 -0.081108 0.097536
v 0.021955 -0.067797 0.103131
v 0.023234 -0.081534 0.097382
v 0.032011 -0.066042 0.102849
v 0.039040 -0.106026 0.141779
v 0.038012 -0.106005 0.142907
v 0.039766 -0.104333 0.142878
v 0.037792 -0.107127 0.141069
v 0.037141 -0.106722 0.142446
v 0.035820 -0.107804 0.140641
v 0.029131 -0.108844 0.139971
v 0.026015 -0.108953 0.139900
v 0.025895 -0.108091 0.141563
v 0.027777 -0.094876 0.147480
v 0.034585 -0.094941 0.147423
v 0.021771 -0.095993 0.146732
v 0.018964 -0.097133 0.146010
v 0.026036 -0.108577 0.138648
v 0.020045 -0.107519 0.139314
v 0.032567 -0.108024 0.139001
v 0.035881 -0.107397 0.139392
v 0.020070 -0.107981 0.140527
v 0.018376 -0.107238 0.141000
v 0.018899 -0.107055 0.142231
v 0.020253 -0.107449 0.141977
v 0.017400 -0.106270 0.141624
v 0.018165 -0.106362 0.142678
v 0.016819 -0.105005 0.142445
v 0.016759 -0.100109 0.145596
v 0.017623 -0.100853 0.146229
v 0.017434 -0.101598 0.145749
v 0.016449 -0.101444 0.144741
v 0.017520 -0.099013 0.146302
v 0.018178 -0.100123 0.146699
v 0.019035 -0.098040 0.146935
v 0.019430 -0.099538 0.147077
v 0.027781 -0.095868 0.148336
v 0.027895 -0.097766 0.148220
v 0.024853 -0.098082 0.148016
v 0.024689 -0.096215 0.148112
v 0.034583 -0.095915 0.148305
v 0.036663 -0.096287 0.148058
v 0.036243 -0.097798 0.148198
v 0.040060 -0.103595 0.141844
v 0.039267 -0.105453 0.140646
v 0.037928 -0.106646 0.139877
v 0.018275 -0.106695 0.139845
v 0.017238 -0.105653 0.140528
v 0.016586 -0.104263 0.141399
v 0.016585 -0.099390 0.144564
v 0.017391 -0.098203 0.145320
v 0.036755 -0.095382 0.147138
v 0.038320 -0.096362 0.146507
v 0.038120 -0.097189 0.147476
v 0.039485 -0.098076 0.145402
v 0.039186 -0.098757 0.146473
v 0.016226 -0.103255 0.143573
v 0.015933 -0.102555 0.142438
v 0.039952 -0.101510 0.144698
v 0.040233 -0.100802 0.143645
v 0.023032 -0.108636 0.140104
v 0.032498 -0.108411 0.140249
v 0.031185 -0.095802 0.148378
v 0.021817 -0.096962 0.147630
v 0.037216 -0.098367 0.147831
v 0.037846 -0.099280 0.147244
v 0.017467 -0.103668 0.144415
v 0.038663 -0.102109 0.145420
v 0.023038 -0.107899 0.141687
v 0.030162 -0.107877 0.141701
v 0.033233 -0.097651 0.148294
v 0.022080 -0.098688 0.147625
v 0.027590 -0.032125 0.050132
v 0.018964 -0.034375 0.048662
v 0.037353 -0.032375 0.049966
v 0.041613 -0.032880 0.049626
v 0.033978 -0.045012 0.041802
v 0.042659 -0.042928 0.043148
v 0.024492 -0.045681 0.041370
v 0.020045 -0.044761 0.041966
v 0.016229 -0.038074 0.046277
v 0.015933 -0.039831 0.045145
v 0.046301 -0.035734 0.047786
v 0.047413 -0.037516 0.046637
v 0.028935 -0.044360 0.041079
v 0.033889 -0.043695 0.041508
v 0.032710 -0.032369 0.048809
v 0.027694 -0.032437 0.048766
v 0.016588 -0.041517 0.044057
v 0.046686 -0.039432 0.045401
v 0.016585 -0.036627 0.047208
v 0.017391 -0.035444 0.047972
v 0.043496 -0.033432 0.049270
v 0.044939 -0.034309 0.048704
v 0.045639 -0.041035 0.044368
v 0.044400 -0.042109 0.043676
v 0.018275 -0.043937 0.042497
v 0.017237 -0.042888 0.043171
v 0.017347 -0.042513 0.042686
v 0.017177 -0.041001 0.043245
v 0.016721 -0.041188 0.043541
v 0.018344 -0.043508 0.042044
v 0.018590 -0.042983 0.041967
v 0.020059 -0.044289 0.041541
v 0.020123 -0.043627 0.041552
v 0.028988 -0.045198 0.040955
v 0.033963 -0.044497 0.041407
v 0.042623 -0.042457 0.042722
v 0.044319 -0.041673 0.043227
v 0.044046 -0.041133 0.043160
v 0.042501 -0.041807 0.042725
v 0.045513 -0.040647 0.043889
v 0.045085 -0.040265 0.043719
v 0.046525 -0.039106 0.044883
v 0.045992 -0.038931 0.044579
v 0.044826 -0.034050 0.048142
v 0.044445 -0.034113 0.047685
v 0.045613 -0.035294 0.046924
v 0.046142 -0.035420 0.047259
v 0.043439 -0.033214 0.048681
v 0.043265 -0.033416 0.048135
v 0.041606 -0.032689 0.049019
v 0.041581 -0.032971 0.048421
v 0.027612 -0.031980 0.049477
v 0.032656 -0.031944 0.049500
v 0.019006 -0.034179 0.048059
v 0.017479 -0.035198 0.047401
v 0.017791 -0.035302 0.046918
v 0.019167 -0.034445 0.047471
v 0.016702 -0.036323 0.046676
v 0.016360 -0.037720 0.045777
v 0.017051 -0.036370 0.046230
v 0.047219 -0.037198 0.046113
v 0.046588 -0.037055 0.045789
v 0.016712 -0.039252 0.044372
v 0.016116 -0.039485 0.044638
v 0.038484 -0.042809 0.042079
v 0.017729 -0.042157 0.042500
v 0.024463 -0.044374 0.041070
v 0.023287 -0.033076 0.048354
v 0.037418 -0.032571 0.048679
v 0.038572 -0.043547 0.042019
v 0.024485 -0.045172 0.040972
v 0.023183 -0.032664 0.049036
v 0.037391 -0.032207 0.049330
v 0.035945 -0.097928 0.124736
v 0.018967 -0.046111 0.066872
v 0.038324 -0.090794 0.137869
v 0.039488 -0.092507 0.136765
v 0.040236 -0.095233 0.135007
v 0.040063 -0.098027 0.133206
v 0.039270 -0.099884 0.132009
v 0.042495 -0.050146 0.054233
v 0.038532 -0.044057 0.042418
v 0.029010 -0.045721 0.041347
v 0.023156 -0.032812 0.049667
v 0.032553 -0.032101 0.050173
v 0.043484 -0.037946 0.056278
v 0.044927 -0.038824 0.055712
v 0.046287 -0.040250 0.054793
v 0.047397 -0.042034 0.053643
v 0.046673 -0.043953 0.052406
v 0.045628 -0.045556 0.051373
v 0.044388 -0.046631 0.050680
v -0.038159 -0.122495 0.127760
v -0.037591 -0.117044 0.131275
v -0.037846 -0.099280 0.147244
v 0.038443 -0.105015 0.143546
v -0.040018 -0.123491 0.099933
v -0.042055 -0.098986 -0.035246
v -0.026854 -0.098287 -0.034945
v -0.025058 -0.090517 -0.029899
v -0.012008 -0.098257 -0.034976
v 0.004634 -0.090457 -0.029962
v 0.017350 -0.098171 -0.035023
v 0.036834 -0.098918 -0.035558
v 0.049565 -0.029962 0.027604
v 0.049305 -0.030190 0.027477
v 0.049359 -0.029984 0.027344
v 0.026906 -0.029836 0.027376
v 0.026906 -0.030190 0.027477
v 0.049305 -0.039718 0.045203
v 0.049565 -0.039592 0.044976
v 0.026906 -0.039820 0.044850
v 0.026906 -0.039718 0.045203
v 0.026646 -0.039592 0.044976
v 0.026692 -0.038640 0.045544
v 0.026906 -0.038886 0.045665
v 0.026906 -0.038532 0.045563
v 0.026906 -0.028902 0.028191
v 0.026852 -0.028898 0.027946
v 0.026646 -0.029130 0.028065
v 0.049565 -0.029130 0.028065
v 0.049451 -0.028996 0.027880
v 0.049305 -0.028902 0.028191
v 0.049305 -0.038886 0.045665
v 0.049521 -0.038783 0.045590
v 0.049305 -0.038532 0.045563
v 0.049520 -0.067356 0.006699
v 0.049305 -0.067613 0.006732
v 0.049305 -0.067259 0.006631
v 0.026757 -0.067285 0.006656
v 0.026906 -0.067613 0.006732
v 0.026646 -0.067385 0.006858
v 0.049305 -0.077141 0.024458
v 0.049305 -0.077243 0.024105
v 0.049532 -0.077156 0.024183
v 0.026750 -0.077220 0.024157
v 0.026906 -0.077141 0.024458
v 0.026646 -0.077015 0.024231
v 0.026679 -0.076067 0.024773
v 0.026906 -0.076309 0.024920
v 0.026906 -0.075955 0.024818
v 0.026906 -0.066325 0.007446
v 0.026854 -0.066314 0.007206
v 0.026646 -0.066553 0.007320
v 0.049565 -0.066553 0.007320
v 0.049305 -0.066427 0.007092
v 0.049305 -0.066325 0.007446
v 0.049305 -0.076309 0.024920
v 0.049519 -0.076228 0.024846
v 0.049305 -0.075955 0.024818
v -0.026074 -0.048633 0.017253
v -0.026334 -0.048861 0.017127
v -0.026282 -0.048663 0.016991
v -0.048733 -0.048507 0.017026
v -0.048733 -0.048861 0.017127
v -0.048993 -0.048633 0.017253
v -0.026334 -0.058390 0.034853
v -0.026334 -0.058491 0.034499
v -0.026119 -0.058423 0.034597
v -0.048889 -0.058468 0.034552
v -0.048733 -0.058390 0.034853
v -0.048993 -0.058263 0.034626
v -0.048947 -0.057311 0.035193
v -0.048733 -0.057557 0.035315
v -0.048733 -0.057203 0.035213
v -0.048733 -0.047573 0.017841
v -0.048993 -0.047801 0.017715
v -0.026074 -0.047801 0.017715
v -0.026334 -0.047675 0.017487
v -0.026324 -0.047531 0.017694
v -0.026334 -0.057557 0.035315
v -0.026074 -0.057431 0.035087
v -0.026120 -0.029917 0.027450
v -0.026334 -0.030190 0.027477
v -0.026334 -0.029836 0.027376
v -0.048733 -0.029836 0.027376
v -0.048733 -0.030190 0.027477
v -0.048948 -0.030071 0.027484
v -0.026181 -0.039742 0.045139
v -0.026334 -0.039820 0.044850
v -0.026074 -0.039592 0.044976
v -0.048733 -0.039820 0.044850
v -0.048743 -0.039832 0.045101
v -0.048993 -0.039592 0.044976
v -0.048948 -0.038651 0.045557
v -0.048733 -0.038886 0.045665
v -0.048733 -0.038532 0.045563
v -0.048733 -0.028902 0.028191
v -0.048733 -0.029003 0.027837
v -0.048993 -0.029130 0.028065
v -0.026074 -0.029130 0.028065
v -0.026334 -0.029003 0.027837
v -0.026324 -0.028860 0.028044
v -0.026334 -0.038886 0.045665
v -0.026074 -0.038760 0.045437
v -0.026074 -0.067385 0.006858
v -0.026185 -0.067578 0.006740
v -0.026334 -0.067259 0.006631
v -0.048882 -0.067285 0.006656
v -0.048733 -0.067613 0.006732
v -0.048993 -0.067385 0.006858
v -0.026178 -0.077150 0.024401
v -0.026334 -0.077243 0.024104
v -0.026074 -0.077015 0.024231
v -0.048733 -0.077243 0.024104
v -0.048733 -0.077141 0.024458
v -0.048947 -0.077122 0.024350
v -0.048993 -0.076183 0.024692
v -0.048733 -0.075955 0.024818
v -0.048882 -0.066346 0.007391
v -0.048733 -0.066426 0.007092
v -0.048993 -0.066553 0.007320
v -0.026074 -0.066553 0.007320
v -0.026334 -0.066426 0.007092
v -0.026334 -0.066325 0.007446
v -0.026334 -0.076309 0.024920
v -0.026074 -0.076183 0.024692
v -0.026185 -0.076013 0.024830
v -0.039082 -0.047103 -0.096831
v -0.038822 -0.047321 -0.096973
v -0.038925 -0.047175 -0.097133
v -0.039082 -0.056357 -0.103151
v -0.038822 -0.056499 -0.102933
v -0.038929 -0.056651 -0.103094
v -0.039082 -0.058281 -0.080096
v -0.038856 -0.058212 -0.080184
v -0.039082 -0.057921 -0.080173
v -0.038822 -0.067318 -0.086275
v -0.039082 -0.067459 -0.086057
v -0.039082 -0.067536 -0.086417
v -0.040187 -0.067526 -0.086349
v -0.040034 -0.067459 -0.086057
v -0.040294 -0.067317 -0.086275
v -0.040294 -0.056499 -0.102933
v -0.040034 -0.056717 -0.103075
v -0.040034 -0.047103 -0.096831
v -0.040034 -0.047179 -0.097191
v -0.040248 -0.047207 -0.097085
v -0.040190 -0.058227 -0.080116
v -0.040034 -0.057921 -0.080173
v -0.040294 -0.058140 -0.080314
v -0.024175 -0.047103 -0.096831
v -0.024175 -0.047179 -0.097191
v -0.024175 -0.056357 -0.103151
v -0.023915 -0.056499 -0.102933
v -0.024018 -0.056660 -0.103079
v -0.024175 -0.058281 -0.080096
v -0.023915 -0.058140 -0.080314
v -0.024175 -0.057921 -0.080173
v -0.023915 -0.067318 -0.086275
v -0.024175 -0.067536 -0.086417
v -0.025280 -0.067526 -0.086349
v -0.025127 -0.067459 -0.086057
v -0.025387 -0.067318 -0.086275
v -0.025387 -0.056499 -0.102933
v -0.025127 -0.056357 -0.103151
v -0.025127 -0.056717 -0.103075
v -0.025127 -0.047103 -0.096831
v -0.025127 -0.047179 -0.097191
v -0.025341 -0.047207 -0.097085
v -0.025283 -0.058227 -0.080116
v -0.025127 -0.057921 -0.080173
v -0.025387 -0.058140 -0.080314
v -0.009320 -0.047103 -0.096831
v -0.009060 -0.047321 -0.096973
v -0.009164 -0.047175 -0.097133
v -0.009320 -0.056357 -0.103151
v -0.009060 -0.056499 -0.102933
v -0.009164 -0.056660 -0.103079
v -0.009320 -0.058281 -0.080096
v -0.009060 -0.058140 -0.080314
v -0.009171 -0.057956 -0.080183
v -0.009320 -0.067459 -0.086057
v -0.009320 -0.067536 -0.086417
v -0.010417 -0.067529 -0.086348
v -0.010272 -0.067459 -0.086057
v -0.010532 -0.067318 -0.086275
v -0.010489 -0.056591 -0.103057
v -0.010272 -0.056357 -0.103151
v -0.010272 -0.056717 -0.103075
v -0.010272 -0.047103 -0.096831
v -0.010272 -0.047179 -0.097191
v -0.010498 -0.047231 -0.097092
v -0.010272 -0.058281 -0.080096
v -0.010324 -0.058043 -0.080069
v -0.010532 -0.058140 -0.080314
v 0.005714 -0.047103 -0.096831
v 0.005974 -0.047321 -0.096973
v 0.005714 -0.047179 -0.097191
v 0.005752 -0.056507 -0.103195
v 0.005974 -0.056499 -0.102933
v 0.005714 -0.056717 -0.103075
v 0.005714 -0.058281 -0.080096
v 0.005974 -0.058140 -0.080314
v 0.005867 -0.057987 -0.080154
v 0.005974 -0.067318 -0.086275
v 0.005863 -0.067467 -0.086115
v 0.005714 -0.067536 -0.086417
v 0.004762 -0.067536 -0.086417
v 0.004762 -0.067459 -0.086057
v 0.004502 -0.067318 -0.086275
v 0.004762 -0.056357 -0.103151
v 0.004762 -0.056717 -0.103075
v 0.004762 -0.047103 -0.096831
v 0.004710 -0.047075 -0.097070
v 0.004502 -0.047321 -0.096973
v 0.004606 -0.058227 -0.080116
v 0.004762 -0.057921 -0.080173
v 0.004502 -0.058140 -0.080314
v 0.020757 -0.047103 -0.096831
v 0.020757 -0.047179 -0.097191
v 0.020757 -0.056357 -0.103151
v 0.021017 -0.056499 -0.102933
v 0.020906 -0.056659 -0.103082
v 0.020757 -0.058281 -0.080096
v 0.021017 -0.058140 -0.080314
v 0.020913 -0.057979 -0.080168
v 0.021017 -0.067318 -0.086275
v 0.020910 -0.067478 -0.086123
v 0.020757 -0.067536 -0.086417
v 0.019652 -0.067526 -0.086349
v 0.019805 -0.067459 -0.086057
v 0.019545 -0.067318 -0.086275
v 0.019545 -0.056499 -0.102933
v 0.019805 -0.056357 -0.103151
v 0.019805 -0.056717 -0.103075
v 0.019805 -0.047103 -0.096831
v 0.019805 -0.047179 -0.097191
v 0.019590 -0.047194 -0.097073
v 0.019805 -0.058281 -0.080096
v 0.019805 -0.057921 -0.080173
v 0.019579 -0.058032 -0.080212
v 0.035680 -0.047056 -0.096987
v 0.035905 -0.047321 -0.096973
v 0.035645 -0.047179 -0.097191
v 0.035645 -0.056357 -0.103151
v 0.035871 -0.056442 -0.103070
v 0.035645 -0.056717 -0.103075
v 0.035680 -0.058125 -0.080049
v 0.035905 -0.058140 -0.080314
v 0.035645 -0.057921 -0.080173
v 0.035905 -0.067318 -0.086275
v 0.035645 -0.067459 -0.086057
v 0.035645 -0.067536 -0.086417
v 0.034693 -0.067536 -0.086417
v 0.034641 -0.067563 -0.086178
v 0.034433 -0.067318 -0.086275
v 0.034433 -0.056499 -0.102933
v 0.034693 -0.056717 -0.103075
v 0.034693 -0.047103 -0.096831
v 0.034693 -0.047179 -0.097191
v 0.034478 -0.047194 -0.097073
v 0.034693 -0.058281 -0.080096
v 0.034433 -0.058140 -0.080314
v 0.049461 -0.038677 0.045659
v 0.049465 -0.028900 0.028014
v 0.026734 -0.028916 0.028002
v 0.026697 -0.029949 0.027434
v 0.026744 -0.038714 0.045667
v 0.026755 -0.030040 0.027375
v 0.049459 -0.039810 0.044936
v 0.049477 -0.030022 0.027389
v 0.026740 -0.039819 0.045036
v 0.049461 -0.039814 0.045058
v 0.049467 -0.076100 0.024911
v 0.026734 -0.066334 0.007263
v 0.026744 -0.076137 0.024922
v 0.049474 -0.066331 0.007254
v 0.049460 -0.067464 0.006636
v 0.026753 -0.067456 0.006631
v 0.026753 -0.077243 0.024301
v 0.049460 -0.077238 0.024309
v -0.026258 -0.057318 0.035317
v -0.048891 -0.047574 0.017661
v -0.048887 -0.047638 0.017566
v -0.048895 -0.057385 0.035317
v -0.026156 -0.047584 0.017654
v -0.048897 -0.048697 0.017030
v -0.026158 -0.057374 0.035300
v -0.026162 -0.048693 0.017039
v -0.048886 -0.058491 0.034696
v -0.026178 -0.058485 0.034708
v -0.048888 -0.038708 0.045667
v -0.026258 -0.038646 0.045667
v -0.048901 -0.028908 0.027999
v -0.048908 -0.039804 0.045046
v -0.026158 -0.028912 0.028012
v -0.048886 -0.030016 0.027369
v -0.026162 -0.038700 0.045651
v -0.026178 -0.039822 0.045026
v -0.026169 -0.030038 0.027386
v -0.048808 -0.076157 0.024947
v -0.026164 -0.066329 0.007253
v -0.048886 -0.066325 0.007249
v -0.048909 -0.076119 0.024903
v -0.026180 -0.067441 0.006626
v -0.048886 -0.067456 0.006631
v -0.026180 -0.076122 0.024922
v -0.048895 -0.077245 0.024276
v -0.026180 -0.077246 0.024291
v -0.040206 -0.056547 -0.103150
v -0.040104 -0.056515 -0.103193
v -0.038920 -0.067549 -0.086229
v -0.040187 -0.067546 -0.086213
v -0.040196 -0.047090 -0.097005
v -0.038925 -0.056538 -0.103164
v -0.040185 -0.058078 -0.080081
v -0.038917 -0.058075 -0.080092
v -0.038928 -0.047087 -0.097017
v -0.025289 -0.056550 -0.103165
v -0.024126 -0.067564 -0.086187
v -0.025283 -0.067544 -0.086217
v -0.025291 -0.047093 -0.097008
v -0.023965 -0.047178 -0.097064
v -0.024021 -0.056544 -0.103167
v -0.025278 -0.058078 -0.080081
v -0.024002 -0.058087 -0.080089
v -0.024024 -0.047084 -0.097015
v -0.024003 -0.067537 -0.086223
v -0.010448 -0.058094 -0.080099
v -0.010430 -0.056536 -0.103163
v -0.009167 -0.067552 -0.086238
v -0.010426 -0.067546 -0.086209
v -0.010434 -0.047088 -0.097002
v -0.009169 -0.056537 -0.103171
v -0.009167 -0.047085 -0.097012
v -0.009110 -0.067461 -0.086194
v -0.009167 -0.058100 -0.080078
v 0.004586 -0.047105 -0.097018
v 0.004553 -0.056474 -0.103101
v 0.004608 -0.056565 -0.103161
v 0.005865 -0.067556 -0.086236
v 0.004593 -0.067544 -0.086229
v 0.005876 -0.047091 -0.097024
v 0.005893 -0.056538 -0.103152
v 0.004610 -0.058078 -0.080081
v 0.005877 -0.058103 -0.080086
v 0.019643 -0.056545 -0.103164
v 0.020918 -0.067550 -0.086240
v 0.019645 -0.067544 -0.086212
v 0.019650 -0.047088 -0.097008
v 0.020966 -0.047178 -0.097064
v 0.020911 -0.056544 -0.103167
v 0.019647 -0.058107 -0.080083
v 0.020911 -0.047087 -0.097017
v 0.020908 -0.058097 -0.080077
v 0.034517 -0.067532 -0.086226
v 0.034538 -0.058002 -0.080141
v 0.034517 -0.056555 -0.103150
v 0.034622 -0.056515 -0.103193
v 0.035803 -0.056563 -0.103158
v 0.035815 -0.067545 -0.086223
v 0.034535 -0.047090 -0.097005
v 0.034535 -0.058107 -0.080083
v 0.035820 -0.047101 -0.097010
v 0.035817 -0.058100 -0.080092
vn -0.4911 0.7279 0.4784
vn -0.7377 0.5657 0.3685
vn -0.7760 0.5252 0.3493
vn -0.8359 -0.4803 -0.2657
vn -0.9745 -0.1971 -0.1077
vn -0.8607 -0.4334 -0.2671
vn -1.0000 -0.0079 -0.0019
vn -0.9921 -0.1068 -0.0660
vn -0.9994 0.0278 0.0182
vn 0.9946 0.0894 0.0533
vn 0.9999 -0.0082 -0.0092
vn 0.9980 -0.0506 -0.0380
vn -0.9999 -0.0002 -0.0146
vn 0.5865 -0.7913 -0.1730
vn 0.2579 -0.9316 -0.2560
vn 0.2850 -0.9520 -0.1119
vn -0.2326 -0.8230 -0.5182
vn -0.5604 -0.7196 -0.4101
vn -0.2254 -0.8960 -0.3827
vn 0.5900 -0.6999 -0.4025
vn 0.2664 -0.8149 -0.5148
vn 0.2600 -0.8862 -0.3836
vn -0.9717 -0.2030 -0.1209
vn -0.8283 -0.4847 -0.2811
vn -0.8597 -0.4236 -0.2856
vn -0.5564 -0.8171 -0.1512
vn -0.8429 -0.5108 -0.1692
vn -0.6152 -0.7413 -0.2683
vn 0.9790 -0.1726 -0.1085
vn 0.8474 -0.4577 -0.2691
vn 0.8673 -0.4760 -0.1459
vn -0.8414 -0.5170 -0.1575
vn 0.4600 0.7433 0.4857
vn 0.7137 0.5893 0.3786
vn 0.3650 0.7821 0.5052
vn -0.2706 0.8048 0.5282
vn -0.0188 0.8331 0.5528
vn -0.0173 0.8398 0.5427
vn 0.8693 -0.4068 -0.2809
vn 0.9819 -0.1573 -0.1056
vn 0.8764 -0.4074 -0.2569
vn 0.2363 0.8134 0.5316
vn 0.8970 0.3736 0.2364
vn 0.9615 0.2326 0.1467
vn 0.9765 0.1836 0.1125
vn -0.9634 0.2234 0.1480
vn -0.9114 0.3448 0.2246
vn -0.9833 0.1520 0.0996
vn 0.9967 0.0709 0.0401
vn 1.0000 0.0064 -0.0013
vn 0.9946 -0.0860 -0.0585
vn 0.9982 0.0588 0.0102
vn -0.9953 -0.0818 -0.0516
vn -0.9906 -0.1169 -0.0716
vn -0.9990 -0.0396 -0.0216
vn -0.9975 0.0578 0.0410
vn -0.9991 0.0365 0.0217
vn 0.9496 0.2610 0.1736
vn -0.9927 0.0931 0.0761
vn -0.9973 0.0603 0.0428
vn 0.9898 0.1209 0.0748
vn -0.3973 0.7679 0.5024
vn -0.6625 0.6290 0.4068
vn -0.7058 0.5917 0.3895
vn -0.8886 -0.4031 -0.2186
vn -0.9926 -0.1090 -0.0541
vn -0.9092 -0.3542 -0.2188
vn -0.9952 0.0819 0.0527
vn -0.9998 -0.0175 -0.0117
vn -0.9905 0.1171 0.0724
vn 1.0000 0.0001 -0.0011
vn 0.9932 -0.0974 -0.0635
vn 0.9860 -0.1394 -0.0920
vn -0.9952 0.0893 0.0398
vn 0.5032 -0.8401 -0.2024
vn 0.1594 -0.9504 -0.2671
vn 0.1923 -0.9734 -0.1246
vn -0.3330 -0.7978 -0.5026
vn -0.6439 -0.6658 -0.3771
vn -0.3250 -0.8714 -0.3674
vn 0.5024 -0.7490 -0.4320
vn 0.1642 -0.8343 -0.5263
vn 0.1585 -0.9050 -0.3947
vn -0.9910 -0.1152 -0.0679
vn -0.8823 -0.4082 -0.2344
vn -0.9083 -0.3445 -0.2373
vn 0.0869 0.8366 0.5408
vn -0.1679 0.8249 0.5398
vn 0.0866 0.8302 0.5507
vn -0.6345 -0.7638 -0.1185
vn -0.8931 -0.4331 -0.1218
vn -0.6926 -0.6829 -0.2325
vn 0.9523 -0.2592 -0.1610
vn 0.7873 -0.5309 -0.3134
vn 0.8121 -0.5512 -0.1915
vn -0.8915 -0.4394 -0.1102
vn 0.5501 0.6983 0.4579
vn 0.7822 0.5233 0.3381
vn 0.4171 0.7635 0.4930
vn 0.8129 -0.4822 -0.3266
vn 0.9567 -0.2441 -0.1584
vn 0.8212 -0.4835 -0.3030
vn 0.9382 0.2915 0.1864
vn 0.9849 0.1454 0.0936
vn 0.9937 0.0954 0.0588
vn -0.9302 0.3082 0.1994
vn -0.8634 0.4244 0.2728
vn -0.9590 0.2390 0.1524
vn 0.9997 -0.0186 -0.0143
vn 0.9950 -0.0829 -0.0556
vn 0.9783 -0.1743 -0.1122
vn 0.9986 -0.0306 -0.0442
vn -1.0000 0.0076 0.0028
vn -0.9995 -0.0278 -0.0174
vn -0.9982 0.0498 0.0328
vn -0.9846 0.1466 0.0949
vn -0.9892 0.1257 0.0758
vn 0.9772 0.1747 0.1210
vn -0.9748 0.1812 0.1297
vn -0.9841 0.1491 0.0968
vn 0.9993 0.0318 0.0207
vn -0.3974 0.7679 0.5024
vn -0.6624 0.6290 0.4068
vn -0.8887 -0.4031 -0.2186
vn -0.9926 -0.1090 -0.0540
vn -0.9953 0.0815 0.0524
vn -0.9998 -0.0176 -0.0117
vn -0.9905 0.1169 0.0723
vn 1.0000 0.0001 -0.0010
vn -0.9952 0.0892 0.0397
vn -0.6438 -0.6658 -0.3771
vn 0.1586 -0.9050 -0.3947
vn -0.9910 -0.1152 -0.0680
vn 0.0865 0.8302 0.5507
vn 0.0374 0.8393 0.5424
vn -0.8929 -0.4333 -0.1221
vn -0.6927 -0.6826 -0.2331
vn 0.9527 -0.2581 -0.1604
vn 0.8034 -0.5638 -0.1916
vn 0.3368 0.7878 0.5157
vn 0.5503 0.6982 0.4580
vn 0.4602 0.7453 0.4824
vn 0.8129 -0.4822 -0.3265
vn 0.9382 0.2915 0.1863
vn -0.9590 0.2391 0.1524
vn 0.9997 -0.0185 -0.0142
vn 0.9950 -0.0830 -0.0557
vn 0.9786 -0.1729 -0.1116
vn 0.9985 -0.0308 -0.0443
vn -0.9982 0.0499 0.0328
vn -0.9892 0.1256 0.0758
vn -0.9841 0.1490 0.0967
vn 0.9993 0.0314 0.0204
vn -0.9953 0.0817 0.0525
vn 0.5024 -0.7490 -0.4321
vn 0.3360 0.7881 0.5157
vn 0.5501 0.6983 0.4580
vn 0.4171 0.7635 0.4931
vn -0.9910 -0.1151 -0.0678
vn -0.8928 -0.4336 -0.1220
vn -0.6928 -0.6824 -0.2331
vn 0.0862 0.8302 0.5507
vn 0.0870 0.8366 0.5408
vn -0.9302 0.3082 0.1995
vn 0.9985 -0.0307 -0.0443
vn -1.0000 0.0075 0.0028
vn -0.9995 -0.0279 -0.0174
vn -0.9892 0.1256 0.0757
vn -0.6618 0.6295 0.4071
vn -0.7058 0.5918 0.3895
vn -0.9953 0.0814 0.0524
vn -0.9998 -0.0177 -0.0117
vn -0.9905 0.1169 0.0724
vn 0.9859 -0.1395 -0.0920
vn 0.1924 -0.9734 -0.1246
vn 0.3356 0.7882 0.5158
vn 0.5502 0.6983 0.4580
vn -0.9910 -0.1152 -0.0681
vn 0.9523 -0.2591 -0.1610
vn 0.7873 -0.5310 -0.3134
vn -0.2529 0.8127 0.5250
vn -0.1675 0.8249 0.5399
vn 0.0856 0.8303 0.5508
vn 0.0874 0.8366 0.5408
vn 0.9771 0.1747 0.1211
vn -0.9748 0.1813 0.1297
vn 0.9993 0.0311 0.0203
vn -0.7057 0.5918 0.3895
vn -0.9952 0.0820 0.0526
vn -0.9905 0.1172 0.0725
vn -0.9910 -0.1151 -0.0679
vn 0.0877 0.8365 0.5408
vn -0.1674 0.8249 0.5399
vn 0.3362 0.7881 0.5156
vn 0.5502 0.6983 0.4579
vn 0.7823 0.5231 0.3381
vn 0.8130 -0.4822 -0.3265
vn 0.9383 0.2915 0.1864
vn -0.8634 0.4243 0.2728
vn 0.9783 -0.1742 -0.1122
vn -1.0000 0.0077 0.0029
vn -0.9891 0.1258 0.0759
vn 0.9993 0.0313 0.0204
vn 0.5143 -0.8531 0.0880
vn 0.1480 -0.7963 0.5865
vn 0.2087 -0.9733 0.0952
vn -0.2838 0.3832 0.8790
vn -0.3971 0.7697 0.4999
vn 0.6901 -0.4143 0.5934
vn 0.9958 -0.0804 -0.0430
vn 1.0000 -0.0085 0.0026
vn 0.4400 -0.8958 0.0623
vn 0.0539 -0.6861 0.7256
vn 0.1259 -0.9883 0.0862
vn -0.2001 0.4054 0.8920
vn -0.2530 0.8126 0.5250
vn 0.6815 -0.4755 0.5562
vn 0.9809 -0.1689 -0.0968
vn 0.9939 -0.0978 -0.0516
vn 0.4401 -0.8958 0.0622
vn 0.0538 -0.6860 0.7256
vn -0.2002 0.4053 0.8920
vn 0.6816 -0.4755 0.5562
vn 0.0707 -0.7264 0.6836
vn 0.1258 -0.9883 0.0863
vn -0.1679 0.8248 0.5399
vn -0.2004 0.4051 0.8920
vn 0.4400 -0.8958 0.0622
vn 0.0538 -0.6861 0.7255
vn 0.1259 -0.9883 0.0863
vn 0.7749 -0.4976 0.3898
vn 0.0351 -0.5526 0.8327
vn 0.6891 -0.6910 0.2183
vn -0.2002 0.4054 0.8920
vn -0.9802 0.1767 0.0892
vn 0.9726 0.2084 0.1027
vn 0.9875 -0.1306 -0.0878
vn 0.9949 -0.0739 -0.0691
vn 0.9967 -0.0667 -0.0469
vn 0.3060 0.4863 -0.8185
vn 0.0029 0.5406 -0.8413
vn 0.0642 0.5438 -0.8367
vn 0.2369 0.8168 0.5261
vn -0.2706 0.8085 0.5226
vn -0.2236 0.5640 -0.7949
vn -0.0055 0.5504 -0.8349
vn -0.1348 0.5362 -0.8333
vn -0.0131 0.5374 -0.8432
vn -0.4132 -0.8266 -0.3822
vn -0.6411 -0.6591 -0.3932
vn -0.4529 -0.7538 -0.4761
vn 0.7692 0.2287 -0.5967
vn 0.7147 0.3231 -0.6204
vn -0.0916 0.5306 -0.8426
vn -0.7682 0.2031 -0.6071
vn -0.7111 0.3031 -0.6344
vn -0.9542 0.2633 0.1418
vn 0.9915 0.1205 0.0491
vn 0.9657 -0.2183 -0.1409
vn 0.9791 -0.1624 -0.1228
vn 0.9827 -0.1551 -0.1007
vn -0.0098 0.5389 -0.8423
vn -0.0018 0.5505 -0.8349
vn 0.0056 0.5399 -0.8417
vn 0.3361 0.7881 0.5157
vn 0.0050 0.5540 -0.8325
vn 0.2229 0.5513 -0.8040
vn 0.0669 0.5377 -0.8405
vn -0.2152 0.5834 -0.7831
vn -0.0675 0.5475 -0.8341
vn -0.5055 -0.7859 -0.3561
vn -0.7180 -0.5982 -0.3559
vn -0.5440 -0.7091 -0.4486
vn 0.7530 0.1603 -0.6382
vn 0.0873 0.5255 -0.8463
vn 0.7059 0.2593 -0.6591
vn -0.0895 0.5385 -0.8378
vn -0.7788 0.2723 -0.5651
vn -0.7146 0.3667 -0.5957
vn 0.9915 0.1205 0.0490
vn 0.9658 -0.2177 -0.1412
vn 0.9791 -0.1623 -0.1228
vn 0.9827 -0.1553 -0.1008
vn -0.0064 0.5409 -0.8411
vn 0.0029 0.5501 -0.8351
vn 0.0084 0.5376 -0.8432
vn 0.3372 0.7912 0.5102
vn 0.2228 0.5513 -0.8040
vn -0.0031 0.5549 -0.8319
vn -0.5049 -0.7862 -0.3563
vn -0.7176 -0.5985 -0.3561
vn -0.5430 -0.7096 -0.4491
vn -0.3109 0.5038 -0.8059
vn -0.7145 0.3668 -0.5957
vn 0.9915 0.1206 0.0490
vn -0.0018 0.5504 -0.8349
vn -0.5052 -0.7858 -0.3566
vn -0.7175 -0.5986 -0.3562
vn -0.5426 -0.7098 -0.4492
vn 0.7910 -0.5082 -0.3407
vn 0.5888 -0.6575 -0.4701
vn 0.6685 -0.0629 -0.7410
vn -0.0895 0.5385 -0.8379
vn -0.7145 0.3668 -0.5958
vn 0.9657 -0.2182 -0.1409
vn 0.0030 0.5500 -0.8351
vn 0.1325 0.5285 -0.8385
vn -0.0031 0.5550 -0.8318
vn -0.5055 -0.7855 -0.3570
vn -0.7178 -0.5983 -0.3560
vn -0.5436 -0.7093 -0.4488
vn 0.7059 0.2594 -0.6591
vn -0.3108 0.5038 -0.8060
vn -0.7146 0.3668 -0.5957
vn 0.9656 -0.2183 -0.1409
vn 0.9827 -0.1552 -0.1007
vn 0.0476 0.5348 -0.8437
vn -0.0014 0.5492 -0.8357
vn 0.0461 0.5401 -0.8403
vn -0.1314 0.5478 -0.8262
vn -0.5049 -0.7863 -0.3563
vn -0.7177 -0.5985 -0.3561
vn -0.5430 -0.7096 -0.4490
vn 0.7994 -0.4995 -0.3338
vn 0.5888 -0.6574 -0.4702
vn -0.2891 -0.8089 -0.5119
vn -0.6072 -0.6787 -0.4131
vn -0.5663 -0.6977 -0.4387
vn 0.7126 0.5884 0.3821
vn 0.9178 0.3325 0.2168
vn 0.7481 0.5584 0.3585
vn 0.0186 0.8409 0.5409
vn -0.0318 0.8399 0.5418
vn 0.0493 0.8394 0.5413
vn -0.5937 -0.6852 -0.4220
vn -0.2958 -0.8020 -0.5189
vn -0.5619 -0.6881 -0.4592
vn 0.6213 -0.6579 -0.4255
vn 0.3462 -0.7883 -0.5086
vn 0.3170 -0.7888 -0.5266
vn -0.1957 -0.8243 -0.5313
vn -0.2697 -0.8131 -0.5158
vn -0.0224 0.8404 0.5415
vn -0.0821 0.8376 0.5400
vn 0.0029 0.8404 0.5420
vn 0.5038 0.7262 0.4677
vn 0.3801 0.7748 0.5052
vn 0.5512 0.6993 0.4551
vn 0.9543 0.2519 0.1608
vn 0.1111 -0.8335 -0.5412
vn -0.0691 -0.8377 -0.5418
vn -0.0709 -0.8312 -0.5514
vn 0.9857 0.1407 0.0929
vn 0.9873 0.1343 0.0848
vn 0.8348 -0.4638 -0.2965
vn 0.8878 -0.3860 -0.2504
vn 0.2081 0.8221 0.5300
vn 0.0621 0.8391 0.5405
vn 0.1656 -0.8282 -0.5354
vn 0.3495 0.7884 0.5062
vn 0.2744 0.8098 0.5187
vn 0.1681 -0.8211 -0.5455
vn -0.2651 -0.8061 -0.5290
vn -0.3444 -0.7909 -0.5057
vn -0.3949 -0.7622 -0.5129
vn -0.1971 0.8222 0.5339
vn -0.1019 0.8433 0.5277
vn -0.2288 0.8276 0.5125
vn 0.0244 -0.8398 -0.5424
vn -0.1126 -0.8350 -0.5387
vn -0.1447 -0.8314 -0.5366
vn 0.1702 0.8296 0.5318
vn 0.2108 -0.8241 -0.5257
vn 0.1750 -0.8275 -0.5335
vn 0.3456 0.7887 0.5084
vn 0.2072 0.8223 0.5300
vn -0.0512 0.8388 0.5421
vn -0.1454 0.8187 0.5555
vn -0.0206 0.8403 0.5417
vn -0.2957 -0.8021 -0.5188
vn -0.5738 -0.6809 -0.4552
vn 0.6214 -0.6579 -0.4255
vn 0.1682 -0.8277 -0.5353
vn 0.0322 -0.8398 -0.5419
vn -0.0093 -0.8386 -0.5447
vn -0.1943 -0.8245 -0.5315
vn -0.2690 -0.8144 -0.5142
vn 0.5036 0.7263 0.4678
vn 0.3802 0.7748 0.5052
vn 0.1068 -0.8343 -0.5408
vn -0.0745 -0.8365 -0.5428
vn -0.0704 -0.8381 -0.5410
vn 0.9543 0.2520 0.1608
vn 0.9415 -0.2843 -0.1810
vn 0.0498 0.8395 0.5411
vn 0.0633 0.8388 0.5408
vn 0.7481 0.5584 0.3586
vn 0.3515 0.7879 0.5057
vn 0.2917 0.8071 0.5133
vn 0.1406 -0.8260 -0.5459
vn -0.2839 -0.7958 -0.5350
vn -0.3539 -0.7881 -0.5036
vn -0.3871 -0.7640 -0.5162
vn -0.1954 0.8224 0.5343
vn -0.2197 0.8303 0.5122
vn 0.1660 0.8307 0.5314
vn 0.2108 -0.8241 -0.5258
vn 0.1761 -0.8273 -0.5334
vn -0.0196 0.8403 0.5418
vn -0.1262 0.8348 0.5359
vn -0.1205 0.8335 0.5393
vn 0.9179 0.3325 0.2168
vn 0.7481 0.5583 0.3586
vn -0.2946 -0.8023 -0.5191
vn -0.5738 -0.6809 -0.4551
vn 0.3171 -0.7888 -0.5266
vn -0.1936 -0.8246 -0.5316
vn -0.2765 -0.8131 -0.5123
vn 0.5036 0.7264 0.4678
vn -0.0745 -0.8366 -0.5428
vn 0.0632 0.8388 0.5408
vn -0.1931 -0.8246 -0.5317
vn -0.1957 -0.8252 -0.5299
vn 0.1405 -0.8260 -0.5458
vn -0.9178 0.3327 0.2169
vn -0.7131 0.5880 0.3819
vn -0.7480 0.5585 0.3587
vn -0.9414 -0.2821 -0.1847
vn -0.8879 -0.3859 -0.2504
vn -0.9414 -0.2845 -0.1812
vn 0.1553 -0.8297 -0.5361
vn 0.2049 -0.8228 -0.5301
vn 0.1249 -0.8340 -0.5375
vn -0.6215 -0.6578 -0.4254
vn -0.3165 -0.7881 -0.5279
vn -0.3463 -0.7883 -0.5086
vn 0.0126 0.8404 0.5418
vn 0.1253 0.8347 0.5363
vn 0.0987 0.8326 0.5451
vn 0.3194 -0.8096 -0.4925
vn 0.1930 -0.8284 -0.5258
vn 0.2908 -0.8051 -0.5170
vn -0.2820 0.8081 0.5171
vn -0.1052 0.8366 0.5376
vn -0.1034 0.8430 0.5279
vn -0.8350 -0.4636 -0.2964
vn -0.2138 -0.8236 -0.5253
vn -0.3984 -0.7729 -0.4939
vn 0.1956 -0.8241 -0.5315
vn 0.2540 -0.8129 -0.5241
vn 0.1708 -0.8282 -0.5337
vn 0.4391 0.7461 0.5006
vn 0.4761 0.7473 0.4636
vn 0.4193 0.7690 0.4825
vn -0.0351 -0.8399 -0.5415
vn 0.1122 -0.8350 -0.5387
vn -0.9857 0.1404 0.0928
vn -0.9543 0.2520 0.1609
vn -0.9962 -0.0753 -0.0434
vn -0.9962 -0.0725 -0.0484
vn -0.1817 -0.8255 -0.5343
vn -0.1033 -0.8344 -0.5413
vn -0.5039 0.7262 0.4677
vn -0.3344 0.7928 0.5096
vn -0.1378 -0.8257 -0.5471
vn 0.3643 -0.7845 -0.5019
vn 0.2730 -0.8012 -0.5324
vn 0.3943 -0.7627 -0.5127
vn 0.0937 0.8410 0.5329
vn 0.1762 0.8254 0.5363
vn 0.2294 0.8277 0.5121
vn -0.1976 0.8244 0.5305
vn -0.0616 0.8391 0.5405
vn -0.0293 0.8404 0.5412
vn 0.0034 -0.8391 -0.5440
vn -0.1775 -0.8271 -0.5333
vn -0.3773 0.7758 0.5057
vn -0.3433 0.7894 0.5089
vn -0.0344 -0.8399 -0.5416
vn -0.9417 0.2793 0.1873
vn -0.7610 0.5349 0.3671
vn -0.9418 0.2629 0.2094
vn 0.8593 0.0726 0.5062
vn 0.0192 -0.5383 0.8426
vn 0.8608 -0.1742 0.4782
vn 0.8593 0.0725 0.5063
vn 0.0227 -0.5376 0.8429
vn -0.5667 -0.6974 -0.4388
vn -0.8658 -0.4231 -0.2672
vn -0.8675 -0.4317 -0.2473
vn -0.7657 0.5380 0.3525
vn -0.4151 0.7597 0.5006
vn -0.7682 0.5235 0.3685
vn 0.0808 -0.5252 0.8471
vn -0.8675 -0.4316 -0.2473
vn -0.7881 -0.6122 0.0649
vn -0.1776 -0.5930 0.7854
vn -0.8280 -0.4880 0.2762
vn 0.9858 -0.1442 -0.0857
vn 0.8620 -0.4359 -0.2587
vn 0.9856 -0.1575 -0.0616
vn -0.0016 0.5445 -0.8388
vn -0.0160 0.7695 -0.6385
vn 0.0044 0.5915 -0.8063
vn 0.7636 -0.1472 -0.6287
vn 0.0083 0.5387 -0.8424
vn 0.7855 0.0810 -0.6135
vn -0.0127 0.4948 -0.8689
vn -0.0130 0.5267 -0.8500
vn -0.3300 0.3940 -0.8578
vn -0.0805 0.5460 -0.8339
vn 0.0117 0.5443 -0.8388
vn 0.3502 0.4793 -0.8048
vn -0.2163 -0.3133 -0.9247
vn -0.1441 -0.2292 -0.9627
vn -0.0801 0.9922 -0.0950
vn -0.0174 0.9806 -0.1950
vn -0.0908 0.8371 0.5394
vn -0.2043 -0.8172 -0.5389
vn -0.2579 -0.8123 -0.5231
vn -0.0018 0.5450 -0.8384
vn -0.0059 0.7478 -0.6639
vn 0.0051 0.5888 -0.8082
vn 0.7635 -0.1471 -0.6288
vn 0.0059 0.5396 -0.8419
vn 0.7856 0.0810 -0.6135
vn 0.0210 0.3711 -0.9283
vn -0.0047 0.4943 -0.8693
vn -0.0321 0.8057 -0.5914
vn -0.0037 0.5376 -0.8432
vn 0.0030 0.5428 -0.8398
vn -0.0014 0.5942 -0.8043
vn 0.0123 0.6514 -0.7587
vn 0.0305 0.5301 -0.8474
vn 0.7855 0.0811 -0.6135
vn 0.5350 0.5165 -0.6686
vn 0.3045 0.4838 -0.8205
vn -0.0033 0.5380 -0.8429
vn -0.0030 0.5469 -0.8372
vn -0.3368 0.7987 0.4987
vn -0.8325 0.5161 -0.2017
vn -0.0088 0.5436 -0.8393
vn -0.8195 0.4073 -0.4032
vn 0.0021 0.5394 -0.8421
vn 0.0030 0.5883 -0.8086
vn 0.0100 0.5588 -0.8292
vn -0.0107 0.5377 -0.8430
vn -0.3506 0.4836 -0.8020
vn 0.0185 0.4728 -0.8810
vn 0.2148 -0.3028 -0.9285
vn 0.1422 -0.2174 -0.9657
vn 0.0803 0.9934 -0.0822
vn 0.0178 0.9833 -0.1809
vn -0.7131 0.5880 0.3818
vn -0.3368 0.7921 0.5090
vn -0.2053 0.8228 0.5299
vn -0.1644 0.8309 0.5315
vn -0.8879 -0.3860 -0.2504
vn -0.9414 -0.2844 -0.1812
vn -0.9447 -0.2748 -0.1789
vn 0.2238 -0.8198 -0.5271
vn 0.3149 -0.8101 -0.4945
vn 0.1937 -0.8246 -0.5316
vn 0.0204 0.8403 0.5418
vn 0.1242 0.8348 0.5364
vn 0.1055 0.8304 0.5472
vn -0.2779 0.8087 0.5184
vn -0.0998 0.8379 0.5367
vn -0.1039 0.8362 0.5385
vn -0.5520 0.6989 0.4549
vn 0.4449 0.7436 0.4991
vn 0.4230 0.7689 0.4795
vn 0.0181 0.8366 0.5475
vn 0.1508 0.8168 0.5568
vn 0.1179 0.8337 0.5395
vn -0.9857 0.1406 0.0929
vn -0.9873 0.1342 0.0847
vn -0.0350 -0.8400 -0.5415
vn 0.1243 -0.8339 -0.5377
vn 0.1109 -0.8353 -0.5384
vn -0.6215 -0.6578 -0.4255
vn -0.1836 -0.8252 -0.5342
vn -0.3460 -0.7884 -0.5087
vn -0.1212 -0.8311 -0.5428
vn 0.0198 0.8403 0.5417
vn 0.0225 0.8393 0.5432
vn 0.3628 -0.7851 -0.5020
vn 0.2730 -0.8012 -0.5325
vn 0.3857 -0.7648 -0.5161
vn -0.3103 0.8050 0.5057
vn -0.4769 0.7469 0.4634
vn 0.0078 -0.8386 -0.5447
vn -0.3444 0.7891 0.5087
vn 0.1929 -0.8247 -0.5316
vn 0.2966 -0.8016 -0.5191
vn 0.2910 -0.8050 -0.5170
vn -0.7880 -0.6122 0.0649
vn -0.0765 -0.5663 0.8206
vn -0.8281 -0.4878 0.2760
vn 0.8658 -0.4232 -0.2672
vn 0.5668 -0.6973 -0.4387
vn 0.8676 -0.4314 -0.2472
vn 0.4150 0.7597 0.5006
vn 0.7657 0.5380 0.3524
vn 0.7680 0.5237 0.3686
vn 0.0313 0.8455 0.5331
vn 0.0862 0.8371 0.5403
vn 0.1131 0.8450 0.5227
vn 0.2623 -0.8109 -0.5231
vn -0.0053 0.5429 -0.8398
vn 0.0062 0.5152 -0.8570
vn 0.0036 0.5062 -0.8624
vn -0.8326 0.5160 -0.2011
vn -0.8195 0.4073 -0.4031
vn -0.0539 0.6869 -0.7248
vn -0.0050 0.5876 -0.8091
vn 0.0028 0.5466 -0.8374
vn 0.0033 0.5380 -0.8429
vn -0.0294 -0.5455 0.8376
vn -0.1010 -0.5096 0.8545
vn -0.5077 -0.4289 0.7472
vn -0.4956 -0.6953 0.5205
vn -0.1888 -0.7980 0.5723
vn -0.0202 -0.6202 0.7842
vn 0.4422 -0.0515 0.8954
vn 0.2269 -0.0930 0.9695
vn 0.1400 -0.1574 0.9776
vn 0.0135 -0.4818 0.8762
vn 0.0245 -0.6596 0.7512
vn 0.0042 -0.6691 0.7432
vn -0.2227 -0.9717 0.0792
vn -0.1345 -0.9803 0.1447
vn -0.0090 0.2582 0.9660
vn 0.0026 -0.4747 0.8801
vn 0.0618 0.2900 0.9550
vn -0.0139 -0.6463 0.7629
vn 0.4422 -0.0516 0.8954
vn 0.0805 -0.3999 0.9130
vn -0.0065 -0.5084 0.8611
vn 0.0603 -0.3890 0.9193
vn 0.0671 -0.2155 0.9742
vn -0.1754 -0.5565 0.8121
vn -0.0444 -0.5284 0.8478
vn -0.5076 -0.4289 0.7472
vn -0.0297 -0.6552 0.7549
vn -0.2227 -0.9717 0.0791
vn -0.1345 -0.9803 0.1448
vn -0.0090 0.2582 0.9661
vn 0.0151 -0.1019 0.9947
vn -0.0144 -0.6492 0.7605
vn 0.1259 -0.5007 0.8564
vn 0.0101 -0.5656 0.8246
vn 0.3711 -0.4756 0.7976
vn 0.4683 -0.5391 0.7001
vn 0.4355 -0.1186 0.8923
vn 0.1233 -0.1689 0.9779
vn 0.0039 -0.4367 0.8996
vn 0.0848 0.3525 0.9320
vn 0.0030 0.2839 0.9588
vn 0.1374 -0.9757 0.1706
vn 0.0639 -0.8604 0.5056
vn 0.0714 -0.9889 0.1305
vn -0.0079 -0.4408 0.8976
vn -0.0239 -0.4390 0.8982
vn -0.0297 -0.6833 0.7296
vn -0.0059 -0.8037 0.5950
vn -0.4428 -0.0450 0.8955
vn -0.0278 -0.5324 0.8460
vn -0.0402 -0.4731 0.8801
vn -0.3587 -0.8532 0.3787
vn -0.0517 -0.6762 0.7349
vn 0.0423 -0.5291 0.8475
vn 0.0453 -0.5472 0.8357
vn 0.5076 -0.4289 0.7472
vn 0.1234 -0.1688 0.9779
vn 0.0321 -0.6159 0.7872
vn 0.4932 -0.6963 0.5215
vn 0.0033 -0.4000 0.9165
vn 0.0847 0.3525 0.9320
vn -0.0013 0.2401 0.9707
vn -0.0192 -0.5382 0.8426
vn 0.1375 -0.9757 0.1707
vn 0.0189 -0.6484 0.7611
vn 0.0713 -0.9888 0.1310
vn -0.0355 -0.2859 0.9576
vn -0.1717 0.3023 0.9376
vn -0.0484 0.2336 0.9711
vn -0.0249 -0.6618 0.7492
vn -0.0025 -0.6618 0.7497
vn -0.4409 -0.0660 0.8951
vn -0.2204 -0.1083 0.9694
vn -0.3588 -0.8532 0.3786
vn -0.0552 -0.6846 0.7268
vn -0.0391 -0.5466 0.8365
vn -0.0398 -0.5299 0.8471
vn -0.4955 -0.6954 0.5205
vn -0.1890 -0.7980 0.5722
vn -0.0187 -0.6189 0.7852
vn -0.1250 -0.9739 0.1893
vn -0.0090 0.2581 0.9661
vn 0.0057 -0.3898 0.9209
vn 0.0617 0.2900 0.9550
vn -0.0066 -0.6535 0.7569
vn 0.0369 -0.9941 0.1021
vn -0.0776 -0.9786 0.1905
vn 0.1401 -0.1574 0.9776
vn 0.0612 -0.2471 0.9671
vn 0.2269 -0.0929 0.9695
vn 0.1725 -0.5917 0.7875
vn 0.5604 -0.4852 0.6712
vn 0.0515 -0.5510 0.8329
vn 0.0076 -0.7482 0.6635
vn -0.0681 -0.6948 0.7160
vn 0.7940 -0.4274 0.4324
vn 0.7352 -0.6273 0.2569
vn 0.6901 -0.4142 0.5934
vn -0.0226 -0.5505 0.8346
vn -0.6929 -0.4561 0.5585
vn -0.1938 -0.5434 0.8168
vn -0.6923 -0.4047 0.5974
vn 0.1914 -0.5274 0.8278
vn 0.0077 -0.5309 0.8474
vn 0.7328 -0.2836 0.6185
vn -0.1752 -0.5126 0.8406
vn -0.7305 -0.1922 0.6553
vn -0.6937 -0.3330 0.6386
vn -0.0074 -0.5165 0.8563
vn -0.3541 -0.3560 0.8648
vn 0.6413 0.2676 0.7191
vn 0.3557 -0.3322 0.8736
vn 0.7226 -0.0535 0.6892
vn -0.6553 0.2552 0.7109
vn -0.7133 -0.1003 0.6936
vn -0.0178 -0.0910 0.9957
vn -0.0830 -0.6758 0.7324
vn -0.0304 -0.8021 0.5964
vn 0.0483 -0.5554 0.8301
vn -0.6995 -0.3936 0.5965
vn -0.1969 -0.5257 0.8276
vn -0.6922 -0.3426 0.6352
vn 0.1883 -0.5441 0.8176
vn 0.0062 -0.5313 0.8472
vn 0.7370 -0.3493 0.5786
vn -0.0070 -0.5156 0.8568
vn -0.0257 -0.5480 0.8361
vn -0.1744 -0.4967 0.8503
vn -0.7081 -0.1276 0.6945
vn -0.6850 -0.2711 0.6763
vn 0.3021 -0.4782 0.8247
vn -0.3370 -0.3248 0.8837
vn 0.7008 0.2076 0.6825
vn 0.3715 -0.3646 0.8539
vn 0.7513 -0.1193 0.6491
vn -0.5903 0.3112 0.7447
vn -0.6807 -0.0376 0.7316
vn -0.1120 -0.7171 0.6879
vn -0.0304 -0.8021 0.5965
vn 0.0898 -0.5636 0.8212
vn -0.0236 -0.5477 0.8364
vn -0.3297 -0.5003 0.8007
vn 0.0538 -0.5465 0.8357
vn -0.1743 -0.4967 0.8503
vn -0.7081 -0.1275 0.6945
vn -0.0073 -0.5144 0.8575
vn 0.3715 -0.3645 0.8539
vn 0.0088 -0.5258 0.8506
vn 0.0282 -0.0911 0.9954
vn -0.0305 -0.8021 0.5964
vn 0.7749 -0.4975 0.3898
vn 0.0475 -0.5552 0.8304
vn -0.6922 -0.3426 0.6353
vn 0.1882 -0.5441 0.8176
vn -0.6850 -0.2711 0.6762
vn 0.0006 -0.5287 0.8488
vn -0.0263 -0.5481 0.8360
vn 0.1442 -0.5196 0.8422
vn 0.7008 0.2077 0.6825
vn -0.5904 0.3112 0.7447
vn -0.6807 -0.0377 0.7316
vn -0.0154 -0.5705 0.8212
vn 0.7749 -0.4976 0.3899
vn 0.0420 -0.5541 0.8314
vn -0.6921 -0.3426 0.6353
vn -0.0029 -0.5329 0.8462
vn -0.1427 -0.5586 0.8171
vn 0.0888 -0.5468 0.8325
vn -0.2670 -0.4636 0.8448
vn 0.7371 -0.3493 0.5786
vn 0.1122 -0.5262 0.8430
vn -0.5903 0.3114 0.7447
vn 0.7008 0.2076 0.6824
vn 0.1485 -0.4841 0.8623
vn -0.0384 -0.5494 0.8346
vn -0.0033 -0.5311 0.8473
vn 0.0134 -0.5160 0.8565
vn -0.2679 -0.4631 0.8449
vn -0.6863 -0.2699 0.6753
vn 0.3020 -0.4782 0.8247
vn 0.0018 0.3307 -0.9437
vn 0.0104 0.5227 -0.8524
vn 0.8009 -0.5085 -0.3162
vn -0.3824 -0.5707 -0.7267
vn -0.0030 0.4613 -0.8873
vn 0.9979 -0.0583 -0.0284
vn 0.9959 0.0722 0.0547
vn 0.0291 -0.9479 0.3171
vn 0.0115 -0.8769 -0.4805
vn 0.0034 -0.8728 -0.4880
vn 0.9819 -0.1666 -0.0897
vn 0.9989 0.0341 0.0315
vn 0.0243 -0.9589 0.2829
vn 0.9991 -0.0300 -0.0294
vn 0.2707 -0.4918 -0.8276
vn -0.0024 0.8755 0.4832
vn 0.0046 0.8794 0.4761
vn -0.3568 0.9342 -0.0056
vn -0.0098 0.5436 -0.8393
vn -0.0023 0.4501 -0.8930
vn -0.4472 -0.5155 -0.7309
vn 0.0032 0.3151 -0.9491
vn 0.9982 -0.0505 -0.0319
vn 0.9777 -0.1856 -0.0979
vn 0.6374 -0.6504 -0.4132
vn -0.0027 0.8756 0.4830
vn 0.0044 0.8802 0.4746
vn -0.3492 0.9350 -0.0615
vn -0.9994 -0.0330 -0.0139
vn -0.9834 -0.1569 -0.0910
vn -0.6362 -0.6964 -0.3320
vn 0.0110 -0.5379 0.8430
vn -0.0028 -0.6571 0.7538
vn 0.4267 -0.8941 -0.1364
vn -0.0034 -0.3216 0.9469
vn 0.0019 -0.4485 0.8938
vn 0.0432 0.3784 0.9246
vn 0.0021 0.8764 0.4816
vn 0.0104 0.8726 0.4884
vn 0.4235 0.9049 -0.0429
vn -0.0023 0.8726 0.4884
vn -0.0105 0.8763 0.4816
vn -0.7967 0.5095 0.3251
vn -0.9979 0.0550 0.0339
vn -0.9959 -0.0843 -0.0336
vn -0.7966 0.5095 0.3253
vn -1.0000 -0.0038 -0.0065
vn -0.9999 0.0139 -0.0044
vn -0.8322 -0.2397 -0.5000
vn -0.0653 0.5278 -0.8468
vn 0.0364 0.5407 -0.8404
vn 0.7654 0.2877 -0.5757
vn 0.0383 -0.8402 -0.5410
vn 0.1813 -0.8229 -0.5385
vn 0.8091 -0.5863 0.0391
vn 0.1839 0.5406 -0.8209
vn -1.0000 -0.0040 -0.0069
vn -0.9999 0.0147 -0.0059
vn -0.8093 -0.2089 -0.5490
vn 0.0441 -0.8401 -0.5407
vn 0.1813 -0.8230 -0.5383
vn 0.8523 -0.5225 0.0259
vn 0.0624 -0.5592 0.8267
vn -0.0362 -0.5479 0.8358
vn -0.7662 -0.4077 0.4967
vn 0.9999 0.0145 -0.0060
vn 1.0000 -0.0033 -0.0067
vn 0.5789 0.3720 -0.7256
vn -0.9999 -0.0110 -0.0112
vn -0.9999 0.0121 -0.0075
vn -0.5415 0.3774 -0.7512
vn -1.0000 -0.0062 -0.0007
vn -0.1289 -0.8335 -0.5372
vn 0.0364 -0.8402 -0.5411
vn 0.1575 -0.8262 -0.5409
vn 0.7583 -0.5747 -0.3078
vn 0.2094 0.5397 -0.8154
vn 0.7524 0.2853 -0.5938
vn 0.0569 0.5387 -0.8406
vn -0.0633 0.8302 0.5538
vn 0.5933 -0.3877 0.7055
vn 0.1888 0.8219 0.5374
vn 0.7731 0.5561 0.3051
vn 0.0322 0.8395 0.5424
vn 0.9999 -0.0150 0.0057
vn 1.0000 0.0043 0.0073
vn -0.0702 0.5606 -0.8251
vn 0.8348 0.5496 -0.0328
vn 0.0632 0.5467 -0.8350
vn 0.0629 0.8392 0.5402
vn 0.2098 0.8177 0.5360
vn 0.0364 -0.5386 0.8417
vn 0.1806 -0.5408 0.8215
vn 0.7485 -0.2958 0.5936
vn -0.9999 0.0118 -0.0069
vn -0.9997 0.0173 0.0158
vn -0.5651 0.7197 0.4033
vn -1.0000 -0.0033 -0.0054
vn -0.8100 -0.2076 -0.5484
vn 0.0353 -0.8402 -0.5411
vn 0.1812 -0.8229 -0.5384
vn 0.7671 -0.5602 -0.3126
vn 0.9999 0.0149 -0.0057
vn 1.0000 -0.0039 -0.0072
vn 0.5787 0.3725 -0.7255
vn 0.0602 0.8390 0.5408
vn 0.1865 0.8214 0.5390
vn 0.7616 0.5727 0.3031
vn 0.0580 -0.5386 0.8405
vn 0.2097 -0.5389 0.8158
vn 0.7505 -0.2868 0.5954
vn -0.7743 0.5563 0.3017
vn -0.1723 0.8242 0.5395
vn -0.0395 0.8391 0.5426
vn -1.0000 -0.0029 -0.0057
vn -0.9999 0.0139 -0.0043
vn -0.7747 -0.3505 -0.5263
vn -0.0926 0.5231 -0.8472
vn 0.0728 0.5379 -0.8399
vn 0.6946 -0.5858 -0.4176
vn -0.9978 -0.0516 -0.0405
vn -0.9978 0.0595 0.0282
vn -0.3568 0.9342 -0.0055
vn 0.0041 -0.4077 0.9131
vn 0.7282 0.5767 0.3703
vn 0.0046 0.8687 0.4953
vn 0.0023 -0.4419 0.8970
vn 0.7265 0.5840 0.3622
vn 0.0044 0.8687 0.4953
vn -0.0426 -0.8355 -0.5478
vn -0.8323 -0.2396 -0.4999
vn 0.0851 0.5501 -0.8307
vn 0.6700 0.6460 0.3658
vn 0.0872 -0.5494 0.8310
vn 0.7582 -0.5748 -0.3078
vn -0.0715 0.5397 -0.8388
vn -0.6735 -0.6018 -0.4292
vn -0.9999 -0.0010 -0.0147
vn 0.0851 0.5500 -0.8308
vn 0.7617 0.5727 0.3031
vn -0.0892 -0.8328 -0.5464
vn -0.7747 -0.3506 -0.5263
vn -1.0000 0.0059 0.0080
vn -0.6889 -0.3436 0.6382
vn 0.5958 -0.6825 -0.4233
vn 0.2743 -0.8214 -0.5000
vn 0.2768 -0.8183 -0.5038
vn 0.8791 -0.4032 -0.2541
vn 0.5945 -0.6873 -0.4174
vn 0.8735 0.4065 0.2679
vn 0.8552 -0.4520 -0.2538
vn 0.9819 -0.1661 -0.0914
vn -0.9049 0.3529 0.2379
vn 0.7537 0.5502 0.3595
vn -0.5658 -0.7063 -0.4254
vn 0.9679 -0.2153 -0.1294
vn 0.8595 -0.4870 -0.1554
vn -0.5671 -0.7016 -0.4314
vn -0.2402 -0.8299 -0.5036
vn 0.8761 -0.3963 -0.2745
vn -0.2498 -0.9544 -0.1636
vn -0.5611 -0.8078 -0.1805
vn -0.5677 -0.6779 -0.4670
vn 0.0175 -0.8549 -0.5184
vn 0.0176 -0.8522 -0.5230
vn 0.3181 -0.9410 -0.1157
vn 0.0235 -0.9947 -0.1005
vn 0.0157 -0.9948 -0.1006
vn 0.0175 -0.8467 -0.5319
vn 0.2762 -0.7866 -0.5522
vn 0.0173 -0.8178 -0.5752
vn -0.2428 -0.8268 -0.5074
vn -0.2793 -0.9523 -0.1228
vn 0.0311 -0.9655 -0.2584
vn 0.8574 -0.4375 -0.2710
vn -0.3858 -0.8874 -0.2525
vn 0.0156 -0.9155 -0.4021
vn 0.0175 -0.9703 -0.2412
vn 0.0154 -0.9084 -0.4178
vn 0.5892 -0.7953 -0.1427
vn 0.5955 -0.6592 -0.4592
vn -0.9548 0.2433 0.1707
vn -0.9628 -0.2406 -0.1232
vn -0.2426 -0.7951 -0.5558
vn 0.6408 -0.7222 -0.2604
vn 0.4179 -0.8743 -0.2469
vn 0.6672 -0.6379 -0.3846
vn 0.4444 -0.8135 -0.3752
vn -0.8409 -0.4635 -0.2793
vn -0.9532 -0.2563 -0.1604
vn 0.9877 0.1263 0.0918
vn -0.9991 -0.0378 -0.0209
vn -0.9991 -0.0426 -0.0091
vn 0.5983 -0.6806 -0.4228
vn 0.2806 -0.8172 -0.5034
vn -0.5698 -0.6782 -0.4641
vn -0.2467 -0.7974 -0.5508
vn -0.2468 -0.8258 -0.5071
vn 0.0175 -0.8520 -0.5232
vn -0.9747 -0.1893 -0.1192
vn -0.8525 -0.4337 -0.2919
vn 1.0000 -0.0057 -0.0074
vn 0.2802 -0.7888 -0.5471
vn 0.5977 -0.6593 -0.4561
vn -0.5696 -0.6999 -0.4310
vn 0.0172 -0.8216 -0.5698
vn -0.8577 -0.4375 -0.2700
vn -0.9813 -0.1628 -0.1023
vn 0.9958 -0.0752 -0.0525
vn -0.9923 -0.1116 -0.0543
vn -0.9919 -0.1080 -0.0665
vn 0.5087 -0.7321 -0.4531
vn 0.1723 -0.8416 -0.5119
vn 0.1748 -0.8387 -0.5158
vn 0.8245 -0.4795 -0.3003
vn 0.5072 -0.7368 -0.4472
vn 0.9195 0.3263 0.2190
vn 0.7963 -0.5260 -0.2986
vn 0.9567 -0.2530 -0.1441
vn -0.8555 0.4318 0.2857
vn 0.8182 0.4799 0.3165
vn -0.6489 -0.6521 -0.3921
vn 0.9364 -0.3005 -0.1812
vn 0.8031 -0.5613 -0.1999
vn -0.6501 -0.6472 -0.3981
vn -0.3404 -0.8040 -0.4875
vn 0.8210 -0.4724 -0.3205
vn -0.3426 -0.9279 -0.1471
vn -0.6400 -0.7541 -0.1475
vn -0.6505 -0.6235 -0.4337
vn -0.0871 -0.8520 -0.5163
vn -0.0870 -0.8492 -0.5208
vn 0.2261 -0.9654 -0.1302
vn -0.0709 -0.9926 -0.0989
vn -0.0787 -0.9920 -0.0985
vn -0.0871 -0.8437 -0.5297
vn 0.1745 -0.8070 -0.5642
vn -0.0871 -0.8149 -0.5730
vn -0.3428 -0.8007 -0.4912
vn -0.3694 -0.9233 -0.1048
vn -0.0693 -0.9639 -0.2570
vn 0.7996 -0.5109 -0.3155
vn -0.4767 -0.8488 -0.2286
vn -0.0881 -0.9123 -0.3999
vn -0.0824 -0.9675 -0.2391
vn -0.0844 -0.9054 -0.4162
vn 0.5072 -0.8445 -0.1723
vn 0.5084 -0.7088 -0.4890
vn -0.9186 0.3273 0.2217
vn -0.9857 -0.1532 -0.0700
vn -0.3425 -0.7691 -0.5396
vn 0.5578 -0.7769 -0.2921
vn 0.3242 -0.9076 -0.2668
vn 0.5864 -0.6937 -0.4182
vn 0.3499 -0.8480 -0.3982
vn -0.8929 -0.3860 -0.2320
vn -0.9795 -0.1699 -0.1078
vn 0.9986 0.0373 0.0377
vn -0.9981 0.0518 0.0336
vn -0.9979 0.0469 0.0452
vn 0.5114 -0.7304 -0.4528
vn 0.1787 -0.8379 -0.5157
vn -0.6524 -0.6236 -0.4306
vn -0.3465 -0.7710 -0.5344
vn -0.3467 -0.7994 -0.4907
vn -0.0871 -0.8491 -0.5210
vn -0.9927 -0.1013 -0.0656
vn -0.9024 -0.3552 -0.2440
vn 0.9936 -0.0950 -0.0617
vn 0.1785 -0.8095 -0.5593
vn 0.5107 -0.7091 -0.4861
vn -0.6524 -0.6453 -0.3975
vn -0.0872 -0.8186 -0.5676
vn -0.9067 -0.3586 -0.2218
vn -0.9961 -0.0743 -0.0484
vn 0.9808 -0.1635 -0.1062
vn -0.9997 -0.0224 -0.0000
vn -0.9997 -0.0188 -0.0122
vn 0.5086 -0.7321 -0.4531
vn 0.8245 -0.4796 -0.3003
vn 0.7830 0.5224 0.3376
vn 0.7964 -0.5260 -0.2986
vn 0.9416 -0.2951 -0.1622
vn 0.8044 -0.5581 -0.2035
vn -0.0872 -0.8437 -0.5297
vn -0.3695 -0.9233 -0.1048
vn 0.9297 -0.3101 -0.1989
vn 0.8001 -0.5113 -0.3138
vn -0.4771 -0.8485 -0.2289
vn -0.0881 -0.9123 -0.3998
vn -0.0862 -0.9054 -0.4158
vn 0.5071 -0.8445 -0.1723
vn -0.9858 -0.1530 -0.0700
vn 0.5586 -0.7760 -0.2928
vn 0.3241 -0.9076 -0.2668
vn 0.5856 -0.6942 -0.4185
vn 0.3485 -0.8491 -0.3970
vn -0.8927 -0.3862 -0.2322
vn -0.9796 -0.1698 -0.1077
vn 0.5113 -0.7304 -0.4528
vn -0.6524 -0.6237 -0.4306
vn -0.9927 -0.1012 -0.0656
vn 0.9808 -0.1636 -0.1062
vn -0.9997 -0.0225 -0.0000
vn 0.7821 0.5233 0.3382
vn 0.9567 -0.2529 -0.1441
vn 0.9417 -0.2947 -0.1621
vn 0.8045 -0.5581 -0.2032
vn 0.9297 -0.3100 -0.1989
vn 0.7948 -0.5165 -0.3186
vn -0.4772 -0.8485 -0.2288
vn -0.0882 -0.9123 -0.3999
vn -0.0824 -0.9675 -0.2390
vn -0.0874 -0.9055 -0.4153
vn -0.9858 -0.1528 -0.0699
vn 0.5579 -0.7766 -0.2927
vn 0.3244 -0.9074 -0.2670
vn 0.5862 -0.6924 -0.4207
vn 0.3493 -0.8490 -0.3966
vn -0.8928 -0.3861 -0.2321
vn -0.9796 -0.1697 -0.1077
vn -0.9981 0.0517 0.0336
vn 0.5108 -0.7091 -0.4861
vn -0.9068 -0.3586 -0.2218
vn -0.9961 -0.0742 -0.0483
vn -0.9998 -0.0187 -0.0121
vn 0.7822 0.5233 0.3382
vn 0.8182 0.4799 0.3166
vn 0.9364 -0.3006 -0.1812
vn 0.8031 -0.5612 -0.2002
vn -0.3429 -0.8007 -0.4912
vn 0.7992 -0.5115 -0.3158
vn -0.4766 -0.8488 -0.2288
vn -0.0871 -0.9052 -0.4160
vn -0.9186 0.3272 0.2217
vn -0.9857 -0.1534 -0.0701
vn 0.5585 -0.7763 -0.2922
vn 0.3237 -0.9078 -0.2666
vn 0.5860 -0.6939 -0.4183
vn 0.3494 -0.8487 -0.3971
vn -0.6523 -0.6453 -0.3975
vn -0.9961 -0.0742 -0.0485
vn -0.9997 -0.0190 -0.0123
vn 0.1724 -0.8416 -0.5119
vn 0.8183 0.4798 0.3165
vn 0.8029 -0.5615 -0.2002
vn 0.7935 -0.5171 -0.3209
vn -0.0862 -0.9054 -0.4157
vn 0.3246 -0.9074 -0.2669
vn 0.5862 -0.6924 -0.4208
vn 0.3490 -0.8489 -0.3970
vn -0.9981 0.0517 0.0335
vn -0.9997 -0.0189 -0.0122
vn -0.4881 -0.8696 0.0749
vn 0.3856 0.4450 0.8083
vn 0.1637 0.4108 0.8969
vn -0.1782 -0.9796 0.0925
vn 0.0150 -0.9879 0.1542
vn -0.0376 0.3416 0.9391
vn 0.2088 -0.9733 0.0952
vn 0.5143 -0.8531 0.0881
vn 0.7352 -0.6273 0.2568
vn 0.6414 0.2676 0.7191
vn 0.3856 0.4449 0.8083
vn 0.1636 0.4107 0.8969
vn -0.6554 0.2552 0.7109
vn -0.7134 -0.1002 0.6936
vn -0.6938 -0.3330 0.6386
vn -0.6846 -0.5025 0.5280
vn -0.7168 -0.6522 0.2467
vn -0.4881 -0.8696 0.0750
vn -0.0376 0.3417 0.9391
vn 0.6902 -0.2083 0.6930
vn -0.6928 -0.4561 0.5585
vn -0.7305 -0.1921 0.6553
vn -0.5590 -0.8226 0.1037
vn 0.4671 0.4071 0.7849
vn 0.2483 0.3924 0.8856
vn -0.2597 -0.9600 0.1047
vn -0.0649 -0.9857 0.1558
vn -0.2001 0.4053 0.8920
vn 0.0441 0.3418 0.9387
vn 0.4401 -0.8958 0.0623
vn 0.4671 0.4070 0.7849
vn 0.2482 0.3924 0.8856
vn -0.6971 -0.4405 0.5658
vn -0.7577 -0.5861 0.2870
vn 0.0441 0.3417 0.9388
vn 0.7055 -0.2706 0.6551
vn -0.5590 -0.8227 0.1037
vn 0.2482 0.3924 0.8857
vn 0.4671 0.4070 0.7850
vn -0.7577 -0.5860 0.2870
vn 0.7054 -0.2706 0.6551
vn -0.5590 -0.8226 0.1036
vn -0.2597 -0.9600 0.1046
vn 0.0441 0.3418 0.9388
vn 0.4401 -0.8958 0.0624
vn 0.7008 0.2077 0.6824
vn -0.5591 -0.8226 0.1036
vn 0.2481 0.3926 0.8856
vn 0.0282 -0.0912 0.9954
vn 0.0515 -0.4300 0.9014
vn -0.2003 0.4051 0.8920
vn 0.1259 -0.9883 0.0864
vn -0.0649 -0.9857 0.1557
vn 0.0442 0.3418 0.9387
vn -0.6934 -0.3418 0.6343
vn -0.6864 -0.2699 0.6753
vn -0.6956 -0.4410 0.5672
vn -0.6981 -0.3942 0.5976
vn -0.9787 -0.1666 -0.1204
vn 0.9832 -0.1405 -0.1161
vn 0.9643 -0.2138 -0.1563
vn -0.4610 -0.7386 -0.4919
vn 0.0191 -0.8459 -0.5330
vn 0.4909 -0.7235 -0.4854
vn 0.4832 -0.7387 -0.4699
vn -0.8375 -0.4541 -0.3039
vn -0.9890 -0.1142 -0.0942
vn -0.6443 -0.6376 -0.4223
vn 0.6701 -0.6165 -0.4135
vn 0.8623 -0.4183 -0.2855
vn -0.7111 0.3031 -0.6345
vn -0.7682 0.2032 -0.6071
vn -0.9547 -0.2445 -0.1699
vn -0.7283 0.1646 -0.6651
vn -0.6752 0.3889 -0.6268
vn -0.7200 0.4845 -0.4969
vn -0.7280 0.5799 -0.3656
vn 0.6744 0.4095 -0.6145
vn 0.7112 0.5074 -0.4866
vn 0.7137 0.6034 -0.3557
vn 0.7147 0.3231 -0.6203
vn 0.7692 0.2286 -0.5967
vn 0.7297 0.1906 -0.6566
vn 0.1809 0.6744 -0.7159
vn 0.2663 0.9634 -0.0311
vn 0.5985 0.7905 -0.1297
vn 0.3069 0.6228 -0.7197
vn 0.7137 0.6034 -0.3558
vn 0.7214 -0.0469 -0.6909
vn 0.4164 0.3986 -0.8171
vn 0.0675 0.4337 -0.8985
vn 0.5610 -0.2531 -0.7882
vn 0.3906 -0.2732 -0.8791
vn -0.5415 -0.2710 -0.7958
vn -0.2320 0.0991 -0.9677
vn -0.3693 -0.2855 -0.8843
vn -0.4209 0.3829 -0.8223
vn -0.7100 -0.0702 -0.7007
vn -0.7284 0.1645 -0.6651
vn -0.6221 0.7707 -0.1381
vn -0.3171 0.6126 -0.7240
vn -0.7280 0.5800 -0.3657
vn -0.2971 0.9542 -0.0350
vn -0.1928 0.6683 -0.7185
vn -0.0008 0.4333 -0.9013
vn 0.0117 -0.3170 -0.9484
vn -0.0104 0.8553 -0.5180
vn -0.0156 0.9962 -0.0854
vn 0.0008 0.5549 -0.8319
vn 0.0544 0.5544 -0.8305
vn 0.0117 -0.3169 -0.9484
vn 0.0204 -0.8301 -0.5572
vn -0.2971 0.9542 -0.0349
vn -0.3694 -0.2856 -0.8843
vn 0.5985 0.7906 -0.1297
vn -0.7200 0.4845 -0.4968
vn -0.9947 -0.0783 -0.0666
vn 0.9590 -0.2275 -0.1689
vn 0.9315 -0.2986 -0.2077
vn -0.0874 -0.8430 -0.5308
vn -0.5514 -0.6933 -0.4639
vn -0.0872 -0.8272 -0.5551
vn 0.3980 -0.7632 -0.5091
vn 0.3898 -0.7778 -0.4931
vn -0.8900 -0.3769 -0.2567
vn -0.9989 -0.0252 -0.0400
vn -0.7206 -0.5766 -0.3849
vn 0.5904 -0.6721 -0.4469
vn -0.9805 -0.1579 -0.1172
vn -0.7458 0.2304 -0.6251
vn -0.6708 0.4490 -0.5903
vn -0.6998 0.5479 -0.4584
vn -0.6921 0.6434 -0.3272
vn 0.6738 0.3489 -0.6513
vn 0.7262 0.4429 -0.5259
vn 0.7443 0.5380 -0.3957
vn 0.7070 0.1261 -0.6958
vn 0.2012 0.6570 -0.7265
vn 0.3432 0.9367 -0.0690
vn 0.6578 0.7308 -0.1821
vn 0.3218 0.5944 -0.7370
vn 0.7443 0.5380 -0.3956
vn 0.6758 -0.1097 -0.7289
vn 0.4054 0.3616 -0.8396
vn 0.7071 0.1261 -0.6958
vn 0.1977 0.0869 -0.9764
vn 0.4925 -0.3005 -0.8168
vn 0.3163 -0.3051 -0.8983
vn -0.6060 -0.2198 -0.7645
vn -0.0791 0.4378 -0.8956
vn -0.4408 -0.2495 -0.8622
vn -0.4291 0.4207 -0.7993
vn -0.7504 -0.0050 -0.6610
vn -0.7458 0.2304 -0.6250
vn -0.5587 0.8199 -0.1250
vn -0.3000 0.6401 -0.7074
vn -0.6920 0.6434 -0.3272
vn -0.2080 0.9772 -0.0432
vn -0.1711 0.6843 -0.7088
vn -0.0111 0.4335 -0.9011
vn -0.0682 -0.3147 -0.9468
vn 0.0379 0.8539 -0.5190
vn 0.0709 0.9963 -0.0477
vn -0.2080 0.9772 -0.0433
vn -0.0682 -0.3147 -0.9467
vn 0.3432 0.9367 -0.0691
vn -0.5587 0.8199 -0.1249
vn -0.4409 -0.2496 -0.8622
vn 0.4925 -0.3004 -0.8168
vn 0.8053 -0.4924 -0.3303
vn 0.7262 0.4428 -0.5259
vn -0.9947 -0.0781 -0.0666
vn -0.9805 -0.1579 -0.1171
vn 0.9588 -0.2281 -0.1694
vn 0.9315 -0.2982 -0.2082
vn -0.0860 -0.8430 -0.5309
vn -0.5506 -0.6937 -0.4643
vn -0.0872 -0.8273 -0.5550
vn 0.3974 -0.7633 -0.5093
vn 0.3890 -0.7780 -0.4934
vn -0.0676 0.5475 -0.8341
vn -0.8899 -0.3770 -0.2568
vn -0.9989 -0.0251 -0.0400
vn -0.7202 -0.5770 -0.3852
vn 0.5889 -0.6730 -0.4475
vn 0.7968 -0.5012 -0.3375
vn 0.6739 0.3489 -0.6513
vn 0.2011 0.6570 -0.7265
vn 0.3492 0.9358 -0.0481
vn 0.6588 0.7342 -0.1642
vn 0.3217 0.5944 -0.7370
vn 0.4055 0.3616 -0.8396
vn -0.3001 0.6401 -0.7073
vn -0.1713 0.6844 -0.7087
vn 0.0600 0.9960 -0.0664
vn -0.0566 0.5575 -0.8282
vn 0.0601 0.9960 -0.0664
vn -0.6060 -0.2199 -0.7645
vn -0.4409 -0.2495 -0.8622
vn -0.9947 -0.0782 -0.0666
vn 0.9588 -0.2281 -0.1695
vn 0.9315 -0.2983 -0.2083
vn -0.5501 -0.6940 -0.4645
vn -0.0849 -0.8432 -0.5309
vn 0.0061 0.5395 -0.8420
vn -0.0065 0.5409 -0.8411
vn 0.4061 -0.7609 -0.5061
vn 0.3979 -0.7740 -0.4926
vn -0.8902 -0.3765 -0.2565
vn -0.7202 -0.5769 -0.3853
vn 0.2012 0.6571 -0.7265
vn 0.3433 0.9367 -0.0688
vn 0.6579 0.7309 -0.1818
vn 0.0626 0.4208 -0.9050
vn 0.2984 -0.2697 -0.9155
vn -0.2744 0.1216 -0.9539
vn -0.2999 0.6400 -0.7074
vn 0.0710 0.9963 -0.0476
vn -0.0839 -0.8275 -0.5552
vn 0.6579 0.7309 -0.1817
vn 0.9314 -0.2987 -0.2078
vn -0.5511 -0.6935 -0.4641
vn -0.0850 -0.8431 -0.5310
vn 0.3984 -0.7630 -0.5089
vn 0.3903 -0.7776 -0.4930
vn -0.8900 -0.3768 -0.2567
vn -0.7206 -0.5766 -0.3850
vn 0.5894 -0.6727 -0.4472
vn 0.8048 -0.4929 -0.3307
vn 0.2010 0.6570 -0.7266
vn 0.3433 0.9367 -0.0687
vn 0.6758 -0.1096 -0.7289
vn 0.0094 0.5368 -0.8437
vn -0.6060 -0.2199 -0.7644
vn -0.0792 0.4378 -0.8956
vn -0.7504 -0.0050 -0.6609
vn -0.5586 0.8203 -0.1232
vn -0.3000 0.6401 -0.7073
vn -0.2082 0.9772 -0.0421
vn 0.0380 0.8539 -0.5190
vn 0.0708 0.9964 -0.0476
vn -0.2082 0.9772 -0.0422
vn -0.0842 -0.8274 -0.5552
vn -0.5586 0.8203 -0.1231
vn 0.3163 -0.3051 -0.8982
vn -0.9947 -0.0782 -0.0665
vn -0.9805 -0.1579 -0.1170
vn 0.9315 -0.2986 -0.2078
vn -0.0860 -0.8431 -0.5309
vn -0.0872 -0.8272 -0.5550
vn 0.4062 -0.7608 -0.5061
vn 0.3978 -0.7740 -0.4926
vn -0.7458 0.2303 -0.6250
vn 0.2014 0.6571 -0.7264
vn 0.3431 0.9367 -0.0693
vn 0.6578 0.7308 -0.1825
vn 0.3218 0.5944 -0.7369
vn 0.6685 -0.0629 -0.7411
vn 0.4055 0.3615 -0.8396
vn 0.7070 0.1261 -0.6959
vn 0.0119 0.5218 -0.8530
vn 0.2983 -0.2697 -0.9156
vn 0.0124 0.5339 -0.8455
vn -0.6059 -0.2198 -0.7645
vn -0.0169 0.5226 -0.8524
vn -0.4292 0.4207 -0.7993
vn -0.7504 -0.0049 -0.6610
vn -0.0183 0.5338 -0.8454
vn -0.3000 0.6400 -0.7074
vn -0.1710 0.6843 -0.7088
vn -0.0012 0.5328 -0.8463
vn 0.0707 0.9964 -0.0477
vn 0.0153 0.5731 -0.8194
vn 0.0688 0.5497 -0.8325
vn -0.2083 0.9772 -0.0421
vn 0.0708 0.9964 -0.0477
vn -0.8518 -0.4492 -0.2695
vn -0.9858 -0.1444 -0.0859
vn -0.8619 -0.4360 -0.2588
vn 0.5805 -0.6856 -0.4392
vn -0.1204 0.8334 0.5394
vn -0.4123 0.7569 0.5071
vn -0.1500 0.8173 0.5564
vn 0.1282 0.8351 0.5349
vn -0.4033 0.7643 0.5032
vn -0.7479 0.5486 0.3738
vn 0.9447 -0.2747 -0.1789
vn -0.3303 -0.8023 -0.4972
vn -0.5846 -0.7558 -0.2950
vn -0.5783 -0.7465 -0.3291
vn -0.7035 0.4078 0.5821
vn -0.8477 0.0737 0.5254
vn -0.7108 0.3639 0.6020
vn -0.7592 0.5610 0.3298
vn -0.9395 0.2670 0.2145
vn -0.9387 0.3071 0.1567
vn -0.9959 0.0595 0.0685
vn -0.9818 -0.1705 -0.0840
vn -0.8954 -0.4089 0.1761
vn -0.8987 -0.1677 0.4053
vn -0.9069 -0.1575 0.3907
vn -0.9840 -0.1282 -0.1239
vn -0.9955 0.0529 0.0786
vn -0.9844 -0.1642 -0.0634
vn -0.9962 0.0694 0.0532
vn -0.5878 -0.6752 -0.4456
vn -0.8107 -0.4982 -0.3076
vn -0.7963 -0.5022 -0.3370
vn -0.9227 -0.3337 -0.1933
vn -0.6792 0.6228 0.3883
vn -0.8418 0.4435 0.3077
vn -0.6967 0.5967 0.3983
vn -0.1364 0.8218 0.5531
vn -0.1237 0.8347 0.5366
vn -0.8097 -0.5867 -0.0108
vn -0.8071 -0.5874 -0.0595
vn 0.0930 0.8375 0.5385
vn -0.8950 -0.3808 0.2324
vn -0.8616 -0.4412 -0.2509
vn -0.1496 0.8211 0.5508
vn -0.8608 -0.4126 -0.2979
vn -0.1893 -0.8255 -0.5317
vn 0.3988 -0.7728 -0.4938
vn -0.4282 0.6827 0.5921
vn -0.4341 0.6582 0.6150
vn -0.7605 0.5300 0.3751
vn -0.4088 0.7740 0.4835
vn -0.4437 0.7438 0.4999
vn -0.8387 0.1360 0.5274
vn -0.0197 0.8365 0.5476
vn -0.9955 0.0931 0.0163
vn -0.9589 -0.2670 0.0964
vn -0.9676 -0.0578 0.2459
vn -0.7460 0.4439 0.4964
vn -0.4298 0.7087 0.5595
vn -0.4391 0.7598 0.4795
vn -0.4504 0.7371 0.5038
vn -0.5831 -0.7261 -0.3645
vn 0.4764 0.7479 0.4623
vn -0.8461 -0.5184 -0.1239
vn -0.9959 0.0607 0.0667
vn -0.9211 -0.3183 -0.2240
vn 0.9962 -0.0745 -0.0455
vn 0.9962 -0.0725 -0.0484
vn -0.8389 0.4658 0.2815
vn -0.9960 0.0832 0.0317
vn -0.1100 -0.8389 -0.5330
vn 0.0364 -0.8399 -0.5415
vn 0.0360 -0.8434 -0.5361
vn 0.0632 0.8348 0.5468
vn 0.2100 0.8179 0.5356
vn -0.8585 -0.4406 -0.2626
vn -0.9856 -0.1577 -0.0617
vn -0.9834 -0.1638 -0.0777
vn -0.7575 0.5601 0.3355
vn -0.9376 0.3067 0.1641
vn -0.9373 0.2795 0.2081
vn -0.9956 0.0548 0.0759
vn -0.2889 -0.8047 -0.5187
vn -0.5704 -0.6953 -0.4373
vn -0.1180 0.8346 0.5380
vn -0.4252 0.7668 0.4809
vn -0.9959 0.0598 0.0682
vn -0.9835 -0.1349 -0.1206
vn -0.8594 -0.4176 -0.2948
vn -0.7566 0.5396 0.3693
vn -0.9958 0.0894 0.0218
vn -0.5768 -0.6803 -0.4521
vn -0.4256 0.7553 0.4984
vn -0.9259 -0.3706 -0.0735
vn -0.9817 -0.0200 0.1896
vn -0.7204 0.5203 0.4586
vn -0.8285 -0.5186 -0.2111
vn -0.5979 -0.6864 -0.4140
vn -0.9144 0.1602 0.3718
vn 0.3076 0.8064 0.5050
vn -0.1941 -0.8280 -0.5261
vn -0.1112 -0.8353 -0.5385
vn -0.0193 0.8403 0.5418
vn -0.1946 -0.8244 -0.5315
vn -0.8508 0.3506 0.3914
vn -0.9849 -0.1572 -0.0729
vn -0.9850 -0.1484 -0.0878
vn -0.5487 -0.7120 -0.4382
vn -0.8488 -0.4549 -0.2694
vn -0.2887 -0.8056 -0.5174
vn -0.3204 -0.8097 -0.4917
vn -0.1409 -0.8322 -0.5363
vn -0.1200 0.8335 0.5394
vn -0.3934 0.7632 0.5126
vn 0.1303 0.8347 0.5351
vn 0.0202 0.8413 0.5402
vn 0.9448 -0.2747 -0.1789
vn -0.3584 -0.7995 -0.4820
vn -0.5846 -0.7558 -0.2951
vn -0.5780 -0.7471 -0.3283
vn -0.9401 0.2729 0.2043
vn -0.7441 0.5504 0.3787
vn -0.7046 0.4054 0.5824
vn -0.7593 0.5610 0.3298
vn -0.9959 0.0595 0.0684
vn -0.9401 0.2828 0.1902
vn -0.6014 -0.6744 -0.4284
vn -0.5845 -0.6748 -0.4506
vn -0.1106 -0.8354 -0.5385
vn -0.8134 -0.4954 -0.3050
vn -0.8123 -0.4820 -0.3283
vn -0.9227 -0.3336 -0.1933
vn -0.6988 0.6091 0.3751
vn -0.7000 0.5936 0.3970
vn -0.1226 0.8348 0.5367
vn 0.2649 0.8116 0.5207
vn 0.0963 0.8371 0.5386
vn -0.1915 -0.8286 -0.5260
vn -0.8079 -0.5865 -0.0572
vn -0.0776 0.8379 0.5403
vn -0.0268 0.8403 0.5414
vn -0.1661 0.8167 0.5526
vn -0.1940 -0.8245 -0.5317
vn 0.3988 -0.7727 -0.4938
vn -0.4279 0.6822 0.5930
vn -0.7606 0.5300 0.3751
vn -0.4221 0.7692 0.4798
vn -0.0184 0.8364 0.5478
vn -0.9955 0.0931 0.0162
vn -0.4352 0.7637 0.4768
vn -0.4543 0.7458 0.4872
vn -0.9959 0.0607 0.0666
vn 0.9962 -0.0746 -0.0455
vn 0.9962 -0.0725 -0.0483
vn 0.0358 -0.8399 -0.5415
vn 0.0633 0.8348 0.5469
vn 0.2100 0.8179 0.5357
vn -0.8583 -0.4407 -0.2629
vn -0.9840 -0.1645 -0.0677
vn -0.9836 -0.1628 -0.0772
vn -0.9377 0.2788 0.2075
vn -0.9956 0.0549 0.0759
vn -0.9387 0.2710 0.2130
vn -0.2892 -0.8054 -0.5174
vn -0.5649 -0.6982 -0.4398
vn -0.4121 0.7713 0.4850
vn -0.1110 -0.8353 -0.5385
vn -0.8594 -0.4177 -0.2949
vn -0.7564 0.5399 0.3692
vn -0.9957 0.0895 0.0218
vn -0.5648 -0.6880 -0.4557
vn -0.2991 -0.8009 -0.5187
vn -0.4139 0.7604 0.5005
vn -0.9816 -0.0201 0.1897
vn -0.4678 0.7149 0.5197
vn -0.7049 0.5405 0.4593
vn -0.0027 0.8407 0.5415
vn -0.8163 -0.5296 -0.2306
vn -0.6130 -0.6895 -0.3857
vn -0.9144 0.1601 0.3718
vn 0.3081 0.8067 0.5043
vn -0.1927 -0.8247 -0.5317
vn -0.5486 -0.7120 -0.4382
vn -0.3204 -0.8097 -0.4918
vn 0.8348 -0.4638 -0.2966
vn -0.1279 -0.8336 -0.5374
vn -0.1199 0.8335 0.5394
vn -0.1500 0.8173 0.5563
vn 0.1304 0.8347 0.5351
vn 0.0203 0.8413 0.5402
vn -0.9401 0.2729 0.2044
vn -0.7046 0.4054 0.5823
vn -0.9387 0.3072 0.1567
vn -0.1114 -0.8352 -0.5386
vn -0.5844 -0.6748 -0.4506
vn -0.8133 -0.4954 -0.3050
vn -0.8123 -0.4820 -0.3282
vn -0.7000 0.5936 0.3971
vn -0.8079 -0.5866 -0.0572
vn -0.8616 -0.4411 -0.2509
vn -0.4279 0.6821 0.5930
vn -0.8387 0.1359 0.5274
vn -0.0184 0.8364 0.5479
vn -0.9589 -0.2670 0.0965
vn -0.7460 0.4439 0.4965
vn -0.5831 -0.7260 -0.3645
vn 0.0632 0.8348 0.5469
vn 0.2101 0.8179 0.5356
vn -0.8583 -0.4406 -0.2629
vn -0.1103 -0.8354 -0.5385
vn -0.2983 -0.8011 -0.5189
vn -0.4139 0.7603 0.5005
vn -0.0026 0.8407 0.5415
vn -0.6130 -0.6894 -0.3859
vn 0.8518 -0.4493 -0.2696
vn 0.9818 -0.1703 -0.0838
vn 0.5564 -0.7032 -0.4428
vn 0.5642 -0.7025 -0.4338
vn -0.5799 -0.6859 -0.4395
vn -0.5520 0.6988 0.4549
vn 0.0460 -0.8380 -0.5437
vn 0.4599 0.7350 0.4982
vn 0.4160 0.7592 0.5006
vn 0.1183 0.8302 0.5448
vn 0.7483 0.5483 0.3735
vn 0.7608 0.5351 0.3672
vn 0.3190 -0.8062 -0.4983
vn 0.5815 -0.7572 -0.2975
vn 0.3064 -0.8105 -0.4992
vn 0.9416 0.2796 0.1875
vn 0.5926 -0.6861 -0.4220
vn 0.5607 -0.6888 -0.4595
vn 0.2941 -0.8026 -0.5190
vn 0.7035 0.4078 0.5821
vn 0.8477 0.0737 0.5254
vn 0.8387 0.1359 0.5274
vn 0.7596 0.5607 0.3296
vn 0.9395 0.2670 0.2145
vn 0.7605 0.5300 0.3751
vn 0.9959 0.0595 0.0685
vn 0.9962 0.0694 0.0532
vn 0.8954 -0.4089 0.1761
vn 0.8987 -0.1677 0.4053
vn 0.8950 -0.3808 0.2324
vn 0.9840 -0.1281 -0.1239
vn 0.9955 0.0529 0.0786
vn 0.9955 0.0933 0.0163
vn 0.9340 0.2878 0.2115
vn 0.5884 -0.6748 -0.4454
vn 0.8107 -0.4982 -0.3076
vn 0.5985 -0.6860 -0.4136
vn 0.9227 -0.3336 -0.1933
vn 0.7963 -0.5023 -0.3370
vn 0.9211 -0.3183 -0.2240
vn 0.6792 0.6228 0.3883
vn 0.8418 0.4435 0.3077
vn 0.8393 0.4653 0.2811
vn 0.5771 -0.7472 -0.3297
vn 0.8097 -0.5867 -0.0108
vn 0.8071 -0.5874 -0.0595
vn 0.0158 0.8401 0.5422
vn 0.1614 0.8202 0.5488
vn 0.8616 -0.4412 -0.2509
vn 0.8607 -0.4127 -0.2980
vn 0.9844 -0.1642 -0.0634
vn 0.4296 0.6820 0.5919
vn 0.7108 0.3639 0.6020
vn 0.4377 0.6559 0.6150
vn 0.0811 -0.8370 -0.5411
vn 0.9069 -0.1575 0.3907
vn 0.9387 0.3072 0.1567
vn 0.9589 -0.2670 0.0965
vn 0.9676 -0.0578 0.2459
vn 0.7460 0.4439 0.4964
vn 0.4286 0.7100 0.5588
vn 0.4383 0.7601 0.4797
vn 0.6967 0.5967 0.3983
vn 0.5793 -0.7280 -0.3667
vn 0.8461 -0.5184 -0.1239
vn 0.9959 0.0607 0.0667
vn 0.9960 0.0832 0.0317
vn -0.9859 0.1421 0.0888
vn 0.1110 -0.8392 -0.5324
vn -0.0373 -0.8437 -0.5355
vn -0.0644 0.8351 0.5463
vn -0.2094 0.8218 0.5298
vn -0.2091 0.8184 0.5352
vn 0.8585 -0.4405 -0.2626
vn 0.7576 0.5600 0.3354
vn 0.9372 0.2798 0.2082
vn 0.9956 0.0546 0.0758
vn 0.9959 0.0597 0.0681
vn 0.5768 -0.6918 -0.4345
vn 0.2885 -0.8047 -0.5188
vn 0.9834 -0.1637 -0.0777
vn 0.9835 -0.1348 -0.1206
vn 0.8593 -0.4179 -0.2950
vn 0.9375 0.3068 0.1642
vn 0.7563 0.5399 0.3695
vn 0.9418 0.2629 0.2095
vn 0.9957 0.0897 0.0218
vn 0.5756 -0.6811 -0.4525
vn 0.1204 0.8341 0.5384
vn 0.4202 0.7577 0.4994
vn 0.9259 -0.3706 -0.0735
vn 0.9816 -0.0202 0.1898
vn 0.4496 0.7374 0.5040
vn 0.7204 0.5203 0.4586
vn 0.8285 -0.5187 -0.2110
vn 0.9144 0.1601 0.3718
vn 0.1926 -0.8248 -0.5317
vn 0.0207 0.8368 0.5471
vn -0.0630 0.8388 0.5408
vn 0.0211 0.8403 0.5417
vn 0.8508 0.3506 0.3914
vn -0.7346 -0.6492 0.1971
vn -0.8169 -0.4178 0.3976
vn 0.7860 -0.6143 0.0693
vn 0.8356 -0.4807 0.2658
vn -0.4123 -0.9011 0.1345
vn -0.2226 -0.9717 0.0791
vn -0.0776 -0.9786 0.1906
vn 0.0369 -0.9941 0.1022
vn 0.2698 -0.9621 0.0388
vn 0.5314 -0.8470 0.0135
vn 0.7860 -0.6143 0.0694
vn 0.8593 0.0725 0.5062
vn 0.6452 0.2583 0.7190
vn 0.4025 0.3123 0.8605
vn 0.1505 0.2369 0.9598
vn -0.0654 0.2540 0.9650
vn -0.3589 0.3886 0.8486
vn -0.6461 0.1894 0.7394
vn -0.7809 -0.0721 0.6204
vn 0.8213 -0.3644 0.4390
vn -0.8043 -0.2605 0.5340
vn -0.9342 0.2875 0.2114
vn 0.1385 -0.9829 0.1211
vn 0.2764 0.2830 0.9184
vn -0.6462 0.1894 0.7393
vn -0.7809 -0.0722 0.6205
vn -0.8044 -0.2605 0.5340
vn 0.8213 -0.3645 0.4389
vn -0.7347 -0.6492 0.1971
vn 0.5084 -0.5795 0.6369
vn 0.7837 -0.6141 0.0930
vn 0.8364 -0.4821 0.2609
vn -0.4127 -0.9002 0.1388
vn -0.0737 -0.9774 0.1981
vn 0.0275 -0.9885 0.1489
vn 0.5295 -0.8483 0.0025
vn 0.6452 0.2583 0.7191
vn -0.3589 0.3886 0.8487
vn -0.6461 0.1894 0.7393
vn 0.8298 -0.3539 0.4315
vn 0.1444 -0.9844 0.1004
vn -0.1344 -0.9803 0.1447
vn 0.2764 0.2829 0.9185
vn -0.7810 -0.0721 0.6204
vn 0.5332 -0.4866 0.6920
vn 0.0856 -0.5599 0.8241
vn -0.4127 -0.9002 0.1387
vn 0.0275 -0.9885 0.1490
vn 0.5295 -0.8483 0.0026
vn 0.6451 0.2583 0.7191
vn 0.4025 0.3124 0.8605
vn 0.0618 0.2901 0.9550
vn -0.0653 0.2540 0.9650
vn 0.8298 -0.3539 0.4316
vn -0.1344 -0.9803 0.1448
vn -0.7809 -0.0722 0.6204
vn 0.0665 -0.5442 0.8363
vn 0.7335 -0.6502 0.1981
vn 0.8169 -0.4178 0.3976
vn 0.7335 -0.6501 0.1981
vn -0.8573 0.0696 0.5102
vn -0.8682 -0.1689 0.4666
vn 0.4900 -0.8709 0.0366
vn 0.1922 -0.9648 0.1793
vn 0.0714 -0.9888 0.1310
vn -0.2700 -0.9620 0.0407
vn -0.5300 -0.8480 0.0059
vn -0.7881 -0.6121 0.0648
vn -0.8682 -0.1690 0.4667
vn -0.8572 0.0696 0.5102
vn -0.6457 0.2508 0.7213
vn -0.4025 0.3124 0.8605
vn -0.0485 0.2336 0.9711
vn 0.2870 0.3008 0.9095
vn 0.6473 0.1901 0.7382
vn 0.7809 -0.0721 0.6204
vn -0.8206 -0.3702 0.4354
vn 0.8044 -0.2605 0.5340
vn -0.1441 -0.9841 0.1037
vn -0.0232 -0.9846 0.1732
vn -0.0012 0.2401 0.9707
vn -0.2685 0.2655 0.9260
vn 0.6473 0.1901 0.7381
vn -0.5598 -0.4907 0.6677
vn 0.7809 -0.0722 0.6204
vn 0.0971 0.8446 0.5266
vn -0.0269 0.8486 0.5283
vn -0.0026 0.5201 -0.8541
vn 0.1345 0.3816 -0.9145
vn 0.5217 -0.2747 -0.8077
vn 0.0840 0.2849 -0.9549
vn -0.1459 0.1553 -0.9770
vn -0.4986 -0.2671 -0.8246
vn -0.4203 0.2052 -0.8839
vn -0.6895 -0.1343 -0.7117
vn -0.7627 0.0400 -0.6456
vn -0.0721 0.5778 -0.8130
vn -0.5914 0.7985 -0.1122
vn -0.3579 0.7773 -0.5173
vn -0.3743 0.9256 -0.0568
vn -0.0728 0.8426 -0.5336
vn 0.1252 0.7287 -0.6733
vn 0.6283 0.7640 -0.1466
vn 0.1557 0.6472 -0.7462
vn 0.8306 0.5177 -0.2051
vn 0.8303 0.3985 -0.3895
vn 0.7639 0.2895 -0.5768
vn -0.6961 0.6787 -0.2339
vn 0.2385 -0.2917 -0.9263
vn -0.0617 -0.1665 -0.9841
vn -0.1989 -0.8179 -0.5398
vn -0.1441 -0.2291 -0.9627
vn -0.2733 -0.2615 -0.9257
vn -0.4987 -0.2670 -0.8246
vn -0.6895 -0.1344 -0.7117
vn -0.6961 0.6788 -0.2338
vn -0.5914 0.7985 -0.1121
vn -0.1438 0.9811 -0.1297
vn 0.0562 0.9635 -0.2616
vn -0.0174 0.9807 -0.1950
vn 0.3647 0.9198 -0.1447
vn 0.6283 0.7640 -0.1467
vn 0.8304 0.3985 -0.3895
vn -0.7798 0.3945 -0.4861
vn 0.0031 0.5177 -0.8555
vn 0.0145 0.5827 -0.8125
vn 0.2385 -0.2916 -0.9263
vn 0.0861 -0.2435 -0.9661
vn 0.3646 0.9198 -0.1448
vn 0.2116 0.9582 -0.1925
vn -0.1439 0.9811 -0.1297
vn 0.0861 -0.2434 -0.9661
vn -0.0801 0.9922 -0.0951
vn 0.0927 0.8453 0.5261
vn -0.0290 0.8482 0.5289
vn -0.0121 0.4896 -0.8719
vn 0.1345 0.3817 -0.9145
vn -0.0439 -0.8296 -0.5567
vn 0.0840 0.2850 -0.9548
vn -0.1444 -0.2200 -0.9648
vn -0.1571 0.1307 -0.9789
vn -0.4987 -0.2671 -0.8246
vn -0.4202 0.2052 -0.8839
vn -0.7626 0.0401 -0.6456
vn -0.5915 0.7985 -0.1121
vn -0.3579 0.7774 -0.5174
vn -0.0817 0.8555 -0.5113
vn -0.0188 0.9794 -0.2009
vn 0.1367 0.7436 -0.6545
vn 0.6312 0.7647 -0.1298
vn 0.1701 0.6599 -0.7318
vn 0.8178 0.5211 -0.2442
vn 0.0067 0.5439 -0.8391
vn 0.2831 0.5512 -0.7848
vn 0.8356 0.3970 -0.3797
vn 0.3044 0.4838 -0.8205
vn 0.7826 0.2672 -0.5623
vn -0.6962 0.6787 -0.2338
vn 0.7635 -0.1472 -0.6288
vn -0.0600 -0.2059 -0.9767
vn -0.1444 -0.2201 -0.9647
vn -0.2846 -0.2900 -0.9137
vn -0.3743 0.9256 -0.0569
vn -0.1519 0.9840 -0.0926
vn 0.0633 0.9736 -0.2193
vn 0.3647 0.9198 -0.1448
vn 0.8357 0.3969 -0.3797
vn -0.7797 0.3946 -0.4861
vn 0.7826 0.2671 -0.5623
vn -0.0933 0.2162 -0.9719
vn 0.0154 0.5854 -0.8106
vn -0.2845 -0.2900 -0.9137
vn -0.2028 -0.2589 -0.9444
vn 0.0865 -0.2414 -0.9666
vn 0.2116 0.9582 -0.1926
vn -0.1519 0.9841 -0.0926
vn -0.0730 0.9861 -0.1492
vn -0.0035 0.5067 -0.8621
vn -0.0062 0.5155 -0.8568
vn 0.1345 0.3815 -0.9145
vn 0.0841 0.2849 -0.9549
vn -0.1444 -0.2200 -0.9647
vn -0.1571 0.1309 -0.9789
vn -0.0790 0.5130 -0.8548
vn -0.2996 0.6645 -0.6846
vn -0.3580 0.7773 -0.5173
vn 0.1368 0.7436 -0.6544
vn 0.8178 0.5211 -0.2443
vn 0.8356 0.3969 -0.3797
vn -0.0804 0.5460 -0.8339
vn -0.2846 -0.2900 -0.9138
vn -0.7626 0.0400 -0.6456
vn -0.1519 0.9841 -0.0925
vn 0.0633 0.9736 -0.2192
vn -0.0189 0.9794 -0.2009
vn -0.7798 0.3946 -0.4861
vn -0.0104 0.5093 -0.8605
vn 0.0063 0.4928 -0.8701
vn -0.0066 0.6025 -0.7981
vn 0.0561 0.6922 -0.7195
vn 0.0865 -0.2413 -0.9666
vn -0.0731 0.9861 -0.1492
vn 0.2000 -0.8148 -0.5441
vn 0.0772 -0.8297 -0.5528
vn -0.0019 0.5632 -0.8263
vn -0.1291 0.3916 -0.9110
vn -0.7618 -0.1441 -0.6316
vn -0.7962 0.0707 -0.6009
vn -0.0803 0.2974 -0.9514
vn -0.5210 -0.2663 -0.8109
vn 0.0061 0.4903 -0.8715
vn 0.4984 -0.2662 -0.8251
vn 0.1445 0.1542 -0.9774
vn 0.4172 0.2073 -0.8849
vn 0.3276 0.3954 -0.8581
vn 0.6884 -0.1334 -0.7129
vn 0.0723 0.5779 -0.8129
vn 0.5924 0.7980 -0.1107
vn 0.6962 0.6787 -0.2338
vn 0.3607 0.7778 -0.5148
vn 0.3745 0.9255 -0.0558
vn 0.0744 0.8420 -0.5343
vn -0.6295 0.7645 -0.1386
vn -0.1310 0.7363 -0.6639
vn -0.1628 0.6535 -0.7392
vn 0.0804 0.5460 -0.8339
vn 0.7626 0.0401 -0.6456
vn -0.7643 0.2935 -0.5742
vn -0.7618 -0.1440 -0.6316
vn -0.2385 -0.2922 -0.9261
vn 0.0608 -0.1597 -0.9853
vn 0.1422 -0.2175 -0.9657
vn 0.2727 -0.2564 -0.9273
vn 0.4983 -0.2662 -0.8251
vn 0.7626 0.0400 -0.6456
vn 0.6961 0.6788 -0.2339
vn 0.3745 0.9255 -0.0557
vn 0.1438 0.9818 -0.1242
vn -0.0562 0.9655 -0.2542
vn 0.0257 0.8459 0.5327
vn 0.0179 0.9833 -0.1809
vn -0.3644 0.9198 -0.1457
vn -0.8325 0.5160 -0.2016
vn 0.7797 0.3946 -0.4861
vn -0.0202 0.3785 -0.9254
vn -0.0080 0.5647 -0.8253
vn -0.0866 -0.2421 -0.9664
vn -0.3644 0.9198 -0.1456
vn -0.2112 0.9586 -0.1912
vn 0.2148 -0.3029 -0.9285
vn 0.0802 0.9934 -0.0822
vn 0.9849 -0.1572 -0.0729
vn 0.8488 -0.4550 -0.2694
vn 0.5470 -0.7128 -0.4389
vn 0.2906 -0.8051 -0.5170
vn -0.5799 -0.6860 -0.4395
vn 0.0437 -0.8383 -0.5434
vn 0.1536 -0.8295 -0.5370
vn 0.3952 0.7625 0.5123
vn -0.0461 0.8396 0.5413
vn -0.0628 0.8389 0.5406
vn 0.3348 -0.8037 -0.4920
vn 0.9401 0.2729 0.2044
vn 0.9401 0.2828 0.1902
vn 0.5731 -0.6813 -0.4554
vn 0.2931 -0.8029 -0.5191
vn 0.7046 0.4054 0.5823
vn 0.8387 0.1360 0.5274
vn 0.7595 0.5608 0.3296
vn 0.9959 0.0595 0.0684
vn 0.9850 -0.1484 -0.0879
vn 0.9840 -0.1282 -0.1239
vn 0.9955 0.0529 0.0787
vn 0.6021 -0.6740 -0.4281
vn 0.8133 -0.4954 -0.3050
vn 0.5849 -0.6745 -0.4504
vn 0.8124 -0.4820 -0.3282
vn 0.6988 0.6091 0.3752
vn 0.5767 -0.7478 -0.3289
vn 0.1917 -0.8288 -0.5257
vn 0.3193 -0.8096 -0.4925
vn 0.8079 -0.5866 -0.0572
vn 0.1909 0.8095 0.5552
vn 0.8616 -0.4411 -0.2509
vn 0.8606 -0.4129 -0.2980
vn 0.2495 -0.8140 -0.5246
vn 0.1999 -0.8234 -0.5311
vn 0.4293 0.6815 0.5927
vn -0.0934 -0.8356 -0.5413
vn 0.0779 -0.8374 -0.5410
vn 0.4340 0.7065 0.5591
vn 0.4347 0.7639 0.4769
vn 0.7000 0.5936 0.3970
vn 0.4535 0.7462 0.4874
vn 0.2211 0.8303 0.5116
vn 0.1861 0.8238 0.5355
vn 0.9959 0.0607 0.0666
vn 0.9207 -0.3193 -0.2246
vn -0.9962 -0.0746 -0.0455
vn -0.9962 -0.0724 -0.0482
vn 0.1110 -0.8392 -0.5323
vn -0.2089 0.8219 0.5299
vn -0.2090 0.8184 0.5352
vn 0.8585 -0.4404 -0.2627
vn 0.9840 -0.1645 -0.0678
vn 0.7577 0.5599 0.3354
vn 0.9377 0.2788 0.2075
vn 0.5657 -0.6977 -0.4395
vn 0.1280 0.8347 0.5356
vn 0.4129 0.7710 0.4848
vn 0.9836 -0.1628 -0.0772
vn -0.0639 0.8388 0.5407
vn 0.9375 0.3068 0.1641
vn 0.7562 0.5401 0.3694
vn 0.9387 0.2710 0.2130
vn 0.9957 0.0897 0.0219
vn 0.5641 -0.6884 -0.4560
vn 0.1184 0.8337 0.5393
vn 0.4131 0.7607 0.5007
vn 0.9816 -0.0201 0.1897
vn 0.1762 -0.8271 -0.5337
vn 0.4668 0.7154 0.5199
vn 0.7049 0.5405 0.4593
vn 0.8163 -0.5296 -0.2306
vn 0.6139 -0.6890 -0.3852
vn -0.1382 -0.8251 -0.5478
vn 0.0194 0.8403 0.5418
vn -0.0886 -0.5323 0.8419
vn -0.8527 0.0485 0.5202
vn -0.8695 -0.1640 0.4659
vn 0.7336 -0.6501 0.1981
vn 0.4900 -0.8709 0.0367
vn -0.0231 -0.9847 0.1730
vn -0.8695 -0.1640 0.4660
vn -0.6450 0.2615 0.7180
vn -0.0514 0.2249 0.9730
vn -0.1574 0.2588 0.9530
vn 0.0848 0.3526 0.9319
vn 0.2881 0.2967 0.9105
vn 0.7442 0.5503 0.3787
vn 0.7810 -0.0721 0.6204
vn -0.8283 -0.3689 0.4218
vn -0.1441 -0.9841 0.1038
vn 0.1375 -0.9757 0.1706
vn -0.2764 0.2840 0.9181
vn -0.0663 -0.5468 0.8346
vn -0.8282 -0.3689 0.4219
vn 0.2022 -0.8149 -0.5432
vn 0.0815 -0.8290 -0.5532
vn 0.0014 0.5930 -0.8052
vn -0.1303 0.8431 0.5217
vn -0.2722 0.4465 -0.8524
vn -0.7523 -0.1081 -0.6499
vn -0.8007 0.0616 -0.5958
vn -0.1401 0.3714 -0.9179
vn -0.0177 0.5329 -0.8460
vn -0.0877 0.2726 -0.9581
vn -0.5222 -0.2823 -0.8048
vn 0.1429 -0.2113 -0.9669
vn 0.1572 0.1301 -0.9790
vn 0.6884 -0.1333 -0.7130
vn 0.0817 0.8551 -0.5119
vn 0.0192 0.9817 -0.1892
vn -0.6298 0.7644 -0.1378
vn -0.1310 0.7362 -0.6639
vn -0.1627 0.6534 -0.7393
vn 0.0805 0.5460 -0.8339
vn -0.3063 0.5027 -0.8084
vn -0.7847 0.2866 -0.5497
vn 0.0593 -0.2032 -0.9774
vn 0.2845 -0.2899 -0.9138
vn 0.6961 0.6788 -0.2338
vn 0.1519 0.9841 -0.0923
vn -0.0630 0.9748 -0.2141
vn 0.0192 0.9817 -0.1893
vn -0.3646 0.9198 -0.1454
vn -0.6299 0.7644 -0.1378
vn 0.7798 0.3945 -0.4861
vn -0.7846 0.2866 -0.5497
vn 0.0104 0.5089 -0.8608
vn -0.0064 0.4917 -0.8707
vn 0.0320 0.8051 -0.5922
vn 0.2019 -0.2524 -0.9463
vn -0.2385 -0.2922 -0.9262
vn -0.3646 0.9197 -0.1454
vn -0.2113 0.9583 -0.1924
vn 0.1520 0.9841 -0.0924
vn 0.0730 0.9873 -0.1410
vn 0.2019 -0.2523 -0.9463
vn 0.0731 0.9873 -0.1410
vn -0.0243 -0.4131 0.9104
vn -0.4332 -0.1195 0.8934
vn 0.3584 -0.8560 0.3727
vn 0.0953 -0.5874 0.8037
vn 0.0543 -0.6822 0.7291
vn 0.0255 -0.5547 0.8317
vn 0.0259 -0.6111 0.7911
vn 0.0101 -0.5921 0.8058
vn 0.2698 -0.9621 0.0389
vn 0.0023 -0.6145 0.7889
vn -0.4333 -0.1194 0.8933
vn -0.0654 0.2539 0.9650
vn 0.4933 -0.6962 0.5215
vn 0.4900 -0.8710 0.0366
vn -0.0230 -0.9847 0.1729
vn -0.1573 0.2588 0.9530
vn -0.0262 -0.4776 0.8782
vn 0.1922 -0.9648 0.1792
vn -0.0231 -0.9846 0.1732
vn -0.1270 -0.1867 0.9742
vn -0.5300 -0.8479 0.0059
vn -0.0250 -0.4091 0.9121
vn -0.4333 -0.1193 0.8933
vn 0.0219 -0.6544 0.7559
vn 0.0533 -0.6801 0.7312
vn 0.3624 -0.8453 0.3926
vn 0.5314 -0.8470 0.0136
vn -0.7169 -0.6521 0.2466
vn 0.2983 -0.4516 0.8409
vn -0.6971 -0.4405 0.5657
vn -0.6982 -0.3942 0.5976
vn -0.6957 -0.4409 0.5671
vn -0.7578 -0.5860 0.2870
vn 1.0000 -0.0092 -0.0016
vn 1.0000 0.0069 0.0010
vn 1.0000 0.0033 0.0064
vn -0.0618 -0.5408 0.8389
vn 0.0627 -0.5467 0.8350
vn 0.0617 -0.5278 0.8471
vn 0.0627 0.8348 0.5470
vn 0.0625 0.8429 0.5344
vn -0.0933 0.5478 -0.8314
vn 0.0808 -0.8335 -0.5466
vn -0.0892 -0.8381 -0.5382
vn 0.9999 0.0057 0.0086
vn -0.0517 -0.5508 0.8330
vn -0.0519 -0.5393 0.8405
vn -0.0621 0.8344 0.5477
vn -0.0619 0.8387 0.5411
vn -0.0862 0.5360 -0.8398
vn 0.0848 0.5360 -0.8399
vn -0.0402 -0.8359 -0.5474
vn -0.1818 -0.8264 -0.5329
vn 0.9999 0.0049 0.0093
vn 1.0000 -0.0048 -0.0084
vn 0.9999 0.0102 0.0012
vn -0.0414 -0.5502 0.8340
vn -0.1818 -0.5307 0.8278
vn -0.0586 0.8348 0.5475
vn -0.0586 0.8393 0.5405
vn 0.0622 0.5261 -0.8481
vn -0.0789 -0.8384 -0.5392
vn 0.0847 -0.8330 -0.5468
vn 0.0846 -0.8380 -0.5391
vn -1.0000 -0.0094 -0.0019
vn -1.0000 0.0071 0.0007
vn 0.9999 -0.0057 -0.0085
vn 1.0000 0.0085 0.0006
vn -0.0821 -0.5355 0.8405
vn 0.0866 -0.5359 0.8398
vn -0.0633 0.8381 0.5419
vn -0.0626 0.5510 -0.8321
vn -0.0622 0.5391 -0.8399
vn -0.0466 -0.8355 -0.5476
vn -1.0000 0.0037 0.0057
vn 1.0000 0.0057 0.0074
vn 0.0625 -0.5381 0.8406
vn -0.1851 -0.5300 0.8275
vn -0.0762 0.8386 0.5395
vn 0.0798 0.8336 0.5465
vn 0.0797 0.8383 0.5393
vn -0.0859 0.5358 -0.8399
vn 0.0848 0.5359 -0.8400
vn -0.0377 -0.8360 -0.5474
vn -0.1808 -0.8267 -0.5329
vn -0.9999 0.0055 0.0084
vn 1.0000 -0.0082 -0.0014
vn 0.9999 0.0100 0.0013
vn 0.9999 0.0005 0.0158
vn -0.0580 -0.5492 0.8337
vn 0.0655 -0.5361 0.8416
vn -0.2094 -0.5255 0.8246
vn -0.0743 0.8386 0.5396
vn 0.0776 0.8339 0.5464
vn 0.0775 0.8385 0.5394
vn -0.0659 0.5491 -0.8332
vn -0.1813 -0.8266 -0.5328
vn -0.9999 0.0056 0.0084
vn -0.0030 -0.8723 -0.4889
vn 0.0027 -0.8763 -0.4818
vn -0.0029 -0.8762 -0.4819
vn -0.0036 -0.5399 0.8417
vn 0.0097 -0.5398 0.8417
vn 0.9961 0.0747 0.0469
vn 0.9956 -0.0800 -0.0498
vn 0.9961 0.0790 0.0383
vn 0.0031 0.4136 -0.9105
vn -0.0024 0.5413 -0.8408
vn 0.0033 0.5410 -0.8410
vn -0.9959 -0.0766 -0.0474
vn -0.0048 -0.8770 -0.4806
vn 0.0038 -0.8723 -0.4889
vn 0.0038 -0.8769 -0.4806
vn 0.9984 0.0506 0.0247
vn 0.9961 -0.0786 -0.0392
vn 0.9961 -0.0704 -0.0536
vn 0.0047 0.4100 -0.9121
vn -0.0039 0.5611 -0.8277
vn 0.0044 0.5614 -0.8275
vn -0.9993 0.0355 0.0150
vn -0.9834 0.1570 0.0907
vn -0.0027 0.8732 0.4874
vn 0.0037 -0.8770 -0.4804
vn -0.0031 -0.8727 -0.4883
vn 0.0036 -0.8727 -0.4882
vn -0.0038 -0.5497 0.8353
vn 0.0040 -0.5497 0.8354
vn 0.9987 0.0423 0.0287
vn 0.9987 0.0461 0.0220
vn 0.0034 0.5440 -0.8391
vn -0.9980 -0.0574 -0.0263
vn -0.9778 0.1811 0.1056
vn -0.0024 0.8731 0.4875
vn 0.0034 -0.8770 -0.4805
vn -0.0029 -0.8731 -0.4876
vn 0.0033 -0.8731 -0.4876
vn 0.0042 -0.4091 0.9125
vn -0.0037 -0.5508 0.8346
vn 0.0039 -0.5508 0.8346
vn 0.9990 0.0404 0.0210
vn 0.0026 0.4280 -0.9038
vn -0.0025 0.6469 -0.7626
vn 0.0028 0.5258 -0.8506
vn -0.9985 0.0499 0.0229
vn -0.9973 -0.0660 -0.0310
vn -0.9778 0.1811 0.1058
vn -0.0048 0.8723 0.4890
vn 0.0039 0.8771 0.4803
vn -0.0048 0.8771 0.4803
vn -0.0026 -0.8770 -0.4805
vn 0.0044 -0.4100 0.9121
vn -0.0040 -0.5532 0.8330
vn 0.0041 -0.5531 0.8331
vn 0.9960 0.0804 0.0399
vn 0.9979 -0.0543 -0.0344
vn -0.0024 0.6358 -0.7718
vn -0.9993 0.0330 0.0155
vn -0.9979 -0.0584 -0.0284
vn -0.9828 0.1597 0.0923
vn -0.0046 0.8723 0.4889
vn 0.0036 0.8770 0.4804
vn -0.0046 0.8770 0.4804
vn 0.0036 0.8723 0.4890
vn -0.0343 0.2548 0.9664
vn 0.3594 0.4955 0.7907
vn 0.3594 0.4955 0.7908
vn -0.0039 -0.4101 0.9120
vn 0.4075 0.9063 0.1120
vn -0.6267 0.7003 0.3418
vn 0.4075 0.9063 0.1121
vn -0.3919 -0.9199 0.0103
vn -0.3919 -0.9200 0.0103
vn -0.0026 -0.8728 -0.4880
vn -0.0343 0.2549 0.9664
vn 0.0040 0.8723 0.4890
vn -0.0356 0.2546 0.9664
vn 0.3727 0.4920 0.7868
vn 0.3728 0.4919 0.7868
vn -0.0037 -0.4090 0.9125
vn 0.4186 0.9040 0.0873
vn -0.6362 0.6884 0.3485
vn -0.0108 0.4281 -0.9037
vn -0.6362 0.6883 0.3485
vn -0.0114 -0.8770 -0.4804
vn -0.9974 -0.0614 -0.0387
vn -0.4029 -0.4393 -0.8029
vn -0.0394 -0.9569 0.2877
vn -0.0394 -0.9569 0.2876
vn 0.0243 -0.9588 0.2829
vn -0.0037 -0.4079 0.9130
vn -0.0420 0.1436 0.9888
vn 0.7279 0.6206 0.2917
vn 0.7278 0.6206 0.2917
vn 0.7281 0.5768 0.3705
vn -0.9980 -0.0532 -0.0335
vn -0.0115 -0.8770 -0.4804
vn -0.0382 -0.9571 0.2871
vn -0.4472 -0.5155 -0.7310
vn -0.0420 0.1436 0.9887
vn -0.0382 -0.9571 0.2872
vn 0.6374 -0.6504 -0.4131
vn 0.0352 -0.9575 0.2864
vn 0.0353 -0.9575 0.2863
vn -0.0029 -0.4425 0.8968
vn -0.0386 0.1429 0.9890
vn 0.7220 0.6247 0.2976
vn 0.9984 0.0471 0.0303
vn 0.7265 0.5840 0.3623
vn -0.0328 -0.2548 -0.9664
vn -0.3492 0.9350 -0.0614
vn -0.0038 0.4099 -0.9121
vn -0.3491 0.9351 -0.0615
vn -0.0048 -0.8723 -0.4889
vn 0.3729 -0.4920 -0.7867
vn -0.0329 -0.2548 -0.9664
vn 0.3729 -0.4919 -0.7868
vn 0.0432 0.3785 0.9246
vn -0.0347 0.9580 -0.2848
vn -0.9979 0.0583 0.0277
vn -0.0115 0.4137 -0.9104
vn -0.3900 -0.9208 -0.0072
vn -0.3918 -0.5011 -0.7716
vn -0.3901 -0.9207 -0.0072
vn 0.0394 -0.2508 -0.9672
vn 0.0115 -0.8723 -0.4889
vn 0.9956 -0.0844 -0.0409
vn 0.4170 -0.9082 0.0355
vn -1.0000 -0.0078 -0.0002
vn -0.7523 -0.4244 0.5039
vn -0.6956 0.6247 0.3547
vn -0.6964 0.5784 0.4248
vn -0.7523 -0.4244 0.5040
vn -0.0742 0.8341 0.5467
vn 1.0000 -0.0041 -0.0078
vn 0.8091 -0.5864 0.0390
vn 0.0652 -0.5484 0.8337
vn 0.7057 0.6149 0.3520
vn -0.6965 0.5783 0.4248
vn 0.7050 0.5710 0.4206
vn -1.0000 -0.0082 -0.0005
vn -0.6945 0.6260 0.3548
vn -0.6963 0.5784 0.4249
vn -0.6946 0.6259 0.3547
vn -0.0761 0.8339 0.5467
vn -0.0863 0.5500 -0.8307
vn 0.5788 0.3720 -0.7257
vn 1.0000 -0.0070 -0.0008
vn 0.6700 0.6460 0.3659
vn -0.6964 0.5784 0.4249
vn 0.7772 0.2826 0.5622
vn 0.8522 -0.5226 0.0259
vn -0.6751 -0.4545 0.5811
vn -0.8216 0.2267 0.5231
vn -0.0821 -0.5495 0.8314
vn -0.7095 0.6148 0.3446
vn -0.5416 0.3773 -0.7513
vn -0.7926 -0.6034 -0.0875
vn -0.6905 0.5861 0.4239
vn -0.7741 0.6253 0.0988
vn -0.7926 -0.6034 -0.0874
vn -0.7742 0.6252 0.0989
vn -0.7927 -0.6033 -0.0875
vn -0.0788 -0.8336 -0.5467
vn -0.6736 -0.6018 -0.4291
vn 0.8006 -0.2968 -0.5206
vn 0.6893 -0.6275 -0.3620
vn 0.6894 -0.6274 -0.3620
vn 1.0000 -0.0100 -0.0003
vn 0.8006 -0.2969 -0.5204
vn 0.7484 -0.2958 0.5936
vn -0.6904 0.5862 0.4239
vn -0.6772 -0.3366 0.6543
vn -1.0000 -0.0068 0.0002
vn -0.6803 -0.4516 0.5772
vn -0.6772 -0.3365 0.6543
vn -0.6803 -0.4517 0.5772
vn -0.0865 0.5499 -0.8307
vn 0.5788 0.3726 -0.7254
vn 1.0000 -0.0082 -0.0004
vn 0.7671 -0.5602 -0.3125
vn 0.7506 -0.2868 0.5953
vn -1.0000 -0.0065 -0.0001
vn -0.8023 -0.5932 -0.0661
vn -0.0609 -0.5612 0.8254
vn 0.7897 -0.6123 -0.0369
vn 0.6946 -0.5857 -0.4176
vn 0.9999 -0.0002 -0.0155
vn 0.0809 -0.8386 -0.5387
vn 0.0714 0.5492 -0.8326
vn 0.7741 0.6315 0.0445
vn 0.7742 0.6314 0.0445
vn 0.7977 0.2828 0.5326
vn -0.6889 -0.3437 0.6383
vn -1.0000 0.0033 0.0065
vn 0.6757 -0.1096 -0.7289
vn 0.2871 0.3008 0.9095
vn 0.0562 0.9635 -0.2617
vn 0.0609 -0.1597 -0.9853
vn 0.1439 0.9818 -0.1242
vn -0.0561 0.9655 -0.2542
vn -0.4126 -0.9002 0.1388
vn -0.0514 0.2250 0.9730
vn -0.4123 -0.9011 0.1346
vn 0.2708 -0.4917 -0.8276
vn -0.0385 0.1427 0.9890
vn 0.4267 -0.8940 -0.1364
vn 0.4235 0.9049 -0.0430
vn -0.8094 -0.2088 -0.5490
vn 0.7772 0.2825 0.5622
vn 0.7772 0.2825 0.5623
vn -0.6750 -0.4545 0.5812
vn -0.8100 -0.2077 -0.5484
vt 0.761674 0.852374
vt 0.760258 0.945949
vt 0.760258 0.852380
vt 0.737856 0.852380
vt 0.739760 0.852360
vt 0.737856 0.866682
vt 0.751238 0.933020
vt 0.747328 0.933842
vt 0.751238 0.930613
vt 0.711806 0.923730
vt 0.715716 0.924667
vt 0.715716 0.926518
vt 0.751238 0.945942
vt 0.726813 0.924892
vt 0.728756 0.924500
vt 0.728756 0.926518
vt 0.734288 0.920462
vt 0.736231 0.921956
vt 0.734288 0.922481
vt 0.726813 0.921955
vt 0.728756 0.920462
vt 0.728756 0.922481
vt 0.739760 0.922579
vt 0.737856 0.921978
vt 0.737856 0.913842
vt 0.736231 0.930613
vt 0.737856 0.931383
vt 0.736231 0.932632
vt 0.723285 0.922417
vt 0.725188 0.921978
vt 0.725188 0.924736
vt 0.737856 0.924737
vt 0.701370 0.852374
vt 0.702786 0.945949
vt 0.701370 0.945947
vt 0.763198 0.852377
vt 0.765277 0.852437
vt 0.765277 0.945946
vt 0.725188 0.898117
vt 0.723284 0.892472
vt 0.725188 0.885551
vt 0.697767 0.852437
vt 0.699846 0.852374
vt 0.697767 0.945946
vt 0.704588 0.945963
vt 0.708217 0.923919
vt 0.708217 0.932062
vt 0.754827 0.923822
vt 0.758456 0.945963
vt 0.754827 0.932095
vt 0.711806 0.930613
vt 0.711806 0.933670
vt 0.719620 0.924082
vt 0.711806 0.945936
vt 0.747328 0.926518
vt 0.743424 0.924082
vt 0.747328 0.923019
vt 0.751238 0.924762
vt 0.751238 0.926518
vt 0.708217 0.852372
vt 0.751238 0.852400
vt 0.751238 0.893603
vt 0.711806 0.893035
vt 0.396283 0.961074
vt 0.397698 0.867499
vt 0.397698 0.961068
vt 0.420100 0.961068
vt 0.418197 0.961088
vt 0.420100 0.946767
vt 0.406718 0.880430
vt 0.410629 0.879690
vt 0.406718 0.882835
vt 0.446151 0.889718
vt 0.442240 0.888782
vt 0.442240 0.886929
vt 0.406718 0.867506
vt 0.431144 0.888556
vt 0.429201 0.888948
vt 0.429201 0.886929
vt 0.423668 0.892985
vt 0.421725 0.891491
vt 0.423668 0.890967
vt 0.431144 0.891493
vt 0.429201 0.892985
vt 0.429201 0.890967
vt 0.418197 0.890868
vt 0.420100 0.891470
vt 0.420100 0.899606
vt 0.392679 0.867502
vt 0.394758 0.961071
vt 0.392679 0.961008
vt 0.421725 0.882835
vt 0.420100 0.882064
vt 0.421725 0.880816
vt 0.434672 0.891030
vt 0.432769 0.891470
vt 0.432769 0.888712
vt 0.420100 0.888711
vt 0.456586 0.961074
vt 0.455171 0.867499
vt 0.456610 0.867501
vt 0.432769 0.915330
vt 0.434672 0.920977
vt 0.432769 0.927895
vt 0.453369 0.867484
vt 0.449740 0.889528
vt 0.449740 0.881386
vt 0.403129 0.889625
vt 0.399500 0.867484
vt 0.403129 0.881411
vt 0.446151 0.882835
vt 0.446151 0.879777
vt 0.438337 0.889368
vt 0.446151 0.867511
vt 0.410629 0.886929
vt 0.414532 0.889366
vt 0.410629 0.890429
vt 0.406718 0.888688
vt 0.406718 0.886929
vt 0.449740 0.961076
vt 0.406718 0.961047
vt 0.406718 0.919843
vt 0.446151 0.920408
vt 0.685324 0.826134
vt 0.686740 0.826128
vt 0.685324 0.919703
vt 0.662922 0.826134
vt 0.664826 0.826114
vt 0.662922 0.840438
vt 0.676304 0.906773
vt 0.672394 0.907595
vt 0.676304 0.904367
vt 0.636872 0.897484
vt 0.640783 0.898421
vt 0.640783 0.900273
vt 0.676304 0.919696
vt 0.651879 0.898646
vt 0.653822 0.898254
vt 0.653822 0.900273
vt 0.659354 0.894217
vt 0.661298 0.895711
vt 0.659354 0.896235
vt 0.651879 0.895710
vt 0.653822 0.894217
vt 0.653822 0.896235
vt 0.664826 0.896334
vt 0.662922 0.895732
vt 0.662922 0.887596
vt 0.688264 0.826131
vt 0.690344 0.826194
vt 0.690344 0.919700
vt 0.661298 0.904367
vt 0.662922 0.905138
vt 0.661298 0.906386
vt 0.648351 0.896171
vt 0.650254 0.895732
vt 0.650254 0.898490
vt 0.662922 0.898491
vt 0.624912 0.826128
vt 0.626436 0.826128
vt 0.626437 0.919701
vt 0.650254 0.871872
vt 0.648351 0.866225
vt 0.650254 0.859306
vt 0.629654 0.919718
vt 0.633283 0.897674
vt 0.633283 0.905874
vt 0.679894 0.897576
vt 0.683523 0.919718
vt 0.679893 0.905848
vt 0.636872 0.904367
vt 0.636872 0.907425
vt 0.644686 0.897836
vt 0.636872 0.919691
vt 0.672394 0.900273
vt 0.668491 0.897836
vt 0.672394 0.896774
vt 0.676304 0.898514
vt 0.676304 0.900273
vt 0.633283 0.826126
vt 0.676304 0.826155
vt 0.676304 0.867362
vt 0.636872 0.866794
vt 0.396283 0.096010
vt 0.397698 0.002435
vt 0.397698 0.096004
vt 0.420100 0.096004
vt 0.418197 0.096024
vt 0.420100 0.081701
vt 0.406719 0.015365
vt 0.410629 0.014536
vt 0.406719 0.017771
vt 0.446151 0.024653
vt 0.442240 0.023718
vt 0.442240 0.021865
vt 0.406719 0.002442
vt 0.431144 0.023492
vt 0.429201 0.023884
vt 0.429201 0.021865
vt 0.423668 0.027922
vt 0.421725 0.026428
vt 0.423668 0.025903
vt 0.431144 0.026429
vt 0.429201 0.027922
vt 0.429201 0.025903
vt 0.458111 0.096010
vt 0.456586 0.096010
vt 0.456612 0.002437
vt 0.418197 0.025805
vt 0.420100 0.026406
vt 0.420100 0.034542
vt 0.421725 0.017771
vt 0.420100 0.017001
vt 0.421725 0.015752
vt 0.460190 0.095944
vt 0.460190 0.002438
vt 0.434672 0.025966
vt 0.432769 0.026406
vt 0.432769 0.023648
vt 0.420100 0.023647
vt 0.432769 0.050266
vt 0.434672 0.055913
vt 0.432769 0.062831
vt 0.453369 0.002420
vt 0.449740 0.024464
vt 0.449740 0.016289
vt 0.403129 0.024562
vt 0.399500 0.002420
vt 0.403129 0.016323
vt 0.446151 0.017771
vt 0.446151 0.014713
vt 0.438337 0.024304
vt 0.446151 0.002447
vt 0.410629 0.021865
vt 0.414532 0.024302
vt 0.410629 0.025364
vt 0.406719 0.023624
vt 0.406719 0.021865
vt 0.449740 0.096012
vt 0.406719 0.095983
vt 0.406719 0.054777
vt 0.446151 0.055348
vt 0.005557 0.951237
vt 0.006972 0.857663
vt 0.006972 0.951232
vt 0.029374 0.951232
vt 0.027471 0.951252
vt 0.029374 0.936928
vt 0.015992 0.870592
vt 0.019903 0.869772
vt 0.015992 0.872999
vt 0.055425 0.879880
vt 0.051514 0.878945
vt 0.051514 0.877093
vt 0.015992 0.857670
vt 0.040418 0.878720
vt 0.038475 0.879112
vt 0.038475 0.877093
vt 0.032942 0.883149
vt 0.030999 0.881655
vt 0.032942 0.881131
vt 0.040418 0.881656
vt 0.038475 0.883149
vt 0.038475 0.881131
vt 0.067385 0.951238
vt 0.065860 0.951238
vt 0.065886 0.857665
vt 0.027471 0.881032
vt 0.029374 0.881634
vt 0.029374 0.889769
vt 0.030999 0.872999
vt 0.029374 0.872228
vt 0.030999 0.870980
vt 0.043946 0.881194
vt 0.042043 0.881634
vt 0.042043 0.878876
vt 0.005526 0.857665
vt 0.029374 0.878875
vt 0.004032 0.951235
vt 0.001953 0.951176
vt 0.001953 0.857666
vt 0.042043 0.905494
vt 0.043946 0.911141
vt 0.042043 0.918059
vt 0.062643 0.857648
vt 0.059014 0.879693
vt 0.059014 0.871516
vt 0.012403 0.879790
vt 0.008774 0.857648
vt 0.012403 0.871518
vt 0.055425 0.872999
vt 0.055425 0.869944
vt 0.047611 0.879529
vt 0.055425 0.857675
vt 0.019903 0.877093
vt 0.023806 0.879534
vt 0.019903 0.880592
vt 0.015992 0.878849
vt 0.015992 0.877093
vt 0.059014 0.951240
vt 0.015992 0.951212
vt 0.015992 0.910010
vt 0.055425 0.910577
vt 0.938303 0.362011
vt 0.936888 0.455585
vt 0.936888 0.362016
vt 0.914486 0.362016
vt 0.916389 0.361996
vt 0.914486 0.376317
vt 0.927868 0.442656
vt 0.923957 0.443393
vt 0.927868 0.440249
vt 0.888435 0.433364
vt 0.892346 0.434300
vt 0.892346 0.436155
vt 0.927868 0.455578
vt 0.903442 0.434528
vt 0.905385 0.434136
vt 0.905385 0.436155
vt 0.910918 0.430098
vt 0.912861 0.431592
vt 0.910918 0.432117
vt 0.903442 0.431591
vt 0.905385 0.430098
vt 0.905385 0.432117
vt 0.916389 0.432215
vt 0.914486 0.431614
vt 0.914486 0.423478
vt 0.941907 0.455582
vt 0.939828 0.362013
vt 0.941907 0.362075
vt 0.912861 0.440249
vt 0.914486 0.441019
vt 0.912861 0.442268
vt 0.899914 0.432054
vt 0.901817 0.431614
vt 0.901817 0.434372
vt 0.938335 0.455583
vt 0.914486 0.434373
vt 0.876476 0.362010
vt 0.878000 0.362010
vt 0.877979 0.455583
vt 0.879415 0.455585
vt 0.901817 0.407754
vt 0.899914 0.402105
vt 0.901817 0.395188
vt 0.881217 0.455599
vt 0.884846 0.433553
vt 0.884846 0.441755
vt 0.931457 0.433457
vt 0.935086 0.455599
vt 0.931457 0.441697
vt 0.888436 0.440249
vt 0.888435 0.443304
vt 0.896249 0.433719
vt 0.888436 0.455573
vt 0.923957 0.436155
vt 0.920054 0.433719
vt 0.923957 0.432656
vt 0.927868 0.434396
vt 0.927868 0.436155
vt 0.884846 0.362007
vt 0.927868 0.362036
vt 0.927868 0.403240
vt 0.888435 0.402680
vt 0.828631 0.631847
vt 0.829592 0.630942
vt 0.830282 0.632510
vt 0.761892 0.851016
vt 0.761674 0.945947
vt 0.716934 0.851016
vt 0.719620 0.852393
vt 0.715716 0.852386
vt 0.780459 0.633895
vt 0.781421 0.632990
vt 0.782110 0.634559
vt 0.396065 0.962432
vt 0.396266 0.867501
vt 0.441023 0.962432
vt 0.438337 0.961055
vt 0.442240 0.961062
vt 0.415744 0.121074
vt 0.416779 0.120270
vt 0.417335 0.121897
vt 0.686958 0.824770
vt 0.686757 0.919701
vt 0.642000 0.824770
vt 0.644686 0.826147
vt 0.640783 0.826140
vt 0.950985 0.450853
vt 0.952021 0.450050
vt 0.952577 0.451677
vt 0.396065 0.097368
vt 0.394759 0.096007
vt 0.396266 0.002437
vt 0.441023 0.097368
vt 0.438337 0.095991
vt 0.442240 0.095998
vt 0.855393 0.380668
vt 0.856354 0.379763
vt 0.857044 0.381331
vt 0.005339 0.952596
vt 0.050297 0.952596
vt 0.047611 0.951219
vt 0.051514 0.951226
vt 0.982425 0.436419
vt 0.981389 0.437223
vt 0.980833 0.435596
vt 0.983804 0.439430
vt 0.982225 0.438213
vt 0.983385 0.437638
vt 0.938521 0.360652
vt 0.893563 0.360652
vt 0.896249 0.362029
vt 0.892346 0.362022
vt 0.754827 0.945946
vt 0.708217 0.945946
vt 0.719620 0.932892
vt 0.715716 0.945941
vt 0.715716 0.932581
vt 0.013903 0.474143
vt 0.011458 0.481075
vt 0.015108 0.467058
vt 0.699846 0.945946
vt 0.763198 0.945946
vt 0.003327 0.462064
vt 0.006701 0.456492
vt 0.002700 0.466012
vt 0.004227 0.480466
vt 0.734288 0.934650
vt 0.736231 0.935021
vt 0.734288 0.936959
vt 0.014247 0.475727
vt 0.015184 0.471581
vt 0.002850 0.473385
vt 0.002265 0.474717
vt 0.001953 0.470466
vt 0.403129 0.867502
vt 0.449740 0.867502
vt 0.438337 0.880579
vt 0.442240 0.867506
vt 0.442240 0.880866
vt 0.394954 0.126521
vt 0.397426 0.102547
vt 0.402184 0.127131
vt 0.460190 0.867502
vt 0.458111 0.961074
vt 0.403293 0.103040
vt 0.405800 0.109108
vt 0.405834 0.113113
vt 0.394053 0.108119
vt 0.393426 0.112067
vt 0.423668 0.878797
vt 0.421725 0.878427
vt 0.423668 0.876552
vt 0.404973 0.121782
vt 0.404629 0.120198
vt 0.405910 0.117636
vt 0.393576 0.119440
vt 0.392991 0.120773
vt 0.392679 0.116521
vt 0.679893 0.919700
vt 0.633283 0.919700
vt 0.644686 0.906659
vt 0.640783 0.919696
vt 0.640783 0.906336
vt 0.394954 0.313953
vt 0.403293 0.290472
vt 0.402184 0.314561
vt 0.624912 0.919700
vt 0.622833 0.919700
vt 0.405800 0.296540
vt 0.405834 0.300545
vt 0.397426 0.289979
vt 0.659354 0.908405
vt 0.661298 0.908828
vt 0.659354 0.910617
vt 0.404973 0.309214
vt 0.404629 0.307630
vt 0.405910 0.305068
vt 0.393576 0.306872
vt 0.392991 0.308205
vt 0.392679 0.303953
vt 0.403129 0.002438
vt 0.449740 0.002438
vt 0.438337 0.015452
vt 0.442240 0.002443
vt 0.442240 0.015803
vt 0.012567 0.424754
vt 0.015074 0.430821
vt 0.015108 0.434826
vt 0.003327 0.429832
vt 0.006700 0.424260
vt 0.002700 0.433781
vt 0.423668 0.013733
vt 0.421725 0.013310
vt 0.423668 0.011453
vt 0.432769 0.002438
vt 0.431144 0.002054
vt 0.432769 0.001953
vt 0.014247 0.443495
vt 0.013903 0.441911
vt 0.015184 0.439350
vt 0.002850 0.441153
vt 0.002265 0.442486
vt 0.001953 0.438235
vt 0.012403 0.857666
vt 0.059014 0.857666
vt 0.047611 0.870714
vt 0.051514 0.857670
vt 0.051514 0.871029
vt 0.913108 0.478897
vt 0.911772 0.461739
vt 0.914313 0.471811
vt 0.069464 0.857666
vt 0.914279 0.467806
vt 0.905905 0.461245
vt 0.903433 0.485219
vt 0.032942 0.868961
vt 0.030999 0.868591
vt 0.032942 0.866653
vt 0.913452 0.480480
vt 0.914389 0.476335
vt 0.902055 0.478138
vt 0.901470 0.479471
vt 0.901158 0.475220
vt 0.931457 0.455582
vt 0.884846 0.455582
vt 0.896249 0.442506
vt 0.892346 0.455577
vt 0.892346 0.442223
vt 0.426039 0.435306
vt 0.418836 0.417656
vt 0.427244 0.428222
vt 0.874396 0.455582
vt 0.415463 0.423228
vt 0.414836 0.427177
vt 0.910918 0.444286
vt 0.912861 0.444710
vt 0.910918 0.446498
vt 0.901817 0.455582
vt 0.903442 0.455966
vt 0.901817 0.456067
vt 0.426382 0.436891
vt 0.427320 0.432746
vt 0.414985 0.434550
vt 0.414401 0.435882
vt 0.414089 0.431631
vt 0.022880 0.851011
vt 0.019965 0.851029
vt 0.019470 0.827861
vt 0.060970 0.850443
vt 0.058848 0.850482
vt 0.059687 0.698225
vt 0.076313 0.729684
vt 0.080776 0.732108
vt 0.075149 0.735841
vt 0.018286 0.739710
vt 0.021346 0.741729
vt 0.018455 0.750890
vt 0.045513 0.698228
vt 0.042817 0.726566
vt 0.042896 0.698222
vt 0.024934 0.734234
vt 0.020801 0.735277
vt 0.080405 0.715937
vt 0.086339 0.716214
vt 0.079257 0.722110
vt 0.062468 0.723343
vt 0.067681 0.850356
vt 0.063615 0.850413
vt 0.057597 0.698227
vt 0.037270 0.722564
vt 0.031903 0.722643
vt 0.031116 0.698202
vt 0.056545 0.850488
vt 0.055331 0.698231
vt 0.048727 0.850610
vt 0.047611 0.698229
vt 0.070780 0.741161
vt 0.075987 0.785778
vt 0.038447 0.734266
vt 0.067037 0.730600
vt 0.068114 0.719239
vt 0.036963 0.698197
vt 0.018379 0.698106
vt 0.013079 0.715139
vt 0.012824 0.698028
vt 0.091805 0.714705
vt 0.086515 0.697961
vt 0.091970 0.697907
vt 0.034248 0.734676
vt 0.030175 0.736305
vt 0.028944 0.730060
vt 0.071449 0.730352
vt 0.039893 0.850707
vt 0.038867 0.782362
vt 0.067340 0.785524
vt 0.071632 0.791433
vt 0.820386 0.689707
vt 0.824591 0.695197
vt 0.818327 0.697695
vt 0.739979 0.702541
vt 0.743877 0.705110
vt 0.740195 0.716781
vt 0.771325 0.649698
vt 0.774658 0.649706
vt 0.771224 0.685810
vt 0.765657 0.695592
vt 0.760662 0.699504
vt 0.759686 0.690152
vt 0.748446 0.695573
vt 0.743183 0.696896
vt 0.796254 0.681693
vt 0.802894 0.843471
vt 0.797715 0.843544
vt 0.764159 0.680709
vt 0.757324 0.680804
vt 0.756349 0.672760
vt 0.790050 0.649704
vt 0.788709 0.843640
vt 0.787164 0.649710
vt 0.781685 0.843731
vt 0.778752 0.843795
vt 0.777331 0.649707
vt 0.806842 0.704423
vt 0.812406 0.697613
vt 0.813472 0.761205
vt 0.791643 0.843633
vt 0.792712 0.649701
vt 0.802073 0.690944
vt 0.803244 0.680730
vt 0.763768 0.649667
vt 0.740098 0.649504
vt 0.733347 0.671246
vt 0.733022 0.649451
vt 0.833621 0.670694
vt 0.826883 0.649366
vt 0.833831 0.649297
vt 0.807694 0.690619
vt 0.767500 0.843918
vt 0.766193 0.756898
vt 0.802459 0.760873
vt 0.819534 0.760538
vt 0.825628 0.749017
vt 0.825823 0.774403
vt 0.807926 0.768409
vt 0.691211 0.207544
vt 0.688368 0.207599
vt 0.689492 0.003571
vt 0.718606 0.045658
vt 0.723031 0.051432
vt 0.716439 0.054074
vt 0.634014 0.059162
vt 0.638115 0.061865
vt 0.634241 0.074143
vt 0.666991 0.003567
vt 0.670498 0.003576
vt 0.666885 0.041538
vt 0.661030 0.051862
vt 0.655773 0.055949
vt 0.654747 0.046128
vt 0.643617 0.054351
vt 0.637385 0.053222
vt 0.693218 0.037232
vt 0.700204 0.207427
vt 0.694756 0.207503
vt 0.659453 0.036186
vt 0.652262 0.036292
vt 0.651236 0.027830
vt 0.686691 0.003574
vt 0.685282 0.207604
vt 0.683654 0.003580
vt 0.704357 0.061117
vt 0.710210 0.053987
vt 0.711334 0.120937
vt 0.644193 0.036052
vt 0.641400 0.046285
vt 0.699340 0.046955
vt 0.700572 0.036214
vt 0.659041 0.003534
vt 0.634139 0.003364
vt 0.627036 0.026238
vt 0.626695 0.003308
vt 0.732530 0.025656
vt 0.725442 0.003218
vt 0.732751 0.003145
vt 0.705253 0.046622
vt 0.662968 0.207897
vt 0.661592 0.116320
vt 0.699746 0.120522
vt 0.717711 0.120161
vt 0.724122 0.108060
vt 0.724326 0.134760
vt 0.705499 0.128473
vt 0.666600 0.464817
vt 0.664479 0.464855
vt 0.665762 0.617079
vt 0.675566 0.617066
vt 0.677838 0.617069
vt 0.674419 0.464741
vt 0.696504 0.585239
vt 0.700971 0.582718
vt 0.695245 0.579047
vt 0.679936 0.617071
vt 0.682553 0.617077
vt 0.682640 0.591832
vt 0.645100 0.581538
vt 0.641413 0.573033
vt 0.640989 0.580599
vt 0.702569 0.464315
vt 0.698098 0.464368
vt 0.703047 0.487265
vt 0.657483 0.592927
vt 0.652155 0.592924
vt 0.651485 0.617132
vt 0.676722 0.464687
vt 0.685555 0.464564
vt 0.681489 0.464637
vt 0.700787 0.599062
vt 0.706797 0.598695
vt 0.699567 0.592835
vt 0.638418 0.576260
vt 0.638372 0.565149
vt 0.637133 0.539515
vt 0.690772 0.573776
vt 0.695177 0.528980
vt 0.668904 0.464808
vt 0.667852 0.617072
vt 0.671662 0.464855
vt 0.672841 0.617055
vt 0.687158 0.584476
vt 0.688353 0.595883
vt 0.662951 0.588872
vt 0.658522 0.581272
vt 0.688486 0.617103
vt 0.712370 0.600157
vt 0.707070 0.617246
vt 0.712625 0.617271
vt 0.638933 0.617283
vt 0.633644 0.600590
vt 0.633479 0.617392
vt 0.654340 0.580934
vt 0.650271 0.579384
vt 0.649136 0.585615
vt 0.691597 0.584647
vt 0.686529 0.529510
vt 0.657768 0.464944
vt 0.658125 0.533263
vt 0.690710 0.523434
vt 0.093195 0.836653
vt 0.090190 0.826683
vt 0.093304 0.823411
vt 0.537280 0.005266
vt 0.536373 0.006789
vt 0.535136 0.004516
vt 0.022491 0.379858
vt 0.021335 0.381799
vt 0.019760 0.378904
vt 0.741487 0.814825
vt 0.738567 0.827201
vt 0.738086 0.810334
vt 0.831464 0.826029
vt 0.828291 0.813686
vt 0.831596 0.809161
vt 0.681907 0.926204
vt 0.680691 0.928245
vt 0.679034 0.925200
vt 0.635601 0.177286
vt 0.632529 0.190311
vt 0.632023 0.172565
vt 0.730262 0.189077
vt 0.726923 0.176097
vt 0.730400 0.171330
vt 0.080968 0.301738
vt 0.080196 0.300137
vt 0.078768 0.302288
vt 0.711355 0.477647
vt 0.708556 0.487696
vt 0.711738 0.490888
vt 0.126835 0.719405
vt 0.128349 0.729332
vt 0.128546 0.740010
vt 0.113317 0.753961
vt 0.113853 0.753382
vt 0.115412 0.754798
vt 0.111909 0.727972
vt 0.114895 0.718410
vt 0.118277 0.715822
vt 0.121163 0.715022
vt 0.122388 0.754159
vt 0.118159 0.754631
vt 0.111413 0.725662
vt 0.110012 0.731796
vt 0.129187 0.727135
vt 0.129646 0.733422
vt 0.826789 0.672016
vt 0.747969 0.649608
vt 0.740303 0.672494
vt 0.972045 0.334249
vt 0.974280 0.352022
vt 0.974225 0.360495
vt 0.954826 0.378264
vt 0.955510 0.377526
vt 0.957495 0.379329
vt 0.950786 0.366100
vt 0.950734 0.358549
vt 0.973804 0.344069
vt 0.956834 0.332971
vt 0.961145 0.329686
vt 0.964821 0.328668
vt 0.725343 0.027047
vt 0.642419 0.003472
vt 0.634355 0.027550
vt 0.020465 0.371933
vt 0.028202 0.344193
vt 0.028144 0.353107
vt 0.007735 0.371801
vt 0.008455 0.371025
vt 0.010543 0.372922
vt 0.017932 0.372500
vt 0.014224 0.372698
vt 0.009849 0.324150
vt 0.025850 0.325496
vt 0.657271 0.617119
vt 0.840264 0.606848
vt 0.839821 0.606188
vt 0.838069 0.607330
vt 0.832125 0.570499
vt 0.845572 0.581415
vt 0.844069 0.571474
vt 0.831276 0.605551
vt 0.835382 0.606713
vt 0.829133 0.580052
vt 0.828636 0.577745
vt 0.827235 0.583878
vt 0.846410 0.579217
vt 0.846869 0.585504
vt 0.688368 0.420557
vt 0.691211 0.420505
vt 0.689492 0.216532
vt 0.699193 0.264504
vt 0.704477 0.268477
vt 0.705366 0.258694
vt 0.673310 0.216538
vt 0.677892 0.420658
vt 0.676354 0.216542
vt 0.641400 0.259246
vt 0.637022 0.265165
vt 0.643711 0.267681
vt 0.716527 0.266665
vt 0.722114 0.274002
vt 0.722688 0.265409
vt 0.700586 0.248886
vt 0.707725 0.248892
vt 0.708670 0.240490
vt 0.700204 0.420386
vt 0.693257 0.254288
vt 0.694756 0.420464
vt 0.726132 0.271223
vt 0.726195 0.286111
vt 0.717009 0.420259
vt 0.722998 0.420179
vt 0.722991 0.390749
vt 0.685282 0.420568
vt 0.686691 0.216535
vt 0.683654 0.216540
vt 0.655978 0.274542
vt 0.649984 0.267486
vt 0.650077 0.334658
vt 0.674806 0.420732
vt 0.670498 0.216536
vt 0.660821 0.260218
vt 0.666874 0.250368
vt 0.659469 0.249439
vt 0.715715 0.248538
vt 0.718606 0.258619
vt 0.627036 0.239202
vt 0.634139 0.216300
vt 0.626695 0.216269
vt 0.700870 0.216471
vt 0.692979 0.216520
vt 0.654872 0.259985
vt 0.662969 0.420896
vt 0.661665 0.333954
vt 0.699725 0.328904
vt 0.643677 0.334035
vt 0.637011 0.322074
vt 0.637347 0.348789
vt 0.656061 0.341989
vt 0.792514 0.987812
vt 0.791480 0.985667
vt 0.789566 0.988549
vt 0.632529 0.403271
vt 0.635599 0.390189
vt 0.632023 0.385526
vt 0.726923 0.389112
vt 0.730262 0.402038
vt 0.730400 0.384291
vt 0.717294 0.216351
vt 0.725343 0.240007
vt 0.725442 0.216203
vt 0.634355 0.240511
vt 0.587528 0.508859
vt 0.572072 0.479111
vt 0.570786 0.487924
vt 0.588122 0.509743
vt 0.585180 0.510389
vt 0.594248 0.497806
vt 0.595499 0.489971
vt 0.593217 0.462328
vt 0.577216 0.461035
vt 0.008766 0.415185
vt 0.020253 0.415758
vt 0.014464 0.416373
vt 0.007011 0.414253
vt 0.005832 0.412688
vt 0.005342 0.407672
vt 0.022743 0.382933
vt 0.023645 0.385142
vt 0.024747 0.389766
vt 0.025332 0.394527
vt 0.006521 0.388932
vt 0.005527 0.393620
vt 0.002490 0.410116
vt 0.002048 0.404371
vt 0.027868 0.405553
vt 0.025106 0.401675
vt 0.028458 0.399854
vt 0.005123 0.398734
vt 0.682172 0.929439
vt 0.683120 0.931763
vt 0.682872 0.961526
vt 0.684280 0.936628
vt 0.684896 0.941636
vt 0.667451 0.963418
vt 0.679531 0.963916
vt 0.673462 0.964620
vt 0.665621 0.962390
vt 0.664381 0.960743
vt 0.663865 0.955469
vt 0.660865 0.958037
vt 0.660400 0.951992
vt 0.687563 0.953236
vt 0.684658 0.949151
vt 0.688184 0.947240
vt 0.663634 0.946062
vt 0.781333 0.949423
vt 0.796512 0.952742
vt 0.787423 0.948776
vt 0.793433 0.949977
vt 0.779420 0.950280
vt 0.778043 0.951807
vt 0.777073 0.957017
vt 0.774307 0.954181
vt 0.773321 0.960159
vt 0.800485 0.961403
vt 0.797238 0.965206
vt 0.800584 0.967432
vt 0.776030 0.966362
vt 0.775989 0.971759
vt 0.795779 0.977646
vt 0.796825 0.972714
vt 0.778712 0.983956
vt 0.780027 0.985090
vt 0.777764 0.981633
vt 0.793058 0.984614
vt 0.794204 0.982386
vt 0.072624 0.273090
vt 0.081621 0.273547
vt 0.077169 0.272606
vt 0.071197 0.273730
vt 0.070169 0.274869
vt 0.083944 0.275563
vt 0.083020 0.274271
vt 0.069445 0.278753
vt 0.067381 0.276641
vt 0.066645 0.281102
vt 0.071985 0.299836
vt 0.086916 0.282030
vt 0.084494 0.284867
vt 0.086991 0.286529
vt 0.068646 0.288479
vt 0.066182 0.289704
vt 0.066182 0.285576
vt 0.083405 0.294151
vt 0.084185 0.290471
vt 0.070669 0.298861
vt 0.069961 0.297127
vt 0.081374 0.299351
vt 0.082229 0.297689
vt 0.526493 0.033037
vt 0.535494 0.033405
vt 0.530978 0.033934
vt 0.525127 0.032270
vt 0.524201 0.031041
vt 0.523817 0.027110
vt 0.521577 0.029021
vt 0.521231 0.024511
vt 0.541502 0.025439
vt 0.539334 0.022391
vt 0.541965 0.020964
vt 0.523861 0.017344
vt 0.521513 0.015900
vt 0.521156 0.020011
vt 0.539051 0.013045
vt 0.539511 0.016782
vt 0.538186 0.009414
vt 0.528168 0.006339
vt 0.532187 0.006007
vt 0.537478 0.007680
vt 0.828678 0.630036
vt 0.833246 0.631489
vt 0.836841 0.630527
vt 0.827006 0.628978
vt 0.827573 0.630726
vt 0.826319 0.623945
vt 0.837664 0.629626
vt 0.839474 0.625267
vt 0.837966 0.623390
vt 0.839524 0.622253
vt 0.827761 0.621042
vt 0.829825 0.613517
vt 0.826225 0.620249
vt 0.837441 0.618025
vt 0.838665 0.616936
vt 0.839292 0.619504
vt 0.835253 0.613248
vt 0.836035 0.613791
vt 0.828150 0.613538
vt 0.828988 0.614193
vt 0.827377 0.615013
vt 0.836815 0.613044
vt 0.837707 0.614424
vt 0.832473 0.613071
vt 0.788669 0.632575
vt 0.785075 0.633538
vt 0.778835 0.631027
vt 0.780506 0.632085
vt 0.779402 0.632774
vt 0.778148 0.625994
vt 0.791303 0.627315
vt 0.789794 0.625439
vt 0.791353 0.624301
vt 0.779589 0.623091
vt 0.781660 0.615572
vt 0.778053 0.622297
vt 0.787081 0.615297
vt 0.789493 0.631674
vt 0.789269 0.620073
vt 0.790493 0.618984
vt 0.791120 0.621552
vt 0.779874 0.619739
vt 0.787863 0.615839
vt 0.779978 0.615586
vt 0.780816 0.616241
vt 0.779205 0.617062
vt 0.788643 0.615092
vt 0.789536 0.616473
vt 0.424050 0.120580
vt 0.420381 0.121178
vt 0.414364 0.118062
vt 0.415944 0.119280
vt 0.414783 0.119855
vt 0.414105 0.112994
vt 0.424947 0.119767
vt 0.427123 0.115617
vt 0.425776 0.113603
vt 0.427429 0.112628
vt 0.415789 0.110255
vt 0.414323 0.109313
vt 0.425706 0.108220
vt 0.427020 0.107261
vt 0.427429 0.109874
vt 0.423927 0.103257
vt 0.424661 0.103874
vt 0.416811 0.102838
vt 0.417593 0.103572
vt 0.415916 0.104227
vt 0.425503 0.103210
vt 0.426277 0.104670
vt 0.418492 0.102991
vt 0.421166 0.102805
vt 0.959291 0.450360
vt 0.955622 0.450958
vt 0.949605 0.447842
vt 0.951185 0.449060
vt 0.950024 0.449634
vt 0.949346 0.442774
vt 0.962365 0.445397
vt 0.961018 0.443384
vt 0.962670 0.442408
vt 0.949564 0.439092
vt 0.951030 0.440034
vt 0.960948 0.438000
vt 0.962262 0.437041
vt 0.962670 0.439654
vt 0.953733 0.432771
vt 0.960188 0.449546
vt 0.952834 0.433352
vt 0.951598 0.436732
vt 0.959168 0.433037
vt 0.959903 0.433654
vt 0.952053 0.432617
vt 0.951157 0.434006
vt 0.960744 0.432989
vt 0.961518 0.434450
vt 0.863603 0.379348
vt 0.860009 0.380310
vt 0.853768 0.377799
vt 0.855440 0.378857
vt 0.854336 0.379547
vt 0.853081 0.372766
vt 0.866236 0.374088
vt 0.864728 0.372213
vt 0.866287 0.371074
vt 0.862015 0.362069
vt 0.864426 0.378447
vt 0.854523 0.369864
vt 0.864203 0.366845
vt 0.865427 0.365757
vt 0.866054 0.368325
vt 0.852987 0.369070
vt 0.854808 0.366511
vt 0.862797 0.362612
vt 0.863577 0.361865
vt 0.864470 0.363245
vt 0.854912 0.362359
vt 0.855750 0.363014
vt 0.854139 0.363835
vt 0.974118 0.436913
vt 0.977787 0.436315
vt 0.984064 0.444499
vt 0.973220 0.437725
vt 0.974242 0.454236
vt 0.983846 0.448180
vt 0.982379 0.447238
vt 0.979676 0.454502
vt 0.972462 0.449273
vt 0.971148 0.450232
vt 0.970740 0.447619
vt 0.981811 0.450540
vt 0.973507 0.453618
vt 0.981357 0.454655
vt 0.980575 0.453921
vt 0.982253 0.453266
vt 0.972665 0.454283
vt 0.971891 0.452823
vt 0.489678 0.765202
vt 0.490183 0.765259
vt 0.489666 0.765278
vt 0.489660 0.754615
vt 0.489736 0.754682
vt 0.498971 0.754519
vt 0.499418 0.754577
vt 0.498902 0.754595
vt 0.489585 0.754619
vt 0.480491 0.754680
vt 0.480426 0.754605
vt 0.462557 0.784787
vt 0.463061 0.784849
vt 0.462547 0.784863
vt 0.462614 0.775395
vt 0.462538 0.775389
vt 0.471240 0.744276
vt 0.471184 0.754531
vt 0.471174 0.744208
vt 0.491971 0.754615
vt 0.491524 0.754677
vt 0.491454 0.754605
vt 0.491463 0.765198
vt 0.492122 0.774828
vt 0.492061 0.784159
vt 0.492054 0.774758
vt 0.462006 0.744276
vt 0.461950 0.754531
vt 0.461938 0.744210
vt 0.492571 0.774681
vt 0.492632 0.765350
vt 0.492638 0.774750
vt 0.490336 0.754621
vt 0.490278 0.765202
vt 0.490260 0.754615
vt 0.493222 0.765194
vt 0.493163 0.754673
vt 0.493231 0.754605
vt 0.480483 0.754531
vt 0.489577 0.754589
vt 0.480416 0.754600
vt 0.489577 0.744276
vt 0.480483 0.744218
vt 0.489644 0.744202
vt 0.462461 0.775457
vt 0.462014 0.775395
vt 0.462529 0.775388
vt 0.503492 0.774825
vt 0.498474 0.774764
vt 0.503559 0.774757
vt 0.482209 0.785984
vt 0.482656 0.785922
vt 0.482726 0.785990
vt 0.500116 0.764012
vt 0.500177 0.754682
vt 0.500187 0.764083
vt 0.482719 0.780776
vt 0.471098 0.775458
vt 0.466080 0.775397
vt 0.471164 0.775388
vt 0.500011 0.754519
vt 0.500073 0.745188
vt 0.500087 0.754586
vt 0.492716 0.781224
vt 0.493164 0.781160
vt 0.493234 0.781228
vt 0.484567 0.784638
vt 0.489585 0.784577
vt 0.489651 0.784652
vt 0.498381 0.774605
vt 0.493307 0.774548
vt 0.498390 0.774530
vt 0.498325 0.783713
vt 0.498400 0.783713
vt 0.499663 0.765349
vt 0.499600 0.774680
vt 0.499594 0.765281
vt 0.492644 0.786442
vt 0.492639 0.781230
vt 0.492706 0.781296
vt 0.465431 0.784847
vt 0.464916 0.784863
vt 0.464926 0.784786
vt 0.464916 0.775389
vt 0.464984 0.775455
vt 0.498324 0.754622
vt 0.493306 0.754680
vt 0.493242 0.754605
vt 0.489744 0.775948
vt 0.490262 0.775938
vt 0.490191 0.776009
vt 0.499522 0.764013
vt 0.499583 0.754682
vt 0.499593 0.764080
vt 0.481608 0.775477
vt 0.481549 0.780623
vt 0.481540 0.775409
vt 0.476416 0.775411
vt 0.476361 0.784579
vt 0.476342 0.775405
vt 0.481435 0.775470
vt 0.481501 0.775402
vt 0.500157 0.745188
vt 0.500097 0.754519
vt 0.500087 0.745122
vt 0.493307 0.774517
vt 0.498325 0.774456
vt 0.498390 0.774530
vt 0.463799 0.775456
vt 0.463737 0.784787
vt 0.463731 0.775388
vt 0.491523 0.776007
vt 0.491462 0.781153
vt 0.491456 0.775939
vt 0.491454 0.774762
vt 0.491448 0.784162
vt 0.491385 0.774831
vt 0.505280 0.754672
vt 0.500262 0.754613
vt 0.505347 0.754607
vt 0.482803 0.780685
vt 0.483250 0.780623
vt 0.483318 0.780699
vt 0.489736 0.754605
vt 0.498894 0.754519
vt 0.498476 0.765349
vt 0.498400 0.765282
vt 0.498476 0.765273
vt 0.493156 0.765349
vt 0.493224 0.765273
vt 0.493232 0.765349
vt 0.490783 0.754682
vt 0.490853 0.754605
vt 0.490859 0.754682
vt 0.489651 0.744276
vt 0.499669 0.754682
vt 0.499593 0.754612
vt 0.499669 0.754605
vt 0.482803 0.785913
vt 0.482736 0.785990
vt 0.482726 0.785913
vt 0.500011 0.754596
vt 0.482202 0.780623
vt 0.482134 0.780699
vt 0.482126 0.780623
vt 0.489744 0.781155
vt 0.489675 0.781231
vt 0.489667 0.781155
vt 0.482049 0.780776
vt 0.482118 0.780699
vt 0.482126 0.780776
vt 0.499518 0.774680
vt 0.499594 0.774747
vt 0.499518 0.774756
vt 0.500262 0.763780
vt 0.500195 0.763855
vt 0.500187 0.763780
vt 0.726813 0.866926
vt 0.728756 0.852380
vt 0.728756 0.866997
vt 0.725188 0.866728
vt 0.726813 0.852380
vt 0.704588 0.852380
vt 0.725188 0.852380
vt 0.723285 0.852387
vt 0.758456 0.852380
vt 0.702786 0.852380
vt 0.736231 0.852380
vt 0.723284 0.933267
vt 0.725188 0.931487
vt 0.736231 0.866832
vt 0.734288 0.852380
vt 0.725188 0.913842
vt 0.734288 0.924851
vt 0.736231 0.924784
vt 0.736231 0.913842
vt 0.731522 0.852380
vt 0.731522 0.867386
vt 0.728756 0.930613
vt 0.731522 0.926518
vt 0.731522 0.930613
vt 0.731522 0.920462
vt 0.728756 0.913842
vt 0.731522 0.913842
vt 0.734288 0.866977
vt 0.734288 0.930613
vt 0.731522 0.924500
vt 0.725188 0.935117
vt 0.734288 0.932632
vt 0.731522 0.922481
vt 0.731522 0.932632
vt 0.731522 0.934650
vt 0.726813 0.930613
vt 0.726813 0.913842
vt 0.754827 0.852380
vt 0.739760 0.931415
vt 0.734288 0.913842
vt 0.726813 0.932632
vt 0.728756 0.932632
vt 0.726813 0.935037
vt 0.728756 0.934650
vt 0.737856 0.935103
vt 0.739760 0.935193
vt 0.711806 0.852372
vt 0.747328 0.892675
vt 0.747328 0.852394
vt 0.726813 0.885570
vt 0.728756 0.885606
vt 0.736231 0.898037
vt 0.734288 0.897990
vt 0.734288 0.885636
vt 0.731522 0.885722
vt 0.739760 0.891905
vt 0.737856 0.898074
vt 0.715716 0.894311
vt 0.728756 0.897940
vt 0.726813 0.897987
vt 0.736231 0.885613
vt 0.731522 0.897885
vt 0.737856 0.885546
vt 0.743424 0.932868
vt 0.719620 0.892639
vt 0.743424 0.852384
vt 0.743424 0.892639
vt 0.431144 0.946520
vt 0.429201 0.961068
vt 0.429201 0.946451
vt 0.432769 0.946717
vt 0.431144 0.961068
vt 0.453369 0.961068
vt 0.432769 0.961068
vt 0.434672 0.961060
vt 0.399500 0.961068
vt 0.455171 0.961068
vt 0.421725 0.961068
vt 0.434672 0.880181
vt 0.432769 0.881961
vt 0.421725 0.946615
vt 0.423668 0.961068
vt 0.432769 0.899606
vt 0.423668 0.888597
vt 0.421725 0.888664
vt 0.421725 0.899606
vt 0.426435 0.961068
vt 0.426435 0.946061
vt 0.429201 0.882835
vt 0.426435 0.886929
vt 0.426435 0.882835
vt 0.460190 0.961008
vt 0.426435 0.892985
vt 0.429201 0.899606
vt 0.426435 0.899606
vt 0.423668 0.946470
vt 0.423668 0.882835
vt 0.426435 0.888948
vt 0.432769 0.878390
vt 0.423668 0.880816
vt 0.426435 0.890967
vt 0.426435 0.880816
vt 0.426435 0.878797
vt 0.431144 0.882835
vt 0.431144 0.899606
vt 0.403129 0.961068
vt 0.418197 0.882033
vt 0.423668 0.899606
vt 0.431144 0.880816
vt 0.429201 0.880816
vt 0.431144 0.878452
vt 0.429201 0.878797
vt 0.420100 0.878345
vt 0.418197 0.878255
vt 0.446151 0.961075
vt 0.410629 0.920768
vt 0.410629 0.961054
vt 0.431144 0.927878
vt 0.429201 0.927842
vt 0.421725 0.915411
vt 0.423668 0.915457
vt 0.423668 0.927812
vt 0.426435 0.927727
vt 0.418197 0.921543
vt 0.420100 0.915374
vt 0.442240 0.919131
vt 0.429201 0.915509
vt 0.431144 0.915461
vt 0.421725 0.927835
vt 0.426435 0.915563
vt 0.420100 0.927902
vt 0.414532 0.880551
vt 0.438337 0.920812
vt 0.414532 0.961064
vt 0.414532 0.920811
vt 0.651879 0.840681
vt 0.653822 0.826134
vt 0.653822 0.840750
vt 0.650254 0.840484
vt 0.651879 0.826134
vt 0.627852 0.919703
vt 0.629654 0.826134
vt 0.650254 0.826134
vt 0.648351 0.826142
vt 0.683523 0.826134
vt 0.627852 0.826134
vt 0.661298 0.826134
vt 0.648351 0.905431
vt 0.650254 0.905241
vt 0.661298 0.840587
vt 0.659354 0.826134
vt 0.650254 0.887596
vt 0.659354 0.898605
vt 0.661298 0.898538
vt 0.661298 0.887596
vt 0.656588 0.826134
vt 0.656588 0.841141
vt 0.653822 0.904367
vt 0.656588 0.900273
vt 0.656588 0.904367
vt 0.622833 0.826194
vt 0.656588 0.894217
vt 0.653822 0.887596
vt 0.656588 0.887596
vt 0.659354 0.840733
vt 0.659354 0.904367
vt 0.656588 0.898254
vt 0.648351 0.909042
vt 0.650254 0.908872
vt 0.659354 0.906386
vt 0.656588 0.896235
vt 0.656588 0.906386
vt 0.656588 0.908405
vt 0.651879 0.904367
vt 0.651879 0.887596
vt 0.679893 0.826134
vt 0.664826 0.905169
vt 0.659354 0.887596
vt 0.651879 0.906386
vt 0.653822 0.906386
vt 0.651879 0.908791
vt 0.653822 0.908405
vt 0.662922 0.908857
vt 0.664826 0.908950
vt 0.636872 0.826127
vt 0.672394 0.866434
vt 0.672394 0.826148
vt 0.651879 0.859324
vt 0.653822 0.859361
vt 0.661298 0.871791
vt 0.659354 0.871745
vt 0.659354 0.859391
vt 0.656588 0.859476
vt 0.664826 0.865659
vt 0.662922 0.871829
vt 0.640783 0.868070
vt 0.653822 0.871693
vt 0.651879 0.871741
vt 0.661298 0.859366
vt 0.656588 0.871639
vt 0.662922 0.859300
vt 0.668491 0.906659
vt 0.644686 0.866393
vt 0.668491 0.826138
vt 0.668491 0.866391
vt 0.431144 0.081458
vt 0.429201 0.096004
vt 0.429201 0.081389
vt 0.432769 0.081656
vt 0.431144 0.096004
vt 0.455171 0.002435
vt 0.453369 0.096004
vt 0.432769 0.096004
vt 0.434672 0.095996
vt 0.399500 0.096004
vt 0.455171 0.096004
vt 0.421725 0.096004
vt 0.434672 0.016707
vt 0.432769 0.016897
vt 0.421725 0.081552
vt 0.423668 0.096004
vt 0.432769 0.034542
vt 0.423668 0.023533
vt 0.421725 0.023600
vt 0.421725 0.034542
vt 0.426435 0.096004
vt 0.426435 0.080998
vt 0.429201 0.017771
vt 0.426435 0.021865
vt 0.426435 0.017771
vt 0.426435 0.027922
vt 0.429201 0.034542
vt 0.426435 0.034542
vt 0.423668 0.081406
vt 0.423668 0.017771
vt 0.392679 0.095944
vt 0.392679 0.002438
vt 0.426435 0.023884
vt 0.434672 0.013096
vt 0.432769 0.013326
vt 0.423668 0.015752
vt 0.426435 0.025903
vt 0.426435 0.015752
vt 0.426435 0.013733
vt 0.431144 0.017771
vt 0.431144 0.034542
vt 0.403129 0.096004
vt 0.418197 0.016969
vt 0.423668 0.034542
vt 0.431144 0.015752
vt 0.429201 0.015752
vt 0.431144 0.013335
vt 0.429201 0.013733
vt 0.420100 0.013278
vt 0.418197 0.013248
vt 0.446151 0.096012
vt 0.410629 0.055705
vt 0.410629 0.095990
vt 0.431144 0.062813
vt 0.429201 0.062777
vt 0.421725 0.050347
vt 0.423668 0.050393
vt 0.423668 0.062747
vt 0.426435 0.062663
vt 0.418197 0.056479
vt 0.420100 0.050309
vt 0.442240 0.054075
vt 0.429201 0.050444
vt 0.431144 0.050398
vt 0.421725 0.062771
vt 0.426435 0.050499
vt 0.420100 0.062839
vt 0.414532 0.015453
vt 0.438337 0.055754
vt 0.414532 0.096000
vt 0.414532 0.055749
vt 0.040418 0.936686
vt 0.038475 0.951232
vt 0.038475 0.936616
vt 0.042043 0.936882
vt 0.040418 0.951232
vt 0.064445 0.857663
vt 0.062643 0.951232
vt 0.042043 0.951232
vt 0.043946 0.951224
vt 0.008774 0.951232
vt 0.064445 0.951232
vt 0.030999 0.951232
vt 0.043946 0.870345
vt 0.042043 0.872125
vt 0.030999 0.936779
vt 0.032942 0.951232
vt 0.042043 0.889769
vt 0.032942 0.878761
vt 0.030999 0.878828
vt 0.030999 0.889769
vt 0.035709 0.951232
vt 0.035709 0.936225
vt 0.038475 0.872999
vt 0.035709 0.877093
vt 0.035709 0.872999
vt 0.035709 0.883149
vt 0.038475 0.889769
vt 0.035709 0.889769
vt 0.032942 0.936635
vt 0.032942 0.872999
vt 0.035709 0.879112
vt 0.042043 0.868494
vt 0.032942 0.870980
vt 0.035709 0.881131
vt 0.035709 0.870980
vt 0.035709 0.868961
vt 0.040418 0.872999
vt 0.040418 0.889769
vt 0.012403 0.951232
vt 0.027471 0.872197
vt 0.032942 0.889769
vt 0.040418 0.870980
vt 0.038475 0.870980
vt 0.040418 0.868628
vt 0.038475 0.868961
vt 0.029374 0.868509
vt 0.027471 0.868419
vt 0.055425 0.951240
vt 0.019903 0.910933
vt 0.019903 0.951218
vt 0.040418 0.918042
vt 0.038475 0.918005
vt 0.030999 0.905575
vt 0.032942 0.905621
vt 0.032942 0.917975
vt 0.035709 0.917890
vt 0.027471 0.911708
vt 0.029374 0.905536
vt 0.051514 0.909298
vt 0.038475 0.905672
vt 0.040418 0.905625
vt 0.030999 0.917999
vt 0.035709 0.905727
vt 0.029374 0.918066
vt 0.069464 0.951176
vt 0.023806 0.870742
vt 0.047611 0.910968
vt 0.023806 0.951228
vt 0.023806 0.910982
vt 0.903442 0.376562
vt 0.905385 0.362016
vt 0.905385 0.376630
vt 0.901817 0.376365
vt 0.903442 0.362016
vt 0.881217 0.362016
vt 0.901817 0.362016
vt 0.899914 0.362023
vt 0.935086 0.362016
vt 0.879415 0.362016
vt 0.912861 0.362016
vt 0.899914 0.442903
vt 0.901817 0.441123
vt 0.912861 0.376467
vt 0.910918 0.362016
vt 0.901817 0.423478
vt 0.910918 0.434487
vt 0.912861 0.434420
vt 0.912861 0.423478
vt 0.908152 0.362016
vt 0.908152 0.377020
vt 0.905385 0.440249
vt 0.908152 0.436155
vt 0.908152 0.440249
vt 0.874396 0.362075
vt 0.908152 0.430098
vt 0.905385 0.423478
vt 0.908152 0.423478
vt 0.910918 0.376612
vt 0.910918 0.440249
vt 0.908152 0.434136
vt 0.901817 0.444694
vt 0.910918 0.442268
vt 0.908152 0.432117
vt 0.908152 0.442268
vt 0.908152 0.444286
vt 0.903442 0.440249
vt 0.903442 0.423478
vt 0.931457 0.362016
vt 0.916389 0.441051
vt 0.910918 0.423478
vt 0.903442 0.442268
vt 0.905385 0.442268
vt 0.903442 0.444685
vt 0.905385 0.444286
vt 0.914486 0.444742
vt 0.916389 0.444772
vt 0.888436 0.362008
vt 0.923957 0.402311
vt 0.923957 0.362030
vt 0.903442 0.395207
vt 0.905385 0.395243
vt 0.912861 0.407673
vt 0.910918 0.407627
vt 0.910918 0.395273
vt 0.908152 0.395358
vt 0.916389 0.401541
vt 0.914486 0.407711
vt 0.892346 0.403951
vt 0.905385 0.407575
vt 0.903442 0.407623
vt 0.912861 0.395249
vt 0.908152 0.407521
vt 0.914486 0.395182
vt 0.920054 0.442570
vt 0.896249 0.402274
vt 0.920054 0.362020
vt 0.920054 0.402269
vt 0.837870 0.631320
vt 0.829169 0.612693
vt 0.830464 0.612235
vt 0.836282 0.632168
vt 0.833300 0.632776
vt 0.835540 0.612275
vt 0.832421 0.611829
vt 0.728756 0.851016
vt 0.726813 0.851016
vt 0.725188 0.851016
vt 0.723285 0.851016
vt 0.711806 0.851016
vt 0.704588 0.851016
vt 0.702786 0.851016
vt 0.701370 0.851016
vt 0.699846 0.851016
vt 0.760258 0.851016
vt 0.758456 0.851016
vt 0.747328 0.851016
vt 0.751238 0.851016
vt 0.739760 0.851016
vt 0.737856 0.851016
vt 0.736231 0.851016
vt 0.734288 0.851016
vt 0.697767 0.851016
vt 0.731522 0.851016
vt 0.765277 0.851016
vt 0.708217 0.851016
vt 0.743424 0.851016
vt 0.754827 0.851016
vt 0.789699 0.633368
vt 0.780997 0.614742
vt 0.782292 0.614283
vt 0.784301 0.615119
vt 0.788111 0.634216
vt 0.785129 0.634825
vt 0.787368 0.614323
vt 0.784249 0.613878
vt 0.429201 0.962432
vt 0.431144 0.962432
vt 0.432769 0.962432
vt 0.434672 0.962432
vt 0.446151 0.962432
vt 0.453369 0.962432
vt 0.455171 0.962432
vt 0.456586 0.962432
vt 0.458111 0.962432
vt 0.397698 0.962432
vt 0.399500 0.962432
vt 0.410629 0.962432
vt 0.406718 0.962432
vt 0.418197 0.962432
vt 0.420100 0.962432
vt 0.421725 0.962432
vt 0.423668 0.962432
vt 0.460190 0.962432
vt 0.426435 0.962432
vt 0.392679 0.962432
vt 0.449740 0.962432
vt 0.414532 0.962432
vt 0.403129 0.962432
vt 0.425011 0.121470
vt 0.417900 0.102100
vt 0.419232 0.101774
vt 0.423354 0.122155
vt 0.420326 0.122462
vt 0.424295 0.102319
vt 0.421219 0.101566
vt 0.653822 0.824770
vt 0.651879 0.824770
vt 0.650254 0.824770
vt 0.648351 0.824770
vt 0.636872 0.824770
vt 0.629654 0.824770
vt 0.627852 0.824770
vt 0.626436 0.824770
vt 0.624912 0.824770
vt 0.685324 0.824770
vt 0.683523 0.824770
vt 0.672394 0.824770
vt 0.676304 0.824770
vt 0.664826 0.824770
vt 0.662922 0.824770
vt 0.661298 0.824770
vt 0.659354 0.824770
vt 0.622833 0.824770
vt 0.656588 0.824770
vt 0.690344 0.824770
vt 0.633283 0.824770
vt 0.668491 0.824770
vt 0.679893 0.824770
vt 0.960252 0.451250
vt 0.953142 0.431880
vt 0.954473 0.431553
vt 0.956408 0.432584
vt 0.958595 0.451934
vt 0.955567 0.452242
vt 0.959537 0.432099
vt 0.956461 0.431346
vt 0.429201 0.097368
vt 0.431144 0.097368
vt 0.432769 0.097368
vt 0.434672 0.097368
vt 0.446151 0.097368
vt 0.453369 0.097368
vt 0.455171 0.097368
vt 0.456586 0.097368
vt 0.458111 0.097368
vt 0.397698 0.097368
vt 0.399500 0.097368
vt 0.410629 0.097368
vt 0.406719 0.097368
vt 0.418197 0.097368
vt 0.420100 0.097368
vt 0.421725 0.097368
vt 0.423668 0.097368
vt 0.460190 0.097368
vt 0.426435 0.097368
vt 0.392679 0.097368
vt 0.449740 0.097368
vt 0.414532 0.097368
vt 0.403129 0.097368
vt 0.857226 0.361056
vt 0.859235 0.361892
vt 0.856594 0.362345
vt 0.855931 0.361514
vt 0.864632 0.380141
vt 0.863045 0.380989
vt 0.860063 0.381597
vt 0.862302 0.361096
vt 0.859183 0.360650
vt 0.038475 0.952596
vt 0.040418 0.952596
vt 0.042043 0.952596
vt 0.043946 0.952596
vt 0.055425 0.952596
vt 0.062643 0.952596
vt 0.064445 0.952596
vt 0.065860 0.952596
vt 0.067385 0.952596
vt 0.006972 0.952596
vt 0.008774 0.952596
vt 0.019903 0.952596
vt 0.015992 0.952596
vt 0.027471 0.952596
vt 0.029374 0.952596
vt 0.030999 0.952596
vt 0.032942 0.952596
vt 0.069464 0.952596
vt 0.035709 0.952596
vt 0.001953 0.952596
vt 0.059014 0.952596
vt 0.023806 0.952596
vt 0.012403 0.952596
vt 0.978937 0.455719
vt 0.977002 0.454688
vt 0.980268 0.455393
vt 0.973158 0.436023
vt 0.974814 0.435338
vt 0.977842 0.435031
vt 0.973873 0.455174
vt 0.976949 0.455927
vt 0.905385 0.360652
vt 0.903442 0.360652
vt 0.901817 0.360652
vt 0.899914 0.360652
vt 0.888436 0.360652
vt 0.881217 0.360652
vt 0.879415 0.360652
vt 0.878000 0.360652
vt 0.876476 0.360652
vt 0.936888 0.360652
vt 0.935086 0.360652
vt 0.923957 0.360652
vt 0.927868 0.360652
vt 0.916389 0.360652
vt 0.914486 0.360652
vt 0.912861 0.360652
vt 0.910918 0.360652
vt 0.874396 0.360652
vt 0.908152 0.360652
vt 0.941907 0.360652
vt 0.884846 0.360652
vt 0.920054 0.360652
vt 0.931457 0.360652
vt 0.743424 0.945946
vt 0.719620 0.945946
vt 0.723285 0.945946
vt 0.734288 0.945946
vt 0.731522 0.937127
vt 0.728756 0.945946
vt 0.728756 0.936840
vt 0.737856 0.945946
vt 0.747328 0.945946
vt 0.736231 0.945946
vt 0.726813 0.945946
vt 0.725188 0.945946
vt 0.747328 0.946431
vt 0.743424 0.946431
vt 0.739760 0.945946
vt 0.739760 0.946431
vt 0.751238 0.946431
vt 0.754827 0.946431
vt 0.758456 0.946431
vt 0.711806 0.946431
vt 0.708217 0.946431
vt 0.704588 0.946431
vt 0.715716 0.946431
vt 0.719620 0.946431
vt 0.723285 0.946431
vt 0.013568 0.457811
vt 0.012773 0.456510
vt 0.014018 0.457507
vt 0.014251 0.459175
vt 0.014846 0.459081
vt 0.012356 0.480926
vt 0.012575 0.479226
vt 0.013158 0.479374
vt 0.009622 0.482354
vt 0.011281 0.482026
vt 0.009661 0.482952
vt 0.004261 0.481434
vt 0.005851 0.482036
vt 0.005723 0.482620
vt 0.003397 0.478453
vt 0.003363 0.480168
vt 0.002800 0.478502
vt 0.001953 0.465935
vt 0.005190 0.456764
vt 0.004713 0.458373
vt 0.004140 0.458180
vt 0.006567 0.455988
vt 0.005590 0.457140
vt 0.007685 0.482889
vt 0.007635 0.483552
vt 0.009678 0.456150
vt 0.009725 0.455510
vt 0.012567 0.456985
vt 0.015074 0.463053
vt 0.765277 0.946431
vt 0.731522 0.946431
vt 0.731522 0.945946
vt 0.697767 0.946431
vt 0.760258 0.946431
vt 0.761862 0.946431
vt 0.736231 0.946431
vt 0.734288 0.946431
vt 0.728756 0.946431
vt 0.726813 0.946431
vt 0.702786 0.946431
vt 0.701182 0.946431
vt 0.015787 0.463058
vt 0.002622 0.461949
vt 0.414532 0.867502
vt 0.438337 0.867502
vt 0.434672 0.867502
vt 0.426435 0.876327
vt 0.423668 0.867502
vt 0.426435 0.867502
vt 0.429201 0.867502
vt 0.429201 0.876480
vt 0.420100 0.867502
vt 0.410629 0.867502
vt 0.421725 0.867502
vt 0.431144 0.867502
vt 0.410629 0.867017
vt 0.414532 0.867017
vt 0.418197 0.867502
vt 0.418197 0.867017
vt 0.406718 0.867017
vt 0.403129 0.867017
vt 0.399500 0.867017
vt 0.446151 0.867017
vt 0.449740 0.867017
vt 0.453369 0.867017
vt 0.442240 0.867017
vt 0.438337 0.867017
vt 0.434672 0.867017
vt 0.404294 0.103866
vt 0.403499 0.102565
vt 0.404744 0.103561
vt 0.404977 0.105230
vt 0.405572 0.105136
vt 0.403082 0.126981
vt 0.403301 0.125281
vt 0.403884 0.125429
vt 0.400348 0.128409
vt 0.402008 0.128080
vt 0.400387 0.129007
vt 0.394987 0.127489
vt 0.396577 0.128091
vt 0.396450 0.128675
vt 0.394124 0.124508
vt 0.394089 0.126223
vt 0.393526 0.124557
vt 0.392679 0.111990
vt 0.395916 0.102819
vt 0.395439 0.104427
vt 0.394866 0.104235
vt 0.397293 0.102043
vt 0.396316 0.103195
vt 0.398411 0.128943
vt 0.398362 0.129607
vt 0.400403 0.102204
vt 0.400451 0.101564
vt 0.396094 0.867017
vt 0.392679 0.867017
vt 0.426435 0.867017
vt 0.456775 0.867017
vt 0.397698 0.867017
vt 0.421725 0.867017
vt 0.423668 0.867017
vt 0.429201 0.867017
vt 0.431144 0.867017
vt 0.432769 0.867502
vt 0.455171 0.867017
vt 0.406514 0.109112
vt 0.393348 0.108004
vt 0.668491 0.919700
vt 0.664826 0.919700
vt 0.644686 0.919700
vt 0.648351 0.919700
vt 0.656588 0.910937
vt 0.659354 0.919700
vt 0.656588 0.919700
vt 0.653822 0.919700
vt 0.653822 0.910595
vt 0.393426 0.299499
vt 0.662922 0.919700
vt 0.672394 0.919700
vt 0.661298 0.919700
vt 0.651879 0.919700
vt 0.650254 0.919700
vt 0.672394 0.920185
vt 0.668491 0.920185
vt 0.664826 0.920185
vt 0.676304 0.920185
vt 0.679893 0.920185
vt 0.683523 0.920185
vt 0.636872 0.920185
vt 0.633283 0.920185
vt 0.629654 0.920185
vt 0.640783 0.920185
vt 0.644686 0.920185
vt 0.648351 0.920185
vt 0.404294 0.291298
vt 0.403499 0.289997
vt 0.404744 0.290993
vt 0.404977 0.292662
vt 0.405572 0.292568
vt 0.403082 0.314413
vt 0.403302 0.312713
vt 0.403884 0.312861
vt 0.400348 0.315841
vt 0.402008 0.315513
vt 0.400387 0.316439
vt 0.394987 0.314921
vt 0.396577 0.315523
vt 0.396450 0.316107
vt 0.394124 0.311940
vt 0.394089 0.313655
vt 0.393526 0.311989
vt 0.392679 0.299422
vt 0.395916 0.290251
vt 0.395439 0.291860
vt 0.394866 0.291667
vt 0.397293 0.289475
vt 0.396316 0.290627
vt 0.398411 0.316376
vt 0.398362 0.317039
vt 0.400403 0.289637
vt 0.400451 0.288997
vt 0.394053 0.295551
vt 0.686928 0.920185
vt 0.690344 0.920185
vt 0.656588 0.920185
vt 0.622833 0.920185
vt 0.685324 0.920185
vt 0.661298 0.920185
vt 0.659354 0.920185
vt 0.653822 0.920185
vt 0.651879 0.920185
vt 0.627852 0.920185
vt 0.626248 0.920185
vt 0.406513 0.296545
vt 0.393348 0.295436
vt 0.414532 0.002438
vt 0.418197 0.002438
vt 0.438337 0.002438
vt 0.434672 0.002438
vt 0.423668 0.002438
vt 0.426435 0.011256
vt 0.011458 0.448843
vt 0.004228 0.448234
vt 0.429201 0.002438
vt 0.429201 0.011544
vt 0.420100 0.002438
vt 0.410629 0.002438
vt 0.421725 0.002438
vt 0.410629 0.001953
vt 0.414532 0.001953
vt 0.418197 0.001953
vt 0.406719 0.001953
vt 0.403129 0.001953
vt 0.399500 0.001953
vt 0.446151 0.001953
vt 0.449740 0.001953
vt 0.453369 0.001953
vt 0.442240 0.001953
vt 0.438337 0.001953
vt 0.434672 0.001953
vt 0.013568 0.425580
vt 0.012773 0.424279
vt 0.014018 0.425275
vt 0.014251 0.426944
vt 0.014846 0.426850
vt 0.012356 0.448694
vt 0.012576 0.446995
vt 0.013158 0.447142
vt 0.009622 0.450123
vt 0.011282 0.449794
vt 0.009661 0.450720
vt 0.004261 0.449203
vt 0.005851 0.449805
vt 0.005724 0.450389
vt 0.003398 0.446222
vt 0.003363 0.447937
vt 0.002800 0.446270
vt 0.001953 0.433704
vt 0.005190 0.424532
vt 0.004713 0.426141
vt 0.004140 0.425949
vt 0.006567 0.423757
vt 0.005590 0.424909
vt 0.007685 0.450657
vt 0.007636 0.451321
vt 0.009677 0.423918
vt 0.009725 0.423278
vt 0.396094 0.001953
vt 0.392679 0.001953
vt 0.426435 0.001953
vt 0.426435 0.002438
vt 0.456775 0.001953
vt 0.397698 0.001953
vt 0.421725 0.001953
vt 0.423668 0.001953
vt 0.429201 0.001953
vt 0.455171 0.001953
vt 0.015787 0.430826
vt 0.002622 0.429718
vt 0.023806 0.857666
vt 0.047611 0.857666
vt 0.043946 0.857666
vt 0.032942 0.857666
vt 0.035709 0.866485
vt 0.038475 0.857666
vt 0.038475 0.866729
vt 0.901906 0.470766
vt 0.029374 0.857666
vt 0.019903 0.857666
vt 0.030999 0.857666
vt 0.040418 0.857666
vt 0.042043 0.857666
vt 0.019903 0.857181
vt 0.023806 0.857181
vt 0.027471 0.857666
vt 0.027471 0.857181
vt 0.015992 0.857181
vt 0.012403 0.857181
vt 0.008774 0.857181
vt 0.055425 0.857181
vt 0.059014 0.857181
vt 0.062643 0.857181
vt 0.051514 0.857181
vt 0.047611 0.857181
vt 0.043946 0.857181
vt 0.912773 0.462565
vt 0.911978 0.461264
vt 0.913223 0.462260
vt 0.913456 0.463929
vt 0.914051 0.463835
vt 0.911561 0.485679
vt 0.911781 0.483980
vt 0.912363 0.484127
vt 0.908827 0.487108
vt 0.910487 0.486779
vt 0.908866 0.487705
vt 0.910659 0.485819
vt 0.903466 0.486188
vt 0.905056 0.486790
vt 0.904929 0.487374
vt 0.902603 0.483207
vt 0.902568 0.484922
vt 0.902006 0.483255
vt 0.901158 0.470689
vt 0.904395 0.461517
vt 0.903918 0.463126
vt 0.903345 0.462934
vt 0.905772 0.460742
vt 0.904795 0.461894
vt 0.906890 0.487642
vt 0.906841 0.488306
vt 0.908882 0.460903
vt 0.908930 0.460263
vt 0.902532 0.466817
vt 0.005368 0.857181
vt 0.001953 0.857181
vt 0.035709 0.857181
vt 0.035709 0.857666
vt 0.066049 0.857181
vt 0.006972 0.857181
vt 0.030999 0.857181
vt 0.032942 0.857181
vt 0.038475 0.857181
vt 0.040418 0.857181
vt 0.064445 0.857181
vt 0.914992 0.467811
vt 0.901827 0.466703
vt 0.920054 0.455582
vt 0.916389 0.455582
vt 0.896249 0.455582
vt 0.899914 0.455582
vt 0.908152 0.446818
vt 0.910918 0.455582
vt 0.908152 0.455582
vt 0.905385 0.455582
vt 0.905385 0.446476
vt 0.914486 0.455582
vt 0.923957 0.455582
vt 0.912861 0.455582
vt 0.923957 0.456067
vt 0.920054 0.456067
vt 0.916389 0.456067
vt 0.927868 0.456067
vt 0.931457 0.456067
vt 0.935086 0.456067
vt 0.888436 0.456067
vt 0.884846 0.456067
vt 0.881217 0.456067
vt 0.892346 0.456067
vt 0.896249 0.456067
vt 0.899914 0.456067
vt 0.425703 0.418976
vt 0.424909 0.417675
vt 0.426154 0.418671
vt 0.426387 0.420340
vt 0.426982 0.420246
vt 0.424492 0.442090
vt 0.424711 0.440390
vt 0.425294 0.440538
vt 0.421758 0.443519
vt 0.423418 0.443190
vt 0.421797 0.444116
vt 0.423594 0.442239
vt 0.416397 0.442599
vt 0.417987 0.443201
vt 0.417860 0.443785
vt 0.415533 0.439618
vt 0.415499 0.441333
vt 0.414936 0.439666
vt 0.416363 0.441630
vt 0.414089 0.427099
vt 0.417326 0.417928
vt 0.416849 0.419537
vt 0.416275 0.419345
vt 0.418702 0.417153
vt 0.417726 0.418305
vt 0.419821 0.444053
vt 0.419771 0.444717
vt 0.421813 0.417314
vt 0.421861 0.416674
vt 0.424702 0.418150
vt 0.427209 0.424217
vt 0.938492 0.456067
vt 0.941907 0.456067
vt 0.908152 0.456067
vt 0.877811 0.456067
vt 0.936888 0.456067
vt 0.912861 0.456067
vt 0.910918 0.456067
vt 0.905385 0.456067
vt 0.879415 0.456067
vt 0.427923 0.424222
vt 0.414758 0.423114
vt 0.017422 0.851078
vt 0.014094 0.837651
vt 0.016889 0.827467
vt 0.046605 0.850625
vt 0.084694 0.827268
vt 0.087605 0.850171
vt 0.084691 0.850200
vt 0.073294 0.722374
vt 0.087620 0.826969
vt 0.090148 0.850156
vt 0.049883 0.698232
vt 0.051030 0.850560
vt 0.014753 0.721948
vt 0.016058 0.730061
vt 0.012130 0.721779
vt 0.095106 0.721091
vt 0.094563 0.729840
vt 0.091608 0.729485
vt 0.089674 0.750143
vt 0.092834 0.739094
vt 0.092790 0.750123
vt 0.010000 0.851260
vt 0.014358 0.851148
vt 0.006975 0.721806
vt 0.006559 0.731500
vt 0.003648 0.722260
vt 0.012715 0.751005
vt 0.008058 0.740163
vt 0.012436 0.739907
vt 0.097570 0.850150
vt 0.097559 0.836654
vt 0.010228 0.698022
vt 0.007922 0.708857
vt 0.007910 0.698021
vt 0.005107 0.708888
vt 0.096785 0.697870
vt 0.099564 0.708492
vt 0.096811 0.708488
vt 0.084715 0.733944
vt 0.084030 0.740869
vt 0.013481 0.730157
vt 0.009790 0.721696
vt 0.073999 0.716104
vt 0.010488 0.730584
vt 0.015619 0.739771
vt 0.090232 0.721426
vt 0.015845 0.750947
vt 0.025882 0.722464
vt 0.043960 0.850662
vt 0.092809 0.721215
vt 0.089065 0.729445
vt 0.089676 0.739037
vt 0.087077 0.750149
vt 0.087031 0.739039
vt 0.097868 0.721147
vt 0.098441 0.730647
vt 0.080222 0.850260
vt 0.097181 0.739230
vt 0.097170 0.750055
vt 0.011772 0.735084
vt 0.007556 0.735693
vt 0.090251 0.734101
vt 0.087597 0.734094
vt 0.094514 0.697886
vt 0.094296 0.714989
vt 0.017624 0.734732
vt 0.062290 0.698216
vt 0.014942 0.734800
vt 0.001981 0.708941
vt 0.005076 0.698024
vt 0.053787 0.850441
vt 0.052608 0.698244
vt 0.102616 0.708516
vt 0.099559 0.697855
vt 0.102616 0.697839
vt 0.031828 0.850859
vt 0.034647 0.782539
vt 0.035924 0.850776
vt 0.075745 0.850294
vt 0.071650 0.850341
vt 0.015428 0.796975
vt 0.013711 0.824410
vt 0.012390 0.796985
vt 0.090860 0.775953
vt 0.093895 0.775952
vt 0.094058 0.795901
vt 0.097656 0.823445
vt 0.020637 0.785943
vt 0.017966 0.796944
vt 0.085603 0.785707
vt 0.088322 0.775925
vt 0.009358 0.824554
vt 0.008188 0.796836
vt 0.012138 0.777005
vt 0.015178 0.776903
vt 0.091023 0.795985
vt 0.098250 0.795722
vt 0.098092 0.776000
vt 0.017722 0.776708
vt 0.088485 0.796112
vt 0.007938 0.777090
vt 0.008314 0.751050
vt 0.005518 0.716040
vt 0.002368 0.716229
vt 0.096501 0.715446
vt 0.008295 0.715961
vt 0.010542 0.715462
vt 0.093388 0.734306
vt 0.097562 0.734795
vt 0.068178 0.698177
vt 0.027351 0.850941
vt 0.030184 0.781259
vt 0.080746 0.785263
vt 0.025406 0.781102
vt 0.101132 0.721526
vt 0.099219 0.715484
vt 0.102295 0.715621
vt 0.734976 0.844480
vt 0.734640 0.827289
vt 0.742118 0.844328
vt 0.738879 0.844391
vt 0.745257 0.816279
vt 0.745830 0.844271
vt 0.776049 0.843814
vt 0.794346 0.843582
vt 0.753555 0.690250
vt 0.824563 0.814066
vt 0.828271 0.843236
vt 0.824560 0.843273
vt 0.810043 0.680461
vt 0.813888 0.689772
vt 0.780225 0.649711
vt 0.735480 0.679919
vt 0.737142 0.690252
vt 0.732139 0.679703
vt 0.835412 0.843207
vt 0.831509 0.843217
vt 0.837825 0.678827
vt 0.837134 0.689970
vt 0.833370 0.689518
vt 0.830906 0.715831
vt 0.834931 0.701756
vt 0.834876 0.715805
vt 0.729425 0.844623
vt 0.725573 0.679736
vt 0.725043 0.692084
vt 0.721335 0.680315
vt 0.732883 0.716928
vt 0.726952 0.703118
vt 0.732528 0.702793
vt 0.840963 0.843209
vt 0.835391 0.826018
vt 0.840950 0.826019
vt 0.729705 0.663234
vt 0.729717 0.649444
vt 0.755122 0.698210
vt 0.726779 0.663244
vt 0.726764 0.649442
vt 0.723193 0.663284
vt 0.839964 0.649250
vt 0.843504 0.662779
vt 0.839997 0.662774
vt 0.823718 0.704018
vt 0.803628 0.672629
vt 0.810942 0.672475
vt 0.751525 0.844217
vt 0.733859 0.690373
vt 0.729158 0.679597
vt 0.730047 0.690918
vt 0.825107 0.679717
vt 0.819101 0.672262
vt 0.831617 0.679254
vt 0.736583 0.702619
vt 0.736871 0.716854
vt 0.749655 0.680575
vt 0.772680 0.843861
vt 0.834900 0.678984
vt 0.830130 0.689467
vt 0.830909 0.701684
vt 0.827599 0.715838
vt 0.827539 0.701687
vt 0.841343 0.678898
vt 0.842073 0.690998
vt 0.818867 0.843349
vt 0.840468 0.701930
vt 0.840454 0.715719
vt 0.731683 0.696649
vt 0.726313 0.697425
vt 0.831641 0.695398
vt 0.828261 0.695388
vt 0.837072 0.649270
vt 0.837132 0.662792
vt 0.739136 0.696202
vt 0.796027 0.649690
vt 0.735720 0.696288
vt 0.719211 0.663351
vt 0.723155 0.649445
vt 0.785196 0.843580
vt 0.847390 0.662810
vt 0.843497 0.649230
vt 0.847390 0.649210
vt 0.783695 0.649726
vt 0.757228 0.844112
vt 0.760819 0.757087
vt 0.762445 0.844006
vt 0.813165 0.843392
vt 0.807949 0.843452
vt 0.736339 0.775479
vt 0.734151 0.810424
vt 0.732470 0.775492
vt 0.832417 0.748705
vt 0.836283 0.748703
vt 0.836490 0.774112
vt 0.841073 0.809195
vt 0.835529 0.809151
vt 0.743122 0.774915
vt 0.739572 0.775438
vt 0.829185 0.748671
vt 0.728608 0.810608
vt 0.727117 0.775303
vt 0.755134 0.755420
vt 0.732148 0.750044
vt 0.736020 0.749914
vt 0.832625 0.774218
vt 0.841829 0.773884
vt 0.841628 0.748764
vt 0.739261 0.749669
vt 0.742843 0.749568
vt 0.829392 0.774374
vt 0.726799 0.750152
vt 0.727278 0.716985
vt 0.723717 0.672394
vt 0.719704 0.672634
vt 0.836768 0.671678
vt 0.839603 0.671637
vt 0.817638 0.680125
vt 0.727254 0.672292
vt 0.730148 0.672291
vt 0.835636 0.695658
vt 0.840953 0.696281
vt 0.803527 0.649642
vt 0.749047 0.755191
vt 0.845501 0.679380
vt 0.843063 0.671685
vt 0.846982 0.671859
vt 0.628752 0.208489
vt 0.628397 0.190403
vt 0.636265 0.208329
vt 0.632858 0.208395
vt 0.639567 0.178819
vt 0.640170 0.208269
vt 0.671962 0.207788
vt 0.674806 0.207767
vt 0.648297 0.046230
vt 0.723001 0.176462
vt 0.726903 0.207180
vt 0.722998 0.207218
vt 0.707725 0.035932
vt 0.711770 0.045727
vt 0.673310 0.003577
vt 0.676354 0.003581
vt 0.677892 0.207700
vt 0.629280 0.035361
vt 0.631029 0.046232
vt 0.625766 0.035135
vt 0.734415 0.207149
vt 0.730309 0.207159
vt 0.736953 0.034212
vt 0.736226 0.045936
vt 0.732266 0.045460
vt 0.729675 0.073142
vt 0.733909 0.058335
vt 0.733850 0.073115
vt 0.622911 0.208639
vt 0.618858 0.035170
vt 0.618301 0.048160
vt 0.614399 0.035778
vt 0.626549 0.074297
vt 0.620308 0.059768
vt 0.626175 0.059426
vt 0.740255 0.207151
vt 0.734393 0.189065
vt 0.740241 0.189066
vt 0.649944 0.054588
vt 0.623205 0.017808
vt 0.623217 0.003300
vt 0.620126 0.017819
vt 0.620110 0.003298
vt 0.616354 0.017861
vt 0.739203 0.003096
vt 0.742927 0.017329
vt 0.739238 0.017324
vt 0.722112 0.060713
vt 0.700976 0.027691
vt 0.708670 0.027530
vt 0.646162 0.208212
vt 0.627576 0.046360
vt 0.622630 0.035023
vt 0.623565 0.046933
vt 0.723574 0.035149
vt 0.717254 0.027305
vt 0.730422 0.034662
vt 0.630441 0.059243
vt 0.630744 0.074219
vt 0.668418 0.207837
vt 0.733875 0.034378
vt 0.728858 0.045406
vt 0.729677 0.058259
vt 0.726195 0.073150
vt 0.726132 0.058262
vt 0.740654 0.034287
vt 0.741422 0.047017
vt 0.717009 0.207298
vt 0.739734 0.058518
vt 0.739719 0.073024
vt 0.625286 0.052963
vt 0.619636 0.053779
vt 0.730447 0.051646
vt 0.726891 0.051636
vt 0.736160 0.003117
vt 0.736224 0.017343
vt 0.633127 0.052492
vt 0.692979 0.003559
vt 0.629533 0.052583
vt 0.612165 0.017931
vt 0.616313 0.003302
vt 0.681586 0.207541
vt 0.747016 0.017361
vt 0.742921 0.003075
vt 0.747016 0.003054
vt 0.680006 0.003596
vt 0.652161 0.208101
vt 0.655938 0.116516
vt 0.657650 0.207990
vt 0.711010 0.207344
vt 0.705522 0.207407
vt 0.630185 0.135897
vt 0.627884 0.172660
vt 0.626114 0.135910
vt 0.731264 0.107727
vt 0.735331 0.107726
vt 0.735549 0.134457
vt 0.740371 0.171367
vt 0.734539 0.171321
vt 0.637321 0.135300
vt 0.633586 0.135855
vt 0.727863 0.107688
vt 0.622052 0.172853
vt 0.620483 0.135711
vt 0.649958 0.114822
vt 0.625776 0.109138
vt 0.629849 0.109000
vt 0.731483 0.134569
vt 0.741166 0.134218
vt 0.740954 0.107790
vt 0.633259 0.108737
vt 0.637027 0.108639
vt 0.728082 0.134740
vt 0.620148 0.109251
vt 0.620652 0.074357
vt 0.616905 0.027445
vt 0.612684 0.027698
vt 0.735841 0.026691
vt 0.738823 0.026648
vt 0.715715 0.035578
vt 0.620626 0.027338
vt 0.623671 0.027337
vt 0.734651 0.051920
vt 0.740244 0.052575
vt 0.700870 0.003508
vt 0.643553 0.114503
vt 0.745029 0.034795
vt 0.742464 0.026698
vt 0.746587 0.026882
vt 0.708026 0.464220
vt 0.711091 0.464150
vt 0.705980 0.487480
vt 0.705484 0.464270
vt 0.678844 0.464674
vt 0.661834 0.464886
vt 0.693545 0.592655
vt 0.637843 0.465127
vt 0.637828 0.488405
vt 0.640757 0.465072
vt 0.635301 0.465142
vt 0.635258 0.488770
vt 0.710696 0.593350
vt 0.709391 0.585237
vt 0.704918 0.580781
vt 0.632254 0.478646
vt 0.707163 0.575589
vt 0.706994 0.564409
vt 0.704105 0.573815
vt 0.630343 0.594207
vt 0.630886 0.585458
vt 0.627581 0.594152
vt 0.635775 0.565155
vt 0.632615 0.576205
vt 0.635773 0.576262
vt 0.715449 0.464038
vt 0.715719 0.477536
vt 0.718473 0.593493
vt 0.718889 0.583799
vt 0.714961 0.584714
vt 0.712734 0.564294
vt 0.717391 0.575136
vt 0.717135 0.564249
vt 0.627879 0.465149
vt 0.632237 0.465150
vt 0.715220 0.617276
vt 0.717527 0.606441
vt 0.714906 0.599836
vt 0.720342 0.606410
vt 0.717539 0.617278
vt 0.720372 0.617275
vt 0.628663 0.617429
vt 0.625885 0.606807
vt 0.625889 0.617444
vt 0.713318 0.593519
vt 0.711968 0.585142
vt 0.715659 0.593603
vt 0.646192 0.593188
vt 0.635217 0.593872
vt 0.709830 0.575528
vt 0.709603 0.564351
vt 0.713013 0.575391
vt 0.632640 0.594084
vt 0.633841 0.585813
vt 0.636384 0.585854
vt 0.694310 0.598970
vt 0.627008 0.584652
vt 0.624316 0.593773
vt 0.632658 0.565175
vt 0.628268 0.576069
vt 0.713676 0.580215
vt 0.717893 0.579605
vt 0.635198 0.581197
vt 0.637852 0.581205
vt 0.630934 0.617413
vt 0.628637 0.606811
vt 0.707825 0.580566
vt 0.663159 0.617083
vt 0.710507 0.580498
vt 0.723468 0.606357
vt 0.723496 0.617270
vt 0.670118 0.617068
vt 0.622833 0.606783
vt 0.622833 0.617460
vt 0.693621 0.464443
vt 0.689524 0.464505
vt 0.649704 0.465005
vt 0.653908 0.533220
vt 0.653799 0.464975
vt 0.710023 0.518382
vt 0.634587 0.539324
vt 0.631393 0.519322
vt 0.627793 0.491853
vt 0.627199 0.519577
vt 0.707480 0.518312
vt 0.704806 0.528633
vt 0.713061 0.518389
vt 0.716090 0.490744
vt 0.713310 0.538363
vt 0.710270 0.538459
vt 0.631551 0.539277
vt 0.634427 0.519240
vt 0.632145 0.491888
vt 0.627357 0.539299
vt 0.628279 0.565243
vt 0.707727 0.538570
vt 0.639831 0.528629
vt 0.636963 0.519183
vt 0.717261 0.518463
vt 0.717511 0.538209
vt 0.721801 0.593039
vt 0.719931 0.599258
vt 0.723081 0.599069
vt 0.631153 0.600309
vt 0.628947 0.599852
vt 0.717154 0.599338
vt 0.632061 0.580993
vt 0.627887 0.580504
vt 0.699952 0.529366
vt 0.645227 0.465039
vt 0.649476 0.534559
vt 0.644709 0.534846
vt 0.626230 0.599815
vt 0.623153 0.599678
vt 0.523834 0.033839
vt 0.009729 0.837763
vt 0.014548 0.852865
vt 0.017461 0.852798
vt 0.527179 0.004803
vt 0.529379 0.004253
vt 0.019953 0.852753
vt 0.022843 0.852728
vt 0.031858 0.852590
vt 0.036004 0.852519
vt 0.044082 0.852379
vt 0.046659 0.852327
vt 0.048708 0.852303
vt 0.050886 0.852296
vt 0.056725 0.852222
vt 0.058903 0.852174
vt 0.060952 0.852145
vt 0.063528 0.852132
vt 0.075751 0.852033
vt 0.071606 0.852068
vt 0.084764 0.851942
vt 0.087653 0.851894
vt 0.090144 0.851876
vt 0.093057 0.851869
vt 0.053805 0.852243
vt 0.010093 0.852984
vt 0.097512 0.851875
vt 0.093212 0.850148
vt 0.040007 0.852454
vt 0.027353 0.852664
vt 0.080255 0.851993
vt 0.067604 0.852104
vt 0.538102 0.034492
vt 0.535368 0.035628
vt 0.526460 0.035220
vt 0.530886 0.036061
vt 0.532278 0.003906
vt 0.005365 0.416252
vt 0.729080 0.827431
vt 0.011920 0.380931
vt 0.009624 0.379269
vt 0.012427 0.378568
vt 0.735218 0.846667
vt 0.738929 0.846582
vt 0.742103 0.846524
vt 0.745784 0.846492
vt 0.757266 0.846317
vt 0.762546 0.846226
vt 0.772836 0.846048
vt 0.776117 0.845981
vt 0.778727 0.845951
vt 0.781502 0.845943
vt 0.788939 0.845849
vt 0.791713 0.845787
vt 0.794322 0.845751
vt 0.797604 0.845734
vt 0.813173 0.845608
vt 0.807893 0.845651
vt 0.824652 0.845492
vt 0.828332 0.845430
vt 0.831505 0.845408
vt 0.835216 0.845398
vt 0.785220 0.845875
vt 0.729544 0.846818
vt 0.840889 0.845406
vt 0.767645 0.846144
vt 0.751528 0.846411
vt 0.818909 0.845557
vt 0.802795 0.845698
vt 0.023538 0.417084
vt 0.020055 0.418530
vt 0.016004 0.380803
vt 0.008709 0.418011
vt 0.014347 0.419082
vt 0.016120 0.378127
vt 0.663888 0.964492
vt 0.622549 0.190553
vt 0.670786 0.927333
vt 0.668370 0.925584
vt 0.671319 0.924847
vt 0.629006 0.210789
vt 0.632910 0.210700
vt 0.636249 0.210639
vt 0.640122 0.210606
vt 0.652201 0.210421
vt 0.657757 0.210326
vt 0.668582 0.210138
vt 0.672034 0.210068
vt 0.674780 0.210036
vt 0.677699 0.210027
vt 0.685523 0.209928
vt 0.688441 0.209863
vt 0.691187 0.209825
vt 0.694639 0.209808
vt 0.711019 0.209675
vt 0.705464 0.209721
vt 0.723095 0.209553
vt 0.726967 0.209488
vt 0.730305 0.209465
vt 0.734209 0.209454
vt 0.681611 0.209956
vt 0.623037 0.210949
vt 0.740178 0.209463
vt 0.663121 0.210239
vt 0.646165 0.210521
vt 0.717054 0.209621
vt 0.700101 0.209770
vt 0.683008 0.965368
vt 0.679344 0.966889
vt 0.675082 0.927198
vt 0.667407 0.966342
vt 0.673338 0.967470
vt 0.675204 0.924382
vt 0.084313 0.272702
vt 0.081687 0.271321
vt 0.710901 0.462434
vt 0.707987 0.462500
vt 0.070867 0.301275
vt 0.073011 0.302024
vt 0.705495 0.462546
vt 0.702605 0.462571
vt 0.693591 0.462709
vt 0.681367 0.462919
vt 0.678790 0.462972
vt 0.676741 0.462996
vt 0.674563 0.463002
vt 0.668724 0.463076
vt 0.666546 0.463125
vt 0.664497 0.463153
vt 0.661921 0.463166
vt 0.649697 0.463265
vt 0.653843 0.463231
vt 0.640685 0.463356
vt 0.637796 0.463405
vt 0.635305 0.463422
vt 0.632391 0.463430
vt 0.671643 0.463055
vt 0.715355 0.462315
vt 0.627937 0.463423
vt 0.685442 0.462844
vt 0.689445 0.462780
vt 0.698095 0.462634
vt 0.645193 0.463305
vt 0.657845 0.463194
vt 0.070045 0.272049
vt 0.075960 0.300533
vt 0.075869 0.302634
vt 0.077261 0.270480
vt 0.072779 0.270913
vt 0.627889 0.478645
vt 0.073963 0.698124
vt 0.080434 0.698027
vt 0.110104 0.738483
vt 0.112372 0.752174
vt 0.111732 0.752601
vt 0.111358 0.750153
vt 0.113878 0.720467
vt 0.114235 0.717969
vt 0.116229 0.717034
vt 0.115831 0.716343
vt 0.118238 0.714970
vt 0.123893 0.716287
vt 0.126229 0.717205
vt 0.125733 0.717821
vt 0.127560 0.719073
vt 0.127536 0.721599
vt 0.125549 0.751328
vt 0.124811 0.753684
vt 0.124243 0.753157
vt 0.123041 0.754766
vt 0.120846 0.755248
vt 0.118089 0.755551
vt 0.124060 0.715452
vt 0.049825 0.697411
vt 0.047597 0.697413
vt 0.045540 0.697405
vt 0.042953 0.697393
vt 0.031120 0.697304
vt 0.024558 0.698151
vt 0.024537 0.697250
vt 0.012791 0.697196
vt 0.010218 0.697190
vt 0.007940 0.697191
vt 0.005168 0.697197
vt 0.099468 0.697046
vt 0.096755 0.697058
vt 0.094523 0.697071
vt 0.092000 0.697090
vt 0.073960 0.697279
vt 0.080455 0.697202
vt 0.062235 0.697393
vt 0.059663 0.697406
vt 0.057615 0.697413
vt 0.055392 0.697411
vt 0.002052 0.697188
vt 0.001953 0.698029
vt 0.052610 0.697415
vt 0.110145 0.744411
vt 0.127612 0.745857
vt 0.102517 0.697017
vt 0.110500 0.750282
vt 0.109099 0.744399
vt 0.126376 0.751596
vt 0.128647 0.746018
vt 0.128396 0.721535
vt 0.018349 0.697213
vt 0.037014 0.697353
vt 0.068129 0.697343
vt 0.086544 0.697137
vt 0.810896 0.649573
vt 0.819138 0.649450
vt 0.951957 0.350173
vt 0.953623 0.375988
vt 0.756321 0.649633
vt 0.952808 0.376532
vt 0.952331 0.373414
vt 0.950617 0.350032
vt 0.955542 0.335603
vt 0.955996 0.332421
vt 0.958536 0.331230
vt 0.958030 0.330350
vt 0.961095 0.328600
vt 0.968298 0.330279
vt 0.971273 0.331448
vt 0.970641 0.332232
vt 0.972969 0.333827
vt 0.972938 0.337044
vt 0.975625 0.352103
vt 0.970407 0.374910
vt 0.969467 0.377911
vt 0.968743 0.377239
vt 0.967212 0.379289
vt 0.966925 0.378395
vt 0.964519 0.378928
vt 0.964417 0.379902
vt 0.960994 0.379117
vt 0.960905 0.380289
vt 0.968510 0.329215
vt 0.780151 0.648665
vt 0.777313 0.648667
vt 0.774693 0.648658
vt 0.771398 0.648643
vt 0.756327 0.648528
vt 0.747941 0.648460
vt 0.732981 0.648391
vt 0.729703 0.648384
vt 0.726801 0.648385
vt 0.723271 0.648393
vt 0.843381 0.648201
vt 0.839925 0.648216
vt 0.837083 0.648232
vt 0.833870 0.648257
vt 0.810892 0.648497
vt 0.819165 0.648399
vt 0.795958 0.648643
vt 0.792681 0.648659
vt 0.790073 0.648668
vt 0.787241 0.648665
vt 0.719303 0.648382
vt 0.719176 0.649452
vt 0.783698 0.648671
vt 0.953627 0.342398
vt 0.973035 0.367942
vt 0.847265 0.648164
vt 0.954473 0.335342
vt 0.952402 0.342220
vt 0.951239 0.373577
vt 0.949454 0.366085
vt 0.971461 0.375251
vt 0.974353 0.368146
vt 0.974032 0.336963
vt 0.975040 0.344095
vt 0.740060 0.648413
vt 0.763833 0.648592
vt 0.803465 0.648579
vt 0.826921 0.648316
vt 0.708622 0.003436
vt 0.717293 0.003307
vt 0.003430 0.351060
vt 0.004717 0.342248
vt 0.006469 0.369406
vt 0.651206 0.003499
vt 0.005611 0.369979
vt 0.005111 0.366698
vt 0.003307 0.342099
vt 0.008489 0.326920
vt 0.008967 0.323572
vt 0.011639 0.322318
vt 0.011106 0.321393
vt 0.014383 0.320695
vt 0.014331 0.319553
vt 0.021908 0.321319
vt 0.025039 0.322548
vt 0.024373 0.323374
vt 0.026823 0.325052
vt 0.026790 0.328436
vt 0.029617 0.344279
vt 0.024127 0.368273
vt 0.023138 0.371430
vt 0.022377 0.370723
vt 0.020766 0.372880
vt 0.017825 0.373525
vt 0.018251 0.319623
vt 0.014130 0.373932
vt 0.022132 0.320199
vt 0.676277 0.002481
vt 0.673290 0.002483
vt 0.670535 0.002473
vt 0.667068 0.002457
vt 0.651212 0.002337
vt 0.642391 0.002265
vt 0.626652 0.002193
vt 0.623203 0.002185
vt 0.620150 0.002187
vt 0.616436 0.002194
vt 0.742798 0.001992
vt 0.739162 0.002008
vt 0.736172 0.002025
vt 0.732792 0.002051
vt 0.708618 0.002304
vt 0.717321 0.002201
vt 0.692906 0.002457
vt 0.689459 0.002474
vt 0.686715 0.002484
vt 0.683736 0.002481
vt 0.612261 0.002183
vt 0.612128 0.003309
vt 0.680008 0.002486
vt 0.006474 0.334068
vt 0.003485 0.359004
vt 0.027701 0.335827
vt 0.026892 0.360942
vt 0.746884 0.001953
vt 0.007364 0.326645
vt 0.005185 0.333880
vt 0.003962 0.366870
vt 0.002083 0.358988
vt 0.025236 0.368632
vt 0.028278 0.361157
vt 0.027942 0.328350
vt 0.029002 0.335854
vt 0.634098 0.002216
vt 0.659109 0.002404
vt 0.700804 0.002390
vt 0.725481 0.002113
vt 0.700890 0.617201
vt 0.694333 0.617140
vt 0.845770 0.592093
vt 0.829595 0.604256
vt 0.830540 0.606043
vt 0.832635 0.606880
vt 0.828581 0.602235
vt 0.828955 0.604684
vt 0.827327 0.590565
vt 0.831459 0.570052
vt 0.831102 0.572550
vt 0.833452 0.569116
vt 0.835501 0.567905
vt 0.833055 0.568426
vt 0.841116 0.568370
vt 0.843453 0.569288
vt 0.841283 0.567535
vt 0.842956 0.569904
vt 0.844784 0.571156
vt 0.844759 0.573682
vt 0.842034 0.605766
vt 0.842772 0.603410
vt 0.841466 0.605239
vt 0.838387 0.567105
vt 0.835462 0.567052
vt 0.835312 0.607634
vt 0.675624 0.617887
vt 0.679908 0.617893
vt 0.677852 0.617886
vt 0.682496 0.617905
vt 0.694328 0.617995
vt 0.700912 0.618048
vt 0.712657 0.618102
vt 0.715231 0.618108
vt 0.717509 0.618107
vt 0.720280 0.618102
vt 0.625981 0.618252
vt 0.628694 0.618241
vt 0.630925 0.618228
vt 0.633448 0.618208
vt 0.651489 0.618020
vt 0.645014 0.617209
vt 0.644993 0.618097
vt 0.663213 0.617905
vt 0.665786 0.617893
vt 0.670057 0.617887
vt 0.667834 0.617885
vt 0.723396 0.618110
vt 0.672839 0.617883
vt 0.827368 0.596494
vt 0.844836 0.597940
vt 0.622932 0.618281
vt 0.830263 0.572345
vt 0.827724 0.602364
vt 0.826322 0.596482
vt 0.843600 0.603678
vt 0.845870 0.598100
vt 0.707100 0.618086
vt 0.688435 0.617945
vt 0.657320 0.617956
vt 0.638904 0.618162
vt 0.628752 0.421450
vt 0.632858 0.421356
vt 0.636265 0.421290
vt 0.639530 0.390473
vt 0.671962 0.420749
vt 0.668418 0.420798
vt 0.652262 0.249253
vt 0.648297 0.259191
vt 0.726903 0.420141
vt 0.711770 0.258687
vt 0.710250 0.267025
vt 0.629280 0.248322
vt 0.631029 0.259193
vt 0.734415 0.420110
vt 0.734393 0.402026
vt 0.634014 0.272123
vt 0.634241 0.287103
vt 0.638112 0.274496
vt 0.736953 0.247173
vt 0.736226 0.258897
vt 0.740654 0.247247
vt 0.729675 0.286103
vt 0.733909 0.271296
vt 0.729677 0.271220
vt 0.622911 0.421600
vt 0.628397 0.403364
vt 0.622549 0.403513
vt 0.618858 0.248131
vt 0.618301 0.261120
vt 0.623565 0.259894
vt 0.626549 0.287258
vt 0.620308 0.272729
vt 0.620652 0.287318
vt 0.740255 0.420112
vt 0.623205 0.230769
vt 0.666991 0.216528
vt 0.620126 0.230780
vt 0.623217 0.216261
vt 0.620110 0.216259
vt 0.616354 0.230822
vt 0.739203 0.216056
vt 0.742927 0.230289
vt 0.742921 0.216036
vt 0.625766 0.248095
vt 0.627576 0.259321
vt 0.646162 0.421158
vt 0.640170 0.421229
vt 0.622630 0.247984
vt 0.730422 0.247622
vt 0.630441 0.272204
vt 0.630744 0.287180
vt 0.626175 0.272387
vt 0.636236 0.248702
vt 0.642557 0.240668
vt 0.733875 0.247339
vt 0.732266 0.258421
vt 0.728858 0.258367
vt 0.658995 0.240867
vt 0.651236 0.240791
vt 0.741422 0.259978
vt 0.745029 0.247755
vt 0.733850 0.286076
vt 0.739734 0.271478
vt 0.625286 0.265923
vt 0.619636 0.266740
vt 0.730447 0.264606
vt 0.726891 0.264597
vt 0.736160 0.216078
vt 0.739238 0.230284
vt 0.736224 0.230304
vt 0.732751 0.216106
vt 0.732530 0.238626
vt 0.633127 0.265453
vt 0.629533 0.265543
vt 0.612165 0.230892
vt 0.616313 0.216263
vt 0.612128 0.216270
vt 0.681586 0.420502
vt 0.680006 0.216557
vt 0.747016 0.230322
vt 0.747016 0.216015
vt 0.652161 0.421050
vt 0.657650 0.420974
vt 0.711010 0.420316
vt 0.705376 0.328884
vt 0.705522 0.420344
vt 0.630182 0.348779
vt 0.627884 0.385621
vt 0.731267 0.320744
vt 0.735547 0.347520
vt 0.740371 0.384327
vt 0.741166 0.347178
vt 0.633589 0.348864
vt 0.724096 0.320545
vt 0.727859 0.320566
vt 0.626110 0.348769
vt 0.622052 0.385814
vt 0.711314 0.327037
vt 0.629851 0.321904
vt 0.625778 0.322004
vt 0.735335 0.320780
vt 0.731481 0.347608
vt 0.734539 0.384281
vt 0.740954 0.320751
vt 0.739719 0.285985
vt 0.633256 0.321779
vt 0.724342 0.347192
vt 0.728083 0.347652
vt 0.620483 0.348671
vt 0.620148 0.322212
vt 0.614399 0.248739
vt 0.616905 0.240405
vt 0.612684 0.240659
vt 0.644193 0.249012
vt 0.735841 0.239652
vt 0.738823 0.239609
vt 0.620626 0.240299
vt 0.623671 0.240298
vt 0.734651 0.264881
vt 0.740244 0.265535
vt 0.659041 0.216493
vt 0.717704 0.326647
vt 0.742464 0.239659
vt 0.746587 0.239842
vt 0.796996 0.948904
vt 0.793478 0.947053
vt 0.781534 0.985671
vt 0.778978 0.987192
vt 0.781851 0.988196
vt 0.629006 0.423750
vt 0.632910 0.423661
vt 0.636249 0.423600
vt 0.640122 0.423567
vt 0.652201 0.423382
vt 0.657757 0.423287
vt 0.668582 0.423099
vt 0.672034 0.423029
vt 0.674780 0.422997
vt 0.677699 0.422988
vt 0.685523 0.422889
vt 0.688441 0.422824
vt 0.691187 0.422786
vt 0.694639 0.422768
vt 0.711019 0.422636
vt 0.705464 0.422681
vt 0.723095 0.422514
vt 0.726967 0.422449
vt 0.730309 0.420120
vt 0.730305 0.422425
vt 0.734209 0.422415
vt 0.681611 0.422917
vt 0.623037 0.423910
vt 0.740178 0.422423
vt 0.663121 0.423200
vt 0.646165 0.423481
vt 0.717054 0.422582
vt 0.700101 0.422731
vt 0.777877 0.948028
vt 0.785802 0.986198
vt 0.785680 0.989013
vt 0.787546 0.945926
vt 0.781541 0.946506
vt 0.740241 0.402027
vt 0.642419 0.216362
vt 0.651206 0.216443
vt 0.595558 0.481057
vt 0.708622 0.216425
vt 0.577946 0.508756
vt 0.575091 0.508665
vt 0.577898 0.509786
vt 0.573825 0.506270
vt 0.575531 0.507786
vt 0.572466 0.503562
vt 0.572967 0.506842
vt 0.570663 0.478963
vt 0.576323 0.460436
vt 0.575844 0.463783
vt 0.578994 0.459182
vt 0.581739 0.457559
vt 0.578461 0.458257
vt 0.589264 0.458182
vt 0.592395 0.459412
vt 0.589488 0.457063
vt 0.591729 0.460238
vt 0.594178 0.461915
vt 0.594146 0.465300
vt 0.596972 0.481142
vt 0.590494 0.508293
vt 0.591483 0.505136
vt 0.589733 0.507587
vt 0.585606 0.456487
vt 0.581687 0.456416
vt 0.581579 0.509562
vt 0.581486 0.510795
vt 0.676277 0.215442
vt 0.670535 0.215434
vt 0.673290 0.215444
vt 0.667068 0.215418
vt 0.651212 0.215298
vt 0.642391 0.215226
vt 0.626652 0.215154
vt 0.620150 0.215147
vt 0.623203 0.215146
vt 0.616436 0.215155
vt 0.742798 0.214952
vt 0.739162 0.214968
vt 0.732792 0.215012
vt 0.736172 0.214985
vt 0.708618 0.215265
vt 0.717321 0.215161
vt 0.692906 0.215418
vt 0.689459 0.215435
vt 0.686715 0.215444
vt 0.683736 0.215442
vt 0.612261 0.215144
vt 0.680008 0.215447
vt 0.573830 0.470932
vt 0.570841 0.495868
vt 0.595057 0.472690
vt 0.746884 0.214914
vt 0.574720 0.463509
vt 0.572541 0.470744
vt 0.571317 0.503734
vt 0.569439 0.495852
vt 0.592591 0.505495
vt 0.595634 0.498021
vt 0.595297 0.465214
vt 0.596358 0.472717
vt 0.634098 0.215176
vt 0.659109 0.215364
vt 0.700804 0.215350
vt 0.725481 0.215074
vt 0.023391 0.413438
vt 0.022070 0.414943
vt 0.009107 0.382309
vt 0.010445 0.381350
vt 0.026931 0.411235
vt 0.025722 0.414730
vt 0.024591 0.381598
vt 0.008018 0.384426
vt 0.007382 0.380810
vt 0.027664 0.389572
vt 0.005523 0.383606
vt 0.026201 0.384553
vt 0.003632 0.388472
vt 0.002407 0.393403
vt 0.028458 0.394596
vt 0.667827 0.928782
vt 0.669234 0.927773
vt 0.684116 0.928035
vt 0.666681 0.931010
vt 0.666011 0.927206
vt 0.687349 0.936424
vt 0.665105 0.935750
vt 0.664056 0.930147
vt 0.685810 0.931143
vt 0.664059 0.940682
vt 0.662066 0.935266
vt 0.681464 0.963115
vt 0.686577 0.959214
vt 0.685306 0.962891
vt 0.660778 0.940454
vt 0.688184 0.941709
vt 0.795264 0.951006
vt 0.800020 0.955359
vt 0.799071 0.951581
vt 0.800107 0.972942
vt 0.772700 0.971686
vt 0.798818 0.978130
vt 0.773535 0.976972
vt 0.776604 0.976768
vt 0.796829 0.983249
vt 0.775074 0.982253
vt 0.794873 0.986190
vt 0.776768 0.985361
vt 0.086569 0.277519
vt 0.085861 0.274700
vt 0.086634 0.290641
vt 0.085673 0.294512
vt 0.069095 0.293496
vt 0.084188 0.298333
vt 0.067954 0.297589
vt 0.082729 0.300528
vt 0.069218 0.299909
vt 0.537987 0.031630
vt 0.536950 0.032811
vt 0.540766 0.029900
vt 0.539817 0.032644
vt 0.541965 0.016837
vt 0.524742 0.012389
vt 0.541342 0.012892
vt 0.523959 0.008208
vt 0.525918 0.008852
vt 0.540193 0.008951
vt 0.526773 0.007190
vt 0.525418 0.006013
vt 0.538929 0.006632
vt 0.839247 0.628281
vt 0.838828 0.630084
vt 0.828046 0.617690
vt 0.791075 0.630329
vt 0.790657 0.632132
vt 0.426642 0.118588
vt 0.426072 0.120338
vt 0.416357 0.106953
vt 0.961883 0.448368
vt 0.961313 0.450118
vt 0.866009 0.377102
vt 0.865591 0.378905
vt 0.971045 0.441876
vt 0.972385 0.443961
vt 0.971526 0.438905
vt 0.972097 0.437155
vt 0.970740 0.444865
vt 0.508652 0.774824
vt 0.503634 0.783932
vt 0.503634 0.774824
vt 0.489744 0.786446
vt 0.490191 0.781300
vt 0.490191 0.786508
vt 0.490938 0.784162
vt 0.490938 0.774769
vt 0.482803 0.775477
vt 0.499071 0.774680
vt 0.499518 0.765349
vt 0.493307 0.765347
vt 0.491970 0.781153
vt 0.491970 0.776007
vt 0.464246 0.784787
vt 0.464246 0.775456
vt 0.481602 0.785922
vt 0.482049 0.785922
vt 0.500604 0.754519
vt 0.500665 0.745188
vt 0.501343 0.745187
vt 0.506361 0.754295
vt 0.501343 0.754295
vt 0.482056 0.780623
vt 0.482118 0.775477
vt 0.499075 0.754682
vt 0.499075 0.764013
vt 0.490191 0.781214
vt 0.500745 0.754519
vt 0.501192 0.745188
vt 0.501192 0.754519
vt 0.505279 0.774682
vt 0.500261 0.765574
vt 0.505279 0.765513
vt 0.498324 0.763788
vt 0.493306 0.763788
vt 0.482650 0.775477
vt 0.482202 0.775477
vt 0.465431 0.775455
vt 0.493154 0.786442
vt 0.493154 0.781296
vt 0.500110 0.774680
vt 0.500167 0.765349
vt 0.493307 0.783713
vt 0.484567 0.775469
vt 0.492716 0.776014
vt 0.493226 0.776014
vt 0.484424 0.775469
vt 0.483977 0.784799
vt 0.483977 0.775469
vt 0.483250 0.780767
vt 0.482803 0.780767
vt 0.499564 0.745188
vt 0.499503 0.754519
vt 0.466080 0.784566
vt 0.476267 0.775470
vt 0.471249 0.784579
vt 0.471249 0.775414
vt 0.490792 0.781166
vt 0.490344 0.776020
vt 0.490854 0.776020
vt 0.483842 0.775468
vt 0.483395 0.784799
vt 0.483395 0.775468
vt 0.482209 0.780776
vt 0.499608 0.764012
vt 0.498474 0.783933
vt 0.462012 0.775322
vt 0.471106 0.765067
vt 0.471106 0.775322
vt 0.492716 0.765194
vt 0.492716 0.754611
vt 0.498922 0.764013
vt 0.498475 0.754682
vt 0.498922 0.754682
vt 0.489753 0.775867
vt 0.490200 0.765346
vt 0.490200 0.775867
vt 0.462014 0.784788
vt 0.489585 0.775326
vt 0.480491 0.765071
vt 0.489585 0.765071
vt 0.463661 0.775456
vt 0.463214 0.784787
vt 0.463214 0.775394
vt 0.491530 0.775862
vt 0.491977 0.765342
vt 0.491977 0.775862
vt 0.492124 0.765350
vt 0.492063 0.774681
vt 0.471100 0.744276
vt 0.480343 0.754680
vt 0.471249 0.764935
vt 0.471249 0.754680
vt 0.492709 0.775870
vt 0.492709 0.765349
vt 0.492569 0.784159
vt 0.492569 0.774828
vt 0.491971 0.765198
vt 0.498923 0.774680
vt 0.498414 0.774680
vt 0.480334 0.744276
vt 0.471098 0.754680
vt 0.462004 0.764934
vt 0.462004 0.754680
vt 0.490783 0.765355
vt 0.490336 0.775875
vt 0.490336 0.765355
vt 0.463061 0.775456
vt 0.491377 0.754682
vt 0.490869 0.765202
vt 0.490930 0.754682
vt 0.491385 0.774686
vt 0.490938 0.765355
vt 0.491440 0.765355
vt 0.480343 0.765079
vt 0.471249 0.775334
vt 0.471249 0.765079
vt 0.489585 0.764935
vt 0.492124 0.765196
vt 0.492571 0.754676
vt 0.492571 0.765196
vt 0.499418 0.745188
vt 0.498971 0.745188
vt 0.490241 0.754682
vt 0.464846 0.784795
vt 0.464399 0.775465
vt 0.464908 0.775465
vt 0.498820 0.744276
vt 0.489726 0.754531
vt 0.489726 0.744276
vt 0.498820 0.754531
vt 0.498894 0.744213
vt 0.498887 0.754595
vt 0.492047 0.765262
vt 0.492124 0.754676
vt 0.489659 0.754595
vt 0.499494 0.754588
vt 0.498820 0.744202
vt 0.489661 0.744202
vt 0.490260 0.765267
vt 0.490253 0.754605
vt 0.464916 0.784863
vt 0.464399 0.784858
vt 0.464323 0.784861
vt 0.464331 0.775396
vt 0.489653 0.765004
vt 0.480491 0.764935
vt 0.464913 0.775388
vt 0.492057 0.754610
vt 0.492639 0.754605
vt 0.499418 0.745112
vt 0.480417 0.754680
vt 0.492124 0.765273
vt 0.492640 0.765263
vt 0.489660 0.754616
vt 0.480343 0.775334
vt 0.480417 0.765016
vt 0.480408 0.775399
vt 0.490859 0.765290
vt 0.490783 0.775875
vt 0.463138 0.784854
vt 0.471174 0.765079
vt 0.471183 0.775402
vt 0.480343 0.765005
vt 0.471182 0.765005
vt 0.490859 0.754611
vt 0.490938 0.774762
vt 0.491454 0.774754
vt 0.490862 0.765355
vt 0.490938 0.774686
vt 0.490862 0.774753
vt 0.491377 0.765260
vt 0.490863 0.765279
vt 0.491453 0.765279
vt 0.490871 0.765279
vt 0.471098 0.764995
vt 0.461938 0.765001
vt 0.490850 0.775942
vt 0.490268 0.775943
vt 0.491377 0.754605
vt 0.491454 0.765270
vt 0.491454 0.754613
vt 0.463132 0.775388
vt 0.490783 0.765278
vt 0.471098 0.754605
vt 0.490268 0.765286
vt 0.471173 0.765001
vt 0.493156 0.775870
vt 0.480409 0.744213
vt 0.480392 0.754531
vt 0.471179 0.754605
vt 0.480400 0.754605
vt 0.492637 0.774763
vt 0.492638 0.784227
vt 0.492047 0.754607
vt 0.480334 0.744202
vt 0.498923 0.765349
vt 0.498999 0.774680
vt 0.498993 0.765281
vt 0.498409 0.774757
vt 0.498990 0.774757
vt 0.480343 0.764995
vt 0.471183 0.765005
vt 0.493223 0.775936
vt 0.492641 0.775938
vt 0.491457 0.765274
vt 0.492039 0.765274
vt 0.471174 0.754680
vt 0.492053 0.784235
vt 0.480343 0.754605
vt 0.492640 0.765283
vt 0.480417 0.765001
vt 0.490783 0.765202
vt 0.471174 0.744209
vt 0.471157 0.754531
vt 0.461941 0.754605
vt 0.471165 0.754605
vt 0.463661 0.784787
vt 0.463729 0.775389
vt 0.463731 0.784855
vt 0.492053 0.775862
vt 0.471100 0.744202
vt 0.492636 0.765274
vt 0.492053 0.765280
vt 0.491530 0.765342
vt 0.492048 0.765274
vt 0.480491 0.775400
vt 0.480491 0.775326
vt 0.492057 0.774758
vt 0.490269 0.765278
vt 0.491530 0.775938
vt 0.492044 0.775938
vt 0.491454 0.775929
vt 0.491464 0.765274
vt 0.480417 0.775392
vt 0.480425 0.765005
vt 0.463214 0.784864
vt 0.463138 0.775388
vt 0.463138 0.784856
vt 0.489660 0.775326
vt 0.489651 0.754597
vt 0.498999 0.764013
vt 0.480409 0.744210
vt 0.490268 0.765278
vt 0.462538 0.784788
vt 0.462461 0.784788
vt 0.462014 0.784864
vt 0.462528 0.784864
vt 0.461938 0.775390
vt 0.461938 0.784855
vt 0.489753 0.765289
vt 0.471172 0.775387
vt 0.461946 0.775388
vt 0.492716 0.765271
vt 0.490266 0.775938
vt 0.489683 0.775933
vt 0.498406 0.754605
vt 0.489676 0.765278
vt 0.461938 0.765004
vt 0.462012 0.765011
vt 0.498475 0.764089
vt 0.498989 0.764089
vt 0.498399 0.754682
vt 0.498475 0.764013
vt 0.498399 0.764080
vt 0.492640 0.754605
vt 0.492640 0.765259
vt 0.471173 0.765001
vt 0.498474 0.784008
vt 0.503492 0.783933
vt 0.503558 0.784008
vt 0.498400 0.774758
vt 0.498400 0.783997
vt 0.490861 0.781234
vt 0.483909 0.775400
vt 0.483842 0.784799
vt 0.482132 0.785989
vt 0.503567 0.783933
vt 0.500186 0.754605
vt 0.476342 0.784579
vt 0.476267 0.784579
vt 0.499601 0.764089
vt 0.490274 0.781233
vt 0.490344 0.781166
vt 0.482725 0.780699
vt 0.482144 0.780699
vt 0.483327 0.775400
vt 0.471249 0.784653
vt 0.483909 0.784866
vt 0.490859 0.775943
vt 0.483327 0.784866
vt 0.471174 0.775405
vt 0.490268 0.776020
vt 0.466080 0.784640
vt 0.471098 0.784566
vt 0.471163 0.784640
vt 0.476333 0.775402
vt 0.466005 0.775391
vt 0.466005 0.784629
vt 0.484492 0.775401
vt 0.484424 0.784799
vt 0.483327 0.785913
vt 0.483250 0.785913
vt 0.471173 0.784566
vt 0.500079 0.745112
vt 0.499495 0.745117
vt 0.482735 0.780699
vt 0.489585 0.775469
vt 0.489660 0.784577
vt 0.499494 0.754596
vt 0.483318 0.785990
vt 0.483910 0.775400
vt 0.484491 0.784866
vt 0.493231 0.775938
vt 0.483909 0.784870
vt 0.484492 0.784643
vt 0.492640 0.781228
vt 0.489652 0.775402
vt 0.498389 0.783788
vt 0.493240 0.783780
vt 0.482726 0.775408
vt 0.482650 0.780623
vt 0.493232 0.774539
vt 0.465508 0.784853
vt 0.493230 0.786442
vt 0.499595 0.774756
vt 0.500180 0.774756
vt 0.500186 0.774680
vt 0.493224 0.781228
vt 0.498399 0.754614
vt 0.500179 0.765273
vt 0.492638 0.786519
vt 0.493219 0.786519
vt 0.493306 0.763863
vt 0.482650 0.775400
vt 0.493231 0.754680
vt 0.482134 0.775410
vt 0.500261 0.774756
vt 0.505345 0.774751
vt 0.500186 0.774745
vt 0.500194 0.765506
vt 0.482126 0.780691
vt 0.498999 0.764081
vt 0.489667 0.775942
vt 0.505354 0.765510
vt 0.500674 0.754590
vt 0.500745 0.745188
vt 0.501192 0.745112
vt 0.500676 0.745122
vt 0.501268 0.745123
vt 0.501259 0.754586
vt 0.506436 0.745123
vt 0.506361 0.745187
vt 0.481541 0.780699
vt 0.499075 0.764089
vt 0.490268 0.781222
vt 0.506427 0.754360
vt 0.501274 0.754361
vt 0.499589 0.754605
vt 0.499008 0.754615
vt 0.482123 0.775400
vt 0.501268 0.745187
vt 0.506361 0.745112
vt 0.476349 0.784653
vt 0.481435 0.784579
vt 0.481498 0.784653
vt 0.492038 0.775938
vt 0.492040 0.781219
vt 0.464323 0.784787
vt 0.481525 0.780776
vt 0.481602 0.780776
vt 0.481509 0.784579
vt 0.500089 0.754596
vt 0.500674 0.754589
vt 0.482118 0.785990
vt 0.498325 0.765347
vt 0.498400 0.774456
vt 0.500673 0.745112
vt 0.491454 0.781229
vt 0.481533 0.780699
vt 0.463732 0.784863
vt 0.464313 0.784863
vt 0.493232 0.774521
vt 0.498325 0.765273
vt 0.505280 0.763780
vt 0.505347 0.763847
vt 0.489667 0.781231
vt 0.489744 0.781239
vt 0.500187 0.754605
vt 0.482726 0.780690
vt 0.498999 0.765280
vt 0.499003 0.774749
vt 0.508726 0.783999
vt 0.508652 0.783988
vt 0.499518 0.765273
vt 0.499071 0.765349
vt 0.483250 0.775400
vt 0.482736 0.775400
vt 0.490263 0.781234
vt 0.483327 0.780623
vt 0.483250 0.775477
vt 0.483327 0.775410
vt 0.491453 0.784238
vt 0.490938 0.784238
vt 0.503567 0.783997
vt 0.490862 0.774764
vt 0.490862 0.784229
vt 0.489676 0.786514
vt 0.503567 0.774757
vt 0.490268 0.786514
vt 0.499494 0.745120
vt 0.471173 0.754613
vt 0.471180 0.754605
vt 0.480417 0.754616
vt 0.492047 0.765198
vt 0.489651 0.775400
vt 0.471174 0.784644
vt 0.476333 0.784653
vt 0.490277 0.775943
vt 0.482132 0.780776
vt 0.493231 0.763852
vt 0.498399 0.763788
vt 0.498388 0.763863
vt 0.501276 0.745112
vt 0.500261 0.774682
vt 0.493232 0.765347
vt 0.493241 0.765273
vt 0.498400 0.765284
vt 0.499594 0.765282
vt 0.482726 0.775477
vt 0.015858 0.467107
vt 0.737856 0.946431
vt 0.725188 0.946431
vt 0.406584 0.113162
vt 0.460190 0.867017
vt 0.420100 0.867017
vt 0.432769 0.867017
vt 0.406584 0.300594
vt 0.662922 0.920185
vt 0.650254 0.920185
vt 0.015858 0.434875
vt 0.460190 0.001953
vt 0.420100 0.001953
vt 0.915063 0.471860
vt 0.069464 0.857181
vt 0.029374 0.857181
vt 0.042043 0.857181
vt 0.427994 0.428271
vt 0.874396 0.456067
vt 0.914486 0.456067
vt 0.068330 0.273897
vt 0.109001 0.738413
vt 0.113039 0.720263
vt 0.129646 0.740122
vt 0.121236 0.714063
vt 0.949330 0.358460
vt 0.975625 0.360637
vt 0.964914 0.327445
vt 0.001953 0.350966
vt 0.029617 0.353257
vt 0.018348 0.318337
vt 0.826225 0.590495
vt 0.845619 0.573618
vt 0.846869 0.592205
vt 0.838460 0.566145
vt 0.569309 0.487830
vt 0.596972 0.490121
vt 0.585704 0.455201
vt 0.003392 0.413708
vt 0.001953 0.398640
vt 0.661813 0.961815
vt 0.660300 0.945963
vt 0.775578 0.950505
vt 0.772700 0.966155
vt 0.066805 0.293648
vt 0.522285 0.031841
vt 0.522474 0.012028
vt 0.826634 0.617622
vt 0.778462 0.619671
vt 0.414954 0.106744
vt 0.950195 0.436524
vt 0.853396 0.366443
vt 0.983215 0.450749
vt 0.480427 0.765000
vt 0.498901 0.745121
vt 0.461938 0.754613
vt 0.490851 0.765271
vt 0.489652 0.765005
vt 0.498989 0.754613
vt 0.493230 0.765271
vt 0.483319 0.780699
vt 0.492648 0.775946
vt 0.484500 0.775400
vt 0.482719 0.780689
vt 0.465498 0.775388
vt 0.464315 0.775388
vt 0.481531 0.785990
vt 0.508717 0.774757
s 1
f 2391/1/1 932/2/2 597/3/3
f 600/4/4 599/5/5 2390/6/6
f 88/7/7 90/8/8 77/9/9
f 81/10/10 91/11/11 80/12/12
f 961/13/13 90/8/8 88/7/7
f 31/14/14 19/15/15 18/16/16
f 14/17/17 35/18/18 11/19/19
f 40/20/20 1/21/21 7/22/22
f 3/23/23 34/24/24 25/25/25
f 37/26/26 36/27/27 45/28/28
f 4/29/29 41/30/30 30/31/31
f 34/24/24 3/23/23 44/32/32
f 23/33/33 922/34/34 921/35/35
f 608/36/36 28/37/37 67/38/38
f 60/39/39 53/40/40 59/41/41
f 28/42/37 2392/43/42 67/44/38
f 923/45/43 94/46/44 72/47/45
f 82/48/46 10/49/47 89/50/48
f 72/47/45 71/51/49 86/52/50
f 77/9/9 89/50/48 88/7/7
f 79/53/51 80/12/12 91/11/11
f 72/47/45 86/52/50 965/54/52
f 84/55/53 76/56/54 87/57/55
f 92/58/56 82/48/46 83/59/57
f 88/7/7 89/50/48 961/13/13
f 923/45/43 619/60/58 94/46/44
f 621/61/59 82/48/46 97/62/60
f 81/10/10 94/46/44 96/63/61
f 82/48/46 92/58/56 97/62/60
f 2393/64/62 1001/65/63 651/66/64
f 654/67/65 653/68/66 2394/69/67
f 185/70/68 187/71/69 174/72/70
f 178/73/71 188/74/72 177/75/73
f 1029/76/74 187/71/69 185/70/68
f 130/77/75 118/78/76 117/79/77
f 113/80/78 134/81/79 110/82/80
f 138/83/81 100/84/82 106/85/83
f 102/86/84 133/87/85 124/88/86
f 1034/89/87 662/90/88 127/91/89
f 136/92/90 135/93/91 143/94/92
f 103/95/93 139/96/94 129/97/95
f 133/87/85 102/86/84 142/98/96
f 122/99/97 991/100/98 990/101/99
f 158/102/100 151/103/101 157/104/102
f 992/105/103 191/106/104 169/107/105
f 179/108/106 109/109/107 186/110/108
f 169/107/105 168/111/109 183/112/110
f 174/72/70 186/110/108 185/70/68
f 176/113/111 177/75/73 188/74/72
f 169/107/105 183/112/110 1033/114/112
f 181/115/113 173/116/114 184/117/115
f 189/118/116 179/108/106 180/119/117
f 185/70/68 186/110/108 1029/76/74
f 992/105/103 673/120/118 191/106/104
f 675/121/119 179/108/106 194/122/120
f 178/73/71 191/106/104 193/123/121
f 179/108/106 189/118/116 194/122/120
f 706/124/64 2401/125/122 1070/126/123
f 709/127/124 708/128/125 2402/129/67
f 283/130/126 285/131/127 272/132/128
f 276/133/129 286/134/72 275/135/73
f 1099/136/130 285/131/127 283/130/126
f 228/137/75 215/138/76 214/139/77
f 210/140/78 232/141/131 207/142/80
f 236/143/81 197/144/82 203/145/132
f 199/146/133 231/147/85 222/148/86
f 717/149/88 225/150/134 1104/151/135
f 234/152/90 233/153/136 241/154/137
f 200/155/138 237/156/94 227/157/139
f 231/147/85 199/146/133 240/158/96
f 2400/159/140 220/160/141 1059/161/142
f 256/162/143 249/163/101 255/164/102
f 1061/165/144 289/166/104 267/167/105
f 277/168/106 206/169/107 284/170/145
f 267/167/105 266/171/146 281/172/147
f 272/132/128 284/170/145 283/130/126
f 274/173/148 275/135/73 286/134/72
f 267/167/105 281/172/147 1103/174/149
f 279/175/113 271/176/114 282/177/150
f 287/178/116 277/168/106 278/179/151
f 283/130/126 284/170/145 1099/136/130
f 1061/165/144 728/180/118 289/166/104
f 730/181/119 277/168/106 292/182/152
f 276/133/129 289/166/104 291/183/153
f 277/168/106 287/178/116 292/182/152
f 2408/184/122 1139/185/63 760/186/64
f 763/187/124 762/188/66 2409/189/67
f 382/190/154 384/191/127 371/192/128
f 375/193/71 385/194/72 374/195/73
f 1167/196/74 384/191/127 382/190/154
f 326/197/75 313/198/76 312/199/77
f 308/200/78 330/201/131 305/202/80
f 334/203/155 295/204/82 301/205/83
f 2407/206/156 318/207/157 1129/208/158
f 297/209/159 329/210/85 320/211/86
f 332/212/90 331/213/160 339/214/161
f 323/215/162 2407/206/156 340/216/163
f 298/217/138 335/218/94 325/219/139
f 329/210/85 297/209/159 338/220/96
f 355/221/143 348/222/101 354/223/102
f 1131/224/103 388/225/104 366/226/105
f 376/227/164 304/228/107 383/229/145
f 366/226/105 365/230/109 380/231/147
f 371/192/128 383/229/145 382/190/154
f 373/232/148 374/195/73 385/194/72
f 366/226/105 380/231/147 1171/233/165
f 378/234/166 370/235/167 381/236/115
f 386/237/116 376/227/164 377/238/168
f 382/190/154 383/229/145 1167/196/74
f 1131/224/103 783/239/118 388/225/104
f 785/240/119 376/227/164 391/241/152
f 375/193/71 388/225/104 390/242/121
f 376/227/164 386/237/116 391/241/152
f 435/243/122 1207/244/169 815/245/170
f 818/246/124 817/247/66 2415/248/67
f 481/249/171 483/250/172 470/251/173
f 474/252/71 484/253/72 473/254/174
f 1235/255/130 483/250/172 481/249/171
f 424/256/75 412/257/76 411/258/175
f 407/259/78 428/260/79 404/261/80
f 432/262/81 394/263/82 400/264/132
f 2414/265/176 416/266/177 1196/267/158
f 396/268/178 427/269/85 418/270/86
f 430/271/90 429/272/91 438/273/92
f 397/274/179 433/275/180 423/276/95
f 1207/244/169 435/243/122 1208/277/181
f 427/269/85 396/268/178 437/278/96
f 826/279/182 421/280/183 460/281/184
f 453/282/143 446/283/101 452/284/102
f 1198/285/103 487/286/104 465/287/105
f 475/288/106 403/289/107 482/290/145
f 465/287/105 464/291/109 479/292/147
f 470/251/173 482/290/145 481/249/171
f 472/293/111 473/254/174 484/253/72
f 465/287/105 479/292/147 1239/294/165
f 477/295/166 469/296/114 480/297/115
f 485/298/116 475/288/106 476/299/151
f 481/249/171 482/290/145 1235/255/130
f 1198/285/103 838/300/185 487/286/104
f 840/301/186 475/288/106 490/302/120
f 474/252/71 487/286/104 489/303/187
f 475/288/106 485/298/116 490/302/120
f 535/304/62 1274/305/169 869/306/188
f 872/307/124 871/308/125 2421/309/67
f 580/310/189 582/311/127 569/312/190
f 573/313/71 583/314/72 572/315/73
f 1302/316/74 582/311/127 580/310/189
f 523/317/75 511/318/76 510/319/77
f 506/320/78 527/321/79 503/322/80
f 532/323/81 493/324/82 499/325/83
f 495/326/191 526/327/85 517/328/86
f 530/329/192 880/330/193 520/331/134
f 529/332/90 528/333/160 538/334/161
f 496/335/93 533/336/180 522/337/95
f 1274/305/169 535/304/62 1275/338/181
f 526/327/85 495/326/191 537/339/96
f 2420/340/194 515/341/195 1264/342/158
f 515/341/195 1265/343/196 1264/342/158
f 553/344/197 546/345/101 552/346/102
f 1266/347/198 586/348/104 564/349/105
f 574/350/164 502/351/199 581/352/145
f 564/349/105 563/353/146 578/354/147
f 569/312/190 581/352/145 580/310/189
f 571/355/200 572/315/73 583/314/72
f 564/349/105 578/354/147 1306/356/149
f 576/357/201 568/358/167 579/359/115
f 584/360/116 574/350/164 575/361/202
f 580/310/189 581/352/145 1302/316/74
f 1266/347/198 893/362/185 586/348/104
f 895/363/119 574/350/164 589/364/152
f 573/313/71 586/348/104 588/365/203
f 574/350/164 584/360/116 589/364/152
f 646/366/204 592/367/205 638/368/206
f 2391/1/1 637/369/207 608/36/36
f 932/2/2 2391/1/1 38/370/208
f 629/371/209 74/372/210 618/373/211
f 700/374/212 647/375/213 692/376/214
f 2393/64/62 691/377/215 662/90/88
f 1001/65/63 2393/64/62 1002/378/216
f 683/379/217 171/380/218 672/381/219
f 755/382/220 701/383/221 747/384/214
f 2401/125/122 746/385/222 717/149/88
f 1070/126/123 2401/125/122 1071/386/181
f 738/387/223 269/388/218 727/389/219
f 810/390/212 756/391/224 802/392/225
f 2408/184/122 801/393/222 771/394/226
f 1140/395/181 1139/185/63 2408/184/122
f 793/396/223 368/397/218 782/398/219
f 865/399/212 811/400/224 857/401/225
f 435/243/122 856/402/227 826/279/182
f 848/403/223 467/404/218 837/405/219
f 920/406/228 2759/407/229 912/408/230
f 904/409/231 887/410/232 919/411/233
f 535/304/62 911/412/234 880/330/193
f 903/413/223 566/414/218 892/415/219
f 10/49/47 962/416/235 89/50/48
f 923/45/43 72/47/45 956/417/236
f 85/418/237 957/419/238 70/420/239
f 952/421/240 939/422/241 951/423/242
f 941/424/243 67/44/38 2392/43/42
f 933/425/244 38/370/208 608/36/36
f 955/426/245 947/427/246 954/428/247
f 939/422/241 943/429/248 947/427/246
f 22/430/249 2428/431/250 963/432/251
f 86/52/50 70/420/239 957/419/238
f 975/433/252 952/421/240 976/434/253
f 953/435/254 966/436/255 967/437/256
f 109/109/107 1030/438/257 186/110/108
f 992/105/103 169/107/105 1024/439/258
f 182/440/259 1025/441/260 167/442/261
f 1023/443/262 1013/444/263 1007/445/264
f 1034/446/87 2399/447/265 990/101/99
f 1019/448/266 1016/449/267 1017/450/268
f 1022/451/269 1013/444/263 1021/452/270
f 121/453/271 2434/454/272 1031/455/273
f 183/112/110 167/442/261 1025/441/260
f 1044/456/274 1018/457/275 1045/458/276
f 1020/459/277 1035/460/278 1036/461/279
f 206/169/107 1100/462/257 284/170/145
f 1061/165/144 267/167/105 1094/463/280
f 280/464/281 1095/465/282 265/466/283
f 1093/467/284 1073/468/285 1077/469/286
f 1079/470/287 1104/471/135 2400/159/140
f 1073/468/285 1087/472/288 1088/473/268
f 1084/474/289 1073/468/285 1093/467/284
f 219/475/290 2440/476/291 1101/477/292
f 281/172/147 265/466/283 1095/465/282
f 1114/478/274 1089/479/275 1115/480/276
f 1090/481/293 1105/482/278 1106/483/294
f 383/229/145 304/228/107 1168/484/257
f 1162/485/295 1131/224/103 366/226/105
f 379/486/281 1163/487/282 364/488/283
f 340/216/163 2407/206/156 1129/208/158
f 1156/489/285 1153/490/267 1154/491/268
f 1159/492/269 1161/493/296 1158/494/270
f 317/495/297 2446/496/298 1169/497/299
f 380/231/147 364/488/283 1163/487/282
f 1133/498/300 1193/499/301 1194/500/302
f 1181/501/274 1155/502/275 1182/503/276
f 1157/504/303 1172/505/278 1173/506/304
f 403/289/107 1236/507/257 482/290/145
f 1230/508/280 1198/285/103 465/287/105
f 478/509/305 1231/510/260 463/511/283
f 1225/512/275 1210/513/306 1224/514/307
f 460/515/184 2414/265/176 1196/267/158
f 1210/513/306 1223/516/288 1224/514/307
f 1220/517/308 1210/513/306 1229/518/284
f 415/519/309 2452/520/310 1237/521/311
f 479/292/147 463/511/283 1231/510/260
f 1249/522/274 1225/512/275 1250/523/312
f 1226/524/313 1240/525/278 1241/526/314
f 581/352/145 502/351/199 1303/527/257
f 1266/347/198 564/349/105 1297/528/280
f 577/529/315 1298/530/260 562/531/316
f 1292/532/317 1296/533/318 1291/534/319
f 530/535/192 2420/340/194 1264/342/158
f 1295/536/269 1296/533/318 1294/537/320
f 514/538/321 2458/539/322 1304/540/323
f 578/354/147 562/531/316 1298/530/260
f 1268/541/324 1328/542/325 1329/543/302
f 1316/544/274 1292/532/317 1317/545/276
f 1293/546/303 1307/547/278 1308/548/279
f 1339/549/326 1789/550/327 2346/551/328
f 1792/552/329 1355/553/330 1351/554/331
f 1405/555/332 1406/556/333 1398/557/334
f 1348/558/335 1338/559/336 1371/560/337
f 1426/561/338 2345/562/339 2046/563/340
f 1389/564/341 1338/559/336 1438/565/342
f 1417/566/343 1430/567/344 1401/568/345
f 1346/569/346 1395/570/347 1793/571/348
f 1351/554/331 1355/553/330 1427/572/349
f 1428/573/350 1392/574/351 1416/575/352
f 1427/572/349 1800/576/353 2056/577/354
f 1349/578/355 1426/561/338 1422/579/356
f 1414/580/357 1398/557/334 1415/581/358
f 2345/562/339 1403/582/359 1428/573/350
f 1397/583/360 1346/569/346 1399/584/361
f 2351/585/362 2046/563/340 2345/562/339
f 1429/586/363 1421/587/364 2047/588/365
f 2354/589/366 2353/590/367 2054/591/368
f 1390/592/369 1431/593/370 1402/594/371
f 1404/595/372 1398/557/334 1414/580/357
f 2345/562/339 1803/596/373 1408/597/374
f 1395/570/347 1346/569/346 1413/598/375
f 1403/582/359 2345/562/339 1408/597/374
f 1413/598/375 1414/580/357 1411/599/376
f 1346/569/346 1397/583/360 1413/598/375
f 1461/600/377 1463/601/378 1462/602/379
f 1467/603/335 1468/604/380 1469/605/381
f 2117/606/340 1492/607/382 2320/608/339
f 1495/609/383 1452/610/384 1450/611/385
f 1500/612/386 1468/604/380 1491/613/387
f 1505/614/388 1440/615/389 1864/616/348
f 1516/617/390 1449/618/391 1458/619/392
f 1496/620/393 1894/621/353 2118/622/354
f 2319/623/394 1471/624/355 1524/625/356
f 1492/607/382 1524/625/356 1471/624/355
f 1537/626/357 1453/627/395 1538/628/396
f 1542/629/330 1894/621/353 1496/620/393
f 1528/630/397 1542/629/330 1496/620/393
f 2320/608/339 1495/609/383 1516/617/390
f 1499/631/398 1505/614/388 1504/632/399
f 2363/633/400 2117/606/340 2320/608/339
f 2114/634/401 1493/635/402 2115/636/403
f 2366/637/404 2365/638/367 2113/639/405
f 1456/640/406 1453/627/395 1537/626/357
f 2320/608/339 1865/641/407 1555/642/408
f 1440/615/389 1505/614/388 1558/643/375
f 1495/609/383 2320/608/339 1555/642/408
f 1556/644/409 1551/645/410 1553/646/411
f 1558/643/375 1537/626/357 1531/647/376
f 1505/614/388 1499/631/398 1558/643/375
f 1960/648/329 1662/649/412 1567/650/413
f 1581/651/377 1583/652/378 1582/653/379
f 1587/654/335 1588/655/414 1589/656/415
f 2186/657/416 1613/658/338 2326/659/339
f 1616/660/383 1572/661/384 1570/662/385
f 1621/663/417 1588/655/414 1612/664/418
f 1626/665/419 1559/666/389 1929/667/348
f 1637/668/390 1569/669/420 1578/670/392
f 1617/671/393 1959/672/353 2187/673/354
f 1657/674/357 1573/675/395 1658/676/421
f 1567/650/413 1662/649/412 1617/671/393
f 2326/659/339 1616/660/383 1637/668/390
f 1568/677/422 1611/678/423 1612/664/418
f 1620/679/398 1626/665/419 1625/680/399
f 2375/681/424 2186/657/416 2326/659/339
f 2183/682/401 1614/683/402 2184/684/403
f 2378/685/404 2377/686/367 2182/687/405
f 1576/688/406 1573/675/395 1657/674/357
f 2326/659/339 1930/689/373 1675/690/408
f 1559/666/389 1626/665/419 1678/691/375
f 1616/660/383 2326/659/339 1675/690/408
f 1676/692/409 1671/693/410 1673/694/411
f 1678/691/375 1657/674/357 1651/695/376
f 1626/665/419 1620/679/398 1678/691/375
f 1986/696/425 1987/697/426 2261/698/427
f 2271/699/428 2248/700/429 1985/701/430
f 1752/702/431 1751/703/432 1738/704/433
f 2249/705/434 2250/706/435 1684/707/436
f 1748/708/437 1685/709/438 1788/710/439
f 1981/711/440 1996/712/441 2337/713/442
f 1779/714/443 1749/715/444 1767/716/445
f 2248/700/429 2249/705/434 1984/717/446
f 1985/701/430 2248/700/429 1984/717/446
f 1684/707/436 1743/718/447 1982/719/448
f 1766/720/449 1777/721/450 1740/722/451
f 1713/723/452 1685/709/438 1701/724/453
f 1701/724/453 1685/709/438 1732/725/454
f 1759/726/455 1738/704/433 1758/727/456
f 1772/728/457 1986/696/425 2262/729/458
f 1991/730/459 1772/728/457 1707/731/460
f 2261/698/427 2262/729/458 1986/696/425
f 1985/701/430 1991/730/459 1707/731/460
f 1739/732/461 1684/707/436 1742/733/462
f 2336/734/463 1754/735/464 1779/714/443
f 2250/706/435 2287/736/465 1684/707/436
f 2469/737/466 2468/738/467 2251/739/468
f 1778/740/469 1776/741/470 2259/742/471
f 1747/743/472 1780/744/473 1755/745/474
f 1753/746/475 1738/704/433 1759/726/455
f 1743/718/447 1684/707/436 1760/747/476
f 2336/734/463 1998/748/477 1761/749/478
f 1760/747/476 1759/726/455 1757/750/479
f 1684/707/436 1739/732/461 1760/747/476
f 1754/735/464 2336/734/463 1761/749/478
f 2340/751/480 2341/752/481 1343/753/482
f 1827/754/483 1847/755/484 1820/756/485
f 1877/757/486 1878/758/487 1879/759/485
f 2321/760/488 2322/761/489 1481/762/490
f 2316/763/491 2317/764/492 1470/765/493
f 1942/766/486 1943/767/494 1944/768/485
f 2325/769/488 2334/770/489 1601/771/495
f 2330/772/491 2329/773/492 1590/774/493
f 2022/775/496 2042/776/497 2017/777/498
f 2338/778/499 1697/779/500 1680/780/501
f 2353/590/367 2354/589/366 1430/567/344
f 2345/562/339 1428/573/350 2351/585/362
f 2069/781/502 2079/782/503 2080/783/504
f 2109/784/505 2059/785/506 2100/786/507
f 2069/781/502 2078/787/508 2063/788/509
f 2063/788/509 2065/789/510 2074/790/511
f 2059/785/506 2073/791/512 2075/792/513
f 2069/781/502 2073/791/512 2059/785/506
f 2094/793/514 2078/787/508 2093/794/515
f 2079/782/503 2084/795/516 2085/796/517
f 2365/638/367 2366/637/404 1508/797/518
f 2362/798/519 1513/799/520 2114/634/401
f 2320/608/339 1516/617/390 2363/633/400
f 2153/800/521 2124/801/522 2125/802/523
f 2132/803/524 2133/804/525 2134/805/526
f 2133/804/525 2170/806/527 2122/807/528
f 2153/800/521 2173/808/529 2124/801/522
f 2174/809/530 2147/810/510 2166/811/511
f 2377/686/367 2378/685/404 1629/812/518
f 2374/813/519 1634/814/520 2183/682/401
f 2326/659/339 1637/668/390 2375/681/424
f 2243/815/531 2193/816/532 2194/817/533
f 2201/818/524 2202/819/534 2203/820/535
f 2243/815/531 2234/821/536 2237/822/537
f 2212/823/538 2223/824/539 2243/815/531
f 2336/734/463 1779/714/443 2466/825/540
f 2468/738/467 2469/737/466 1777/721/450
f 2307/826/541 2278/827/542 2302/828/543
f 2268/829/544 2284/830/545 2274/831/546
f 2278/827/542 2255/832/547 2280/833/548
f 2268/829/544 2255/832/547 2278/827/542
f 2283/834/549 2299/835/550 2298/836/551
f 2289/837/552 2284/830/545 2290/838/553
f 2633/839/425 2634/840/554 2675/841/427
f 2489/842/555 2484/843/556 2487/844/557
f 2681/845/558 2632/846/559 2672/847/560
f 2526/848/561 2500/849/562 2525/850/563
f 2530/851/564 2531/852/565 2495/853/566
f 2535/854/567 2488/855/568 2492/856/569
f 2599/857/477 2730/858/463 2600/859/570
f 2550/860/571 2531/852/565 2549/861/572
f 2473/862/573 2598/863/574 2474/864/575
f 2563/865/576 2674/866/458 2664/867/577
f 2569/868/578 2483/869/579 2568/870/580
f 2632/846/559 2681/845/558 2631/871/446
f 2563/865/576 2633/839/425 2674/866/458
f 2681/845/558 2680/872/581 2631/871/446
f 2633/839/425 2675/841/427 2674/866/458
f 2532/873/582 2501/874/583 2548/875/584
f 2485/876/585 2493/877/586 2495/853/566
f 2730/858/463 2489/842/555 2535/854/567
f 2736/878/587 2737/879/588 2661/880/589
f 2739/881/590 2657/882/591 2730/858/463
f 2481/883/592 2483/869/579 2569/868/578
f 2476/884/447 2501/874/583 2586/885/476
f 2730/858/463 2599/857/477 2585/886/593
f 2584/887/594 2578/888/595 2566/889/596
f 2586/885/476 2569/868/578 2559/890/479
f 2501/874/583 2532/873/582 2586/885/476
f 2489/842/555 2730/858/463 2585/886/593
f 2609/891/597 2610/892/598 2611/893/599
f 2735/894/600 2524/895/601 2515/896/602
f 2496/897/603 2731/898/604 2505/899/605
f 2730/858/463 2535/854/567 2739/881/590
f 2740/900/606 2538/901/607 2658/902/608
f 2737/879/588 2736/878/587 2544/903/609
f 2715/904/610 2669/905/611 2668/906/612
f 2713/907/613 2715/904/610 2714/908/614
f 2715/904/610 2723/909/615 2671/910/616
f 2715/904/610 2704/911/617 2693/912/618
f 2748/913/619 2749/914/620 1910/915/621
f 2748/913/619 1852/916/622 1855/917/623
f 2748/913/619 1855/917/623 1912/918/624
f 1878/758/487 1881/919/625 1883/920/626
f 1878/758/487 1883/920/626 1914/921/627
f 1878/758/487 1914/921/627 1885/922/628
f 1911/923/629 1878/758/487 1859/924/630
f 1912/918/624 1856/925/631 1905/926/632
f 1906/927/633 1913/928/634 1884/929/635
f 1878/758/487 1912/918/624 1860/930/636
f 1943/767/494 1946/931/637 1948/932/638
f 1954/933/639 1979/934/640 1950/935/641
f 1917/936/642 2750/937/643 1975/938/644
f 1917/936/642 1916/939/622 1920/940/623
f 1977/941/645 1921/942/646 1970/943/647
f 1917/936/642 1920/940/623 1977/941/645
f 1971/944/648 1978/945/649 1949/946/635
f 2750/937/643 1977/941/645 1925/947/650
f 2649/948/651 2592/949/652 2651/950/653
f 2592/949/652 2751/951/654 2651/950/653
f 2649/948/651 2648/952/655 2626/953/656
f 2654/954/657 2624/955/658 2646/956/659
f 2649/948/651 2626/953/656 2654/954/657
f 2645/957/660 2653/958/661 2594/959/662
f 2592/949/652 2654/954/657 2621/960/663
f 2622/961/664 2592/949/652 2621/960/663
f 2592/949/652 2652/962/665 2596/963/666
f 2617/964/667 2613/965/668 2619/966/669
f 2610/892/598 2607/967/670 2608/968/671
f 2034/969/672 2038/970/673 2035/971/674
f 2034/969/672 2039/972/655 2040/973/675
f 2044/974/676 2045/975/677 2038/970/673
f 2029/976/678 2005/977/679 2003/978/680
f 2034/969/672 2040/973/675 2029/976/678
f 2038/970/673 2037/979/681 2044/974/676
f 2007/980/682 2030/981/683 2006/982/684
f 2037/979/681 2029/976/678 2027/983/685
f 2000/984/686 2027/983/685 2004/985/687
f 2037/979/681 2031/986/688 2032/987/689
f 2041/988/690 2037/979/681 2028/989/691
f 2042/776/497 2043/990/692 2033/991/693
f 1842/992/694 2752/993/695 1840/994/644
f 1842/992/694 1850/995/696 1849/996/697
f 1836/997/698 1814/998/646 1813/999/699
f 1842/992/694 1849/996/697 1836/997/698
f 1847/755/484 2752/993/695 1842/992/694
f 1809/1000/700 1835/1001/701 1810/1002/702
f 1847/755/484 1836/997/698 1838/1003/703
f 1816/1004/704 1838/1003/703 1812/1005/705
f 1847/755/484 1832/1006/706 1833/1007/707
f 1847/755/484 1834/1008/708 1832/1006/706
f 1847/755/484 1843/1009/709 1841/1010/710
f 1847/755/484 1846/1011/637 1834/1008/708
f 592/367/205 613/1012/711 612/1013/712
f 613/1012/711 602/1014/713 612/1013/712
f 630/1015/714 613/1012/711 645/1016/715
f 613/1012/711 630/1015/714 629/1017/716
f 613/1012/711 2753/1018/717 602/1014/713
f 627/1019/718 617/1020/719 626/1021/720
f 613/1012/711 614/1022/721 606/1023/722
f 606/1023/722 2753/1018/717 613/1012/711
f 631/1024/723 614/1022/721 629/1017/716
f 616/1025/724 623/1026/725 624/1027/726
f 596/1028/727 609/1029/728 616/1025/724
f 644/1030/729 605/1031/730 633/1032/731
f 609/1029/728 642/1033/732 625/1034/733
f 596/1028/727 606/1023/722 611/1035/734
f 647/375/213 656/1036/735 666/1037/736
f 684/1038/231 667/1039/737 699/1040/233
f 667/1039/737 684/1038/231 683/1041/217
f 681/1042/738 671/1043/739 680/1044/740
f 668/1045/741 660/1046/742 667/1039/737
f 685/1047/743 668/1045/741 683/1041/217
f 660/1046/742 2755/1048/744 2754/1049/745
f 670/1050/746 677/1051/747 678/1052/748
f 669/1053/749 660/1046/742 668/1045/741
f 2755/1048/744 663/1054/750 670/1050/746
f 698/1055/751 659/1056/752 687/1057/753
f 663/1054/750 696/1058/754 679/1059/755
f 701/383/221 711/1060/756 721/1061/757
f 739/1062/231 722/1063/758 754/1064/233
f 722/1063/758 739/1062/231 738/1065/217
f 701/383/221 2756/1066/759 711/1060/756
f 736/1067/738 726/1068/760 735/1069/740
f 722/1063/758 723/1070/761 2756/1066/759
f 740/1071/743 723/1070/761 738/1065/217
f 725/1072/762 732/1073/763 733/1074/748
f 705/1075/764 718/1076/750 725/1072/762
f 753/1077/751 714/1078/765 742/1079/753
f 718/1076/750 751/1080/754 734/1081/755
f 705/1075/764 715/1082/766 720/1083/767
f 756/391/224 765/1084/735 776/1085/768
f 794/1086/769 777/1087/770 809/1088/233
f 777/1087/770 794/1086/769 793/1089/223
f 791/1090/738 781/1091/760 790/1092/771
f 795/1093/743 778/1094/772 793/1089/223
f 780/1095/762 787/1096/747 788/1097/773
f 769/1098/774 773/1099/775 777/1087/770
f 768/1100/752 769/1098/774 779/1101/776
f 2757/1102/764 772/1103/750 780/1095/762
f 808/1104/777 768/1100/752 797/1105/753
f 772/1103/750 806/1106/778 789/1107/779
f 811/400/224 820/1108/780 831/1109/757
f 849/1110/781 832/1111/782 864/1112/233
f 832/1111/782 849/1110/781 848/1113/217
f 846/1114/738 836/1115/739 845/1116/783
f 827/1117/784 820/1108/780 832/1111/782
f 820/1108/780 827/1117/784 2758/1118/785
f 833/1119/786 827/1117/784 832/1111/782
f 835/1120/787 842/1121/747 843/1122/748
f 850/1123/788 833/1119/786 848/1113/217
f 834/1124/789 827/1117/784 833/1119/786
f 828/1125/750 861/1126/790 844/1127/755
f 827/1117/784 828/1125/750 835/1120/787
f 863/1128/791 823/1129/792 852/1130/753
f 2759/407/229 874/1131/756 886/1132/736
f 887/410/232 904/409/231 903/1133/223
f 883/1134/793 887/410/232 881/1135/794
f 905/1136/788 888/1137/741 903/1133/223
f 878/1138/795 881/1135/794 887/410/232
f 890/1139/796 897/1140/747 898/1141/797
f 889/1142/798 878/1138/795 888/1137/741
f 881/1135/794 882/1143/750 890/1139/796
f 918/1144/777 877/1145/765 907/1146/753
f 882/1143/750 916/1147/790 899/1148/755
f 2762/1149/799 2777/1150/800 3017/1151/801
f 2762/1149/799 3015/1152/802 2763/1153/803
f 2766/1154/804 2780/1155/805 3019/1156/806
f 3016/1157/807 2761/1158/808 3017/1159/801
f 2790/1160/809 2804/1161/810 3027/1162/811
f 2782/1163/812 2790/1160/809 3024/1164/813
f 2821/1165/814 2825/1166/815 3029/1167/816
f 3030/1168/817 2809/1169/818 3033/1170/819
f 2809/1169/818 2808/1171/820 3033/1170/819
f 2806/1172/821 2814/1173/822 3035/1174/823
f 2843/1175/824 2848/1176/825 3040/1177/826
f 2839/1178/827 2833/1179/828 3041/1180/829
f 2834/1181/830 2838/1182/831 3045/1183/832
f 3047/1184/833 2871/1185/834 3053/1186/835
f 2870/1187/836 2873/1188/837 3048/1189/838
f 2864/1190/839 2865/1191/840 3050/1192/841
f 2863/1193/842 2862/1194/843 3050/1195/844
f 2889/1196/845 2893/1197/846 3056/1198/847
f 3057/1199/848 2877/1200/849 3061/1201/850
f 2885/1202/851 2879/1203/852 3058/1204/853
f 2877/1200/849 2876/1205/854 3061/1201/850
f 2910/1206/855 2915/1207/856 3065/1208/857
f 2906/1209/858 2901/1210/859 3074/1211/860
f 3066/1212/861 2908/1213/862 3067/1214/863
f 3069/1215/864 2900/1216/865 3070/1217/866
f 2933/1218/867 2938/1219/868 3076/1220/869
f 2932/1221/870 2933/1218/867 2930/1222/871
f 2929/1223/872 2924/1224/873 3077/1225/874
f 2921/1226/875 3080/1227/876 2922/1228/877
f 2940/1229/878 3083/1230/879 2927/1231/880
f 2927/1231/880 3081/1232/881 2919/1233/882
f 3082/1234/883 2926/1235/884 3083/1236/879
f 2960/1237/885 3089/1238/886 2944/1239/887
f 2942/1240/888 2950/1241/889 3089/1242/886
f 2948/1243/890 2952/1244/891 3092/1245/892
f 2984/1246/893 2987/1247/894 3096/1248/895
f 2979/1249/896 2984/1246/893 3093/1250/897
f 2975/1251/898 2969/1252/899 3094/1253/900
f 3097/1254/901 2968/1255/902 3098/1256/903
f 2965/1257/904 2972/1258/905 3100/1259/906
f 2970/1260/907 2974/1261/908 3101/1262/909
f 3108/1263/910 3103/1264/911 3005/1265/912
f 3003/1266/913 3007/1267/914 3104/1268/915
f 3105/1269/916 2991/1270/917 3106/1271/918
f 2763/1153/803 3015/1152/802 3013/1272/919
f 2766/1154/804 3019/1156/806 3016/1273/807
f 2822/1274/920 3029/1275/921 3030/1276/817
f 2826/1277/922 3034/1278/923 3028/1279/924
f 2849/1280/925 3044/1281/926 3039/1282/927
f 2864/1190/839 3050/1192/841 3047/1283/833
f 2890/1284/928 3056/1285/929 3057/1286/848
f 2898/1287/930 3073/1288/931 3069/1289/864
f 2906/1209/858 3074/1211/860 3066/1290/861
f 2928/1291/932 3077/1292/933 3082/1293/883
f 2957/1294/934 3086/1295/935 3085/1296/936
f 2966/1297/937 3100/1298/938 3097/1299/901
f 3004/1300/939 3104/1301/940 3105/1302/916
f 3009/1303/941 3109/1304/942 3103/1305/911
f 2387/1306/943 607/1307/944 2/1308/945
f 2386/1309/946 604/1310/947 2387/1306/943
f 922/34/34 594/1311/948 923/45/43
f 593/1312/949 2386/1309/946 13/1313/950
f 932/2/2 598/1314/951 597/3/3
f 595/1315/952 922/34/34 23/33/33
f 80/12/12 71/51/49 81/10/10
f 84/55/53 77/9/9 90/8/8
f 92/58/56 84/55/53 87/57/55
f 86/52/50 71/51/49 70/420/239
f 965/54/52 86/52/50 957/419/238
f 2390/6/6 601/1316/953 600/4/4
f 8/1317/954 30/31/31 33/1318/955
f 2389/1319/956 610/1320/957 601/1316/953
f 4/29/29 51/1321/958 41/30/30
f 37/26/26 21/1322/959 43/1323/960
f 14/17/17 52/1324/961 35/18/18
f 2/1308/945 603/1325/962 2388/1326/963
f 5/1327/964 39/1328/965 27/1329/966
f 26/1330/967 50/1331/968 29/1332/969
f 17/1333/970 603/1325/962 610/1320/957
f 45/28/28 15/1334/971 37/26/26
f 7/22/22 31/14/14 40/20/20
f 21/1322/959 39/1328/965 47/1335/972
f 43/1323/960 11/19/19 35/18/18
f 33/1318/955 2431/1336/973 8/1317/954
f 2428/431/250 12/1337/974 45/28/28
f 26/1330/967 11/19/19 46/1338/975
f 11/19/19 47/1335/972 46/1338/975
f 27/1329/966 12/1337/974 48/1339/976
f 48/1339/976 22/430/249 49/1340/977
f 33/1318/955 31/14/14 32/1341/978
f 32/1341/978 18/16/16 5/1327/964
f 40/20/20 51/1321/958 24/1342/979
f 1/21/21 24/1342/979 50/1331/968
f 82/48/46 598/1314/951 10/49/47
f 923/45/43 594/1311/948 619/60/58
f 36/27/27 43/1323/960 44/32/32
f 621/61/59 620/1343/980 82/48/46
f 6/1344/981 44/32/32 3/23/23
f 35/18/18 25/25/25 34/24/24
f 15/1334/971 39/1328/965 21/1322/959
f 26/1330/967 16/1345/982 14/17/17
f 42/1346/983 5/1327/964 9/1347/984
f 32/1341/978 42/1346/983 33/1318/955
f 47/1335/972 18/16/16 19/15/15
f 40/20/20 30/31/31 41/30/30
f 2431/1336/973 42/1346/983 2430/1348/985
f 2430/1348/985 9/1347/984 20/1349/986
f 44/32/32 35/18/18 34/24/24
f 2427/1350/987 45/28/28 36/27/27
f 2426/1351/988 36/27/27 6/1344/981
f 26/1330/967 7/22/22 1/21/21
f 46/1338/975 19/15/15 7/22/22
f 27/1329/966 9/1347/984 5/1327/964
f 48/1339/976 20/1349/986 9/1347/984
f 618/373/211 96/63/61 73/1352/989
f 621/61/59 99/1353/990 75/1354/991
f 62/1355/992 2/1308/945 55/1356/993
f 2392/43/42 23/33/33 921/35/35
f 66/1357/994 16/1345/982 57/1358/995
f 2388/1326/963 58/1359/996 69/1360/997
f 53/40/40 2386/1309/946 59/41/41
f 59/41/41 2387/1306/943 62/1355/992
f 54/1361/998 25/25/25 63/1362/999
f 63/1362/999 52/1324/961 66/1357/994
f 55/1356/993 2388/1326/963 69/1360/997
f 93/1363/1000 81/10/10 96/63/61
f 97/62/60 87/57/55 99/1353/990
f 62/1355/992 56/1364/1001 61/1365/1002
f 61/1365/1002 50/1331/968 24/1342/979
f 65/1366/1003 57/1358/995 58/1359/996
f 65/1366/1003 17/1333/970 2389/1319/956
f 68/1367/1004 58/1359/996 57/1358/995
f 29/1332/969 57/1358/995 16/1345/982
f 53/40/40 51/1321/958 4/29/29
f 59/41/41 61/1365/1002 60/39/39
f 60/39/39 24/1342/979 51/1321/958
f 54/1361/998 2390/6/6 599/5/5
f 63/1362/999 64/1368/1005 54/1361/998
f 63/1362/999 65/1366/1003 64/1368/1005
f 64/1368/1005 2389/1319/956 2390/6/6
f 69/1360/997 56/1364/1001 55/1356/993
f 56/1364/1001 29/1332/969 50/1331/968
f 71/51/49 94/46/44 81/10/10
f 85/418/237 4/29/29 8/1317/954
f 80/12/12 85/418/237 70/420/239
f 76/56/54 6/1344/981 3/23/23
f 84/55/53 78/1369/1006 76/56/54
f 89/50/48 83/59/57 82/48/46
f 96/63/61 619/60/58 73/1352/989
f 78/1369/1006 2426/1351/988 6/1344/981
f 74/372/210 53/40/40 95/1370/1007
f 618/373/211 95/1370/1007 93/1363/1000
f 622/1371/1008 54/1361/998 599/5/5
f 622/1371/1008 99/1353/990 98/1372/1009
f 4/29/29 95/1370/1007 53/40/40
f 79/53/51 93/1363/1000 95/1370/1007
f 98/1372/1009 3/23/23 54/1361/998
f 87/57/55 98/1372/1009 99/1353/990
f 2397/1373/1010 661/1374/1011 101/1375/1012
f 2398/1376/1013 658/1377/1014 2397/1373/1010
f 991/100/98 649/1378/1015 992/105/103
f 648/1379/1016 2398/1376/1013 112/1380/1017
f 1001/65/63 652/1381/1018 651/66/64
f 122/99/97 650/1382/1019 991/100/98
f 177/75/73 168/111/109 178/73/71
f 181/115/113 174/72/70 187/71/69
f 189/118/116 181/115/113 184/117/115
f 183/112/110 168/111/109 167/442/261
f 1033/114/112 183/112/110 1025/441/260
f 2394/69/67 655/1383/1020 654/67/65
f 107/1384/1021 129/97/95 132/1385/1022
f 2395/1386/1023 664/1387/1024 655/1383/1020
f 103/95/93 149/1388/1025 139/96/94
f 136/92/90 120/1389/1026 141/1390/1027
f 113/80/78 150/1391/1028 134/81/79
f 101/1375/1012 657/1392/1029 2396/1393/1030
f 104/1394/1031 137/1395/1032 126/1396/1033
f 2399/447/265 1034/446/87 127/1397/89
f 125/1398/1034 148/1399/1035 128/1400/1036
f 116/1401/1037 657/1392/1029 664/1387/1024
f 143/94/92 114/1402/1038 136/92/90
f 106/85/83 130/77/75 138/83/81
f 120/1389/1026 137/1395/1032 145/1403/1039
f 141/1390/1027 110/82/80 134/81/79
f 132/1385/1022 2437/1404/1040 107/1384/1021
f 2434/454/272 111/1405/1041 143/94/92
f 125/1398/1034 110/82/80 144/1406/1042
f 110/82/80 145/1403/1039 144/1406/1042
f 126/1396/1033 111/1405/1041 146/1407/1043
f 146/1407/1043 121/453/271 147/1408/1044
f 132/1385/1022 130/77/75 131/1409/1045
f 131/1409/1045 117/79/77 104/1394/1031
f 138/83/81 149/1388/1025 123/1410/1046
f 100/84/82 123/1410/1046 148/1399/1035
f 179/108/106 652/1381/1018 109/109/107
f 992/105/103 649/1378/1015 673/120/118
f 135/93/91 141/1390/1027 142/98/96
f 675/121/119 674/1411/1047 179/108/106
f 105/1412/1048 142/98/96 102/86/84
f 134/81/79 124/88/86 133/87/85
f 114/1402/1038 137/1395/1032 120/1389/1026
f 125/1398/1034 115/1413/1049 113/80/78
f 140/1414/1050 104/1394/1031 108/1415/1051
f 131/1409/1045 140/1414/1050 132/1385/1022
f 145/1403/1039 117/79/77 118/78/76
f 138/83/81 129/97/95 139/96/94
f 2437/1404/1040 140/1414/1050 2436/1416/1052
f 2436/1416/1052 108/1415/1051 119/1417/1053
f 142/98/96 134/81/79 133/87/85
f 2433/1418/1054 143/94/92 135/93/91
f 2432/1419/1055 135/93/91 105/1412/1048
f 125/1398/1034 106/85/83 100/84/82
f 144/1406/1042 118/78/76 106/85/83
f 126/1396/1033 108/1415/1051 104/1394/1031
f 146/1407/1043 119/1417/1053 108/1415/1051
f 672/381/219 193/123/121 170/1420/1056
f 675/121/119 196/1421/1057 172/1422/1058
f 160/1423/1059 101/1375/1012 153/1424/1060
f 2399/447/265 122/99/97 990/101/99
f 164/1425/1061 115/1413/1049 155/1426/1062
f 2396/1393/1030 156/1427/1063 166/1428/1064
f 151/103/101 2398/1376/1013 157/104/102
f 157/104/102 2397/1373/1010 160/1423/1059
f 152/1429/1065 124/88/86 161/1430/1066
f 161/1430/1066 150/1391/1028 164/1425/1061
f 153/1424/1060 2396/1393/1030 166/1428/1064
f 190/1431/1067 178/73/71 193/123/121
f 194/122/120 184/117/115 196/1421/1057
f 160/1423/1059 154/1432/1068 159/1433/1069
f 159/1433/1069 148/1399/1035 123/1410/1046
f 163/1434/1070 155/1426/1062 156/1427/1063
f 163/1434/1070 116/1401/1037 2395/1386/1023
f 165/1435/1071 156/1427/1063 155/1426/1062
f 128/1400/1036 155/1426/1062 115/1413/1049
f 151/103/101 149/1388/1025 103/95/93
f 157/104/102 159/1433/1069 158/102/100
f 158/102/100 123/1410/1046 149/1388/1025
f 152/1429/1065 2394/69/67 653/68/66
f 161/1430/1066 162/1436/1072 152/1429/1065
f 161/1430/1066 163/1434/1070 162/1436/1072
f 162/1436/1072 2395/1386/1023 2394/69/67
f 166/1428/1064 154/1432/1068 153/1424/1060
f 154/1432/1068 128/1400/1036 148/1399/1035
f 168/111/109 191/106/104 178/73/71
f 182/440/259 103/95/93 107/1384/1021
f 177/75/73 182/440/259 167/442/261
f 173/116/114 105/1412/1048 102/86/84
f 181/115/113 175/1437/1073 173/116/114
f 186/110/108 180/119/117 179/108/106
f 193/123/121 673/120/118 170/1420/1056
f 175/1437/1073 2432/1419/1055 105/1412/1048
f 171/380/218 151/103/101 192/1438/1074
f 672/381/219 192/1438/1074 190/1431/1067
f 676/1439/1075 152/1429/1065 653/68/66
f 676/1439/1075 196/1421/1057 195/1440/1076
f 103/95/93 192/1438/1074 151/103/101
f 176/113/111 190/1431/1067 192/1438/1074
f 195/1440/1076 102/86/84 152/1429/1065
f 184/117/115 195/1440/1076 196/1421/1057
f 2405/1441/1077 716/1442/1011 198/1443/1012
f 2406/1444/1078 713/1445/1014 2405/1441/1077
f 1060/1446/1079 703/1447/1015 1061/165/144
f 702/1448/1080 2406/1444/1078 209/1449/1017
f 1070/126/123 707/1450/1018 706/124/64
f 704/1451/1019 1060/1446/1079 220/160/141
f 275/135/73 266/171/146 276/133/129
f 279/175/113 272/132/128 285/131/127
f 287/178/116 279/175/113 282/177/150
f 281/172/147 266/171/146 265/466/283
f 1103/174/149 281/172/147 1095/465/282
f 2402/129/67 710/1452/1020 709/127/124
f 217/1453/1081 227/157/139 230/1454/1082
f 2403/1455/1023 719/1456/1024 710/1452/1020
f 200/155/138 247/1457/1025 237/156/94
f 234/152/90 218/1458/1026 239/1459/1027
f 210/140/78 248/1460/1028 232/141/131
f 198/1443/1012 712/1461/1029 2404/1462/1030
f 201/1463/1031 235/1464/1032 224/1465/1033
f 1104/471/135 225/1466/134 2400/159/140
f 223/1467/1083 246/1468/1035 226/1469/1036
f 213/1470/1037 712/1461/1029 719/1456/1024
f 241/154/137 211/1471/1084 234/152/90
f 203/145/132 228/137/75 236/143/81
f 218/1458/1026 235/1464/1032 243/1472/1039
f 204/1473/1085 230/1454/1082 2443/1474/1086
f 239/1459/1027 207/142/80 232/141/131
f 2440/476/291 208/1475/1087 241/154/137
f 223/1467/1083 207/142/80 242/1476/1088
f 207/142/80 243/1472/1039 242/1476/1088
f 224/1465/1033 208/1475/1087 244/1477/1043
f 244/1477/1043 219/475/290 245/1478/1089
f 230/1454/1082 228/137/75 229/1479/1090
f 229/1479/1090 214/139/77 201/1463/1031
f 236/143/81 247/1457/1025 221/1480/1046
f 197/144/82 221/1480/1046 246/1468/1035
f 277/168/106 707/1450/1018 206/169/107
f 1061/165/144 703/1447/1015 728/180/118
f 233/153/136 239/1459/1027 240/158/96
f 730/181/119 729/1481/1047 277/168/106
f 202/1482/1091 240/158/96 199/146/133
f 232/141/131 222/148/86 231/147/85
f 211/1471/1084 235/1464/1032 218/1458/1026
f 223/1467/1083 212/1483/1049 210/140/78
f 238/1484/1092 201/1463/1031 205/1485/1093
f 229/1479/1090 238/1484/1092 230/1454/1082
f 243/1472/1039 214/139/77 215/138/76
f 236/143/81 227/157/139 237/156/94
f 2443/1474/1086 238/1484/1092 2442/1486/1094
f 2442/1486/1094 205/1485/1093 216/1487/1095
f 240/158/96 232/141/131 231/147/85
f 2439/1488/1096 241/154/137 233/153/136
f 2438/1489/1097 233/153/136 202/1482/1091
f 223/1467/1083 203/145/132 197/144/82
f 242/1476/1088 215/138/76 203/145/132
f 224/1465/1033 205/1485/1093 201/1463/1031
f 244/1477/1043 216/1487/1095 205/1485/1093
f 727/389/219 291/183/153 268/1490/1056
f 730/181/119 294/1491/1057 270/1492/1058
f 258/1493/1098 198/1443/1012 251/1494/1060
f 262/1495/1099 212/1483/1049 253/1496/1062
f 2404/1462/1030 254/1497/1063 264/1498/1064
f 249/163/101 2406/1444/1078 255/164/102
f 1059/161/142 220/160/141 1060/1446/1079
f 255/164/102 2405/1441/1077 258/1493/1098
f 250/1499/1100 222/148/86 259/1500/1066
f 259/1500/1066 248/1460/1028 262/1495/1099
f 251/1494/1060 2404/1462/1030 264/1498/1064
f 288/1501/1067 276/133/129 291/183/153
f 292/182/152 282/177/150 294/1491/1057
f 258/1493/1098 252/1502/1068 257/1503/1069
f 257/1503/1069 246/1468/1035 221/1480/1046
f 261/1504/1070 253/1496/1062 254/1497/1063
f 261/1504/1070 213/1470/1037 2403/1455/1023
f 263/1505/1071 254/1497/1063 253/1496/1062
f 226/1469/1036 253/1496/1062 212/1483/1049
f 249/163/101 247/1457/1025 200/155/138
f 255/164/102 257/1503/1069 256/162/143
f 256/162/143 221/1480/1046 247/1457/1025
f 250/1499/1100 2402/129/67 708/128/125
f 259/1500/1066 260/1506/1072 250/1499/1100
f 259/1500/1066 261/1504/1070 260/1506/1072
f 260/1506/1072 2403/1455/1023 2402/129/67
f 264/1498/1064 252/1502/1068 251/1494/1060
f 252/1502/1068 226/1469/1036 246/1468/1035
f 266/171/146 289/166/104 276/133/129
f 274/173/148 217/1453/1081 280/464/281
f 275/135/73 280/464/281 265/466/283
f 271/176/114 202/1482/1091 199/146/133
f 279/175/113 273/1507/1073 271/176/114
f 284/170/145 278/179/151 277/168/106
f 291/183/153 728/180/118 268/1490/1056
f 217/1453/1081 204/1473/1085 280/464/281
f 273/1507/1073 2438/1489/1097 202/1482/1091
f 269/388/218 249/163/101 290/1508/1101
f 727/389/219 290/1508/1101 288/1501/1067
f 731/1509/1102 250/1499/1100 708/128/125
f 731/1509/1102 294/1491/1057 293/1510/1076
f 200/155/138 290/1508/1101 249/163/101
f 274/173/148 288/1501/1067 290/1508/1101
f 293/1510/1076 199/146/133 250/1499/1100
f 282/177/150 293/1510/1076 294/1491/1057
f 2412/1511/1077 770/1512/1011 296/1513/1012
f 2413/1514/1013 767/1515/1014 2412/1511/1077
f 1130/1516/1103 758/1517/1015 1131/224/103
f 757/1518/1016 2413/1514/1013 307/1519/1104
f 1139/185/63 761/1520/1018 760/186/64
f 759/1521/1019 1130/1516/1103 318/207/157
f 374/195/73 365/230/109 375/193/71
f 378/234/166 371/192/128 384/191/127
f 386/237/116 378/234/166 381/236/115
f 380/231/147 365/230/109 364/488/283
f 1171/233/165 380/231/147 1163/487/282
f 2409/189/67 764/1522/1020 763/187/124
f 315/1523/1105 325/219/139 328/1524/1106
f 2410/1525/1023 774/1526/1024 764/1522/1020
f 298/217/138 346/1527/1025 335/218/94
f 332/212/90 316/1528/1026 337/1529/1027
f 308/200/78 347/1530/1028 330/201/131
f 296/1513/1012 766/1531/1029 2411/1532/1030
f 299/1533/1031 333/1534/1032 322/1535/1033
f 321/1536/1083 345/1537/1035 324/1538/1036
f 311/1539/1037 766/1531/1029 774/1526/1024
f 339/214/161 309/1540/1084 332/212/90
f 301/205/83 326/197/75 334/203/155
f 771/394/226 323/1541/162 340/1542/163
f 316/1528/1026 333/1534/1032 342/1543/1039
f 302/1544/1107 328/1524/1106 2449/1545/1108
f 337/1529/1027 305/202/80 330/201/131
f 2446/496/298 306/1546/1109 339/214/161
f 321/1536/1083 305/202/80 341/1547/1110
f 305/202/80 342/1543/1039 341/1547/1110
f 322/1535/1033 306/1546/1109 343/1548/1111
f 343/1548/1111 317/495/297 344/1549/1112
f 328/1524/1106 326/197/75 327/1550/1090
f 1129/208/158 318/207/157 1130/1516/1103
f 327/1550/1090 312/199/77 299/1533/1031
f 334/203/155 346/1527/1025 319/1551/1046
f 295/204/82 319/1551/1046 345/1537/1035
f 376/227/164 761/1520/1018 304/228/107
f 1131/224/103 758/1517/1015 783/239/118
f 331/213/160 337/1529/1027 338/220/96
f 785/240/119 784/1552/1047 376/227/164
f 300/1553/1113 338/220/96 297/209/159
f 330/201/131 320/211/86 329/210/85
f 309/1540/1084 333/1534/1032 316/1528/1026
f 321/1536/1083 310/1554/1049 308/200/78
f 336/1555/1114 299/1533/1031 303/1556/1115
f 327/1550/1090 336/1555/1114 328/1524/1106
f 342/1543/1039 312/199/77 313/198/76
f 334/203/155 325/219/139 335/218/94
f 2449/1545/1108 336/1555/1114 2448/1557/1116
f 2448/1557/1116 303/1556/1115 314/1558/1117
f 338/220/96 330/201/131 329/210/85
f 2445/1559/1118 339/214/161 331/213/160
f 2444/1560/1119 331/213/160 300/1553/1113
f 321/1536/1083 301/205/83 295/204/82
f 341/1547/1110 313/198/76 301/205/83
f 322/1535/1033 303/1556/1115 299/1533/1031
f 343/1548/1111 314/1558/1117 303/1556/1115
f 782/398/219 390/242/121 367/1561/1056
f 785/240/119 393/1562/1120 369/1563/1058
f 357/1564/1098 296/1513/1012 350/1565/1060
f 361/1566/1061 310/1554/1049 352/1567/1062
f 2411/1532/1030 353/1568/1063 363/1569/1064
f 348/222/101 2413/1514/1013 354/223/102
f 354/223/102 2412/1511/1077 357/1564/1098
f 349/1570/1100 320/211/86 358/1571/1066
f 358/1571/1066 347/1530/1028 361/1566/1061
f 350/1565/1060 2411/1532/1030 363/1569/1064
f 387/1572/1067 375/193/71 390/242/121
f 391/241/152 381/236/115 393/1562/1120
f 357/1564/1098 351/1573/1068 356/1574/1121
f 356/1574/1121 345/1537/1035 319/1551/1046
f 360/1575/1070 352/1567/1062 353/1568/1063
f 360/1575/1070 311/1539/1037 2410/1525/1023
f 362/1576/1071 353/1568/1063 352/1567/1062
f 324/1538/1036 352/1567/1062 310/1554/1049
f 348/222/101 346/1527/1025 298/217/138
f 354/223/102 356/1574/1121 355/221/143
f 355/221/143 319/1551/1046 346/1527/1025
f 349/1570/1100 2409/189/67 762/188/66
f 358/1571/1066 359/1577/1122 349/1570/1100
f 358/1571/1066 360/1575/1070 359/1577/1122
f 359/1577/1122 2410/1525/1023 2409/189/67
f 363/1569/1064 351/1573/1068 350/1565/1060
f 351/1573/1068 324/1538/1036 345/1537/1035
f 365/230/109 388/225/104 375/193/71
f 373/232/148 315/1523/1105 379/486/281
f 364/488/283 373/232/148 379/486/281
f 370/235/167 300/1553/1113 297/209/159
f 378/234/166 372/1578/1123 370/235/167
f 383/229/145 377/238/168 376/227/164
f 390/242/121 783/239/118 367/1561/1056
f 315/1523/1105 302/1544/1107 379/486/281
f 372/1578/1123 2444/1560/1119 300/1553/1113
f 368/397/218 348/222/101 389/1579/1074
f 782/398/219 389/1579/1074 387/1572/1067
f 786/1580/1102 349/1570/1100 762/188/66
f 786/1580/1102 393/1562/1120 392/1581/1124
f 298/217/138 389/1579/1074 348/222/101
f 373/232/148 387/1572/1067 389/1579/1074
f 392/1581/1124 297/209/159 349/1570/1100
f 381/236/115 392/1581/1124 393/1562/1120
f 2418/1582/1010 825/1583/1011 395/1584/1012
f 2419/1585/1078 822/1586/1014 2418/1582/1010
f 1197/1587/1125 813/1588/1015 1198/285/103
f 812/1589/1016 2419/1585/1078 406/1590/1104
f 1207/244/169 816/1591/1018 815/245/170
f 814/1592/1126 1197/1587/1125 416/266/177
f 473/254/174 464/291/109 474/252/71
f 477/295/166 470/251/173 483/250/172
f 485/298/116 477/295/166 480/297/115
f 479/292/147 464/291/109 463/511/283
f 1239/294/165 479/292/147 1231/510/260
f 2415/248/67 819/1593/1020 818/246/124
f 401/1594/1127 423/276/95 426/1595/1128
f 2416/1596/1023 829/1597/1024 819/1593/1020
f 397/274/179 444/1598/1025 433/275/180
f 430/271/90 414/1599/1026 436/1600/1027
f 407/259/78 445/1601/1028 428/260/79
f 395/1584/1012 821/1602/1029 2417/1603/1030
f 398/1604/1031 431/1605/1032 420/1606/1033
f 419/1607/1034 443/1608/1035 422/1609/1036
f 410/1610/1129 821/1602/1029 829/1597/1024
f 438/273/92 408/1611/1084 430/271/90
f 400/264/132 424/256/75 432/262/81
f 414/1599/1026 431/1605/1032 440/1612/1039
f 436/1600/1027 404/261/80 428/260/79
f 426/1595/1128 2455/1613/1130 401/1594/1127
f 1208/277/181 435/243/122 826/279/182
f 2452/520/310 405/1614/1131 438/273/92
f 419/1607/1034 404/261/80 439/1615/1088
f 404/261/80 440/1612/1039 439/1615/1088
f 420/1606/1033 405/1614/1131 441/1616/1043
f 441/1616/1043 415/519/309 442/1617/1132
f 426/1595/1128 424/256/75 425/1618/1045
f 1196/267/158 416/266/177 1197/1587/1125
f 425/1618/1045 411/258/175 398/1604/1031
f 432/262/81 444/1598/1025 417/1619/1046
f 394/263/82 417/1619/1046 443/1608/1035
f 475/288/106 816/1591/1018 403/289/107
f 1198/285/103 813/1588/1015 838/300/185
f 429/272/91 436/1600/1027 437/278/96
f 840/301/186 839/1620/1133 475/288/106
f 399/1621/1134 437/278/96 396/268/178
f 428/260/79 418/270/86 427/269/85
f 408/1611/1084 431/1605/1032 414/1599/1026
f 419/1607/1034 409/1622/1049 407/259/78
f 434/1623/1135 398/1604/1031 402/1624/1136
f 425/1618/1045 434/1623/1135 426/1595/1128
f 440/1612/1039 411/258/175 412/257/76
f 432/262/81 423/276/95 433/275/180
f 2455/1613/1130 434/1623/1135 2454/1625/1137
f 2454/1625/1137 402/1624/1136 413/1626/1138
f 437/278/96 428/260/79 427/269/85
f 2451/1627/1054 438/273/92 429/272/91
f 2450/1628/1097 429/272/91 399/1621/1134
f 419/1607/1034 400/264/132 394/263/82
f 439/1615/1088 412/257/76 400/264/132
f 420/1606/1033 402/1624/1136 398/1604/1031
f 441/1616/1043 413/1626/1138 402/1624/1136
f 837/405/219 489/303/187 466/1629/1056
f 840/301/186 492/1630/1057 468/1631/1058
f 455/1632/1098 395/1584/1012 448/1633/1060
f 459/1634/1061 409/1622/1049 450/1635/1062
f 2417/1603/1030 451/1636/1063 462/1637/1064
f 446/283/101 2419/1585/1078 452/284/102
f 452/284/102 2418/1582/1010 455/1632/1098
f 447/1638/1100 418/270/86 456/1639/1066
f 456/1639/1066 445/1601/1028 459/1634/1061
f 448/1633/1060 2417/1603/1030 462/1637/1064
f 486/1640/1067 474/252/71 489/303/187
f 490/302/120 480/297/115 492/1630/1057
f 455/1632/1098 449/1641/1068 454/1642/1069
f 454/1642/1069 443/1608/1035 417/1619/1046
f 458/1643/1139 450/1635/1062 451/1636/1063
f 458/1643/1139 410/1610/1129 2416/1596/1023
f 461/1644/1071 451/1636/1063 450/1635/1062
f 422/1609/1036 450/1635/1062 409/1622/1049
f 446/283/101 444/1598/1025 397/274/179
f 452/284/102 454/1642/1069 453/282/143
f 453/282/143 417/1619/1046 444/1598/1025
f 447/1638/1100 2415/248/67 817/247/66
f 456/1639/1066 457/1645/1072 447/1638/1100
f 456/1639/1066 458/1643/1139 457/1645/1072
f 457/1645/1072 2416/1596/1023 2415/248/67
f 462/1637/1064 449/1641/1068 448/1633/1060
f 460/515/184 421/1646/183 2414/265/176
f 449/1641/1068 422/1609/1036 443/1608/1035
f 464/291/109 487/286/104 474/252/71
f 478/509/305 397/274/179 401/1594/1127
f 473/254/174 478/509/305 463/511/283
f 469/296/114 399/1621/1134 396/268/178
f 477/295/166 471/1647/1140 469/296/114
f 482/290/145 476/299/151 475/288/106
f 489/303/187 838/300/185 466/1629/1056
f 471/1647/1140 2450/1628/1097 399/1621/1134
f 467/404/218 446/283/101 488/1648/1101
f 837/405/219 488/1648/1101 486/1640/1067
f 841/1649/1102 447/1638/1100 817/247/66
f 841/1649/1102 492/1630/1057 491/1650/1141
f 397/274/179 488/1648/1101 446/283/101
f 472/293/111 486/1640/1067 488/1648/1101
f 491/1650/1141 396/268/178 447/1638/1100
f 480/297/115 491/1650/1141 492/1630/1057
f 2424/1651/1077 879/1652/1142 494/1653/1012
f 2425/1654/1078 876/1655/1014 2424/1651/1077
f 1265/343/196 867/1656/1015 1266/347/198
f 866/1657/1080 2425/1654/1078 505/1658/1017
f 870/1659/1018 1274/305/169 502/351/199
f 868/1660/1143 1265/343/196 515/341/195
f 572/315/73 563/353/146 573/313/71
f 576/357/201 569/312/190 582/311/127
f 584/360/116 576/357/201 579/359/115
f 578/354/147 563/353/146 562/531/316
f 1306/356/149 578/354/147 1298/530/260
f 2421/309/67 873/1661/1020 872/307/124
f 500/1662/1127 522/337/95 525/1663/1144
f 2422/1664/1023 884/1665/1024 873/1661/1020
f 496/335/93 544/1666/1025 533/336/180
f 529/332/90 513/1667/1026 536/1668/1027
f 506/320/78 545/1669/1028 527/321/79
f 494/1653/1012 875/1670/1029 2423/1671/1030
f 497/1672/1031 531/1673/1032 519/1674/1033
f 530/535/192 520/1675/134 2420/340/194
f 518/1676/1034 543/1677/1035 521/1678/1036
f 509/1679/1037 875/1670/1029 884/1665/1024
f 538/334/161 507/1680/1084 529/332/90
f 499/325/83 523/317/75 532/323/81
f 513/1667/1026 531/1673/1032 540/1681/1039
f 536/1668/1027 503/322/80 527/321/79
f 525/1663/1144 2461/1682/1145 500/1662/1127
f 1275/338/181 535/304/62 880/330/193
f 2458/539/322 504/1683/1087 538/334/161
f 518/1676/1034 503/322/80 539/1684/1042
f 503/322/80 540/1681/1039 539/1684/1042
f 519/1674/1033 504/1683/1087 541/1685/1043
f 541/1685/1043 514/538/321 542/1686/1146
f 525/1663/1144 523/317/75 524/1687/1090
f 524/1687/1090 510/319/77 497/1672/1031
f 532/323/81 544/1666/1025 516/1688/1046
f 493/324/82 516/1688/1046 543/1677/1035
f 574/350/164 870/1659/1018 502/351/199
f 1266/347/198 867/1656/1015 893/362/185
f 528/333/160 536/1668/1027 537/339/96
f 895/363/119 894/1689/1047 574/350/164
f 498/1690/1113 537/339/96 495/326/191
f 527/321/79 517/328/86 526/327/85
f 507/1680/1084 531/1673/1032 513/1667/1026
f 518/1676/1034 508/1691/1049 506/320/78
f 534/1692/1114 497/1672/1031 501/1693/1147
f 524/1687/1090 534/1692/1114 525/1663/1144
f 540/1681/1039 510/319/77 511/318/76
f 532/323/81 522/337/95 533/336/180
f 2461/1682/1145 534/1692/1114 2460/1694/1148
f 2460/1694/1148 501/1693/1147 512/1695/1149
f 537/339/96 527/321/79 526/327/85
f 2457/1696/1118 538/334/161 528/333/160
f 2456/1697/1119 528/333/160 498/1690/1113
f 518/1676/1034 499/325/83 493/324/82
f 539/1684/1042 511/318/76 499/325/83
f 519/1674/1033 501/1693/1147 497/1672/1031
f 541/1685/1043 512/1695/1149 501/1693/1147
f 892/415/219 588/365/203 565/1698/1056
f 895/363/119 591/1699/1150 567/1700/1058
f 555/1701/1059 494/1653/1012 548/1702/1060
f 559/1703/1061 508/1691/1049 550/1704/1062
f 2423/1671/1030 551/1705/1063 561/1706/1064
f 546/345/101 2425/1654/1078 552/346/102
f 552/346/102 2424/1651/1077 555/1701/1059
f 547/1707/1100 517/328/86 556/1708/1066
f 556/1708/1066 545/1669/1028 559/1703/1061
f 548/1702/1060 2423/1671/1030 561/1706/1064
f 585/1709/1067 573/313/71 588/365/203
f 589/364/152 579/359/115 591/1699/1150
f 555/1701/1059 549/1710/1068 554/1711/1069
f 554/1711/1069 543/1677/1035 516/1688/1046
f 558/1712/1070 550/1704/1062 551/1705/1063
f 558/1712/1070 509/1679/1037 2422/1664/1023
f 560/1713/1071 551/1705/1063 550/1704/1062
f 521/1678/1036 550/1704/1062 508/1691/1049
f 546/345/101 544/1666/1025 496/335/93
f 552/346/102 554/1711/1069 553/344/197
f 553/344/197 516/1688/1046 544/1666/1025
f 547/1707/1100 2421/309/67 871/308/125
f 556/1708/1066 557/1714/1122 547/1707/1100
f 556/1708/1066 558/1712/1070 557/1714/1122
f 557/1714/1122 2422/1664/1023 2421/309/67
f 561/1706/1064 549/1710/1068 548/1702/1060
f 549/1710/1068 521/1678/1036 543/1677/1035
f 563/353/146 586/348/104 573/313/71
f 577/529/315 496/335/93 500/1662/1127
f 572/315/73 577/529/315 562/531/316
f 568/358/167 498/1690/1113 495/326/191
f 576/357/201 570/1715/1073 568/358/167
f 581/352/145 575/361/202 574/350/164
f 588/365/203 893/362/185 565/1698/1056
f 570/1715/1073 2456/1697/1119 498/1690/1113
f 566/414/218 546/345/101 587/1716/1074
f 892/415/219 587/1716/1074 585/1709/1067
f 896/1717/1102 547/1707/1100 871/308/125
f 896/1717/1102 591/1699/1150 590/1718/1151
f 496/335/93 587/1716/1074 546/345/101
f 571/355/200 585/1709/1067 587/1716/1074
f 590/1718/1151 495/326/191 547/1707/1100
f 579/359/115 590/1718/1151 591/1699/1150
f 2753/1018/717 640/1719/1152 602/1014/713
f 608/36/36 38/370/208 2391/1/1
f 643/1720/1153 639/1721/1154 606/1023/722
f 639/1721/1154 611/1035/734 606/1023/722
f 640/1719/1152 634/1722/1155 602/1014/713
f 638/368/206 612/1013/712 635/1723/1156
f 637/1724/207 611/1035/734 636/1725/1157
f 612/1013/712 634/1722/1155 635/1723/1156
f 638/1726/1158 604/1310/947 646/1727/1159
f 604/1310/947 645/1728/1160 646/1727/1159
f 593/1312/949 630/1729/714 645/1728/1160
f 631/1730/723 618/373/211 73/1352/989
f 633/1731/731 595/1315/952 644/1732/1161
f 644/1732/1161 23/33/33 643/1733/1162
f 23/33/33 639/1734/1163 643/1733/1162
f 642/1735/1164 2391/1/1 597/3/3
f 597/3/3 625/1736/1165 642/1735/1164
f 621/61/59 626/1737/720 624/1738/1166
f 600/4/4 628/1739/1167 599/5/5
f 641/1740/1168 601/1316/953 640/1741/1169
f 601/1316/953 634/1742/1155 640/1741/1169
f 2392/43/42 636/1743/1170 639/1734/1163
f 607/1307/944 635/1744/1156 603/1325/962
f 608/36/36 636/1745/1170 28/37/37
f 635/1744/1156 610/1320/957 603/1325/962
f 594/1311/948 632/1746/1171 619/60/58
f 619/60/58 631/1730/723 73/1352/989
f 74/372/210 630/1729/714 13/1313/950
f 599/5/5 627/1747/1172 622/1371/1008
f 627/1747/1172 75/1354/991 622/1371/1008
f 598/1314/951 623/1748/1173 625/1736/1165
f 620/1343/980 624/1738/1166 623/1748/1173
f 2754/1049/745 694/1749/1174 656/1036/735
f 662/90/88 1002/378/216 2393/64/62
f 697/1750/1175 693/1751/1176 660/1046/742
f 693/1751/1176 665/1752/767 660/1046/742
f 694/1749/1174 688/1753/1177 656/1036/735
f 692/376/214 666/1037/736 689/1754/1178
f 691/1755/1179 665/1752/767 690/1756/1180
f 666/1037/736 688/1753/1177 689/1754/1178
f 692/1757/230 658/1377/1014 700/1758/1181
f 658/1377/1014 699/1759/233 700/1758/1181
f 648/1379/1016 684/1760/769 699/1759/233
f 685/1761/788 672/381/219 170/1420/1056
f 687/1762/753 650/1382/1019 698/1763/751
f 698/1763/751 122/99/97 697/1764/1182
f 122/99/97 693/1765/1183 697/1764/1182
f 696/1766/754 2393/64/62 651/66/64
f 651/66/64 679/1767/755 696/1766/754
f 675/121/119 680/1768/740 678/1769/773
f 654/67/65 682/1770/1184 653/68/66
f 695/1771/1185 655/1383/1020 694/1772/1174
f 655/1383/1020 688/1773/1177 694/1772/1174
f 2399/447/265 690/1774/1186 693/1765/1183
f 661/1374/1011 689/1775/1178 657/1392/1029
f 662/90/88 690/1776/1186 127/91/89
f 689/1775/1178 664/1387/1024 657/1392/1029
f 649/1378/1015 686/1777/1187 673/120/118
f 673/120/118 685/1761/788 170/1420/1056
f 171/380/218 684/1760/769 112/1380/1017
f 653/68/66 681/1778/738 676/1439/1075
f 681/1778/738 172/1422/1058 676/1439/1075
f 652/1381/1018 677/1779/763 679/1767/755
f 674/1411/1047 678/1769/773 677/1779/763
f 2756/1066/759 749/1780/1188 711/1060/756
f 717/149/88 1071/386/181 2401/125/122
f 752/1781/1182 748/1782/1189 715/1082/766
f 748/1782/1189 720/1083/767 715/1082/766
f 749/1780/1188 743/1783/1177 711/1060/756
f 747/384/214 721/1061/757 744/1784/1178
f 746/1785/234 720/1083/767 745/1786/1186
f 721/1061/757 743/1783/1177 744/1784/1178
f 747/1787/230 713/1445/1014 755/1788/1181
f 713/1445/1014 754/1789/233 755/1788/1181
f 702/1448/1080 739/1790/769 754/1789/233
f 740/1791/788 727/389/219 268/1490/1056
f 742/1792/753 704/1451/1019 753/1793/751
f 753/1793/751 220/160/141 752/1794/1190
f 220/160/141 748/1795/1189 752/1794/1190
f 751/1796/778 2401/125/122 706/124/64
f 706/124/64 734/1797/755 751/1796/778
f 730/181/119 735/1798/771 733/1799/773
f 709/127/124 737/1800/1184 708/128/125
f 750/1801/1191 710/1452/1020 749/1802/1174
f 710/1452/1020 743/1803/1177 749/1802/1174
f 2400/159/140 745/1804/1180 748/1795/1189
f 716/1442/1011 744/1805/1178 712/1461/1029
f 717/149/88 745/1806/1180 225/150/134
f 744/1805/1178 719/1456/1024 712/1461/1029
f 703/1447/1015 741/1807/1192 728/180/118
f 728/180/118 740/1791/788 268/1490/1056
f 269/388/218 739/1790/769 209/1449/1017
f 708/128/125 736/1808/738 731/1509/1102
f 736/1808/738 270/1492/1058 731/1509/1102
f 707/1450/1018 732/1809/763 734/1797/755
f 729/1481/1047 733/1799/773 732/1809/763
f 773/1099/775 804/1810/1193 765/1084/735
f 771/394/226 1140/395/181 2408/184/122
f 807/1811/1182 803/1812/1189 769/1098/774
f 803/1812/1189 775/1813/767 769/1098/774
f 804/1810/1193 798/1814/1194 765/1084/735
f 802/392/225 776/1085/768 799/1815/1178
f 801/1816/222 775/1813/767 800/1817/1195
f 776/1085/768 798/1814/1194 799/1815/1178
f 802/1818/230 767/1515/1014 810/1819/1196
f 767/1515/1014 809/1820/233 810/1819/1196
f 757/1518/1016 794/1821/769 809/1820/233
f 795/1822/743 782/398/219 367/1561/1056
f 797/1823/753 759/1521/1019 808/1824/1197
f 808/1824/1197 318/207/157 807/1825/1190
f 318/207/157 803/1826/1189 807/1825/1190
f 806/1827/754 2408/184/122 760/186/64
f 760/186/64 789/1828/755 806/1827/754
f 785/240/119 790/1829/771 788/1830/773
f 763/187/124 792/1831/1184 762/188/66
f 805/1832/1185 764/1522/1020 804/1833/1198
f 764/1522/1020 798/1834/1194 804/1833/1198
f 2407/206/156 800/1835/1186 803/1826/1189
f 770/1512/1011 799/1836/1178 766/1531/1029
f 771/394/226 800/1837/1186 323/1541/162
f 799/1836/1178 774/1526/1024 766/1531/1029
f 758/1517/1015 796/1838/1192 783/239/118
f 783/239/118 795/1822/743 367/1561/1056
f 368/397/218 794/1821/769 307/1519/1104
f 762/188/66 791/1839/738 786/1580/1102
f 791/1839/738 369/1563/1058 786/1580/1102
f 761/1520/1018 787/1840/747 789/1828/755
f 784/1552/1047 788/1830/773 787/1840/747
f 858/1841/1199 830/1842/1200 824/1843/1201
f 862/1844/1182 858/1841/1199 824/1843/1201
f 859/1845/1193 853/1846/1194 820/1108/780
f 857/401/225 831/1109/757 854/1847/1178
f 856/1848/1202 830/1842/1200 855/1849/1186
f 831/1109/757 853/1846/1194 854/1847/1178
f 857/1850/1203 822/1586/1014 865/1851/1196
f 822/1586/1014 864/1852/233 865/1851/1196
f 812/1589/1016 849/1853/231 864/1852/233
f 850/1854/743 837/405/219 466/1629/1056
f 852/1855/753 814/1592/1126 863/1856/777
f 863/1856/777 416/266/177 862/1857/1182
f 416/266/177 858/1858/1199 862/1857/1182
f 861/1859/790 435/243/122 815/245/170
f 815/245/170 844/1860/755 861/1859/790
f 840/301/186 845/1861/783 843/1862/748
f 818/246/124 847/1863/1184 817/247/66
f 860/1864/1185 819/1593/1020 859/1865/1198
f 819/1593/1020 853/1866/1194 859/1865/1198
f 2414/265/176 855/1867/1186 858/1858/1199
f 825/1583/1011 854/1868/1178 821/1602/1029
f 826/279/182 855/1869/1186 421/280/183
f 854/1868/1178 829/1597/1024 821/1602/1029
f 813/1588/1015 851/1870/1192 838/300/185
f 838/300/185 850/1854/743 466/1629/1056
f 467/404/218 849/1853/231 406/1590/1104
f 817/247/66 846/1871/738 841/1649/1102
f 846/1871/738 468/1631/1058 841/1649/1102
f 816/1591/1018 842/1872/763 844/1860/755
f 839/1620/1133 843/1862/748 842/1872/763
f 913/1873/1189 885/1874/1200 878/1138/795
f 917/1875/1190 913/1873/1189 878/1138/795
f 914/1876/1188 908/1877/1194 874/1131/756
f 912/408/230 886/1132/736 909/1878/1204
f 911/1879/234 885/1874/1200 910/1880/1205
f 886/1132/736 908/1877/1194 909/1878/1204
f 912/1881/230 876/1655/1014 920/1882/1181
f 876/1655/1014 919/1883/233 920/1882/1181
f 866/1657/1080 904/1884/769 919/1883/233
f 905/1885/788 892/415/219 565/1698/1056
f 907/1886/753 868/1660/1143 918/1887/751
f 918/1887/751 515/341/195 917/1888/1190
f 515/341/195 913/1889/1183 917/1888/1190
f 916/1890/790 535/304/62 869/306/188
f 869/306/188 899/1891/755 916/1890/790
f 895/363/119 900/1892/1206 898/1893/1207
f 872/307/124 902/1894/1208 871/308/125
f 915/1895/1185 873/1661/1020 914/1896/1193
f 873/1661/1020 908/1897/1194 914/1896/1193
f 2420/340/194 910/1898/1180 913/1889/1183
f 879/1652/1142 909/1899/1178 875/1670/1029
f 880/330/193 910/1900/1180 520/331/134
f 909/1899/1178 884/1665/1024 875/1670/1029
f 867/1656/1015 906/1901/1192 893/362/185
f 893/362/185 905/1885/788 565/1698/1056
f 566/414/218 904/1884/769 505/1658/1017
f 871/308/125 901/1902/1209 896/1717/1102
f 901/1902/1209 567/1700/1058 896/1717/1102
f 870/1659/1018 897/1903/763 899/1891/755
f 894/1689/1047 898/1893/1207 897/1903/763
f 90/8/8 959/1904/1210 78/1369/1006
f 89/50/48 962/416/235 961/13/13
f 959/1904/1210 2426/1351/988 78/1369/1006
f 958/1905/1211 8/1317/954 924/1906/1212
f 85/418/237 958/1905/1211 957/419/238
f 942/1907/1213 2429/1908/1214 963/432/251
f 956/417/236 72/47/45 965/54/52
f 933/425/244 608/36/36 67/38/38
f 2429/1908/1214 927/1909/1215 964/1910/1216
f 953/435/254 954/428/247 947/427/246
f 2426/1351/988 930/1911/1217 2427/1350/987
f 961/13/13 960/1912/1218 90/8/8
f 2427/1350/987 929/1913/1219 2428/431/250
f 963/432/251 929/1913/1219 942/1907/1213
f 964/1910/1216 926/1914/1220 2430/1348/985
f 2431/1336/973 926/1914/1220 925/1915/1221
f 2431/1336/973 924/1906/1212 8/1317/954
f 959/1904/1210 967/1916/1222 966/1917/1223
f 941/424/243 2392/43/42 921/35/35
f 931/1918/1224 966/1917/1223 968/1919/1225
f 970/1920/1226 962/416/235 969/1921/1227
f 969/1921/1227 10/49/47 971/1922/1228
f 956/417/236 973/1923/1229 972/1924/1230
f 923/45/43 972/1924/1230 974/1925/1231
f 976/1926/1232 958/1905/1211 975/1927/1233
f 975/1927/1233 924/1906/1212 977/1928/1234
f 936/1929/1235 981/1930/1236 989/1931/1237
f 937/1932/1238 989/1931/1237 974/1933/1239
f 951/423/242 976/434/253 952/421/240
f 988/1934/1240 938/1935/1241 977/1936/1234
f 940/1937/1242 987/1938/1243 982/1939/1244
f 988/1934/1240 987/1938/1243 939/422/241
f 986/1940/1245 928/1941/1246 980/1942/1247
f 944/1943/1248 985/1944/1249 968/1945/1250
f 943/429/248 986/1940/1245 985/1944/1249
f 954/428/247 967/437/256 970/1946/1226
f 984/1947/1251 945/1948/1252 971/1949/1253
f 983/1950/1254 946/1951/1255 984/1947/1251
f 948/1952/1256 982/1939/1244 979/1953/1257
f 981/1930/1236 949/1954/1258 978/1955/1259
f 980/1942/1247 948/1952/1256 979/1953/1257
f 949/1954/1258 983/1950/1254 978/1955/1259
f 49/1340/977 964/1910/1216 20/1349/986
f 20/1349/986 964/1910/1216 2430/1348/985
f 937/1932/1238 935/1956/1260 936/1929/1235
f 939/422/241 952/421/240 938/1935/1241
f 951/423/242 935/1956/1260 950/1957/1261
f 945/1948/1252 947/427/246 955/426/245
f 943/429/248 940/1937/1242 948/1952/1256
f 953/435/254 943/429/248 944/1943/1248
f 947/427/246 943/429/248 953/435/254
f 49/1340/977 963/432/251 2429/1908/1214
f 947/427/246 949/1954/1258 935/1956/1260
f 947/427/246 935/1956/1260 939/422/241
f 943/429/248 948/1952/1256 928/1941/1246
f 978/1958/1259 933/425/244 67/38/38
f 942/1907/1213 979/1959/1262 934/1960/1263
f 941/424/243 978/1961/1259 67/44/38
f 979/1959/1262 927/1909/1215 934/1960/1263
f 38/370/208 984/1962/1251 932/2/2
f 38/370/208 933/425/244 983/1963/1264
f 932/2/2 971/1922/1228 10/49/47
f 970/1920/1226 960/1912/1218 961/13/13
f 968/1919/1225 930/1911/1217 931/1918/1224
f 930/1911/1217 986/1964/1245 929/1913/1219
f 929/1913/1219 980/1965/1265 942/1907/1213
f 982/1966/1244 926/1914/1220 927/1909/1215
f 987/1967/1243 925/1915/1221 926/1914/1220
f 925/1915/1221 977/1928/1234 924/1906/1212
f 973/1923/1229 957/419/238 976/1926/1232
f 974/1925/1231 922/34/34 923/45/43
f 989/1968/1266 921/35/35 922/34/34
f 975/433/252 938/1935/1241 952/421/240
f 981/1969/1236 941/424/243 921/35/35
f 974/1933/1239 950/1957/1261 937/1932/1238
f 972/1970/1230 951/423/242 950/1957/1261
f 955/426/245 971/1949/1253 945/1948/1252
f 954/428/247 969/1971/1267 955/426/245
f 966/436/255 944/1943/1248 968/1945/1250
f 187/71/69 1027/1972/1268 175/1437/1073
f 1029/76/74 186/110/108 1030/438/257
f 1027/1972/1268 2432/1419/1055 175/1437/1073
f 1026/1973/1269 107/1384/1021 993/1974/1270
f 1025/441/260 182/440/259 1026/1973/1269
f 2435/1975/1271 1009/1976/1272 1003/1977/1273
f 1024/439/258 169/107/105 1033/114/112
f 1034/89/87 1002/378/216 662/90/88
f 1019/448/266 1018/457/275 1007/445/264
f 1013/444/263 1020/459/277 1021/452/270
f 2435/1975/1271 996/1978/1274 1032/1979/1275
f 1013/444/263 1019/448/266 1007/445/264
f 2432/1419/1055 999/1980/1276 2433/1418/1054
f 1028/1981/1277 187/71/69 1029/76/74
f 2433/1418/1054 998/1982/1278 2434/454/272
f 1031/455/273 998/1982/1278 1009/1976/1272
f 1032/1979/1275 995/1983/1279 2436/1416/1052
f 995/1983/1279 2437/1404/1040 2436/1416/1052
f 2437/1404/1040 993/1974/1270 107/1384/1021
f 1027/1972/1268 1036/1984/304 1035/1985/278
f 1000/1986/1280 1035/1985/278 1037/1987/1281
f 1039/1988/1282 1030/438/257 1038/1989/1283
f 1038/1989/1283 109/109/107 1040/1990/1284
f 1024/439/258 1042/1991/1285 1041/1992/1286
f 992/105/103 1041/1992/1286 1043/1993/1287
f 1045/1994/276 1026/1973/1269 1044/1995/274
f 1044/1995/274 993/1974/1270 1046/1996/1288
f 1004/1997/1289 1050/1998/1290 1058/1999/1291
f 1005/2000/1292 1058/1999/1291 1043/2001/1293
f 1017/450/268 1045/458/276 1018/457/275
f 1057/2002/1294 1006/2003/1295 1046/2004/1296
f 1008/2005/1297 1056/2006/1298 1051/2007/1299
f 1057/2002/1294 1056/2006/1298 1007/445/264
f 1055/2008/1300 997/2009/1301 1049/2010/1302
f 1010/2011/1303 1054/2012/1304 1037/2013/1305
f 1023/443/262 1055/2008/1300 1054/2012/1304
f 1021/452/270 1036/461/279 1039/2014/1282
f 1053/2015/1306 1011/2016/1307 1040/2017/1308
f 1052/2018/1309 1012/2019/1310 1053/2015/1306
f 1014/2020/1311 1051/2007/1299 1048/2021/1312
f 1050/1998/1290 1015/2022/1313 1047/2023/1314
f 1049/2010/1302 1014/2020/1311 1048/2021/1312
f 1015/2022/1313 1052/2018/1309 1047/2023/1314
f 147/1408/1044 1032/1979/1275 119/1417/1053
f 119/1417/1053 1032/1979/1275 2436/1416/1052
f 1005/2000/1292 1019/448/266 1004/1997/1289
f 1007/445/264 1018/457/275 1006/2003/1295
f 1011/2016/1307 1013/444/263 1022/451/269
f 997/2009/1301 1007/445/264 1014/2020/1311
f 1020/459/277 1023/443/262 1010/2011/1303
f 1013/444/263 1015/2022/1313 1019/448/266
f 1008/2005/1297 1014/2020/1311 1007/445/264
f 147/1408/1044 1031/455/273 2435/1975/1271
f 1052/2024/1315 1034/89/87 1047/2025/1314
f 1009/1976/1272 1048/2026/1316 1003/1977/1273
f 1050/2027/1317 1034/446/87 990/101/99
f 1048/2026/1316 996/1978/1274 1003/1977/1273
f 1002/378/216 1053/2028/1318 1001/65/63
f 1001/65/63 1040/1990/1284 109/109/107
f 1039/1988/1282 1028/1981/1277 1029/76/74
f 1037/1987/1281 999/1980/1276 1000/1986/1280
f 999/1980/1276 1055/2029/1300 998/1982/1278
f 998/1982/1278 1049/2030/1319 1009/1976/1272
f 1051/2031/1299 995/1983/1279 996/1978/1274
f 1056/2032/1320 994/2033/1321 995/1983/1279
f 994/2033/1321 1046/1996/1288 993/1974/1270
f 1042/1991/1285 1025/441/260 1045/1994/276
f 1043/1993/1287 991/100/98 992/105/103
f 1058/2034/1291 990/101/99 991/100/98
f 1044/456/274 1006/2003/1295 1018/457/275
f 1043/2001/1293 1016/449/267 1005/2000/1292
f 1041/2035/1322 1017/450/268 1016/449/267
f 1022/451/269 1040/2017/1308 1011/2016/1307
f 1021/452/270 1038/2036/1283 1022/451/269
f 1035/460/278 1010/2011/1303 1037/2013/1305
f 285/131/127 1097/2037/1323 273/1507/1073
f 284/170/145 1100/462/257 1099/136/130
f 2438/1489/1097 1097/2037/1323 1069/2038/1324
f 1096/2039/1325 204/1473/1085 1062/2040/1326
f 1095/465/282 280/464/281 1096/2039/1325
f 2441/2041/1327 1080/2042/1328 1072/2043/1329
f 1103/174/149 1094/463/280 267/167/105
f 1104/151/135 1071/386/181 717/149/88
f 1073/468/285 1089/479/275 1077/469/286
f 2441/2041/1327 1065/2044/1330 1102/2045/1331
f 1090/481/293 1091/2046/1332 1093/467/284
f 2438/1489/1097 1068/2047/1333 2439/1488/1096
f 1099/136/130 1098/2048/1334 285/131/127
f 2439/1488/1096 1067/2049/1335 2440/476/291
f 1067/2049/1335 1101/477/292 2440/476/291
f 1102/2045/1331 1064/2050/1336 2442/1486/1094
f 2443/1474/1086 1064/2050/1336 1063/2051/1337
f 204/1473/1085 1063/2051/1337 1062/2040/1326
f 1097/2037/1323 1106/2052/304 1105/2053/278
f 1079/470/287 2400/159/140 1059/161/142
f 1069/2038/1324 1105/2053/278 1107/2054/1281
f 1109/2055/1282 1100/462/257 1108/2056/1283
f 1108/2056/1283 206/169/107 1110/2057/1284
f 1094/463/280 1112/2058/1338 1111/2059/1286
f 1061/165/144 1111/2059/1286 1113/2060/1293
f 1115/2061/276 1096/2039/1325 1114/2062/274
f 1114/2062/274 1062/2040/1326 1116/2063/1296
f 1074/2064/1339 1120/2065/1340 1128/2066/1341
f 1075/2067/1342 1128/2066/1341 1113/2068/1293
f 1088/473/268 1115/480/276 1089/479/275
f 1127/2069/1294 1076/2070/1343 1116/2071/1288
f 1078/2072/1297 1126/2073/1298 1121/2074/1299
f 1127/2069/1294 1126/2073/1298 1077/469/286
f 1125/2075/1300 1066/2076/1301 1119/2077/1319
f 1081/2078/1303 1124/2079/1304 1107/2080/1305
f 1093/467/284 1125/2075/1300 1124/2079/1304
f 1091/2046/1332 1106/483/294 1109/2081/1282
f 1123/2082/1306 1082/2083/1344 1110/2084/1308
f 1122/2085/1315 1083/2086/1345 1123/2082/1306
f 1085/2087/1311 1121/2074/1299 1118/2088/1316
f 1120/2065/1340 1086/2089/1313 1117/2090/1346
f 1119/2077/1319 1085/2087/1311 1118/2088/1316
f 1086/2089/1313 1122/2085/1315 1117/2090/1346
f 245/1478/1089 1102/2045/1331 216/1487/1095
f 216/1487/1095 1102/2045/1331 2442/1486/1094
f 1075/2067/1342 1073/468/285 1074/2064/1339
f 1077/469/286 1089/479/275 1076/2070/1343
f 1082/2083/1344 1084/474/289 1092/2091/1347
f 1091/2046/1332 1084/474/289 1093/467/284
f 1066/2076/1301 1077/469/286 1085/2087/1311
f 1090/481/293 1093/467/284 1081/2078/1303
f 1078/2072/1297 1085/2087/1311 1077/469/286
f 1084/474/289 1086/2089/1313 1073/468/285
f 245/1478/1089 1101/477/292 2441/2041/1327
f 1122/2092/1315 1104/151/135 1117/2093/1348
f 1080/2042/1328 1118/2094/1316 1072/2043/1329
f 1079/470/287 1117/2095/1348 1104/471/135
f 1118/2094/1316 1065/2044/1330 1072/2043/1329
f 1071/386/181 1123/2096/1306 1070/126/123
f 1070/126/123 1110/2057/1284 206/169/107
f 1109/2055/1282 1098/2048/1334 1099/136/130
f 1107/2054/1281 1068/2047/1333 1069/2038/1324
f 1068/2047/1333 1125/2097/1349 1067/2049/1335
f 1067/2049/1335 1119/2098/1350 1080/2042/1328
f 1121/2099/1299 1064/2050/1336 1065/2044/1330
f 1126/2100/1298 1063/2051/1337 1064/2050/1336
f 1063/2051/1337 1116/2063/1296 1062/2040/1326
f 1112/2058/1338 1095/465/282 1115/2061/276
f 1113/2060/1293 1060/1446/1079 1061/165/144
f 1128/2101/1341 1059/161/142 1060/1446/1079
f 1114/478/274 1076/2070/1343 1089/479/275
f 1120/2102/1340 1079/470/287 1059/161/142
f 1113/2068/1293 1087/472/288 1075/2067/1342
f 1111/2103/1286 1088/473/268 1087/472/288
f 1092/2091/1347 1110/2084/1308 1082/2083/1344
f 1091/2046/1332 1108/2104/1283 1092/2091/1347
f 1105/482/278 1081/2078/1303 1107/2080/1305
f 384/191/127 1165/2105/1351 372/1578/1123
f 1167/196/74 383/229/145 1168/484/257
f 2444/1560/1119 1165/2105/1351 1138/2106/1324
f 1164/2107/1352 302/1544/1107 1132/2108/1353
f 379/486/281 1164/2107/1352 1163/487/282
f 1147/2109/1354 2447/2110/1355 1169/497/299
f 1171/233/165 1162/485/295 366/226/105
f 340/1542/163 1140/395/181 771/394/226
f 1156/489/285 1155/502/275 1145/2111/1356
f 1161/493/296 1157/504/303 1158/494/270
f 1160/2112/1357 1156/489/285 1145/2111/1356
f 2447/2110/1355 1134/2113/1358 1170/2114/1359
f 2444/1560/1119 1137/2115/1360 2445/1559/1118
f 1167/196/74 1166/2116/1277 384/191/127
f 2445/1559/1118 1136/2117/1361 2446/496/298
f 1136/2117/1361 1169/497/299 2446/496/298
f 1170/2114/1359 1193/499/301 2448/1557/1116
f 2448/1557/1116 1133/498/300 2449/1545/1108
f 302/1544/1107 1133/498/300 1132/2108/1353
f 1165/2105/1351 1173/2118/304 1172/2119/278
f 1138/2106/1324 1172/2119/278 1174/2120/1305
f 1176/2121/1282 1168/484/257 1175/2122/1283
f 1175/2122/1283 304/228/107 1177/2123/1308
f 1162/485/295 1179/2124/1338 1178/2125/1286
f 1131/224/103 1178/2125/1286 1180/2126/1293
f 1182/2127/276 1164/2107/1352 1181/2128/274
f 1181/2128/274 1132/2108/1353 1183/2129/1296
f 1142/2130/1362 1187/2131/1363 1195/2132/1364
f 1143/2133/1292 1195/2132/1364 1180/2134/1293
f 1154/491/268 1182/503/276 1155/502/275
f 1194/2135/302 1144/2136/1343 1183/2137/1296
f 1146/2138/1365 1193/2139/301 1188/2140/1366
f 1194/2135/302 1193/2139/301 1145/2111/1356
f 1192/2141/1349 1135/2142/1367 1186/2143/1319
f 1148/2144/1303 1191/2145/1304 1174/2146/1305
f 1160/2112/1357 1192/2141/1349 1191/2145/1304
f 1158/494/270 1173/506/304 1176/2147/1282
f 1190/2148/1318 1149/2149/1368 1177/2150/1284
f 1189/2151/1309 1150/2152/1310 1190/2148/1318
f 1151/2153/1311 1188/2140/1366 1185/2154/1316
f 1187/2131/1363 1152/2155/1313 1184/2156/1369
f 1186/2143/1319 1151/2153/1311 1185/2154/1316
f 1152/2155/1313 1189/2151/1309 1184/2156/1369
f 344/1549/1112 1170/2114/1359 314/1558/1117
f 314/1558/1117 1170/2114/1359 2448/1557/1116
f 1143/2133/1292 1156/489/285 1142/2130/1362
f 1145/2111/1356 1155/502/275 1144/2136/1343
f 1149/2149/1368 1161/493/296 1159/492/269
f 1160/2112/1357 1146/2138/1365 1151/2153/1311
f 1157/504/303 1160/2112/1357 1148/2144/1303
f 1161/493/296 1152/2155/1313 1156/489/285
f 344/1549/1112 1169/497/299 2447/2110/1355
f 1160/2112/1357 1151/2153/1311 1135/2142/1367
f 1189/2157/1309 340/1542/163 1184/2158/1369
f 1147/2109/1354 1185/2159/1316 1141/2160/1370
f 1187/2161/1363 340/216/163 1129/208/158
f 1185/2159/1316 1134/2113/1358 1141/2160/1370
f 1140/395/181 1190/2162/1306 1139/185/63
f 1139/185/63 1177/2123/1308 304/228/107
f 1176/2121/1282 1166/2116/1277 1167/196/74
f 1174/2120/1305 1137/2115/1360 1138/2106/1324
f 1137/2115/1360 1192/2163/1349 1136/2117/1361
f 1136/2117/1361 1186/2164/1319 1147/2109/1354
f 1133/498/300 1183/2129/1296 1132/2108/1353
f 1193/499/301 1134/2113/1358 1188/2165/1366
f 1179/2124/1338 1163/487/282 1182/2127/276
f 1180/2126/1293 1130/1516/1103 1131/224/103
f 1195/2166/1371 1129/208/158 1130/1516/1103
f 1181/501/274 1144/2136/1343 1155/502/275
f 1180/2134/1293 1153/490/267 1143/2133/1292
f 1178/2167/1286 1154/491/268 1153/490/267
f 1159/492/269 1177/2150/1284 1149/2149/1368
f 1158/494/270 1175/2168/1283 1159/492/269
f 1172/505/278 1148/2144/1303 1174/2146/1305
f 483/250/172 1233/2169/1351 471/1647/1140
f 482/290/145 1236/507/257 1235/255/130
f 1233/2169/1351 2450/1628/1097 471/1647/1140
f 1232/2170/1269 401/1594/1127 1199/2171/1372
f 478/509/305 1232/2170/1269 1231/510/260
f 1216/2172/1373 2453/2173/1374 1237/521/311
f 1239/294/165 1230/508/280 465/287/105
f 460/281/184 1208/277/181 826/279/182
f 2453/2173/1374 1202/2174/1375 1238/2175/1376
f 1226/524/313 1227/2176/270 1229/518/284
f 2450/1628/1097 1205/2177/1377 2451/1627/1054
f 1235/255/130 1234/2178/1277 483/250/172
f 2451/1627/1054 1204/2179/1378 2452/520/310
f 1237/521/311 1204/2179/1378 1216/2172/1373
f 1238/2175/1376 1201/2180/1379 2454/1625/1137
f 2455/1613/1130 1201/2180/1379 1200/2181/1380
f 2455/1613/1130 1199/2171/1372 401/1594/1127
f 1233/2169/1351 1241/2182/304 1240/2183/278
f 1206/2184/1324 1240/2183/278 1242/2185/1281
f 1244/2186/1282 1236/507/257 1243/2187/1283
f 1243/2187/1283 403/289/107 1245/2188/1284
f 1230/508/280 1247/2189/1285 1246/2190/1286
f 1198/285/103 1246/2190/1286 1248/2191/1293
f 1250/2192/312 1232/2170/1269 1249/2193/274
f 1249/2193/274 1199/2171/1372 1251/2194/1296
f 1211/2195/1381 1255/2196/1382 1263/2197/1371
f 1212/2198/1342 1263/2197/1371 1248/2199/1293
f 1224/514/307 1250/523/312 1225/512/275
f 1262/2200/1383 1213/2201/1343 1251/2202/1288
f 1215/2203/1297 1261/2204/1320 1256/2205/1299
f 1262/2200/1383 1261/2204/1320 1214/2206/1384
f 1260/2207/1385 1203/2208/1386 1254/2209/1350
f 1217/2210/1303 1259/2211/1387 1242/2212/1305
f 1229/518/284 1260/2207/1385 1259/2211/1387
f 1227/2176/270 1241/526/314 1244/2213/1282
f 1258/2214/1388 1218/2215/1389 1245/2216/1284
f 1257/2217/1390 1219/2218/1345 1258/2214/1388
f 1221/2219/1311 1256/2205/1299 1253/2220/1312
f 1255/2196/1382 1222/2221/1391 1252/2222/1392
f 1254/2209/1350 1221/2219/1311 1253/2220/1312
f 1222/2221/1391 1257/2217/1390 1252/2222/1392
f 442/1617/1132 1238/2175/1376 413/1626/1138
f 413/1626/1138 1238/2175/1376 2454/1625/1137
f 1212/2198/1342 1210/513/306 1211/2195/1381
f 1214/2206/1384 1225/512/275 1213/2201/1343
f 1225/512/275 1214/2206/1384 1210/513/306
f 1218/2215/1389 1220/517/308 1228/2223/1347
f 1227/2176/270 1220/517/308 1229/518/284
f 1203/2208/1386 1214/2206/1384 1221/2219/1311
f 1226/524/313 1229/518/284 1217/2210/1303
f 1215/2203/1297 1221/2219/1311 1214/2206/1384
f 1220/517/308 1222/2221/1391 1210/513/306
f 442/1617/1132 1237/521/311 2453/2173/1374
f 1210/513/306 1214/2206/1384 1229/518/284
f 1257/2224/1393 460/281/184 1252/2225/1392
f 1216/2172/1373 1253/2226/1316 1209/2227/1394
f 1255/2228/1363 460/515/184 1196/267/158
f 1253/2226/1316 1202/2174/1375 1209/2227/1394
f 1208/277/181 1258/2229/1395 1207/244/169
f 1207/244/169 1245/2188/1284 403/289/107
f 1244/2186/1282 1234/2178/1277 1235/255/130
f 1242/2185/1281 1205/2177/1377 1206/2184/1324
f 1205/2177/1377 1260/2230/1349 1204/2179/1378
f 1204/2179/1378 1254/2231/1319 1216/2172/1373
f 1256/2232/1396 1201/2180/1379 1202/2174/1375
f 1261/2233/1298 1200/2181/1380 1201/2180/1379
f 1200/2181/1380 1251/2194/1296 1199/2171/1372
f 1247/2189/1285 1231/510/260 1250/2192/312
f 1248/2191/1293 1197/1587/1125 1198/285/103
f 1263/2234/1364 1196/267/158 1197/1587/1125
f 1249/522/274 1213/2201/1343 1225/512/275
f 1248/2199/1293 1223/516/288 1212/2198/1342
f 1246/2235/1286 1224/514/307 1223/516/288
f 1228/2223/1347 1245/2216/1284 1218/2215/1389
f 1227/2176/270 1243/2236/1283 1228/2223/1347
f 1240/525/278 1217/2210/1303 1242/2212/1305
f 582/311/127 1300/2237/1397 570/1715/1073
f 1302/316/74 581/352/145 1303/527/257
f 2456/1697/1119 1300/2237/1397 1273/2238/1398
f 1299/2239/1269 500/1662/1127 1267/2240/1399
f 1298/530/260 577/529/315 1299/2239/1269
f 2459/2241/1400 1283/2242/1328 1276/2243/1401
f 1306/356/149 1297/528/280 564/349/105
f 530/329/192 1275/338/181 880/330/193
f 2459/2241/1400 1269/2244/1402 1305/2245/1403
f 1293/546/303 1294/537/320 1296/533/318
f 2456/1697/1119 1272/2246/1360 2457/1696/1118
f 1301/2247/1334 582/311/127 1302/316/74
f 2457/1696/1118 1271/2248/1335 2458/539/322
f 1271/2248/1335 1304/540/323 2458/539/322
f 1305/2245/1403 1328/542/325 2460/1694/1148
f 2460/1694/1148 1268/541/324 2461/1682/1145
f 2461/1682/1145 1267/2240/1399 500/1662/1127
f 1300/2237/1397 1308/2249/294 1307/2250/278
f 1273/2238/1398 1307/2250/278 1309/2251/1404
f 1311/2252/1282 1303/527/257 1310/2253/1283
f 1310/2253/1283 502/351/199 1312/2254/1284
f 1297/528/280 1314/2255/1338 1313/2256/1286
f 1266/347/198 1313/2256/1286 1315/2257/1293
f 1317/2258/276 1299/2239/1269 1316/2259/274
f 1316/2259/274 1267/2240/1399 1318/2260/1288
f 1278/2261/1405 1322/2262/1406 1330/2263/1407
f 1279/2264/1408 1330/2263/1407 1315/2265/1287
f 1291/534/319 1317/545/276 1292/532/317
f 1329/2266/1409 1280/2267/1410 1318/2268/1411
f 1282/2269/1412 1328/2270/325 1323/2271/1413
f 1329/2266/1409 1328/2270/325 1281/2272/1414
f 1327/2273/1415 1270/2274/1416 1321/2275/1302
f 1285/2276/1417 1326/2277/1418 1309/2278/1281
f 1284/2279/1419 1327/2273/1415 1326/2277/1418
f 1294/537/320 1308/548/279 1311/2280/1282
f 1325/2281/1395 1286/2282/1420 1312/2283/1284
f 1324/2284/1390 1287/2285/1421 1325/2281/1395
f 1288/2286/1422 1323/2271/1413 1320/2287/1316
f 1322/2262/1406 1289/2288/1313 1319/2289/1423
f 1321/2275/1302 1288/2286/1422 1320/2287/1316
f 1289/2288/1313 1324/2284/1390 1319/2289/1423
f 542/1686/1146 1305/2245/1403 512/1695/1149
f 512/1695/1149 1305/2245/1403 2460/1694/1148
f 1279/2264/1408 1277/2290/1424 1278/2261/1405
f 1281/2272/1414 1292/532/317 1280/2267/1410
f 1292/532/317 1281/2272/1414 1296/533/318
f 1290/2291/1425 1296/533/318 1277/2290/1424
f 1286/2282/1420 1296/533/318 1295/536/269
f 1281/2272/1414 1288/2286/1422 1296/533/318
f 1293/546/303 1284/2279/1419 1285/2276/1417
f 1296/533/318 1284/2279/1419 1293/546/303
f 1296/533/318 1289/2288/1313 1277/2290/1424
f 1284/2279/1419 1288/2286/1422 1270/2274/1416
f 542/1686/1146 1304/540/323 2459/2241/1400
f 1324/2292/1426 530/329/192 1319/2293/1427
f 1283/2242/1328 1320/2294/1316 1276/2243/1401
f 1322/2295/1406 530/535/192 1264/342/158
f 1320/2294/1316 1269/2244/1402 1276/2243/1401
f 1275/338/181 1325/2296/1395 1274/305/169
f 1274/305/169 1312/2254/1284 502/351/199
f 1311/2252/1282 1301/2247/1334 1302/316/74
f 1309/2251/1404 1272/2246/1360 1273/2238/1398
f 1272/2246/1360 1327/2297/1300 1271/2248/1335
f 1271/2248/1335 1321/2298/1319 1283/2242/1328
f 1268/541/324 1318/2260/1288 1267/2240/1399
f 1328/542/325 1269/2244/1402 1323/2299/1413
f 1314/2255/1338 1298/530/260 1317/2258/276
f 1315/2257/1293 1265/343/196 1266/347/198
f 1330/2300/1407 1264/342/158 1265/343/196
f 1316/544/274 1280/2267/1410 1292/532/317
f 1315/2265/1287 1290/2291/1425 1279/2264/1408
f 1313/2301/1286 1291/534/319 1290/2291/1425
f 1295/536/269 1312/2283/1284 1286/2282/1420
f 1294/537/320 1310/2302/1283 1295/536/269
f 1307/547/278 1285/2276/1417 1309/2278/1281
f 1798/2303/1428 2348/2304/1429 2347/2305/1430
f 1798/2303/1428 2346/551/328 1789/550/327
f 1791/2306/1431 2345/562/339 1426/561/338
f 1792/552/329 1346/569/346 1793/571/348
f 1791/2306/1431 1426/561/338 1349/578/355
f 1402/594/371 1392/574/351 1390/592/369
f 2343/2307/1432 1795/2308/1433 1794/2309/1434
f 1400/2310/1435 1405/555/332 1404/595/372
f 2342/2311/1436 1796/2312/1437 1795/2308/1433
f 2066/2313/1438 2344/2314/394 1422/579/356
f 1345/2315/1439 1361/2316/1440 1364/2317/1441
f 2340/751/480 1796/2312/1437 2341/752/481
f 1368/2318/1442 1337/2319/1443 1353/2320/1444
f 1427/572/349 1355/553/330 1800/576/353
f 1372/2321/1445 1340/2322/1446 1342/2323/1447
f 1797/2324/1448 2348/2304/1429 1799/2325/1449
f 1335/2326/1450 1369/2327/1451 1357/2328/1452
f 1370/2329/1453 1356/2330/1454 1331/2331/1455
f 1797/2332/1448 2340/751/480 2349/2333/1456
f 1421/587/364 2048/2334/1457 2047/588/365
f 1402/594/371 1431/593/370 1389/564/341
f 2048/2334/1457 2360/2335/1458 2049/2336/1459
f 2359/2337/1460 2049/2336/1459 2360/2335/1458
f 1397/583/360 1404/595/372 1414/580/357
f 2052/2338/1461 2357/2339/1462 2356/2340/1463
f 1406/556/333 1333/2341/1464 1334/2342/1465
f 1364/2317/1441 1362/2343/1466 1363/2344/1467
f 1399/584/361 1418/2345/1468 1400/2310/1435
f 1363/2344/1467 1344/2346/1469 1335/2326/1450
f 1371/560/337 1347/2347/1470 1348/558/335
f 1430/567/344 2354/589/366 1336/2348/1471
f 1350/2349/1472 1331/2331/1455 1347/2347/1470
f 1429/586/363 1391/2350/1473 1438/565/342
f 2345/562/339 1790/2351/1474 1803/596/373
f 1345/2315/1439 1429/586/363 1438/565/342
f 1367/2352/1475 1353/2320/1444 1352/2353/1476
f 1336/2348/1471 1352/2353/1476 1333/2341/1464
f 1366/2354/1477 1354/2355/1478 1365/2356/1479
f 1341/2357/1480 1369/2358/1451 1337/2319/1443
f 1365/2356/1479 1354/2355/1478 1334/2342/1465
f 1805/2359/1481 2343/2307/1432 1794/2309/1434
f 1342/2323/1447 1356/2360/1454 1359/2361/1482
f 1433/2362/1483 1356/2330/1454 1436/2363/1484
f 1434/2364/1485 1352/2353/1476 1353/2320/1444
f 1333/2341/1464 1352/2353/1476 1439/2365/1486
f 2053/2366/1487 2356/2340/1463 2355/2367/1488
f 2354/589/366 2053/2366/1487 2355/2367/1488
f 1438/565/342 1348/558/335 1437/2368/1489
f 2055/2369/1490 1346/569/346 1351/554/331
f 1437/2368/1489 1347/2347/1470 1432/2370/1491
f 2358/2371/1492 2050/2372/1493 2359/2337/1460
f 1358/2373/1494 2066/2313/1438 2058/2374/1495
f 2358/2375/1492 2067/2376/1496 2057/2377/1497
f 1344/2346/1469 1436/2363/1484 1369/2327/1451
f 1365/2356/1479 1333/2341/1464 1439/2365/1486
f 1366/2354/1477 1439/2365/1486 1434/2364/1485
f 1361/2316/1440 1432/2370/1491 1362/2343/1466
f 1437/2368/1489 1361/2316/1440 1438/565/342
f 2056/577/354 1358/2373/1494 2058/2374/1495
f 1802/2378/1498 1410/2379/1499 1393/2380/1500
f 1411/599/376 1396/2381/1501 1804/2382/1502
f 1382/2383/1503 1332/2384/1504 1375/2385/1505
f 1386/2386/1506 1342/2323/1447 1377/2387/1507
f 1378/2388/1508 1360/2389/1509 1343/753/482
f 1373/2390/1510 2346/551/328 1379/2391/1511
f 2347/2305/1430 1379/2391/1511 2346/551/328
f 1374/2392/1512 1354/2355/1478 1383/2393/1513
f 1372/2321/1445 1383/2393/1513 1354/2355/1478
f 1375/2385/1505 1360/2394/1509 1388/2395/1514
f 1410/2379/1499 1431/593/370 1390/592/369
f 1376/2396/1515 1382/2383/1503 1375/2385/1505
f 1411/599/376 1414/580/357 1415/581/358
f 1381/2397/1516 1370/2329/1453 1350/2349/1472
f 1386/2386/1506 1378/2388/1508 1385/2398/1517
f 1385/2398/1517 1343/753/482 2341/752/481
f 1377/2387/1507 1388/2399/1514 1378/2388/1508
f 1377/2387/1507 1359/2361/1482 1387/2400/1518
f 1373/2390/1510 1371/560/337 1338/559/336
f 1373/2390/1510 1379/2391/1511 1380/2401/1519
f 1381/2397/1516 1379/2391/1511 1382/2383/1503
f 1380/2401/1519 1350/2349/1472 1371/560/337
f 1384/2402/1520 2343/2307/1432 1374/2392/1512
f 1383/2393/1513 1384/2402/1520 1374/2392/1512
f 1383/2393/1513 1385/2398/1517 1384/2402/1520
f 1384/2402/1520 2341/752/481 2342/2311/1436
f 1376/2396/1515 1388/2395/1514 1387/2403/1518
f 1376/2396/1515 1359/2404/1482 1370/2329/1453
f 1424/2405/1521 1357/2328/1452 1419/2406/1522
f 1390/592/369 1428/573/350 1403/582/359
f 1389/564/341 1391/2350/1473 1402/594/371
f 1367/2352/1475 2354/589/366 2355/2367/1488
f 1368/2318/1442 2355/2367/1488 1423/2407/1523
f 1336/2348/1471 1406/556/333 1430/567/344
f 1401/568/345 1406/556/333 1405/555/332
f 1400/2310/1435 1397/583/360 1399/584/361
f 1425/2408/1524 1335/2326/1450 1424/2405/1521
f 2361/2409/1525 1363/2344/1467 1425/2408/1524
f 1356/2360/1454 1435/2410/1526 1436/2411/1484
f 1435/2410/1526 1353/2320/1444 1337/2319/1443
f 1432/2370/1491 1331/2331/1455 1433/2362/1483
f 1436/2411/1484 1337/2319/1443 1369/2358/1451
f 1340/2322/1446 1434/2364/1485 1435/2410/1526
f 2083/2412/1527 1346/569/346 2055/2369/1490
f 1362/2343/1466 1433/2362/1483 1344/2346/1469
f 1410/2379/1499 1803/596/373 1393/2380/1500
f 2344/2314/394 1349/578/355 1422/579/356
f 1404/595/372 1405/555/332 1398/557/334
f 1373/2390/1510 1394/2413/1528 1339/549/326
f 1394/2413/1528 1407/2414/1529 1802/2378/1498
f 1412/2415/1530 2343/2307/1432 1805/2359/1481
f 1415/581/358 1805/2359/1481 1396/2381/1501
f 1411/599/376 1395/570/347 1413/598/375
f 1408/597/374 1390/592/369 1403/582/359
f 1409/2416/1531 1338/559/336 1389/564/341
f 1409/2416/1531 1431/593/370 1407/2414/1529
f 1334/2342/1465 1412/2415/1530 1406/556/333
f 1412/2415/1530 1398/557/334 1406/556/333
f 1357/2417/1452 1420/2418/1532 1419/2419/1522
f 1413/598/375 1397/583/360 1414/580/357
f 1341/2357/1480 1423/2407/1523 1420/2418/1532
f 1421/587/364 1364/2317/1441 2361/2409/1525
f 1401/568/345 1418/2345/1468 1417/566/343
f 1391/2350/1473 1416/575/352 1392/574/351
f 2322/761/489 1890/2420/1533 2323/2421/1534
f 2322/761/489 1892/2422/1535 1891/2423/1536
f 1892/2422/1535 1443/2424/1537 1868/2425/1538
f 1893/2426/1431 2320/608/339 1492/607/382
f 1895/2427/329 1505/614/388 1864/616/348
f 1893/2426/1431 1492/607/382 1471/624/355
f 1528/630/397 1895/2427/329 1542/629/330
f 1451/2428/1539 1449/618/391 1450/611/385
f 2318/2429/1540 1896/2430/1541 1862/2431/1434
f 1457/2432/1542 1455/2433/1543 1456/640/406
f 1462/602/379 1455/2433/1543 1461/600/377
f 2126/2434/1544 2319/623/394 1524/625/356
f 2316/763/491 1896/2430/1541 2317/764/492
f 1466/2435/1545 1464/2436/1546 1465/2437/1547
f 2316/763/491 1899/2438/1548 1897/2439/1549
f 1474/2440/1550 1472/2441/1443 1473/2442/1444
f 1478/2443/1551 1476/2444/1446 1477/2445/1447
f 1903/2446/1552 2323/2421/1534 1890/2420/1533
f 1484/2447/1450 1482/2448/1451 1483/2449/1452
f 1488/2450/1453 1486/2451/1454 1487/2452/1455
f 1903/2453/1552 2315/2454/1553 2324/2455/1456
f 2115/636/403 2373/2456/1554 2131/2457/1555
f 1451/2428/1539 1490/2458/1556 1500/612/386
f 2131/2457/1555 2372/2459/1557 2130/2460/1558
f 2371/2461/1559 2130/2460/1558 2372/2459/1557
f 1499/631/398 1456/640/406 1537/626/357
f 2129/2462/1560 2369/2463/1462 2368/2464/1561
f 1462/602/379 1463/601/378 1519/2465/1562
f 1457/2432/1542 1503/2466/1563 1460/2467/1564
f 1868/2425/1538 1443/2424/1537 1442/2468/1565
f 1465/2437/1547 1506/2469/1466 1507/2470/1566
f 1505/614/388 1503/2466/1563 1504/632/399
f 1507/2470/1566 1485/2471/1469 1484/2447/1450
f 1509/2472/1567 1459/2473/1568 1508/797/518
f 1510/2474/1569 1508/797/518 2366/637/404
f 1469/605/381 1512/2475/1470 1467/603/335
f 1511/2476/1472 1487/2452/1455 1512/2475/1470
f 1513/799/520 1448/2477/1570 1491/613/387
f 2320/608/339 1866/2478/1571 1865/641/407
f 1466/2435/1545 1513/799/520 1491/613/387
f 1515/2479/1572 1473/2442/1444 1514/2480/1476
f 1510/2474/1569 1514/2480/1476 1463/601/378
f 1479/2481/1573 1517/2482/1574 1518/2483/1479
f 1475/2484/1480 1482/2485/1451 1472/2441/1443
f 1518/2483/1479 1517/2482/1574 1519/2465/1562
f 1861/2486/1575 2318/2429/1540 1862/2431/1434
f 1477/2445/1447 1486/2487/1454 1489/2488/1576
f 1521/2489/1483 1486/2451/1454 1520/2490/1484
f 1523/2491/1485 1514/2480/1476 1473/2442/1444
f 1463/601/378 1514/2480/1476 1522/2492/1486
f 2128/2493/1577 2368/2464/1561 2367/2494/1578
f 2367/2494/1578 2113/639/405 2128/2493/1577
f 1491/613/387 1467/603/335 1526/2495/1489
f 2111/2496/1490 1505/614/388 1528/630/397
f 1526/2495/1489 1512/2475/1470 1527/2497/1491
f 2370/2498/1579 2127/2499/1493 2371/2461/1559
f 2126/2434/1544 1445/2500/1580 2319/623/394
f 2370/2501/1579 2120/2502/1496 2121/2503/1497
f 1485/2471/1469 1520/2490/1484 1482/2448/1451
f 1518/2483/1479 1463/601/378 1522/2492/1486
f 1479/2481/1573 1522/2492/1486 1523/2491/1485
f 1464/2436/1546 1527/2497/1491 1506/2469/1466
f 1526/2495/1489 1464/2436/1546 1491/613/387
f 2118/622/354 1445/2500/1580 2119/2504/1581
f 1867/2505/1498 1536/2506/1582 1444/2507/1500
f 1531/647/376 1441/2508/1583 1863/2509/1584
f 1539/2510/1585 1480/2511/1586 1532/2512/1587
f 1543/2513/1506 1477/2445/1447 1533/2514/1507
f 1544/2515/1588 1447/2516/1589 1446/2517/1590
f 1548/2518/1591 2321/760/488 1534/2519/1592
f 1481/762/490 1534/2519/1592 2321/760/488
f 1551/645/410 1517/2482/1574 1535/2520/1593
f 1478/2443/1551 1535/2520/1593 1517/2482/1574
f 1532/2512/1587 1447/2521/1589 1546/2522/1514
f 1530/2523/1594 1452/610/384 1536/2506/1582
f 1540/2524/1515 1539/2510/1585 1532/2512/1587
f 1531/647/376 1537/626/357 1538/628/396
f 1541/2525/1595 1488/2450/1453 1511/2476/1472
f 1543/2513/1506 1544/2515/1588 1545/2526/1596
f 1545/2526/1596 1446/2517/1590 1470/765/493
f 1533/2514/1507 1546/2527/1514 1544/2515/1588
f 1533/2514/1507 1489/2488/1576 1547/2528/1597
f 1549/2529/1598 1548/2518/1591 1534/2519/1592
f 1550/2530/1599 1469/605/381 1468/604/380
f 1541/2525/1595 1534/2519/1592 1539/2510/1585
f 1549/2529/1598 1511/2476/1472 1469/605/381
f 1551/645/410 1552/2531/1600 1553/646/411
f 1553/646/411 2317/764/492 2318/2429/1540
f 1535/2520/1593 1545/2526/1596 1552/2531/1600
f 1552/2531/1600 1470/765/493 2317/764/492
f 1540/2524/1515 1546/2522/1514 1547/2532/1597
f 1540/2524/1515 1489/2533/1576 1488/2450/1453
f 1501/2534/1521 1483/2449/1452 1502/2535/1601
f 1450/611/385 1516/617/390 1495/609/383
f 1500/612/386 1448/2477/1570 1451/2428/1539
f 1515/2479/1572 2366/637/404 1529/2536/1602
f 1474/2440/1550 1529/2536/1602 1497/2537/1603
f 1509/2472/1567 1463/601/378 1461/600/377
f 1454/2538/1604 1461/600/377 1455/2433/1543
f 1504/632/399 1456/640/406 1499/631/398
f 1525/2539/1605 1484/2447/1450 1501/2534/1521
f 1494/2540/1606 1507/2470/1566 1525/2539/1605
f 1486/2487/1454 1554/2541/1607 1520/2542/1484
f 1554/2541/1607 1473/2442/1444 1472/2441/1443
f 1527/2497/1491 1487/2452/1455 1521/2489/1483
f 1520/2542/1484 1472/2441/1443 1482/2485/1451
f 1476/2444/1446 1523/2491/1485 1554/2541/1607
f 2110/2543/1608 1505/614/388 2111/2496/1490
f 1506/2469/1466 1521/2489/1483 1485/2471/1469
f 1490/2458/1556 1450/611/385 1452/610/384
f 1456/640/406 1455/2433/1543 1453/627/395
f 1536/2506/1582 1865/641/407 1444/2507/1500
f 1443/2424/1537 1557/2544/1609 1442/2468/1565
f 1442/2468/1565 1530/2523/1594 1867/2505/1498
f 1556/644/409 2318/2429/1540 1861/2486/1575
f 1538/628/396 1861/2486/1575 1441/2508/1583
f 1531/647/376 1440/615/389 1558/643/375
f 1555/642/408 1452/610/384 1495/609/383
f 1557/2544/1609 1548/2518/1591 1550/2530/1599
f 1557/2544/1609 1468/604/380 1500/612/386
f 1557/2544/1609 1490/2458/1556 1530/2523/1594
f 1551/645/410 1462/602/379 1519/2465/1562
f 1556/644/409 1453/627/395 1462/602/379
f 1483/2545/1452 1498/2546/1532 1502/2547/1601
f 1558/643/375 1499/631/398 1537/626/357
f 1475/2484/1480 1497/2537/1603 1498/2546/1532
f 1493/635/402 1465/2437/1547 1494/2540/1606
f 1454/2538/1604 1460/2467/1564 1459/2473/1568
f 1448/2477/1570 1458/619/392 1449/618/391
f 2334/770/489 1955/2548/1533 2333/2549/1534
f 2334/770/489 1957/2550/1610 1956/2551/1536
f 1957/2550/1610 1562/2552/1537 1933/2553/1611
f 1958/2554/1431 2326/659/339 1613/658/338
f 1960/648/329 1626/665/419 1929/667/348
f 1958/2554/1431 1613/658/338 1591/2555/1612
f 1571/2556/1613 1569/669/420 1570/662/385
f 2328/2557/1614 1961/2558/1541 1927/2559/1615
f 1577/2560/1616 1575/2561/1617 1576/688/406
f 1582/653/379 1575/2561/1617 1581/651/377
f 1645/2562/356 2195/2563/1544 2327/2564/394
f 2330/772/491 1961/2558/1541 2329/773/492
f 1586/2565/1545 1584/2566/1440 1585/2567/1547
f 2330/772/491 1964/2568/1618 1962/2569/1549
f 1594/2570/1619 1592/2571/1443 1593/2572/1444
f 1598/2573/1551 1596/2574/1446 1597/2575/1620
f 1968/2576/1448 2333/2549/1534 1955/2548/1533
f 1604/2577/1450 1602/2578/1451 1603/2579/1452
f 1608/2580/1453 1606/2581/1454 1607/2582/1455
f 1968/2583/1448 2331/2584/1553 2332/2585/1456
f 1621/663/417 1571/2556/1613 1610/2586/1621
f 2184/684/403 2385/2587/1554 2200/2588/1622
f 1611/678/423 1621/663/417 1612/664/418
f 2200/2588/1622 2384/2589/1623 2199/2590/1624
f 2383/2591/1559 2199/2590/1624 2384/2589/1623
f 1620/679/398 1576/688/406 1657/674/357
f 2198/2592/1560 2381/2593/1462 2380/2594/1625
f 1582/653/379 1583/652/378 1640/2595/1562
f 1577/2560/1616 1624/2596/1563 1580/2597/1564
f 1933/2553/1611 1562/2552/1537 1561/2598/1565
f 1585/2567/1547 1627/2599/1466 1628/2600/1626
f 1626/665/419 1624/2596/1563 1625/680/399
f 1628/2600/1626 1605/2601/1469 1604/2577/1450
f 1630/2602/1567 1579/2603/1568 1629/812/518
f 1631/2604/1569 1629/812/518 2378/685/404
f 1589/656/415 1633/2605/1627 1587/654/335
f 1632/2606/1472 1607/2582/1455 1633/2605/1627
f 1634/814/520 1568/677/422 1612/664/418
f 2326/659/339 1931/2607/1474 1930/689/373
f 1586/2565/1545 1634/814/520 1612/664/418
f 1636/2608/1628 1593/2572/1444 1635/2609/1476
f 1631/2604/1569 1635/2609/1476 1583/652/378
f 1599/2610/1477 1638/2611/1574 1639/2612/1479
f 1595/2613/1629 1602/2614/1451 1592/2571/1443
f 1639/2612/1479 1638/2611/1574 1640/2595/1562
f 1926/2615/1630 2328/2557/1614 1927/2559/1615
f 1597/2575/1620 1606/2616/1454 1609/2617/1576
f 1642/2618/1631 1606/2581/1454 1641/2619/1484
f 1644/2620/1632 1635/2609/1476 1593/2572/1444
f 1583/652/378 1635/2609/1476 1643/2621/1486
f 2197/2622/1577 2380/2594/1625 2379/2623/1578
f 2379/2623/1578 2182/687/405 2197/2622/1577
f 1612/664/418 1587/654/335 1647/2624/1633
f 2180/2625/1490 1626/665/419 1567/650/413
f 1647/2624/1633 1633/2605/1627 1648/2626/1491
f 2382/2627/1579 2196/2628/1493 2383/2591/1559
f 2195/2563/1544 1564/2629/1580 2327/2564/394
f 2382/2630/1579 2189/2631/1496 2190/2632/1497
f 1605/2601/1469 1641/2619/1484 1602/2578/1451
f 1639/2612/1479 1583/652/378 1643/2621/1486
f 1599/2610/1477 1643/2621/1486 1644/2620/1632
f 1584/2566/1440 1648/2626/1491 1627/2599/1466
f 1647/2624/1633 1584/2566/1440 1612/664/418
f 2187/673/354 1564/2629/1580 2188/2633/1581
f 1932/2634/1498 1656/2635/1582 1563/2636/1500
f 1651/695/376 1560/2637/1634 1928/2638/1635
f 1659/2639/1636 1600/2640/1586 1652/2641/1587
f 2327/2564/394 1591/2555/1612 1645/2562/356
f 1663/2642/1506 1597/2575/1620 1653/2643/1507
f 1664/2644/1588 1566/2645/1509 1565/2646/1590
f 1668/2647/1591 2325/769/488 1654/2648/1592
f 1613/658/338 1645/2562/356 1591/2555/1612
f 1601/771/495 1654/2648/1592 2325/769/488
f 1671/693/410 1638/2611/1574 1655/2649/1593
f 1598/2573/1551 1655/2649/1593 1638/2611/1574
f 1652/2641/1587 1566/2650/1509 1666/2651/1514
f 1650/2652/1637 1572/661/384 1656/2635/1582
f 1660/2653/1515 1659/2639/1636 1652/2641/1587
f 1651/695/376 1657/674/357 1658/676/421
f 1661/2654/1595 1608/2580/1453 1632/2606/1472
f 1663/2642/1506 1664/2644/1588 1665/2655/1596
f 1617/671/393 1662/649/412 1959/672/353
f 1665/2655/1596 1565/2646/1590 1590/774/493
f 1653/2643/1507 1666/2656/1514 1664/2644/1588
f 1653/2643/1507 1609/2617/1576 1667/2657/1597
f 1669/2658/1598 1668/2647/1591 1654/2648/1592
f 1670/2659/1638 1589/656/415 1588/655/414
f 1661/2654/1595 1654/2648/1592 1659/2639/1636
f 1669/2658/1598 1632/2606/1472 1589/656/415
f 1671/693/410 1672/2660/1639 1673/694/411
f 1673/694/411 2329/773/492 2328/2557/1614
f 1655/2649/1593 1665/2655/1596 1672/2660/1639
f 1672/2660/1639 1590/774/493 2329/773/492
f 1660/2653/1515 1666/2651/1514 1667/2661/1597
f 1660/2653/1515 1609/2662/1576 1608/2580/1453
f 1622/2663/1521 1603/2579/1452 1623/2664/1601
f 1570/662/385 1637/668/390 1616/660/383
f 1636/2608/1628 2378/685/404 1649/2665/1602
f 1568/677/422 1571/2556/1613 1611/678/423
f 1594/2570/1619 1649/2665/1602 1618/2666/1603
f 1630/2602/1567 1583/652/378 1581/651/377
f 1574/2667/1640 1581/651/377 1575/2561/1617
f 1625/680/399 1576/688/406 1620/679/398
f 1646/2668/1605 1604/2577/1450 1622/2663/1521
f 1615/2669/1641 1628/2600/1626 1646/2668/1605
f 1606/2616/1454 1674/2670/1607 1641/2671/1484
f 1674/2670/1607 1593/2572/1444 1592/2571/1443
f 1648/2626/1491 1607/2582/1455 1642/2618/1631
f 1641/2671/1484 1592/2571/1443 1602/2614/1451
f 1596/2574/1446 1644/2620/1632 1674/2670/1607
f 2179/2672/1608 1626/665/419 2180/2625/1490
f 1627/2599/1466 1642/2618/1631 1605/2601/1469
f 1610/2586/1621 1570/662/385 1572/661/384
f 1576/688/406 1575/2561/1617 1573/675/395
f 1656/2635/1582 1930/689/373 1563/2636/1500
f 1562/2552/1537 1677/2673/1609 1561/2598/1565
f 1561/2598/1565 1650/2652/1637 1932/2634/1498
f 1676/692/409 2328/2557/1614 1926/2615/1630
f 1658/676/421 1926/2615/1630 1560/2637/1634
f 1651/695/376 1559/666/389 1678/691/375
f 1675/690/408 1572/661/384 1616/660/383
f 1677/2673/1609 1668/2647/1591 1670/2659/1638
f 1677/2673/1609 1588/655/414 1621/663/417
f 1677/2673/1609 1610/2586/1621 1650/2652/1637
f 1671/693/410 1582/653/379 1640/2595/1562
f 1676/692/409 1573/675/395 1582/653/379
f 1603/2674/1452 1619/2675/1532 1623/2676/1601
f 1678/691/375 1620/679/398 1657/674/357
f 1595/2613/1629 1618/2666/1603 1619/2675/1532
f 1614/683/402 1585/2567/1547 1615/2669/1641
f 1574/2667/1640 1580/2597/1564 1579/2603/1568
f 1568/677/422 1578/670/392 1569/669/420
f 1993/2677/1642 2338/778/499 1994/2678/1643
f 1993/2677/1642 1698/2679/1644 1697/779/500
f 2337/713/442 1980/2680/1645 1981/711/440
f 1983/2681/1646 1684/707/436 1982/719/448
f 2336/734/463 1987/697/426 1988/2682/1647
f 1984/717/446 2249/705/434 1983/2681/1646
f 1741/2683/1648 1752/702/431 1753/746/475
f 1755/745/474 1749/715/444 1747/743/472
f 1989/2684/1649 1702/2685/1650 1681/2686/1651
f 1702/2685/1650 1990/2687/1652 1703/2688/1653
f 1755/745/474 1780/744/473 1748/708/437
f 1693/2689/1654 1709/2690/1655 1682/2691/1656
f 1990/2687/1652 2335/2692/1657 1703/2688/1653
f 1695/2693/1658 1720/2694/1659 1718/2695/1660
f 1716/2696/1661 1687/2697/1662 1689/2698/1663
f 1721/2699/1664 1688/2700/1665 1714/2701/1666
f 1992/2702/1667 2338/778/499 2339/2703/1668
f 1683/2704/1669 1717/2705/1670 1692/2706/1671
f 1719/2707/1672 1704/2708/1673 1706/2709/1674
f 1992/2710/1667 2335/2692/1657 1995/2711/1675
f 2252/2712/1676 2469/737/466 2251/739/468
f 2252/2712/1676 2470/2713/1677 1770/2714/1678
f 2471/2715/1679 2253/2716/1680 2254/2717/1681
f 2257/2718/1682 2463/2719/1683 2272/2720/1684
f 1751/703/432 1682/2691/1656 1718/2695/1660
f 1739/732/461 1753/746/475 1759/726/455
f 1712/2721/1685 1710/2722/1686 1709/2690/1655
f 1711/2723/1687 1692/2706/1671 1710/2722/1686
f 1778/740/469 1750/2724/1688 1788/710/439
f 1686/2725/1689 1778/740/469 1788/710/439
f 1720/2694/1659 1694/2726/1690 1696/2727/1691
f 1696/2727/1691 1679/2728/1692 1719/2707/1672
f 1715/2729/1693 1700/2730/1694 1716/2696/1661
f 2336/734/463 1988/2682/1647 1998/748/477
f 1777/721/450 2469/737/466 1693/2689/1654
f 1686/2725/1689 1699/2731/1695 1715/2729/1693
f 1701/724/453 1714/2701/1666 1713/723/452
f 1742/733/462 1765/2732/1696 1741/2683/1648
f 1689/2698/1663 1717/2733/1670 1705/2734/1697
f 1690/2735/1698 1704/2736/1673 1688/2700/1665
f 1704/2708/1673 1782/2737/1699 1785/2738/1700
f 1699/2731/1695 1783/2739/1701 1700/2730/1694
f 1787/2740/1702 1699/2731/1695 1788/710/439
f 2258/2741/1703 2464/2742/1704 2257/2718/1682
f 1776/741/470 2258/2741/1703 2259/742/471
f 1695/2693/1658 1682/2691/1656 1786/2743/1705
f 2261/698/427 2336/734/463 2260/2744/591
f 1694/2726/1690 1786/2743/1705 1781/2745/1706
f 2462/2746/1707 2254/2717/1681 2264/2747/1708
f 2262/729/458 2263/2748/1709 1772/728/457
f 2272/2720/1684 2462/2749/1707 2264/2750/1708
f 2271/699/428 1985/701/430 1707/731/460
f 1785/2738/1700 1692/2706/1671 1717/2705/1670
f 1788/710/439 1713/723/452 1787/2740/1702
f 1787/2740/1702 1714/2701/1666 1783/2739/1701
f 1781/2745/1706 1709/2690/1655 1710/2722/1686
f 1682/2691/1656 1709/2690/1655 1786/2743/1705
f 1757/750/479 1744/2751/1710 1997/2752/1711
f 1772/728/457 2263/2748/1709 1707/731/460
f 1999/2753/1712 1763/2754/1713 1745/2755/1714
f 1731/2756/1715 1680/780/501 1697/779/500
f 1735/2757/1716 1690/2735/1698 1721/2699/1664
f 1727/2758/1717 1708/2759/1718 1737/2760/1719
f 1728/2761/1720 2337/713/442 1722/2762/1721
f 1728/2761/1720 1697/779/500 1698/2679/1644
f 1721/2699/1664 1732/725/454 1735/2757/1716
f 1724/2763/1722 1708/2764/1718 1680/780/501
f 1763/2754/1713 1780/744/473 1747/743/472
f 1757/750/479 1759/726/455 1758/727/456
f 1731/2756/1715 1725/2765/1723 1724/2763/1722
f 1730/2766/1724 1719/2707/1672 1725/2765/1723
f 1726/2767/1725 1734/2768/1726 1727/2758/1717
f 1734/2768/1726 1691/2769/1727 1727/2758/1717
f 1726/2767/1725 1737/2760/1719 1736/2770/1728
f 1726/2767/1725 1706/2771/1674 1690/2735/1698
f 1722/2762/1721 1720/2694/1659 1729/2772/1729
f 1729/2772/1729 1728/2761/1720 1722/2762/1721
f 1729/2772/1729 1731/2756/1715 1728/2761/1720
f 1729/2772/1729 1696/2727/1691 1730/2766/1724
f 1723/2773/1730 1702/2685/1650 1733/2774/1731
f 1732/725/454 1685/709/438 1723/2773/1730
f 1723/2773/1730 1733/2774/1731 1732/725/454
f 1735/2757/1716 1733/2774/1731 1734/2768/1726
f 1733/2774/1731 1703/2688/1653 1734/2768/1726
f 1725/2765/1723 1737/2775/1719 1724/2763/1722
f 1725/2765/1723 1706/2709/1674 1736/2776/1728
f 1705/2777/1697 1773/2778/1732 1768/2779/1733
f 1741/2683/1648 1739/732/461 1742/733/462
f 1693/2689/1654 1751/703/432 1777/721/450
f 1740/722/451 1751/703/432 1752/702/431
f 1776/741/470 1715/2729/1693 1775/2780/1734
f 1775/2780/1734 1716/2696/1661 1771/2781/1735
f 1748/708/437 1750/2724/1688 1755/745/474
f 1747/743/472 1779/714/443 1754/735/464
f 1683/2704/1669 1774/2782/1736 1773/2778/1732
f 1711/2723/1687 1770/2714/1678 1774/2782/1736
f 1784/2783/1737 1704/2736/1673 1785/2784/1700
f 1700/2730/1694 1784/2783/1737 1687/2697/1662
f 1679/2728/1692 1781/2745/1706 1782/2737/1699
f 1687/2697/1662 1785/2784/1700 1717/2733/1670
f 1783/2739/1701 1688/2700/1665 1784/2783/1737
f 2260/2744/591 2336/734/463 2466/825/540
f 1782/2737/1699 1710/2722/1686 1692/2706/1671
f 1757/750/479 1743/718/447 1760/747/476
f 1753/746/475 1752/702/431 1738/704/433
f 1756/2785/1738 2337/713/442 1996/712/441
f 1758/727/456 1996/712/441 1744/2751/1710
f 1723/2773/1730 1746/2786/1739 1681/2686/1651
f 1746/2786/1739 1762/2787/1740 1999/2753/1712
f 1763/2754/1713 1998/748/477 1745/2755/1714
f 1718/2695/1660 1756/2785/1738 1751/703/432
f 1760/747/476 1739/732/461 1759/726/455
f 1756/2785/1738 1738/704/433 1751/703/432
f 1764/2788/1741 1780/744/473 1762/2787/1740
f 1764/2788/1741 1723/2773/1730 1685/709/438
f 1685/709/438 1748/708/437 1764/2788/1741
f 1761/749/478 1747/743/472 1754/735/464
f 1769/2789/1742 1705/2734/1697 1768/2790/1733
f 1771/2781/1735 1689/2698/1663 1769/2789/1742
f 1712/2721/1685 2469/737/466 1770/2714/1678
f 1750/2724/1688 1767/716/445 1749/715/444
f 1740/722/451 1765/2732/1696 1766/720/449
f 1842/992/694 1831/2791/1743 1850/995/696
f 1332/2384/1504 2349/2792/1456 1360/2394/1509
f 1822/2793/1744 1798/2303/1428 1831/2794/1743
f 1828/2795/1745 1823/2796/1746 1843/1009/709
f 1798/2303/1428 1830/2797/1747 1831/2794/1743
f 1789/550/327 1814/2798/1748 1830/2797/1747
f 1812/2799/1749 1393/2380/1500 1816/2800/1750
f 1817/2801/1751 1791/2306/1431 1829/2802/1752
f 1829/2802/1752 1349/578/355 1828/2803/1753
f 1349/578/355 1823/2804/1746 1828/2803/1753
f 1820/2805/485 1355/553/330 1827/2806/1754
f 1826/2807/1755 1355/553/330 1792/552/329
f 1792/552/329 1808/2808/1756 1826/2807/1755
f 1804/2382/1502 1810/2809/635 1806/2810/1757
f 1811/2811/1758 1795/2308/1433 1825/2812/1759
f 1825/2812/1759 1796/2312/1437 1824/2813/1760
f 1796/2312/1437 1819/2814/1761 1824/2813/1760
f 2344/2314/394 1821/2815/1762 1823/2804/1746
f 1799/2325/1449 1818/2816/1763 1797/2324/1448
f 1800/576/353 1821/2815/1762 1358/2373/1494
f 1818/2817/1763 1801/2818/1764 1797/2332/1448
f 1815/2819/1765 1790/2351/1474 1817/2801/1751
f 1816/2800/1750 1803/596/373 1815/2819/1765
f 1813/2820/699 1339/549/326 1394/2413/1528
f 1813/2820/699 1802/2378/1498 1812/2799/1749
f 1809/2821/648 1794/2309/1434 1811/2811/1758
f 1396/2381/1501 1809/2821/648 1810/2809/635
f 1793/571/348 1807/2822/1766 1808/2808/1756
f 1806/2810/1757 1395/570/347 1804/2382/1502
f 2752/993/695 1824/2823/1767 1819/2824/1768
f 1823/2796/1746 1841/1010/710 1843/1009/709
f 1822/2825/1744 1840/994/644 1818/2826/1769
f 1820/756/485 1841/1010/710 1821/2827/1770
f 1840/994/644 1819/2824/1768 1818/2826/1769
f 1343/753/482 2349/2333/1456 2340/751/480
f 2348/2304/1429 1332/2384/1504 2347/2305/1430
f 2748/913/619 1851/2828/1771 1852/916/622
f 1470/765/493 2315/2454/1553 2316/763/491
f 1480/2511/1586 2324/2829/1456 1447/2521/1589
f 1876/2830/1772 1873/2831/1773 1875/2832/1774
f 1853/2833/1744 1891/2423/1536 1851/2834/1771
f 1891/2423/1536 1854/2835/1775 1851/2834/1771
f 1892/2422/1535 1856/2836/646 1854/2835/1775
f 1857/2837/1776 1444/2507/1500 1858/2838/1777
f 1869/2839/1751 1893/2426/1431 1870/2840/1778
f 1870/2840/1778 1471/624/355 1873/2841/1773
f 1471/624/355 1875/2842/1774 1873/2841/1773
f 1879/2843/485 1542/629/330 1877/2844/486
f 1880/2845/1779 1542/629/330 1895/2427/329
f 1895/2427/329 1882/2846/1756 1880/2845/1779
f 1863/2509/1584 1884/2847/702 1886/2848/1757
f 1887/2849/1758 1896/2430/1541 1888/2850/1780
f 1888/2850/1780 1897/2439/1549 1898/2851/1781
f 1897/2439/1549 1900/2852/1761 1898/2851/1781
f 2319/623/394 1901/2853/1782 1875/2842/1774
f 1890/2420/1533 1902/2854/1769 1903/2446/1552
f 1894/621/353 1901/2853/1782 1445/2500/1580
f 1902/2855/1769 1899/2438/1548 1903/2453/1552
f 1904/2856/1783 1866/2478/1571 1869/2839/1751
f 1858/2838/1777 1865/641/407 1904/2856/1783
f 1856/2836/646 1442/2468/1565 1905/2857/1784
f 1905/2857/1784 1867/2505/1498 1857/2837/1776
f 1906/2858/633 1862/2431/1434 1887/2849/1758
f 1441/2508/1583 1906/2858/633 1884/2847/702
f 1864/616/348 1907/2859/1785 1882/2846/1756
f 1886/2848/1757 1440/615/389 1863/2509/1584
f 2749/914/620 1898/2860/1760 1900/2861/1786
f 1875/2832/1774 1909/2862/1787 1876/2830/1772
f 1853/2863/1744 1910/915/621 1902/2864/1769
f 1879/759/485 1909/2862/1787 1901/2865/1782
f 1910/915/621 1900/2861/1786 1902/2864/1769
f 1481/762/490 2323/2421/1534 1480/2511/1586
f 1446/2517/1590 2324/2455/1456 2315/2454/1553
f 1917/936/642 1915/2866/1743 1916/939/622
f 1590/774/493 2331/2584/1553 2330/772/491
f 1600/2640/1586 2332/2867/1456 1566/2650/1509
f 1941/2868/1788 1938/2869/1773 1940/2870/1774
f 1918/2871/1744 1956/2551/1536 1915/2872/1771
f 1956/2551/1536 1919/2873/1789 1915/2872/1771
f 1957/2550/1610 1921/2874/646 1919/2873/1789
f 1922/2875/1776 1563/2636/1500 1923/2876/1790
f 1934/2877/1751 1958/2554/1431 1935/2878/1791
f 1935/2878/1791 1591/2555/1612 1938/2879/1773
f 1591/2555/1612 1940/2880/1774 1938/2879/1773
f 1944/2881/485 1662/649/412 1942/2882/486
f 1945/2883/1792 1662/649/412 1960/648/329
f 1960/648/329 1947/2884/1793 1945/2883/1792
f 1928/2638/1635 1949/2885/1794 1951/2886/1757
f 1952/2887/1795 1961/2558/1541 1953/2888/1759
f 1953/2888/1759 1962/2569/1549 1963/2889/1760
f 1962/2569/1549 1965/2890/1761 1963/2889/1760
f 2327/2564/394 1966/2891/1796 1940/2880/1774
f 1955/2548/1533 1967/2892/1763 1968/2576/1448
f 1959/672/353 1966/2891/1796 1564/2629/1580
f 1967/2893/1763 1964/2568/1618 1968/2583/1448
f 1969/2894/1783 1931/2607/1474 1934/2877/1751
f 1923/2876/1790 1930/689/373 1969/2894/1783
f 1921/2874/646 1561/2598/1565 1970/2895/1797
f 1970/2895/1797 1932/2634/1498 1922/2875/1776
f 1971/2896/648 1927/2559/1615 1952/2887/1795
f 1560/2637/1634 1971/2896/648 1949/2885/1794
f 1929/667/348 1972/2897/1766 1947/2884/1793
f 1951/2886/1757 1559/666/389 1928/2638/1635
f 2750/937/643 1963/2898/1781 1965/2899/1798
f 1940/2870/1774 1974/2900/1799 1941/2868/1788
f 1918/2901/1744 1975/938/644 1967/2902/1769
f 1944/768/485 1974/2900/1799 1966/2903/1782
f 1975/938/644 1965/2899/1798 1967/2902/1769
f 1601/771/495 2333/2549/1534 1600/2640/1586
f 1565/2646/1590 2332/2585/1456 2331/2584/1553
f 2038/970/673 2025/2904/1800 2016/2905/1801
f 1680/780/501 2339/2703/1668 2338/778/499
f 2335/2692/1657 1691/2769/1727 1703/2688/1653
f 1993/2677/1642 2016/2906/1801 2025/2907/1802
f 2021/2908/1803 2014/2909/1804 2037/979/681
f 2024/2910/1805 1993/2677/1642 2025/2907/1802
f 2008/2911/1806 1980/2680/1645 2024/2910/1805
f 2006/2912/1807 1997/2752/1711 1744/2751/1710
f 2011/2913/1808 1983/2681/1646 1982/719/448
f 1984/717/446 2023/2914/1809 2022/2915/1810
f 2017/2916/498 1984/717/446 2022/2915/1810
f 1986/696/425 2014/2917/1811 2021/2918/1812
f 2020/2919/1813 1986/696/425 2021/2918/1812
f 2002/2920/1814 1987/697/426 2020/2919/1813
f 2004/2921/1815 1745/2755/1714 2000/2922/686
f 1989/2684/1649 2005/2923/679 2019/2924/1816
f 1990/2687/1652 2019/2924/1816 2018/2925/1817
f 2013/2926/1818 1990/2687/1652 2018/2925/1817
f 1985/701/430 2015/2927/1819 1991/730/459
f 1994/2678/1643 2012/2928/1820 2016/2906/1801
f 1772/728/457 2015/2927/1819 2014/2917/1811
f 1995/2711/1675 2012/2929/1820 1992/2710/1667
f 2009/2930/1821 1982/719/448 1743/718/447
f 2010/2931/1822 1743/718/447 1997/2752/1711
f 2007/2932/682 1981/711/440 2008/2911/1806
f 1744/2751/1710 2007/2932/682 2006/2912/1807
f 1681/2686/1651 2003/2933/1823 2005/2923/679
f 1999/2753/1712 2003/2933/1823 1746/2786/1739
f 2001/2934/1824 1988/2682/1647 2002/2920/1814
f 2000/2922/686 1998/748/477 2001/2934/1824
f 2018/2935/1825 2040/973/675 2039/972/655
f 2034/969/672 2018/2935/1825 2039/972/655
f 2017/777/498 2036/2936/1826 2015/2937/1819
f 2035/971/674 2016/2905/1801 2012/2938/1820
f 2014/2909/1804 2036/2936/1826 2037/979/681
f 2013/2939/1827 2035/971/674 2012/2938/1820
f 1691/2769/1727 2339/2940/1668 1708/2759/1718
f 1418/2345/1468 2083/2412/1527 2352/2941/1828
f 1430/567/344 2082/2942/1829 2353/590/367
f 1346/569/346 2083/2412/1527 1399/584/361
f 1419/2419/1522 2357/2339/1462 2358/2375/1492
f 2351/585/362 1428/573/350 1416/575/352
f 2360/2335/1458 1424/2405/1521 2359/2337/1460
f 2069/781/502 2077/2943/1830 2078/787/508
f 2355/2367/1488 2356/2340/1463 1423/2407/1523
f 2359/2337/1460 1419/2406/1522 2358/2371/1492
f 1425/2408/1524 2360/2335/1458 2361/2409/1525
f 1420/2418/1532 2356/2340/1463 2357/2339/1462
f 1417/566/343 2352/2941/1828 2082/2942/1829
f 2109/784/505 2060/2944/1831 2059/785/506
f 2108/2945/1832 2061/2946/1833 2060/2944/1831
f 2077/2943/1830 2093/794/515 2078/787/508
f 2062/2947/1834 2107/2948/1835 2063/788/509
f 2064/2949/1836 2107/2948/1835 2106/2950/1837
f 2065/789/510 2106/2950/1837 2101/2951/1838
f 2051/2952/1839 2105/2953/1840 2068/2954/1841
f 2068/2954/1841 2104/2955/1842 2069/781/502
f 2104/2955/1842 2070/2956/1843 2069/781/502
f 2085/796/517 2080/783/504 2079/782/503
f 2071/2957/1844 2103/2958/1845 2072/2959/1846
f 2072/2959/1846 2102/2960/1847 2073/791/512
f 2101/2951/1838 2074/790/511 2065/789/510
f 2102/2960/1847 2097/2961/1848 2073/791/512
f 2100/786/507 2075/792/513 2096/2962/1849
f 2074/790/511 2098/2963/1850 2051/2952/1839
f 2097/2961/1848 2075/792/513 2073/791/512
f 2100/2964/507 1422/579/356 2109/2965/505
f 1422/579/356 2108/2966/1832 2109/2965/505
f 2092/2967/1851 1426/561/338 2046/563/340
f 2091/2968/1852 2350/2969/1853 2093/2970/1854
f 2095/2971/1855 2048/2334/1457 2107/2972/1856
f 2048/2334/1457 2106/2973/1857 2107/2972/1856
f 2101/2974/1838 2049/2336/1459 2050/2372/1493
f 2098/2975/1858 2052/2338/1461 2105/2976/1859
f 2105/2976/1859 2053/2366/1487 2104/2977/1842
f 2086/2978/1860 2053/2366/1487 2054/591/368
f 2082/2942/1829 2087/2979/1861 2085/2980/1862
f 2089/2981/1863 1351/554/331 2103/2982/1864
f 2103/2982/1864 1427/572/349 2102/2983/1847
f 2097/2984/1865 1427/572/349 2056/577/354
f 2099/2985/1866 2050/2372/1493 2057/2986/1497
f 2066/2313/1438 2096/2987/1849 2058/2374/1495
f 2061/2946/1833 2059/785/506 2060/2944/1831
f 2065/789/510 2063/788/509 2064/2949/1836
f 2063/788/509 2078/787/508 2062/2947/1834
f 2077/2943/1830 2059/785/506 2076/2988/1867
f 2073/791/512 2071/2957/1844 2072/2959/1846
f 2073/791/512 2080/783/504 2081/2989/1868
f 2051/2952/1839 2063/788/509 2074/790/511
f 2079/782/503 2069/781/502 2070/2956/1843
f 2069/781/502 2051/2952/1839 2068/2954/1841
f 2099/2990/1866 2067/2376/1496 2098/2975/1858
f 2056/577/354 2096/2987/1849 2097/2984/1865
f 2094/793/514 2062/2947/1834 2078/787/508
f 2092/2991/1869 2076/2988/1867 2061/2946/1833
f 2090/2992/1870 2077/2943/1830 2076/2988/1867
f 2081/2989/1868 2089/2993/1871 2071/2957/1844
f 2080/783/504 2088/2994/1872 2081/2989/1868
f 2084/795/516 2070/2956/1843 2086/2995/1873
f 2094/2996/514 2047/588/365 2095/2971/1855
f 2093/2970/1854 1429/586/363 2094/2996/514
f 2090/2997/1874 2046/563/340 2351/585/362
f 2091/2968/1852 2351/585/362 1416/575/352
f 2088/2998/1872 2055/2369/1490 2089/2981/1863
f 2087/2979/1861 2083/2412/1527 2088/2998/1872
f 2054/591/368 2084/2999/1875 2086/2978/1860
f 2085/2980/1862 2353/590/367 2082/2942/1829
f 1460/2467/1564 2110/2543/1608 2364/3000/1876
f 1508/797/518 2112/3001/1877 2365/638/367
f 1505/614/388 2110/2543/1608 1503/2466/1563
f 1458/619/392 2363/633/400 1516/617/390
f 2114/634/401 1513/799/520 1493/635/402
f 1502/2547/1601 2369/2463/1462 2370/2501/1579
f 2123/3002/1878 2133/804/525 2122/807/528
f 1497/2537/1603 2367/2494/1578 2368/2464/1561
f 2133/804/525 2174/809/530 2153/800/521
f 2366/637/404 2367/2494/1578 1529/2536/1602
f 2372/2459/1557 1501/2534/1521 2371/2461/1559
f 2373/2456/1554 1525/2539/1605 2372/2459/1557
f 2371/2461/1559 1502/2535/1601 2370/2498/1579
f 1498/2546/1532 2368/2464/1561 2369/2463/1462
f 1459/2473/1568 2364/3000/1876 2112/3001/1877
f 1494/2540/1606 2373/2456/1554 1493/635/402
f 2132/803/524 2136/3003/1879 2133/804/525
f 2116/3004/1880 1458/619/392 2362/798/519
f 2135/3005/1832 2138/3006/1881 2136/3003/1879
f 2122/807/528 2140/3007/1882 2123/3002/1878
f 2143/3008/1883 2142/3009/1884 2174/809/530
f 2145/3010/1885 2142/3009/1884 2144/3011/1857
f 2147/810/510 2144/3011/1857 2146/3012/1886
f 2150/3013/1839 2148/3014/1887 2149/3015/1888
f 2149/3015/1888 2152/3016/1842 2153/800/521
f 2152/3016/1842 2155/3017/1889 2153/800/521
f 2157/3018/1890 2125/802/523 2124/801/522
f 2161/3019/1891 2159/3020/1892 2160/3021/1893
f 2160/3021/1893 2162/3022/1894 2171/3023/1895
f 2164/3024/1896 2162/3022/1894 2163/3025/1897
f 2146/3012/1886 2166/811/511 2147/810/510
f 2134/805/526 2167/3026/1898 2168/3027/1899
f 2166/811/511 2151/3028/1900 2150/3013/1839
f 2163/3025/1897 2167/3026/1898 2164/3024/1896
f 2134/3029/507 1524/625/356 2132/3030/1901
f 1524/625/356 2135/3031/1832 2132/3030/1901
f 2137/3032/1869 1492/607/382 2117/606/340
f 2139/3033/1902 2362/798/519 2140/3034/1903
f 2141/3035/1904 2131/2457/1555 2142/3036/1884
f 2131/2457/1555 2144/3037/1837 2142/3036/1884
f 2146/3038/1886 2130/2460/1558 2127/2499/1493
f 2151/3039/1900 2129/2462/1560 2148/3040/1840
f 2148/3040/1840 2128/2493/1577 2152/3041/1905
f 2154/3042/1906 2128/2493/1577 2113/639/405
f 2112/3001/1877 2156/3043/1907 2157/3044/1890
f 2158/3045/1908 1528/630/397 2159/3046/1892
f 2159/3046/1892 1496/620/393 2162/3047/1894
f 2163/3048/1909 1496/620/393 2118/622/354
f 2165/3049/1910 2127/2499/1493 2121/3050/1497
f 2126/2434/1544 2168/3051/1911 2119/2504/1581
f 2138/3006/1881 2133/804/525 2136/3003/1879
f 2147/810/510 2174/809/530 2145/3010/1885
f 2174/809/530 2169/3052/1912 2143/3008/1883
f 2174/809/530 2123/3002/1878 2169/3052/1912
f 2171/3023/1895 2161/3019/1891 2160/3021/1893
f 2171/3023/1895 2125/802/523 2172/3053/1913
f 2164/3024/1896 2133/804/525 2171/3023/1895
f 2173/808/529 2153/800/521 2155/3017/1889
f 2153/800/521 2150/3013/1839 2149/3015/1888
f 2150/3013/1839 2174/809/530 2166/811/511
f 2133/804/525 2153/800/521 2171/3023/1895
f 2165/3054/1910 2120/2502/1496 2151/3039/1900
f 2118/622/354 2168/3051/1911 2163/3048/1909
f 2169/3052/1912 2141/3055/1914 2143/3008/1883
f 2123/3002/1878 2175/3056/1915 2169/3052/1912
f 2137/3057/1869 2170/806/527 2138/3006/1881
f 2176/3058/1916 2122/807/528 2170/806/527
f 2172/3053/1913 2158/3059/1871 2161/3019/1891
f 2125/802/523 2177/3060/1917 2172/3053/1913
f 2154/3061/1918 2173/808/529 2155/3017/1889
f 2178/3062/1919 2124/801/522 2173/808/529
f 2175/3063/1915 2115/636/403 2141/3035/1904
f 2140/3034/1903 2114/634/401 2175/3063/1915
f 2176/3064/1916 2117/606/340 2363/633/400
f 2139/3033/1902 2363/633/400 2116/3004/1880
f 2177/3065/1917 2111/2496/1490 2158/3045/1908
f 2156/3043/1907 2110/2543/1608 2177/3065/1917
f 2113/639/405 2178/3066/1919 2154/3042/1906
f 2157/3044/1890 2365/638/367 2112/3001/1877
f 1580/2597/1564 2179/2672/1608 2376/3067/1876
f 1629/812/518 2181/3068/1877 2377/686/367
f 1626/665/419 2179/2672/1608 1624/2596/1563
f 1578/670/392 2375/681/424 1637/668/390
f 2183/682/401 1634/814/520 1614/683/402
f 1623/2676/1601 2381/2593/1462 2382/2630/1579
f 1618/2666/1603 2379/2623/1578 2380/2594/1625
f 2243/815/531 2191/3069/1920 2192/3070/1921
f 2378/685/404 2379/2623/1578 1649/2665/1602
f 2384/2589/1623 1622/2663/1521 2383/2591/1559
f 2385/2587/1554 1646/2668/1605 2384/2589/1623
f 2383/2591/1559 1623/2664/1601 2382/2627/1579
f 1619/2675/1532 2380/2594/1625 2381/2593/1462
f 1579/2603/1568 2376/3067/1876 2181/3068/1877
f 1615/2669/1641 2385/2587/1554 1614/683/402
f 2201/818/524 2205/3071/1922 2202/819/534
f 2185/3072/1880 1578/670/392 2374/813/519
f 2204/3073/1832 2207/3074/1923 2205/3071/1922
f 2191/3069/1920 2209/3075/1924 2192/3070/1921
f 2213/3076/1925 2211/3077/1884 2212/823/538
f 2215/3078/1836 2211/3077/1884 2214/3079/1837
f 2217/3080/1926 2214/3079/1837 2216/3081/1838
f 2220/3082/1927 2218/3083/1840 2219/3084/1928
f 2219/3084/1928 2222/3085/1842 2223/824/539
f 2222/3085/1842 2225/3086/1889 2223/824/539
f 2227/3087/1890 2194/817/533 2193/816/532
f 2231/3088/1929 2229/3089/1892 2230/3090/1893
f 2230/3090/1893 2232/3091/1930 2243/815/531
f 2234/821/536 2232/3091/1930 2233/3092/1931
f 2216/3081/1838 2236/3093/1932 2217/3080/1926
f 2203/820/535 2237/822/537 2238/3094/1899
f 2236/3093/1932 2221/3095/1900 2220/3082/1927
f 2233/3092/1931 2237/822/537 2234/821/536
f 2203/3096/507 1645/2562/356 2201/3097/524
f 1645/2562/356 2204/3098/1832 2201/3097/524
f 2206/3099/1869 1613/658/338 2186/657/416
f 2208/3100/1902 2374/813/519 2209/3101/1882
f 2210/3102/1933 2200/2588/1622 2211/3103/1884
f 2200/2588/1622 2214/3104/1857 2211/3103/1884
f 2216/3105/1934 2199/2590/1624 2196/2628/1493
f 2221/3106/1900 2198/2592/1560 2218/3107/1840
f 2218/3107/1840 2197/2622/1577 2222/3108/1842
f 2224/3109/1935 2197/2622/1577 2182/687/405
f 2181/3068/1877 2226/3110/1936 2227/3111/1937
f 2228/3112/1908 1567/650/413 2229/3113/1892
f 2229/3113/1892 1617/671/393 2232/3114/1894
f 2233/3115/1931 1617/671/393 2187/673/354
f 2235/3116/1938 2196/2628/1493 2190/3117/1497
f 2195/2563/1544 2238/3118/1899 2188/2633/1581
f 2239/3119/1939 2243/815/531 2192/3070/1921
f 2217/3080/1926 2212/823/538 2215/3078/1836
f 2212/823/538 2239/3119/1939 2213/3076/1925
f 2207/3074/1923 2202/819/534 2205/3071/1922
f 2240/3120/1940 2243/815/531 2202/819/534
f 2243/815/531 2231/3088/1929 2230/3090/1893
f 2242/3121/1941 2243/815/531 2223/824/539
f 2243/815/531 2194/817/533 2241/3122/1942
f 2242/3121/1941 2223/824/539 2225/3086/1889
f 2223/824/539 2220/3082/1927 2219/3084/1928
f 2217/3080/1926 2223/824/539 2212/823/538
f 2243/815/531 2237/822/537 2202/819/534
f 2235/3123/1938 2189/2631/1496 2221/3106/1900
f 2223/824/539 2236/3093/1932 2220/3082/1927
f 2187/673/354 2238/3118/1899 2233/3115/1931
f 2239/3119/1939 2210/3124/1904 2213/3076/1925
f 2192/3070/1921 2244/3125/1915 2239/3119/1939
f 2206/3126/1869 2240/3120/1940 2207/3074/1923
f 2245/3127/1943 2191/3069/1920 2240/3120/1940
f 2241/3122/1942 2228/3128/1908 2231/3088/1929
f 2194/817/533 2246/3129/1917 2241/3122/1942
f 2224/3130/1935 2242/3121/1941 2225/3086/1889
f 2247/3131/1919 2193/816/532 2242/3121/1941
f 2244/3132/1915 2184/684/403 2210/3102/1933
f 2209/3101/1882 2183/682/401 2244/3132/1915
f 2245/3133/1943 2186/657/416 2375/681/424
f 2208/3100/1902 2375/681/424 2185/3072/1880
f 2246/3134/1872 2180/2625/1490 2228/3112/1908
f 2226/3110/1936 2179/2672/1608 2246/3134/1872
f 2182/687/405 2247/3135/1944 2224/3109/1935
f 2227/3111/1937 2377/686/367 2181/3068/1877
f 1777/721/450 2288/3136/1945 2468/738/467
f 2466/825/540 1779/714/443 1767/716/445
f 1765/2732/1696 2287/736/465 2467/3137/1946
f 2463/2719/1683 1768/2790/1733 2462/2749/1707
f 1684/707/436 2287/736/465 1742/733/462
f 2283/834/549 2255/832/547 2268/829/544
f 1773/2778/1732 2470/2713/1677 2471/2715/1679
f 2268/829/544 2285/3138/1947 2284/830/545
f 1771/2781/1735 2464/2742/1704 1775/2780/1734
f 1768/2779/1733 2471/2715/1679 2462/2746/1707
f 1770/2714/1678 2470/2713/1677 1774/2782/1736
f 2464/2742/1704 1769/2789/1742 2463/2719/1683
f 1766/720/449 2467/3137/1946 2288/3136/1945
f 2265/3139/1948 2314/3140/1949 2255/832/547
f 2314/3140/1949 2305/3141/1950 2255/832/547
f 2266/3142/1951 2313/3143/1952 2265/3139/1948
f 2298/836/551 2282/3144/1953 2283/834/549
f 2312/3145/1954 2267/3146/1955 2268/829/544
f 2269/3147/1956 2312/3145/1954 2268/829/544
f 2270/3148/1957 2311/3149/1958 2269/3147/1956
f 2256/3150/1959 2310/3151/1960 2303/3152/1961
f 2273/3153/1962 2309/3154/1963 2310/3151/1960
f 2275/3155/1964 2309/3154/1963 2274/831/546
f 2285/3138/1947 2290/838/553 2284/830/545
f 2308/3156/1965 2276/3157/1966 2277/3158/1967
f 2307/826/541 2277/3158/1967 2278/827/542
f 2279/3159/1968 2306/3160/1969 2270/3148/1957
f 2305/3141/1950 2280/833/548 2255/832/547
f 2303/3152/1961 2279/3159/1968 2256/3150/1959
f 2302/828/543 2280/833/548 2301/3161/1970
f 2305/3162/1950 2248/700/429 2271/699/428
f 2313/3163/1952 2248/700/429 2314/3164/1971
f 2297/3165/1972 2249/705/434 2313/3163/1952
f 2288/3136/1945 2296/3166/1973 2298/3167/1974
f 2252/2712/1676 2300/3168/1975 2312/3169/1976
f 2311/3170/1958 2252/2712/1676 2312/3169/1976
f 2306/3171/1977 2253/2716/1680 2311/3170/1958
f 2303/3172/1978 2257/2718/1682 2272/2720/1684
f 2258/2741/1703 2310/3173/1960 2309/3174/1979
f 2291/3175/1980 2258/2741/1703 2309/3174/1979
f 2292/3176/1981 2465/3177/1982 2290/3178/1983
f 2294/3179/1984 2261/698/427 2260/2744/591
f 2308/3180/1965 2262/729/458 2261/698/427
f 2302/3181/614 2262/729/458 2307/3182/1985
f 2304/3183/1986 2254/2717/1681 2306/3171/1977
f 2301/3184/1970 2271/699/428 1707/731/460
f 2255/832/547 2266/3142/1951 2265/3139/1948
f 2283/834/549 2268/829/544 2267/3146/1955
f 2268/829/544 2270/3148/1957 2269/3147/1956
f 2276/3157/1966 2278/827/542 2277/3158/1967
f 2255/832/547 2282/3144/1953 2281/3185/1987
f 2285/3138/1947 2278/827/542 2286/3186/1988
f 2256/3150/1959 2268/829/544 2274/831/546
f 2256/3150/1959 2274/831/546 2273/3153/1962
f 2274/831/546 2284/830/545 2275/3155/1964
f 2268/829/544 2279/3159/1968 2270/3148/1957
f 2272/2720/1684 2304/3187/1986 2303/3172/1978
f 2263/2748/1709 2301/3184/1970 1707/731/460
f 2299/835/550 2267/3146/1955 2300/3188/1975
f 2281/3185/1987 2297/3189/1972 2266/3142/1951
f 2282/3144/1953 2295/3190/1989 2281/3185/1987
f 2294/3191/1990 2286/3186/1988 2276/3157/1966
f 2293/3192/1991 2285/3138/1947 2286/3186/1988
f 2289/837/552 2275/3155/1964 2284/830/545
f 2251/739/468 2299/3193/1992 2300/3168/1975
f 2468/738/467 2298/3167/1974 2299/3193/1992
f 2295/3194/1989 2250/706/435 2297/3165/1972
f 2296/3166/1973 2287/736/465 2295/3194/1989
f 2293/3195/1991 2260/2744/591 2466/825/540
f 2292/3176/1981 2466/825/540 1767/716/445
f 2289/3196/1993 2259/742/471 2291/3175/1980
f 2290/3178/1983 1778/740/469 2289/3196/1993
f 2735/894/600 2627/3197/1994 2628/3198/1995
f 2735/894/600 2629/3199/1996 2524/895/601
f 2629/3199/1996 2729/3200/1997 2524/895/601
f 2630/3201/1998 2501/874/583 2602/3202/448
f 2730/858/463 2634/840/554 2600/859/570
f 2631/871/446 2680/872/581 2630/3201/1998
f 2480/3203/1999 2482/3204/2000 2481/883/592
f 2474/864/575 2635/3205/2001 2496/897/603
f 2486/3206/2002 2488/855/568 2487/844/557
f 2530/851/564 2486/3206/2002 2494/3207/2003
f 2635/3205/2001 2731/898/604 2496/897/603
f 2493/877/586 2530/851/564 2495/853/566
f 2499/3208/2004 2497/3209/1655 2500/849/562
f 2731/898/604 2638/3210/2005 2732/3211/2006
f 2502/3212/1658 2504/3213/2007 2503/3214/2008
f 2508/3215/2009 2506/3216/1662 2509/3217/2010
f 2512/3218/2011 2510/3219/1665 2513/3220/1666
f 2643/3221/2012 2734/3222/2013 2733/3223/1668
f 2518/3224/1669 2516/3225/1670 2519/3226/1671
f 2522/3227/2014 2520/3228/2015 2523/3229/1674
f 2643/3230/2012 2732/3211/2006 2638/3210/2005
f 2525/850/563 2482/3204/2000 2526/848/561
f 2661/880/589 2747/3231/2016 2736/878/587
f 2663/3232/435 2501/874/583 2680/872/581
f 2746/3233/2017 2679/3234/2018 2678/3235/2019
f 2678/3235/2019 2745/3236/1679 2746/3233/2017
f 2677/3237/2020 2743/3238/1683 2666/3239/1684
f 2525/850/563 2500/849/562 2503/3214/2008
f 2532/873/582 2481/883/592 2569/868/578
f 2498/3240/2021 2536/3241/1686 2497/3209/1655
f 2603/3242/2022 2729/3200/1997 2604/3243/2023
f 2537/3244/2024 2519/3226/1671 2536/3241/1686
f 2538/901/607 2485/876/585 2495/853/566
f 2540/3245/2025 2538/901/607 2495/853/566
f 2542/3246/2026 2504/3213/2007 2502/3212/1658
f 2541/3247/2027 2521/3248/1692 2522/3227/2014
f 2543/3249/2028 2491/3250/2029 2544/903/609
f 2476/884/447 2602/3202/448 2501/874/583
f 2499/3208/2004 2544/903/609 2736/878/587
f 2546/3251/2030 2507/3252/1694 2508/3215/2009
f 2540/3245/2025 2545/3253/1695 2546/3251/2030
f 2480/3203/1999 2547/3254/2031 2490/3255/2032
f 2549/861/572 2513/3220/1666 2550/860/571
f 2501/874/583 2547/3254/2031 2548/875/584
f 2509/3217/2010 2516/3256/1670 2517/3257/1697
f 2511/3258/1698 2520/3259/2015 2510/3219/1665
f 2520/3228/2015 2552/3260/1699 2551/3261/1700
f 2545/3253/1695 2554/3262/1701 2507/3252/1694
f 2553/3263/2033 2545/3253/1695 2495/853/566
f 2676/3264/2034 2742/3265/2035 2677/3237/2020
f 2741/3266/2036 2659/3267/2037 2539/3268/2038
f 2502/3212/1658 2500/849/562 2556/3269/1705
f 2675/841/427 2730/858/463 2657/882/591
f 2542/3246/2026 2556/3269/1705 2557/3270/1706
f 2744/3271/2039 2673/3272/2040 2667/3273/1708
f 2672/847/560 2641/3274/2041 2665/3275/2042
f 2666/3239/1684 2744/3276/2039 2667/3277/1708
f 2551/3261/1700 2519/3226/1671 2516/3225/1670
f 2495/853/566 2550/860/571 2553/3263/2033
f 2553/3263/2033 2513/3220/1666 2554/3262/1701
f 2557/3270/1706 2497/3209/1655 2536/3241/1686
f 2500/849/562 2497/3209/1655 2556/3269/1705
f 2664/867/577 2641/3274/2041 2563/865/576
f 2559/890/479 2475/3278/2043 2601/3279/1711
f 2597/3280/1712 2570/3281/2044 2472/3282/2045
f 2561/3283/2046 2514/3284/2047 2515/896/602
f 2562/3285/2048 2511/3258/1698 2512/3218/2011
f 2564/3286/2049 2478/3287/1718 2565/3288/1719
f 2566/889/596 2524/895/601 2729/3200/1997
f 2577/3289/2050 2515/896/602 2524/895/601
f 2567/3290/2051 2549/861/572 2531/852/565
f 2580/3291/2052 2512/3218/2011 2549/861/572
f 2571/3292/2053 2478/3293/1718 2514/3284/2047
f 2560/3294/2054 2484/843/556 2570/3281/2044
f 2559/890/479 2569/868/578 2568/870/580
f 2572/3295/1724 2571/3292/2053 2561/3283/2046
f 2572/3295/1724 2522/3227/2014 2573/3296/1723
f 2574/3297/2055 2575/3298/2056 2564/3286/2049
f 2575/3298/2056 2477/3299/2057 2564/3286/2049
f 2574/3297/2055 2565/3288/1719 2576/3300/2058
f 2574/3297/2055 2523/3301/1674 2511/3258/1698
f 2578/888/595 2577/3289/2050 2566/889/596
f 2578/888/595 2504/3213/2007 2579/3302/2059
f 2579/3302/2059 2561/3283/2046 2577/3289/2050
f 2541/3247/2027 2579/3302/2059 2504/3213/2007
f 2580/3291/2052 2581/3303/2060 2582/3304/2061
f 2581/3303/2060 2496/897/603 2582/3304/2061
f 2562/3285/2048 2582/3304/2061 2575/3298/2056
f 2505/899/605 2582/3304/2061 2496/897/603
f 2573/3296/1723 2565/3305/1719 2571/3292/2053
f 2573/3296/1723 2523/3229/1674 2576/3306/2058
f 2517/3307/1697 2533/3308/1732 2534/3309/2062
f 2548/875/584 2481/883/592 2532/873/582
f 2543/3249/2028 2500/849/562 2526/848/561
f 2479/3310/2063 2526/848/561 2482/3204/2000
f 2539/3268/2038 2546/3251/2030 2558/3311/2064
f 2558/3311/2064 2508/3215/2009 2528/3312/2065
f 2487/844/557 2535/854/567 2489/842/555
f 2485/876/585 2486/3206/2002 2493/877/586
f 2518/3224/1669 2555/3313/2066 2533/3308/1732
f 2537/3244/2024 2527/3314/2067 2555/3313/2066
f 2583/3315/1737 2520/3259/2015 2551/3316/1700
f 2507/3252/1694 2583/3315/1737 2506/3216/1662
f 2521/3248/1692 2557/3270/1706 2552/3260/1699
f 2662/3317/2068 2501/874/583 2663/3232/435
f 2506/3216/1662 2551/3316/1700 2516/3256/1670
f 2554/3262/1701 2510/3219/1665 2583/3315/1737
f 2539/3268/2038 2659/3267/2037 2658/902/608
f 2552/3260/1699 2536/3241/1686 2519/3226/1671
f 2494/3207/2003 2487/844/557 2484/843/556
f 2559/890/479 2476/884/447 2586/885/476
f 2481/883/592 2482/3204/2000 2483/869/579
f 2584/887/594 2729/3200/1997 2603/3242/2022
f 2568/870/580 2603/3242/2022 2475/3278/2043
f 2474/864/575 2587/3318/2069 2473/862/573
f 2473/862/573 2560/3294/2054 2597/3280/1712
f 2472/3282/2045 2585/886/593 2599/857/477
f 2578/888/595 2525/850/563 2503/3214/2008
f 2586/885/476 2532/873/582 2569/868/578
f 2584/887/594 2483/869/579 2525/850/563
f 2587/3318/2069 2531/852/565 2530/851/564
f 2587/3318/2069 2581/3303/2060 2567/3290/2051
f 2587/3318/2069 2494/3207/2003 2560/3294/2054
f 2585/886/593 2484/843/556 2489/842/555
f 2529/3319/1742 2517/3257/1697 2534/3320/2062
f 2528/3312/2065 2509/3217/2010 2529/3319/1742
f 2498/3240/2021 2736/878/587 2527/3314/2067
f 2485/876/585 2492/856/569 2488/855/568
f 2479/3310/2063 2490/3255/2032 2491/3250/2029
f 2751/951/654 2588/3321/1802 2590/3322/1801
f 2505/899/605 2732/3211/2006 2477/3299/2057
f 2514/3284/2047 2733/3223/1668 2734/3222/2013
f 2614/3323/2070 2612/3324/2071 2615/3325/2072
f 2617/964/667 2612/3324/2071 2613/965/668
f 2628/3198/1995 2590/3326/1801 2588/3327/2073
f 2591/3328/2074 2628/3198/1995 2588/3327/2073
f 2593/3329/1806 2629/3199/1996 2591/3328/2074
f 2601/3279/1711 2594/3330/662 2595/3331/2075
f 2630/3201/1998 2605/3332/1808 2606/3333/1809
f 2631/871/446 2606/3333/1809 2609/3334/597
f 2611/3335/599 2631/871/446 2609/3334/597
f 2633/839/425 2615/3336/2076 2612/3337/2071
f 2616/3338/2077 2633/839/425 2612/3337/2071
f 2618/3339/1814 2634/840/554 2616/3338/2077
f 2620/3340/2078 2472/3282/2045 2623/3341/2079
f 2635/3205/2001 2624/3342/2080 2625/3343/2081
f 2636/3344/2082 2625/3343/2081 2637/3345/1825
f 2639/3346/2083 2636/3344/2082 2637/3345/1825
f 2632/846/559 2640/3347/2084 2641/3274/2041
f 2627/3197/1994 2642/3348/1820 2590/3326/1801
f 2563/865/576 2640/3347/2084 2615/3336/2076
f 2638/3210/2005 2642/3349/1820 2643/3230/2012
f 2644/3350/2085 2602/3202/448 2476/884/447
f 2595/3331/2075 2476/884/447 2601/3279/1711
f 2645/3351/2086 2604/3243/2023 2593/3329/1806
f 2475/3278/2043 2645/3351/2086 2594/3330/662
f 2598/863/574 2646/3352/659 2624/3342/2080
f 2646/3352/659 2597/3280/1712 2620/3340/2078
f 2647/3353/2087 2600/859/570 2618/3339/1814
f 2623/3341/2079 2599/857/477 2647/3353/2087
f 2649/948/651 2637/3354/1817 2648/952/655
f 2611/893/599 2650/3355/2088 2640/3356/2089
f 2651/950/653 2590/3322/1801 2642/3357/1820
f 2615/3325/2072 2650/3355/2088 2614/3323/2070
f 2639/3358/1827 2651/950/653 2642/3357/1820
f 2515/896/602 2734/3222/2013 2735/894/600
f 2477/3299/2057 2733/3359/1668 2478/3287/1718
f 2492/856/569 2739/881/590 2535/854/567
f 2544/903/609 2660/3360/2090 2737/879/588
f 2658/902/608 2538/901/607 2539/3268/2038
f 2490/3255/2032 2662/3317/2068 2738/3361/2091
f 2743/3238/1683 2534/3320/2062 2744/3276/2039
f 2501/874/583 2662/3317/2068 2547/3254/2031
f 2670/3362/2092 2715/904/610 2671/910/616
f 2741/3266/2036 2528/3312/2065 2742/3265/2035
f 2558/3311/2064 2741/3266/2036 2539/3268/2038
f 2533/3308/1732 2746/3233/2017 2745/3236/1679
f 2555/3313/2066 2747/3231/2016 2746/3233/2017
f 2534/3309/2062 2745/3236/1679 2744/3271/2039
f 2742/3265/2035 2529/3319/1742 2743/3238/1683
f 2491/3250/2029 2738/3361/2091 2660/3360/2090
f 2736/878/587 2747/3231/2016 2527/3314/2067
f 2656/3363/2093 2492/856/569 2740/900/606
f 2683/3364/2094 2682/3365/2095 2684/3366/2096
f 2686/3367/2097 2682/3365/2095 2721/3368/2098
f 2688/3369/2099 2685/3370/2100 2686/3367/2097
f 2690/3371/2101 2668/906/612 2669/905/611
f 2692/3372/1976 2694/3373/2102 2693/912/618
f 2696/3374/1956 2692/3372/1976 2693/912/618
f 2698/3375/1957 2695/3376/2103 2696/3374/1956
f 2701/3377/1959 2699/3378/1960 2702/3379/1961
f 2700/3380/1962 2703/3381/1963 2699/3378/1960
f 2706/3382/2104 2703/3381/1963 2704/911/617
f 2671/910/616 2708/3383/2105 2670/3362/2092
f 2710/3384/2106 2712/3385/2107 2711/3386/2108
f 2713/907/613 2711/3386/2108 2715/904/610
f 2717/3387/2109 2697/3388/1969 2698/3375/1957
f 2684/3366/2096 2718/3389/2110 2683/3364/2094
f 2702/3379/1961 2717/3387/2109 2701/3377/1959
f 2714/908/614 2718/3389/2110 2719/3390/2111
f 2684/3391/2096 2681/845/558 2672/847/560
f 2685/3392/2100 2681/845/558 2682/3393/2095
f 2687/3394/1972 2680/872/581 2685/3392/2100
f 2660/3360/2090 2689/3395/2112 2690/3396/2101
f 2691/3397/2113 2679/3234/2018 2661/880/589
f 2695/3398/1958 2679/3234/2018 2692/3399/1976
f 2697/3400/1977 2678/3235/2019 2695/3398/1958
f 2702/3401/2114 2677/3237/2020 2666/3239/1684
f 2699/3402/1960 2676/3264/2034 2677/3237/2020
f 2705/3403/2115 2676/3264/2034 2703/3404/1979
f 2707/3405/2116 2740/900/606 2708/3406/2117
f 2709/3407/2118 2675/841/427 2657/882/591
f 2674/866/458 2710/3408/2119 2713/3409/613
f 2714/3410/614 2674/866/458 2713/3409/613
f 2716/3411/2120 2673/3272/2040 2697/3400/1977
f 2672/847/560 2719/3412/2121 2684/3391/2096
f 2720/3413/2122 2715/904/610 2693/912/618
f 2720/3413/2122 2693/912/618 2694/3373/2102
f 2693/912/618 2698/3375/1957 2696/3374/1956
f 2721/3368/2098 2688/3369/2099 2686/3367/2097
f 2722/3414/2123 2715/904/610 2668/906/612
f 2712/3385/2107 2715/904/610 2711/3386/2108
f 2683/3364/2094 2715/904/610 2721/3368/2098
f 2701/3377/1959 2704/911/617 2700/3380/1962
f 2704/911/617 2724/3415/2124 2706/3382/2104
f 2704/911/617 2670/3362/2092 2724/3415/2124
f 2701/3377/1959 2693/912/618 2704/911/617
f 2693/912/618 2717/3387/2109 2698/3375/1957
f 2716/3416/2120 2666/3239/1684 2667/3277/1708
f 2664/867/577 2719/3412/2121 2665/3275/2042
f 2691/3417/2113 2720/3413/2122 2694/3373/2102
f 2725/3418/2125 2669/905/611 2720/3413/2122
f 2722/3414/2123 2687/3419/2126 2688/3369/2099
f 2668/906/612 2726/3420/1989 2722/3414/2123
f 2709/3421/2127 2723/909/615 2712/3385/2107
f 2727/3422/2128 2671/910/616 2723/909/615
f 2724/3415/2124 2705/3423/2129 2706/3382/2104
f 2670/3362/2092 2728/3424/2130 2724/3415/2124
f 2661/880/589 2725/3425/2131 2691/3397/2113
f 2737/879/588 2690/3396/2101 2725/3425/2131
f 2726/3426/1989 2663/3232/435 2687/3394/1972
f 2689/3395/2112 2662/3317/2068 2726/3426/1989
f 2727/3427/2128 2657/882/591 2739/881/590
f 2739/881/590 2707/3405/2116 2727/3427/2128
f 2728/3428/2132 2659/3267/2037 2705/3403/2115
f 2708/3406/2117 2658/902/608 2728/3428/2132
f 1851/2828/1771 1855/917/623 1852/916/622
f 1855/917/623 1856/925/631 1912/918/624
f 1889/3429/2133 1898/2860/1760 1908/3430/2134
f 1871/3431/2135 1873/2831/1773 1874/3432/2136
f 2749/914/620 1889/3429/2133 1908/3430/2134
f 1887/3433/1758 1888/3434/1780 1889/3429/2133
f 1877/757/486 1881/919/625 1878/758/487
f 1880/3435/1779 1883/920/626 1881/919/625
f 1909/2862/1787 1874/3432/2136 1876/2830/1772
f 1872/3436/2137 1870/3437/1791 1871/3431/2135
f 1907/3438/1766 1885/922/628 1914/921/627
f 1874/3432/2136 1872/3436/2137 1871/3431/2135
f 1911/923/629 1869/3439/1751 1872/3436/2137
f 1882/3440/1793 1914/921/627 1883/920/626
f 1872/3436/2137 1878/758/487 1911/923/629
f 1859/924/630 1904/3441/1783 1911/923/629
f 1860/930/636 1858/3442/1777 1859/924/630
f 1884/929/635 1885/922/628 1886/3443/1757
f 2748/913/619 1885/922/628 1913/928/634
f 1906/927/633 1889/3429/2133 1913/928/634
f 1878/758/487 1860/930/636 1859/924/630
f 1905/926/632 1860/930/636 1912/918/624
f 1913/928/634 2749/914/620 2748/913/619
f 1936/3444/2135 1938/2869/1773 1939/3445/2138
f 1878/758/487 2748/913/619 1912/918/624
f 1942/766/486 1946/931/637 1943/767/494
f 1945/3446/1779 1948/932/638 1946/931/637
f 1974/2900/1799 1939/3445/2138 1941/2868/1788
f 1954/933/639 1974/2900/1799 1943/767/494
f 1937/3447/2139 1935/3448/1778 1936/3444/2135
f 1972/3449/1766 1950/935/641 1979/934/640
f 1939/3445/2138 1937/3447/2139 1936/3444/2135
f 1976/3450/2140 1934/3451/2141 1937/3447/2139
f 1947/3452/1793 1979/934/640 1948/932/638
f 1979/934/640 1943/767/494 1948/932/638
f 1939/3445/2138 1976/3450/2140 1937/3447/2139
f 1924/3453/2142 1969/3454/1783 1976/3450/2140
f 1924/3453/2142 1954/933/639 2750/937/643
f 1915/2866/1743 1920/940/623 1916/939/622
f 1920/940/623 1921/942/646 1977/941/645
f 1954/933/639 1963/2898/1781 1973/3455/2143
f 1971/944/648 1954/933/639 1978/945/649
f 2750/937/643 1954/933/639 1973/3455/2143
f 1952/3456/2144 1953/3457/1759 1954/933/639
f 1925/947/650 1923/3458/1777 1924/3453/2142
f 2750/937/643 1917/936/642 1977/941/645
f 1949/946/635 1950/935/641 1951/3459/1757
f 1970/943/647 1925/947/650 1977/941/645
f 2592/949/652 2588/3321/1802 2589/3460/2145
f 1950/935/641 1978/945/649 1954/933/639
f 2750/937/643 1925/947/650 1924/3453/2142
f 2626/953/656 2624/955/658 2654/954/657
f 2637/3354/1817 2626/953/656 2648/952/655
f 2645/957/660 2592/949/652 2653/958/661
f 2751/951/654 2592/949/652 2589/3460/2145
f 2593/3461/1806 2591/3462/2146 2592/949/652
f 2646/956/659 2621/960/663 2654/954/657
f 2592/949/652 2649/948/651 2654/954/657
f 2594/959/662 2596/963/666 2595/3463/2147
f 2621/960/663 2623/3464/2148 2622/961/664
f 2644/3465/1821 2596/963/666 2652/962/665
f 2596/963/666 2653/958/661 2592/949/652
f 2622/961/664 2647/3466/2087 2655/3467/2149
f 2605/3468/1808 2652/962/665 2608/968/671
f 2592/949/652 2622/961/664 2655/3467/2149
f 2655/3467/2149 2618/3469/1814 2619/966/669
f 2655/3467/2149 2613/965/668 2592/949/652
f 2652/962/665 2610/892/598 2608/968/671
f 2609/891/597 2607/967/670 2610/892/598
f 2606/3470/1809 2608/968/671 2607/967/670
f 2619/966/669 2616/3471/2077 2617/964/667
f 2650/3355/2088 2613/965/668 2614/3323/2070
f 2044/974/676 2025/2904/1800 2045/975/677
f 2592/949/652 2650/3355/2088 2610/892/598
f 2040/973/675 2005/977/679 2029/976/678
f 2007/980/682 2044/974/676 2030/981/683
f 2008/3472/2150 2024/3473/1805 2044/974/676
f 2003/978/680 2027/983/685 2029/976/678
f 2038/970/673 2034/969/672 2037/979/681
f 2037/979/681 2034/969/672 2029/976/678
f 2037/979/681 2030/981/683 2044/974/676
f 2006/982/684 2032/987/689 2010/3474/2151
f 2009/3475/2085 2032/987/689 2031/986/688
f 2032/987/689 2030/981/683 2037/979/681
f 2000/984/686 2026/3476/2152 2027/983/685
f 2011/3477/1808 2031/986/688 2033/991/693
f 2037/979/681 2027/983/685 2026/3476/2152
f 2026/3476/2152 2002/3478/1814 2028/989/691
f 2033/991/693 2037/979/681 2042/776/497
f 2037/979/681 2026/3476/2152 2028/989/691
f 2022/775/496 2043/990/692 2042/776/497
f 2041/988/690 2021/2908/1803 2037/979/681
f 2023/3479/2153 2033/991/693 2043/990/692
f 2028/989/691 2020/3480/1813 2041/988/690
f 1831/2791/1743 1849/996/697 1850/995/696
f 2037/979/681 2036/2936/1826 2042/776/497
f 1849/996/697 1814/998/646 1836/997/698
f 1845/3481/2154 1824/2823/1767 1844/3482/2155
f 1809/1000/700 1845/3481/2154 1835/1001/701
f 2752/993/695 1845/3481/2154 1844/3482/2155
f 1811/3483/1758 1825/3484/1759 1845/3481/2154
f 1835/1001/701 2752/993/695 1847/755/484
f 1813/999/699 1838/1003/703 1836/997/698
f 1847/755/484 1842/992/694 1836/997/698
f 1810/1002/702 1833/1007/707 1806/3485/1757
f 1816/1004/704 1837/3486/2156 1838/1003/703
f 1833/1007/707 1835/1001/701 1847/755/484
f 1807/3487/1766 1833/1007/707 1832/1006/706
f 1837/3486/2156 1817/3488/2141 1839/3489/2157
f 1847/755/484 1838/1003/703 1837/3486/2156
f 1808/3490/1756 1832/1006/706 1834/1008/708
f 1847/755/484 1839/3489/2157 1843/1009/709
f 1848/3491/2158 1828/2795/1745 1843/1009/709
f 1827/754/483 1846/1011/637 1847/755/484
f 1839/3489/2157 1829/3492/2159 1848/3491/2158
f 1826/3493/1755 1834/1008/708 1846/1011/637
f 646/366/204 613/1012/711 592/367/205
f 1843/1009/709 1839/3489/2157 1848/3491/2158
f 627/1019/718 2753/1018/717 617/1020/719
f 628/3494/1167 641/3495/2160 2753/1018/717
f 624/1027/726 617/1020/719 616/1025/724
f 614/1022/721 613/1012/711 629/1017/716
f 596/1028/727 617/1020/719 2753/1018/717
f 631/1024/723 615/3496/2161 614/1022/721
f 2753/1018/717 606/1023/722 596/1028/727
f 615/3496/2161 633/1032/731 605/1031/730
f 606/1023/722 614/1022/721 615/3496/2161
f 625/1034/733 616/1025/724 609/1029/728
f 605/1031/730 643/1720/1153 606/1023/722
f 606/1023/722 615/3496/2161 605/1031/730
f 642/1033/732 596/1028/727 637/1724/207
f 700/374/212 667/1039/737 647/375/213
f 681/1042/738 2754/1049/745 671/1043/739
f 682/3497/1184 695/3498/1185 2754/1049/745
f 656/1036/735 667/1039/737 2754/1049/745
f 678/1052/748 671/1043/739 670/1050/746
f 668/1045/741 667/1039/737 683/1041/217
f 667/1039/737 660/1046/742 2754/1049/745
f 2755/1048/744 671/1043/739 2754/1049/745
f 685/1047/743 669/1053/749 668/1045/741
f 669/1053/749 687/1057/753 659/1056/752
f 679/1059/755 670/1050/746 663/1054/750
f 659/1056/752 697/1750/1175 660/1046/742
f 660/1046/742 669/1053/749 659/1056/752
f 696/1058/754 2755/1048/744 691/1755/1179
f 755/382/220 722/1063/758 701/383/221
f 660/1046/742 665/1752/767 2755/1048/744
f 736/1067/738 2756/1066/759 726/1068/760
f 737/3499/2162 750/3500/1185 2756/1066/759
f 733/1074/748 726/1068/760 725/1072/762
f 723/1070/761 722/1063/758 738/1065/217
f 701/383/221 722/1063/758 2756/1066/759
f 740/1071/743 724/3501/749 723/1070/761
f 723/1070/761 715/1082/766 2756/1066/759
f 725/1072/762 726/1068/760 2756/1066/759
f 724/3501/749 742/1079/753 714/1078/765
f 715/1082/766 723/1070/761 724/3501/749
f 2756/1066/759 705/1075/764 725/1072/762
f 734/1081/755 725/1072/762 718/1076/750
f 714/1078/765 752/1781/1182 715/1082/766
f 715/1082/766 724/3501/749 714/1078/765
f 715/1082/766 705/1075/764 2756/1066/759
f 751/1080/754 705/1075/764 746/1785/234
f 810/390/212 777/1087/770 756/391/224
f 791/1090/738 773/1099/775 781/1091/760
f 792/3502/2162 805/3503/1185 773/1099/775
f 788/1097/773 781/1091/760 780/1095/762
f 765/1084/735 756/391/224 777/1087/770
f 778/1094/772 777/1087/770 793/1089/223
f 777/1087/770 773/1099/775 765/1084/735
f 795/1093/743 779/1101/776 778/1094/772
f 780/1095/762 781/1091/760 773/1099/775
f 769/1098/774 778/1094/772 779/1101/776
f 779/1101/776 797/1105/753 768/1100/752
f 773/1099/775 2757/1102/764 780/1095/762
f 789/1107/779 780/1095/762 772/1103/750
f 768/1100/752 807/1811/1182 769/1098/774
f 773/1099/775 769/1098/774 2757/1102/764
f 806/1106/778 2757/1102/764 801/1816/222
f 865/399/212 832/1111/782 811/400/224
f 769/1098/774 775/1813/767 2757/1102/764
f 2758/1118/785 859/1845/1193 820/1108/780
f 846/1114/738 2758/1118/785 836/1115/739
f 847/3504/2162 860/3505/1185 2758/1118/785
f 820/1108/780 811/400/224 832/1111/782
f 833/1119/786 832/1111/782 848/1113/217
f 843/1122/748 836/1115/739 835/1120/787
f 827/1117/784 836/1115/739 2758/1118/785
f 850/1123/788 834/1124/789 833/1119/786
f 835/1120/787 836/1115/739 827/1117/784
f 844/1127/755 835/1120/787 828/1125/750
f 834/1124/789 852/1130/753 823/1129/792
f 824/1843/1201 834/1124/789 823/1129/792
f 823/1129/792 862/1844/1182 824/1843/1201
f 861/1126/790 827/1117/784 856/1848/1202
f 920/406/228 887/410/232 2759/407/229
f 824/1843/1201 830/1842/1200 827/1117/784
f 883/1134/793 914/1876/1188 874/1131/756
f 901/3506/2163 883/1134/793 891/3507/739
f 902/3508/2164 915/3509/2165 883/1134/793
f 2759/407/229 883/1134/793 874/1131/756
f 898/1141/797 891/3507/739 890/1139/796
f 881/1135/794 891/3507/739 883/1134/793
f 883/1134/793 2759/407/229 887/410/232
f 888/1137/741 887/410/232 903/1133/223
f 891/3507/739 900/3510/1206 901/3506/2163
f 888/1137/741 878/1138/795 887/410/232
f 905/1136/788 889/1142/798 888/1137/741
f 890/1139/796 891/3507/739 881/1135/794
f 889/1142/798 907/1146/753 877/1145/765
f 899/1148/755 890/1139/796 882/1143/750
f 877/1145/765 917/1875/1190 878/1138/795
f 878/1138/795 889/1142/798 877/1145/765
f 916/1147/790 881/1135/794 911/1879/234
f 2997/3511/2166 2989/3512/2167 2995/3513/2168
f 878/1138/795 885/1874/1200 881/1135/794
f 3008/3514/2169 2998/3515/2170 2994/3516/2171
f 3005/1265/912 2996/3517/2172 2988/3518/2173
f 3006/3519/2174 2991/1270/917 3105/1269/916
f 2993/3520/2175 3000/3521/2176 3004/1300/939
f 3003/1266/913 3009/1303/941 3007/1267/914
f 2971/3522/2177 2968/1255/902 3097/1254/901
f 2977/3523/2178 2970/1260/907 2985/3524/2179
f 2986/3525/2180 2965/1257/904 2982/3526/2181
f 2980/3527/2182 2966/1297/937 2967/3528/2183
f 2981/3529/2184 2975/1251/898 2976/3530/2185
f 2979/1249/896 2987/1247/894 2984/1246/893
f 2949/3531/2186 2946/3532/2187 2943/3533/2188
f 2955/3534/2189 2948/1243/890 2962/3535/2190
f 2963/3536/2191 2942/1240/888 2959/3537/2192
f 2957/1294/934 2944/1239/887 2945/3538/2193
f 2954/3539/2194 2947/3540/2195 2953/3541/2196
f 2956/3542/2197 2961/3543/2198 3085/3544/936
f 2926/1235/884 2923/3545/2199 2920/3546/2200
f 2939/3547/2201 2928/1291/932 2925/3548/2202
f 2936/3549/2203 2927/1231/880 2919/1233/882
f 2937/3550/2204 2922/1228/877 2934/3551/2205
f 2935/3552/2206 2929/1223/872 2930/3553/871
f 2941/3554/2207 2933/1218/867 2932/1221/870
f 2903/3555/2208 2900/1216/865 3069/1215/864
f 2908/1213/862 2902/3556/2209 2916/3557/2210
f 2913/3558/2211 2904/3559/2212 2897/3560/2213
f 2911/3561/2214 2898/1287/930 2899/3562/2215
f 2912/3563/2216 2906/1209/858 2907/3564/2217
f 2910/1206/855 2918/3565/2218 2915/1207/856
f 2883/3566/2219 2875/3567/2220 2881/3568/2221
f 2887/3569/2222 2880/3570/2223 2894/3571/2224
f 2891/3572/2225 2882/3573/2226 2874/3574/2227
f 2892/3575/2228 2877/1200/849 3057/1199/848
f 2890/1284/928 2885/1202/851 2886/3576/2229
f 2889/1196/845 2896/3577/2230 2893/1197/846
f 2855/3578/2231 2858/3579/2232 2860/3580/2233
f 2871/1185/834 2861/3581/2234 2857/3582/2235
f 2872/3583/2236 2851/3584/2237 2868/3585/2238
f 2853/3586/2239 2866/3587/2240 2869/3588/2241
f 2863/1193/842 2856/3589/2242 2862/1194/843
f 2864/1190/839 2870/1187/836 2865/1191/840
f 2837/3590/2243 2829/3591/2244 2835/3592/2245
f 2849/1280/925 2838/1182/831 2834/1181/830
f 2846/3593/2246 2836/3594/2247 2828/3595/2248
f 2830/3596/2249 2844/3597/2250 2847/3598/2251
f 2845/3599/2252 2839/1178/827 2840/3600/2253
f 2842/3601/2254 2848/1176/825 2843/1175/824
f 2813/3602/2255 2810/3603/2256 2807/3604/2257
f 2826/1277/922 2816/3605/2258 2812/3606/2259
f 2827/3607/2260 2806/1172/821 2823/3608/2261
f 2824/3609/2262 2809/1169/818 3030/1168/817
f 2822/1274/920 2817/3610/2263 2818/3611/2264
f 2820/3612/2265 2825/1166/815 2821/1165/814
f 2789/3613/2266 2786/3614/2267 2783/3615/2268
f 2803/3616/2269 2792/3617/2270 2788/3618/2271
f 2800/3619/2272 2790/1160/809 2782/1163/812
f 2784/3620/2273 2798/3621/2274 2801/3622/2275
f 2799/3623/2276 2793/3624/2277 2794/3625/2278
f 2796/3626/2279 2802/3627/2280 2797/3628/2281
f 2767/3629/2282 2761/1158/808 3016/1157/807
f 2779/3630/2283 2768/3631/2284 2765/3632/2285
f 2776/3633/2286 2766/1154/804 2760/3634/2287
f 2762/1149/799 2774/3635/2288 2777/1150/800
f 2775/3636/2289 2769/3637/2290 2770/3638/2291
f 2772/3639/2292 2778/3640/2293 2773/3641/2294
f 2781/3642/2295 3014/3643/2296 3010/3644/2297
f 3010/3645/2298 2771/3646/2299 2779/3630/2283
f 3011/3647/2300 2781/3642/2295 3010/3644/2297
f 2776/3633/2286 3010/3648/2298 2780/1155/805
f 2774/1283/2288 2778/3640/2293 3011/3647/2300
f 2770/3649/2291 2773/3641/2294 3012/3650/2301
f 2774/3635/2288 3011/3651/2302 2777/1150/800
f 2763/1153/803 3012/3652/2301 2774/3635/2288
f 2770/3638/2291 3012/3653/2301 2775/3636/2289
f 2775/3636/2289 3012/3653/2301 3013/3654/919
f 2769/3637/2290 3015/3655/802 3018/3656/2303
f 3018/3657/2304 2764/3658/2305 2767/3629/2282
f 3014/3659/2296 2769/3637/2290 3018/3656/2303
f 2768/3631/2284 3014/3660/2306 3018/3661/2304
f 2760/3634/2287 2777/3662/800 2776/3633/2286
f 2764/3658/2305 2762/3663/799 2761/1158/808
f 2765/3632/2285 2780/3664/805 2779/3630/2283
f 3016/1273/807 2760/3634/2287 2766/1154/804
f 2765/3632/2285 3018/3661/2304 3019/3665/806
f 3019/3666/806 2767/3629/2282 3016/1157/807
f 2805/3667/2307 3022/3668/2308 3020/3669/2309
f 3020/3670/2310 2795/3671/2311 2803/3616/2269
f 3020/3669/2309 2802/3627/2280 2805/3667/2307
f 2800/3619/2272 3020/3672/2310 2804/1161/810
f 2798/3673/2274 2802/3627/2280 3023/3674/2312
f 2794/3675/2278 2797/3628/2281 3021/3676/2313
f 2798/3621/2274 3023/3677/2312 2801/3622/2275
f 2785/3678/2314 2799/3623/2276 3021/3679/2315
f 2794/3625/2278 3021/3679/2315 2799/3623/2276
f 2791/3680/2316 2787/3681/2317 3025/3682/2318
f 2785/3683/2314 3021/3684/2313 2798/3621/2274
f 3022/3685/2308 2793/3624/2277 3026/3686/2319
f 2791/3687/2316 3025/3688/2318 2786/3614/2267
f 2792/3617/2270 3022/3689/2308 3026/3690/2320
f 2782/3691/812 2801/3622/2275 3023/3677/2312
f 3025/3692/2318 2784/3620/2273 3024/3693/813
f 3023/3694/2312 2800/3619/2272 2782/1163/812
f 3025/3688/2318 2783/3615/2268 2786/3614/2267
f 2788/3618/2271 2804/3695/810 2803/3616/2269
f 2783/3615/2268 2790/3696/809 2789/3613/2266
f 2788/3618/2271 3026/3690/2320 3027/3697/2321
f 2789/3613/2266 3026/3698/2319 2791/3687/2316
f 3028/1279/924 2819/3699/2322 2826/1277/922
f 2820/3612/2265 3031/3700/2323 3028/3701/924
f 3032/3702/2324 3028/3701/924 3034/3703/923
f 2827/3607/2260 3032/3704/2325 3034/3705/2326
f 3029/3706/921 2824/3609/2262 3030/1168/817
f 2818/3707/2264 2821/1165/814 3029/1167/816
f 3030/1276/817 2811/3708/2327 2822/1274/920
f 2818/3611/2264 3029/1275/921 2822/1274/920
f 2815/3709/2328 2811/3708/2327 3033/3710/819
f 3031/3711/2323 2817/3610/2263 3036/3712/2329
f 2815/3713/2328 3033/3714/2330 2810/3603/2256
f 2816/3605/2258 3031/3715/2331 3036/3716/2332
f 3035/3717/2333 2824/3609/2262 3032/3718/2324
f 3035/1174/823 2823/3608/2261 2806/1172/821
f 2810/3603/2256 2808/3719/820 2807/3604/2257
f 3037/3720/2334 2827/3607/2260 3034/3705/2326
f 2812/3606/2259 3034/1278/923 2826/1277/922
f 2807/3604/2257 2814/3721/822 2813/3602/2255
f 2812/3606/2259 3036/3716/2332 3037/3722/2335
f 2813/3602/2255 3036/3723/2329 2815/3713/2328
f 3039/1282/927 2841/3724/2336 2849/1280/925
f 2842/3601/2254 3038/3725/2337 3039/3726/927
f 3042/3727/2338 3039/3726/927 3044/3728/926
f 2850/3729/2339 3042/3730/2338 3044/3731/2340
f 2844/3597/2250 2848/3732/825 2847/3598/2251
f 2840/3733/2253 2843/1175/824 3040/1177/826
f 3043/3734/2341 2845/3599/2252 3040/3735/2342
f 2840/3600/2253 3040/3735/2342 2845/3599/2252
f 2831/3736/2343 3040/3737/2344 2844/3597/2250
f 2837/3590/2243 2833/3738/828 2832/3739/2345
f 3038/3740/2337 2839/1178/827 3041/1180/829
f 2841/3724/2336 3041/3741/829 2838/1182/831
f 2828/3742/2248 2847/3598/2251 3042/3743/2338
f 2831/3736/2343 3046/3744/2346 3043/3745/2347
f 2828/3595/2248 3042/3730/2338 2846/3593/2246
f 2829/3591/2244 3043/3746/2341 3046/3747/2348
f 2834/3748/830 2850/3729/2339 3044/3731/2340
f 3046/3749/2346 2836/3594/2247 3045/3750/832
f 2834/1181/830 3044/1281/926 2849/1280/925
f 3046/3747/2348 2835/3592/2245 2829/3591/2244
f 2835/3592/2245 2838/3751/831 2837/3590/2243
f 3053/3752/2349 2864/1190/839 3047/1283/833
f 2868/3585/2238 2873/3753/837 2872/3583/2236
f 3049/3754/2350 2870/1187/836 3048/1189/838
f 3049/3755/2350 2869/3588/2241 2866/3587/2240
f 2863/1193/842 2865/3756/840 2867/3757/2351
f 2854/3758/2352 2867/3757/2351 3049/3759/2350
f 3054/3760/2353 2856/3589/2242 3052/3761/2354
f 2854/3762/2352 3049/3755/2350 2866/3587/2240
f 2855/3578/2231 3054/3763/2355 3052/3764/2354
f 3047/1184/833 2862/3765/843 2861/3581/2234
f 2853/3586/2239 3048/3766/838 3051/3767/2356
f 3051/3768/2356 2868/3585/2238 2851/3584/2237
f 3052/3769/2354 2853/3586/2239 3051/3767/2356
f 2855/3578/2231 3051/3770/2356 2852/3771/2357
f 2857/3772/2235 2872/3583/2236 3053/3773/2349
f 2852/3774/2357 2859/3775/2358 3055/3776/2359
f 2857/3582/2235 3053/1186/835 2871/1185/834
f 3055/3777/2359 2861/3581/2234 3054/3778/2353
f 2852/3771/2357 3055/3779/2359 2858/3579/2232
f 3055/3779/2359 2860/3580/2233 2858/3579/2232
f 2894/3780/2224 2888/3781/2360 3059/3782/2361
f 3060/3783/2362 2896/3577/2230 3062/3784/2363
f 2894/3571/2224 3059/3785/2364 2887/3569/2222
f 3060/3786/2362 2895/3787/2365 2891/3572/2225
f 3056/3788/929 2892/3575/2228 3057/1199/848
f 2886/3789/2229 2889/1196/845 3056/1198/847
f 3061/3790/850 2890/1284/928 3057/1286/848
f 2886/3576/2229 3056/1285/929 2890/1284/928
f 2883/3566/2219 2879/3791/852 2878/3792/2366
f 3059/3793/2361 2885/1202/851 3058/1204/853
f 2887/3569/2222 3058/3794/2367 2884/3795/2368
f 3064/3796/2369 2892/3575/2228 3060/3797/2362
f 3064/3798/2369 2891/3572/2225 2874/3574/2227
f 2878/3792/2366 2876/3799/854 2875/3567/2220
f 3062/3800/2370 2882/3573/2226 2895/3787/2365
f 2880/3570/2223 3062/3801/2363 2894/3571/2224
f 3063/3802/2371 2874/3574/2227 2882/3573/2226
f 2875/3567/2220 3063/3803/2371 2881/3568/2221
f 2881/3804/2221 2884/3795/2368 3058/3794/2367
f 2916/3805/2210 2909/3806/2372 3067/3807/863
f 2881/3568/2221 3058/3808/853 2883/3566/2219
f 3068/3809/2373 2918/3565/2218 3071/3810/2374
f 2916/3557/2210 3067/1214/863 2908/1213/862
f 3068/3811/2375 2917/3812/2376 2913/3558/2211
f 2911/3561/2214 2915/3813/856 2914/3814/2377
f 2907/3815/2217 2910/1206/855 3065/1208/857
f 3070/3816/866 2912/3563/2216 3065/3817/857
f 3065/3817/857 2912/3563/2216 2907/3564/2217
f 3070/3818/2378 2911/3561/2214 2899/3562/2215
f 2905/3819/2379 2901/3820/859 2900/1216/865
f 3067/3821/863 2906/1209/858 3066/1290/861
f 3073/1288/931 2914/3814/2377 3068/3822/2373
f 2913/3558/2211 3073/3823/2380 3068/3811/2375
f 3069/1289/864 2899/3562/2215 2898/1287/930
f 3071/3824/2381 2904/3559/2212 2917/3812/2376
f 2902/3556/2209 3071/3825/2374 2916/3557/2210
f 3072/3826/2382 2897/3560/2213 2904/3559/2212
f 3073/3827/931 2903/3555/2208 3069/1215/864
f 3074/3828/860 2902/3556/2209 3066/1212/861
f 2903/3555/2208 3074/3829/2383 2905/3819/2379
f 2941/3554/2207 3078/3830/2384 3075/3831/2385
f 3075/3832/2385 2931/3833/2386 2939/3547/2201
f 3079/3834/2387 2941/3554/2207 3075/3831/2385
f 2936/3549/2203 3075/3835/2385 2940/1229/878
f 2934/3551/2205 2938/3836/868 2937/3550/2204
f 3080/3837/876 2935/3552/2206 3076/3838/869
f 2930/3553/871 2933/3839/867 2935/3552/2206
f 2934/3551/2205 3080/1227/876 3076/3840/2388
f 3077/3841/933 2923/3545/2199 3082/1234/883
f 3078/3842/2384 2929/1223/872 3077/1225/874
f 2931/3833/2386 3077/1292/933 2928/1291/932
f 3081/3843/881 2937/3550/2204 3079/3844/2387
f 3081/1232/881 2936/3549/2203 2919/1233/882
f 2923/3545/2199 2921/3845/875 2920/3546/2200
f 2925/3548/2202 2940/3846/878 2939/3547/2201
f 2920/3546/2200 2927/3847/880 2926/1235/884
f 2925/3548/2202 3082/1293/883 3083/3848/879
f 2962/3849/2190 2956/3542/2197 3088/3850/2389
f 2961/3543/2198 3091/3851/2390 3084/3852/2391
f 2962/3535/2190 3088/3853/2392 2955/3534/2189
f 3084/3854/2393 2963/3536/2191 2959/3537/2192
f 2957/1294/934 3084/3855/2393 2960/1237/885
f 2961/3543/2198 3084/3852/2391 3085/3544/936
f 2956/3542/2197 3086/3856/935 3088/3850/2389
f 3088/3857/2394 2958/3858/2395 2954/3539/2194
f 2945/3859/2193 2958/3858/2395 3086/3860/2396
f 2953/3541/2196 3090/3861/2397 3087/3862/2398
f 2945/3538/2193 3086/1295/935 2957/1294/934
f 3087/3863/2399 2946/3532/2187 2951/3864/2400
f 3087/3862/2398 2954/3539/2194 2953/3541/2196
f 2955/3534/2189 3087/3865/2399 2952/1244/891
f 2942/1240/888 2960/3866/885 2959/3537/2192
f 3090/3867/2397 2944/1239/887 3089/1238/886
f 2943/3533/2188 3090/3868/2401 3089/3869/886
f 3092/3870/2402 2963/3536/2191 3091/3871/2403
f 2948/1243/890 3091/3872/2390 2962/3535/2190
f 2943/3533/2188 2950/3873/889 2949/3531/2186
f 2949/3531/2186 2952/3874/891 2951/3864/2400
f 3099/3875/2404 2978/3876/2405 3095/3877/2406
f 2977/3523/2178 3099/3878/2407 3095/3879/2408
f 2982/3526/2181 2987/3880/894 2986/3525/2180
f 2980/3527/2182 2984/3881/893 2983/3882/2409
f 2976/3883/2185 2979/1249/896 3093/1250/897
f 3098/3884/903 2981/3529/2184 3093/3885/897
f 2976/3530/2185 3093/3885/897 2981/3529/2184
f 3098/3886/2410 2980/3527/2182 2967/3528/2183
f 2973/3887/2411 2969/3888/899 2968/1255/902
f 3095/3889/2406 2975/1251/898 3094/1253/900
f 2977/3523/2178 3094/3890/2412 2974/1261/908
f 2966/1297/937 3096/3891/895 3100/1298/938
f 3100/1259/906 2982/3526/2181 2965/1257/904
f 3097/1299/901 2967/3528/2183 2966/1297/937
f 3101/3892/2413 2986/3525/2180 3099/3893/2404
f 2985/3524/2179 3101/1262/909 3099/3878/2407
f 3100/3894/938 2971/3522/2177 3097/1254/901
f 2971/3522/2177 2974/3895/908 2973/3887/2411
f 3109/1304/942 3002/3896/2414 3102/3897/2415
f 3008/3514/2169 3102/3898/2415 3001/3899/2416
f 3108/3900/910 3009/1303/941 3103/1305/911
f 3104/3901/940 3006/3519/2174 3105/1269/916
f 3104/1268/915 3002/3896/2414 3003/1266/913
f 3000/3521/2176 3104/1301/940 3004/1300/939
f 3105/1302/916 2993/3520/2175 3004/1300/939
f 3107/3902/2417 2993/3520/2175 3106/3903/2418
f 2997/3511/2166 3106/3904/918 2992/3905/2419
f 3001/3906/2416 2999/3907/2420 3107/3902/2417
f 2988/3908/2173 3006/3519/2174 3108/3909/910
f 3107/3910/2417 2998/3515/2170 3001/3899/2416
f 2992/3911/2419 2990/3912/2421 3110/3913/2422
f 2988/3518/2173 3108/1263/910 3005/1265/912
f 2996/3517/2172 3109/3914/942 2994/3915/2171
f 2992/3905/2419 3110/3916/2423 2989/3512/2167
f 3110/3917/2422 2996/3517/2172 3111/3918/2424
f 2994/3516/2171 3109/3919/2425 3008/3514/2169
f 2995/3513/2168 3110/3916/2423 3111/3920/2424
f 3111/3921/2424 2998/3515/2170 3107/3910/2417
f 3111/3920/2424 2997/3511/2166 2995/3513/2168
f 2761/1158/808 2762/3663/799 3017/1159/801
f 2772/3639/2292 2770/3649/2291 3014/3643/2296
f 2773/3641/2294 2774/1283/2288 3012/3650/2301
f 2776/3633/2286 2777/3662/800 3011/3922/2302
f 2779/3630/2283 2780/3664/805 3010/3645/2298
f 2784/3620/2273 2782/3691/812 3024/3693/813
f 2787/3681/2317 2785/3678/2314 3025/3682/2318
f 2789/3613/2266 2790/3696/809 3027/3923/811
f 2793/3624/2277 2791/3680/2316 3026/3686/2319
f 2796/3626/2279 2794/3675/2278 3022/3668/2308
f 2797/3628/2281 2798/3673/2274 3021/3676/2313
f 2803/3616/2269 2804/3695/810 3020/3670/2310
f 2807/3604/2257 2808/3719/820 3035/3924/2333
f 2813/3602/2255 2814/3721/822 3037/3925/2334
f 2817/3610/2263 2815/3709/2328 3036/3712/2329
f 2820/3612/2265 2818/3707/2264 3031/3700/2323
f 2824/3609/2262 2825/3926/815 3032/3718/2324
f 2830/3596/2249 2828/3742/2248 3046/3744/2346
f 2832/3739/2345 2833/3738/828 3043/3746/2341
f 2836/3594/2247 2834/3748/830 3045/3750/832
f 2837/3590/2243 2838/3751/831 3041/3927/829
f 2842/3601/2254 2840/3733/2253 3038/3725/2337
f 2847/3598/2251 2848/3732/825 3042/3743/2338
f 2851/3584/2237 2852/3774/2357 3051/3768/2356
f 2856/3589/2242 2854/3758/2352 3052/3761/2354
f 2859/3775/2358 2857/3772/2235 3055/3776/2359
f 2861/3581/2234 2862/3765/843 3054/3778/2353
f 2867/3757/2351 2865/3756/840 3049/3759/2350
f 2872/3583/2236 2873/3753/837 3053/3773/2349
f 2875/3567/2220 2876/3799/854 3064/3928/2369
f 2878/3792/2366 2879/3791/852 3061/3929/850
f 2880/3570/2223 2881/3804/2221 3063/3930/2371
f 2888/3781/2360 2886/3789/2229 3059/3782/2361
f 2892/3575/2228 2893/3931/846 3060/3797/2362
f 2896/3577/2230 2894/3780/2224 3062/3784/2363
f 2900/1216/865 2901/3820/859 3070/1217/866
f 2909/3806/2372 2907/3815/2217 3067/3807/863
f 2914/3814/2377 2915/3813/856 3068/3822/2373
f 2918/3565/2218 2916/3805/2210 3071/3810/2374
f 2920/3546/2200 2921/3845/875 3081/3932/881
f 2923/3545/2199 2924/3933/873 3080/3934/876
f 2926/1235/884 2927/3847/880 3083/1236/879
f 2932/1221/870 2930/1222/871 3078/3830/2384
f 2935/3552/2206 2933/3839/867 3076/3838/869
f 2937/3550/2204 2938/3836/868 3079/3844/2387
f 2939/3547/2201 2940/3846/878 3075/3832/2385
f 2947/3540/2195 2945/3859/2193 3090/3861/2397
f 2949/3531/2186 2950/3873/889 3092/3935/2402
f 2951/3864/2400 2952/3874/891 3087/3863/2399
f 2959/3537/2192 2960/3866/885 3084/3854/2393
f 2964/3936/2426 2962/3849/2190 3091/3851/2390
f 2968/1255/902 2969/3888/899 3098/1256/903
f 2971/3522/2177 2972/3937/905 3101/3938/2413
f 2973/3887/2411 2974/3895/908 3094/3939/2412
f 2978/3876/2405 2976/3883/2185 3095/3877/2406
f 2983/3882/2409 2984/3881/893 3096/3891/895
f 2986/3525/2180 2987/3880/894 3099/3893/2404
f 2990/3912/2421 2988/3908/2173 3110/3913/2422
f 2991/1270/917 2992/3911/2419 3106/1271/918
f 2996/3517/2172 2994/3915/2171 3111/3918/2424
f 3000/3521/2176 3001/3906/2416 3102/3940/2415
f 3006/3519/2174 3007/3941/914 3108/3909/910
f 2387/1306/943 604/1310/947 607/1307/944
f 2386/1309/946 593/1312/949 604/1310/947
f 922/34/34 595/1315/952 594/1311/948
f 932/2/2 10/49/47 598/1314/951
f 80/12/12 70/420/239 71/51/49
f 84/55/53 83/59/57 77/9/9
f 92/58/56 83/59/57 84/55/53
f 2390/6/6 2389/1319/956 601/1316/953
f 8/1317/954 4/29/29 30/31/31
f 2389/1319/956 17/1333/970 610/1320/957
f 37/26/26 15/1334/971 21/1322/959
f 14/17/17 16/1345/982 52/1324/961
f 2/1308/945 607/1307/944 603/1325/962
f 5/1327/964 18/16/16 39/1328/965
f 26/1330/967 1/21/21 50/1331/968
f 17/1333/970 2388/1326/963 603/1325/962
f 45/28/28 12/1337/974 15/1334/971
f 7/22/22 19/15/15 31/14/14
f 43/1323/960 21/1322/959 11/19/19
f 2428/431/250 22/430/249 12/1337/974
f 26/1330/967 14/17/17 11/19/19
f 11/19/19 21/1322/959 47/1335/972
f 27/1329/966 15/1334/971 12/1337/974
f 48/1339/976 12/1337/974 22/430/249
f 33/1318/955 30/31/31 31/14/14
f 32/1341/978 31/14/14 18/16/16
f 40/20/20 41/30/30 51/1321/958
f 1/21/21 40/20/20 24/1342/979
f 82/48/46 620/1343/980 598/1314/951
f 36/27/27 37/26/26 43/1323/960
f 6/1344/981 36/27/27 44/32/32
f 35/18/18 52/1324/961 25/25/25
f 15/1334/971 27/1329/966 39/1328/965
f 26/1330/967 29/1332/969 16/1345/982
f 42/1346/983 32/1341/978 5/1327/964
f 47/1335/972 39/1328/965 18/16/16
f 40/20/20 31/14/14 30/31/31
f 2431/1336/973 33/1318/955 42/1346/983
f 2430/1348/985 42/1346/983 9/1347/984
f 44/32/32 43/1323/960 35/18/18
f 2427/1350/987 2428/431/250 45/28/28
f 2426/1351/988 2427/1350/987 36/27/27
f 26/1330/967 46/1338/975 7/22/22
f 46/1338/975 47/1335/972 19/15/15
f 27/1329/966 48/1339/976 9/1347/984
f 48/1339/976 49/1340/977 20/1349/986
f 618/373/211 93/1363/1000 96/63/61
f 621/61/59 97/62/60 99/1353/990
f 62/1355/992 2387/1306/943 2/1308/945
f 66/1357/994 52/1324/961 16/1345/982
f 2388/1326/963 17/1333/970 58/1359/996
f 53/40/40 13/1313/950 2386/1309/946
f 59/41/41 2386/1309/946 2387/1306/943
f 54/1361/998 3/23/23 25/25/25
f 63/1362/999 25/25/25 52/1324/961
f 55/1356/993 2/1308/945 2388/1326/963
f 93/1363/1000 91/11/11 81/10/10
f 97/62/60 92/58/56 87/57/55
f 62/1355/992 55/1356/993 56/1364/1001
f 61/1365/1002 56/1364/1001 50/1331/968
f 65/1366/1003 66/1357/994 57/1358/995
f 65/1366/1003 58/1359/996 17/1333/970
f 68/1367/1004 69/1360/997 58/1359/996
f 29/1332/969 68/1367/1004 57/1358/995
f 53/40/40 60/39/39 51/1321/958
f 59/41/41 62/1355/992 61/1365/1002
f 60/39/39 61/1365/1002 24/1342/979
f 54/1361/998 64/1368/1005 2390/6/6
f 63/1362/999 66/1357/994 65/1366/1003
f 64/1368/1005 65/1366/1003 2389/1319/956
f 69/1360/997 68/1367/1004 56/1364/1001
f 56/1364/1001 68/1367/1004 29/1332/969
f 71/51/49 72/47/45 94/46/44
f 85/418/237 79/53/51 4/29/29
f 80/12/12 79/53/51 85/418/237
f 76/56/54 78/1369/1006 6/1344/981
f 84/55/53 90/8/8 78/1369/1006
f 89/50/48 77/9/9 83/59/57
f 96/63/61 94/46/44 619/60/58
f 74/372/210 13/1313/950 53/40/40
f 618/373/211 74/372/210 95/1370/1007
f 622/1371/1008 98/1372/1009 54/1361/998
f 622/1371/1008 75/1354/991 99/1353/990
f 4/29/29 79/53/51 95/1370/1007
f 79/53/51 91/11/11 93/1363/1000
f 98/1372/1009 76/56/54 3/23/23
f 87/57/55 76/56/54 98/1372/1009
f 2397/1373/1010 658/1377/1014 661/1374/1011
f 2398/1376/1013 648/1379/1016 658/1377/1014
f 991/100/98 650/1382/1019 649/1378/1015
f 1001/65/63 109/109/107 652/1381/1018
f 177/75/73 167/442/261 168/111/109
f 181/115/113 180/119/117 174/72/70
f 189/118/116 180/119/117 181/115/113
f 2394/69/67 2395/1386/1023 655/1383/1020
f 107/1384/1021 103/95/93 129/97/95
f 2395/1386/1023 116/1401/1037 664/1387/1024
f 136/92/90 114/1402/1038 120/1389/1026
f 113/80/78 115/1413/1049 150/1391/1028
f 101/1375/1012 661/1374/1011 657/1392/1029
f 104/1394/1031 117/79/77 137/1395/1032
f 125/1398/1034 100/84/82 148/1399/1035
f 116/1401/1037 2396/1393/1030 657/1392/1029
f 143/94/92 111/1405/1041 114/1402/1038
f 106/85/83 118/78/76 130/77/75
f 141/1390/1027 120/1389/1026 110/82/80
f 2434/454/272 121/453/271 111/1405/1041
f 125/1398/1034 113/80/78 110/82/80
f 110/82/80 120/1389/1026 145/1403/1039
f 126/1396/1033 114/1402/1038 111/1405/1041
f 146/1407/1043 111/1405/1041 121/453/271
f 132/1385/1022 129/97/95 130/77/75
f 131/1409/1045 130/77/75 117/79/77
f 138/83/81 139/96/94 149/1388/1025
f 100/84/82 138/83/81 123/1410/1046
f 179/108/106 674/1411/1047 652/1381/1018
f 135/93/91 136/92/90 141/1390/1027
f 105/1412/1048 135/93/91 142/98/96
f 134/81/79 150/1391/1028 124/88/86
f 114/1402/1038 126/1396/1033 137/1395/1032
f 125/1398/1034 128/1400/1036 115/1413/1049
f 140/1414/1050 131/1409/1045 104/1394/1031
f 145/1403/1039 137/1395/1032 117/79/77
f 138/83/81 130/77/75 129/97/95
f 2437/1404/1040 132/1385/1022 140/1414/1050
f 2436/1416/1052 140/1414/1050 108/1415/1051
f 142/98/96 141/1390/1027 134/81/79
f 2433/1418/1054 2434/454/272 143/94/92
f 2432/1419/1055 2433/1418/1054 135/93/91
f 125/1398/1034 144/1406/1042 106/85/83
f 144/1406/1042 145/1403/1039 118/78/76
f 126/1396/1033 146/1407/1043 108/1415/1051
f 146/1407/1043 147/1408/1044 119/1417/1053
f 672/381/219 190/1431/1067 193/123/121
f 675/121/119 194/122/120 196/1421/1057
f 160/1423/1059 2397/1373/1010 101/1375/1012
f 164/1425/1061 150/1391/1028 115/1413/1049
f 2396/1393/1030 116/1401/1037 156/1427/1063
f 151/103/101 112/1380/1017 2398/1376/1013
f 157/104/102 2398/1376/1013 2397/1373/1010
f 152/1429/1065 102/86/84 124/88/86
f 161/1430/1066 124/88/86 150/1391/1028
f 153/1424/1060 101/1375/1012 2396/1393/1030
f 190/1431/1067 188/74/72 178/73/71
f 194/122/120 189/118/116 184/117/115
f 160/1423/1059 153/1424/1060 154/1432/1068
f 159/1433/1069 154/1432/1068 148/1399/1035
f 163/1434/1070 164/1425/1061 155/1426/1062
f 163/1434/1070 156/1427/1063 116/1401/1037
f 165/1435/1071 166/1428/1064 156/1427/1063
f 128/1400/1036 165/1435/1071 155/1426/1062
f 151/103/101 158/102/100 149/1388/1025
f 157/104/102 160/1423/1059 159/1433/1069
f 158/102/100 159/1433/1069 123/1410/1046
f 152/1429/1065 162/1436/1072 2394/69/67
f 161/1430/1066 164/1425/1061 163/1434/1070
f 162/1436/1072 163/1434/1070 2395/1386/1023
f 166/1428/1064 165/1435/1071 154/1432/1068
f 154/1432/1068 165/1435/1071 128/1400/1036
f 168/111/109 169/107/105 191/106/104
f 182/440/259 176/113/111 103/95/93
f 177/75/73 176/113/111 182/440/259
f 173/116/114 175/1437/1073 105/1412/1048
f 181/115/113 187/71/69 175/1437/1073
f 186/110/108 174/72/70 180/119/117
f 193/123/121 191/106/104 673/120/118
f 171/380/218 112/1380/1017 151/103/101
f 672/381/219 171/380/218 192/1438/1074
f 676/1439/1075 195/1440/1076 152/1429/1065
f 676/1439/1075 172/1422/1058 196/1421/1057
f 103/95/93 176/113/111 192/1438/1074
f 176/113/111 188/74/72 190/1431/1067
f 195/1440/1076 173/116/114 102/86/84
f 184/117/115 173/116/114 195/1440/1076
f 2405/1441/1077 713/1445/1014 716/1442/1011
f 2406/1444/1078 702/1448/1080 713/1445/1014
f 1060/1446/1079 704/1451/1019 703/1447/1015
f 1070/126/123 206/169/107 707/1450/1018
f 275/135/73 265/466/283 266/171/146
f 279/175/113 278/179/151 272/132/128
f 287/178/116 278/179/151 279/175/113
f 2402/129/67 2403/1455/1023 710/1452/1020
f 217/1453/1081 200/155/138 227/157/139
f 2403/1455/1023 213/1470/1037 719/1456/1024
f 234/152/90 211/1471/1084 218/1458/1026
f 210/140/78 212/1483/1049 248/1460/1028
f 198/1443/1012 716/1442/1011 712/1461/1029
f 201/1463/1031 214/139/77 235/1464/1032
f 223/1467/1083 197/144/82 246/1468/1035
f 213/1470/1037 2404/1462/1030 712/1461/1029
f 241/154/137 208/1475/1087 211/1471/1084
f 203/145/132 215/138/76 228/137/75
f 204/1473/1085 217/1453/1081 230/1454/1082
f 239/1459/1027 218/1458/1026 207/142/80
f 2440/476/291 219/475/290 208/1475/1087
f 223/1467/1083 210/140/78 207/142/80
f 207/142/80 218/1458/1026 243/1472/1039
f 224/1465/1033 211/1471/1084 208/1475/1087
f 244/1477/1043 208/1475/1087 219/475/290
f 230/1454/1082 227/157/139 228/137/75
f 229/1479/1090 228/137/75 214/139/77
f 236/143/81 237/156/94 247/1457/1025
f 197/144/82 236/143/81 221/1480/1046
f 277/168/106 729/1481/1047 707/1450/1018
f 233/153/136 234/152/90 239/1459/1027
f 202/1482/1091 233/153/136 240/158/96
f 232/141/131 248/1460/1028 222/148/86
f 211/1471/1084 224/1465/1033 235/1464/1032
f 223/1467/1083 226/1469/1036 212/1483/1049
f 238/1484/1092 229/1479/1090 201/1463/1031
f 243/1472/1039 235/1464/1032 214/139/77
f 236/143/81 228/137/75 227/157/139
f 2443/1474/1086 230/1454/1082 238/1484/1092
f 2442/1486/1094 238/1484/1092 205/1485/1093
f 240/158/96 239/1459/1027 232/141/131
f 2439/1488/1096 2440/476/291 241/154/137
f 2438/1489/1097 2439/1488/1096 233/153/136
f 223/1467/1083 242/1476/1088 203/145/132
f 242/1476/1088 243/1472/1039 215/138/76
f 224/1465/1033 244/1477/1043 205/1485/1093
f 244/1477/1043 245/1478/1089 216/1487/1095
f 727/389/219 288/1501/1067 291/183/153
f 730/181/119 292/182/152 294/1491/1057
f 258/1493/1098 2405/1441/1077 198/1443/1012
f 262/1495/1099 248/1460/1028 212/1483/1049
f 2404/1462/1030 213/1470/1037 254/1497/1063
f 249/163/101 209/1449/1017 2406/1444/1078
f 255/164/102 2406/1444/1078 2405/1441/1077
f 250/1499/1100 199/146/133 222/148/86
f 259/1500/1066 222/148/86 248/1460/1028
f 251/1494/1060 198/1443/1012 2404/1462/1030
f 288/1501/1067 286/134/72 276/133/129
f 292/182/152 287/178/116 282/177/150
f 258/1493/1098 251/1494/1060 252/1502/1068
f 257/1503/1069 252/1502/1068 246/1468/1035
f 261/1504/1070 262/1495/1099 253/1496/1062
f 261/1504/1070 254/1497/1063 213/1470/1037
f 263/1505/1071 264/1498/1064 254/1497/1063
f 226/1469/1036 263/1505/1071 253/1496/1062
f 249/163/101 256/162/143 247/1457/1025
f 255/164/102 258/1493/1098 257/1503/1069
f 256/162/143 257/1503/1069 221/1480/1046
f 250/1499/1100 260/1506/1072 2402/129/67
f 259/1500/1066 262/1495/1099 261/1504/1070
f 260/1506/1072 261/1504/1070 2403/1455/1023
f 264/1498/1064 263/1505/1071 252/1502/1068
f 252/1502/1068 263/1505/1071 226/1469/1036
f 266/171/146 267/167/105 289/166/104
f 274/173/148 200/155/138 217/1453/1081
f 275/135/73 274/173/148 280/464/281
f 271/176/114 273/1507/1073 202/1482/1091
f 279/175/113 285/131/127 273/1507/1073
f 284/170/145 272/132/128 278/179/151
f 291/183/153 289/166/104 728/180/118
f 269/388/218 209/1449/1017 249/163/101
f 727/389/219 269/388/218 290/1508/1101
f 731/1509/1102 293/1510/1076 250/1499/1100
f 731/1509/1102 270/1492/1058 294/1491/1057
f 200/155/138 274/173/148 290/1508/1101
f 274/173/148 286/134/72 288/1501/1067
f 293/1510/1076 271/176/114 199/146/133
f 282/177/150 271/176/114 293/1510/1076
f 2412/1511/1077 767/1515/1014 770/1512/1011
f 2413/1514/1013 757/1518/1016 767/1515/1014
f 1130/1516/1103 759/1521/1019 758/1517/1015
f 1139/185/63 304/228/107 761/1520/1018
f 374/195/73 364/488/283 365/230/109
f 378/234/166 377/238/168 371/192/128
f 386/237/116 377/238/168 378/234/166
f 2409/189/67 2410/1525/1023 764/1522/1020
f 315/1523/1105 298/217/138 325/219/139
f 2410/1525/1023 311/1539/1037 774/1526/1024
f 332/212/90 309/1540/1084 316/1528/1026
f 308/200/78 310/1554/1049 347/1530/1028
f 296/1513/1012 770/1512/1011 766/1531/1029
f 299/1533/1031 312/199/77 333/1534/1032
f 321/1536/1083 295/204/82 345/1537/1035
f 311/1539/1037 2411/1532/1030 766/1531/1029
f 339/214/161 306/1546/1109 309/1540/1084
f 301/205/83 313/198/76 326/197/75
f 302/1544/1107 315/1523/1105 328/1524/1106
f 337/1529/1027 316/1528/1026 305/202/80
f 2446/496/298 317/495/297 306/1546/1109
f 321/1536/1083 308/200/78 305/202/80
f 305/202/80 316/1528/1026 342/1543/1039
f 322/1535/1033 309/1540/1084 306/1546/1109
f 343/1548/1111 306/1546/1109 317/495/297
f 328/1524/1106 325/219/139 326/197/75
f 327/1550/1090 326/197/75 312/199/77
f 334/203/155 335/218/94 346/1527/1025
f 295/204/82 334/203/155 319/1551/1046
f 376/227/164 784/1552/1047 761/1520/1018
f 331/213/160 332/212/90 337/1529/1027
f 300/1553/1113 331/213/160 338/220/96
f 330/201/131 347/1530/1028 320/211/86
f 309/1540/1084 322/1535/1033 333/1534/1032
f 321/1536/1083 324/1538/1036 310/1554/1049
f 336/1555/1114 327/1550/1090 299/1533/1031
f 342/1543/1039 333/1534/1032 312/199/77
f 334/203/155 326/197/75 325/219/139
f 2449/1545/1108 328/1524/1106 336/1555/1114
f 2448/1557/1116 336/1555/1114 303/1556/1115
f 338/220/96 337/1529/1027 330/201/131
f 2445/1559/1118 2446/496/298 339/214/161
f 2444/1560/1119 2445/1559/1118 331/213/160
f 321/1536/1083 341/1547/1110 301/205/83
f 341/1547/1110 342/1543/1039 313/198/76
f 322/1535/1033 343/1548/1111 303/1556/1115
f 343/1548/1111 344/1549/1112 314/1558/1117
f 782/398/219 387/1572/1067 390/242/121
f 785/240/119 391/241/152 393/1562/1120
f 357/1564/1098 2412/1511/1077 296/1513/1012
f 361/1566/1061 347/1530/1028 310/1554/1049
f 2411/1532/1030 311/1539/1037 353/1568/1063
f 348/222/101 307/1519/1104 2413/1514/1013
f 354/223/102 2413/1514/1013 2412/1511/1077
f 349/1570/1100 297/209/159 320/211/86
f 358/1571/1066 320/211/86 347/1530/1028
f 350/1565/1060 296/1513/1012 2411/1532/1030
f 387/1572/1067 385/194/72 375/193/71
f 391/241/152 386/237/116 381/236/115
f 357/1564/1098 350/1565/1060 351/1573/1068
f 356/1574/1121 351/1573/1068 345/1537/1035
f 360/1575/1070 361/1566/1061 352/1567/1062
f 360/1575/1070 353/1568/1063 311/1539/1037
f 362/1576/1071 363/1569/1064 353/1568/1063
f 324/1538/1036 362/1576/1071 352/1567/1062
f 348/222/101 355/221/143 346/1527/1025
f 354/223/102 357/1564/1098 356/1574/1121
f 355/221/143 356/1574/1121 319/1551/1046
f 349/1570/1100 359/1577/1122 2409/189/67
f 358/1571/1066 361/1566/1061 360/1575/1070
f 359/1577/1122 360/1575/1070 2410/1525/1023
f 363/1569/1064 362/1576/1071 351/1573/1068
f 351/1573/1068 362/1576/1071 324/1538/1036
f 365/230/109 366/226/105 388/225/104
f 373/232/148 298/217/138 315/1523/1105
f 364/488/283 374/195/73 373/232/148
f 370/235/167 372/1578/1123 300/1553/1113
f 378/234/166 384/191/127 372/1578/1123
f 383/229/145 371/192/128 377/238/168
f 390/242/121 388/225/104 783/239/118
f 368/397/218 307/1519/1104 348/222/101
f 782/398/219 368/397/218 389/1579/1074
f 786/1580/1102 392/1581/1124 349/1570/1100
f 786/1580/1102 369/1563/1058 393/1562/1120
f 298/217/138 373/232/148 389/1579/1074
f 373/232/148 385/194/72 387/1572/1067
f 392/1581/1124 370/235/167 297/209/159
f 381/236/115 370/235/167 392/1581/1124
f 2418/1582/1010 822/1586/1014 825/1583/1011
f 2419/1585/1078 812/1589/1016 822/1586/1014
f 1197/1587/1125 814/1592/1126 813/1588/1015
f 1207/244/169 403/289/107 816/1591/1018
f 473/254/174 463/511/283 464/291/109
f 477/295/166 476/299/151 470/251/173
f 485/298/116 476/299/151 477/295/166
f 2415/248/67 2416/1596/1023 819/1593/1020
f 401/1594/1127 397/274/179 423/276/95
f 2416/1596/1023 410/1610/1129 829/1597/1024
f 430/271/90 408/1611/1084 414/1599/1026
f 407/259/78 409/1622/1049 445/1601/1028
f 395/1584/1012 825/1583/1011 821/1602/1029
f 398/1604/1031 411/258/175 431/1605/1032
f 419/1607/1034 394/263/82 443/1608/1035
f 410/1610/1129 2417/1603/1030 821/1602/1029
f 438/273/92 405/1614/1131 408/1611/1084
f 400/264/132 412/257/76 424/256/75
f 436/1600/1027 414/1599/1026 404/261/80
f 2452/520/310 415/519/309 405/1614/1131
f 419/1607/1034 407/259/78 404/261/80
f 404/261/80 414/1599/1026 440/1612/1039
f 420/1606/1033 408/1611/1084 405/1614/1131
f 441/1616/1043 405/1614/1131 415/519/309
f 426/1595/1128 423/276/95 424/256/75
f 425/1618/1045 424/256/75 411/258/175
f 432/262/81 433/275/180 444/1598/1025
f 394/263/82 432/262/81 417/1619/1046
f 475/288/106 839/1620/1133 816/1591/1018
f 429/272/91 430/271/90 436/1600/1027
f 399/1621/1134 429/272/91 437/278/96
f 428/260/79 445/1601/1028 418/270/86
f 408/1611/1084 420/1606/1033 431/1605/1032
f 419/1607/1034 422/1609/1036 409/1622/1049
f 434/1623/1135 425/1618/1045 398/1604/1031
f 440/1612/1039 431/1605/1032 411/258/175
f 432/262/81 424/256/75 423/276/95
f 2455/1613/1130 426/1595/1128 434/1623/1135
f 2454/1625/1137 434/1623/1135 402/1624/1136
f 437/278/96 436/1600/1027 428/260/79
f 2451/1627/1054 2452/520/310 438/273/92
f 2450/1628/1097 2451/1627/1054 429/272/91
f 419/1607/1034 439/1615/1088 400/264/132
f 439/1615/1088 440/1612/1039 412/257/76
f 420/1606/1033 441/1616/1043 402/1624/1136
f 441/1616/1043 442/1617/1132 413/1626/1138
f 837/405/219 486/1640/1067 489/303/187
f 840/301/186 490/302/120 492/1630/1057
f 455/1632/1098 2418/1582/1010 395/1584/1012
f 459/1634/1061 445/1601/1028 409/1622/1049
f 2417/1603/1030 410/1610/1129 451/1636/1063
f 446/283/101 406/1590/1104 2419/1585/1078
f 452/284/102 2419/1585/1078 2418/1582/1010
f 447/1638/1100 396/268/178 418/270/86
f 456/1639/1066 418/270/86 445/1601/1028
f 448/1633/1060 395/1584/1012 2417/1603/1030
f 486/1640/1067 484/253/72 474/252/71
f 490/302/120 485/298/116 480/297/115
f 455/1632/1098 448/1633/1060 449/1641/1068
f 454/1642/1069 449/1641/1068 443/1608/1035
f 458/1643/1139 459/1634/1061 450/1635/1062
f 458/1643/1139 451/1636/1063 410/1610/1129
f 461/1644/1071 462/1637/1064 451/1636/1063
f 422/1609/1036 461/1644/1071 450/1635/1062
f 446/283/101 453/282/143 444/1598/1025
f 452/284/102 455/1632/1098 454/1642/1069
f 453/282/143 454/1642/1069 417/1619/1046
f 447/1638/1100 457/1645/1072 2415/248/67
f 456/1639/1066 459/1634/1061 458/1643/1139
f 457/1645/1072 458/1643/1139 2416/1596/1023
f 462/1637/1064 461/1644/1071 449/1641/1068
f 449/1641/1068 461/1644/1071 422/1609/1036
f 464/291/109 465/287/105 487/286/104
f 478/509/305 472/293/111 397/274/179
f 473/254/174 472/293/111 478/509/305
f 469/296/114 471/1647/1140 399/1621/1134
f 477/295/166 483/250/172 471/1647/1140
f 482/290/145 470/251/173 476/299/151
f 489/303/187 487/286/104 838/300/185
f 467/404/218 406/1590/1104 446/283/101
f 837/405/219 467/404/218 488/1648/1101
f 841/1649/1102 491/1650/1141 447/1638/1100
f 841/1649/1102 468/1631/1058 492/1630/1057
f 397/274/179 472/293/111 488/1648/1101
f 472/293/111 484/253/72 486/1640/1067
f 491/1650/1141 469/296/114 396/268/178
f 480/297/115 469/296/114 491/1650/1141
f 2424/1651/1077 876/1655/1014 879/1652/1142
f 2425/1654/1078 866/1657/1080 876/1655/1014
f 1265/343/196 868/1660/1143 867/1656/1015
f 870/1659/1018 869/306/188 1274/305/169
f 572/315/73 562/531/316 563/353/146
f 576/357/201 575/361/202 569/312/190
f 584/360/116 575/361/202 576/357/201
f 2421/309/67 2422/1664/1023 873/1661/1020
f 500/1662/1127 496/335/93 522/337/95
f 2422/1664/1023 509/1679/1037 884/1665/1024
f 529/332/90 507/1680/1084 513/1667/1026
f 506/320/78 508/1691/1049 545/1669/1028
f 494/1653/1012 879/1652/1142 875/1670/1029
f 497/1672/1031 510/319/77 531/1673/1032
f 518/1676/1034 493/324/82 543/1677/1035
f 509/1679/1037 2423/1671/1030 875/1670/1029
f 538/334/161 504/1683/1087 507/1680/1084
f 499/325/83 511/318/76 523/317/75
f 536/1668/1027 513/1667/1026 503/322/80
f 2458/539/322 514/538/321 504/1683/1087
f 518/1676/1034 506/320/78 503/322/80
f 503/322/80 513/1667/1026 540/1681/1039
f 519/1674/1033 507/1680/1084 504/1683/1087
f 541/1685/1043 504/1683/1087 514/538/321
f 525/1663/1144 522/337/95 523/317/75
f 524/1687/1090 523/317/75 510/319/77
f 532/323/81 533/336/180 544/1666/1025
f 493/324/82 532/323/81 516/1688/1046
f 574/350/164 894/1689/1047 870/1659/1018
f 528/333/160 529/332/90 536/1668/1027
f 498/1690/1113 528/333/160 537/339/96
f 527/321/79 545/1669/1028 517/328/86
f 507/1680/1084 519/1674/1033 531/1673/1032
f 518/1676/1034 521/1678/1036 508/1691/1049
f 534/1692/1114 524/1687/1090 497/1672/1031
f 540/1681/1039 531/1673/1032 510/319/77
f 532/323/81 523/317/75 522/337/95
f 2461/1682/1145 525/1663/1144 534/1692/1114
f 2460/1694/1148 534/1692/1114 501/1693/1147
f 537/339/96 536/1668/1027 527/321/79
f 2457/1696/1118 2458/539/322 538/334/161
f 2456/1697/1119 2457/1696/1118 528/333/160
f 518/1676/1034 539/1684/1042 499/325/83
f 539/1684/1042 540/1681/1039 511/318/76
f 519/1674/1033 541/1685/1043 501/1693/1147
f 541/1685/1043 542/1686/1146 512/1695/1149
f 892/415/219 585/1709/1067 588/365/203
f 895/363/119 589/364/152 591/1699/1150
f 555/1701/1059 2424/1651/1077 494/1653/1012
f 559/1703/1061 545/1669/1028 508/1691/1049
f 2423/1671/1030 509/1679/1037 551/1705/1063
f 546/345/101 505/1658/1017 2425/1654/1078
f 552/346/102 2425/1654/1078 2424/1651/1077
f 547/1707/1100 495/326/191 517/328/86
f 556/1708/1066 517/328/86 545/1669/1028
f 548/1702/1060 494/1653/1012 2423/1671/1030
f 585/1709/1067 583/314/72 573/313/71
f 589/364/152 584/360/116 579/359/115
f 555/1701/1059 548/1702/1060 549/1710/1068
f 554/1711/1069 549/1710/1068 543/1677/1035
f 558/1712/1070 559/1703/1061 550/1704/1062
f 558/1712/1070 551/1705/1063 509/1679/1037
f 560/1713/1071 561/1706/1064 551/1705/1063
f 521/1678/1036 560/1713/1071 550/1704/1062
f 546/345/101 553/344/197 544/1666/1025
f 552/346/102 555/1701/1059 554/1711/1069
f 553/344/197 554/1711/1069 516/1688/1046
f 547/1707/1100 557/1714/1122 2421/309/67
f 556/1708/1066 559/1703/1061 558/1712/1070
f 557/1714/1122 558/1712/1070 2422/1664/1023
f 561/1706/1064 560/1713/1071 549/1710/1068
f 549/1710/1068 560/1713/1071 521/1678/1036
f 563/353/146 564/349/105 586/348/104
f 577/529/315 571/355/200 496/335/93
f 572/315/73 571/355/200 577/529/315
f 568/358/167 570/1715/1073 498/1690/1113
f 576/357/201 582/311/127 570/1715/1073
f 581/352/145 569/312/190 575/361/202
f 588/365/203 586/348/104 893/362/185
f 566/414/218 505/1658/1017 546/345/101
f 892/415/219 566/414/218 587/1716/1074
f 896/1717/1102 590/1718/1151 547/1707/1100
f 896/1717/1102 567/1700/1058 591/1699/1150
f 496/335/93 571/355/200 587/1716/1074
f 571/355/200 583/314/72 585/1709/1067
f 590/1718/1151 568/358/167 495/326/191
f 579/359/115 568/358/167 590/1718/1151
f 2753/1018/717 641/3495/2160 640/1719/1152
f 639/1721/1154 636/1725/1157 611/1035/734
f 638/368/206 592/367/205 612/1013/712
f 637/1724/207 596/1028/727 611/1035/734
f 612/1013/712 602/1014/713 634/1722/1155
f 638/1726/1158 607/1307/944 604/1310/947
f 604/1310/947 593/1312/949 645/1728/1160
f 593/1312/949 13/1313/950 630/1729/714
f 631/1730/723 629/371/209 618/373/211
f 633/1731/731 594/1311/948 595/1315/952
f 644/1732/1161 595/1315/952 23/33/33
f 23/33/33 2392/43/42 639/1734/1163
f 642/1735/1164 637/369/207 2391/1/1
f 597/3/3 598/1314/951 625/1736/1165
f 621/61/59 75/1354/991 626/1737/720
f 600/4/4 641/1740/1168 628/1739/1167
f 641/1740/1168 600/4/4 601/1316/953
f 601/1316/953 610/1320/957 634/1742/1155
f 2392/43/42 28/42/37 636/1743/1170
f 607/1307/944 638/1726/1158 635/1744/1156
f 608/36/36 637/369/207 636/1745/1170
f 635/1744/1156 634/1742/1155 610/1320/957
f 594/1311/948 633/1731/731 632/1746/1171
f 619/60/58 632/1746/1171 631/1730/723
f 74/372/210 629/371/209 630/1729/714
f 599/5/5 628/1739/1167 627/1747/1172
f 627/1747/1172 626/1737/720 75/1354/991
f 598/1314/951 620/1343/980 623/1748/1173
f 620/1343/980 621/61/59 624/1738/1166
f 2754/1049/745 695/3498/1185 694/1749/1174
f 693/1751/1176 690/1756/1180 665/1752/767
f 692/376/214 647/375/213 666/1037/736
f 691/1755/1179 2755/1048/744 665/1752/767
f 666/1037/736 656/1036/735 688/1753/1177
f 692/1757/230 661/1374/1011 658/1377/1014
f 658/1377/1014 648/1379/1016 699/1759/233
f 648/1379/1016 112/1380/1017 684/1760/769
f 685/1761/788 683/379/217 672/381/219
f 687/1762/753 649/1378/1015 650/1382/1019
f 698/1763/751 650/1382/1019 122/99/97
f 122/99/97 2399/447/265 693/1765/1183
f 696/1766/754 691/377/215 2393/64/62
f 651/66/64 652/1381/1018 679/1767/755
f 675/121/119 172/1422/1058 680/1768/740
f 654/67/65 695/1771/1185 682/1770/1184
f 695/1771/1185 654/67/65 655/1383/1020
f 655/1383/1020 664/1387/1024 688/1773/1177
f 2399/447/265 127/1397/89 690/1774/1186
f 661/1374/1011 692/1757/230 689/1775/1178
f 662/90/88 691/377/215 690/1776/1186
f 689/1775/1178 688/1773/1177 664/1387/1024
f 649/1378/1015 687/1762/753 686/1777/1187
f 673/120/118 686/1777/1187 685/1761/788
f 171/380/218 683/379/217 684/1760/769
f 653/68/66 682/1770/1184 681/1778/738
f 681/1778/738 680/1768/740 172/1422/1058
f 652/1381/1018 674/1411/1047 677/1779/763
f 674/1411/1047 675/121/119 678/1769/773
f 2756/1066/759 750/3500/1185 749/1780/1188
f 748/1782/1189 745/1786/1186 720/1083/767
f 747/384/214 701/383/221 721/1061/757
f 746/1785/234 705/1075/764 720/1083/767
f 721/1061/757 711/1060/756 743/1783/1177
f 747/1787/230 716/1442/1011 713/1445/1014
f 713/1445/1014 702/1448/1080 754/1789/233
f 702/1448/1080 209/1449/1017 739/1790/769
f 740/1791/788 738/387/223 727/389/219
f 742/1792/753 703/1447/1015 704/1451/1019
f 753/1793/751 704/1451/1019 220/160/141
f 220/160/141 2400/159/140 748/1795/1189
f 751/1796/778 746/385/222 2401/125/122
f 706/124/64 707/1450/1018 734/1797/755
f 730/181/119 270/1492/1058 735/1798/771
f 709/127/124 750/1801/1191 737/1800/1184
f 750/1801/1191 709/127/124 710/1452/1020
f 710/1452/1020 719/1456/1024 743/1803/1177
f 2400/159/140 225/1466/134 745/1804/1180
f 716/1442/1011 747/1787/230 744/1805/1178
f 717/149/88 746/385/222 745/1806/1180
f 744/1805/1178 743/1803/1177 719/1456/1024
f 703/1447/1015 742/1792/753 741/1807/1192
f 728/180/118 741/1807/1192 740/1791/788
f 269/388/218 738/387/223 739/1790/769
f 708/128/125 737/1800/1184 736/1808/738
f 736/1808/738 735/1798/771 270/1492/1058
f 707/1450/1018 729/1481/1047 732/1809/763
f 729/1481/1047 730/181/119 733/1799/773
f 773/1099/775 805/3503/1185 804/1810/1193
f 803/1812/1189 800/1817/1195 775/1813/767
f 802/392/225 756/391/224 776/1085/768
f 801/1816/222 2757/1102/764 775/1813/767
f 776/1085/768 765/1084/735 798/1814/1194
f 802/1818/230 770/1512/1011 767/1515/1014
f 767/1515/1014 757/1518/1016 809/1820/233
f 757/1518/1016 307/1519/1104 794/1821/769
f 795/1822/743 793/396/223 782/398/219
f 797/1823/753 758/1517/1015 759/1521/1019
f 808/1824/1197 759/1521/1019 318/207/157
f 318/207/157 2407/206/156 803/1826/1189
f 806/1827/754 801/393/222 2408/184/122
f 760/186/64 761/1520/1018 789/1828/755
f 785/240/119 369/1563/1058 790/1829/771
f 763/187/124 805/1832/1185 792/1831/1184
f 805/1832/1185 763/187/124 764/1522/1020
f 764/1522/1020 774/1526/1024 798/1834/1194
f 2407/206/156 323/215/162 800/1835/1186
f 770/1512/1011 802/1818/230 799/1836/1178
f 771/394/226 801/393/222 800/1837/1186
f 799/1836/1178 798/1834/1194 774/1526/1024
f 758/1517/1015 797/1823/753 796/1838/1192
f 783/239/118 796/1838/1192 795/1822/743
f 368/397/218 793/396/223 794/1821/769
f 762/188/66 792/1831/1184 791/1839/738
f 791/1839/738 790/1829/771 369/1563/1058
f 761/1520/1018 784/1552/1047 787/1840/747
f 784/1552/1047 785/240/119 788/1830/773
f 858/1841/1199 855/1849/1186 830/1842/1200
f 857/401/225 811/400/224 831/1109/757
f 856/1848/1202 827/1117/784 830/1842/1200
f 831/1109/757 820/1108/780 853/1846/1194
f 857/1850/1203 825/1583/1011 822/1586/1014
f 822/1586/1014 812/1589/1016 864/1852/233
f 812/1589/1016 406/1590/1104 849/1853/231
f 850/1854/743 848/403/223 837/405/219
f 852/1855/753 813/1588/1015 814/1592/1126
f 863/1856/777 814/1592/1126 416/266/177
f 416/266/177 2414/265/176 858/1858/1199
f 861/1859/790 856/402/227 435/243/122
f 815/245/170 816/1591/1018 844/1860/755
f 840/301/186 468/1631/1058 845/1861/783
f 818/246/124 860/1864/1185 847/1863/1184
f 860/1864/1185 818/246/124 819/1593/1020
f 819/1593/1020 829/1597/1024 853/1866/1194
f 2414/265/176 421/1646/183 855/1867/1186
f 825/1583/1011 857/1850/1203 854/1868/1178
f 826/279/182 856/402/227 855/1869/1186
f 854/1868/1178 853/1866/1194 829/1597/1024
f 813/1588/1015 852/1855/753 851/1870/1192
f 838/300/185 851/1870/1192 850/1854/743
f 467/404/218 848/403/223 849/1853/231
f 817/247/66 847/1863/1184 846/1871/738
f 846/1871/738 845/1861/783 468/1631/1058
f 816/1591/1018 839/1620/1133 842/1872/763
f 839/1620/1133 840/301/186 843/1862/748
f 913/1873/1189 910/1880/1205 885/1874/1200
f 912/408/230 2759/407/229 886/1132/736
f 911/1879/234 881/1135/794 885/1874/1200
f 886/1132/736 874/1131/756 908/1877/1194
f 912/1881/230 879/1652/1142 876/1655/1014
f 876/1655/1014 866/1657/1080 919/1883/233
f 866/1657/1080 505/1658/1017 904/1884/769
f 905/1885/788 903/413/223 892/415/219
f 907/1886/753 867/1656/1015 868/1660/1143
f 918/1887/751 868/1660/1143 515/341/195
f 515/341/195 2420/340/194 913/1889/1183
f 916/1890/790 911/412/234 535/304/62
f 869/306/188 870/1659/1018 899/1891/755
f 895/363/119 567/1700/1058 900/1892/1206
f 872/307/124 915/1895/1185 902/1894/1208
f 915/1895/1185 872/307/124 873/1661/1020
f 873/1661/1020 884/1665/1024 908/1897/1194
f 2420/340/194 520/1675/134 910/1898/1180
f 879/1652/1142 912/1881/230 909/1899/1178
f 880/330/193 911/412/234 910/1900/1180
f 909/1899/1178 908/1897/1194 884/1665/1024
f 867/1656/1015 907/1886/753 906/1901/1192
f 893/362/185 906/1901/1192 905/1885/788
f 566/414/218 903/413/223 904/1884/769
f 871/308/125 902/1894/1208 901/1902/1209
f 901/1902/1209 900/1892/1206 567/1700/1058
f 870/1659/1018 894/1689/1047 897/1903/763
f 894/1689/1047 895/363/119 898/1893/1207
f 90/8/8 960/1912/1218 959/1904/1210
f 959/1904/1210 931/1918/1224 2426/1351/988
f 958/1905/1211 85/418/237 8/1317/954
f 942/1907/1213 934/1960/1263 2429/1908/1214
f 2429/1908/1214 934/1960/1263 927/1909/1215
f 2426/1351/988 931/1918/1224 930/1911/1217
f 2427/1350/987 930/1911/1217 929/1913/1219
f 963/432/251 2428/431/250 929/1913/1219
f 964/1910/1216 927/1909/1215 926/1914/1220
f 2431/1336/973 2430/1348/985 926/1914/1220
f 2431/1336/973 925/1915/1221 924/1906/1212
f 959/1904/1210 960/1912/1218 967/1916/1222
f 931/1918/1224 959/1904/1210 966/1917/1223
f 970/1920/1226 961/13/13 962/416/235
f 969/1921/1227 962/416/235 10/49/47
f 956/417/236 965/54/52 973/1923/1229
f 923/45/43 956/417/236 972/1924/1230
f 976/1926/1232 957/419/238 958/1905/1211
f 975/1927/1233 958/1905/1211 924/1906/1212
f 936/1929/1235 935/1956/1260 981/1930/1236
f 937/1932/1238 936/1929/1235 989/1931/1237
f 951/423/242 973/3942/1229 976/434/253
f 988/1934/1240 939/422/241 938/1935/1241
f 940/1937/1242 939/422/241 987/1938/1243
f 986/1940/1245 943/429/248 928/1941/1246
f 944/1943/1248 943/429/248 985/1944/1249
f 954/428/247 953/435/254 967/437/256
f 984/1947/1251 946/1951/1255 945/1948/1252
f 983/1950/1254 947/427/246 946/1951/1255
f 948/1952/1256 940/1937/1242 982/1939/1244
f 981/1930/1236 935/1956/1260 949/1954/1258
f 980/1942/1247 928/1941/1246 948/1952/1256
f 949/1954/1258 947/427/246 983/1950/1254
f 49/1340/977 2429/1908/1214 964/1910/1216
f 937/1932/1238 950/1957/1261 935/1956/1260
f 951/423/242 939/422/241 935/1956/1260
f 945/1948/1252 946/1951/1255 947/427/246
f 943/429/248 939/422/241 940/1937/1242
f 49/1340/977 22/430/249 963/432/251
f 978/1958/1259 983/1963/1264 933/425/244
f 942/1907/1213 980/1965/1265 979/1959/1262
f 941/424/243 981/1969/1236 978/1961/1259
f 979/1959/1262 982/1966/1244 927/1909/1215
f 38/370/208 983/1963/1264 984/1962/1251
f 932/2/2 984/1962/1251 971/1922/1228
f 970/1920/1226 967/1916/1222 960/1912/1218
f 968/1919/1225 985/3943/1249 930/1911/1217
f 930/1911/1217 985/3943/1249 986/1964/1245
f 929/1913/1219 986/1964/1245 980/1965/1265
f 982/1966/1244 987/1967/1243 926/1914/1220
f 987/1967/1243 988/3944/1240 925/1915/1221
f 925/1915/1221 988/3944/1240 977/1928/1234
f 973/1923/1229 965/54/52 957/419/238
f 974/1925/1231 989/1968/1266 922/34/34
f 989/1968/1266 981/1969/1236 921/35/35
f 975/433/252 977/1936/1234 938/1935/1241
f 974/1933/1239 972/1970/1230 950/1957/1261
f 972/1970/1230 973/3942/1229 951/423/242
f 955/426/245 969/1971/1267 971/1949/1253
f 954/428/247 970/1946/1226 969/1971/1267
f 966/436/255 953/435/254 944/1943/1248
f 187/71/69 1028/1981/1277 1027/1972/1268
f 1027/1972/1268 1000/1986/1280 2432/1419/1055
f 1026/1973/1269 182/440/259 107/1384/1021
f 2435/1975/1271 1031/455/273 1009/1976/1272
f 1019/448/266 1017/450/268 1018/457/275
f 1013/444/263 1023/443/262 1020/459/277
f 2435/1975/1271 1003/1977/1273 996/1978/1274
f 2432/1419/1055 1000/1986/1280 999/1980/1276
f 2433/1418/1054 999/1980/1276 998/1982/1278
f 1031/455/273 2434/454/272 998/1982/1278
f 1032/1979/1275 996/1978/1274 995/1983/1279
f 995/1983/1279 994/2033/1321 2437/1404/1040
f 2437/1404/1040 994/2033/1321 993/1974/1270
f 1027/1972/1268 1028/1981/1277 1036/1984/304
f 1000/1986/1280 1027/1972/1268 1035/1985/278
f 1039/1988/1282 1029/76/74 1030/438/257
f 1038/1989/1283 1030/438/257 109/109/107
f 1024/439/258 1033/114/112 1042/1991/1285
f 992/105/103 1024/439/258 1041/1992/1286
f 1045/1994/276 1025/441/260 1026/1973/1269
f 1044/1995/274 1026/1973/1269 993/1974/1270
f 1004/1997/1289 1019/448/266 1050/1998/1290
f 1005/2000/1292 1004/1997/1289 1058/1999/1291
f 1017/450/268 1042/3945/1338 1045/458/276
f 1057/2002/1294 1007/445/264 1006/2003/1295
f 1008/2005/1297 1007/445/264 1056/2006/1298
f 1055/2008/1300 1023/443/262 997/2009/1301
f 1010/2011/1303 1023/443/262 1054/2012/1304
f 1021/452/270 1020/459/277 1036/461/279
f 1053/2015/1306 1012/2019/1310 1011/2016/1307
f 1052/2018/1309 1013/444/263 1012/2019/1310
f 1014/2020/1311 1008/2005/1297 1051/2007/1299
f 1050/1998/1290 1019/448/266 1015/2022/1313
f 1049/2010/1302 997/2009/1301 1014/2020/1311
f 1015/2022/1313 1013/444/263 1052/2018/1309
f 147/1408/1044 2435/1975/1271 1032/1979/1275
f 1005/2000/1292 1016/449/267 1019/448/266
f 1011/2016/1307 1012/2019/1310 1013/444/263
f 997/2009/1301 1023/443/262 1007/445/264
f 147/1408/1044 121/453/271 1031/455/273
f 1052/2024/1315 1002/378/216 1034/89/87
f 1009/1976/1272 1049/2030/1319 1048/2026/1316
f 1050/2027/1317 1047/3946/1314 1034/446/87
f 1048/2026/1316 1051/2031/1299 996/1978/1274
f 1002/378/216 1052/2024/1315 1053/2028/1318
f 1001/65/63 1053/2028/1318 1040/1990/1284
f 1039/1988/1282 1036/1984/304 1028/1981/1277
f 1037/1987/1281 1054/3947/1304 999/1980/1276
f 999/1980/1276 1054/3947/1304 1055/2029/1300
f 998/1982/1278 1055/2029/1300 1049/2030/1319
f 1051/2031/1299 1056/2032/1320 995/1983/1279
f 1056/2032/1320 1057/3948/1294 994/2033/1321
f 994/2033/1321 1057/3948/1294 1046/1996/1288
f 1042/1991/1285 1033/114/112 1025/441/260
f 1043/1993/1287 1058/2034/1291 991/100/98
f 1058/2034/1291 1050/2027/1317 990/101/99
f 1044/456/274 1046/2004/1296 1006/2003/1295
f 1043/2001/1293 1041/2035/1322 1016/449/267
f 1041/2035/1322 1042/3945/1338 1017/450/268
f 1022/451/269 1038/2036/1283 1040/2017/1308
f 1021/452/270 1039/2014/1282 1038/2036/1283
f 1035/460/278 1020/459/277 1010/2011/1303
f 285/131/127 1098/2048/1334 1097/2037/1323
f 2438/1489/1097 273/1507/1073 1097/2037/1323
f 1096/2039/1325 280/464/281 204/1473/1085
f 2441/2041/1327 1101/477/292 1080/2042/1328
f 1073/468/285 1088/473/268 1089/479/275
f 2441/2041/1327 1072/2043/1329 1065/2044/1330
f 2438/1489/1097 1069/2038/1324 1068/2047/1333
f 2439/1488/1096 1068/2047/1333 1067/2049/1335
f 1067/2049/1335 1080/2042/1328 1101/477/292
f 1102/2045/1331 1065/2044/1330 1064/2050/1336
f 2443/1474/1086 2442/1486/1094 1064/2050/1336
f 204/1473/1085 2443/1474/1086 1063/2051/1337
f 1097/2037/1323 1098/2048/1334 1106/2052/304
f 1069/2038/1324 1097/2037/1323 1105/2053/278
f 1109/2055/1282 1099/136/130 1100/462/257
f 1108/2056/1283 1100/462/257 206/169/107
f 1094/463/280 1103/174/149 1112/2058/1338
f 1061/165/144 1094/463/280 1111/2059/1286
f 1115/2061/276 1095/465/282 1096/2039/1325
f 1114/2062/274 1096/2039/1325 1062/2040/1326
f 1074/2064/1339 1073/468/285 1120/2065/1340
f 1075/2067/1342 1074/2064/1339 1128/2066/1341
f 1088/473/268 1112/3949/1338 1115/480/276
f 1127/2069/1294 1077/469/286 1076/2070/1343
f 1078/2072/1297 1077/469/286 1126/2073/1298
f 1125/2075/1300 1093/467/284 1066/2076/1301
f 1081/2078/1303 1093/467/284 1124/2079/1304
f 1091/2046/1332 1090/481/293 1106/483/294
f 1123/2082/1306 1083/2086/1345 1082/2083/1344
f 1122/2085/1315 1084/474/289 1083/2086/1345
f 1085/2087/1311 1078/2072/1297 1121/2074/1299
f 1120/2065/1340 1073/468/285 1086/2089/1313
f 1119/2077/1319 1066/2076/1301 1085/2087/1311
f 1086/2089/1313 1084/474/289 1122/2085/1315
f 245/1478/1089 2441/2041/1327 1102/2045/1331
f 1075/2067/1342 1087/472/288 1073/468/285
f 1082/2083/1344 1083/2086/1345 1084/474/289
f 1091/2046/1332 1092/2091/1347 1084/474/289
f 1066/2076/1301 1093/467/284 1077/469/286
f 245/1478/1089 219/475/290 1101/477/292
f 1122/2092/1315 1071/386/181 1104/151/135
f 1080/2042/1328 1119/2098/1350 1118/2094/1316
f 1079/470/287 1120/2102/1340 1117/2095/1348
f 1118/2094/1316 1121/2099/1299 1065/2044/1330
f 1071/386/181 1122/2092/1315 1123/2096/1306
f 1070/126/123 1123/2096/1306 1110/2057/1284
f 1109/2055/1282 1106/2052/304 1098/2048/1334
f 1107/2054/1281 1124/3950/1304 1068/2047/1333
f 1068/2047/1333 1124/3950/1304 1125/2097/1349
f 1067/2049/1335 1125/2097/1349 1119/2098/1350
f 1121/2099/1299 1126/2100/1298 1064/2050/1336
f 1126/2100/1298 1127/3951/1294 1063/2051/1337
f 1063/2051/1337 1127/3951/1294 1116/2063/1296
f 1112/2058/1338 1103/174/149 1095/465/282
f 1113/2060/1293 1128/2101/1341 1060/1446/1079
f 1128/2101/1341 1120/2102/1340 1059/161/142
f 1114/478/274 1116/2071/1288 1076/2070/1343
f 1113/2068/1293 1111/2103/1286 1087/472/288
f 1111/2103/1286 1112/3949/1338 1088/473/268
f 1092/2091/1347 1108/2104/1283 1110/2084/1308
f 1091/2046/1332 1109/2081/1282 1108/2104/1283
f 1105/482/278 1090/481/293 1081/2078/1303
f 384/191/127 1166/2116/1277 1165/2105/1351
f 2444/1560/1119 372/1578/1123 1165/2105/1351
f 1164/2107/1352 379/486/281 302/1544/1107
f 1147/2109/1354 1141/2160/1370 2447/2110/1355
f 1156/489/285 1154/491/268 1155/502/275
f 1161/493/296 1160/2112/1357 1157/504/303
f 1160/2112/1357 1161/493/296 1156/489/285
f 2447/2110/1355 1141/2160/1370 1134/2113/1358
f 2444/1560/1119 1138/2106/1324 1137/2115/1360
f 2445/1559/1118 1137/2115/1360 1136/2117/1361
f 1136/2117/1361 1147/2109/1354 1169/497/299
f 1170/2114/1359 1134/2113/1358 1193/499/301
f 2448/1557/1116 1193/499/301 1133/498/300
f 302/1544/1107 2449/1545/1108 1133/498/300
f 1165/2105/1351 1166/2116/1277 1173/2118/304
f 1138/2106/1324 1165/2105/1351 1172/2119/278
f 1176/2121/1282 1167/196/74 1168/484/257
f 1175/2122/1283 1168/484/257 304/228/107
f 1162/485/295 1171/233/165 1179/2124/1338
f 1131/224/103 1162/485/295 1178/2125/1286
f 1182/2127/276 1163/487/282 1164/2107/1352
f 1181/2128/274 1164/2107/1352 1132/2108/1353
f 1142/2130/1362 1156/489/285 1187/2131/1363
f 1143/2133/1292 1142/2130/1362 1195/2132/1364
f 1154/491/268 1179/3952/1338 1182/503/276
f 1194/2135/302 1145/2111/1356 1144/2136/1343
f 1146/2138/1365 1145/2111/1356 1193/2139/301
f 1192/2141/1349 1160/2112/1357 1135/2142/1367
f 1148/2144/1303 1160/2112/1357 1191/2145/1304
f 1158/494/270 1157/504/303 1173/506/304
f 1190/2148/1318 1150/2152/1310 1149/2149/1368
f 1189/2151/1309 1161/493/296 1150/2152/1310
f 1151/2153/1311 1146/2138/1365 1188/2140/1366
f 1187/2131/1363 1156/489/285 1152/2155/1313
f 1186/2143/1319 1135/2142/1367 1151/2153/1311
f 1152/2155/1313 1161/493/296 1189/2151/1309
f 344/1549/1112 2447/2110/1355 1170/2114/1359
f 1143/2133/1292 1153/490/267 1156/489/285
f 1149/2149/1368 1150/2152/1310 1161/493/296
f 1160/2112/1357 1145/2111/1356 1146/2138/1365
f 344/1549/1112 317/495/297 1169/497/299
f 1189/2157/1309 1140/395/181 340/1542/163
f 1147/2109/1354 1186/2164/1319 1185/2159/1316
f 1187/2161/1363 1184/3953/1369 340/216/163
f 1185/2159/1316 1188/2165/1366 1134/2113/1358
f 1140/395/181 1189/2157/1309 1190/2162/1306
f 1139/185/63 1190/2162/1306 1177/2123/1308
f 1176/2121/1282 1173/2118/304 1166/2116/1277
f 1174/2120/1305 1191/3954/1387 1137/2115/1360
f 1137/2115/1360 1191/3954/1387 1192/2163/1349
f 1136/2117/1361 1192/2163/1349 1186/2164/1319
f 1133/498/300 1194/500/302 1183/2129/1296
f 1179/2124/1338 1171/233/165 1163/487/282
f 1180/2126/1293 1195/2166/1371 1130/1516/1103
f 1195/2166/1371 1187/2161/1363 1129/208/158
f 1181/501/274 1183/2137/1296 1144/2136/1343
f 1180/2134/1293 1178/2167/1286 1153/490/267
f 1178/2167/1286 1179/3952/1338 1154/491/268
f 1159/492/269 1175/2168/1283 1177/2150/1284
f 1158/494/270 1176/2147/1282 1175/2168/1283
f 1172/505/278 1157/504/303 1148/2144/1303
f 483/250/172 1234/2178/1277 1233/2169/1351
f 1233/2169/1351 1206/2184/1324 2450/1628/1097
f 1232/2170/1269 478/509/305 401/1594/1127
f 1216/2172/1373 1209/2227/1394 2453/2173/1374
f 2453/2173/1374 1209/2227/1394 1202/2174/1375
f 2450/1628/1097 1206/2184/1324 1205/2177/1377
f 2451/1627/1054 1205/2177/1377 1204/2179/1378
f 1237/521/311 2452/520/310 1204/2179/1378
f 1238/2175/1376 1202/2174/1375 1201/2180/1379
f 2455/1613/1130 2454/1625/1137 1201/2180/1379
f 2455/1613/1130 1200/2181/1380 1199/2171/1372
f 1233/2169/1351 1234/2178/1277 1241/2182/304
f 1206/2184/1324 1233/2169/1351 1240/2183/278
f 1244/2186/1282 1235/255/130 1236/507/257
f 1243/2187/1283 1236/507/257 403/289/107
f 1230/508/280 1239/294/165 1247/2189/1285
f 1198/285/103 1230/508/280 1246/2190/1286
f 1250/2192/312 1231/510/260 1232/2170/1269
f 1249/2193/274 1232/2170/1269 1199/2171/1372
f 1211/2195/1381 1210/513/306 1255/2196/1382
f 1212/2198/1342 1211/2195/1381 1263/2197/1371
f 1224/514/307 1247/3955/1285 1250/523/312
f 1262/2200/1383 1214/2206/1384 1213/2201/1343
f 1215/2203/1297 1214/2206/1384 1261/2204/1320
f 1260/2207/1385 1229/518/284 1203/2208/1386
f 1217/2210/1303 1229/518/284 1259/2211/1387
f 1227/2176/270 1226/524/313 1241/526/314
f 1258/2214/1388 1219/2218/1345 1218/2215/1389
f 1257/2217/1390 1220/517/308 1219/2218/1345
f 1221/2219/1311 1215/2203/1297 1256/2205/1299
f 1255/2196/1382 1210/513/306 1222/2221/1391
f 1254/2209/1350 1203/2208/1386 1221/2219/1311
f 1222/2221/1391 1220/517/308 1257/2217/1390
f 442/1617/1132 2453/2173/1374 1238/2175/1376
f 1212/2198/1342 1223/516/288 1210/513/306
f 1218/2215/1389 1219/2218/1345 1220/517/308
f 1227/2176/270 1228/2223/1347 1220/517/308
f 1203/2208/1386 1229/518/284 1214/2206/1384
f 442/1617/1132 415/519/309 1237/521/311
f 1257/2224/1393 1208/277/181 460/281/184
f 1216/2172/1373 1254/2231/1319 1253/2226/1316
f 1255/2228/1363 1252/3956/1392 460/515/184
f 1253/2226/1316 1256/2232/1396 1202/2174/1375
f 1208/277/181 1257/2224/1393 1258/2229/1395
f 1207/244/169 1258/2229/1395 1245/2188/1284
f 1244/2186/1282 1241/2182/304 1234/2178/1277
f 1242/2185/1281 1259/3957/1304 1205/2177/1377
f 1205/2177/1377 1259/3957/1304 1260/2230/1349
f 1204/2179/1378 1260/2230/1349 1254/2231/1319
f 1256/2232/1396 1261/2233/1298 1201/2180/1379
f 1261/2233/1298 1262/3958/2427 1200/2181/1380
f 1200/2181/1380 1262/3958/2427 1251/2194/1296
f 1247/2189/1285 1239/294/165 1231/510/260
f 1248/2191/1293 1263/2234/1364 1197/1587/1125
f 1263/2234/1364 1255/2228/1363 1196/267/158
f 1249/522/274 1251/2202/1288 1213/2201/1343
f 1248/2199/1293 1246/2235/1286 1223/516/288
f 1246/2235/1286 1247/3955/1285 1224/514/307
f 1228/2223/1347 1243/2236/1283 1245/2216/1284
f 1227/2176/270 1244/2213/1282 1243/2236/1283
f 1240/525/278 1226/524/313 1217/2210/1303
f 582/311/127 1301/2247/1334 1300/2237/1397
f 2456/1697/1119 570/1715/1073 1300/2237/1397
f 1299/2239/1269 577/529/315 500/1662/1127
f 2459/2241/1400 1304/540/323 1283/2242/1328
f 2459/2241/1400 1276/2243/1401 1269/2244/1402
f 2456/1697/1119 1273/2238/1398 1272/2246/1360
f 2457/1696/1118 1272/2246/1360 1271/2248/1335
f 1271/2248/1335 1283/2242/1328 1304/540/323
f 1305/2245/1403 1269/2244/1402 1328/542/325
f 2460/1694/1148 1328/542/325 1268/541/324
f 2461/1682/1145 1268/541/324 1267/2240/1399
f 1300/2237/1397 1301/2247/1334 1308/2249/294
f 1273/2238/1398 1300/2237/1397 1307/2250/278
f 1311/2252/1282 1302/316/74 1303/527/257
f 1310/2253/1283 1303/527/257 502/351/199
f 1297/528/280 1306/356/149 1314/2255/1338
f 1266/347/198 1297/528/280 1313/2256/1286
f 1317/2258/276 1298/530/260 1299/2239/1269
f 1316/2259/274 1299/2239/1269 1267/2240/1399
f 1278/2261/1405 1277/2290/1424 1322/2262/1406
f 1279/2264/1408 1278/2261/1405 1330/2263/1407
f 1291/534/319 1314/3959/1338 1317/545/276
f 1329/2266/1409 1281/2272/1414 1280/2267/1410
f 1282/2269/1412 1281/2272/1414 1328/2270/325
f 1327/2273/1415 1284/2279/1419 1270/2274/1416
f 1285/2276/1417 1284/2279/1419 1326/2277/1418
f 1294/537/320 1293/546/303 1308/548/279
f 1325/2281/1395 1287/2285/1421 1286/2282/1420
f 1324/2284/1390 1296/533/318 1287/2285/1421
f 1288/2286/1422 1282/2269/1412 1323/2271/1413
f 1322/2262/1406 1277/2290/1424 1289/2288/1313
f 1321/2275/1302 1270/2274/1416 1288/2286/1422
f 1289/2288/1313 1296/533/318 1324/2284/1390
f 542/1686/1146 2459/2241/1400 1305/2245/1403
f 1279/2264/1408 1290/2291/1425 1277/2290/1424
f 1290/2291/1425 1291/534/319 1296/533/318
f 1286/2282/1420 1287/2285/1421 1296/533/318
f 1281/2272/1414 1282/2269/1412 1288/2286/1422
f 1284/2279/1419 1296/533/318 1288/2286/1422
f 542/1686/1146 514/538/321 1304/540/323
f 1324/2292/1426 1275/338/181 530/329/192
f 1283/2242/1328 1321/2298/1319 1320/2294/1316
f 1322/2295/1406 1319/3960/1427 530/535/192
f 1320/2294/1316 1323/2299/1413 1269/2244/1402
f 1275/338/181 1324/2292/1426 1325/2296/1395
f 1274/305/169 1325/2296/1395 1312/2254/1284
f 1311/2252/1282 1308/2249/294 1301/2247/1334
f 1309/2251/1404 1326/3961/1304 1272/2246/1360
f 1272/2246/1360 1326/3961/1304 1327/2297/1300
f 1271/2248/1335 1327/2297/1300 1321/2298/1319
f 1268/541/324 1329/543/302 1318/2260/1288
f 1314/2255/1338 1306/356/149 1298/530/260
f 1315/2257/1293 1330/2300/1407 1265/343/196
f 1330/2300/1407 1322/2295/1406 1264/342/158
f 1316/544/274 1318/2268/1411 1280/2267/1410
f 1315/2265/1287 1313/2301/1286 1290/2291/1425
f 1313/2301/1286 1314/3959/1338 1291/534/319
f 1295/536/269 1310/2302/1283 1312/2283/1284
f 1294/537/320 1311/2280/1282 1310/2302/1283
f 1307/547/278 1293/546/303 1285/2276/1417
f 1798/2303/1428 1799/2325/1449 2348/2304/1429
f 1798/2303/1428 2347/2305/1430 2346/551/328
f 1791/2306/1431 1790/2351/1474 2345/562/339
f 1792/552/329 1351/554/331 1346/569/346
f 1402/594/371 1391/2350/1473 1392/574/351
f 2343/2307/1432 2342/2311/1436 1795/2308/1433
f 1400/2310/1435 1401/568/345 1405/555/332
f 2342/2311/1436 2341/752/481 1796/2312/1437
f 1345/2315/1439 1438/565/342 1361/2316/1440
f 2340/751/480 1801/2818/1764 1796/2312/1437
f 1368/2318/1442 1341/2357/1480 1337/2319/1443
f 1372/2321/1445 1366/2354/1477 1340/2322/1446
f 1797/2324/1448 2349/2792/1456 2348/2304/1429
f 1335/2326/1450 1344/2346/1469 1369/2327/1451
f 1370/2329/1453 1359/2404/1482 1356/2330/1454
f 1797/2332/1448 1801/2818/1764 2340/751/480
f 1421/587/364 2361/2409/1525 2048/2334/1457
f 2048/2334/1457 2361/2409/1525 2360/2335/1458
f 2359/2337/1460 2050/2372/1493 2049/2336/1459
f 2052/2338/1461 2067/2376/1496 2357/2339/1462
f 1364/2317/1441 1361/2316/1440 1362/2343/1466
f 1363/2344/1467 1362/2343/1466 1344/2346/1469
f 1371/560/337 1350/2349/1472 1347/2347/1470
f 1350/2349/1472 1370/2329/1453 1331/2331/1455
f 1429/586/363 2350/2969/1853 1391/2350/1473
f 1345/2315/1439 1421/587/364 1429/586/363
f 1367/2352/1475 1368/2318/1442 1353/2320/1444
f 1336/2348/1471 1367/2352/1475 1352/2353/1476
f 1366/2354/1477 1372/2321/1445 1354/2355/1478
f 1341/2357/1480 1357/2417/1452 1369/2358/1451
f 1342/2323/1447 1340/2322/1446 1356/2360/1454
f 1433/2362/1483 1331/2331/1455 1356/2330/1454
f 1434/2364/1485 1439/2365/1486 1352/2353/1476
f 2053/2366/1487 2052/2338/1461 2356/2340/1463
f 2354/589/366 2054/591/368 2053/2366/1487
f 1438/565/342 1338/559/336 1348/558/335
f 1437/2368/1489 1348/558/335 1347/2347/1470
f 2358/2371/1492 2057/2986/1497 2050/2372/1493
f 1358/2373/1494 2344/2314/394 2066/2313/1438
f 2358/2375/1492 2357/2339/1462 2067/2376/1496
f 1344/2346/1469 1433/2362/1483 1436/2363/1484
f 1365/2356/1479 1334/2342/1465 1333/2341/1464
f 1366/2354/1477 1365/2356/1479 1439/2365/1486
f 1361/2316/1440 1437/2368/1489 1432/2370/1491
f 2056/577/354 1800/576/353 1358/2373/1494
f 1802/2378/1498 1407/2414/1529 1410/2379/1499
f 1411/599/376 1415/581/358 1396/2381/1501
f 1382/2383/1503 2347/2305/1430 1332/2384/1504
f 1386/2386/1506 1372/2321/1445 1342/2323/1447
f 1378/2388/1508 1388/2399/1514 1360/2389/1509
f 1373/2390/1510 1339/549/326 2346/551/328
f 2347/2305/1430 1382/2383/1503 1379/2391/1511
f 1374/2392/1512 1334/2342/1465 1354/2355/1478
f 1372/2321/1445 1386/2386/1506 1383/2393/1513
f 1375/2385/1505 1332/2384/1504 1360/2394/1509
f 1410/2379/1499 1407/2414/1529 1431/593/370
f 1376/2396/1515 1381/2397/1516 1382/2383/1503
f 1381/2397/1516 1376/2396/1515 1370/2329/1453
f 1386/2386/1506 1377/2387/1507 1378/2388/1508
f 1385/2398/1517 1378/2388/1508 1343/753/482
f 1377/2387/1507 1387/2400/1518 1388/2399/1514
f 1377/2387/1507 1342/2323/1447 1359/2361/1482
f 1373/2390/1510 1380/2401/1519 1371/560/337
f 1381/2397/1516 1380/2401/1519 1379/2391/1511
f 1380/2401/1519 1381/2397/1516 1350/2349/1472
f 1384/2402/1520 2342/2311/1436 2343/2307/1432
f 1383/2393/1513 1386/2386/1506 1385/2398/1517
f 1384/2402/1520 1385/2398/1517 2341/752/481
f 1376/2396/1515 1375/2385/1505 1388/2395/1514
f 1376/2396/1515 1387/2403/1518 1359/2404/1482
f 1424/2405/1521 1335/2326/1450 1357/2328/1452
f 1390/592/369 1392/574/351 1428/573/350
f 1389/564/341 1438/565/342 1391/2350/1473
f 1367/2352/1475 1336/2348/1471 2354/589/366
f 1368/2318/1442 1367/2352/1475 2355/2367/1488
f 1336/2348/1471 1333/2341/1464 1406/556/333
f 1401/568/345 1430/567/344 1406/556/333
f 1400/2310/1435 1404/595/372 1397/583/360
f 1425/2408/1524 1363/2344/1467 1335/2326/1450
f 2361/2409/1525 1364/2317/1441 1363/2344/1467
f 1356/2360/1454 1340/2322/1446 1435/2410/1526
f 1435/2410/1526 1434/2364/1485 1353/2320/1444
f 1432/2370/1491 1347/2347/1470 1331/2331/1455
f 1436/2411/1484 1435/2410/1526 1337/2319/1443
f 1340/2322/1446 1366/2354/1477 1434/2364/1485
f 1362/2343/1466 1432/2370/1491 1433/2362/1483
f 1410/2379/1499 1408/597/374 1803/596/373
f 1373/2390/1510 1409/2416/1531 1394/2413/1528
f 1394/2413/1528 1409/2416/1531 1407/2414/1529
f 1412/2415/1530 1374/2392/1512 2343/2307/1432
f 1415/581/358 1412/2415/1530 1805/2359/1481
f 1411/599/376 1804/2382/1502 1395/570/347
f 1408/597/374 1410/2379/1499 1390/592/369
f 1409/2416/1531 1373/2390/1510 1338/559/336
f 1409/2416/1531 1389/564/341 1431/593/370
f 1334/2342/1465 1374/2392/1512 1412/2415/1530
f 1412/2415/1530 1415/581/358 1398/557/334
f 1357/2417/1452 1341/2357/1480 1420/2418/1532
f 1341/2357/1480 1368/2318/1442 1423/2407/1523
f 1421/587/364 1345/2315/1439 1364/2317/1441
f 1401/568/345 1400/2310/1435 1418/2345/1468
f 1391/2350/1473 2350/2969/1853 1416/575/352
f 2322/761/489 1891/2423/1536 1890/2420/1533
f 2322/761/489 2321/760/488 1892/2422/1535
f 1892/2422/1535 2321/760/488 1443/2424/1537
f 1893/2426/1431 1866/2478/1571 2320/608/339
f 1895/2427/329 1528/630/397 1505/614/388
f 1451/2428/1539 1448/2477/1570 1449/618/391
f 2318/2429/1540 2317/764/492 1896/2430/1541
f 1457/2432/1542 1454/2538/1604 1455/2433/1543
f 1462/602/379 1453/627/395 1455/2433/1543
f 2316/763/491 1897/2439/1549 1896/2430/1541
f 1466/2435/1545 1491/613/387 1464/2436/1546
f 2316/763/491 2315/2454/1553 1899/2438/1548
f 1474/2440/1550 1475/2484/1480 1472/2441/1443
f 1478/2443/1551 1479/2481/1573 1476/2444/1446
f 1903/2446/1552 2324/2829/1456 2323/2421/1534
f 1484/2447/1450 1485/2471/1469 1482/2448/1451
f 1488/2450/1453 1489/2533/1576 1486/2451/1454
f 1903/2453/1552 1899/2438/1548 2315/2454/1553
f 2115/636/403 1493/635/402 2373/2456/1554
f 2131/2457/1555 2373/2456/1554 2372/2459/1557
f 2371/2461/1559 2127/2499/1493 2130/2460/1558
f 2129/2462/1560 2120/2502/1496 2369/2463/1462
f 1457/2432/1542 1504/632/399 1503/2466/1563
f 1465/2437/1547 1464/2436/1546 1506/2469/1466
f 1507/2470/1566 1506/2469/1466 1485/2471/1469
f 1509/2472/1567 1454/2538/1604 1459/2473/1568
f 1510/2474/1569 1509/2472/1567 1508/797/518
f 1469/605/381 1511/2476/1472 1512/2475/1470
f 1511/2476/1472 1488/2450/1453 1487/2452/1455
f 1513/799/520 2362/798/519 1448/2477/1570
f 1466/2435/1545 1493/635/402 1513/799/520
f 1515/2479/1572 1474/2440/1550 1473/2442/1444
f 1510/2474/1569 1515/2479/1572 1514/2480/1476
f 1479/2481/1573 1478/2443/1551 1517/2482/1574
f 1475/2484/1480 1483/2545/1452 1482/2485/1451
f 1477/2445/1447 1476/2444/1446 1486/2487/1454
f 1521/2489/1483 1487/2452/1455 1486/2451/1454
f 1523/2491/1485 1522/2492/1486 1514/2480/1476
f 2128/2493/1577 2129/2462/1560 2368/2464/1561
f 2367/2494/1578 2366/637/404 2113/639/405
f 1491/613/387 1468/604/380 1467/603/335
f 1526/2495/1489 1467/603/335 1512/2475/1470
f 2370/2498/1579 2121/3050/1497 2127/2499/1493
f 2126/2434/1544 2119/2504/1581 1445/2500/1580
f 2370/2501/1579 2369/2463/1462 2120/2502/1496
f 1485/2471/1469 1521/2489/1483 1520/2490/1484
f 1518/2483/1479 1519/2465/1562 1463/601/378
f 1479/2481/1573 1518/2483/1479 1522/2492/1486
f 1464/2436/1546 1526/2495/1489 1527/2497/1491
f 2118/622/354 1894/621/353 1445/2500/1580
f 1867/2505/1498 1530/2523/1594 1536/2506/1582
f 1531/647/376 1538/628/396 1441/2508/1583
f 1539/2510/1585 1481/762/490 1480/2511/1586
f 1543/2513/1506 1478/2443/1551 1477/2445/1447
f 1544/2515/1588 1546/2527/1514 1447/2516/1589
f 1548/2518/1591 1443/2424/1537 2321/760/488
f 1481/762/490 1539/2510/1585 1534/2519/1592
f 1551/645/410 1519/2465/1562 1517/2482/1574
f 1478/2443/1551 1543/2513/1506 1535/2520/1593
f 1532/2512/1587 1480/2511/1586 1447/2521/1589
f 1530/2523/1594 1490/2458/1556 1452/610/384
f 1540/2524/1515 1541/2525/1595 1539/2510/1585
f 1541/2525/1595 1540/2524/1515 1488/2450/1453
f 1543/2513/1506 1533/2514/1507 1544/2515/1588
f 1545/2526/1596 1544/2515/1588 1446/2517/1590
f 1533/2514/1507 1547/2528/1597 1546/2527/1514
f 1533/2514/1507 1477/2445/1447 1489/2488/1576
f 1549/2529/1598 1550/2530/1599 1548/2518/1591
f 1550/2530/1599 1549/2529/1598 1469/605/381
f 1541/2525/1595 1549/2529/1598 1534/2519/1592
f 1549/2529/1598 1541/2525/1595 1511/2476/1472
f 1551/645/410 1535/2520/1593 1552/2531/1600
f 1553/646/411 1552/2531/1600 2317/764/492
f 1535/2520/1593 1543/2513/1506 1545/2526/1596
f 1552/2531/1600 1545/2526/1596 1470/765/493
f 1540/2524/1515 1532/2512/1587 1546/2522/1514
f 1540/2524/1515 1547/2532/1597 1489/2533/1576
f 1501/2534/1521 1484/2447/1450 1483/2449/1452
f 1450/611/385 1449/618/391 1516/617/390
f 1500/612/386 1491/613/387 1448/2477/1570
f 1515/2479/1572 1510/2474/1569 2366/637/404
f 1474/2440/1550 1515/2479/1572 1529/2536/1602
f 1509/2472/1567 1510/2474/1569 1463/601/378
f 1454/2538/1604 1509/2472/1567 1461/600/377
f 1504/632/399 1457/2432/1542 1456/640/406
f 1525/2539/1605 1507/2470/1566 1484/2447/1450
f 1494/2540/1606 1465/2437/1547 1507/2470/1566
f 1486/2487/1454 1476/2444/1446 1554/2541/1607
f 1554/2541/1607 1523/2491/1485 1473/2442/1444
f 1527/2497/1491 1512/2475/1470 1487/2452/1455
f 1520/2542/1484 1554/2541/1607 1472/2441/1443
f 1476/2444/1446 1479/2481/1573 1523/2491/1485
f 1506/2469/1466 1527/2497/1491 1521/2489/1483
f 1490/2458/1556 1451/2428/1539 1450/611/385
f 1536/2506/1582 1555/642/408 1865/641/407
f 1443/2424/1537 1548/2518/1591 1557/2544/1609
f 1442/2468/1565 1557/2544/1609 1530/2523/1594
f 1556/644/409 1553/646/411 2318/2429/1540
f 1538/628/396 1556/644/409 1861/2486/1575
f 1531/647/376 1863/2509/1584 1440/615/389
f 1555/642/408 1536/2506/1582 1452/610/384
f 1557/2544/1609 1550/2530/1599 1468/604/380
f 1557/2544/1609 1500/612/386 1490/2458/1556
f 1551/645/410 1556/644/409 1462/602/379
f 1556/644/409 1538/628/396 1453/627/395
f 1483/2545/1452 1475/2484/1480 1498/2546/1532
f 1475/2484/1480 1474/2440/1550 1497/2537/1603
f 1493/635/402 1466/2435/1545 1465/2437/1547
f 1454/2538/1604 1457/2432/1542 1460/2467/1564
f 1448/2477/1570 2362/798/519 1458/619/392
f 2334/770/489 1956/2551/1536 1955/2548/1533
f 2334/770/489 2325/769/488 1957/2550/1610
f 1957/2550/1610 2325/769/488 1562/2552/1537
f 1958/2554/1431 1931/2607/1474 2326/659/339
f 1960/648/329 1567/650/413 1626/665/419
f 1571/2556/1613 1568/677/422 1569/669/420
f 2328/2557/1614 2329/773/492 1961/2558/1541
f 1577/2560/1616 1574/2667/1640 1575/2561/1617
f 1582/653/379 1573/675/395 1575/2561/1617
f 2330/772/491 1962/2569/1549 1961/2558/1541
f 1586/2565/1545 1612/664/418 1584/2566/1440
f 2330/772/491 2331/2584/1553 1964/2568/1618
f 1594/2570/1619 1595/2613/1629 1592/2571/1443
f 1598/2573/1551 1599/2610/1477 1596/2574/1446
f 1968/2576/1448 2332/2867/1456 2333/2549/1534
f 1604/2577/1450 1605/2601/1469 1602/2578/1451
f 1608/2580/1453 1609/2662/1576 1606/2581/1454
f 1968/2583/1448 1964/2568/1618 2331/2584/1553
f 1621/663/417 1611/678/423 1571/2556/1613
f 2184/684/403 1614/683/402 2385/2587/1554
f 2200/2588/1622 2385/2587/1554 2384/2589/1623
f 2383/2591/1559 2196/2628/1493 2199/2590/1624
f 2198/2592/1560 2189/2631/1496 2381/2593/1462
f 1577/2560/1616 1625/680/399 1624/2596/1563
f 1585/2567/1547 1584/2566/1440 1627/2599/1466
f 1628/2600/1626 1627/2599/1466 1605/2601/1469
f 1630/2602/1567 1574/2667/1640 1579/2603/1568
f 1631/2604/1569 1630/2602/1567 1629/812/518
f 1589/656/415 1632/2606/1472 1633/2605/1627
f 1632/2606/1472 1608/2580/1453 1607/2582/1455
f 1634/814/520 2374/813/519 1568/677/422
f 1586/2565/1545 1614/683/402 1634/814/520
f 1636/2608/1628 1594/2570/1619 1593/2572/1444
f 1631/2604/1569 1636/2608/1628 1635/2609/1476
f 1599/2610/1477 1598/2573/1551 1638/2611/1574
f 1595/2613/1629 1603/2674/1452 1602/2614/1451
f 1597/2575/1620 1596/2574/1446 1606/2616/1454
f 1642/2618/1631 1607/2582/1455 1606/2581/1454
f 1644/2620/1632 1643/2621/1486 1635/2609/1476
f 2197/2622/1577 2198/2592/1560 2380/2594/1625
f 2379/2623/1578 2378/685/404 2182/687/405
f 1612/664/418 1588/655/414 1587/654/335
f 1647/2624/1633 1587/654/335 1633/2605/1627
f 2382/2627/1579 2190/3117/1497 2196/2628/1493
f 2195/2563/1544 2188/2633/1581 1564/2629/1580
f 2382/2630/1579 2381/2593/1462 2189/2631/1496
f 1605/2601/1469 1642/2618/1631 1641/2619/1484
f 1639/2612/1479 1640/2595/1562 1583/652/378
f 1599/2610/1477 1639/2612/1479 1643/2621/1486
f 1584/2566/1440 1647/2624/1633 1648/2626/1491
f 2187/673/354 1959/672/353 1564/2629/1580
f 1932/2634/1498 1650/2652/1637 1656/2635/1582
f 1651/695/376 1658/676/421 1560/2637/1634
f 1659/2639/1636 1601/771/495 1600/2640/1586
f 1663/2642/1506 1598/2573/1551 1597/2575/1620
f 1664/2644/1588 1666/2656/1514 1566/2645/1509
f 1668/2647/1591 1562/2552/1537 2325/769/488
f 1601/771/495 1659/2639/1636 1654/2648/1592
f 1671/693/410 1640/2595/1562 1638/2611/1574
f 1598/2573/1551 1663/2642/1506 1655/2649/1593
f 1652/2641/1587 1600/2640/1586 1566/2650/1509
f 1650/2652/1637 1610/2586/1621 1572/661/384
f 1660/2653/1515 1661/2654/1595 1659/2639/1636
f 1661/2654/1595 1660/2653/1515 1608/2580/1453
f 1663/2642/1506 1653/2643/1507 1664/2644/1588
f 1665/2655/1596 1664/2644/1588 1565/2646/1590
f 1653/2643/1507 1667/2657/1597 1666/2656/1514
f 1653/2643/1507 1597/2575/1620 1609/2617/1576
f 1669/2658/1598 1670/2659/1638 1668/2647/1591
f 1670/2659/1638 1669/2658/1598 1589/656/415
f 1661/2654/1595 1669/2658/1598 1654/2648/1592
f 1669/2658/1598 1661/2654/1595 1632/2606/1472
f 1671/693/410 1655/2649/1593 1672/2660/1639
f 1673/694/411 1672/2660/1639 2329/773/492
f 1655/2649/1593 1663/2642/1506 1665/2655/1596
f 1672/2660/1639 1665/2655/1596 1590/774/493
f 1660/2653/1515 1652/2641/1587 1666/2651/1514
f 1660/2653/1515 1667/2661/1597 1609/2662/1576
f 1622/2663/1521 1604/2577/1450 1603/2579/1452
f 1570/662/385 1569/669/420 1637/668/390
f 1636/2608/1628 1631/2604/1569 2378/685/404
f 1594/2570/1619 1636/2608/1628 1649/2665/1602
f 1630/2602/1567 1631/2604/1569 1583/652/378
f 1574/2667/1640 1630/2602/1567 1581/651/377
f 1625/680/399 1577/2560/1616 1576/688/406
f 1646/2668/1605 1628/2600/1626 1604/2577/1450
f 1615/2669/1641 1585/2567/1547 1628/2600/1626
f 1606/2616/1454 1596/2574/1446 1674/2670/1607
f 1674/2670/1607 1644/2620/1632 1593/2572/1444
f 1648/2626/1491 1633/2605/1627 1607/2582/1455
f 1641/2671/1484 1674/2670/1607 1592/2571/1443
f 1596/2574/1446 1599/2610/1477 1644/2620/1632
f 1627/2599/1466 1648/2626/1491 1642/2618/1631
f 1610/2586/1621 1571/2556/1613 1570/662/385
f 1656/2635/1582 1675/690/408 1930/689/373
f 1562/2552/1537 1668/2647/1591 1677/2673/1609
f 1561/2598/1565 1677/2673/1609 1650/2652/1637
f 1676/692/409 1673/694/411 2328/2557/1614
f 1658/676/421 1676/692/409 1926/2615/1630
f 1651/695/376 1928/2638/1635 1559/666/389
f 1675/690/408 1656/2635/1582 1572/661/384
f 1677/2673/1609 1670/2659/1638 1588/655/414
f 1677/2673/1609 1621/663/417 1610/2586/1621
f 1671/693/410 1676/692/409 1582/653/379
f 1676/692/409 1658/676/421 1573/675/395
f 1603/2674/1452 1595/2613/1629 1619/2675/1532
f 1595/2613/1629 1594/2570/1619 1618/2666/1603
f 1614/683/402 1586/2565/1545 1585/2567/1547
f 1574/2667/1640 1577/2560/1616 1580/2597/1564
f 1568/677/422 2374/813/519 1578/670/392
f 1993/2677/1642 1697/779/500 2338/778/499
f 1993/2677/1642 1980/2680/1645 1698/2679/1644
f 2337/713/442 1698/2679/1644 1980/2680/1645
f 1983/2681/1646 2249/705/434 1684/707/436
f 2336/734/463 2261/698/427 1987/697/426
f 1741/2683/1648 1740/722/451 1752/702/431
f 1755/745/474 1750/2724/1688 1749/715/444
f 1702/2685/1650 1989/2684/1649 1990/2687/1652
f 1693/2689/1654 1712/2721/1685 1709/2690/1655
f 1990/2687/1652 1995/2711/1675 2335/2692/1657
f 1716/2696/1661 1700/2730/1694 1687/2697/1662
f 1721/2699/1664 1690/2735/1698 1688/2700/1665
f 1992/2702/1667 1994/2678/1643 2338/778/499
f 1683/2704/1669 1705/2777/1697 1717/2705/1670
f 1719/2707/1672 1679/2728/1692 1704/2708/1673
f 1992/2710/1667 2339/2940/1668 2335/2692/1657
f 2252/2712/1676 1770/2714/1678 2469/737/466
f 2252/2712/1676 2253/2716/1680 2470/2713/1677
f 2471/2715/1679 2470/2713/1677 2253/2716/1680
f 2257/2718/1682 2464/2742/1704 2463/2719/1683
f 1712/2721/1685 1711/2723/1687 1710/2722/1686
f 1711/2723/1687 1683/2704/1669 1692/2706/1671
f 1778/740/469 2465/3177/1982 1750/2724/1688
f 1686/2725/1689 1776/741/470 1778/740/469
f 1720/2694/1659 1695/2693/1658 1694/2726/1690
f 1696/2727/1691 1694/2726/1690 1679/2728/1692
f 1715/2729/1693 1699/2731/1695 1700/2730/1694
f 1686/2725/1689 1788/710/439 1699/2731/1695
f 1701/724/453 1721/2699/1664 1714/2701/1666
f 1689/2698/1663 1687/2697/1662 1717/2733/1670
f 1690/2735/1698 1706/2771/1674 1704/2736/1673
f 1704/2708/1673 1679/2728/1692 1782/2737/1699
f 1699/2731/1695 1787/2740/1702 1783/2739/1701
f 2258/2741/1703 1775/2780/1734 2464/2742/1704
f 1776/741/470 1775/2780/1734 2258/2741/1703
f 1695/2693/1658 1718/2695/1660 1682/2691/1656
f 1694/2726/1690 1695/2693/1658 1786/2743/1705
f 2462/2746/1707 2471/2715/1679 2254/2717/1681
f 2272/2720/1684 2463/2719/1683 2462/2749/1707
f 1785/2738/1700 1782/2737/1699 1692/2706/1671
f 1788/710/439 1685/709/438 1713/723/452
f 1787/2740/1702 1713/723/452 1714/2701/1666
f 1781/2745/1706 1786/2743/1705 1709/2690/1655
f 1757/750/479 1758/727/456 1744/2751/1710
f 1999/2753/1712 1762/2787/1740 1763/2754/1713
f 1731/2756/1715 1724/2763/1722 1680/780/501
f 1735/2757/1716 1726/2767/1725 1690/2735/1698
f 1727/2758/1717 1691/2769/1727 1708/2759/1718
f 1728/2761/1720 1698/2679/1644 2337/713/442
f 1728/2761/1720 1731/2756/1715 1697/779/500
f 1721/2699/1664 1701/724/453 1732/725/454
f 1724/2763/1722 1737/2775/1719 1708/2764/1718
f 1763/2754/1713 1762/2787/1740 1780/744/473
f 1731/2756/1715 1730/2766/1724 1725/2765/1723
f 1730/2766/1724 1696/2727/1691 1719/2707/1672
f 1726/2767/1725 1735/2757/1716 1734/2768/1726
f 1734/2768/1726 1703/2688/1653 1691/2769/1727
f 1726/2767/1725 1727/2758/1717 1737/2760/1719
f 1726/2767/1725 1736/2770/1728 1706/2771/1674
f 1722/2762/1721 1718/2695/1660 1720/2694/1659
f 1729/2772/1729 1730/2766/1724 1731/2756/1715
f 1729/2772/1729 1720/2694/1659 1696/2727/1691
f 1723/2773/1730 1681/2686/1651 1702/2685/1650
f 1735/2757/1716 1732/725/454 1733/2774/1731
f 1733/2774/1731 1702/2685/1650 1703/2688/1653
f 1725/2765/1723 1736/2776/1728 1737/2775/1719
f 1725/2765/1723 1719/2707/1672 1706/2709/1674
f 1705/2777/1697 1683/2704/1669 1773/2778/1732
f 1741/2683/1648 1753/746/475 1739/732/461
f 1693/2689/1654 1682/2691/1656 1751/703/432
f 1740/722/451 1777/721/450 1751/703/432
f 1776/741/470 1686/2725/1689 1715/2729/1693
f 1775/2780/1734 1715/2729/1693 1716/2696/1661
f 1748/708/437 1788/710/439 1750/2724/1688
f 1747/743/472 1749/715/444 1779/714/443
f 1683/2704/1669 1711/2723/1687 1774/2782/1736
f 1711/2723/1687 1712/2721/1685 1770/2714/1678
f 1784/2783/1737 1688/2700/1665 1704/2736/1673
f 1700/2730/1694 1783/2739/1701 1784/2783/1737
f 1679/2728/1692 1694/2726/1690 1781/2745/1706
f 1687/2697/1662 1784/2783/1737 1785/2784/1700
f 1783/2739/1701 1714/2701/1666 1688/2700/1665
f 1782/2737/1699 1781/2745/1706 1710/2722/1686
f 1757/750/479 1997/2752/1711 1743/718/447
f 1756/2785/1738 1722/2762/1721 2337/713/442
f 1758/727/456 1756/2785/1738 1996/712/441
f 1723/2773/1730 1764/2788/1741 1746/2786/1739
f 1746/2786/1739 1764/2788/1741 1762/2787/1740
f 1763/2754/1713 1761/749/478 1998/748/477
f 1718/2695/1660 1722/2762/1721 1756/2785/1738
f 1756/2785/1738 1758/727/456 1738/704/433
f 1764/2788/1741 1748/708/437 1780/744/473
f 1761/749/478 1763/2754/1713 1747/743/472
f 1769/2789/1742 1689/2698/1663 1705/2734/1697
f 1771/2781/1735 1716/2696/1661 1689/2698/1663
f 1712/2721/1685 1693/2689/1654 2469/737/466
f 1750/2724/1688 2465/3177/1982 1767/716/445
f 1740/722/451 1741/2683/1648 1765/2732/1696
f 1842/992/694 1822/2825/1744 1831/2791/1743
f 1332/2384/1504 2348/2304/1429 2349/2792/1456
f 1822/2793/1744 1799/2325/1449 1798/2303/1428
f 1798/2303/1428 1789/550/327 1830/2797/1747
f 1789/550/327 1339/549/326 1814/2798/1748
f 1812/2799/1749 1802/2378/1498 1393/2380/1500
f 1817/2801/1751 1790/2351/1474 1791/2306/1431
f 1829/2802/1752 1791/2306/1431 1349/578/355
f 1349/578/355 2344/2314/394 1823/2804/1746
f 1820/2805/485 1800/576/353 1355/553/330
f 1826/2807/1755 1827/2806/1754 1355/553/330
f 1792/552/329 1793/571/348 1808/2808/1756
f 1804/2382/1502 1396/2381/1501 1810/2809/635
f 1811/2811/1758 1794/2309/1434 1795/2308/1433
f 1825/2812/1759 1795/2308/1433 1796/2312/1437
f 1796/2312/1437 1801/2818/1764 1819/2814/1761
f 2344/2314/394 1358/2373/1494 1821/2815/1762
f 1799/2325/1449 1822/2793/1744 1818/2816/1763
f 1800/576/353 1820/2805/485 1821/2815/1762
f 1818/2817/1763 1819/2814/1761 1801/2818/1764
f 1815/2819/1765 1803/596/373 1790/2351/1474
f 1816/2800/1750 1393/2380/1500 1803/596/373
f 1813/2820/699 1814/2798/1748 1339/549/326
f 1813/2820/699 1394/2413/1528 1802/2378/1498
f 1809/2821/648 1805/2359/1481 1794/2309/1434
f 1396/2381/1501 1805/2359/1481 1809/2821/648
f 1793/571/348 1395/570/347 1807/2822/1766
f 1806/2810/1757 1807/2822/1766 1395/570/347
f 2752/993/695 1844/3482/2155 1824/2823/1767
f 1823/2796/1746 1821/2827/1770 1841/1010/710
f 1822/2825/1744 1842/992/694 1840/994/644
f 1820/756/485 1847/755/484 1841/1010/710
f 1840/994/644 2752/993/695 1819/2824/1768
f 1343/753/482 1360/2389/1509 2349/2333/1456
f 2748/913/619 1853/2863/1744 1851/2828/1771
f 1470/765/493 1446/2517/1590 2315/2454/1553
f 1480/2511/1586 2323/2421/1534 2324/2829/1456
f 1876/2830/1772 1874/3432/2136 1873/2831/1773
f 1853/2833/1744 1890/2420/1533 1891/2423/1536
f 1891/2423/1536 1892/2422/1535 1854/2835/1775
f 1892/2422/1535 1868/2425/1538 1856/2836/646
f 1857/2837/1776 1867/2505/1498 1444/2507/1500
f 1869/2839/1751 1866/2478/1571 1893/2426/1431
f 1870/2840/1778 1893/2426/1431 1471/624/355
f 1471/624/355 2319/623/394 1875/2842/1774
f 1879/2843/485 1894/621/353 1542/629/330
f 1880/2845/1779 1877/2844/486 1542/629/330
f 1895/2427/329 1864/616/348 1882/2846/1756
f 1863/2509/1584 1441/2508/1583 1884/2847/702
f 1887/2849/1758 1862/2431/1434 1896/2430/1541
f 1888/2850/1780 1896/2430/1541 1897/2439/1549
f 1897/2439/1549 1899/2438/1548 1900/2852/1761
f 2319/623/394 1445/2500/1580 1901/2853/1782
f 1890/2420/1533 1853/2833/1744 1902/2854/1769
f 1894/621/353 1879/2843/485 1901/2853/1782
f 1902/2855/1769 1900/2852/1761 1899/2438/1548
f 1904/2856/1783 1865/641/407 1866/2478/1571
f 1858/2838/1777 1444/2507/1500 1865/641/407
f 1856/2836/646 1868/2425/1538 1442/2468/1565
f 1905/2857/1784 1442/2468/1565 1867/2505/1498
f 1906/2858/633 1861/2486/1575 1862/2431/1434
f 1441/2508/1583 1861/2486/1575 1906/2858/633
f 1864/616/348 1440/615/389 1907/2859/1785
f 1886/2848/1757 1907/2859/1785 1440/615/389
f 2749/914/620 1908/3430/2134 1898/2860/1760
f 1875/2832/1774 1901/2865/1782 1909/2862/1787
f 1853/2863/1744 2748/913/619 1910/915/621
f 1879/759/485 1878/758/487 1909/2862/1787
f 1910/915/621 2749/914/620 1900/2861/1786
f 1481/762/490 2322/761/489 2323/2421/1534
f 1446/2517/1590 1447/2516/1589 2324/2455/1456
f 1917/936/642 1918/2901/1744 1915/2866/1743
f 1590/774/493 1565/2646/1590 2331/2584/1553
f 1600/2640/1586 2333/2549/1534 2332/2867/1456
f 1941/2868/1788 1939/3445/2138 1938/2869/1773
f 1918/2871/1744 1955/2548/1533 1956/2551/1536
f 1956/2551/1536 1957/2550/1610 1919/2873/1789
f 1957/2550/1610 1933/2553/1611 1921/2874/646
f 1922/2875/1776 1932/2634/1498 1563/2636/1500
f 1934/2877/1751 1931/2607/1474 1958/2554/1431
f 1935/2878/1791 1958/2554/1431 1591/2555/1612
f 1591/2555/1612 2327/2564/394 1940/2880/1774
f 1944/2881/485 1959/672/353 1662/649/412
f 1945/2883/1792 1942/2882/486 1662/649/412
f 1960/648/329 1929/667/348 1947/2884/1793
f 1928/2638/1635 1560/2637/1634 1949/2885/1794
f 1952/2887/1795 1927/2559/1615 1961/2558/1541
f 1953/2888/1759 1961/2558/1541 1962/2569/1549
f 1962/2569/1549 1964/2568/1618 1965/2890/1761
f 2327/2564/394 1564/2629/1580 1966/2891/1796
f 1955/2548/1533 1918/2871/1744 1967/2892/1763
f 1959/672/353 1944/2881/485 1966/2891/1796
f 1967/2893/1763 1965/2890/1761 1964/2568/1618
f 1969/2894/1783 1930/689/373 1931/2607/1474
f 1923/2876/1790 1563/2636/1500 1930/689/373
f 1921/2874/646 1933/2553/1611 1561/2598/1565
f 1970/2895/1797 1561/2598/1565 1932/2634/1498
f 1971/2896/648 1926/2615/1630 1927/2559/1615
f 1560/2637/1634 1926/2615/1630 1971/2896/648
f 1929/667/348 1559/666/389 1972/2897/1766
f 1951/2886/1757 1972/2897/1766 1559/666/389
f 2750/937/643 1973/3455/2143 1963/2898/1781
f 1940/2870/1774 1966/2903/1782 1974/2900/1799
f 1918/2901/1744 1917/936/642 1975/938/644
f 1944/768/485 1943/767/494 1974/2900/1799
f 1975/938/644 2750/937/643 1965/2899/1798
f 1601/771/495 2334/770/489 2333/2549/1534
f 1565/2646/1590 1566/2645/1509 2332/2585/1456
f 2038/970/673 2045/975/677 2025/2904/1800
f 1680/780/501 1708/2764/1718 2339/2703/1668
f 1993/2677/1642 1994/2678/1643 2016/2906/1801
f 2024/2910/1805 1980/2680/1645 1993/2677/1642
f 2008/2911/1806 1981/711/440 1980/2680/1645
f 2006/2912/1807 2010/2931/1822 1997/2752/1711
f 2011/2913/1808 2023/2914/1809 1983/2681/1646
f 1984/717/446 1983/2681/1646 2023/2914/1809
f 2017/2916/498 1985/701/430 1984/717/446
f 1986/696/425 1772/728/457 2014/2917/1811
f 2020/2919/1813 1987/697/426 1986/696/425
f 2002/2920/1814 1988/2682/1647 1987/697/426
f 2004/2921/1815 1999/2753/1712 1745/2755/1714
f 1989/2684/1649 1681/2686/1651 2005/2923/679
f 1990/2687/1652 1989/2684/1649 2019/2924/1816
f 2013/2926/1818 1995/2711/1675 1990/2687/1652
f 1985/701/430 2017/2916/498 2015/2927/1819
f 1994/2678/1643 1992/2702/1667 2012/2928/1820
f 1772/728/457 1991/730/459 2015/2927/1819
f 1995/2711/1675 2013/2926/1818 2012/2929/1820
f 2009/2930/1821 2011/2913/1808 1982/719/448
f 2010/2931/1822 2009/2930/1821 1743/718/447
f 2007/2932/682 1996/712/441 1981/711/440
f 1744/2751/1710 1996/712/441 2007/2932/682
f 1681/2686/1651 1746/2786/1739 2003/2933/1823
f 1999/2753/1712 2004/2921/1815 2003/2933/1823
f 2001/2934/1824 1998/748/477 1988/2682/1647
f 2000/2922/686 1745/2755/1714 1998/748/477
f 2018/2935/1825 2019/3962/2428 2040/973/675
f 2034/969/672 2013/2939/1827 2018/2935/1825
f 2017/777/498 2042/776/497 2036/2936/1826
f 2035/971/674 2038/970/673 2016/2905/1801
f 2014/2909/1804 2015/2937/1819 2036/2936/1826
f 2013/2939/1827 2034/969/672 2035/971/674
f 1691/2769/1727 2335/2692/1657 2339/2940/1668
f 1418/2345/1468 1399/584/361 2083/2412/1527
f 1430/567/344 1417/566/343 2082/2942/1829
f 1419/2419/1522 1420/2418/1532 2357/2339/1462
f 2360/2335/1458 1425/2408/1524 1424/2405/1521
f 2359/2337/1460 1424/2405/1521 1419/2406/1522
f 1420/2418/1532 1423/2407/1523 2356/2340/1463
f 1417/566/343 1418/2345/1468 2352/2941/1828
f 2109/784/505 2108/2945/1832 2060/2944/1831
f 2108/2945/1832 2092/2991/1869 2061/2946/1833
f 2077/2943/1830 2091/3963/1852 2093/794/515
f 2062/2947/1834 2095/3964/1855 2107/2948/1835
f 2064/2949/1836 2063/788/509 2107/2948/1835
f 2065/789/510 2064/2949/1836 2106/2950/1837
f 2051/2952/1839 2098/2963/1850 2105/2953/1840
f 2068/2954/1841 2105/2953/1840 2104/2955/1842
f 2104/2955/1842 2086/2995/1873 2070/2956/1843
f 2085/796/517 2087/3965/2429 2080/783/504
f 2071/2957/1844 2089/2993/1871 2103/2958/1845
f 2072/2959/1846 2103/2958/1845 2102/2960/1847
f 2101/2951/1838 2099/3966/1866 2074/790/511
f 2100/786/507 2059/785/506 2075/792/513
f 2074/790/511 2099/3966/1866 2098/2963/1850
f 2097/2961/1848 2096/2962/1849 2075/792/513
f 2100/2964/507 2066/2313/1438 1422/579/356
f 1422/579/356 1426/561/338 2108/2966/1832
f 2092/2967/1851 2108/2966/1832 1426/561/338
f 2091/2968/1852 1416/575/352 2350/2969/1853
f 2095/2971/1855 2047/588/365 2048/2334/1457
f 2048/2334/1457 2049/2336/1459 2106/2973/1857
f 2101/2974/1838 2106/2973/1857 2049/2336/1459
f 2098/2975/1858 2067/2376/1496 2052/2338/1461
f 2105/2976/1859 2052/2338/1461 2053/2366/1487
f 2086/2978/1860 2104/2977/1842 2053/2366/1487
f 2082/2942/1829 2352/2941/1828 2087/2979/1861
f 2089/2981/1863 2055/2369/1490 1351/554/331
f 2103/2982/1864 1351/554/331 1427/572/349
f 2097/2984/1865 2102/2983/1847 1427/572/349
f 2099/2985/1866 2101/2974/1838 2050/2372/1493
f 2066/2313/1438 2100/2964/507 2096/2987/1849
f 2061/2946/1833 2076/2988/1867 2059/785/506
f 2077/2943/1830 2069/781/502 2059/785/506
f 2073/791/512 2081/2989/1868 2071/2957/1844
f 2073/791/512 2069/781/502 2080/783/504
f 2051/2952/1839 2069/781/502 2063/788/509
f 2099/2990/1866 2057/2377/1497 2067/2376/1496
f 2056/577/354 2058/2374/1495 2096/2987/1849
f 2094/793/514 2095/3964/1855 2062/2947/1834
f 2092/2991/1869 2090/2992/1870 2076/2988/1867
f 2090/2992/1870 2091/3963/1852 2077/2943/1830
f 2081/2989/1868 2088/2994/1872 2089/2993/1871
f 2080/783/504 2087/3965/2429 2088/2994/1872
f 2084/795/516 2079/782/503 2070/2956/1843
f 2094/2996/514 1429/586/363 2047/588/365
f 2093/2970/1854 2350/2969/1853 1429/586/363
f 2090/2997/1874 2092/2967/1851 2046/563/340
f 2091/2968/1852 2090/2997/1874 2351/585/362
f 2088/2998/1872 2083/2412/1527 2055/2369/1490
f 2087/2979/1861 2352/2941/1828 2083/2412/1527
f 2054/591/368 2353/590/367 2084/2999/1875
f 2085/2980/1862 2084/2999/1875 2353/590/367
f 1460/2467/1564 1503/2466/1563 2110/2543/1608
f 1508/797/518 1459/2473/1568 2112/3001/1877
f 1458/619/392 2116/3004/1880 2363/633/400
f 1502/2547/1601 1498/2546/1532 2369/2463/1462
f 2123/3002/1878 2174/809/530 2133/804/525
f 1497/2537/1603 1529/2536/1602 2367/2494/1578
f 2372/2459/1557 1525/2539/1605 1501/2534/1521
f 2373/2456/1554 1494/2540/1606 1525/2539/1605
f 2371/2461/1559 1501/2534/1521 1502/2535/1601
f 1498/2546/1532 1497/2537/1603 2368/2464/1561
f 1459/2473/1568 1460/2467/1564 2364/3000/1876
f 2132/803/524 2135/3005/1832 2136/3003/1879
f 2135/3005/1832 2137/3057/1869 2138/3006/1881
f 2122/807/528 2139/3967/1902 2140/3007/1882
f 2143/3008/1883 2141/3055/1914 2142/3009/1884
f 2145/3010/1885 2174/809/530 2142/3009/1884
f 2147/810/510 2145/3010/1885 2144/3011/1857
f 2150/3013/1839 2151/3028/1900 2148/3014/1887
f 2149/3015/1888 2148/3014/1887 2152/3016/1842
f 2152/3016/1842 2154/3061/1918 2155/3017/1889
f 2157/3018/1890 2156/3968/1907 2125/802/523
f 2161/3019/1891 2158/3059/1871 2159/3020/1892
f 2160/3021/1893 2159/3020/1892 2162/3022/1894
f 2164/3024/1896 2171/3023/1895 2162/3022/1894
f 2146/3012/1886 2165/3969/1910 2166/811/511
f 2134/805/526 2133/804/525 2167/3026/1898
f 2166/811/511 2165/3969/1910 2151/3028/1900
f 2163/3025/1897 2168/3027/1899 2167/3026/1898
f 2134/3029/507 2126/2434/1544 1524/625/356
f 1524/625/356 1492/607/382 2135/3031/1832
f 2137/3032/1869 2135/3031/1832 1492/607/382
f 2139/3033/1902 2116/3004/1880 2362/798/519
f 2141/3035/1904 2115/636/403 2131/2457/1555
f 2131/2457/1555 2130/2460/1558 2144/3037/1837
f 2146/3038/1886 2144/3037/1837 2130/2460/1558
f 2151/3039/1900 2120/2502/1496 2129/2462/1560
f 2148/3040/1840 2129/2462/1560 2128/2493/1577
f 2154/3042/1906 2152/3041/1905 2128/2493/1577
f 2112/3001/1877 2364/3000/1876 2156/3043/1907
f 2158/3045/1908 2111/2496/1490 1528/630/397
f 2159/3046/1892 1528/630/397 1496/620/393
f 2163/3048/1909 2162/3047/1894 1496/620/393
f 2165/3049/1910 2146/3038/1886 2127/2499/1493
f 2126/2434/1544 2134/3029/507 2168/3051/1911
f 2138/3006/1881 2170/806/527 2133/804/525
f 2171/3023/1895 2172/3053/1913 2161/3019/1891
f 2171/3023/1895 2153/800/521 2125/802/523
f 2164/3024/1896 2167/3026/1898 2133/804/525
f 2150/3013/1839 2153/800/521 2174/809/530
f 2165/3054/1910 2121/2503/1497 2120/2502/1496
f 2118/622/354 2119/2504/1581 2168/3051/1911
f 2169/3052/1912 2175/3056/1915 2141/3055/1914
f 2123/3002/1878 2140/3007/1882 2175/3056/1915
f 2137/3057/1869 2176/3058/1916 2170/806/527
f 2176/3058/1916 2139/3967/1902 2122/807/528
f 2172/3053/1913 2177/3060/1917 2158/3059/1871
f 2125/802/523 2156/3968/1907 2177/3060/1917
f 2154/3061/1918 2178/3062/1919 2173/808/529
f 2178/3062/1919 2157/3018/1890 2124/801/522
f 2175/3063/1915 2114/634/401 2115/636/403
f 2140/3034/1903 2362/798/519 2114/634/401
f 2176/3064/1916 2137/3032/1869 2117/606/340
f 2139/3033/1902 2176/3064/1916 2363/633/400
f 2177/3065/1917 2110/2543/1608 2111/2496/1490
f 2156/3043/1907 2364/3000/1876 2110/2543/1608
f 2113/639/405 2365/638/367 2178/3066/1919
f 2157/3044/1890 2178/3066/1919 2365/638/367
f 1580/2597/1564 1624/2596/1563 2179/2672/1608
f 1629/812/518 1579/2603/1568 2181/3068/1877
f 1578/670/392 2185/3072/1880 2375/681/424
f 1623/2676/1601 1619/2675/1532 2381/2593/1462
f 1618/2666/1603 1649/2665/1602 2379/2623/1578
f 2384/2589/1623 1646/2668/1605 1622/2663/1521
f 2385/2587/1554 1615/2669/1641 1646/2668/1605
f 2383/2591/1559 1622/2663/1521 1623/2664/1601
f 1619/2675/1532 1618/2666/1603 2380/2594/1625
f 1579/2603/1568 1580/2597/1564 2376/3067/1876
f 2201/818/524 2204/3073/1832 2205/3071/1922
f 2204/3073/1832 2206/3126/1869 2207/3074/1923
f 2191/3069/1920 2208/3970/1902 2209/3075/1924
f 2213/3076/1925 2210/3124/1904 2211/3077/1884
f 2215/3078/1836 2212/823/538 2211/3077/1884
f 2217/3080/1926 2215/3078/1836 2214/3079/1837
f 2220/3082/1927 2221/3095/1900 2218/3083/1840
f 2219/3084/1928 2218/3083/1840 2222/3085/1842
f 2222/3085/1842 2224/3130/1935 2225/3086/1889
f 2227/3087/1890 2226/3971/1936 2194/817/533
f 2231/3088/1929 2228/3128/1908 2229/3089/1892
f 2230/3090/1893 2229/3089/1892 2232/3091/1930
f 2234/821/536 2243/815/531 2232/3091/1930
f 2216/3081/1838 2235/3972/1866 2236/3093/1932
f 2203/820/535 2202/819/534 2237/822/537
f 2236/3093/1932 2235/3972/1866 2221/3095/1900
f 2233/3092/1931 2238/3094/1899 2237/822/537
f 2203/3096/507 2195/2563/1544 1645/2562/356
f 1645/2562/356 1613/658/338 2204/3098/1832
f 2206/3099/1869 2204/3098/1832 1613/658/338
f 2208/3100/1902 2185/3072/1880 2374/813/519
f 2210/3102/1933 2184/684/403 2200/2588/1622
f 2200/2588/1622 2199/2590/1624 2214/3104/1857
f 2216/3105/1934 2214/3104/1857 2199/2590/1624
f 2221/3106/1900 2189/2631/1496 2198/2592/1560
f 2218/3107/1840 2198/2592/1560 2197/2622/1577
f 2224/3109/1935 2222/3108/1842 2197/2622/1577
f 2181/3068/1877 2376/3067/1876 2226/3110/1936
f 2228/3112/1908 2180/2625/1490 1567/650/413
f 2229/3113/1892 1567/650/413 1617/671/393
f 2233/3115/1931 2232/3114/1894 1617/671/393
f 2235/3116/1938 2216/3105/1934 2196/2628/1493
f 2195/2563/1544 2203/3096/507 2238/3118/1899
f 2239/3119/1939 2212/823/538 2243/815/531
f 2207/3074/1923 2240/3120/1940 2202/819/534
f 2240/3120/1940 2191/3069/1920 2243/815/531
f 2243/815/531 2241/3122/1942 2231/3088/1929
f 2242/3121/1941 2193/816/532 2243/815/531
f 2217/3080/1926 2236/3093/1932 2223/824/539
f 2235/3123/1938 2190/2632/1497 2189/2631/1496
f 2187/673/354 2188/2633/1581 2238/3118/1899
f 2239/3119/1939 2244/3125/1915 2210/3124/1904
f 2192/3070/1921 2209/3075/1924 2244/3125/1915
f 2206/3126/1869 2245/3127/1943 2240/3120/1940
f 2245/3127/1943 2208/3970/1902 2191/3069/1920
f 2241/3122/1942 2246/3129/1917 2228/3128/1908
f 2194/817/533 2226/3971/1936 2246/3129/1917
f 2224/3130/1935 2247/3131/1919 2242/3121/1941
f 2247/3131/1919 2227/3087/1890 2193/816/532
f 2244/3132/1915 2183/682/401 2184/684/403
f 2209/3101/1882 2374/813/519 2183/682/401
f 2245/3133/1943 2206/3099/1869 2186/657/416
f 2208/3100/1902 2245/3133/1943 2375/681/424
f 2246/3134/1872 2179/2672/1608 2180/2625/1490
f 2226/3110/1936 2376/3067/1876 2179/2672/1608
f 2182/687/405 2377/686/367 2247/3135/1944
f 2227/3111/1937 2247/3135/1944 2377/686/367
f 1777/721/450 1766/720/449 2288/3136/1945
f 1765/2732/1696 1742/733/462 2287/736/465
f 2463/2719/1683 1769/2789/1742 1768/2790/1733
f 2283/834/549 2282/3144/1953 2255/832/547
f 1773/2778/1732 1774/2782/1736 2470/2713/1677
f 1768/2779/1733 1773/2778/1732 2471/2715/1679
f 2464/2742/1704 1771/2781/1735 1769/2789/1742
f 1766/720/449 1765/2732/1696 2467/3137/1946
f 2265/3139/1948 2313/3143/1952 2314/3140/1949
f 2266/3142/1951 2297/3189/1972 2313/3143/1952
f 2298/836/551 2296/3973/2430 2282/3144/1953
f 2312/3145/1954 2300/3188/1975 2267/3146/1955
f 2269/3147/1956 2311/3149/1958 2312/3145/1954
f 2270/3148/1957 2306/3160/1969 2311/3149/1958
f 2256/3150/1959 2273/3153/1962 2310/3151/1960
f 2273/3153/1962 2274/831/546 2309/3154/1963
f 2275/3155/1964 2291/3974/2431 2309/3154/1963
f 2285/3138/1947 2292/3975/2432 2290/838/553
f 2308/3156/1965 2294/3191/1990 2276/3157/1966
f 2307/826/541 2308/3156/1965 2277/3158/1967
f 2279/3159/1968 2304/3976/2120 2306/3160/1969
f 2305/3141/1950 2301/3161/1970 2280/833/548
f 2303/3152/1961 2304/3976/2120 2279/3159/1968
f 2302/828/543 2278/827/542 2280/833/548
f 2305/3162/1950 2314/3164/1971 2248/700/429
f 2313/3163/1952 2249/705/434 2248/700/429
f 2297/3165/1972 2250/706/435 2249/705/434
f 2288/3136/1945 2467/3137/1946 2296/3166/1973
f 2252/2712/1676 2251/739/468 2300/3168/1975
f 2311/3170/1958 2253/2716/1680 2252/2712/1676
f 2306/3171/1977 2254/2717/1681 2253/2716/1680
f 2303/3172/1978 2310/3173/1960 2257/2718/1682
f 2258/2741/1703 2257/2718/1682 2310/3173/1960
f 2291/3175/1980 2259/742/471 2258/2741/1703
f 2292/3176/1981 1767/716/445 2465/3177/1982
f 2294/3179/1984 2308/3180/1965 2261/698/427
f 2308/3180/1965 2307/3182/1985 2262/729/458
f 2302/3181/614 2263/2748/1709 2262/729/458
f 2304/3183/1986 2264/2747/1708 2254/2717/1681
f 2301/3184/1970 2305/3162/1950 2271/699/428
f 2255/832/547 2281/3185/1987 2266/3142/1951
f 2276/3157/1966 2286/3186/1988 2278/827/542
f 2285/3138/1947 2268/829/544 2278/827/542
f 2256/3150/1959 2279/3159/1968 2268/829/544
f 2272/2720/1684 2264/2750/1708 2304/3187/1986
f 2263/2748/1709 2302/3181/614 2301/3184/1970
f 2299/835/550 2283/834/549 2267/3146/1955
f 2281/3185/1987 2295/3190/1989 2297/3189/1972
f 2282/3144/1953 2296/3973/2430 2295/3190/1989
f 2294/3191/1990 2293/3192/1991 2286/3186/1988
f 2293/3192/1991 2292/3975/2432 2285/3138/1947
f 2289/837/552 2291/3974/2431 2275/3155/1964
f 2251/739/468 2468/738/467 2299/3193/1992
f 2468/738/467 2288/3136/1945 2298/3167/1974
f 2295/3194/1989 2287/736/465 2250/706/435
f 2296/3166/1973 2467/3137/1946 2287/736/465
f 2293/3195/1991 2294/3179/1984 2260/2744/591
f 2292/3176/1981 2293/3195/1991 2466/825/540
f 2289/3196/1993 1778/740/469 2259/742/471
f 2290/3178/1983 2465/3177/1982 1778/740/469
f 2735/894/600 2734/3222/2013 2627/3197/1994
f 2735/894/600 2628/3198/1995 2629/3199/1996
f 2629/3199/1996 2604/3243/2023 2729/3200/1997
f 2630/3201/1998 2680/872/581 2501/874/583
f 2730/858/463 2675/841/427 2634/840/554
f 2480/3203/1999 2479/3310/2063 2482/3204/2000
f 2474/864/575 2598/863/574 2635/3205/2001
f 2486/3206/2002 2485/876/585 2488/855/568
f 2530/851/564 2493/877/586 2486/3206/2002
f 2635/3205/2001 2636/3344/2082 2731/898/604
f 2499/3208/2004 2498/3240/2021 2497/3209/1655
f 2731/898/604 2636/3344/2082 2638/3210/2005
f 2508/3215/2009 2507/3252/1694 2506/3216/1662
f 2512/3218/2011 2511/3258/1698 2510/3219/1665
f 2643/3221/2012 2627/3197/1994 2734/3222/2013
f 2518/3224/1669 2517/3307/1697 2516/3225/1670
f 2522/3227/2014 2521/3248/1692 2520/3228/2015
f 2643/3230/2012 2733/3359/1668 2732/3211/2006
f 2525/850/563 2483/869/579 2482/3204/2000
f 2661/880/589 2679/3234/2018 2747/3231/2016
f 2746/3233/2017 2747/3231/2016 2679/3234/2018
f 2678/3235/2019 2673/3272/2040 2745/3236/1679
f 2677/3237/2020 2742/3265/2035 2743/3238/1683
f 2498/3240/2021 2537/3244/2024 2536/3241/1686
f 2537/3244/2024 2518/3224/1669 2519/3226/1671
f 2538/901/607 2740/900/606 2485/876/585
f 2540/3245/2025 2539/3268/2038 2538/901/607
f 2542/3246/2026 2541/3247/2027 2504/3213/2007
f 2541/3247/2027 2542/3246/2026 2521/3248/1692
f 2543/3249/2028 2479/3310/2063 2491/3250/2029
f 2499/3208/2004 2543/3249/2028 2544/903/609
f 2546/3251/2030 2545/3253/1695 2507/3252/1694
f 2540/3245/2025 2495/853/566 2545/3253/1695
f 2480/3203/1999 2548/875/584 2547/3254/2031
f 2549/861/572 2512/3218/2011 2513/3220/1666
f 2509/3217/2010 2506/3216/1662 2516/3256/1670
f 2511/3258/1698 2523/3301/1674 2520/3259/2015
f 2520/3228/2015 2521/3248/1692 2552/3260/1699
f 2545/3253/1695 2553/3263/2033 2554/3262/1701
f 2676/3264/2034 2741/3266/2036 2742/3265/2035
f 2741/3266/2036 2676/3264/2034 2659/3267/2037
f 2502/3212/1658 2503/3214/2008 2500/849/562
f 2542/3246/2026 2502/3212/1658 2556/3269/1705
f 2744/3271/2039 2745/3236/1679 2673/3272/2040
f 2672/847/560 2632/846/559 2641/3274/2041
f 2666/3239/1684 2743/3238/1683 2744/3276/2039
f 2551/3261/1700 2552/3260/1699 2519/3226/1671
f 2495/853/566 2531/852/565 2550/860/571
f 2553/3263/2033 2550/860/571 2513/3220/1666
f 2557/3270/1706 2556/3269/1705 2497/3209/1655
f 2664/867/577 2665/3275/2042 2641/3274/2041
f 2559/890/479 2568/870/580 2475/3278/2043
f 2597/3280/1712 2560/3294/2054 2570/3281/2044
f 2561/3283/2046 2571/3292/2053 2514/3284/2047
f 2562/3285/2048 2574/3297/2055 2511/3258/1698
f 2564/3286/2049 2477/3299/2057 2478/3287/1718
f 2566/889/596 2577/3289/2050 2524/895/601
f 2577/3289/2050 2561/3283/2046 2515/896/602
f 2567/3290/2051 2580/3291/2052 2549/861/572
f 2580/3291/2052 2562/3285/2048 2512/3218/2011
f 2571/3292/2053 2565/3305/1719 2478/3293/1718
f 2560/3294/2054 2494/3207/2003 2484/843/556
f 2572/3295/1724 2573/3296/1723 2571/3292/2053
f 2572/3295/1724 2541/3247/2027 2522/3227/2014
f 2574/3297/2055 2562/3285/2048 2575/3298/2056
f 2575/3298/2056 2505/899/605 2477/3299/2057
f 2574/3297/2055 2564/3286/2049 2565/3288/1719
f 2574/3297/2055 2576/3300/2058 2523/3301/1674
f 2578/888/595 2579/3302/2059 2577/3289/2050
f 2578/888/595 2503/3214/2008 2504/3213/2007
f 2579/3302/2059 2572/3295/1724 2561/3283/2046
f 2541/3247/2027 2572/3295/1724 2579/3302/2059
f 2580/3291/2052 2567/3290/2051 2581/3303/2060
f 2581/3303/2060 2474/864/575 2496/897/603
f 2562/3285/2048 2580/3291/2052 2582/3304/2061
f 2505/899/605 2575/3298/2056 2582/3304/2061
f 2573/3296/1723 2576/3306/2058 2565/3305/1719
f 2573/3296/1723 2522/3227/2014 2523/3229/1674
f 2517/3307/1697 2518/3224/1669 2533/3308/1732
f 2548/875/584 2480/3203/1999 2481/883/592
f 2543/3249/2028 2499/3208/2004 2500/849/562
f 2479/3310/2063 2543/3249/2028 2526/848/561
f 2539/3268/2038 2540/3245/2025 2546/3251/2030
f 2558/3311/2064 2546/3251/2030 2508/3215/2009
f 2487/844/557 2488/855/568 2535/854/567
f 2518/3224/1669 2537/3244/2024 2555/3313/2066
f 2537/3244/2024 2498/3240/2021 2527/3314/2067
f 2583/3315/1737 2510/3219/1665 2520/3259/2015
f 2507/3252/1694 2554/3262/1701 2583/3315/1737
f 2521/3248/1692 2542/3246/2026 2557/3270/1706
f 2506/3216/1662 2583/3315/1737 2551/3316/1700
f 2554/3262/1701 2513/3220/1666 2510/3219/1665
f 2552/3260/1699 2557/3270/1706 2536/3241/1686
f 2494/3207/2003 2486/3206/2002 2487/844/557
f 2559/890/479 2601/3279/1711 2476/884/447
f 2584/887/594 2566/889/596 2729/3200/1997
f 2568/870/580 2584/887/594 2603/3242/2022
f 2474/864/575 2581/3303/2060 2587/3318/2069
f 2473/862/573 2587/3318/2069 2560/3294/2054
f 2472/3282/2045 2570/3281/2044 2585/886/593
f 2578/888/595 2584/887/594 2525/850/563
f 2584/887/594 2568/870/580 2483/869/579
f 2587/3318/2069 2567/3290/2051 2531/852/565
f 2587/3318/2069 2530/851/564 2494/3207/2003
f 2585/886/593 2570/3281/2044 2484/843/556
f 2529/3319/1742 2509/3217/2010 2517/3257/1697
f 2528/3312/2065 2508/3215/2009 2509/3217/2010
f 2498/3240/2021 2499/3208/2004 2736/878/587
f 2485/876/585 2740/900/606 2492/856/569
f 2479/3310/2063 2480/3203/1999 2490/3255/2032
f 2751/951/654 2589/3460/2145 2588/3321/1802
f 2505/899/605 2731/898/604 2732/3211/2006
f 2514/3284/2047 2478/3293/1718 2733/3223/1668
f 2614/3323/2070 2613/965/668 2612/3324/2071
f 2617/964/667 2616/3471/2077 2612/3324/2071
f 2628/3198/1995 2627/3197/1994 2590/3326/1801
f 2591/3328/2074 2629/3199/1996 2628/3198/1995
f 2593/3329/1806 2604/3243/2023 2629/3199/1996
f 2601/3279/1711 2475/3278/2043 2594/3330/662
f 2630/3201/1998 2602/3202/448 2605/3332/1808
f 2631/871/446 2630/3201/1998 2606/3333/1809
f 2611/3335/599 2632/846/559 2631/871/446
f 2633/839/425 2563/865/576 2615/3336/2076
f 2616/3338/2077 2634/840/554 2633/839/425
f 2618/3339/1814 2600/859/570 2634/840/554
f 2620/3340/2078 2597/3280/1712 2472/3282/2045
f 2635/3205/2001 2598/863/574 2624/3342/2080
f 2636/3344/2082 2635/3205/2001 2625/3343/2081
f 2639/3346/2083 2638/3210/2005 2636/3344/2082
f 2632/846/559 2611/3335/599 2640/3347/2084
f 2627/3197/1994 2643/3221/2012 2642/3348/1820
f 2563/865/576 2641/3274/2041 2640/3347/2084
f 2638/3210/2005 2639/3346/2083 2642/3349/1820
f 2644/3350/2085 2605/3332/1808 2602/3202/448
f 2595/3331/2075 2644/3350/2085 2476/884/447
f 2645/3351/2086 2603/3242/2022 2604/3243/2023
f 2475/3278/2043 2603/3242/2022 2645/3351/2086
f 2598/863/574 2473/862/573 2646/3352/659
f 2646/3352/659 2473/862/573 2597/3280/1712
f 2647/3353/2087 2599/857/477 2600/859/570
f 2623/3341/2079 2472/3282/2045 2599/857/477
f 2649/948/651 2639/3358/1827 2637/3354/1817
f 2611/893/599 2610/892/598 2650/3355/2088
f 2651/950/653 2751/951/654 2590/3322/1801
f 2615/3325/2072 2640/3356/2089 2650/3355/2088
f 2639/3358/1827 2649/948/651 2651/950/653
f 2515/896/602 2514/3284/2047 2734/3222/2013
f 2477/3299/2057 2732/3211/2006 2733/3359/1668
f 2492/856/569 2656/3363/2093 2739/881/590
f 2544/903/609 2491/3250/2029 2660/3360/2090
f 2490/3255/2032 2547/3254/2031 2662/3317/2068
f 2743/3238/1683 2529/3319/1742 2534/3320/2062
f 2670/3362/2092 2704/911/617 2715/904/610
f 2741/3266/2036 2558/3311/2064 2528/3312/2065
f 2533/3308/1732 2555/3313/2066 2746/3233/2017
f 2555/3313/2066 2527/3314/2067 2747/3231/2016
f 2534/3309/2062 2533/3308/1732 2745/3236/1679
f 2742/3265/2035 2528/3312/2065 2529/3319/1742
f 2491/3250/2029 2490/3255/2032 2738/3361/2091
f 2683/3364/2094 2721/3368/2098 2682/3365/2095
f 2686/3367/2097 2685/3370/2100 2682/3365/2095
f 2688/3369/2099 2687/3419/2126 2685/3370/2100
f 2690/3371/2101 2689/3977/2112 2668/906/612
f 2692/3372/1976 2691/3417/2113 2694/3373/2102
f 2696/3374/1956 2695/3376/2103 2692/3372/1976
f 2698/3375/1957 2697/3388/1969 2695/3376/2103
f 2701/3377/1959 2700/3380/1962 2699/3378/1960
f 2700/3380/1962 2704/911/617 2703/3381/1963
f 2706/3382/2104 2705/3423/2129 2703/3381/1963
f 2671/910/616 2707/3978/2116 2708/3383/2105
f 2710/3384/2106 2709/3421/2127 2712/3385/2107
f 2713/907/613 2710/3384/2106 2711/3386/2108
f 2717/3387/2109 2716/3979/2120 2697/3388/1969
f 2684/3366/2096 2719/3390/2111 2718/3389/2110
f 2702/3379/1961 2716/3979/2120 2717/3387/2109
f 2714/908/614 2715/904/610 2718/3389/2110
f 2684/3391/2096 2682/3393/2095 2681/845/558
f 2685/3392/2100 2680/872/581 2681/845/558
f 2687/3394/1972 2663/3232/435 2680/872/581
f 2660/3360/2090 2738/3361/2091 2689/3395/2112
f 2691/3397/2113 2692/3399/1976 2679/3234/2018
f 2695/3398/1958 2678/3235/2019 2679/3234/2018
f 2697/3400/1977 2673/3272/2040 2678/3235/2019
f 2702/3401/2114 2699/3402/1960 2677/3237/2020
f 2699/3402/1960 2703/3404/1979 2676/3264/2034
f 2705/3403/2115 2659/3267/2037 2676/3264/2034
f 2707/3405/2116 2656/3363/2093 2740/900/606
f 2709/3407/2118 2710/3408/2119 2675/841/427
f 2674/866/458 2675/841/427 2710/3408/2119
f 2714/3410/614 2664/867/577 2674/866/458
f 2716/3411/2120 2667/3273/1708 2673/3272/2040
f 2672/847/560 2665/3275/2042 2719/3412/2121
f 2720/3413/2122 2669/905/611 2715/904/610
f 2721/3368/2098 2722/3414/2123 2688/3369/2099
f 2722/3414/2123 2721/3368/2098 2715/904/610
f 2712/3385/2107 2723/909/615 2715/904/610
f 2683/3364/2094 2718/3389/2110 2715/904/610
f 2701/3377/1959 2717/3387/2109 2693/912/618
f 2716/3416/2120 2702/3401/2114 2666/3239/1684
f 2664/867/577 2714/3410/614 2719/3412/2121
f 2691/3417/2113 2725/3418/2125 2720/3413/2122
f 2725/3418/2125 2690/3371/2101 2669/905/611
f 2722/3414/2123 2726/3420/1989 2687/3419/2126
f 2668/906/612 2689/3977/2112 2726/3420/1989
f 2709/3421/2127 2727/3422/2128 2723/909/615
f 2727/3422/2128 2707/3978/2116 2671/910/616
f 2724/3415/2124 2728/3424/2130 2705/3423/2129
f 2670/3362/2092 2708/3383/2105 2728/3424/2130
f 2661/880/589 2737/879/588 2725/3425/2131
f 2737/879/588 2660/3360/2090 2690/3396/2101
f 2726/3426/1989 2662/3317/2068 2663/3232/435
f 2689/3395/2112 2738/3361/2091 2662/3317/2068
f 2727/3427/2128 2709/3407/2118 2657/882/591
f 2739/881/590 2656/3363/2093 2707/3405/2116
f 2728/3428/2132 2658/902/608 2659/3267/2037
f 2708/3406/2117 2740/900/606 2658/902/608
f 1851/2828/1771 1854/3980/2433 1855/917/623
f 1855/917/623 1854/3980/2433 1856/925/631
f 1889/3429/2133 1888/3434/1780 1898/2860/1760
f 1871/3431/2135 1870/3437/1791 1873/2831/1773
f 1877/757/486 1880/3435/1779 1881/919/625
f 1880/3435/1779 1882/3440/1793 1883/920/626
f 1909/2862/1787 1878/758/487 1874/3432/2136
f 1872/3436/2137 1869/3439/1751 1870/3437/1791
f 1907/3438/1766 1886/3443/1757 1885/922/628
f 1911/923/629 1904/3441/1783 1869/3439/1751
f 1882/3440/1793 1907/3438/1766 1914/921/627
f 1872/3436/2137 1874/3432/2136 1878/758/487
f 1859/924/630 1858/3442/1777 1904/3441/1783
f 1860/930/636 1857/3981/1776 1858/3442/1777
f 1884/929/635 1913/928/634 1885/922/628
f 2748/913/619 1878/758/487 1885/922/628
f 1906/927/633 1887/3433/1758 1889/3429/2133
f 1905/926/632 1857/3981/1776 1860/930/636
f 1913/928/634 1889/3429/2133 2749/914/620
f 1936/3444/2135 1935/3448/1778 1938/2869/1773
f 1942/766/486 1945/3446/1779 1946/931/637
f 1945/3446/1779 1947/3452/1793 1948/932/638
f 1974/2900/1799 1954/933/639 1939/3445/2138
f 1937/3447/2139 1934/3451/2141 1935/3448/1778
f 1972/3449/1766 1951/3459/1757 1950/935/641
f 1976/3450/2140 1969/3454/1783 1934/3451/2141
f 1947/3452/1793 1972/3449/1766 1979/934/640
f 1979/934/640 1954/933/639 1943/767/494
f 1939/3445/2138 1954/933/639 1976/3450/2140
f 1924/3453/2142 1923/3458/1777 1969/3454/1783
f 1924/3453/2142 1976/3450/2140 1954/933/639
f 1915/2866/1743 1919/3982/1789 1920/940/623
f 1920/940/623 1919/3982/1789 1921/942/646
f 1954/933/639 1953/3457/1759 1963/2898/1781
f 1971/944/648 1952/3456/2144 1954/933/639
f 1925/947/650 1922/3983/1776 1923/3458/1777
f 1949/946/635 1978/945/649 1950/935/641
f 1970/943/647 1922/3983/1776 1925/947/650
f 2592/949/652 2591/3462/2146 2588/3321/1802
f 2626/953/656 2625/3984/2081 2624/955/658
f 2637/3354/1817 2625/3984/2081 2626/953/656
f 2645/957/660 2593/3461/1806 2592/949/652
f 2646/956/659 2620/3985/2434 2621/960/663
f 2594/959/662 2653/958/661 2596/963/666
f 2621/960/663 2620/3985/2434 2623/3464/2148
f 2644/3465/1821 2595/3463/2147 2596/963/666
f 2622/961/664 2623/3464/2148 2647/3466/2087
f 2605/3468/1808 2644/3465/1821 2652/962/665
f 2655/3467/2149 2647/3466/2087 2618/3469/1814
f 2655/3467/2149 2619/966/669 2613/965/668
f 2652/962/665 2592/949/652 2610/892/598
f 2609/891/597 2606/3470/1809 2607/967/670
f 2606/3470/1809 2605/3468/1808 2608/968/671
f 2619/966/669 2618/3469/1814 2616/3471/2077
f 2650/3355/2088 2592/949/652 2613/965/668
f 2044/974/676 2024/3473/1805 2025/2904/1800
f 2040/973/675 2019/3962/2428 2005/977/679
f 2007/980/682 2008/3472/2150 2044/974/676
f 2003/978/680 2004/985/687 2027/983/685
f 2006/982/684 2030/981/683 2032/987/689
f 2009/3475/2085 2010/3474/2151 2032/987/689
f 2000/984/686 2001/3986/1824 2026/3476/2152
f 2011/3477/1808 2009/3475/2085 2031/986/688
f 2026/3476/2152 2001/3986/1824 2002/3478/1814
f 2033/991/693 2031/986/688 2037/979/681
f 2022/775/496 2023/3479/2153 2043/990/692
f 2041/988/690 2020/3480/1813 2021/2908/1803
f 2023/3479/2153 2011/3477/1808 2033/991/693
f 2028/989/691 2002/3478/1814 2020/3480/1813
f 1831/2791/1743 1830/3987/2435 1849/996/697
f 1849/996/697 1830/3987/2435 1814/998/646
f 1845/3481/2154 1825/3484/1759 1824/2823/1767
f 1809/1000/700 1811/3483/1758 1845/3481/2154
f 1835/1001/701 1845/3481/2154 2752/993/695
f 1813/999/699 1812/1005/705 1838/1003/703
f 1810/1002/702 1835/1001/701 1833/1007/707
f 1816/1004/704 1815/3988/1765 1837/3486/2156
f 1807/3487/1766 1806/3485/1757 1833/1007/707
f 1837/3486/2156 1815/3988/1765 1817/3488/2141
f 1808/3490/1756 1807/3487/1766 1832/1006/706
f 1847/755/484 1837/3486/2156 1839/3489/2157
f 1848/3491/2158 1829/3492/2159 1828/2795/1745
f 1827/754/483 1826/3493/1755 1846/1011/637
f 1839/3489/2157 1817/3488/2141 1829/3492/2159
f 1826/3493/1755 1808/3490/1756 1834/1008/708
f 646/366/204 645/1016/715 613/1012/711
f 627/1019/718 628/3494/1167 2753/1018/717
f 624/1027/726 626/1021/720 617/1020/719
f 596/1028/727 616/1025/724 617/1020/719
f 631/1024/723 632/3989/1171 615/3496/2161
f 615/3496/2161 632/3989/1171 633/1032/731
f 625/1034/733 623/1026/725 616/1025/724
f 605/1031/730 644/1030/729 643/1720/1153
f 642/1033/732 609/1029/728 596/1028/727
f 700/374/212 699/1040/233 667/1039/737
f 681/1042/738 682/3497/1184 2754/1049/745
f 656/1036/735 647/375/213 667/1039/737
f 678/1052/748 680/1044/740 671/1043/739
f 2755/1048/744 670/1050/746 671/1043/739
f 685/1047/743 686/3990/1192 669/1053/749
f 669/1053/749 686/3990/1192 687/1057/753
f 679/1059/755 677/1051/747 670/1050/746
f 659/1056/752 698/1055/751 697/1750/1175
f 696/1058/754 663/1054/750 2755/1048/744
f 755/382/220 754/1064/233 722/1063/758
f 736/1067/738 737/3499/2162 2756/1066/759
f 733/1074/748 735/1069/740 726/1068/760
f 740/1071/743 741/3991/1192 724/3501/749
f 724/3501/749 741/3991/1192 742/1079/753
f 734/1081/755 732/1073/763 725/1072/762
f 714/1078/765 753/1077/751 752/1781/1182
f 751/1080/754 718/1076/750 705/1075/764
f 810/390/212 809/1088/233 777/1087/770
f 791/1090/738 792/3502/2162 773/1099/775
f 788/1097/773 790/1092/771 781/1091/760
f 795/1093/743 796/3992/1192 779/1101/776
f 769/1098/774 777/1087/770 778/1094/772
f 779/1101/776 796/3992/1192 797/1105/753
f 789/1107/779 787/1096/747 780/1095/762
f 768/1100/752 808/1104/777 807/1811/1182
f 806/1106/778 772/1103/750 2757/1102/764
f 865/399/212 864/1112/233 832/1111/782
f 2758/1118/785 860/3505/1185 859/1845/1193
f 846/1114/738 847/3504/2162 2758/1118/785
f 843/1122/748 845/1116/783 836/1115/739
f 850/1123/788 851/3993/1192 834/1124/789
f 844/1127/755 842/1121/747 835/1120/787
f 834/1124/789 851/3993/1192 852/1130/753
f 824/1843/1201 827/1117/784 834/1124/789
f 823/1129/792 863/1128/791 862/1844/1182
f 861/1126/790 828/1125/750 827/1117/784
f 920/406/228 919/411/233 887/410/232
f 883/1134/793 915/3509/2165 914/1876/1188
f 901/3506/2163 902/3508/2164 883/1134/793
f 898/1141/797 900/3510/1206 891/3507/739
f 905/1136/788 906/3994/1192 889/1142/798
f 889/1142/798 906/3994/1192 907/1146/753
f 899/1148/755 897/1140/747 890/1139/796
f 877/1145/765 918/1144/777 917/1875/1190
f 916/1147/790 882/1143/750 881/1135/794
f 2997/3511/2166 2992/3905/2419 2989/3512/2167
f 3008/3514/2169 3001/3899/2416 2998/3515/2170
f 3005/1265/912 3103/1264/911 2996/3517/2172
f 3006/3519/2174 2990/3912/2421 2991/1270/917
f 2993/3520/2175 2999/3907/2420 3000/3521/2176
f 3003/1266/913 3002/3896/2414 3009/1303/941
f 2971/3522/2177 2973/3887/2411 2968/1255/902
f 2977/3523/2178 2974/1261/908 2970/1260/907
f 2986/3525/2180 2972/1258/905 2965/1257/904
f 2980/3527/2182 2983/3882/2409 2966/1297/937
f 2981/3529/2184 2969/1252/899 2975/1251/898
f 2979/1249/896 2978/3876/2405 2987/1247/894
f 2949/3531/2186 2951/3864/2400 2946/3532/2187
f 2955/3534/2189 2952/1244/891 2948/1243/890
f 2963/3536/2191 2950/1241/889 2942/1240/888
f 2957/1294/934 2960/1237/885 2944/1239/887
f 2954/3539/2194 2958/3858/2395 2947/3540/2195
f 2956/3542/2197 2964/3936/2426 2961/3543/2198
f 2926/1235/884 3082/1234/883 2923/3545/2199
f 2939/3547/2201 2931/3833/2386 2928/1291/932
f 2936/3549/2203 2940/1229/878 2927/1231/880
f 2937/3550/2204 2921/1226/875 2922/1228/877
f 2935/3552/2206 2924/1224/873 2929/1223/872
f 2941/3554/2207 2938/1219/868 2933/1218/867
f 2903/3555/2208 2905/3819/2379 2900/1216/865
f 2908/1213/862 3066/1212/861 2902/3556/2209
f 2913/3558/2211 2917/3812/2376 2904/3559/2212
f 2911/3561/2214 2914/3814/2377 2898/1287/930
f 2912/3563/2216 2901/1210/859 2906/1209/858
f 2910/1206/855 2909/3806/2372 2918/3565/2218
f 2883/3566/2219 2878/3792/2366 2875/3567/2220
f 2887/3569/2222 2884/3795/2368 2880/3570/2223
f 2891/3572/2225 2895/3787/2365 2882/3573/2226
f 2892/3575/2228 2876/1205/854 2877/1200/849
f 2890/1284/928 2879/1203/852 2885/1202/851
f 2889/1196/845 2888/3781/2360 2896/3577/2230
f 2855/3578/2231 2852/3771/2357 2858/3579/2232
f 2871/1185/834 3047/1184/833 2861/3581/2234
f 2872/3583/2236 2859/3775/2358 2851/3584/2237
f 2853/3586/2239 2854/3762/2352 2866/3587/2240
f 2863/1193/842 2867/3757/2351 2856/3589/2242
f 2864/1190/839 2873/1188/837 2870/1187/836
f 2837/3590/2243 2832/3739/2345 2829/3591/2244
f 2849/1280/925 2841/3724/2336 2838/1182/831
f 2846/3593/2246 2850/3729/2339 2836/3594/2247
f 2830/3596/2249 2831/3736/2343 2844/3597/2250
f 2845/3599/2252 2833/1179/828 2839/1178/827
f 2842/3601/2254 3039/3726/927 2848/1176/825
f 2813/3602/2255 2815/3713/2328 2810/3603/2256
f 2826/1277/922 2819/3699/2322 2816/3605/2258
f 2827/3607/2260 2814/1173/822 2806/1172/821
f 2824/3609/2262 2808/1171/820 2809/1169/818
f 2822/1274/920 2811/3708/2327 2817/3610/2263
f 2820/3612/2265 3028/3701/924 2825/1166/815
f 2789/3613/2266 2791/3687/2316 2786/3614/2267
f 2803/3616/2269 2795/3671/2311 2792/3617/2270
f 2800/3619/2272 2804/1161/810 2790/1160/809
f 2784/3620/2273 2785/3683/2314 2798/3621/2274
f 2799/3623/2276 2787/3681/2317 2793/3624/2277
f 2796/3626/2279 2805/3667/2307 2802/3627/2280
f 2767/3629/2282 2764/3658/2305 2761/1158/808
f 2779/3630/2283 2771/3646/2299 2768/3631/2284
f 2776/3633/2286 2780/1155/805 2766/1154/804
f 2762/1149/799 2763/1153/803 2774/3635/2288
f 2775/3636/2289 3013/3654/919 2769/3637/2290
f 2772/3639/2292 2781/3642/2295 2778/3640/2293
f 2781/3642/2295 2772/3639/2292 3014/3643/2296
f 3010/3645/2298 3014/3660/2306 2771/3646/2299
f 3011/3647/2300 2778/3640/2293 2781/3642/2295
f 2776/3633/2286 3011/3922/2302 3010/3648/2298
f 2774/1283/2288 2773/3641/2294 2778/3640/2293
f 2770/3649/2291 2772/3639/2292 2773/3641/2294
f 2763/1153/803 3013/1272/919 3012/3652/2301
f 2769/3637/2290 3013/3654/919 3015/3655/802
f 3018/3657/2304 3015/3995/802 2764/3658/2305
f 3014/3659/2296 2770/3638/2291 2769/3637/2290
f 2768/3631/2284 2771/3646/2299 3014/3660/2306
f 2760/3634/2287 3017/3996/801 2777/3662/800
f 2764/3658/2305 3015/3995/802 2762/3663/799
f 2765/3632/2285 3019/3665/806 2780/3664/805
f 3016/1273/807 3017/3996/801 2760/3634/2287
f 2765/3632/2285 2768/3631/2284 3018/3661/2304
f 3019/3666/806 3018/3657/2304 2767/3629/2282
f 2805/3667/2307 2796/3626/2279 3022/3668/2308
f 3020/3670/2310 3022/3689/2308 2795/3671/2311
f 3020/3669/2309 3023/3674/2312 2802/3627/2280
f 2800/3619/2272 3023/3694/2312 3020/3672/2310
f 2798/3673/2274 2797/3628/2281 2802/3627/2280
f 2794/3675/2278 2796/3626/2279 2797/3628/2281
f 2785/3678/2314 2787/3681/2317 2799/3623/2276
f 2791/3680/2316 2793/3624/2277 2787/3681/2317
f 3022/3685/2308 2794/3625/2278 2793/3624/2277
f 2792/3617/2270 2795/3671/2311 3022/3689/2308
f 2782/3691/812 2784/3620/2273 2801/3622/2275
f 3025/3692/2318 2785/3683/2314 2784/3620/2273
f 3025/3688/2318 3024/3997/2436 2783/3615/2268
f 2788/3618/2271 3027/3697/2321 2804/3695/810
f 2783/3615/2268 3024/3997/2436 2790/3696/809
f 2788/3618/2271 2792/3617/2270 3026/3690/2320
f 2789/3613/2266 3027/3923/811 3026/3698/2319
f 3028/1279/924 3031/3715/2331 2819/3699/2322
f 3032/3702/2324 2825/1166/815 3028/3701/924
f 2827/3607/2260 2823/3608/2261 3032/3704/2325
f 3029/3706/921 2825/3926/815 2824/3609/2262
f 2818/3707/2264 2820/3612/2265 2821/1165/814
f 3030/1276/817 3033/3710/819 2811/3708/2327
f 2815/3709/2328 2817/3610/2263 2811/3708/2327
f 3031/3711/2323 2818/3611/2264 2817/3610/2263
f 2816/3605/2258 2819/3699/2322 3031/3715/2331
f 3035/3717/2333 2808/1171/820 2824/3609/2262
f 3035/1174/823 3032/3704/2325 2823/3608/2261
f 2810/3603/2256 3033/3714/2330 2808/3719/820
f 3037/3720/2334 2814/1173/822 2827/3607/2260
f 2812/3606/2259 3037/3722/2335 3034/1278/923
f 2807/3604/2257 3035/3924/2333 2814/3721/822
f 2812/3606/2259 2816/3605/2258 3036/3716/2332
f 2813/3602/2255 3037/3925/2334 3036/3723/2329
f 3039/1282/927 3038/3998/2437 2841/3724/2336
f 3042/3727/2338 2848/1176/825 3039/3726/927
f 2850/3729/2339 2846/3593/2246 3042/3730/2338
f 2844/3597/2250 3040/3737/2344 2848/3732/825
f 2840/3733/2253 2842/3601/2254 2843/1175/824
f 3043/3734/2341 2833/1179/828 2845/3599/2252
f 2831/3736/2343 3043/3745/2347 3040/3737/2344
f 2837/3590/2243 3041/3927/829 2833/3738/828
f 3038/3740/2337 2840/3600/2253 2839/1178/827
f 2841/3724/2336 3038/3998/2437 3041/3741/829
f 2828/3742/2248 2830/3596/2249 2847/3598/2251
f 2831/3736/2343 2830/3596/2249 3046/3744/2346
f 2829/3591/2244 2832/3739/2345 3043/3746/2341
f 2834/3748/830 2836/3594/2247 2850/3729/2339
f 3046/3749/2346 2828/3595/2248 2836/3594/2247
f 3046/3747/2348 3045/3999/2438 2835/3592/2245
f 2835/3592/2245 3045/3999/2438 2838/3751/831
f 3053/3752/2349 2873/1188/837 2864/1190/839
f 2868/3585/2238 3048/4000/2439 2873/3753/837
f 3049/3754/2350 2865/1191/840 2870/1187/836
f 3049/3755/2350 3048/3766/838 2869/3588/2241
f 2863/1193/842 3050/1195/844 2865/3756/840
f 2854/3758/2352 2856/3589/2242 2867/3757/2351
f 3054/3760/2353 2862/1194/843 2856/3589/2242
f 2855/3578/2231 2860/3580/2233 3054/3763/2355
f 3047/1184/833 3050/4001/841 2862/3765/843
f 2853/3586/2239 2869/3588/2241 3048/3766/838
f 3051/3768/2356 3048/4000/2439 2868/3585/2238
f 3052/3769/2354 2854/3762/2352 2853/3586/2239
f 2855/3578/2231 3052/3764/2354 3051/3770/2356
f 2857/3772/2235 2859/3775/2358 2872/3583/2236
f 2852/3774/2357 2851/3584/2237 2859/3775/2358
f 3055/3777/2359 2857/3582/2235 2861/3581/2234
f 3055/3779/2359 3054/3763/2355 2860/3580/2233
f 2894/3780/2224 2896/3577/2230 2888/3781/2360
f 3060/3783/2362 2893/1197/846 2896/3577/2230
f 3060/3786/2362 3062/3800/2370 2895/3787/2365
f 3056/3788/929 2893/3931/846 2892/3575/2228
f 2886/3789/2229 2888/3781/2360 2889/1196/845
f 3061/3790/850 2879/1203/852 2890/1284/928
f 2883/3566/2219 3058/3808/853 2879/3791/852
f 3059/3793/2361 2886/3576/2229 2885/1202/851
f 2887/3569/2222 3059/3785/2364 3058/3794/2367
f 3064/3796/2369 2876/1205/854 2892/3575/2228
f 3064/3798/2369 3060/3786/2362 2891/3572/2225
f 2878/3792/2366 3061/3929/850 2876/3799/854
f 3062/3800/2370 3063/3802/2371 2882/3573/2226
f 2880/3570/2223 3063/3930/2371 3062/3801/2363
f 3063/3802/2371 3064/3798/2369 2874/3574/2227
f 2875/3567/2220 3064/3928/2369 3063/3803/2371
f 2881/3804/2221 2880/3570/2223 2884/3795/2368
f 2916/3805/2210 2918/3565/2218 2909/3806/2372
f 3068/3809/2373 2915/1207/856 2918/3565/2218
f 3068/3811/2375 3071/3824/2381 2917/3812/2376
f 2911/3561/2214 3065/4002/2440 2915/3813/856
f 2907/3815/2217 2909/3806/2372 2910/1206/855
f 3070/3816/866 2901/1210/859 2912/3563/2216
f 3070/3818/2378 3065/4002/2440 2911/3561/2214
f 2905/3819/2379 3074/3829/2383 2901/3820/859
f 3067/3821/863 2907/3564/2217 2906/1209/858
f 3073/1288/931 2898/1287/930 2914/3814/2377
f 2913/3558/2211 2897/3560/2213 3073/3823/2380
f 3069/1289/864 3070/3818/2378 2899/3562/2215
f 3071/3824/2381 3072/3826/2382 2904/3559/2212
f 2902/3556/2209 3072/4003/2441 3071/3825/2374
f 3072/3826/2382 3073/3823/2380 2897/3560/2213
f 3073/3827/931 3072/4004/2442 2903/3555/2208
f 3074/3828/860 3072/4003/2441 2902/3556/2209
f 2903/3555/2208 3072/4004/2442 3074/3829/2383
f 2941/3554/2207 2932/1221/870 3078/3830/2384
f 3075/3832/2385 3078/4005/2443 2931/3833/2386
f 3079/3834/2387 2938/1219/868 2941/3554/2207
f 2936/3549/2203 3079/4006/2387 3075/3835/2385
f 2934/3551/2205 3076/3840/2388 2938/3836/868
f 3080/3837/876 2924/1224/873 2935/3552/2206
f 2934/3551/2205 2922/1228/877 3080/1227/876
f 3077/3841/933 2924/3933/873 2923/3545/2199
f 3078/3842/2384 2930/3553/871 2929/1223/872
f 2931/3833/2386 3078/4005/2443 3077/1292/933
f 3081/3843/881 2921/1226/875 2937/3550/2204
f 3081/1232/881 3079/4006/2387 2936/3549/2203
f 2923/3545/2199 3080/3934/876 2921/3845/875
f 2925/3548/2202 3083/3848/879 2940/3846/878
f 2920/3546/2200 3081/3932/881 2927/3847/880
f 2925/3548/2202 2928/1291/932 3082/1293/883
f 2962/3849/2190 2964/3936/2426 2956/3542/2197
f 2961/3543/2198 2964/3936/2426 3091/3851/2390
f 3084/3854/2393 3091/3871/2403 2963/3536/2191
f 2957/1294/934 3085/1296/936 3084/3855/2393
f 2956/3542/2197 3085/3544/936 3086/3856/935
f 3088/3857/2394 3086/3860/2396 2958/3858/2395
f 2945/3859/2193 2947/3540/2195 2958/3858/2395
f 2953/3541/2196 2947/3540/2195 3090/3861/2397
f 3087/3863/2399 3090/3868/2401 2946/3532/2187
f 3087/3862/2398 3088/3857/2394 2954/3539/2194
f 2955/3534/2189 3088/3853/2392 3087/3865/2399
f 2942/1240/888 3089/1242/886 2960/3866/885
f 3090/3867/2397 2945/3538/2193 2944/1239/887
f 2943/3533/2188 2946/3532/2187 3090/3868/2401
f 3092/3870/2402 2950/1241/889 2963/3536/2191
f 2948/1243/890 3092/1245/892 3091/3872/2390
f 2943/3533/2188 3089/3869/886 2950/3873/889
f 2949/3531/2186 3092/3935/2402 2952/3874/891
f 3099/3875/2404 2987/1247/894 2978/3876/2405
f 2977/3523/2178 2985/3524/2179 3099/3878/2407
f 2982/3526/2181 3096/4007/895 2987/3880/894
f 2980/3527/2182 3093/4008/2444 2984/3881/893
f 2976/3883/2185 2978/3876/2405 2979/1249/896
f 3098/3884/903 2969/1252/899 2981/3529/2184
f 3098/3886/2410 3093/4008/2444 2980/3527/2182
f 2973/3887/2411 3094/3939/2412 2969/3888/899
f 3095/3889/2406 2976/3530/2185 2975/1251/898
f 2977/3523/2178 3095/3879/2408 3094/3890/2412
f 2966/1297/937 2983/3882/2409 3096/3891/895
f 3100/1259/906 3096/4007/895 2982/3526/2181
f 3097/1299/901 3098/3886/2410 2967/3528/2183
f 3101/3892/2413 2972/1258/905 2986/3525/2180
f 2985/3524/2179 2970/1260/907 3101/1262/909
f 3100/3894/938 2972/3937/905 2971/3522/2177
f 2971/3522/2177 3101/3938/2413 2974/3895/908
f 3109/1304/942 3009/1303/941 3002/3896/2414
f 3008/3514/2169 3109/3919/2425 3102/3898/2415
f 3108/3900/910 3007/1267/914 3009/1303/941
f 3104/3901/940 3007/3941/914 3006/3519/2174
f 3104/1268/915 3102/3897/2415 3002/3896/2414
f 3000/3521/2176 3102/3940/2415 3104/1301/940
f 3105/1302/916 3106/3903/2418 2993/3520/2175
f 3107/3902/2417 2999/3907/2420 2993/3520/2175
f 2997/3511/2166 3107/4009/2417 3106/3904/918
f 3001/3906/2416 3000/3521/2176 2999/3907/2420
f 2988/3908/2173 2990/3912/2421 3006/3519/2174
f 2992/3911/2419 2991/1270/917 2990/3912/2421
f 2996/3517/2172 3103/1264/911 3109/3914/942
f 3110/3917/2422 2988/3518/2173 2996/3517/2172
f 2995/3513/2168 2989/3512/2167 3110/3916/2423
f 3111/3921/2424 2994/3516/2171 2998/3515/2170
f 3111/3920/2424 3107/4009/2417 2997/3511/2166
