# https://github.com/mikedh/trimesh
v 0.01397245 -0.07666707 -0.04193910
v 0.01707517 -0.07655015 -0.04193910
v 0.01397245 -0.07618477 -0.01710752
v 0.01089886 -0.07627246 -0.01710752
v 0.01089886 -0.07633092 -0.02019683
v 0.01089886 -0.07663784 -0.04193910
v 0.01089886 -0.07437251 -0.09783942
v 0.01397245 -0.07435789 -0.09783942
v 0.02017790 -0.07631631 -0.04193910
v 0.02017790 -0.07584863 -0.01710752
v 0.01707517 -0.07606785 -0.01710752
v 0.01707517 -0.07422636 -0.09783942
v 0.01707517 -0.07530787 -0.01417927
v 0.01397245 -0.07533710 -0.01404750
v 0.01088429 -0.07520557 -0.01369611
v 0.00804377 -0.07513249 -0.01376932
v 0.00778157 -0.07611170 -0.01710752
v 0.00778157 -0.07650630 -0.04193910
v 0.00778157 -0.07424097 -0.09783942
v 0.01089886 -0.07422636 -0.10094337
v 0.01397245 -0.07422636 -0.10094337
v 0.02329518 -0.07592170 -0.04193910
v 0.02329518 -0.07548325 -0.01710752
v 0.02017790 -0.07394867 -0.09783942
v 0.02639791 -0.07479635 -0.01502846
v 0.02329518 -0.07503018 -0.01464779
v 0.02017790 -0.07520557 -0.01438425
v 0.01707517 -0.07408021 -0.10094337
v 0.01707517 -0.07432866 -0.01262730
v 0.01397245 -0.07447481 -0.01251017
v 0.01191853 -0.07453327 -0.01245160
v 0.00985005 -0.07454789 -0.01243696
v 0.00923825 -0.07454789 -0.01243696
v 0.00716977 -0.07443097 -0.01256873
v 0.00467885 -0.07510326 -0.01432568
v 0.00157612 -0.07491326 -0.01466244
v -0.00081283 -0.07470865 -0.01507239
v 0.00467885 -0.07570248 -0.01710752
v 0.00467885 -0.07622862 -0.04193910
v 0.00467885 -0.07400713 -0.09783942
v 0.00467885 -0.07386098 -0.10094337
v 0.00778157 -0.07406559 -0.10094337
v 0.01397245 -0.07402175 -0.10404732
v 0.01089886 -0.07348099 -0.11026985
v 0.01397245 -0.07356868 -0.11026985
v 0.02639791 -0.07541018 -0.04193910
v 0.02639791 -0.07501557 -0.01710752
v 0.02329518 -0.07351022 -0.09783942
v 0.02827702 -0.07462096 -0.01536521
v 0.02017790 -0.07377329 -0.10094337
v 0.02639791 -0.07361253 -0.01347649
v 0.02329518 -0.07386098 -0.01309582
v 0.03158368 -0.07158104 -0.01233447
v 0.02017790 -0.07410944 -0.01283228
v 0.01707517 -0.07362714 -0.10715126
v 0.02950063 -0.07180026 -0.01221734
v 0.02639791 -0.07204872 -0.01207093
v 0.02329518 -0.07231179 -0.01195380
v 0.02017790 -0.07254563 -0.01185131
v 0.01707517 -0.07276485 -0.01176346
v 0.01397245 -0.07292562 -0.01170490
v 0.01088429 -0.07329099 -0.01182203
v 0.00804377 -0.07321792 -0.01182203
v 0.00467885 -0.07270639 -0.01173418
v 0.00157612 -0.07247255 -0.01185131
v 0.00467885 -0.07425559 -0.01277371
v -0.00152660 -0.07219487 -0.01201237
v -0.00464389 -0.07187334 -0.01215878
v 0.00157612 -0.07403636 -0.01309582
v -0.00918872 -0.07140566 -0.01246624
v -0.01084933 -0.07181488 -0.01457459
v -0.01258278 -0.07152257 -0.01524808
v -0.00464389 -0.07397790 -0.01710752
v -0.00275021 -0.07447481 -0.01710752
v -0.00119156 -0.07479635 -0.01710752
v 0.00157612 -0.07526402 -0.01710752
v 0.00157612 -0.07579017 -0.04193910
v 0.00157612 -0.07362714 -0.09783942
v 0.00157612 -0.07349560 -0.10094337
v 0.00157612 -0.07330561 -0.10404732
v 0.00157612 -0.07310100 -0.10715126
v 0.00157612 -0.07286716 -0.11026985
v 0.00467885 -0.07339330 -0.10715126
v 0.00778157 -0.07330561 -0.11026985
v 0.01089886 -0.07307177 -0.11335915
v 0.01397245 -0.07318869 -0.11335915
v 0.01707517 -0.07339330 -0.11026985
v 0.03120494 -0.07457712 -0.04067995
v 0.03120494 -0.07457712 -0.04024071
v 0.02639791 -0.07296946 -0.09783942
v 0.02839356 -0.07465019 -0.01710752
v 0.02329518 -0.07333484 -0.10094337
v 0.02639791 -0.07280870 -0.10094337
v 0.03783282 -0.07165411 -0.01513096
v 0.03572064 -0.07203410 -0.01455994
v 0.03261792 -0.07238486 -0.01376932
v 0.03365216 -0.07125951 -0.01256873
v 0.02993763 -0.07425559 -0.01710752
v 0.03260335 -0.07356868 -0.01710752
v 0.03572064 -0.07263332 -0.01710752
v 0.02017790 -0.07298408 -0.11026985
v 0.03882337 -0.06873110 -0.01218806
v 0.03572064 -0.06933032 -0.01192452
v 0.03261792 -0.07009030 -0.01186595
v 0.02950063 -0.06988569 -0.01151456
v 0.02329518 -0.06988569 -0.01117781
v 0.02017790 -0.06988569 -0.01103140
v 0.01707517 -0.06988569 -0.01089963
v 0.01397245 -0.06988569 -0.01081178
v 0.01089886 -0.06988569 -0.01076786
v 0.00778157 -0.06988569 -0.01076786
v 0.00467885 -0.06988569 -0.01082642
v 0.00157612 -0.06988569 -0.01094355
v -0.00464389 -0.06988569 -0.01125102
v -0.00799425 -0.07017799 -0.01166097
v -0.00712024 -0.07161027 -0.01230519
v -0.01084933 -0.06960801 -0.01167561
v -0.01084933 -0.07117181 -0.01300797
v -0.01395206 -0.06902340 -0.01195380
v -0.01609337 -0.06855572 -0.01224663
v -0.01376269 -0.07049952 -0.01412071
v -0.01816185 -0.06811727 -0.01293476
v -0.01891933 -0.06848265 -0.01498454
v -0.01706935 -0.06959339 -0.01710752
v -0.01435993 -0.07087952 -0.01710752
v -0.01281585 -0.07161027 -0.01710752
v -0.01084933 -0.07225333 -0.01710752
v -0.00774661 -0.07313023 -0.01710752
v -0.00400295 -0.07479635 -0.03942080
v -0.00152660 -0.07524941 -0.04193910
v -0.00152660 -0.07313023 -0.09783942
v -0.00152660 -0.07296946 -0.10094337
v -0.00152660 -0.07234102 -0.11026985
v 0.00467885 -0.07313023 -0.11026985
v 0.00157612 -0.07245794 -0.11335915
v 0.00778157 -0.07289639 -0.11335915
v 0.01089886 -0.07226794 -0.11646310
v 0.01397245 -0.07237025 -0.11646310
v 0.01707517 -0.07299870 -0.11335915
v 0.02950063 -0.07212179 -0.10094337
v 0.03159825 -0.07159565 -0.10094337
v 0.03341909 -0.07121566 -0.09783942
v 0.03572064 -0.07311561 -0.04193910
v 0.02329518 -0.07307177 -0.10404732
v 0.02639791 -0.07209256 -0.11026985
v 0.02639791 -0.07234102 -0.10715126
v 0.02950063 -0.07193179 -0.10404732
v 0.02880142 -0.07165411 -0.11026985
v 0.04437331 -0.06878956 -0.01482349
v 0.04172215 -0.06915494 -0.01385716
v 0.03572064 -0.07087952 -0.01299333
v 0.03818243 -0.07177103 -0.01710752
v 0.03972651 -0.07120105 -0.01710752
v 0.04192609 -0.07038260 -0.01710752
v 0.04054224 -0.06839496 -0.01239304
v 0.04051311 -0.07149335 -0.04016750
v 0.02017790 -0.07257486 -0.11335915
v 0.02638334 -0.07168334 -0.11341772
v 0.02833529 -0.07153719 -0.11240747
v 0.04502881 -0.06583732 -0.01211485
v 0.04172215 -0.06686038 -0.01196844
v 0.03882337 -0.06677269 -0.01152920
v 0.03572064 -0.06677269 -0.01117781
v 0.03260335 -0.06677269 -0.01101676
v 0.02329518 -0.06677269 -0.01075321
v 0.01707517 -0.06677269 -0.01060680
v 0.00778157 -0.06677269 -0.01047503
v -0.00464389 -0.06677269 -0.01047503
v -0.00774661 -0.06677269 -0.01051896
v -0.01084933 -0.06677269 -0.01062145
v -0.01395206 -0.06677269 -0.01091427
v -0.01709848 -0.06696268 -0.01161705
v -0.02017207 -0.06607117 -0.01188060
v -0.02248819 -0.06554503 -0.01218806
v -0.02457124 -0.06506273 -0.01277371
v -0.02508107 -0.06539887 -0.01483813
v -0.02327479 -0.06656808 -0.01710752
v -0.02071104 -0.06782497 -0.01710752
v -0.01915240 -0.06858495 -0.01710752
v -0.01553984 -0.07144950 -0.04034320
v -0.00774661 -0.07372945 -0.04193910
v -0.00540136 -0.07434328 -0.04193910
v -0.00898479 -0.07134719 -0.09783942
v -0.00464389 -0.07245794 -0.09783942
v -0.00384272 -0.07473788 -0.04193910
v -0.00464389 -0.07229717 -0.10094337
v -0.00464389 -0.07207795 -0.10404732
v -0.00487696 -0.07178565 -0.10725376
v -0.00578010 -0.07133258 -0.11026985
v -0.00368248 -0.07158104 -0.11253925
v -0.00168683 -0.07187334 -0.11349092
v 0.00467885 -0.07270639 -0.11335915
v -0.00073999 -0.07162488 -0.11543821
v 0.00157612 -0.07180026 -0.11597995
v 0.00778157 -0.07207795 -0.11646310
v 0.00488278 -0.07182949 -0.11669736
v 0.00397964 -0.07139104 -0.11788330
v 0.00778157 -0.06998800 -0.12268564
v 0.01089886 -0.07105490 -0.12002092
v 0.01397245 -0.07163950 -0.11860072
v 0.01650707 -0.07156642 -0.11841039
v 0.01735194 -0.07203410 -0.11677057
v 0.02533453 -0.07150796 -0.11511610
v 0.03107384 -0.07143489 -0.10565785
v 0.03314232 -0.07112797 -0.10094337
v 0.03572064 -0.07045568 -0.09783942
v 0.04051311 -0.07149335 -0.04084100
v 0.02963173 -0.07169796 -0.10687308
v 0.03036007 -0.07124489 -0.11026985
v 0.03076794 -0.07134719 -0.10772227
v 0.04488314 -0.06906725 -0.01710752
v 0.04644179 -0.06824881 -0.01710752
v 0.05028742 -0.06557426 -0.01495526
v 0.04800043 -0.06610040 -0.01394501
v 0.04894728 -0.06475582 -0.01290548
v 0.04526188 -0.06751806 -0.01385716
v 0.04261073 -0.06794189 -0.01275907
v 0.04192609 -0.07045568 -0.02019683
v 0.04495598 -0.06912571 -0.02019683
v 0.04684966 -0.06539887 -0.01233447
v 0.04693706 -0.06851188 -0.03977219
v 0.02740302 -0.07134719 -0.11448653
v 0.02942780 -0.07106951 -0.11341772
v 0.04800043 -0.06370353 -0.01193916
v 0.04502881 -0.06367430 -0.01144136
v 0.04192609 -0.06367430 -0.01113389
v 0.03882337 -0.06367430 -0.01097284
v 0.03572064 -0.06367430 -0.01087035
v 0.02950063 -0.06367430 -0.01069465
v 0.05799324 -0.00053733 -0.00723932
v -0.00464389 -0.06367430 -0.01022613
v -0.00774661 -0.06367430 -0.01021149
v -0.01084933 -0.06367430 -0.01021149
v -0.01395206 -0.06367430 -0.01024077
v -0.01706935 -0.06367430 -0.01040183
v -0.02017207 -0.06367430 -0.01081178
v -0.02343503 -0.06387891 -0.01161705
v -0.02639208 -0.06288509 -0.01202701
v -0.02816923 -0.06225664 -0.01231983
v -0.02857710 -0.06256356 -0.01398893
v -0.02621728 -0.06424429 -0.01387180
v -0.03377744 -0.05873442 -0.01398893
v -0.03048534 -0.06170127 -0.01710752
v -0.02682909 -0.06441967 -0.01710752
v -0.02528501 -0.06551580 -0.01710752
v -0.02175985 -0.06833650 -0.04029928
v -0.01553984 -0.07144950 -0.04044569
v -0.01084933 -0.07071875 -0.09783942
v -0.01084933 -0.07055798 -0.10094337
v -0.00866432 -0.07127412 -0.10094337
v -0.00712024 -0.07166873 -0.10094337
v -0.00639190 -0.07149335 -0.10628742
v -0.00774661 -0.07085029 -0.11026985
v -0.00774661 -0.07041183 -0.11335915
v -0.00468759 -0.07114258 -0.11349092
v -0.00282304 -0.07136181 -0.11460366
v -0.00464389 -0.07033876 -0.11646310
v -0.00464389 -0.06928648 -0.11958169
v -0.00464389 -0.06801497 -0.12330057
v -0.00256084 -0.06823419 -0.12397407
v -0.00152660 -0.06883341 -0.12283205
v -0.00049236 -0.06842419 -0.12448651
v 0.00157612 -0.06943263 -0.12268564
v 0.00157612 -0.07052875 -0.11958169
v 0.00467885 -0.06880418 -0.12556997
v 0.00467885 -0.06979800 -0.12268564
v 0.00623749 -0.06832188 -0.12734156
v 0.01089886 -0.07013415 -0.12268564
v 0.01397245 -0.07109874 -0.12015270
v 0.01707517 -0.06998800 -0.12268564
v 0.01609920 -0.06840957 -0.12750261
v 0.01710431 -0.06881879 -0.12599456
v 0.01857555 -0.07143489 -0.11801507
v 0.02638334 -0.07093797 -0.11628741
v 0.02017790 -0.07066029 -0.11958169
v 0.02017790 -0.06956416 -0.12268564
v 0.02696601 -0.06819035 -0.12384229
v 0.03260335 -0.07051414 -0.11026985
v 0.03231202 -0.07090874 -0.10687308
v 0.03572064 -0.07026568 -0.10094337
v 0.03882337 -0.06915494 -0.10094337
v 0.03882337 -0.06933032 -0.09783942
v 0.04065878 -0.06846803 -0.10094337
v 0.04502881 -0.06938878 -0.04193910
v 0.04693706 -0.06851188 -0.04193910
v 0.03260335 -0.07009030 -0.11335915
v 0.04814610 -0.06724037 -0.01710752
v 0.05612869 -0.06227126 -0.01524808
v 0.05282204 -0.06523811 -0.04034320
v 0.05270550 -0.06205203 -0.01248089
v 0.05063702 -0.06268048 -0.01211485
v 0.02869946 -0.06855572 -0.12176323
v 0.02950063 -0.07022184 -0.11646310
v 0.05149646 -0.06083899 -0.01173418
v 0.04814610 -0.06056130 -0.01114853
v 0.04502881 -0.06056130 -0.01094355
v 0.04192609 -0.06056130 -0.01082642
v 0.05809521 -0.00049349 -0.00723932
v -0.02224055 -0.00053733 -0.00723932
v -0.02017207 -0.05746291 -0.00984546
v -0.01706935 -0.06056130 -0.01000651
v -0.02017207 -0.06056130 -0.01012364
v -0.02639208 -0.05746291 -0.01007972
v -0.02327479 -0.06056130 -0.01040183
v -0.02639208 -0.06056130 -0.01095820
v -0.02950937 -0.05746291 -0.01048968
v -0.03267036 -0.05757983 -0.01145600
v -0.03165068 -0.05942132 -0.01211485
v -0.03711323 -0.05576756 -0.01289084
v -0.03593332 -0.05699523 -0.01394501
v -0.03737543 -0.05601602 -0.01495526
v -0.03409791 -0.05896826 -0.01710752
v -0.03127195 -0.06230048 -0.03953793
v -0.02735349 -0.06485812 -0.03884979
v -0.02175985 -0.06833650 -0.04047497
v -0.02017207 -0.06693346 -0.09783942
v -0.01789965 -0.06800035 -0.09783942
v -0.01634101 -0.06868726 -0.09783942
v -0.01395206 -0.06962262 -0.09783942
v -0.01395206 -0.06944724 -0.10094337
v -0.01084933 -0.07013415 -0.10715126
v -0.01084933 -0.06991492 -0.11026985
v -0.01084933 -0.06944724 -0.11335915
v -0.00774661 -0.06953493 -0.11646310
v -0.00624623 -0.06833650 -0.12117758
v -0.00464389 -0.06712345 -0.12578958
v -0.00152660 -0.06781035 -0.12562853
v 0.00157612 -0.06802958 -0.12653629
v 0.00157612 -0.06859957 -0.12499895
v 0.00467885 -0.06824881 -0.12712194
v 0.00830597 -0.06838034 -0.12742940
v 0.00467885 -0.06715268 -0.12889353
v 0.00747567 -0.06753267 -0.12864463
v 0.01089886 -0.06905264 -0.12578958
v 0.01397245 -0.06912571 -0.12578958
v 0.01816768 -0.06826342 -0.12715122
v 0.01397245 -0.06845342 -0.12757581
v 0.01397245 -0.06747421 -0.12912778
v 0.01710431 -0.06753267 -0.12868855
v 0.02329518 -0.06653885 -0.12889353
v 0.02626681 -0.06596886 -0.12909851
v 0.02612114 -0.06772267 -0.12549676
v 0.02950063 -0.06683115 -0.12578958
v 0.03959541 -0.06805881 -0.11026985
v 0.03764346 -0.06846803 -0.11258316
v 0.03905643 -0.06880418 -0.10409124
v 0.04048398 -0.06838034 -0.10306635
v 0.04169302 -0.06775190 -0.10409124
v 0.04221742 -0.06773728 -0.10094337
v 0.04239222 -0.06782497 -0.09783942
v 0.04848114 -0.06764959 -0.04193910
v 0.05282204 -0.06523811 -0.04050425
v 0.04502881 -0.06656808 -0.09783942
v 0.04711186 -0.06551580 -0.09783942
v 0.03505057 -0.06864341 -0.11576032
v 0.03713362 -0.06827804 -0.11466222
v 0.05435155 -0.06352815 -0.01710752
v 0.05943535 -0.05937748 -0.01499918
v 0.05824088 -0.05842750 -0.01293476
v 0.05435155 -0.06143820 -0.01302261
v 0.05621610 -0.06235895 -0.01710752
v 0.05777474 -0.06110205 -0.01710752
v 0.05963929 -0.05955286 -0.01710752
v 0.06118337 -0.05822289 -0.01710752
v 0.05805151 -0.06142359 -0.04193910
v 0.05615783 -0.05920210 -0.01233447
v 0.05435155 -0.05988901 -0.01207093
v 0.02964630 -0.06789805 -0.12275885
v 0.03076794 -0.06823419 -0.12088476
v 0.02964630 -0.06899417 -0.11974274
v 0.03279272 -0.06909648 -0.11666808
v 0.05435155 -0.05746291 -0.01138279
v 0.05743970 -0.05434991 -0.01123638
v 0.05124882 -0.05746291 -0.01101676
v 0.05898378 0.00009111 -0.00723932
v -0.02250275 -0.00040580 -0.00723932
v -0.03261210 -0.05166074 -0.00971369
v -0.02950937 -0.05290302 -0.00971369
v -0.02639208 -0.05434991 -0.00972833
v -0.02327479 -0.05434991 -0.00971369
v -0.02327479 -0.05746291 -0.00990402
v -0.02950937 -0.05434991 -0.00983082
v -0.03261210 -0.05434991 -0.01012364
v -0.03593332 -0.05458375 -0.01126566
v -0.03505931 -0.05662985 -0.01193916
v -0.04020139 -0.05262533 -0.01313974
v -0.03813290 -0.05370684 -0.01189524
v -0.04119193 -0.05055000 -0.01193916
v -0.04043445 -0.05285917 -0.01521880
v -0.03747739 -0.05613294 -0.01710752
v -0.03570025 -0.05763829 -0.01710752
v -0.03470971 -0.05947979 -0.03884979
v -0.03127195 -0.06230048 -0.04098742
v -0.02729522 -0.06479966 -0.04193910
v -0.02828576 -0.06234433 -0.09783942
v -0.02639208 -0.06349892 -0.09783942
v -0.02416336 -0.06482889 -0.09783942
v -0.02260472 -0.06570579 -0.09783942
v -0.02017207 -0.06678730 -0.10094337
v -0.01771028 -0.06792728 -0.10094337
v -0.01616621 -0.06859957 -0.10094337
v -0.01590401 -0.06848265 -0.10404732
v -0.01395206 -0.06922801 -0.10404732
v -0.01374812 -0.06884802 -0.11026985
v -0.01310718 -0.06859957 -0.11335915
v -0.01255365 -0.06839496 -0.11507219
v -0.01064540 -0.06867264 -0.11625813
v -0.00948006 -0.06839496 -0.11820542
v -0.00796511 -0.06602732 -0.12600920
v -0.00707654 -0.06554503 -0.12785400
v -0.00464389 -0.06589579 -0.12838109
v 0.00157612 -0.06672885 -0.12889353
v 0.01089886 -0.06842419 -0.12753189
v 0.01089886 -0.06741575 -0.12908387
v 0.00157612 -0.06547195 -0.13075297
v 0.00467885 -0.06567656 -0.13100186
v 0.00778157 -0.06579348 -0.13111900
v 0.02329518 -0.06789805 -0.12612634
v 0.01397245 -0.06592502 -0.13130934
v 0.01707517 -0.06582271 -0.13120685
v 0.02329518 -0.06541349 -0.13067976
v 0.02514516 -0.06526734 -0.13050407
v 0.02950063 -0.06574964 -0.12822003
v 0.02721365 -0.06509196 -0.13028445
v 0.03362303 -0.06503350 -0.12684376
v 0.03258879 -0.06577887 -0.12580423
v 0.03155455 -0.06539887 -0.12766366
v 0.03873597 -0.06791266 -0.11352021
v 0.04192609 -0.06671423 -0.11335915
v 0.04192609 -0.06712345 -0.11026985
v 0.04502881 -0.06637808 -0.10094337
v 0.04192609 -0.06738652 -0.10715126
v 0.04457724 -0.06585194 -0.11026985
v 0.04865594 -0.06460966 -0.09783942
v 0.05277834 -0.06209587 -0.09898144
v 0.04690792 -0.06541349 -0.10094337
v 0.04848114 -0.06450736 -0.10094337
v 0.03572064 -0.06699191 -0.11958169
v 0.03995957 -0.06507734 -0.12073835
v 0.03882337 -0.06705037 -0.11646310
v 0.04194066 -0.06585194 -0.11644846
v 0.04379063 -0.06541349 -0.11537965
v 0.06298964 -0.05665908 -0.01710752
v 0.06269831 -0.05641062 -0.01483813
v 0.06162037 -0.05550449 -0.01277371
v 0.05955189 -0.05635217 -0.01221734
v 0.06004716 -0.05987439 -0.04193910
v 0.05647830 -0.05943594 -0.09783942
v 0.05803695 -0.05823751 -0.09783942
v 0.05729404 -0.05741906 -0.01199772
v 0.03188958 -0.06861418 -0.11882035
v 0.06057156 -0.05442298 -0.01185131
v 0.06057156 -0.05123690 -0.01113389
v 0.05435155 -0.05434991 -0.01095820
v 0.06116879 0.00204953 -0.00723932
v 0.05743970 -0.05123690 -0.01091427
v 0.06057156 -0.04813851 -0.01088499
v -0.02283779 -0.00021580 -0.00723932
v -0.03319477 -0.05123690 -0.00971369
v -0.03570025 -0.05123690 -0.00997723
v -0.05124300 -0.00053733 -0.00797138
v -0.03903605 -0.05145613 -0.01126566
v -0.04326041 -0.04943926 -0.01398893
v -0.04146869 -0.05145613 -0.01410607
v -0.04403245 -0.04737853 -0.01202701
v -0.04209507 -0.04829928 -0.01135351
v -0.04337694 -0.04957079 -0.01710752
v -0.04400332 -0.05030154 -0.03884979
v -0.04261947 -0.05185073 -0.03884979
v -0.04107539 -0.05354608 -0.03884979
v -0.03956045 -0.05510989 -0.03884979
v -0.03801637 -0.05657139 -0.03884979
v -0.03626835 -0.05812059 -0.03884979
v -0.03696756 -0.05563603 -0.09783942
v -0.03540891 -0.05698061 -0.09783942
v -0.03351524 -0.05852981 -0.09783942
v -0.03197116 -0.05971362 -0.09783942
v -0.02982984 -0.06126282 -0.09783942
v -0.02814010 -0.06224203 -0.10094337
v -0.02639208 -0.06330892 -0.10094337
v -0.02401770 -0.06474120 -0.10094337
v -0.02245905 -0.06563271 -0.10094337
v -0.02017207 -0.06661192 -0.10404732
v -0.01744808 -0.06785420 -0.10404732
v -0.01706935 -0.06756190 -0.11026985
v -0.01568550 -0.06839496 -0.10644848
v -0.01466583 -0.06800035 -0.11335915
v -0.01918153 -0.06551580 -0.11570176
v -0.01722958 -0.06598348 -0.11662416
v -0.01838035 -0.06512119 -0.11778082
v -0.01706935 -0.06268048 -0.12576030
v -0.01395206 -0.06387891 -0.12578958
v -0.01706935 -0.06706499 -0.11335915
v -0.00914502 -0.06516504 -0.12718050
v -0.01602054 -0.06232972 -0.12766366
v -0.00796511 -0.06443428 -0.12889353
v -0.00464389 -0.06481427 -0.12993306
v -0.00240060 -0.06509196 -0.13028445
v -0.00143920 -0.06604193 -0.12911315
v 0.01089886 -0.06586655 -0.13122149
v -0.00143920 -0.06411275 -0.13174858
v -0.00152660 -0.06238818 -0.13388620
v 0.00157612 -0.06421506 -0.13230494
v 0.00157612 -0.05855904 -0.13921561
v 0.00467885 -0.06439044 -0.13255384
v 0.00467885 -0.06284124 -0.13441328
v 0.01397245 -0.05895364 -0.13971342
v 0.01397245 -0.06025438 -0.13816145
v 0.01707517 -0.05893903 -0.13966949
v 0.01707517 -0.06175973 -0.13622880
v 0.01707517 -0.06301662 -0.13467683
v 0.02017790 -0.06281201 -0.13441328
v 0.02017790 -0.06154050 -0.13596526
v 0.02017790 -0.05999131 -0.13785397
v 0.02950063 -0.06477043 -0.12977201
v 0.02950063 -0.06322124 -0.13171929
v 0.02017790 -0.05869057 -0.13939131
v 0.02582981 -0.06234433 -0.13382764
v 0.02789829 -0.06211049 -0.13354945
v 0.04060051 -0.06222741 -0.12756117
v 0.03882337 -0.06358661 -0.12578958
v 0.03679858 -0.06194973 -0.13022588
v 0.03882337 -0.06256356 -0.12811754
v 0.04419851 -0.06563271 -0.11335915
v 0.04613589 -0.06494581 -0.11026985
v 0.04639809 -0.06510657 -0.10715126
v 0.05264723 -0.06202280 -0.10094337
v 0.05592476 -0.05902672 -0.10890821
v 0.05633263 -0.05934825 -0.10094337
v 0.05084096 -0.06279740 -0.10404732
v 0.04814610 -0.06408352 -0.10715126
v 0.04092098 -0.06545733 -0.11865929
v 0.04281466 -0.06173050 -0.12578958
v 0.04339733 -0.06206665 -0.12413512
v 0.04491228 -0.06431736 -0.11644846
v 0.05155473 -0.06023977 -0.11677057
v 0.04967561 -0.06211049 -0.11488185
v 0.06454829 -0.05525604 -0.01710752
v 0.06159124 -0.05852981 -0.04193910
v 0.06578646 -0.05341454 -0.01479420
v 0.06379082 -0.05446682 -0.01378396
v 0.06486876 -0.05237688 -0.01272979
v 0.06278571 -0.05344377 -0.01210021
v 0.05988692 -0.05668831 -0.09783942
v 0.05790584 -0.05810597 -0.10094337
v 0.06377625 -0.05129536 -0.01182203
v 0.06367429 -0.04813851 -0.01117781
v 0.06987973 -0.03881412 -0.01088499
v 0.06677700 -0.04192712 -0.01085571
v 0.06367429 -0.04504013 -0.01087035
v 0.06217391 0.00327719 -0.00723932
v 0.06987973 -0.03571573 -0.01066537
v -0.02403226 0.00070494 -0.00723932
v -0.03570025 -0.04936618 -0.00971369
v -0.03886124 -0.04645779 -0.00971369
v -0.04192026 -0.04335940 -0.00971369
v -0.04540173 -0.03979333 -0.00971369
v -0.03880297 -0.04813851 -0.00999187
v -0.02647948 0.00263413 -0.00723932
v -0.05124300 0.00155262 -0.00791281
v -0.05434572 0.00155262 -0.00817636
v -0.05434572 -0.00053733 -0.00824956
v -0.04706234 -0.03779107 -0.00971369
v -0.04192026 -0.04504013 -0.01007972
v -0.04598440 -0.04582934 -0.01398893
v -0.04613006 -0.04597549 -0.01710752
v -0.04458599 -0.04802159 -0.01710752
v -0.04688753 -0.04392939 -0.01214413
v -0.04969892 -0.04039255 -0.01242232
v -0.04505212 -0.04499628 -0.01151456
v -0.04677100 -0.04682316 -0.03884979
v -0.04554739 -0.04838697 -0.03884979
v -0.04677100 -0.04682316 -0.04094349
v -0.04607180 -0.04588780 -0.09783942
v -0.04449859 -0.04780237 -0.09783942
v -0.04321670 -0.04941002 -0.09472083
v -0.04161436 -0.05109075 -0.09783942
v -0.04025965 -0.05268379 -0.09472083
v -0.04020139 -0.05263995 -0.09783942
v -0.03865731 -0.05408683 -0.09783942
v -0.03688016 -0.05556295 -0.10094337
v -0.03532151 -0.05687831 -0.10094337
v -0.03339870 -0.05842750 -0.10094337
v -0.03184005 -0.05961132 -0.10094337
v -0.02968417 -0.06116051 -0.10094337
v -0.02950937 -0.06061976 -0.11026985
v -0.02761569 -0.06192049 -0.11026985
v -0.02607161 -0.06282663 -0.11026985
v -0.02340589 -0.06439044 -0.11026985
v -0.02226969 -0.06553041 -0.10404732
v -0.02017207 -0.06617347 -0.11026985
v -0.02174528 -0.06523811 -0.11186575
v -0.02020120 -0.06573502 -0.11308097
v -0.02125001 -0.06496043 -0.11393017
v -0.02020120 -0.06460966 -0.11662416
v -0.01891933 -0.06228587 -0.12470614
v -0.01810359 -0.06187665 -0.12677055
v -0.02017207 -0.05972824 -0.12824932
v -0.01727328 -0.06066360 -0.12902530
v -0.01644298 -0.05946517 -0.13098723
v -0.01395206 -0.06154050 -0.12974273
v -0.01192727 -0.06192049 -0.13024052
v -0.00985879 -0.06232972 -0.13069440
v -0.00774661 -0.06273894 -0.13116293
v -0.00446909 -0.06307508 -0.13211460
v -0.00331831 -0.06219818 -0.13365193
v -0.00152660 -0.05953824 -0.13731226
v 0.00467885 -0.05866134 -0.13934738
v -0.00152660 -0.05823751 -0.13886423
v -0.00152660 -0.05668831 -0.14067975
v 0.00157612 -0.05699523 -0.14101649
v 0.00467885 -0.05711215 -0.14114827
v 0.01397245 -0.05756521 -0.14132396
v 0.01707517 -0.05750676 -0.14132396
v 0.01875035 -0.05592833 -0.14289057
v 0.03260335 -0.06268048 -0.13113364
v 0.03473010 -0.06231510 -0.13067976
v 0.03046204 -0.05886595 -0.13649234
v 0.03260335 -0.05851519 -0.13608239
v 0.03260335 -0.06137974 -0.13268561
v 0.02329518 -0.05971362 -0.13747330
v 0.01994483 -0.05690754 -0.14149965
v 0.02329518 -0.05833981 -0.13902528
v 0.03100101 -0.05588449 -0.13975735
v 0.03882337 -0.06155512 -0.12965487
v 0.04112492 -0.05946517 -0.13091403
v 0.04189695 -0.06056130 -0.12890818
v 0.04443158 -0.05956747 -0.12819075
v 0.04650006 -0.05896826 -0.12722443
v 0.03574978 -0.06099975 -0.13183642
v 0.03727929 -0.05901210 -0.13356410
v 0.03851746 -0.05980132 -0.13198283
v 0.04575715 -0.06472658 -0.11335915
v 0.04814610 -0.06376199 -0.11026985
v 0.05001065 -0.06230048 -0.11281743
v 0.05186063 -0.06155512 -0.11026985
v 0.05459918 -0.05981593 -0.11007951
v 0.05577909 -0.05892441 -0.11098727
v 0.05975582 -0.05655678 -0.10094337
v 0.05057875 -0.06263663 -0.10715126
v 0.05130709 -0.05670293 -0.12573102
v 0.05277834 -0.05899749 -0.11800043
v 0.05343384 -0.05942132 -0.11593602
v 0.05397281 -0.05978670 -0.11335915
v 0.05113229 -0.06148204 -0.11365198
v 0.06325185 -0.05698061 -0.04193910
v 0.06482506 -0.05550449 -0.04193910
v 0.06635457 -0.05395530 -0.04193910
v 0.06606324 -0.05370684 -0.01710752
v 0.06144557 -0.05529988 -0.09783942
v 0.06877265 -0.05019924 -0.01489669
v 0.06784038 -0.04907388 -0.01283228
v 0.06577190 -0.05030154 -0.01217342
v 0.06679157 -0.04808006 -0.01192452
v 0.06987973 -0.04192712 -0.01133887
v 0.06677700 -0.04504013 -0.01123638
v 0.07299702 -0.03571573 -0.01106068
v 0.07299702 -0.03261734 -0.01075321
v 0.06303334 0.00465100 -0.00723932
v -0.02795073 0.00465100 -0.00723932
v -0.05124300 0.00465100 -0.00783961
v -0.05434572 0.00465100 -0.00814707
v -0.05676381 0.00155262 -0.00884985
v -0.05591894 -0.00053733 -0.00867416
v -0.05591894 -0.01841153 -0.00971369
v -0.05540910 -0.02019456 -0.00971369
v -0.05521972 -0.02073532 -0.00971369
v -0.05325321 -0.02535367 -0.00971369
v -0.05188394 -0.02843744 -0.00971369
v -0.05028160 -0.03178429 -0.00971369
v -0.04840248 -0.03571573 -0.00983082
v -0.04784894 -0.03856566 -0.01040183
v -0.04714974 -0.04428014 -0.01398893
v -0.04729540 -0.04442629 -0.01710752
v -0.04799461 -0.04163482 -0.01180739
v -0.05068946 -0.03881412 -0.01398893
v -0.04978633 -0.04053869 -0.01398893
v -0.04872295 -0.04208789 -0.01398893
v -0.05010679 -0.03881412 -0.01201237
v -0.05284535 -0.03423961 -0.01237840
v -0.04805288 -0.04504013 -0.03884979
v -0.04881035 -0.04219020 -0.09472083
v -0.04720800 -0.04433861 -0.09783942
v -0.04598440 -0.04578549 -0.10094337
v -0.04441119 -0.04771468 -0.10094337
v -0.04317301 -0.04935156 -0.09783942
v -0.04308561 -0.04926387 -0.10094337
v -0.04011399 -0.05253764 -0.10094337
v -0.03856991 -0.05401376 -0.10094337
v -0.03676362 -0.05547526 -0.10404732
v -0.03663252 -0.05538757 -0.10715126
v -0.03494278 -0.05651293 -0.11026985
v -0.03293256 -0.05806213 -0.11026985
v -0.03137392 -0.05926056 -0.11026985
v -0.03121368 -0.05914364 -0.11226106
v -0.02714956 -0.06164281 -0.11335915
v -0.02509564 -0.06227126 -0.11532109
v -0.02333306 -0.06289970 -0.11640453
v -0.02004097 -0.06117513 -0.12576030
v -0.02167245 -0.06208126 -0.12104581
v -0.02113348 -0.06175973 -0.12268564
v -0.02199292 -0.05917287 -0.12757581
v -0.01851146 -0.05895364 -0.13040159
v -0.01395206 -0.05999131 -0.13157288
v -0.01473866 -0.05559218 -0.13633129
v -0.01293238 -0.05304917 -0.14006481
v -0.01084933 -0.05345839 -0.14050404
v -0.00404665 -0.05626448 -0.14018193
v -0.00152660 -0.05524142 -0.14223172
v 0.00157612 -0.05559218 -0.14258310
v 0.00467885 -0.05572372 -0.14271488
v 0.00935478 -0.05589910 -0.14287594
v 0.01397245 -0.05605986 -0.14302235
v 0.01707517 -0.05603063 -0.14299306
v 0.01707517 -0.05434991 -0.14438398
v 0.01707517 -0.05104691 -0.14709262
v 0.02017790 -0.04734930 -0.14971340
v 0.02017790 -0.04889850 -0.14843961
v 0.02017790 -0.05233303 -0.14559921
v 0.01994483 -0.05452529 -0.14382761
v 0.03127778 -0.05285917 -0.14293450
v 0.02081883 -0.05566526 -0.14265631
v 0.03260335 -0.05696600 -0.13789791
v 0.02639791 -0.05642524 -0.14035763
v 0.03242855 -0.05385299 -0.14147037
v 0.03260335 -0.05562141 -0.13944988
v 0.03742496 -0.05598679 -0.13675588
v 0.04348474 -0.04658932 -0.14287594
v 0.04502881 -0.04917618 -0.13924490
v 0.04810240 -0.05432068 -0.13198283
v 0.04702446 -0.05616217 -0.13070905
v 0.04320796 -0.05885134 -0.13025517
v 0.04909294 -0.05554834 -0.12999163
v 0.05030199 -0.05626448 -0.12791256
v 0.05237047 -0.05560680 -0.12672662
v 0.03572064 -0.05636678 -0.13720976
v 0.03572064 -0.05494912 -0.13876173
v 0.05551689 -0.05871980 -0.11335915
v 0.05904205 -0.05592833 -0.11192431
v 0.06129990 -0.05516835 -0.10094337
v 0.06243611 -0.05307840 -0.11026985
v 0.05301141 -0.05607448 -0.12464757
v 0.05442438 -0.05833981 -0.11677057
v 0.06310618 -0.05373608 -0.09783942
v 0.06466483 -0.05221611 -0.09783942
v 0.06789865 -0.05234765 -0.04193910
v 0.06760731 -0.05199689 -0.01710752
v 0.06298964 -0.05361915 -0.10094337
v 0.06897659 -0.05044769 -0.01710752
v 0.07165687 -0.04686701 -0.01517488
v 0.06974863 -0.04796313 -0.01398893
v 0.07072460 -0.04568319 -0.01309582
v 0.07154034 -0.04362247 -0.01237840
v 0.06865612 -0.04699854 -0.01227591
v 0.06976319 -0.04480628 -0.01204165
v 0.07215214 -0.04192712 -0.01208557
v 0.07318639 -0.03896027 -0.01171954
v 0.07609974 -0.02950434 -0.01101676
v 0.07609974 -0.02639134 -0.01068001
v 0.07560447 -0.03571573 -0.01188060
v 0.06409672 0.00734017 -0.00723932
v 0.07609974 -0.02329295 -0.01050432
v 0.07920247 -0.01708156 -0.01056288
v -0.02927630 0.00755940 -0.00723932
v -0.04814028 0.01397540 -0.00763463
v -0.05124300 0.00776401 -0.00781033
v -0.05124300 0.01086239 -0.00779568
v -0.05124300 0.01397540 -0.00778104
v -0.05124300 0.01708840 -0.00781033
v -0.05434572 0.00776401 -0.00823492
v -0.05672010 0.00465100 -0.00883521
v -0.05832245 0.00155262 -0.01002116
v -0.05775435 -0.00053733 -0.00959656
v -0.05787088 -0.00156039 -0.00971369
v -0.05670554 -0.00053733 -0.00889377
v -0.05603547 -0.01778308 -0.00971369
v -0.05699688 -0.01703771 -0.01060680
v -0.05690948 -0.02019456 -0.01117781
v -0.05647247 -0.02329295 -0.01166097
v -0.05473902 -0.02329295 -0.01010900
v -0.05165087 -0.02950434 -0.00983082
v -0.05100993 -0.03244196 -0.01029934
v -0.04883948 -0.04227788 -0.01710752
v -0.05214614 -0.03594957 -0.01398893
v -0.05092253 -0.03881412 -0.01710752
v -0.04993199 -0.04072869 -0.01710752
v -0.05124300 -0.03545266 -0.01155849
v -0.05322408 -0.03261734 -0.01198308
v -0.05612287 -0.02552905 -0.01210021
v -0.05503036 -0.02950434 -0.01398893
v -0.05374848 -0.03261734 -0.01398893
v -0.05290361 -0.03438576 -0.01398893
v -0.04940758 -0.04305248 -0.03884979
v -0.04984459 -0.04059716 -0.09783942
v -0.04978633 -0.04050946 -0.10094337
v -0.04869381 -0.04205866 -0.10094337
v -0.04712060 -0.04423630 -0.10094337
v -0.04682927 -0.04381246 -0.11026985
v -0.04578046 -0.04550781 -0.10715126
v -0.04423638 -0.04746622 -0.10715126
v -0.04296907 -0.04914695 -0.10404732
v -0.04285254 -0.04901542 -0.10715126
v -0.04117735 -0.05056461 -0.11026985
v -0.03999745 -0.05239149 -0.10404732
v -0.03819117 -0.05372146 -0.11026985
v -0.03648685 -0.05527065 -0.11026985
v -0.03453491 -0.05620601 -0.11335915
v -0.03240816 -0.05790136 -0.11332988
v -0.03080581 -0.05882211 -0.11434012
v -0.02965504 -0.05994746 -0.11332988
v -0.02869363 -0.05955286 -0.11646310
v -0.02624642 -0.06114590 -0.11640453
v -0.02645035 -0.05980132 -0.11949384
v -0.02263385 -0.05958209 -0.12578958
v -0.02779049 -0.05581141 -0.12713658
v -0.02572201 -0.05643986 -0.12801505
v -0.02662515 -0.05503681 -0.12899602
v -0.02017207 -0.05842750 -0.12980129
v -0.02429447 -0.05556295 -0.13009412
v -0.01706935 -0.05493451 -0.13564315
v -0.01501543 -0.05253764 -0.13949380
v -0.01395206 -0.05125152 -0.14132396
v -0.01290325 -0.04998001 -0.14311019
v -0.01084933 -0.05195304 -0.14205602
v -0.00832928 -0.05243534 -0.14253919
v -0.00626080 -0.05281533 -0.14289057
v -0.00464389 -0.05312224 -0.14313947
v -0.00152660 -0.05369223 -0.14357872
v 0.00467885 -0.05417453 -0.14403260
v 0.00157612 -0.05404299 -0.14387153
v 0.00467885 -0.04736392 -0.14974268
v 0.01089886 -0.05256687 -0.14578954
v 0.01059296 -0.05465682 -0.14400330
v 0.01397245 -0.05434991 -0.14447183
v 0.01397245 -0.05265456 -0.14586275
v 0.01707517 -0.04566857 -0.15147036
v 0.02017790 -0.04539089 -0.15126538
v 0.02827702 -0.04979001 -0.14606772
v 0.02639791 -0.05002386 -0.14627270
v 0.02639791 -0.05158767 -0.14498427
v 0.03334626 -0.05247918 -0.14259775
v 0.03034550 -0.04945387 -0.14580418
v 0.03242855 -0.05135382 -0.14373976
v 0.03572064 -0.05339993 -0.14043084
v 0.03748322 -0.05291763 -0.13990376
v 0.03749779 -0.04980463 -0.14297842
v 0.03572064 -0.05033077 -0.14335909
v 0.03577891 -0.04520089 -0.14710725
v 0.03882337 -0.04423630 -0.14653625
v 0.04068791 -0.04368093 -0.14614093
v 0.04277096 -0.04296479 -0.14565777
v 0.04502881 -0.04442629 -0.14354943
v 0.04684966 -0.04371016 -0.14303698
v 0.04502881 -0.04599010 -0.14237812
v 0.04702446 -0.04695470 -0.14013802
v 0.04708273 -0.05003847 -0.13703407
v 0.03572064 -0.05187996 -0.14198282
v 0.04916577 -0.05244995 -0.13322734
v 0.05062245 -0.05347300 -0.13117757
v 0.05269094 -0.05269841 -0.13035765
v 0.05149646 -0.05453990 -0.12914243
v 0.05362321 -0.05353146 -0.12827860
v 0.05569169 -0.05261072 -0.12694624
v 0.05435155 -0.05434991 -0.12578958
v 0.05671137 -0.05661523 -0.11646310
v 0.05877985 -0.05569449 -0.11398873
v 0.05762908 -0.05692215 -0.11311025
v 0.06226131 -0.05293225 -0.11239283
v 0.06281484 -0.05344377 -0.10404732
v 0.06398018 -0.05164612 -0.11026985
v 0.05507989 -0.05516835 -0.12268564
v 0.05563342 -0.05565064 -0.12060657
v 0.06454829 -0.05209919 -0.10094337
v 0.06600497 -0.05055000 -0.10094337
v 0.06610693 -0.05065230 -0.09783942
v 0.06929706 -0.05078384 -0.04193910
v 0.06766558 -0.04892773 -0.09783942
v 0.06561166 -0.05009693 -0.11026985
v 0.06437349 -0.05195304 -0.10404732
v 0.07085571 -0.04894234 -0.04193910
v 0.07053524 -0.04854773 -0.01710752
v 0.07777492 -0.03748415 -0.01527736
v 0.07508007 -0.04131329 -0.01467708
v 0.07384189 -0.04217558 -0.01378396
v 0.07436629 -0.04010024 -0.01259801
v 0.07174427 -0.04698392 -0.01710752
v 0.07320095 -0.04504013 -0.01710752
v 0.07443913 -0.04330094 -0.01710752
v 0.07499267 -0.03802491 -0.01217342
v 0.07946467 -0.02658133 -0.01167561
v 0.07920247 -0.02329295 -0.01107533
v 0.07920247 -0.02019456 -0.01078250
v 0.07808082 -0.03194505 -0.01218806
v 0.07867806 -0.02950434 -0.01189524
v 0.06416956 0.00757401 -0.00723932
v 0.07920247 -0.01396855 -0.01040183
v 0.08230519 -0.01087017 -0.01107533
v 0.08230519 -0.00465878 -0.01069465
v -0.02943654 0.00795400 -0.00723932
v -0.04503755 0.02329979 -0.00745893
v -0.04814028 0.01708840 -0.00760535
v -0.04814028 0.02018679 -0.00759070
v -0.05124300 0.02018679 -0.00797138
v -0.05434572 0.01086239 -0.00838133
v -0.04814028 0.02329979 -0.00761999
v -0.05653074 0.00776401 -0.00893770
v -0.05827875 0.00465100 -0.01021149
v -0.05827875 -0.00055195 -0.00999187
v -0.05945866 0.00155262 -0.01158777
v -0.05915276 -0.00055195 -0.01103140
v -0.05824962 -0.00156039 -0.00997723
v -0.05810395 -0.00465878 -0.01003580
v -0.05763782 -0.00465878 -0.00971369
v -0.05731735 -0.00775716 -0.00971369
v -0.05629767 -0.01630696 -0.00971369
v -0.05929843 -0.01087017 -0.01193916
v -0.05912363 -0.01312088 -0.01220270
v -0.05386502 -0.02950434 -0.01138279
v -0.05290361 -0.03745492 -0.03884979
v -0.05039813 -0.04150329 -0.03884979
v -0.05810395 -0.02019456 -0.01398893
v -0.05720081 -0.02329295 -0.01398893
v -0.05629767 -0.02598212 -0.01398893
v -0.05757955 -0.02639134 -0.03884979
v -0.05644334 -0.02935819 -0.03884979
v -0.05583154 -0.03092200 -0.03884979
v -0.05510319 -0.03261734 -0.03884979
v -0.05371935 -0.03571573 -0.03884979
v -0.05232094 -0.03638802 -0.09783942
v -0.05290361 -0.03745492 -0.04067995
v -0.05077687 -0.03881412 -0.10094337
v -0.05057293 -0.03865335 -0.10715126
v -0.05048553 -0.03850721 -0.11026985
v -0.04956782 -0.04020255 -0.10715126
v -0.04837334 -0.04192712 -0.10715126
v -0.04945129 -0.04005640 -0.11026985
v -0.04671273 -0.04365170 -0.11214393
v -0.04566393 -0.04537627 -0.11026985
v -0.04411985 -0.04733469 -0.11026985
v -0.04272143 -0.04888388 -0.11026985
v -0.03973525 -0.05211380 -0.11026985
v -0.04084232 -0.05018462 -0.11335915
v -0.03784156 -0.05337070 -0.11335915
v -0.03609355 -0.05493451 -0.11335915
v -0.03421444 -0.05594295 -0.11501362
v -0.03025228 -0.05842750 -0.11646310
v -0.02816923 -0.05915825 -0.11838111
v -0.02645035 -0.05839827 -0.12291990
v -0.02843143 -0.05623524 -0.12507216
v -0.02948024 -0.05506604 -0.12597992
v -0.03119912 -0.05294686 -0.12751725
v -0.02918890 -0.05345839 -0.12868855
v -0.02796529 -0.05281533 -0.13047479
v -0.02639208 -0.05334147 -0.13101651
v -0.01871539 -0.05285917 -0.13672661
v -0.01706935 -0.05338531 -0.13728297
v -0.01706935 -0.05034538 -0.14040156
v -0.01497173 -0.04932233 -0.14259775
v -0.01706935 -0.05189458 -0.13883494
v -0.00945092 -0.04357862 -0.14915703
v -0.00774661 -0.04397323 -0.14947914
v -0.00774661 -0.04552242 -0.14827855
v -0.01084933 -0.05040385 -0.14346158
v -0.01858429 -0.04656009 -0.14286129
v -0.01706935 -0.03799568 -0.14961091
v -0.01382096 -0.03872643 -0.15059187
v -0.01245168 -0.03730877 -0.15221705
v -0.00774661 -0.04751007 -0.14672658
v -0.00350768 -0.04984848 -0.14611165
v -0.00152660 -0.05171920 -0.14513069
v 0.00148872 -0.04483551 -0.15122145
v 0.00157612 -0.04707162 -0.14947914
v 0.00157612 -0.04863543 -0.14823464
v 0.00157612 -0.05056461 -0.14669730
v 0.00467885 -0.04543473 -0.15128002
v 0.00778157 -0.04556627 -0.15138250
v 0.00778157 -0.04748084 -0.14981588
v 0.00778157 -0.04903003 -0.14854210
v 0.01089886 -0.04911772 -0.14862995
v 0.01397245 -0.05110537 -0.14712190
v 0.01397245 -0.04762699 -0.14991838
v 0.01397245 -0.04566857 -0.15148499
v 0.01397245 -0.04411938 -0.15264165
v 0.01707517 -0.04410476 -0.15262701
v 0.02017790 -0.04384169 -0.15243668
v 0.02329518 -0.04694008 -0.14937665
v 0.02196961 -0.04354939 -0.15224634
v 0.02511603 -0.04667701 -0.14915703
v 0.02950063 -0.04439706 -0.14978661
v 0.03260335 -0.04900080 -0.14546743
v 0.03477380 -0.04694008 -0.14624342
v 0.03124864 -0.04046562 -0.15226098
v 0.03410373 -0.04344709 -0.14906919
v 0.03572064 -0.04141560 -0.14983053
v 0.03331713 -0.03991025 -0.15189494
v 0.03588088 -0.03884335 -0.15148499
v 0.03990131 -0.04002717 -0.14887885
v 0.04218829 -0.03893104 -0.14851282
v 0.04338276 -0.03720647 -0.14903990
v 0.04409654 -0.04090407 -0.14631663
v 0.04510165 -0.04192712 -0.14513069
v 0.05318621 -0.03763030 -0.14312484
v 0.04891814 -0.04274557 -0.14227564
v 0.04798587 -0.04487936 -0.14120683
v 0.04510165 -0.03890181 -0.14703404
v 0.04798587 -0.04179559 -0.14359335
v 0.04912208 -0.04604856 -0.13928882
v 0.05050592 -0.05038923 -0.13422295
v 0.05257440 -0.04948310 -0.13337376
v 0.05435155 -0.05040385 -0.13108972
v 0.05589563 -0.04968771 -0.13046015
v 0.06032392 -0.04720315 -0.12860071
v 0.05454091 -0.05199689 -0.12915707
v 0.06211564 -0.04658932 -0.12735620
v 0.06073179 -0.05139767 -0.11988915
v 0.06153297 -0.05227457 -0.11646310
v 0.06521836 -0.04968771 -0.11488185
v 0.06199910 -0.05268379 -0.11445724
v 0.06543686 -0.04992155 -0.11283207
v 0.06588844 -0.05040385 -0.10404732
v 0.06754905 -0.04881081 -0.10094337
v 0.06897659 -0.04737853 -0.09783942
v 0.06830652 -0.04657470 -0.11173398
v 0.06737425 -0.04789006 -0.11051875
v 0.06886005 -0.04724700 -0.10094337
v 0.06743251 -0.04862081 -0.10404732
v 0.07203561 -0.04739315 -0.04193910
v 0.07053524 -0.04537627 -0.09783942
v 0.07819735 -0.03571573 -0.01461851
v 0.07716312 -0.03571573 -0.01305189
v 0.07608518 -0.03878489 -0.01393037
v 0.07537140 -0.04175174 -0.01710752
v 0.07781862 -0.03757184 -0.01710752
v 0.07873633 -0.03571573 -0.01710752
v 0.08012017 -0.03280734 -0.01710752
v 0.08077568 -0.03114123 -0.01545306
v 0.08065914 -0.02775053 -0.01252481
v 0.07758555 -0.03402039 -0.01249553
v 0.07473046 -0.04375400 -0.03977219
v 0.08103788 -0.02567520 -0.01221734
v 0.08140204 -0.02329295 -0.01198308
v 0.08183905 -0.02019456 -0.01176346
v 0.08230519 -0.01396855 -0.01130958
v 0.06648567 0.01640149 -0.00723932
v 0.08230519 -0.00156039 -0.01056288
v 0.07920247 -0.01087017 -0.01028469
v 0.08432997 -0.01087017 -0.01207093
v 0.08450477 -0.00775716 -0.01195380
v 0.08463587 -0.00465878 -0.01182203
v 0.08475241 -0.00156039 -0.01171954
v -0.03680732 0.03771022 -0.00723932
v -0.04192026 0.02951119 -0.00735645
v -0.04503755 0.02639818 -0.00744429
v -0.04814028 0.02639818 -0.00781033
v -0.05124300 0.02329979 -0.00830813
v -0.05370478 0.02018679 -0.00880593
v -0.05412722 0.01708840 -0.00864488
v -0.04503755 0.02951119 -0.00750286
v -0.05626854 0.01086239 -0.00909876
v -0.05808938 0.00776401 -0.01059216
v -0.05932756 0.00465100 -0.01176346
v -0.05605003 0.01327388 -0.00923053
v -0.05586067 0.01536383 -0.00936230
v -0.05953149 -0.00156039 -0.01151456
v -0.05991023 -0.00055195 -0.01319831
v -0.05953149 -0.00465878 -0.01157313
v -0.05944409 -0.00775716 -0.01170490
v -0.05795828 -0.00775716 -0.01015293
v -0.05781262 -0.01087017 -0.01037254
v -0.05993936 -0.00775716 -0.01398893
v -0.05964803 -0.01087017 -0.01398893
v -0.05894882 -0.01519622 -0.01313974
v -0.05874489 -0.01687695 -0.01410607
v -0.05886142 -0.01752001 -0.01710752
v -0.05830789 -0.02019456 -0.01710752
v -0.05903622 -0.02183145 -0.03720997
v -0.05857009 -0.02339526 -0.03884979
v -0.05801655 -0.02329295 -0.09472083
v -0.05693861 -0.02639134 -0.09472083
v -0.05615201 -0.02851052 -0.09472083
v -0.05545279 -0.03007433 -0.09472083
v -0.05430202 -0.03261734 -0.09472083
v -0.05313668 -0.03483883 -0.09783942
v -0.05226268 -0.03625649 -0.10094337
v -0.05319495 -0.03489729 -0.09472083
v -0.05220441 -0.03609572 -0.10404732
v -0.05217527 -0.03545266 -0.11034306
v -0.05275795 -0.03412269 -0.11144115
v -0.05016506 -0.03801029 -0.11335915
v -0.05211701 -0.03592034 -0.10715126
v -0.04910168 -0.03955949 -0.11335915
v -0.04981546 -0.03748415 -0.11529180
v -0.04697494 -0.03783491 -0.12212927
v -0.04630486 -0.04309633 -0.11422299
v -0.04349347 -0.04661855 -0.11498433
v -0.04378481 -0.04695470 -0.11335915
v -0.03938565 -0.05174843 -0.11335915
v -0.04049272 -0.04981925 -0.11520396
v -0.03746283 -0.05300532 -0.11535037
v -0.03304910 -0.05496374 -0.11958169
v -0.03106801 -0.05592833 -0.12117758
v -0.02948024 -0.05657139 -0.12240745
v -0.03049991 -0.05548988 -0.12325664
v -0.03167982 -0.05337070 -0.12578958
v -0.03322390 -0.05192381 -0.12578958
v -0.03642859 -0.04889850 -0.12578958
v -0.03804550 -0.04734930 -0.12578958
v -0.03436011 -0.04989232 -0.12756117
v -0.03325303 -0.04882542 -0.12962560
v -0.03116998 -0.04981925 -0.13056263
v -0.02796529 -0.04970232 -0.13357873
v -0.02445470 -0.04634087 -0.13952308
v -0.02078387 -0.05218688 -0.13602383
v -0.01875909 -0.04979001 -0.13987447
v -0.02238622 -0.04702777 -0.14021123
v -0.02017207 -0.04603395 -0.14242206
v -0.02333306 -0.04506936 -0.14139716
v -0.00870802 -0.03996871 -0.15195351
v -0.00663954 -0.04061177 -0.15234882
v -0.00770291 -0.04176636 -0.15111896
v -0.00464389 -0.04252634 -0.15151427
v -0.00464389 -0.04457245 -0.14996230
v -0.02221142 -0.04379785 -0.14309555
v -0.01452016 -0.03653417 -0.15176317
v -0.02155591 -0.04023178 -0.14590668
v -0.01877366 -0.03741108 -0.14918631
v -0.01586030 -0.03447345 -0.15234882
v -0.01367529 -0.03559881 -0.15259772
v -0.01084933 -0.03571573 -0.15341764
v -0.00770291 -0.03888719 -0.15284663
v -0.00464389 -0.04613625 -0.14873243
v -0.00458562 -0.04831389 -0.14701941
v -0.00267737 -0.04645779 -0.14898133
v -0.00159943 -0.04793390 -0.14808822
v -0.00159943 -0.04525935 -0.15016728
v 0.00039622 -0.04333017 -0.15211457
v 0.00246470 -0.04366631 -0.15233418
v 0.00467885 -0.04388554 -0.15246595
v 0.01089886 -0.04561011 -0.15144107
v 0.01089886 -0.04756853 -0.14987446
v 0.00778157 -0.04401707 -0.15256845
v 0.01089886 -0.04192712 -0.15385688
v 0.01397245 -0.04192712 -0.15388615
v 0.01707517 -0.04192712 -0.15379832
v 0.02017790 -0.04192712 -0.15347621
v 0.02639791 -0.03881412 -0.15413506
v 0.02639791 -0.04125483 -0.15275879
v 0.02950063 -0.04075792 -0.15245131
v 0.03260335 -0.04745161 -0.14662410
v 0.02950063 -0.03881412 -0.15353477
v 0.03241399 -0.03884335 -0.15278806
v 0.03494860 -0.03784953 -0.15250988
v 0.03701709 -0.03707493 -0.15208528
v 0.04048398 -0.03425423 -0.15226098
v 0.04502881 -0.03646110 -0.14858602
v 0.04256702 -0.03343579 -0.15176317
v 0.04502881 -0.03489729 -0.14955235
v 0.05525469 -0.03649033 -0.14237812
v 0.05432242 -0.03878489 -0.14130932
v 0.05207913 -0.03969102 -0.14231956
v 0.05113229 -0.03872643 -0.14365193
v 0.04936971 -0.03695801 -0.14578954
v 0.04660202 -0.03418115 -0.14909847
v 0.05038939 -0.03489729 -0.14641912
v 0.05426415 -0.03556958 -0.14360799
v 0.05339014 -0.04093330 -0.14025514
v 0.05022915 -0.04397323 -0.14019658
v 0.04728667 -0.03793722 -0.14638983
v 0.05774561 -0.04527397 -0.13290524
v 0.05577909 -0.04647240 -0.13346160
v 0.05458462 -0.04832851 -0.13277346
v 0.05911489 -0.04667701 -0.13053335
v 0.06118337 -0.04558088 -0.12942062
v 0.06214477 -0.04350555 -0.13047479
v 0.06261091 -0.04473321 -0.12860071
v 0.06575733 -0.04107945 -0.12807363
v 0.06859785 -0.03763030 -0.12773687
v 0.06498530 -0.04315479 -0.12681447
v 0.06545143 -0.04378323 -0.12475005
v 0.06472309 -0.04593164 -0.12268564
v 0.06558253 -0.04702777 -0.11883498
v 0.06645653 -0.04844543 -0.11366662
v 0.06609237 -0.04770006 -0.11646310
v 0.06763645 -0.04569780 -0.11646310
v 0.06883092 -0.04414861 -0.11646310
v 0.07172971 -0.04078715 -0.11562855
v 0.07091397 -0.04277480 -0.11335915
v 0.06816085 -0.04635548 -0.11335915
v 0.07114704 -0.04309633 -0.11026985
v 0.07041870 -0.04523012 -0.10094337
v 0.07473046 -0.04375400 -0.04135345
v 0.07170058 -0.04381246 -0.09783942
v 0.07720681 -0.03963257 -0.04193910
v 0.07810995 -0.03808337 -0.04193910
v 0.07931900 -0.03571573 -0.04193910
v 0.08083394 -0.03124353 -0.01710752
v 0.08041150 -0.03339194 -0.04193910
v 0.08386383 -0.02174375 -0.01554091
v 0.08112528 -0.02950434 -0.01476492
v 0.08162055 -0.02950434 -0.01710752
v 0.08271306 -0.02639134 -0.01710752
v 0.08167882 -0.02658133 -0.01374004
v 0.08368903 -0.01806077 -0.01271515
v 0.08396580 -0.01598543 -0.01234912
v 0.08252369 -0.01705233 -0.01173418
v 0.08412603 -0.01396855 -0.01223198
v 0.07920247 0.00465100 -0.00988938
v 0.07920247 0.00776401 -0.00987474
v 0.07920247 0.01086239 -0.00990402
v 0.07609974 0.02018679 -0.00947943
v 0.07609974 0.02329979 -0.00958192
v 0.06632544 0.01726378 -0.00723932
v 0.07920247 -0.00775716 -0.01016757
v 0.07920247 -0.00465878 -0.01007972
v 0.08230519 -0.00055195 -0.01054824
v 0.08542248 -0.01087017 -0.01398893
v 0.08568468 -0.00775716 -0.01398893
v 0.08590318 -0.00465878 -0.01398893
v 0.08609255 -0.00156039 -0.01398893
v 0.08470870 0.00155262 -0.01174882
v 0.08229062 0.00155262 -0.01056288
v -0.03628292 0.03882096 -0.00723932
v -0.03881754 0.03882096 -0.00734181
v -0.03881754 0.03572258 -0.00728324
v -0.04192026 0.03260957 -0.00735645
v -0.04503755 0.03260957 -0.00770784
v -0.04814028 0.02951119 -0.00819100
v -0.05130127 0.02616434 -0.00882057
v -0.05315124 0.02329979 -0.00911340
v -0.05567130 0.01708840 -0.00959656
v -0.04192026 0.03572258 -0.00742965
v -0.05912363 0.00776401 -0.01214413
v -0.05900709 0.00938628 -0.01240768
v -0.05969172 0.00465100 -0.01398893
v -0.05995393 0.00155262 -0.01398893
v -0.06011416 -0.00156039 -0.01398893
v -0.06008503 -0.00465878 -0.01398893
v -0.06139604 -0.00775716 -0.03884979
v -0.06111927 -0.01087017 -0.03884979
v -0.05903622 -0.01572236 -0.01521880
v -0.06063857 -0.01396855 -0.03884979
v -0.06005590 -0.01708156 -0.03884979
v -0.05941496 -0.02019456 -0.03884979
v -0.05903622 -0.02183145 -0.03884979
v -0.05877402 -0.02080839 -0.09472083
v -0.05874489 -0.02074993 -0.09783942
v -0.05795828 -0.02329295 -0.09783942
v -0.05688034 -0.02639134 -0.09783942
v -0.05612287 -0.02845206 -0.09783942
v -0.05542366 -0.03000125 -0.09783942
v -0.05421462 -0.03261734 -0.09783942
v -0.05307841 -0.03470729 -0.10094337
v -0.05342802 -0.03289503 -0.11034306
v -0.05503036 -0.02950434 -0.11026985
v -0.05583154 -0.02777977 -0.11026985
v -0.05441856 -0.02950434 -0.11335915
v -0.05325321 -0.03200351 -0.11335915
v -0.05144694 -0.03571573 -0.11335915
v -0.05036900 -0.03575958 -0.11638990
v -0.04942215 -0.03681186 -0.11735622
v -0.04656707 -0.03725031 -0.12420833
v -0.04374110 -0.04074330 -0.12492574
v -0.04305647 -0.04604856 -0.11706339
v -0.04011399 -0.04628241 -0.12365196
v -0.04055099 -0.04679393 -0.12158754
v -0.04005572 -0.04933695 -0.11728301
v -0.03750653 -0.04993616 -0.12163146
v -0.03638489 -0.05198227 -0.11958169
v -0.03433097 -0.05297609 -0.12149969
v -0.03482624 -0.05341454 -0.11958169
v -0.03565655 -0.05120767 -0.12259778
v -0.03698212 -0.04942464 -0.12369589
v -0.03958958 -0.04568319 -0.12578958
v -0.03750653 -0.04682316 -0.12760510
v -0.03537978 -0.04781698 -0.12862999
v -0.03433097 -0.04675009 -0.13060656
v -0.02787789 -0.04653086 -0.13662412
v -0.02572201 -0.04426553 -0.14051869
v -0.02427990 -0.04302325 -0.14258310
v -0.00464389 -0.04097715 -0.15255380
v -0.00830015 -0.03365501 -0.15505746
v -0.00745528 -0.03542343 -0.15447180
v -0.00623167 -0.03418115 -0.15530635
v -0.00464389 -0.03881412 -0.15357869
v -0.01696738 -0.03559881 -0.15116288
v -0.02534327 -0.04096253 -0.14321268
v -0.02349329 -0.03904796 -0.14545280
v -0.01995357 -0.03549651 -0.14962555
v -0.01792879 -0.03345040 -0.15185103
v -0.01893389 -0.03138968 -0.15233418
v -0.01696738 -0.03248581 -0.15267093
v -0.01616621 -0.02549982 -0.15554063
v -0.01395206 -0.03261734 -0.15372511
v -0.00991706 -0.03157968 -0.15552598
v 0.00148872 -0.04214635 -0.15296376
v 0.00467885 -0.03941334 -0.15483784
v 0.00467885 -0.04192712 -0.15354941
v 0.00778157 -0.04192712 -0.15378367
v 0.00778157 -0.03972025 -0.15496961
v 0.01089886 -0.03974948 -0.15499889
v 0.01089886 -0.03821490 -0.15574559
v 0.01397245 -0.03964718 -0.15498425
v 0.01707517 -0.03945718 -0.15491105
v 0.02017790 -0.03770338 -0.15549671
v 0.02017790 -0.03925257 -0.15479391
v 0.02252315 -0.03748415 -0.15539421
v 0.02344085 -0.03863874 -0.15470608
v 0.02459163 -0.03720647 -0.15526244
v 0.02639791 -0.03687032 -0.15511602
v 0.02639791 -0.03532112 -0.15584809
v 0.02976283 -0.03575958 -0.15491105
v 0.03260335 -0.03571573 -0.15419362
v 0.03882337 -0.03486806 -0.15255380
v 0.03588088 -0.03590573 -0.15309553
v 0.03882337 -0.03261734 -0.15357869
v 0.04169302 -0.03248581 -0.15264165
v 0.04376150 -0.03136045 -0.15236347
v 0.05607043 -0.03441499 -0.14300770
v 0.05729404 -0.03546728 -0.14116290
v 0.05851764 -0.03653417 -0.13925954
v 0.05642003 -0.03787876 -0.14029907
v 0.05545862 -0.03993948 -0.13940595
v 0.05247243 -0.03371347 -0.14577490
v 0.05895465 -0.04341786 -0.13352017
v 0.05563342 -0.04321325 -0.13643377
v 0.06032392 -0.04473321 -0.13111900
v 0.06497072 -0.04001255 -0.13015268
v 0.05875071 -0.04004179 -0.13643377
v 0.05953732 -0.03798106 -0.13719512
v 0.06380538 -0.03898950 -0.13214390
v 0.06572820 -0.03795183 -0.13095795
v 0.06778211 -0.03650494 -0.12980129
v 0.06912226 -0.03556958 -0.12880568
v 0.07130727 -0.03390347 -0.12701945
v 0.07071004 -0.03571573 -0.12592136
v 0.06906399 -0.03827336 -0.12578958
v 0.06792778 -0.03982256 -0.12578958
v 0.06628173 -0.04204404 -0.12578958
v 0.07129271 -0.04015870 -0.11770761
v 0.07052067 -0.04186866 -0.11658023
v 0.06845219 -0.04362247 -0.11827861
v 0.06591757 -0.04438245 -0.12268564
v 0.07154034 -0.03742569 -0.12138256
v 0.07244348 -0.03900412 -0.11658023
v 0.07403126 -0.03638802 -0.11646310
v 0.07439542 -0.03701647 -0.11422299
v 0.07369622 -0.03858028 -0.11325667
v 0.07203561 -0.04122560 -0.11335915
v 0.07223954 -0.04153252 -0.11026985
v 0.07158404 -0.04366631 -0.10094337
v 0.07299702 -0.04192712 -0.09783942
v 0.07429346 -0.03995409 -0.09783942
v 0.07522573 -0.03840490 -0.09783942
v 0.07675525 -0.03571573 -0.09783942
v 0.07761468 -0.03409346 -0.09783942
v 0.07835759 -0.03254427 -0.09783942
v 0.08111071 -0.03184275 -0.04193910
v 0.08406776 -0.02019456 -0.01496990
v 0.08297526 -0.02298603 -0.01429640
v 0.08349967 -0.02346833 -0.01710752
v 0.08435910 -0.02019456 -0.01710752
v 0.08516028 -0.01708156 -0.01710752
v 0.08167882 -0.02950434 -0.02019683
v 0.08390753 -0.02497368 -0.04018214
v 0.08339769 -0.02019456 -0.01341793
v 0.08440280 -0.01705233 -0.01384252
v 0.08504374 -0.01396855 -0.01398893
v 0.07920247 0.01397540 -0.01000651
v 0.07148207 0.03424646 -0.00931837
v 0.07411866 0.02639818 -0.00936230
v 0.07920247 0.01708840 -0.01013828
v 0.07920247 0.02018679 -0.01037254
v 0.07609974 0.02639818 -0.00990402
v 0.06355774 0.02287596 -0.00723932
v 0.08578664 -0.01396855 -0.01710752
v 0.08609255 -0.01087017 -0.01710752
v 0.08641302 -0.00465878 -0.01710752
v 0.08652955 -0.00156039 -0.01710752
v 0.08620908 -0.00055195 -0.01499918
v 0.08606342 -0.00055195 -0.01398893
v 0.08416974 0.01086239 -0.01212949
v 0.08229062 0.01086239 -0.01097284
v 0.08229062 0.00776401 -0.01079714
v 0.08229062 0.00465100 -0.01066537
v 0.08599058 0.00155262 -0.01398893
v -0.03438924 0.04191935 -0.00723932
v -0.03570025 0.04191935 -0.00729788
v -0.03881754 0.04191935 -0.00767855
v -0.04192026 0.03882096 -0.00778104
v -0.04503755 0.03572258 -0.00814707
v -0.04819854 0.03244881 -0.00874737
v -0.05023789 0.02951119 -0.00904019
v -0.05284535 0.02496591 -0.00930373
v -0.05535083 0.02043524 -0.01076786
v -0.05621027 0.01955834 -0.01173418
v -0.05657444 0.01708840 -0.01114853
v -0.05814765 0.01397540 -0.01398893
v -0.05877402 0.01111085 -0.01398893
v -0.05921103 0.01625534 -0.03656575
v -0.06037637 0.01086239 -0.03883515
v -0.06088620 0.00776401 -0.03883515
v -0.05931299 0.00776401 -0.01398893
v -0.06123580 0.00465100 -0.03883515
v -0.06142517 0.00155262 -0.03883515
v -0.06149800 -0.00053733 -0.03883515
v -0.06152714 -0.00156039 -0.03884979
v -0.06149800 -0.00465878 -0.03884979
v -0.06138147 -0.00465878 -0.09472083
v -0.06116297 -0.00775716 -0.09472083
v -0.06079880 -0.01087017 -0.09472083
v -0.06031810 -0.01396855 -0.09472083
v -0.05967716 -0.01708156 -0.09783942
v -0.05915276 -0.01918612 -0.09783942
v -0.05900709 -0.01863075 -0.10864467
v -0.05781262 -0.02329295 -0.10094337
v -0.05594807 -0.02804284 -0.10650704
v -0.05606460 -0.02830591 -0.10094337
v -0.05588980 -0.02792592 -0.10855682
v -0.05833702 -0.02019456 -0.11026985
v -0.05615201 -0.02566059 -0.11262709
v -0.05554019 -0.02658133 -0.11354949
v -0.05304928 -0.02852513 -0.11876178
v -0.05339888 -0.02953357 -0.11640453
v -0.05293275 -0.03133122 -0.11530644
v -0.05066033 -0.03283657 -0.11978667
v -0.04978633 -0.03125815 -0.12448651
v -0.04961152 -0.03403500 -0.12094333
v -0.04773241 -0.03602265 -0.12297846
v -0.04860641 -0.03241273 -0.12564317
v -0.04706234 -0.03504344 -0.12578958
v -0.04618833 -0.03659263 -0.12578958
v -0.04328954 -0.04012947 -0.12697553
v -0.04084232 -0.04413400 -0.12578958
v -0.04046359 -0.04362247 -0.12747333
v -0.03848251 -0.04466013 -0.12857142
v -0.03738999 -0.04362247 -0.13057728
v -0.03639945 -0.04569780 -0.12966952
v -0.02779049 -0.04331555 -0.13964022
v -0.02656688 -0.04213173 -0.14151430
v -0.02744089 -0.03977871 -0.14250989
v -0.00152660 -0.03881412 -0.15412042
v 0.00150329 -0.03865335 -0.15470608
v -0.00745528 -0.03261734 -0.15568704
v -0.00464389 -0.03451730 -0.15545277
v -0.00464389 -0.03606649 -0.15477927
v 0.00250840 -0.03751338 -0.15540885
v -0.02653775 -0.03593496 -0.14535031
v -0.02467320 -0.03710416 -0.14587739
v -0.02305629 -0.03235427 -0.14958163
v -0.02004097 -0.03248581 -0.15120681
v -0.02186182 -0.03431269 -0.14917167
v -0.02100237 -0.03030817 -0.15183638
v -0.02197835 -0.02823283 -0.15231954
v -0.01303435 -0.02858359 -0.15552598
v -0.01200011 -0.03065893 -0.15514531
v -0.01823469 -0.02428677 -0.15514531
v -0.01889019 -0.02221144 -0.15542350
v -0.01714218 -0.02326372 -0.15567240
v -0.01402489 -0.02647903 -0.15576023
v -0.01092217 -0.02957742 -0.15577488
v 0.00467885 -0.03787876 -0.15559919
v 0.00778157 -0.03817106 -0.15576023
v 0.01089886 -0.03571573 -0.15646301
v 0.01707517 -0.03571573 -0.15637518
v 0.02017790 -0.03571573 -0.15630197
v 0.01397245 -0.03809798 -0.15565775
v 0.01707517 -0.03790799 -0.15558454
v 0.02344085 -0.03599342 -0.15596521
v 0.02639791 -0.03261734 -0.15666799
v 0.02976283 -0.03289503 -0.15600913
v 0.02890339 -0.03473652 -0.15555525
v 0.03097187 -0.03410808 -0.15527708
v 0.03260335 -0.03355271 -0.15505746
v 0.03452617 -0.03133122 -0.15540885
v 0.03561868 -0.03245658 -0.15464750
v 0.03891077 -0.02953357 -0.15480856
v 0.04192609 -0.02950434 -0.15375438
v 0.04444614 -0.02950434 -0.15267093
v 0.04826263 -0.02335141 -0.15297839
v 0.05011262 -0.02235759 -0.15243668
v 0.04657289 -0.02792592 -0.15218777
v 0.04600479 -0.02950434 -0.15182174
v 0.05877985 -0.03068816 -0.14268559
v 0.05818261 -0.03261734 -0.14208531
v 0.05920229 -0.03445884 -0.13996233
v 0.05318621 -0.03163814 -0.14625806
v 0.05302597 -0.02520752 -0.14924488
v 0.05526925 -0.03003048 -0.14552601
v 0.05662396 -0.03261734 -0.14341765
v 0.06540773 -0.03444422 -0.13373979
v 0.06470852 -0.03650494 -0.13303701
v 0.04952995 -0.03081969 -0.14898133
v 0.05027285 -0.02875897 -0.14946450
v 0.06660220 -0.03546728 -0.13183642
v 0.06848132 -0.03442961 -0.13062119
v 0.07063720 -0.03276349 -0.12893745
v 0.07439542 -0.02760439 -0.12697553
v 0.07392929 -0.02953357 -0.12589207
v 0.07232694 -0.03276349 -0.12592136
v 0.07172971 -0.03467807 -0.12496968
v 0.07181711 -0.03184275 -0.12792721
v 0.07111791 -0.03675340 -0.12346162
v 0.07209388 -0.03571573 -0.12253922
v 0.07493440 -0.03483883 -0.11646310
v 0.07761468 -0.03093661 -0.11472079
v 0.07706115 -0.03251504 -0.11356413
v 0.07525487 -0.03587650 -0.11325667
v 0.07461393 -0.03738185 -0.11214393
v 0.07379819 -0.03909180 -0.11026985
v 0.07419149 -0.03977871 -0.10094337
v 0.07277852 -0.04192712 -0.10094337
v 0.07510920 -0.03822952 -0.10094337
v 0.07656588 -0.03571573 -0.10094337
v 0.07754185 -0.03393270 -0.10094337
v 0.07828475 -0.03238350 -0.10094337
v 0.07972687 -0.02950434 -0.09783942
v 0.08205755 -0.02950434 -0.04193910
v 0.08390753 -0.02497368 -0.04069459
v 0.08057174 -0.02744362 -0.09783942
v 0.08526224 -0.01708156 -0.02019683
v 0.08502917 -0.02019456 -0.04193910
v 0.08569924 -0.01708156 -0.03884979
v 0.07609974 0.02951119 -0.01057752
v 0.07270568 0.03545950 -0.01041647
v 0.07072460 0.03630718 -0.00958192
v 0.06804432 0.04000478 -0.00939158
v 0.06865612 0.03794406 -0.00923053
v 0.08229062 0.01397540 -0.01128030
v 0.08236346 0.01678149 -0.01171954
v 0.08386383 0.01555382 -0.01242232
v 0.07949380 0.02356286 -0.01117781
v 0.07885286 0.02639818 -0.01142672
v 0.02328062 0.06056814 -0.00751750
v 0.02017790 0.06056814 -0.00745893
v 0.01395788 0.06056814 -0.00735645
v 0.01089886 0.06056814 -0.00731252
v 0.00467885 0.06056814 -0.00725396
v 0.00271233 0.06056814 -0.00723932
v 0.06692267 0.03890865 -0.00906947
v 0.06055699 0.04503235 -0.00874737
v 0.05745427 0.04814536 -0.00861559
v 0.05123426 0.05124375 -0.00829349
v 0.04192609 0.05745514 -0.00805922
v 0.03882337 0.05745514 -0.00792745
v 0.03260335 0.06056814 -0.00782497
v 0.02950063 0.06056814 -0.00772248
v 0.08588861 -0.01396855 -0.02019683
v 0.08702482 -0.00978865 -0.04007966
v 0.08711222 -0.00775716 -0.03959650
v 0.08724332 -0.00465878 -0.03912798
v 0.08650042 -0.00055195 -0.01710752
v 0.08725789 -0.00156039 -0.03899621
v 0.08398036 0.01397540 -0.01229055
v 0.08561184 0.00465100 -0.01398893
v 0.08641302 0.00155262 -0.01710752
v 0.08606342 0.00465100 -0.01710752
v -0.03259753 0.04441852 -0.00723932
v -0.03063101 0.04699077 -0.00723932
v -0.03570025 0.04503235 -0.00764927
v -0.03583135 0.04826228 -0.00860095
v -0.03890494 0.04512005 -0.00861559
v -0.04194940 0.04190473 -0.00865952
v -0.02956764 0.04814536 -0.00723932
v -0.04492102 0.03854328 -0.00883521
v -0.04709147 0.03572258 -0.00905483
v -0.04980089 0.03130883 -0.00925981
v -0.05237921 0.02704124 -0.00993331
v -0.05329691 0.02616434 -0.01094355
v -0.05436029 0.02329979 -0.01088499
v -0.05294731 0.02825429 -0.01201237
v -0.05527799 0.02329979 -0.01398893
v -0.05586067 0.02164829 -0.01398893
v -0.05639964 0.02009910 -0.01398893
v -0.05731735 0.01708840 -0.01398893
v -0.05616657 0.02552128 -0.03637542
v -0.05804568 0.02018679 -0.03883515
v -0.05877402 0.01776069 -0.03883515
v -0.05839529 0.02018679 -0.09473548
v -0.05891969 0.01831607 -0.09473548
v -0.05931299 0.01678149 -0.09473548
v -0.05996850 0.01397540 -0.09473548
v -0.05974999 0.01397540 -0.03883515
v -0.06052203 0.01086239 -0.09473548
v -0.06097360 0.00776401 -0.09473548
v -0.06127951 0.00465100 -0.09473548
v -0.06145431 0.00155262 -0.09473548
v -0.06148344 -0.00156039 -0.09472083
v -0.06148344 -0.00053733 -0.09473548
v -0.06136691 -0.00465878 -0.09783942
v -0.06113384 -0.00775716 -0.09783942
v -0.06074053 -0.01087017 -0.09783942
v -0.06028897 -0.01396855 -0.09783942
v -0.05947323 -0.01708156 -0.10404732
v -0.05988110 -0.01396855 -0.10715126
v -0.05921103 -0.01668695 -0.11026985
v -0.05891969 -0.01823615 -0.11026985
v -0.06017243 -0.01396855 -0.10094337
v -0.05769608 -0.02019456 -0.11335915
v -0.05583154 -0.02462292 -0.11469151
v -0.05462249 -0.02639134 -0.11646310
v -0.05269968 -0.02764823 -0.12084084
v -0.05124300 -0.02950434 -0.12268564
v -0.05258314 -0.03058585 -0.11737086
v -0.05016506 -0.02934357 -0.12564317
v -0.04929105 -0.03027894 -0.12656557
v -0.04927648 -0.03343579 -0.12268564
v -0.04665447 -0.03432730 -0.12744405
v -0.04400332 -0.03806875 -0.12794185
v -0.04213876 -0.03913565 -0.12914243
v -0.04025965 -0.04021716 -0.13032838
v -0.03795810 -0.03822952 -0.13428151
v -0.03718606 -0.04029024 -0.13349089
v -0.03645772 -0.04192712 -0.13283203
v -0.03079125 -0.04008563 -0.13953772
v -0.02872277 -0.04124022 -0.14043084
v -0.03170895 -0.03802491 -0.14032835
v -0.03465144 -0.03479498 -0.14022587
v -0.03038338 -0.03651956 -0.14240741
v -0.03128652 -0.03444422 -0.14303698
v -0.00774661 -0.02950434 -0.15625805
v -0.00464389 -0.03261734 -0.15603842
v -0.00152660 -0.03516036 -0.15571632
v -0.02490627 -0.03115584 -0.14914240
v -0.02311456 -0.02935819 -0.15114825
v -0.02416336 -0.02639134 -0.15183638
v -0.02471690 -0.02465215 -0.15214384
v -0.02260472 -0.02639134 -0.15259772
v -0.02002640 -0.02326372 -0.15466214
v -0.02215315 -0.01632158 -0.15548206
v -0.01944373 -0.02019456 -0.15556990
v -0.01706935 -0.02019456 -0.15590665
v -0.01395206 -0.02329295 -0.15603842
v 0.00150329 -0.03593496 -0.15587738
v 0.00467885 -0.03571573 -0.15630197
v 0.00778157 -0.03571573 -0.15646301
v 0.02329518 -0.03261734 -0.15681441
v 0.02950063 -0.02950434 -0.15677049
v 0.03572064 -0.02639134 -0.15663872
v 0.03260335 -0.02950434 -0.15643374
v 0.03561868 -0.02953357 -0.15580417
v 0.03260335 -0.03198890 -0.15567240
v 0.03793479 -0.02851052 -0.15552598
v 0.03998871 -0.02753131 -0.15517459
v 0.04188239 -0.02644980 -0.15474999
v 0.04533471 -0.02669825 -0.15319802
v 0.04481031 -0.02310295 -0.15454501
v 0.04814610 -0.02019456 -0.15397401
v 0.05062245 -0.02019456 -0.15274414
v 0.05218110 -0.02019456 -0.15176317
v 0.05356494 -0.02329295 -0.14966947
v 0.05119056 -0.02335141 -0.15130929
v 0.04936971 -0.02443292 -0.15199743
v 0.04826263 -0.02669825 -0.15167533
v 0.06211564 -0.02484214 -0.14286129
v 0.06255264 -0.02865667 -0.14019658
v 0.05978496 -0.03261734 -0.14053333
v 0.05234134 -0.02728285 -0.14879100
v 0.05793497 -0.02639134 -0.14520390
v 0.06443176 -0.03261734 -0.13586277
v 0.06501443 -0.03071739 -0.13646306
v 0.06561166 -0.02864205 -0.13709263
v 0.06897659 -0.03261734 -0.13116293
v 0.07108877 -0.03033740 -0.13000627
v 0.07522573 -0.02650826 -0.12589207
v 0.07480329 -0.02851052 -0.12492574
v 0.07229781 -0.02938742 -0.12893745
v 0.07366709 -0.02650826 -0.12884961
v 0.07480329 -0.02552905 -0.12778079
v 0.07473046 -0.03143353 -0.12158754
v 0.07375449 -0.03252965 -0.12264172
v 0.07420606 -0.03349425 -0.12025519
v 0.07459936 -0.03426884 -0.11819077
v 0.07612887 -0.03261734 -0.11646310
v 0.08077568 -0.02183145 -0.11499898
v 0.08097961 -0.02234297 -0.11335915
v 0.07827019 -0.02975280 -0.11356413
v 0.07781862 -0.03140430 -0.11265637
v 0.07797886 -0.02887589 -0.11581888
v 0.07717768 -0.03324579 -0.11026985
v 0.07577927 -0.03571573 -0.11026985
v 0.07605604 -0.03571573 -0.10715126
v 0.07631825 -0.03571573 -0.10404732
v 0.07743988 -0.03372809 -0.10404732
v 0.07955207 -0.02950434 -0.10094337
v 0.07818279 -0.03217889 -0.10404732
v 0.08112528 -0.02589443 -0.09783942
v 0.08202842 -0.02329295 -0.09783942
v 0.08296069 -0.02019456 -0.09783942
v 0.08399494 -0.01605851 -0.09783942
v 0.08048434 -0.02718055 -0.10094337
v 0.08572838 -0.01708156 -0.04193910
v 0.07816822 0.02951119 -0.01195380
v 0.07611431 0.03241958 -0.01157313
v 0.07496353 0.03572258 -0.01204165
v 0.07285135 0.03851405 -0.01177810
v 0.06976319 0.03890865 -0.00994795
v 0.06523293 0.04348316 -0.00933301
v 0.06580103 0.04191935 -0.00921589
v 0.06734511 0.04191935 -0.00977225
v 0.08483981 0.01086239 -0.01398893
v 0.08435910 0.01397540 -0.01398893
v 0.08469414 0.01397540 -0.01710752
v 0.08396580 0.01586074 -0.01398893
v 0.08071741 0.02477591 -0.01259801
v 0.08105244 0.02270058 -0.01210021
v 0.08144575 0.02018679 -0.01177810
v 0.02017790 0.06366653 -0.00757606
v 0.01706061 0.06366653 -0.00751750
v 0.01089886 0.06366653 -0.00742965
v 0.00778157 0.06366653 -0.00740037
v 0.00169266 0.06068506 -0.00723932
v 0.05433698 0.05124375 -0.00860095
v 0.06345578 0.04472544 -0.00917196
v 0.06042589 0.04794075 -0.00906947
v 0.05931882 0.04998685 -0.00920124
v 0.04813154 0.05435675 -0.00830813
v 0.03882337 0.06056814 -0.00823492
v 0.03570608 0.06056814 -0.00797138
v 0.04502881 0.05745514 -0.00841061
v 0.02328062 0.06366653 -0.00767855
v 0.08702482 -0.00978865 -0.04072387
v 0.08711222 -0.00775716 -0.04113383
v 0.08724332 -0.00465878 -0.04151450
v 0.08722876 -0.00053733 -0.03906941
v 0.08715592 0.00155262 -0.03921582
v 0.08725789 -0.00156039 -0.04155842
v 0.08705396 0.00408102 -0.03972827
v 0.08567011 0.00776401 -0.01710752
v -0.03259753 0.04814536 -0.00763463
v -0.02949480 0.05124375 -0.00764927
v -0.03265580 0.05131682 -0.00861559
v -0.03488451 0.05032300 -0.00904019
v -0.03792897 0.04731230 -0.00904019
v -0.04092972 0.04414084 -0.00905483
v -0.04381394 0.04085246 -0.00911340
v -0.02776136 0.04986994 -0.00723932
v -0.04662533 0.03733023 -0.00930373
v -0.04929105 0.03338417 -0.01006508
v -0.04978633 0.03433415 -0.01214413
v -0.05229181 0.03003733 -0.01398893
v -0.05306384 0.02848813 -0.01398893
v -0.05402525 0.02639818 -0.01398893
v -0.05421462 0.02951119 -0.03574585
v -0.05434572 0.02951119 -0.03883515
v -0.05549650 0.02702663 -0.03883515
v -0.05577327 0.02762584 -0.09473548
v -0.05635594 0.02607665 -0.09473548
v -0.05737561 0.02329979 -0.09473548
v -0.05696774 0.02329979 -0.03883515
v -0.05836615 0.02018679 -0.09782478
v -0.05891969 0.01831607 -0.09782478
v -0.05931299 0.01676687 -0.09782478
v -0.05995393 0.01397540 -0.09782478
v -0.06049290 0.01086239 -0.09782478
v -0.06094447 0.00776401 -0.09782478
v -0.06125037 0.00465100 -0.09782478
v -0.06141060 0.00155262 -0.09782478
v -0.06145431 -0.00053733 -0.09782478
v -0.06146887 -0.00156039 -0.09783942
v -0.06129407 -0.00465878 -0.10094337
v -0.06120667 -0.00465878 -0.10404732
v -0.06110470 -0.00465878 -0.10715126
v -0.06101730 -0.00775716 -0.10094337
v -0.06088620 -0.00775716 -0.10404732
v -0.06074053 -0.00775716 -0.10715126
v -0.06008503 -0.01087017 -0.11026985
v -0.05964803 -0.01396855 -0.11026985
v -0.05909449 -0.01604389 -0.11210001
v -0.05854095 -0.01708156 -0.11322739
v -0.05580240 -0.01829461 -0.12087012
v -0.05615201 -0.01941996 -0.11880570
v -0.05583154 -0.02149530 -0.11778082
v -0.05462249 -0.02329295 -0.11958169
v -0.05269968 -0.02453523 -0.12394478
v -0.05237921 -0.02653749 -0.12281741
v -0.05124300 -0.02639134 -0.12578958
v -0.04978633 -0.02820360 -0.12748797
v -0.04712060 -0.03261734 -0.12797113
v -0.04578046 -0.03261734 -0.12953775
v -0.04487732 -0.03546728 -0.12873248
v -0.04307103 -0.03660725 -0.13002091
v -0.04002659 -0.03675340 -0.13318342
v -0.04098799 -0.03814183 -0.13111900
v -0.03693842 -0.03685571 -0.13636057
v -0.03766676 -0.03479498 -0.13712192
v -0.03377744 -0.03685571 -0.13942059
v -0.03568568 -0.03236889 -0.14067975
v -0.03348610 -0.03261734 -0.14240741
v -0.03670536 -0.03324579 -0.13920098
v -0.03194202 -0.03261734 -0.14353479
v -0.02851883 -0.03176967 -0.14637519
v -0.00464389 -0.02950434 -0.15636053
v 0.00157612 -0.03261734 -0.15649230
v -0.00152660 -0.03261734 -0.15630197
v -0.02550351 -0.02950434 -0.14959628
v -0.02656688 -0.02646441 -0.15019656
v -0.02633382 -0.02348295 -0.15147036
v -0.02945110 -0.01728617 -0.15152892
v -0.02741176 -0.02019456 -0.15188030
v -0.02784876 -0.01845537 -0.15215849
v -0.02524131 -0.02257681 -0.15242203
v -0.02327479 -0.02019456 -0.15397401
v -0.02352243 -0.02348295 -0.15300768
v -0.02400313 -0.01396855 -0.15496961
v -0.02484800 -0.00632489 -0.15530635
v -0.02244449 -0.01396855 -0.15555525
v -0.02321652 -0.01724232 -0.15474999
v -0.02665429 -0.01728617 -0.15306625
v -0.02837316 -0.01639465 -0.15242203
v -0.02639208 -0.01396855 -0.15384223
v -0.02017207 -0.01396855 -0.15576023
v 0.00467885 -0.03261734 -0.15656551
v 0.02017790 -0.03261734 -0.15679976
v 0.03572064 -0.02329295 -0.15679976
v 0.03882337 -0.02329295 -0.15658016
v 0.03891077 -0.02644980 -0.15587738
v 0.04080445 -0.02545598 -0.15548206
v 0.04363040 -0.02194837 -0.15536492
v 0.04580085 -0.02019456 -0.15498425
v 0.04642722 -0.01823615 -0.15523315
v 0.05293857 -0.01597081 -0.15230491
v 0.05257440 -0.01804615 -0.15204136
v 0.04795674 -0.01715463 -0.15469143
v 0.05142363 -0.01703771 -0.15293448
v 0.05452635 -0.02007764 -0.15003551
v 0.05566256 -0.02104223 -0.14890812
v 0.05512358 -0.02329295 -0.14852745
v 0.06246524 -0.02276681 -0.14316875
v 0.06492703 -0.01776847 -0.14261239
v 0.06450459 -0.02019456 -0.14217315
v 0.06518923 -0.02472522 -0.13972805
v 0.06319358 -0.02639134 -0.14088472
v 0.05908575 -0.02191914 -0.14603845
v 0.06191170 -0.03073200 -0.13956701
v 0.06379082 -0.02967972 -0.13833714
v 0.06473766 -0.02639134 -0.13927418
v 0.06985059 -0.02941665 -0.13196820
v 0.07158404 -0.02826206 -0.13062119
v 0.07640565 -0.02329295 -0.12578958
v 0.07642021 -0.02639134 -0.12268564
v 0.07199191 -0.02639134 -0.13108972
v 0.07413322 -0.02329295 -0.12990377
v 0.07519660 -0.02329295 -0.12835180
v 0.07758555 -0.01835307 -0.12715122
v 0.07505093 -0.03252965 -0.11936207
v 0.08077568 -0.01870383 -0.11810292
v 0.08100874 -0.01991688 -0.11621420
v 0.08173708 -0.02019456 -0.11335915
v 0.08121268 -0.02298603 -0.11026985
v 0.07997450 -0.02639134 -0.11026985
v 0.07883829 -0.02950434 -0.11026985
v 0.07796429 -0.03169660 -0.11026985
v 0.07730879 -0.03350886 -0.10715126
v 0.07808082 -0.03194505 -0.10715126
v 0.07908593 -0.02950434 -0.10715126
v 0.08103788 -0.02563136 -0.10094337
v 0.08186819 -0.02329295 -0.10094337
v 0.08281502 -0.02019456 -0.10094337
v 0.08393667 -0.01581005 -0.10031379
v 0.08437367 -0.01396855 -0.09783942
v 0.08162055 -0.02329295 -0.10404732
v 0.07776035 0.03126499 -0.01230519
v 0.07455566 0.03728639 -0.01242232
v 0.07172971 0.04076476 -0.01212949
v 0.06989430 0.04184628 -0.01135351
v 0.06227587 0.04677154 -0.00925981
v 0.06434436 0.04555850 -0.00974297
v 0.08524768 0.01086239 -0.01710752
v 0.08606342 0.01086239 -0.03883515
v 0.08545161 0.01397540 -0.03883515
v 0.08467957 0.01708840 -0.03883515
v 0.08409690 0.01625534 -0.01710752
v 0.08357249 0.01780454 -0.01710752
v 0.08084851 0.02515590 -0.01467708
v 0.08029497 0.02628126 -0.01378396
v 0.01706061 0.06677953 -0.00829349
v 0.01395788 0.06677953 -0.00823492
v 0.01089886 0.06677953 -0.00820564
v 0.00467885 0.06366653 -0.00740037
v -0.00138093 0.06071429 -0.00723932
v 0.05723577 0.05111221 -0.00905483
v 0.05433698 0.05350908 -0.00906947
v 0.05137993 0.05453213 -0.00880593
v 0.06138730 0.04884688 -0.00971369
v 0.05813891 0.05206219 -0.00977225
v 0.05605586 0.05293909 -0.00927445
v 0.02950063 0.06366653 -0.00816172
v 0.02638334 0.06366653 -0.00788353
v 0.04198435 0.06072891 -0.00873272
v 0.03882337 0.06289193 -0.00890842
v 0.03260335 0.06366653 -0.00846918
v 0.04797130 0.05745514 -0.00893770
v 0.04502881 0.05972047 -0.00899627
v 0.02017790 0.06677953 -0.00841061
v 0.08483981 -0.01087017 -0.09783942
v 0.08520397 -0.00775716 -0.09783942
v 0.08542248 -0.00465878 -0.09783942
v 0.08552444 -0.00156039 -0.09783942
v 0.08722876 -0.00053733 -0.04147058
v 0.08715592 0.00155262 -0.04128024
v 0.08550988 -0.00055195 -0.09783942
v 0.08546617 0.00155262 -0.09782478
v 0.08705396 0.00408102 -0.04087029
v 0.08651498 0.00776401 -0.03883515
v -0.02637752 0.05435675 -0.00789817
v -0.02934914 0.05431290 -0.00871808
v -0.02637752 0.05124375 -0.00725396
v -0.02327479 0.05435675 -0.00742965
v -0.03165068 0.05324601 -0.00906947
v -0.03695299 0.04937302 -0.00978689
v -0.04001201 0.04621617 -0.00991866
v -0.04299820 0.04291317 -0.01028469
v -0.02637752 0.05105375 -0.00723932
v -0.04588242 0.03942018 -0.01088499
v -0.04700407 0.03787099 -0.01088499
v -0.04854815 0.03550335 -0.01101676
v -0.04349347 0.04349777 -0.01234912
v -0.04739737 0.03842636 -0.01398893
v -0.04894144 0.03601488 -0.01398893
v -0.04987373 0.03446568 -0.01398893
v -0.05092253 0.03260957 -0.01398893
v -0.05232094 0.03325263 -0.03574585
v -0.05313668 0.03170344 -0.03574585
v -0.05319495 0.03182036 -0.03883515
v -0.05272881 0.03402723 -0.09473548
v -0.05348628 0.03247804 -0.09473548
v -0.05489925 0.02951119 -0.09473548
v -0.05575870 0.02759661 -0.09782478
v -0.05632681 0.02604742 -0.09782478
v -0.05733191 0.02329979 -0.09782478
v -0.05829331 0.02018679 -0.10094337
v -0.05887599 0.01812607 -0.10404732
v -0.05890512 0.01824299 -0.10094337
v -0.05929843 0.01667918 -0.10094337
v -0.05925472 0.01657688 -0.10404732
v -0.05977912 0.01397540 -0.10404732
v -0.06040550 0.01086239 -0.10094337
v -0.06068226 0.00776401 -0.10715126
v -0.06116297 0.00465100 -0.10094337
v -0.06120667 0.00155262 -0.10404732
v -0.06119211 -0.00156039 -0.10715126
v -0.06139604 -0.00053733 -0.09993312
v -0.06087164 -0.00465878 -0.11026985
v -0.06049290 -0.00775716 -0.11026985
v -0.05985196 -0.00775716 -0.11335915
v -0.05924016 -0.01396855 -0.11259781
v -0.05877402 -0.01396855 -0.11414978
v -0.05577327 -0.01396855 -0.12381301
v -0.05606460 -0.01621927 -0.12166075
v -0.05549650 -0.01718386 -0.12268564
v -0.05459336 -0.02019456 -0.12268564
v -0.05554019 -0.02035533 -0.11974274
v -0.05304928 -0.02247451 -0.12482326
v -0.05255401 -0.02101300 -0.12688768
v -0.05290361 -0.01893767 -0.12747333
v -0.05010679 -0.02639134 -0.12785400
v -0.04349347 -0.02490060 -0.13668268
v -0.04685840 -0.02851052 -0.13079689
v -0.04808201 -0.02938742 -0.12882032
v -0.04633400 -0.03057124 -0.13015268
v -0.04333324 -0.03080508 -0.13340303
v -0.04034705 -0.03099507 -0.13662412
v -0.04368284 -0.03454653 -0.13067976
v -0.04055099 -0.02519290 -0.13997696
v -0.04069666 -0.03467807 -0.13391548
v -0.03731716 -0.03117045 -0.13984519
v -0.03779786 -0.02950434 -0.14026979
v -0.03568568 -0.02972357 -0.14199745
v -0.03406877 -0.03090738 -0.14280273
v -0.03816204 -0.03236889 -0.13819073
v -0.03057274 -0.03026432 -0.14565777
v -0.02489170 0.00348180 -0.15533564
v -0.02773223 -0.02754592 -0.14892277
v -0.02828576 -0.02548520 -0.14934737
v -0.02886843 -0.02329295 -0.14978661
v -0.02971331 -0.02032610 -0.15026976
v -0.03200029 -0.01708156 -0.14983053
v -0.03033968 -0.01396855 -0.15180710
v -0.02639208 -0.01087017 -0.15417899
v -0.02496454 -0.00465878 -0.15535029
v -0.02610075 -0.00752332 -0.15458894
v -0.02650862 -0.00465878 -0.15458894
v -0.02503737 -0.00156039 -0.15537956
v -0.02878103 -0.01396855 -0.15262701
v -0.02502281 -0.00053733 -0.15537956
v 0.04502881 -0.00465878 -0.15649230
v 0.04502881 -0.00775716 -0.15653622
v 0.03882337 -0.02019456 -0.15674120
v 0.04192609 -0.01708156 -0.15665335
v 0.04192609 -0.02019456 -0.15633126
v 0.04188239 -0.02310295 -0.15573096
v 0.04424221 -0.02019456 -0.15561383
v 0.04524731 -0.01715463 -0.15589201
v 0.04679139 -0.01616081 -0.15539421
v 0.05124882 -0.01396855 -0.15356404
v 0.05324448 -0.01396855 -0.15248060
v 0.05595389 -0.00645642 -0.15224634
v 0.05563342 -0.00853176 -0.15202672
v 0.05761450 -0.01073863 -0.15002086
v 0.06220304 -0.01265320 -0.14603845
v 0.06527663 -0.01569313 -0.14291986
v 0.05413304 -0.01703771 -0.15111896
v 0.04871421 -0.01396855 -0.15483784
v 0.06293138 -0.02019456 -0.14352015
v 0.06833565 -0.01553236 -0.13977199
v 0.06597584 -0.02019456 -0.14062118
v 0.07113247 -0.02396524 -0.13319806
v 0.07732335 -0.02039917 -0.12599456
v 0.07238521 -0.02307372 -0.13209996
v 0.07443913 -0.02143684 -0.13032838
v 0.07563360 -0.02031148 -0.12912778
v 0.07783319 -0.01629235 -0.12764902
v 0.07827019 -0.01722771 -0.12599456
v 0.07681352 -0.01722771 -0.12876176
v 0.08093591 -0.01708156 -0.11854216
v 0.08164968 -0.01708156 -0.11646310
v 0.08252369 -0.01708156 -0.11335915
v 0.08217409 -0.02019456 -0.11026985
v 0.08261109 -0.02019456 -0.10404732
v 0.08338313 -0.01708156 -0.10404732
v 0.08317920 -0.01708156 -0.10715126
v 0.08296069 -0.01708156 -0.11026985
v 0.08384927 -0.01547390 -0.10239285
v 0.08412603 -0.01424624 -0.10119227
v 0.08466501 -0.01087017 -0.10094337
v 0.07889656 0.02951119 -0.01398893
v 0.07789146 0.03148422 -0.01398893
v 0.07771666 0.03427569 -0.03883515
v 0.07676981 0.03582488 -0.03883515
v 0.07521116 0.03829482 -0.03883515
v 0.07419149 0.03984402 -0.03883515
v 0.07274939 0.04191935 -0.03883515
v 0.07154034 0.04362931 -0.03883515
v 0.07149664 0.04355624 -0.03713677
v 0.07190451 0.04099861 -0.01398893
v 0.07071004 0.04254780 -0.01398893
v 0.06887462 0.04411161 -0.01192452
v 0.06915139 0.04444775 -0.01398893
v 0.06590300 0.04731230 -0.01182203
v 0.08456303 0.01086239 -0.09782478
v 0.08409690 0.01355156 -0.09782478
v 0.08376187 0.01510076 -0.09782478
v 0.08328116 0.01708840 -0.09782478
v 0.08403863 0.01923681 -0.04120703
v 0.08406776 0.01930989 -0.03883515
v 0.08355793 0.02085908 -0.03883515
v 0.08169339 0.02329979 -0.01710752
v 0.08095048 0.02541897 -0.01710752
v 0.08036781 0.02698278 -0.01710752
v 0.01706061 0.06857718 -0.00914268
v 0.01395788 0.06860641 -0.00911340
v 0.00778157 0.06677953 -0.00820564
v 0.00467885 0.06677953 -0.00827885
v 0.00157612 0.06366653 -0.00748821
v -0.00774661 0.06056814 -0.00726860
v -0.00519743 0.06056814 -0.00723932
v -0.00460019 0.06059737 -0.00723932
v 0.05043309 0.05640285 -0.00911340
v 0.06282941 0.05033761 -0.01179275
v 0.06049872 0.05119990 -0.01078250
v 0.05433698 0.05507288 -0.00990402
v 0.05961016 0.05330446 -0.01185131
v 0.05717750 0.05415214 -0.01092891
v 0.05250157 0.05568672 -0.00942086
v 0.02638334 0.06635570 -0.00870344
v 0.04099381 0.06242425 -0.00914268
v 0.03625961 0.06492342 -0.00962584
v 0.03417656 0.06523034 -0.00933301
v 0.02950063 0.06593186 -0.00893770
v 0.03541474 0.06379807 -0.00883521
v 0.04683509 0.05916510 -0.00925981
v 0.02301842 0.06698414 -0.00870344
v 0.02017790 0.06844565 -0.00924517
v 0.08505830 -0.00775716 -0.10094337
v 0.08530594 -0.00465878 -0.10094337
v 0.08539334 -0.00156039 -0.10094337
v 0.08537877 -0.00055195 -0.10094337
v 0.08532051 0.00155262 -0.10094337
v 0.08532051 0.00465100 -0.09782478
v 0.08501461 0.00776401 -0.09782478
v -0.02018664 0.05745514 -0.00772248
v -0.02344959 0.05768898 -0.00851310
v -0.02637752 0.05672439 -0.00889377
v -0.02822750 0.05609594 -0.00920124
v -0.02612988 0.05124375 -0.00723932
v -0.01947286 0.05505827 -0.00723932
v -0.01706935 0.05745514 -0.00735645
v -0.03371917 0.05239834 -0.01012364
v -0.03746283 0.04988455 -0.01186595
v -0.03873014 0.04805767 -0.01088499
v -0.04050728 0.04674232 -0.01199772
v -0.04176003 0.04485697 -0.01113389
v -0.04417812 0.04190473 -0.01114853
v -0.04062382 0.04687385 -0.01398893
v -0.04050728 0.04984070 -0.03688786
v -0.04454228 0.04478390 -0.03574585
v -0.04610093 0.04282549 -0.03574585
v -0.04728083 0.04127629 -0.03574585
v -0.04629029 0.03997555 -0.01398893
v -0.04993199 0.03768099 -0.03643398
v -0.05237921 0.03336955 -0.03883515
v -0.05173827 0.03572258 -0.09473548
v -0.05170914 0.03572258 -0.09782478
v -0.05271424 0.03398339 -0.09782478
v -0.05487012 0.02951119 -0.09782478
v -0.05462249 0.02951119 -0.10715126
v -0.05568586 0.02739200 -0.10404732
v -0.05564216 0.02728970 -0.10715126
v -0.05619570 0.02572589 -0.10715126
v -0.05813309 0.02018679 -0.10715126
v -0.05883229 0.01795069 -0.10715126
v -0.05919645 0.01640149 -0.10715126
v -0.05966259 0.01397540 -0.10715126
v -0.06020157 0.01086239 -0.10715126
v -0.06095904 0.00465100 -0.10715126
v -0.06040550 0.00776401 -0.11025520
v -0.06069684 0.00465100 -0.11025520
v -0.06107557 0.00155262 -0.10715126
v -0.06100273 -0.00053733 -0.10924496
v -0.06095904 -0.00156039 -0.11026985
v -0.06023070 -0.00465878 -0.11335915
v -0.05906536 -0.00968635 -0.11508682
v -0.05938583 -0.00465878 -0.11612635
v -0.05737561 -0.00465878 -0.12268564
v -0.05871576 -0.00775716 -0.11706339
v -0.05588980 -0.01228783 -0.12417905
v -0.05491383 -0.01396855 -0.12578958
v -0.05427289 -0.01708156 -0.12578958
v -0.05336975 -0.02006302 -0.12583350
v -0.05316581 -0.01708156 -0.12783935
v -0.04572219 -0.01421701 -0.13813216
v -0.04298363 -0.02019456 -0.13917169
v -0.04247380 -0.02329295 -0.13855676
v -0.04092972 -0.02329295 -0.14035763
v -0.03953132 -0.02978203 -0.13827858
v -0.03921085 -0.02329295 -0.14190961
v -0.03727346 -0.02487137 -0.14287594
v -0.03670536 -0.02694671 -0.14245133
v 0.02950063 0.03129422 -0.15536492
v -0.02497911 0.00155262 -0.15535029
v -0.02652318 0.00155262 -0.15470608
v -0.02611532 0.00456331 -0.15467678
v -0.02637752 0.00776401 -0.15417899
v -0.02327479 0.01397540 -0.15460358
v -0.02018664 0.01708840 -0.15491105
v -0.01706935 0.02018679 -0.15492568
v -0.00774661 0.02951119 -0.15482320
v -0.00154117 0.03260957 -0.15485248
v -0.03144675 -0.01939073 -0.14939129
v -0.03281603 -0.01385163 -0.15005015
v -0.03765220 -0.02329295 -0.14321268
v -0.03354437 -0.01708156 -0.14862995
v -0.03398137 -0.01480161 -0.14893741
v -0.03064558 -0.01087017 -0.15198280
v -0.03261210 -0.01087017 -0.15062116
v -0.02910150 -0.01087017 -0.15278806
v -0.02659602 -0.00156039 -0.15470608
v -0.02930544 -0.00775716 -0.15291983
v -0.02977157 -0.00471724 -0.15289056
v -0.02950937 -0.00156039 -0.15324194
v -0.02553264 -0.00053733 -0.15515995
v 0.04502881 0.00776401 -0.15617019
v 0.04782563 0.00776401 -0.15578952
v 0.04805870 0.00465100 -0.15583344
v 0.04814610 -0.00465878 -0.15600913
v 0.04502881 -0.01087017 -0.15646301
v 0.04502881 -0.01396855 -0.15630197
v 0.04765083 -0.01087017 -0.15580417
v 0.04714099 -0.01396855 -0.15556990
v 0.05124882 -0.01087017 -0.15406185
v 0.05371061 -0.01087017 -0.15274414
v 0.05451178 -0.00761101 -0.15283199
v 0.05100119 -0.00769870 -0.15461822
v 0.04979215 -0.00660258 -0.15535029
v 0.05136536 -0.00465878 -0.15460358
v 0.05435155 -0.00465878 -0.15309553
v 0.05595389 -0.00465878 -0.15224634
v 0.05752710 -0.00465878 -0.15095791
v 0.06435892 -0.00465878 -0.14526246
v 0.06620890 -0.00465878 -0.14369584
v 0.05927512 -0.00775716 -0.14930344
v 0.05910031 -0.00961327 -0.14915703
v 0.06549513 -0.01396855 -0.14311019
v 0.06705378 -0.01396855 -0.14151430
v 0.04920948 -0.01087017 -0.15505746
v 0.06848132 -0.01396855 -0.13996233
v 0.07129271 -0.01456777 -0.13649234
v 0.07510920 -0.01708156 -0.13113364
v 0.07226868 -0.01708156 -0.13454506
v 0.07478873 -0.01936150 -0.13072369
v 0.07177341 -0.02019456 -0.13395940
v 0.07148207 -0.02188991 -0.13362266
v 0.07895483 -0.01396855 -0.12578958
v 0.07697375 -0.01396855 -0.12953775
v 0.07803712 -0.01396855 -0.12797113
v 0.08060087 -0.01455316 -0.12072371
v 0.08215952 -0.01396855 -0.11646310
v 0.08301896 -0.01396855 -0.11335915
v 0.08393667 -0.00975942 -0.11211465
v 0.08347053 -0.01396855 -0.11026985
v 0.08379100 -0.01505007 -0.10404732
v 0.08443194 -0.01087017 -0.10404732
v 0.08443194 -0.00775716 -0.11026985
v 0.08486894 -0.00775716 -0.10404732
v 0.07915876 0.02951119 -0.01710752
v 0.07860522 0.03260957 -0.03883515
v 0.07773122 0.03430492 -0.04063602
v 0.07373992 0.03911326 -0.09473548
v 0.07216671 0.04137860 -0.09782478
v 0.07022933 0.04517851 -0.03883515
v 0.07103051 0.04292779 -0.09782478
v 0.06947186 0.04493005 -0.09782478
v 0.06827738 0.04652309 -0.09473548
v 0.06781125 0.04599695 -0.01398893
v 0.06625260 0.04770691 -0.01398893
v 0.06478136 0.04925610 -0.01398893
v 0.08441737 0.01086239 -0.10094337
v 0.08402407 0.01324465 -0.10094337
v 0.08370360 0.01479384 -0.10094337
v 0.08316463 0.01708840 -0.10094337
v 0.08242172 0.02018679 -0.09782478
v 0.08147488 0.02329979 -0.09473548
v 0.08269849 0.02329979 -0.03883515
v 0.08084851 0.02815199 -0.03958186
v 0.01706061 0.06954178 -0.01088499
v 0.01395788 0.06958562 -0.01088499
v 0.00778157 0.06854795 -0.00914268
v 0.00467885 0.06848949 -0.00918660
v 0.00256667 0.06841641 -0.00925981
v 0.00154699 0.06702799 -0.00863024
v -0.00774661 0.06366653 -0.00805922
v -0.00154117 0.06366653 -0.00764927
v -0.01086390 0.06056814 -0.00737109
v -0.01323829 0.05818589 -0.00723932
v -0.00851865 0.05980816 -0.00723932
v 0.06322271 0.05068838 -0.01398893
v 0.04890357 0.05847819 -0.00965512
v 0.05623066 0.05615440 -0.01208557
v 0.05433698 0.05681208 -0.01147064
v 0.06148926 0.05223757 -0.01398893
v 0.05993062 0.05356754 -0.01398893
v 0.02387785 0.06815335 -0.00953799
v 0.02179481 0.06832873 -0.00931837
v 0.04306229 0.06186888 -0.00952335
v 0.02638334 0.06790489 -0.00987474
v 0.03908557 0.06458728 -0.01075321
v 0.03821156 0.06561033 -0.01170490
v 0.03541474 0.06585878 -0.01075321
v 0.02964630 0.06761259 -0.01088499
v 0.02017790 0.06929332 -0.01088499
v 0.08497090 -0.00465878 -0.10715126
v 0.08514570 -0.00465878 -0.10404732
v 0.08521854 -0.00156039 -0.10404732
v 0.08517484 0.00465100 -0.10094337
v 0.08513114 0.00155262 -0.10404732
v 0.08500004 0.00465100 -0.10404732
v 0.08486894 0.00776401 -0.10094337
v -0.01396662 0.06056814 -0.00766391
v -0.01736068 0.06086044 -0.00843990
v -0.02018664 0.06007123 -0.00876201
v -0.02254645 0.05939894 -0.00909876
v -0.02461494 0.05887280 -0.00955263
v -0.02878103 0.05651978 -0.01088499
v -0.03033968 0.05536519 -0.01088499
v -0.01478236 0.05745514 -0.00723932
v -0.03265580 0.05364061 -0.01106068
v -0.03422901 0.05286602 -0.01220270
v -0.03760850 0.05001608 -0.01398893
v -0.03916714 0.04842304 -0.01398893
v -0.04614463 0.04289856 -0.03883515
v -0.03733173 0.05285140 -0.03709284
v -0.03928368 0.05174066 -0.09473548
v -0.04084232 0.05019146 -0.09473548
v -0.04238640 0.04851074 -0.09473548
v -0.04379937 0.04696154 -0.09473548
v -0.04732454 0.04133475 -0.03883515
v -0.04749934 0.04222627 -0.09499902
v -0.04927648 0.03972709 -0.09473548
v -0.05023789 0.03817790 -0.09473548
v -0.05025246 0.03816329 -0.09782478
v -0.05022333 0.03806098 -0.10404732
v -0.05019419 0.03801714 -0.10715126
v -0.05165087 0.03572258 -0.10094337
v -0.05150520 0.03572258 -0.10715126
v -0.05255401 0.03367647 -0.10715126
v -0.05430202 0.02951119 -0.11025520
v -0.05548193 0.02685125 -0.11025520
v -0.05605003 0.02530205 -0.11025520
v -0.05784175 0.02018679 -0.11025520
v -0.05873032 0.01707379 -0.11041627
v -0.05910905 0.01603612 -0.10946458
v -0.05992479 0.01086239 -0.11025520
v -0.05913819 0.01321542 -0.11227570
v -0.05972086 0.00776401 -0.11335915
v -0.06002676 0.00465100 -0.11335915
v -0.06031810 -0.00156039 -0.11335915
v -0.05749215 -0.00156039 -0.12268564
v -0.05638507 -0.00465878 -0.12526250
v -0.05618114 -0.00775716 -0.12489647
v -0.05603547 -0.01021249 -0.12453044
v -0.05696774 -0.00775716 -0.12268564
v -0.05542366 -0.00775716 -0.12644844
v -0.05348628 -0.01396855 -0.12827860
v -0.05232094 -0.01396855 -0.12983057
v -0.04972805 -0.01259474 -0.13360801
v -0.04685840 -0.01335472 -0.13703407
v -0.04589700 -0.01087017 -0.13893743
v -0.04397418 -0.01396855 -0.14026979
v -0.04363914 -0.01605851 -0.13996233
v -0.04142499 -0.02019456 -0.14085544
v -0.03982265 -0.02019456 -0.14240741
v -0.03827857 -0.02019456 -0.14375441
v 0.03882337 0.02018679 -0.15574559
v 0.00778157 0.03572258 -0.15488177
v 0.01706061 0.03572258 -0.15496961
v 0.03130691 0.03123576 -0.15536492
v -0.02754286 -0.00053733 -0.15422290
v -0.02950937 -0.00055195 -0.15324194
v -0.02949480 0.00155262 -0.15321266
v -0.02974244 0.00444639 -0.15284663
v -0.02914520 0.00776401 -0.15280270
v -0.02637752 0.01086239 -0.15376903
v -0.02327479 0.01708840 -0.15414970
v -0.02018664 0.02018679 -0.15447180
v -0.01706935 0.02329979 -0.15464750
v -0.01396662 0.02639818 -0.15470608
v -0.00464389 0.03260957 -0.15472071
v 0.00467885 0.03572258 -0.15476464
v -0.03421444 -0.01272628 -0.14914240
v -0.03637032 -0.02019456 -0.14530638
v -0.03542348 -0.01708156 -0.14707798
v -0.03698212 -0.01708156 -0.14574561
v -0.03722976 -0.01543006 -0.14596524
v -0.03752109 -0.01336934 -0.14621414
v -0.03234989 -0.00471724 -0.15139715
v -0.03086408 -0.00775716 -0.15209993
v -0.03482624 -0.00465878 -0.14965484
v -0.03436011 -0.01087017 -0.14927417
v -0.03112628 -0.00370880 -0.15224634
v -0.03119912 -0.00156039 -0.15229026
v 0.04192609 0.01708840 -0.15581880
v 0.04502881 0.01086239 -0.15599450
v 0.04731580 0.01086239 -0.15561383
v 0.04938428 0.00776401 -0.15517459
v 0.04960278 0.00465100 -0.15527708
v 0.04967561 0.00292643 -0.15530635
v 0.04843743 0.00174261 -0.15577488
v 0.04823350 -0.00055195 -0.15589201
v 0.04982128 -0.00465878 -0.15536492
v 0.04835003 -0.00769870 -0.15584809
v 0.04952995 -0.00867791 -0.15521852
v 0.05120512 -0.00055195 -0.15460358
v 0.05462831 -0.00173577 -0.15286127
v 0.05592476 -0.00286113 -0.15220242
v 0.06435892 -0.00156039 -0.14527710
v 0.06625260 -0.00156039 -0.14371049
v 0.06600497 -0.00775716 -0.14356407
v 0.06419869 -0.00775716 -0.14511604
v 0.06781125 -0.00156039 -0.14237812
v 0.06775298 -0.00465878 -0.14231956
v 0.06580103 -0.01087017 -0.14338838
v 0.06395105 -0.01087017 -0.14494035
v 0.06734511 -0.01087017 -0.14183641
v 0.06874352 -0.01087017 -0.14026979
v 0.07030217 -0.01087017 -0.13838106
v 0.07238521 -0.01370548 -0.13532104
v 0.07416236 -0.01396855 -0.13309557
v 0.07540054 -0.01396855 -0.13152895
v 0.07985797 -0.00775716 -0.12578958
v 0.08058630 -0.00775716 -0.12372517
v 0.07719225 -0.01087017 -0.12984521
v 0.07827019 -0.01087017 -0.12829323
v 0.08306266 -0.00775716 -0.11646310
v 0.08384927 -0.00600336 -0.11485256
v 0.08373273 -0.00775716 -0.11434012
v 0.08379100 -0.01193706 -0.11026985
v 0.08408234 -0.00775716 -0.11278814
v 0.08370360 -0.01393933 -0.10738553
v 0.08393667 -0.01287243 -0.10650704
v 0.08476697 -0.00465878 -0.11026985
v 0.08084851 0.02815199 -0.04072387
v 0.07719225 0.03325263 -0.09473548
v 0.07580841 0.03572258 -0.09473548
v 0.07471589 0.03756407 -0.09473548
v 0.07371079 0.03905481 -0.09782478
v 0.07209388 0.04130552 -0.10094337
v 0.07091397 0.04276703 -0.10404732
v 0.07097224 0.04285471 -0.10094337
v 0.06867068 0.04696154 -0.03883515
v 0.06942815 0.04481313 -0.10094337
v 0.06823368 0.04647924 -0.09782478
v 0.06674787 0.04814536 -0.09782478
v 0.06682071 0.04814536 -0.09473548
v 0.06721401 0.04852535 -0.03883515
v 0.06566993 0.05013300 -0.03883515
v 0.06406759 0.05169681 -0.03883515
v 0.06250894 0.05317293 -0.03883515
v 0.08451934 0.00776401 -0.10715126
v 0.08403863 0.01097932 -0.10694628
v 0.08392210 0.01279158 -0.10404732
v 0.08358707 0.01369771 -0.10694628
v 0.08363076 0.01432616 -0.10404732
v 0.08303353 0.01708840 -0.10404732
v 0.08140204 0.02329979 -0.09782478
v 0.08227606 0.02018679 -0.10094337
v 0.08083394 0.02508283 -0.09473548
v 0.01706061 0.07044791 -0.01398893
v 0.01395788 0.07044791 -0.01398893
v 0.01089886 0.06951255 -0.01088499
v 0.00778157 0.06941024 -0.01088499
v 0.00467885 0.06926409 -0.01088499
v -0.00990249 0.06537649 -0.00920124
v -0.00774661 0.06561033 -0.00904019
v -0.00154117 0.06639954 -0.00865952
v 0.00154699 0.06884025 -0.01068001
v 0.00048362 0.06822642 -0.00950871
v -0.01090760 0.06388575 -0.00854239
v 0.05917315 0.05603748 -0.03697571
v 0.05059332 0.05954509 -0.01173418
v 0.04670399 0.06217579 -0.01229055
v 0.05797868 0.05513135 -0.01398893
v 0.05643459 0.05631517 -0.01398893
v 0.05433698 0.05777667 -0.01398893
v 0.05264723 0.05891664 -0.01398893
v 0.02638334 0.06873795 -0.01144136
v 0.02301842 0.06885487 -0.01070929
v 0.04502881 0.06257040 -0.01170490
v 0.04198435 0.06322808 -0.01069465
v 0.02871402 0.06851872 -0.01192452
v 0.04029461 0.06518649 -0.01274443
v 0.03570608 0.06694030 -0.01398893
v 0.02017790 0.07014099 -0.01398893
v 0.08502917 -0.00156039 -0.10715126
v 0.08500004 -0.00055195 -0.10715126
v 0.08462130 0.00465100 -0.11025520
v -0.01396662 0.06305270 -0.00870344
v -0.01651581 0.06248271 -0.00904019
v -0.01858429 0.06208811 -0.00937694
v -0.01928350 0.06243887 -0.01144136
v -0.02522674 0.05923817 -0.01163169
v -0.02630468 0.05818589 -0.01070929
v -0.02926174 0.05688515 -0.01398893
v -0.03080581 0.05573056 -0.01398893
v -0.04559109 0.04472544 -0.09499902
v -0.04656707 0.04346854 -0.09413518
v -0.03371917 0.05555518 -0.03574585
v -0.03217509 0.05675362 -0.03574585
v -0.03443294 0.05613979 -0.09473548
v -0.03599158 0.05476597 -0.09473548
v -0.03772503 0.05321678 -0.09473548
v -0.03773960 0.05323139 -0.09782478
v -0.03928368 0.05174066 -0.09782478
v -0.04082775 0.05017685 -0.09782478
v -0.04238640 0.04849612 -0.09782478
v -0.04379937 0.04694693 -0.09782478
v -0.04658163 0.04346854 -0.09621424
v -0.04658163 0.04346854 -0.09633137
v -0.04748477 0.04221165 -0.09754660
v -0.04927648 0.03972709 -0.09782478
v -0.05001939 0.03775407 -0.11025520
v -0.04917451 0.03962479 -0.10404732
v -0.04911625 0.03956633 -0.10715126
v -0.05115560 0.03572258 -0.11025520
v -0.05237921 0.03334033 -0.11025520
v -0.05316581 0.03179113 -0.11025520
v -0.05294731 0.03135268 -0.11226106
v -0.05348628 0.02959888 -0.11331523
v -0.05590437 0.02489283 -0.11186575
v -0.05505949 0.02612049 -0.11308097
v -0.05709884 0.02018679 -0.11335915
v -0.05801655 0.01708840 -0.11335915
v -0.05896339 0.01529075 -0.11154364
v -0.05932756 0.01413616 -0.11041627
v -0.05865749 0.01413616 -0.11332988
v -0.05883229 0.01144700 -0.11435476
v -0.05928385 0.01059932 -0.11332988
v -0.05900709 0.00937166 -0.11495505
v -0.05912363 0.00776401 -0.11535037
v -0.05784175 0.00776401 -0.11958169
v -0.05720081 0.00465100 -0.12268564
v -0.05909449 -0.00055195 -0.11726837
v -0.05631224 0.00465100 -0.12510145
v -0.05644334 -0.00055195 -0.12533570
v -0.05644334 -0.00156039 -0.12537962
v -0.05559846 -0.00465878 -0.12682911
v -0.05369022 -0.01087017 -0.12857142
v -0.04984459 -0.01087017 -0.13378370
v -0.04869381 -0.01087017 -0.13532104
v -0.04712060 -0.01087017 -0.13738546
v -0.04607180 -0.00775716 -0.13914241
v -0.04435292 -0.01087017 -0.14065046
v -0.04231356 -0.01396855 -0.14183641
v -0.04017225 -0.01798769 -0.14271488
v 0.03891077 0.02341671 -0.15556990
v 0.00778157 0.03882096 -0.15398865
v 0.01089886 0.03882096 -0.15404722
v 0.01395788 0.03882096 -0.15404722
v 0.01706061 0.03882096 -0.15397401
v 0.02017790 0.03572258 -0.15488177
v 0.03461357 0.02832737 -0.15540885
v 0.02328062 0.03572258 -0.15466214
v 0.02638334 0.03572258 -0.15429611
v 0.02950063 0.03572258 -0.15376903
v 0.03244312 0.03241958 -0.15454501
v 0.03338996 0.03038809 -0.15508675
v 0.04000327 0.02452746 -0.15521852
v -0.03118455 -0.00055195 -0.15229026
v -0.03115541 0.00155262 -0.15226098
v -0.03106801 0.00326258 -0.15220242
v -0.03093691 0.00532330 -0.15212921
v -0.03068928 0.00776401 -0.15201207
v -0.02872277 0.01086239 -0.15258309
v -0.02831490 0.01336157 -0.15239275
v -0.02666885 0.01423847 -0.15306625
v -0.02602791 0.01708840 -0.15284663
v -0.02541611 0.01961680 -0.15250988
v -0.02356613 0.02046448 -0.15311017
v -0.02018664 0.02329979 -0.15366654
v -0.01706935 0.02639818 -0.15393009
v -0.01396662 0.02951119 -0.15387152
v -0.01086390 0.02951119 -0.15457430
v -0.00774661 0.03260957 -0.15432540
v -0.00154117 0.03572258 -0.15423755
v 0.00157612 0.03572258 -0.15454501
v -0.04114822 -0.01087017 -0.14354943
v -0.03932738 -0.01087017 -0.14510140
v -0.04049272 -0.01592697 -0.14297842
v -0.04078406 -0.01396855 -0.14322732
v -0.04269230 -0.01087017 -0.14220243
v -0.03275776 -0.00156039 -0.15130929
v -0.03494278 -0.00156039 -0.14975732
v -0.03801637 -0.00775716 -0.14660945
v -0.03956045 -0.00775716 -0.14529173
v -0.03637032 -0.00465878 -0.14832248
v 0.04199893 0.02015756 -0.15558454
v 0.04419851 0.01708840 -0.15556990
v 0.04371780 0.01910528 -0.15540885
v 0.04682052 0.01292312 -0.15540885
v 0.04885988 0.01086239 -0.15494033
v 0.05123426 0.01086239 -0.15378367
v 0.05355037 0.01086239 -0.15259772
v 0.05123426 0.00776401 -0.15422290
v 0.05123426 0.00465100 -0.15442789
v 0.05420588 0.00155262 -0.15296376
v 0.05583736 -0.00055195 -0.15215849
v 0.05745427 0.00465100 -0.15062116
v 0.05745427 0.00155262 -0.15076757
v 0.05934795 -0.00156039 -0.14936200
v 0.06381995 -0.00053733 -0.14567241
v 0.06561166 -0.00055195 -0.14420829
v 0.06622347 -0.00055195 -0.14369584
v 0.06757818 0.00465100 -0.14215851
v 0.06903486 0.00465100 -0.14060654
v 0.06913682 0.00155262 -0.14072367
v 0.06919509 -0.00053733 -0.14079688
v 0.06920966 -0.00156039 -0.14082615
v 0.06603410 0.00465100 -0.14354943
v 0.06915139 -0.00465878 -0.14076759
v 0.06754905 -0.00775716 -0.14208531
v 0.06894746 -0.00775716 -0.14053333
v 0.07072460 -0.00465878 -0.13889350
v 0.07052067 -0.00775716 -0.13862996
v 0.07464306 -0.00693872 -0.13368122
v 0.07739619 -0.00775716 -0.13013804
v 0.08029497 -0.00468801 -0.12556997
v 0.08071741 -0.00574029 -0.12412048
v 0.07848869 -0.00775716 -0.12858607
v 0.08392210 -0.00392802 -0.11507219
v 0.08421343 -0.00483416 -0.11365198
v 0.08080481 -0.00366495 -0.12436938
v 0.08482524 -0.00156039 -0.11026985
v 0.08434454 -0.00156039 -0.11335915
v 0.08020757 0.02654433 -0.09782478
v 0.07895483 0.02951119 -0.09782478
v 0.07793515 0.03164498 -0.09782478
v 0.07714855 0.03320879 -0.09782478
v 0.07573558 0.03572258 -0.09782478
v 0.07468676 0.03749100 -0.09782478
v 0.07382733 0.03857251 -0.10123620
v 0.07200648 0.04121783 -0.10404732
v 0.07084113 0.04265010 -0.10715126
v 0.06532033 0.04979686 -0.09473548
v 0.06928249 0.04457929 -0.10715126
v 0.06813172 0.04637694 -0.10094337
v 0.06527663 0.04975301 -0.09782478
v 0.06523293 0.04969455 -0.09955245
v 0.06374712 0.05136067 -0.09473548
v 0.06217391 0.05285140 -0.09782478
v 0.06074636 0.05473674 -0.03883515
v 0.05892551 0.05584748 -0.09473548
v 0.08432997 0.00776401 -0.11025520
v 0.08386383 0.01248466 -0.10578963
v 0.08371816 0.01159315 -0.11025520
v 0.08332486 0.01397540 -0.11025520
v 0.08266936 0.01708840 -0.11025520
v 0.08285873 0.01708840 -0.10715126
v 0.08079024 0.02498052 -0.09782478
v 0.08116897 0.02350440 -0.10075304
v 0.08076110 0.02487822 -0.09958173
v 0.08210126 0.02018679 -0.10404732
v 0.02261055 0.07154403 -0.03681466
v 0.01706061 0.07065252 -0.01710752
v 0.01395788 0.07196787 -0.03574585
v 0.01395788 0.07066713 -0.01710752
v 0.01089886 0.07193864 -0.03574585
v 0.01089886 0.07030176 -0.01398893
v 0.00778157 0.07014099 -0.01398893
v 0.00467885 0.06995100 -0.01398893
v -0.01198554 0.06506957 -0.00965512
v 0.00157612 0.06952716 -0.01398893
v -0.00154117 0.06854795 -0.01170490
v -0.00320178 0.06835796 -0.01231983
v 0.05918772 0.05605209 -0.03883515
v 0.05745427 0.05730899 -0.03883515
v 0.05545862 0.05871203 -0.03883515
v 0.05108859 0.05985200 -0.01398893
v 0.04837917 0.06140120 -0.01398893
v 0.04682052 0.06224887 -0.01398893
v 0.04054224 0.06530341 -0.01482349
v 0.05389998 0.05974970 -0.03883515
v 0.04990868 0.06224887 -0.03687322
v 0.03260335 0.06777336 -0.01398893
v 0.03076794 0.06825565 -0.01398893
v 0.02920929 0.06863564 -0.01398893
v 0.02638334 0.06922024 -0.01398893
v 0.02328062 0.06970254 -0.01398893
v 0.03908557 0.06578571 -0.01385716
v 0.03882337 0.06612186 -0.01710752
v 0.03523994 0.06867949 -0.03883515
v 0.03260335 0.06943947 -0.03883515
v 0.08479610 -0.00055195 -0.11026985
v 0.08418430 0.00465100 -0.11312490
v 0.08403863 0.00776401 -0.11255389
v -0.01288868 0.06542033 -0.01173418
v -0.01482606 0.06490881 -0.01398893
v -0.01706935 0.06387114 -0.01398893
v -0.01967680 0.06262886 -0.01398893
v -0.02122088 0.06185427 -0.01398893
v -0.02327479 0.06068506 -0.01398893
v -0.02548894 0.05939894 -0.01398893
v -0.02704759 0.05843434 -0.01398893
v -0.02851883 0.05942817 -0.03574585
v -0.03007747 0.05830281 -0.03574585
v -0.04557653 0.04472544 -0.09754660
v -0.03259753 0.05751360 -0.09473548
v -0.03441837 0.05611055 -0.09782478
v -0.03597702 0.05478059 -0.09782478
v -0.03768133 0.05320216 -0.10404732
v -0.03765220 0.05317293 -0.10715126
v -0.03926911 0.05168220 -0.10094337
v -0.04078406 0.05013300 -0.10094337
v -0.04234270 0.04845227 -0.10094337
v -0.04372654 0.04685923 -0.10404732
v -0.04525606 0.04503235 -0.10094337
v -0.04656707 0.04345393 -0.09838115
v -0.04767414 0.04184628 -0.10094337
v -0.04891231 0.03930326 -0.11025520
v -0.04980089 0.03743253 -0.11214393
v -0.04649423 0.04335163 -0.10404732
v -0.04643596 0.04327855 -0.10715126
v -0.05035442 0.03578104 -0.11325667
v -0.05001939 0.03477260 -0.11590674
v -0.05261228 0.03068039 -0.11434012
v -0.05236464 0.02959888 -0.11677057
v -0.05278708 0.02793276 -0.11800043
v -0.05312211 0.02860505 -0.11593602
v -0.05287448 0.02505360 -0.12139721
v -0.05319495 0.02318287 -0.12252458
v -0.05517603 0.02308057 -0.11627276
v -0.05316581 0.02575512 -0.11958169
v -0.05420005 0.02018679 -0.12268564
v -0.05599177 0.01891528 -0.11833718
v -0.05706971 0.01708840 -0.11647774
v -0.05593350 0.01571459 -0.12129472
v -0.05679294 0.01397540 -0.11958169
v -0.05734648 0.01086239 -0.11958169
v -0.05689491 0.00776401 -0.12268564
v -0.05616657 0.00776401 -0.12479398
v -0.05549650 0.00465100 -0.12665342
v -0.05558390 0.00155262 -0.12679982
v -0.05565673 -0.00156039 -0.12694624
v -0.05415635 -0.00465878 -0.12889353
v -0.05369022 -0.00758178 -0.12912778
v -0.05281621 -0.00642720 -0.13048942
v -0.05001939 -0.00775716 -0.13400333
v -0.04883948 -0.00775716 -0.13555530
v -0.04729540 -0.00775716 -0.13757580
v -0.05013593 -0.00465878 -0.13412046
v -0.05019419 -0.00156039 -0.13419367
v -0.04742650 -0.00053733 -0.13775149
v -0.04620289 -0.00053733 -0.13930347
v -0.04449859 -0.00775716 -0.14081151
v -0.04289623 -0.00775716 -0.14236349
v 0.03793479 0.02537513 -0.15545277
v 0.04100838 0.02246674 -0.15548206
v 0.00467885 0.03882096 -0.15376903
v 0.00778157 0.04118860 -0.15267093
v 0.01089886 0.04133475 -0.15271486
v 0.01395788 0.04134936 -0.15271486
v 0.02017790 0.03882096 -0.15368118
v 0.01395788 0.04291317 -0.15188030
v 0.01706061 0.04118860 -0.15264165
v 0.02638334 0.03860174 -0.15287591
v 0.02950063 0.03809021 -0.15259772
v 0.03156911 0.03762253 -0.15236347
v 0.03260335 0.03581027 -0.15290519
v 0.03601198 0.03291649 -0.15318337
v 0.04084815 0.03138191 -0.15234882
v 0.03882337 0.02951119 -0.15375438
v 0.03567694 0.02942349 -0.15474999
v 0.03891077 0.02641280 -0.15486712
v 0.04192609 0.02639818 -0.15390080
v 0.04199893 0.02341671 -0.15489641
v -0.03275776 -0.00055195 -0.15129466
v -0.03271406 0.00155262 -0.15126538
v -0.03230619 0.00444639 -0.15130929
v -0.03259753 0.00776401 -0.15082614
v -0.03028141 0.01086239 -0.15177782
v -0.02940740 0.01423847 -0.15158748
v -0.02790703 0.01543690 -0.15217313
v -0.02757199 0.01708840 -0.15199743
v -0.02642122 0.02046448 -0.15173390
v -0.02478974 0.02167752 -0.15217313
v -0.02015750 0.02626665 -0.15270022
v -0.01909413 0.02845890 -0.15239275
v -0.01704021 0.02949657 -0.15280270
v -0.01597684 0.03144037 -0.15236347
v -0.01377726 0.03253650 -0.15264165
v -0.01086390 0.03260957 -0.15356404
v -0.00464389 0.03572258 -0.15376903
v 0.00157612 0.03882096 -0.15334444
v -0.03491364 -0.00053733 -0.14974268
v -0.03816204 -0.00465878 -0.14677051
v -0.03648685 -0.00156039 -0.14841033
v -0.03647229 -0.00053733 -0.14839568
v -0.03642859 0.00155262 -0.14836641
v 0.04307687 0.02118061 -0.15517459
v 0.04486858 0.02015756 -0.15464750
v 0.04813154 0.01708840 -0.15393009
v 0.04797130 0.01396078 -0.15467678
v 0.05078269 0.01708840 -0.15271486
v 0.05149646 0.01416539 -0.15297839
v 0.05270550 0.01533460 -0.15214384
v 0.05509445 0.01086239 -0.15168996
v 0.05550232 0.00776401 -0.15195351
v 0.05394368 0.00776401 -0.15280270
v 0.05408935 0.00465100 -0.15289056
v 0.05564799 0.00465100 -0.15202672
v 0.05774561 0.00789554 -0.15018193
v 0.05908575 0.00694557 -0.14915703
v 0.06271287 0.00155262 -0.14647768
v 0.06425696 0.00155262 -0.14520390
v 0.06741794 0.00776401 -0.14198282
v 0.06888919 0.00776401 -0.14043084
v 0.06585930 0.00776401 -0.14340302
v 0.07044784 0.00776401 -0.13854212
v 0.07059350 0.00465100 -0.13870317
v 0.07078287 -0.00156039 -0.13895207
v 0.06400932 0.00776401 -0.14496963
v 0.07765839 -0.00313881 -0.13046015
v 0.07353599 -0.00465878 -0.13540889
v 0.07755642 -0.00519953 -0.13034301
v 0.08033867 -0.00129732 -0.12556997
v 0.07845956 -0.00436647 -0.12914243
v 0.07848869 -0.00183807 -0.12915707
v 0.08390753 -0.00156039 -0.11507219
v 0.08080481 -0.00214499 -0.12436938
v 0.08389296 -0.00055195 -0.11501362
v 0.08379100 0.00465100 -0.11469151
v 0.08022214 0.02610588 -0.10075304
v 0.07993080 0.02639818 -0.10404732
v 0.07851782 0.02951119 -0.10715126
v 0.07883829 0.02951119 -0.10094337
v 0.07787689 0.03152806 -0.10094337
v 0.07776035 0.03126499 -0.10715126
v 0.07770208 0.03114807 -0.10953779
v 0.07535683 0.03602949 -0.10123620
v 0.07461393 0.03737407 -0.10038700
v 0.07350686 0.03882096 -0.10404732
v 0.07190451 0.04108629 -0.10715126
v 0.07073917 0.04248934 -0.11025520
v 0.06918052 0.04443314 -0.11025520
v 0.06373255 0.05131682 -0.09782478
v 0.06791321 0.04612848 -0.10715126
v 0.06802974 0.04624540 -0.10404732
v 0.06636913 0.04785306 -0.10715126
v 0.06497072 0.04940225 -0.10715126
v 0.06198453 0.05267602 -0.10715126
v 0.06205737 0.05274909 -0.10404732
v 0.06341208 0.05112682 -0.10715126
v 0.06210107 0.05277833 -0.10208539
v 0.06055699 0.05431290 -0.09782478
v 0.05888182 0.05580364 -0.09782478
v 0.05529838 0.05856588 -0.09473548
v 0.08389296 0.00959089 -0.11199752
v 0.08282959 0.01397540 -0.11335915
v 0.08084851 0.02202829 -0.11218786
v 0.08170795 0.02018679 -0.11025520
v 0.08191188 0.02018679 -0.10715126
v 0.08214495 0.01708840 -0.11335915
v 0.07952293 0.02639818 -0.11025520
v 0.01706061 0.07193864 -0.03883515
v 0.02017790 0.07167557 -0.03622901
v 0.02638334 0.07069636 -0.03574585
v 0.02950063 0.07005330 -0.03574585
v 0.02950063 0.07022868 -0.03883515
v 0.02638334 0.07085713 -0.03883515
v 0.02504320 0.07147096 -0.09473548
v 0.02328062 0.07174864 -0.09473548
v 0.02017790 0.07218710 -0.09473548
v 0.01706061 0.07246478 -0.09473548
v 0.01395788 0.07208479 -0.03883515
v 0.01089886 0.07204095 -0.03883515
v 0.00778157 0.07188018 -0.03883515
v 0.00467885 0.07163173 -0.03631686
v 0.00249383 0.07151481 -0.03696107
v -0.01090760 0.06575648 -0.01076786
v -0.00154117 0.07057944 -0.03574585
v -0.00464389 0.06987792 -0.03574585
v -0.00774661 0.06736414 -0.01398893
v -0.01086390 0.06650185 -0.01398893
v 0.05373975 0.05967663 -0.09473548
v 0.04383434 0.06539111 -0.03674145
v 0.05146733 0.06129889 -0.03883515
v 0.05135079 0.06124043 -0.09473548
v 0.04992324 0.06224887 -0.03883515
v 0.04813154 0.06321346 -0.03883515
v 0.03882337 0.06742259 -0.03883515
v 0.03679858 0.06816796 -0.03883515
v 0.03547301 0.06879641 -0.09473548
v 0.03260335 0.06970254 -0.09473548
v 0.02950063 0.07052098 -0.09473548
v 0.08364533 0.00776401 -0.11412050
v -0.01326742 0.06561033 -0.01398893
v -0.01870083 0.06525957 -0.03713677
v -0.02291062 0.06278963 -0.03574585
v -0.02446927 0.06189811 -0.03574585
v -0.02637752 0.06075813 -0.03574585
v -0.02688735 0.06147428 -0.09473548
v -0.02924717 0.05992508 -0.09473548
v -0.03080581 0.05882895 -0.09473548
v -0.03259753 0.05746975 -0.09782478
v -0.03436011 0.05606671 -0.10094337
v -0.03584592 0.05476597 -0.10404732
v -0.03577308 0.05472213 -0.10715126
v -0.03417074 0.05590594 -0.10876180
v -0.03750653 0.05302678 -0.10961099
v -0.04055099 0.04988455 -0.10942065
v -0.03919627 0.05156528 -0.10715126
v -0.04068208 0.05001608 -0.10715126
v -0.04368284 0.04681539 -0.10715126
v -0.04518322 0.04503235 -0.10404732
v -0.04736823 0.04143706 -0.11025520
v -0.04623203 0.04300087 -0.11025520
v -0.04578046 0.04237242 -0.11335915
v -0.04856271 0.03861635 -0.11325667
v -0.04662533 0.03731562 -0.12125079
v -0.04624660 0.03677486 -0.12331521
v -0.04722257 0.03573719 -0.12243674
v -0.04943671 0.03683332 -0.11422299
v -0.04509582 0.04503235 -0.10715126
v -0.04359544 0.04672770 -0.10923032
v -0.04940758 0.03360339 -0.11958169
v -0.04895602 0.03249265 -0.12267099
v -0.05041269 0.02961349 -0.12267099
v -0.05202961 0.02620819 -0.12252458
v -0.05255401 0.02414746 -0.12346162
v -0.05291817 0.02208674 -0.12447186
v -0.05325321 0.02018679 -0.12504288
v -0.05526343 0.01688379 -0.12246602
v -0.05567130 0.01778992 -0.12041624
v -0.05562759 0.01397540 -0.12337377
v -0.05610830 0.01397540 -0.12182180
v -0.05581697 0.01195852 -0.12395942
v -0.05634137 0.01090624 -0.12283205
v -0.05599177 0.00989780 -0.12445723
v -0.05530712 0.00776401 -0.12634595
v -0.05377762 0.00776401 -0.12861534
v -0.05373391 0.00460716 -0.12917172
v -0.05412722 0.00155262 -0.12889353
v -0.05421462 -0.00053733 -0.12889353
v -0.05424375 -0.00156039 -0.12889353
v -0.05293275 -0.00156039 -0.13062119
v -0.05287448 -0.00465878 -0.13056263
v -0.04744107 0.00155262 -0.13779541
v -0.04623203 0.00155262 -0.13934738
v -0.04515409 -0.00053733 -0.14040156
v -0.04455685 -0.00465878 -0.14087009
v -0.04296907 -0.00465878 -0.14242206
v -0.04141042 -0.00465878 -0.14384226
v -0.03970612 -0.00465878 -0.14539423
v 0.00157612 0.04066246 -0.15236347
v 0.00467885 0.04095476 -0.15253916
v 0.00778157 0.04273779 -0.15174854
v 0.01089886 0.04288394 -0.15185103
v 0.01706061 0.04273779 -0.15174854
v 0.02017790 0.04086707 -0.15248060
v 0.02478100 0.04035554 -0.15218777
v 0.02638334 0.04015093 -0.15207064
v 0.01395788 0.04503235 -0.15050403
v 0.02950063 0.03963941 -0.15182174
v 0.03260335 0.03871866 -0.15139715
v 0.03363759 0.03690640 -0.15201207
v 0.03725015 0.03415877 -0.15218777
v 0.03882337 0.03361801 -0.15189494
v 0.04291663 0.03059270 -0.15199743
v 0.04189695 0.02954041 -0.15274414
v 0.04396543 0.02851736 -0.15240739
v 0.04502881 0.02329979 -0.15368118
v -0.03486994 0.00155262 -0.14969876
v -0.03472428 0.00465100 -0.14958163
v -0.03456404 0.00776401 -0.14944986
v -0.03437467 0.00997088 -0.14927417
v -0.03283060 0.01096470 -0.15012335
v -0.03210226 0.01397540 -0.14988909
v -0.02949480 0.01708840 -0.15081150
v -0.02961134 0.02002602 -0.14993302
v -0.02851883 0.02329979 -0.14952307
v -0.02637752 0.02329979 -0.15079685
v -0.02417793 0.02329979 -0.15189494
v -0.02114804 0.02720201 -0.15193887
v -0.02193465 0.02512667 -0.15229026
v -0.02015750 0.02949657 -0.15152892
v -0.01804532 0.03051962 -0.15196815
v -0.01704021 0.03253650 -0.15145571
v -0.01468039 0.03351570 -0.15189494
v -0.01261191 0.03431953 -0.15226098
v -0.00777574 0.03588334 -0.15293448
v -0.01086390 0.03487490 -0.15253916
v -0.00675607 0.03753484 -0.15233418
v -0.00464389 0.03801714 -0.15258309
v -0.00228407 0.04007786 -0.15204136
v -0.00136636 0.03895250 -0.15277342
v -0.00020102 0.04044324 -0.15223170
v -0.03822030 -0.00156039 -0.14685835
v -0.03871557 -0.00053733 -0.14640447
v -0.04149782 0.00155262 -0.14388618
v -0.03704039 -0.00055195 -0.14789788
v -0.03974981 0.00155262 -0.14543815
v -0.04139586 0.00465100 -0.14378369
v -0.03963328 0.00465100 -0.14533566
v -0.03807464 0.00465100 -0.14669730
v 0.04957364 0.02157522 -0.15214384
v 0.04837917 0.02039140 -0.15300768
v 0.05018545 0.01949988 -0.15242203
v 0.05234134 0.01708840 -0.15193887
v 0.05459918 0.01724917 -0.15028441
v 0.05663853 0.01397540 -0.14968411
v 0.05716293 0.01086239 -0.15013799
v 0.05896922 0.00900629 -0.14905454
v 0.06029479 0.00789554 -0.14805894
v 0.06552426 0.01086239 -0.14312484
v 0.06706834 0.01086239 -0.14161678
v 0.06856872 0.01086239 -0.14006481
v 0.07155491 0.00973704 -0.13679982
v 0.06227587 0.00985396 -0.14612629
v 0.07446826 0.00849476 -0.13346160
v 0.07730879 0.00776401 -0.13003554
v 0.07199191 -0.00055195 -0.13737082
v 0.07765839 -0.00305112 -0.13046015
v 0.07988710 -0.00053733 -0.12640452
v 0.08028041 -0.00055195 -0.12562853
v 0.08060087 -0.00055195 -0.12473541
v 0.07853239 -0.00053733 -0.12899602
v 0.08317920 0.00465100 -0.11647774
v 0.08291699 0.00776401 -0.11647774
v 0.07978514 0.00776401 -0.12578958
v 0.08052804 0.00776401 -0.12359340
v 0.08105244 0.00776401 -0.12204142
v 0.08188275 0.00776401 -0.11958169
v 0.07821193 0.02980349 -0.11044555
v 0.07762926 0.03103115 -0.11161684
v 0.07693005 0.03236112 -0.11044555
v 0.07541510 0.03562027 -0.10404732
v 0.07330292 0.03882096 -0.10715126
v 0.07178798 0.04094014 -0.11025520
v 0.07162774 0.04069169 -0.11239283
v 0.06880179 0.04400930 -0.11335915
v 0.06778211 0.04599695 -0.11025520
v 0.06623804 0.04770691 -0.11025520
v 0.06326641 0.05096606 -0.11025520
v 0.06182430 0.05251525 -0.11025520
v 0.06028023 0.05385984 -0.11025520
v 0.06042589 0.05399138 -0.10715126
v 0.05525469 0.05852204 -0.09782478
v 0.05864875 0.05562826 -0.10404732
v 0.05697357 0.05670977 -0.10715126
v 0.05369604 0.05966201 -0.09782478
v 0.08341226 0.01071624 -0.11316881
v 0.08245086 0.01086239 -0.11647774
v 0.08189732 0.01397540 -0.11647774
v 0.08119811 0.02018679 -0.11328595
v 0.08055717 0.02122446 -0.11426691
v 0.07895483 0.02639818 -0.11335915
v 0.08119811 0.01701533 -0.11650702
v 0.08093591 0.01914912 -0.11548214
v 0.01395788 0.07262555 -0.09473548
v 0.02658728 0.07117866 -0.09473548
v 0.02499950 0.07147096 -0.09712200
v 0.02017790 0.07215786 -0.09782478
v 0.01706061 0.07246478 -0.09782478
v 0.01089886 0.07264016 -0.09473548
v 0.00778157 0.07250863 -0.09473548
v 0.00467885 0.07226017 -0.09473548
v 0.00157612 0.07186557 -0.09473548
v -0.00057976 0.07154403 -0.09473548
v -0.00213840 0.07126635 -0.09473548
v -0.00464389 0.07071098 -0.09473548
v -0.00154117 0.07063790 -0.03883515
v -0.00464389 0.06993638 -0.03883515
v -0.00990249 0.06851872 -0.03630221
v -0.01396662 0.06698414 -0.03574585
v 0.05133623 0.06121120 -0.09782478
v 0.04539298 0.06463112 -0.09473548
v 0.04383434 0.06539111 -0.09473548
v 0.04192609 0.06628262 -0.09473548
v 0.04192609 0.06619493 -0.03883515
v 0.04979215 0.06219041 -0.09473548
v 0.04977758 0.06217579 -0.09782478
v 0.04813154 0.06315500 -0.09473548
v 0.03882337 0.06758336 -0.09473548
v 0.03703165 0.06824103 -0.09473548
v 0.03540018 0.06878179 -0.09782478
v 0.03260335 0.06968793 -0.09782478
v 0.02950063 0.07052098 -0.09782478
v -0.01409772 0.06781720 -0.09473548
v -0.01706935 0.06660415 -0.09473548
v -0.01935633 0.06556649 -0.09473548
v -0.02090041 0.06483573 -0.09473548
v -0.02327479 0.06357884 -0.09473548
v -0.02532871 0.06240964 -0.09473548
v -0.02534327 0.06242425 -0.09782478
v -0.02690192 0.06147428 -0.09782478
v -0.02921804 0.05992508 -0.09782478
v -0.03077668 0.05879972 -0.09782478
v -0.02907237 0.05983739 -0.10404732
v -0.03421444 0.05594979 -0.10715126
v -0.02509564 0.06229272 -0.10949386
v -0.02869363 0.05955970 -0.11025520
v -0.03383570 0.05567210 -0.11084085
v -0.03570025 0.05435675 -0.11022593
v -0.03054361 0.05863895 -0.10715126
v -0.02898497 0.05977893 -0.10715126
v -0.02681452 0.06132812 -0.10715126
v -0.03721519 0.05276371 -0.11169005
v -0.04028879 0.04960686 -0.11149971
v -0.04451315 0.04525158 -0.11026985
v -0.04333324 0.04642078 -0.11129473
v -0.04422181 0.04443314 -0.11335915
v -0.04342064 0.04339547 -0.11785403
v -0.04579502 0.03928865 -0.11958169
v -0.04342064 0.04029708 -0.12409119
v -0.04691667 0.03471414 -0.12479398
v -0.04950955 0.03070962 -0.12369589
v -0.05003396 0.02863428 -0.12480862
v -0.05045640 0.02628126 -0.12583350
v -0.05181110 0.02318287 -0.12562853
v -0.05230637 0.02018679 -0.12659485
v -0.05265597 0.01818453 -0.12713658
v -0.05366108 0.01711763 -0.12599456
v -0.05447682 0.01397540 -0.12578958
v -0.05516146 0.01090624 -0.12561389
v -0.05319495 0.01397540 -0.12786865
v -0.04665447 0.01279158 -0.13677053
v -0.05258314 0.00776401 -0.13018196
v -0.05275795 0.00561560 -0.13040159
v -0.05283077 0.00355488 -0.13050407
v -0.05288904 0.00155262 -0.13057728
v -0.05173827 0.00155262 -0.13211460
v -0.05017962 0.00155262 -0.13419367
v -0.04899971 0.00155262 -0.13576029
v -0.04614463 0.00465100 -0.13923026
v -0.04458599 0.00465100 -0.14085544
v -0.04468795 0.00155262 -0.14094328
v -0.04464425 -0.00055195 -0.14092865
v -0.04356630 -0.00053733 -0.14196818
v -0.04302734 -0.00055195 -0.14248062
v -0.04199309 -0.00053733 -0.14343230
v -0.04146869 -0.00156039 -0.14388618
v 0.00157612 0.04221165 -0.15145571
v 0.00467885 0.04250395 -0.15161676
v 0.01089886 0.04503235 -0.15044546
v 0.01701691 0.04526619 -0.15003551
v 0.02017790 0.04241627 -0.15154356
v 0.02638334 0.04191935 -0.15092862
v 0.01395788 0.04677154 -0.14925952
v 0.01593896 0.04668385 -0.14917167
v 0.02960260 0.04216781 -0.15013799
v 0.03070967 0.04338086 -0.14901062
v 0.03260335 0.04132013 -0.14977197
v 0.03569151 0.03889404 -0.15002086
v 0.04189695 0.03249265 -0.15133858
v 0.03601198 0.03581027 -0.15173390
v 0.04492685 0.03258034 -0.14985981
v 0.04696619 0.03151344 -0.14936200
v 0.04501425 0.02954041 -0.15145571
v 0.04501425 0.02625203 -0.15271486
v 0.04603392 0.02717278 -0.15190959
v 0.04740320 0.02329979 -0.15258309
v -0.03612269 0.00776401 -0.14807357
v -0.03942934 0.00776401 -0.14514533
v -0.04087146 0.01086239 -0.14332982
v -0.04060926 0.01312773 -0.14309555
v -0.03734629 0.01263081 -0.14605308
v -0.03402507 0.01204621 -0.14898133
v -0.03149045 0.01708840 -0.14944986
v -0.03114085 0.01887144 -0.14917167
v -0.03073298 0.02094677 -0.14882029
v -0.02627555 0.02613511 -0.14965484
v -0.03007747 0.02329979 -0.14835176
v -0.03147588 0.02544820 -0.14631663
v -0.02799443 0.02492206 -0.14912775
v -0.02331849 0.02946734 -0.14993302
v -0.02309999 0.02626665 -0.15135322
v -0.02231339 0.03167421 -0.14946450
v -0.02020120 0.03266803 -0.14999158
v -0.01699651 0.03569335 -0.14984517
v -0.01377726 0.03548874 -0.15129466
v -0.01086390 0.03642410 -0.15179246
v -0.00882455 0.03702331 -0.15207064
v -0.00777574 0.03867482 -0.15144107
v -0.00464389 0.03958094 -0.15176317
v -0.00136636 0.04165628 -0.15132394
v -0.04305647 0.00155262 -0.14249526
v -0.04295450 0.00465100 -0.14239277
v 0.04896184 0.02329979 -0.15179246
v 0.05140906 0.02340210 -0.15021120
v 0.05123426 0.02039140 -0.15157284
v 0.05384171 0.02018679 -0.14990374
v 0.05580823 0.01841837 -0.14902526
v 0.05620152 0.01634304 -0.14933273
v 0.05958102 0.01708840 -0.14646304
v 0.06113966 0.01708840 -0.14520390
v 0.06303334 0.01708840 -0.14365193
v 0.05870702 0.01086239 -0.14884956
v 0.06495616 0.01464769 -0.14264167
v 0.06569906 0.02018679 -0.14031371
v 0.06835021 0.01248466 -0.13978663
v 0.07423519 0.02018679 -0.13007947
v 0.07548794 0.01086239 -0.13161681
v 0.07703201 0.01086239 -0.12971344
v 0.07821193 0.01086239 -0.12814683
v 0.07843042 0.00776401 -0.12846893
v 0.07733792 -0.00053733 -0.13066512
v 0.07851782 0.00465100 -0.12860071
v 0.08010560 0.00155262 -0.12578958
v 0.07860522 0.00155262 -0.12871784
v 0.08090677 0.01026318 -0.12163146
v 0.07934813 0.01086239 -0.12578958
v 0.07427889 0.03681870 -0.11025520
v 0.07802255 0.02888274 -0.11335915
v 0.07736705 0.03043193 -0.11335915
v 0.07615801 0.03260957 -0.11335915
v 0.07489069 0.03474337 -0.11335915
v 0.07531314 0.03544489 -0.10715126
v 0.07395842 0.03629256 -0.11335915
v 0.07459936 0.03426107 -0.11510147
v 0.07127814 0.04010709 -0.11447189
v 0.07047697 0.04180243 -0.11340308
v 0.06441719 0.04881765 -0.11335915
v 0.06843761 0.04360008 -0.11518931
v 0.06285854 0.05051299 -0.11335915
v 0.06135817 0.05206219 -0.11335915
v 0.05981409 0.05346523 -0.11335915
v 0.05832828 0.05540903 -0.11025520
v 0.05851764 0.05554057 -0.10715126
v 0.05346297 0.05950125 -0.10404732
v 0.05357951 0.05958893 -0.10094337
v 0.05678419 0.05656362 -0.11025520
v 0.05333188 0.05941355 -0.10715126
v 0.05123426 0.06091890 -0.10715126
v 0.04958821 0.06205888 -0.10715126
v 0.08132921 0.01112547 -0.11985988
v 0.08073197 0.01232390 -0.12108975
v 0.08084851 0.01593381 -0.11830791
v 0.07808082 0.02632511 -0.11634597
v 0.07774579 0.02818121 -0.11521859
v 0.08058630 0.01800915 -0.11754655
v 0.07749815 0.02118061 -0.12376909
v 0.07783319 0.02224751 -0.12170467
v 0.07815366 0.02328518 -0.11953777
v 0.01395788 0.07261093 -0.09782478
v 0.02617941 0.07122250 -0.09802976
v 0.02638334 0.07110559 -0.10094337
v 0.02638334 0.07090097 -0.10715126
v 0.02355739 0.07166096 -0.09802976
v 0.02017790 0.07207018 -0.10094337
v 0.01706061 0.07227479 -0.10715126
v 0.01706061 0.07234786 -0.10404732
v 0.01706061 0.07240632 -0.10094337
v 0.01089886 0.07261093 -0.09782478
v 0.00778157 0.07249401 -0.09782478
v 0.00467885 0.07224556 -0.09782478
v 0.00157612 0.07185095 -0.09782478
v -0.00056519 0.07152942 -0.09782478
v -0.00212384 0.07126635 -0.09782478
v -0.00464389 0.07072559 -0.09782478
v -0.00774661 0.06992177 -0.09473548
v -0.01086390 0.06897179 -0.09473548
v -0.01255365 0.06837257 -0.09473548
v 0.04964648 0.06208811 -0.10477938
v 0.04969018 0.06211733 -0.10271496
v 0.04813154 0.06312577 -0.09782478
v 0.04533471 0.06461651 -0.09782478
v 0.04377607 0.06536187 -0.09782478
v 0.04192609 0.06623878 -0.09782478
v 0.03882337 0.06753952 -0.09782478
v 0.03695882 0.06822642 -0.09782478
v 0.03882337 0.06724721 -0.10715126
v 0.03650725 0.06806565 -0.10715126
v 0.03496317 0.06860641 -0.10715126
v 0.03260335 0.06941024 -0.10715126
v 0.03260335 0.06951255 -0.10404732
v 0.02950063 0.07040406 -0.10404732
v 0.02950063 0.07046252 -0.10094337
v -0.01405402 0.06781720 -0.09782478
v -0.01706935 0.06658954 -0.09782478
v -0.01932720 0.06555187 -0.09782478
v -0.02085671 0.06482112 -0.09782478
v -0.02327479 0.06356422 -0.09782478
v -0.02532871 0.06240964 -0.10094337
v -0.02525587 0.06238041 -0.10715126
v -0.02687279 0.06143043 -0.10094337
v -0.02914520 0.05988124 -0.10094337
v -0.02327479 0.06340346 -0.10715126
v -0.01891933 0.06536187 -0.10937673
v -0.02352243 0.06289193 -0.11043090
v -0.02471690 0.06205888 -0.11157292
v -0.02623185 0.06128428 -0.11043090
v -0.02827120 0.05925279 -0.11249532
v -0.03329673 0.05527750 -0.11335915
v -0.03530695 0.05371369 -0.11335915
v -0.03838054 0.05086376 -0.11335915
v -0.04141042 0.04767768 -0.11335915
v -0.03422901 0.05286602 -0.11819077
v -0.03495734 0.05045454 -0.12268564
v -0.03651599 0.04890534 -0.12268564
v -0.04295450 0.04599695 -0.11335915
v -0.04097342 0.04417007 -0.12268564
v -0.04310017 0.04297164 -0.11958169
v -0.04058012 0.04371700 -0.12454507
v -0.04417812 0.03823636 -0.12516001
v -0.04267774 0.04187551 -0.12290525
v -0.04518322 0.03591257 -0.12600920
v -0.04618833 0.03347186 -0.12684376
v -0.04741194 0.03250727 -0.12581887
v -0.04886861 0.02961349 -0.12583350
v -0.04936388 0.02723124 -0.12687303
v -0.04983002 0.02517052 -0.12751725
v -0.05019419 0.02329979 -0.12797113
v -0.05297644 0.01610919 -0.12756117
v -0.05058749 0.02001141 -0.12898138
v -0.04977175 0.01885682 -0.13056263
v -0.05007766 0.01708840 -0.13095795
v -0.05178197 0.01711763 -0.12871784
v -0.04927648 0.01397540 -0.13302236
v -0.04547455 0.01388771 -0.13795647
v -0.04375568 0.01397540 -0.14006481
v -0.04562022 0.01086239 -0.13852748
v -0.04588242 0.00776401 -0.13889350
v -0.04682927 0.01086239 -0.13697551
v -0.04754303 0.01388771 -0.13532104
v -0.04645053 0.01485230 -0.13649234
v -0.04709147 0.00776401 -0.13732690
v -0.04733910 0.00465100 -0.13766364
v -0.04889775 0.00465100 -0.13561387
v -0.04406158 0.01086239 -0.14037228
v -0.04432378 0.00776401 -0.14063581
v -0.04270687 0.00776401 -0.14217315
v -0.00154117 0.04418468 -0.14965484
v 0.00157612 0.04452083 -0.14990374
v 0.00467885 0.04474006 -0.15005015
v 0.00798551 0.04526619 -0.14999158
v 0.01089886 0.04672770 -0.14921560
v 0.02017790 0.04465236 -0.14999158
v 0.02328062 0.04430160 -0.14974268
v 0.02638334 0.04395084 -0.14947914
v 0.02864119 0.04367315 -0.14925952
v 0.01089886 0.04827689 -0.14781003
v 0.01089886 0.04998685 -0.14625806
v 0.01395788 0.04832074 -0.14783932
v 0.01706061 0.05469289 -0.14176320
v 0.01706061 0.04986994 -0.14615558
v 0.01886689 0.04973840 -0.14602380
v 0.02328062 0.05266141 -0.14275880
v 0.02638334 0.05236910 -0.14250989
v 0.02328062 0.04928533 -0.14565777
v 0.01800745 0.04645001 -0.14898133
v 0.02950063 0.05190142 -0.14211459
v 0.03121951 0.04665462 -0.14605308
v 0.03328799 0.04620156 -0.14567241
v 0.03570608 0.04750230 -0.14365193
v 0.03794936 0.04697615 -0.14319805
v 0.03260335 0.04286933 -0.14865923
v 0.03462813 0.04070630 -0.14931809
v 0.04192609 0.03507951 -0.14971340
v 0.04381977 0.03440722 -0.14925952
v 0.04588825 0.03358878 -0.14873243
v 0.04805870 0.02926273 -0.14974268
v 0.04760713 0.03515259 -0.14666802
v 0.04967561 0.03415877 -0.14597989
v 0.05331731 0.03471414 -0.14322732
v 0.05540036 0.03351570 -0.14253919
v 0.04904924 0.03013963 -0.14864459
v 0.04792760 0.02625203 -0.15116288
v -0.04243010 0.01086239 -0.14192425
v -0.04355174 0.01569997 -0.13984519
v -0.03366090 0.01397540 -0.14867387
v -0.03988092 0.01708840 -0.14246598
v -0.03693842 0.02401593 -0.14259775
v -0.03361720 0.02329979 -0.14558457
v -0.02516847 0.02840044 -0.14931809
v -0.02723696 0.02701201 -0.14857138
v -0.03628292 0.02639818 -0.14212922
v -0.03472428 0.02639818 -0.14334445
v -0.03762306 0.02847352 -0.14009410
v -0.03421444 0.02803507 -0.14291986
v -0.01918153 0.03464106 -0.14939129
v -0.02438187 0.03047578 -0.14876172
v -0.02499367 0.03434876 -0.14611165
v -0.02123544 0.03374955 -0.14880564
v -0.01590401 0.03757868 -0.14930344
v -0.01396662 0.03823636 -0.14972805
v -0.01109697 0.03909865 -0.15021120
v -0.00774661 0.04136398 -0.14978661
v -0.00478956 0.04215319 -0.15015264
v -0.00384272 0.04380469 -0.14934737
v 0.05034569 0.02639818 -0.14955235
v 0.05255983 0.02451284 -0.14892277
v 0.05322990 0.02243751 -0.14942058
v 0.06220304 0.02189675 -0.14293450
v 0.05920229 0.01911989 -0.14615558
v 0.06252351 0.02018679 -0.14321268
v 0.06459199 0.01708840 -0.14230492
v 0.06539317 0.02210136 -0.13997696
v 0.06833565 0.02175060 -0.13668268
v 0.06725771 0.02018679 -0.13848355
v 0.06408216 0.02018679 -0.14185104
v 0.07493440 0.02329979 -0.12785400
v 0.07545880 0.02018679 -0.12851286
v 0.07765839 0.01556844 -0.12735620
v 0.07784775 0.01397540 -0.12761975
v 0.08039694 0.01112547 -0.12267099
v 0.07863436 0.01397540 -0.12578958
v 0.07977056 0.01397540 -0.12268564
v 0.07682808 0.02933580 -0.11634597
v 0.07481787 0.03157191 -0.11876178
v 0.07145294 0.03420261 -0.12428153
v 0.07515290 0.03260957 -0.11627276
v 0.07424976 0.03364724 -0.11715124
v 0.07187538 0.03798790 -0.11647774
v 0.07117617 0.03686255 -0.12041624
v 0.07089940 0.03953710 -0.11647774
v 0.06872895 0.04091091 -0.11958169
v 0.06920966 0.04200704 -0.11633132
v 0.06671874 0.04497390 -0.11634597
v 0.06499986 0.04634771 -0.11747335
v 0.06240697 0.05000147 -0.11561391
v 0.06801518 0.04308855 -0.11725373
v 0.06510183 0.04332240 -0.12394478
v 0.06599040 0.04431622 -0.11958169
v 0.05899835 0.04967994 -0.12423761
v 0.05930425 0.05304140 -0.11556998
v 0.05639090 0.05627132 -0.11277351
v 0.05743970 0.05517519 -0.11363734
v 0.05292401 0.05910664 -0.11205608
v 0.05312794 0.05926740 -0.11025520
v 0.05123426 0.06064122 -0.11025520
v 0.04936971 0.06194195 -0.11025520
v 0.04804414 0.06286270 -0.10715126
v 0.07898396 0.01708840 -0.12268564
v 0.07745445 0.02430823 -0.12053337
v 0.07739619 0.02728970 -0.11728301
v 0.07777492 0.01910528 -0.12458900
v 0.07704658 0.02015756 -0.12568709
v 0.07595407 0.02329979 -0.12578958
v 0.07710485 0.02328518 -0.12271492
v 0.01395788 0.07255247 -0.10094337
v 0.02950063 0.07031637 -0.10715126
v 0.02950063 0.07002407 -0.11025520
v 0.02638334 0.07059406 -0.11025520
v 0.02199874 0.07147096 -0.10896677
v 0.02017790 0.07185095 -0.10715126
v 0.01706061 0.07196787 -0.11025520
v 0.01395788 0.07243555 -0.10715126
v 0.01089886 0.07245017 -0.10404732
v 0.00778157 0.07227479 -0.10715126
v 0.00778157 0.07242094 -0.10094337
v 0.00467885 0.07205556 -0.10715126
v 0.00467885 0.07218710 -0.10094337
v 0.00157612 0.07179249 -0.10094337
v -0.00036126 0.07150019 -0.10094337
v -0.00191990 0.07123712 -0.10094337
v -0.00464389 0.07057944 -0.10715126
v -0.00464389 0.07069636 -0.10094337
v -0.00774661 0.06990715 -0.09782478
v -0.01086390 0.06892795 -0.09782478
v 0.04502881 0.06439728 -0.10715126
v 0.04342647 0.06518649 -0.10715126
v 0.04186782 0.06594648 -0.10715126
v 0.04159106 0.06581494 -0.11025520
v 0.03882337 0.06698414 -0.11025520
v 0.03612851 0.06793412 -0.11025520
v 0.03260335 0.06914717 -0.11025520
v -0.01396662 0.06765643 -0.10715126
v -0.01706935 0.06639954 -0.10715126
v -0.01909413 0.06544956 -0.10715126
v -0.01728785 0.06593186 -0.11035770
v -0.01845319 0.06514265 -0.11145580
v -0.02575114 0.05966201 -0.11647774
v -0.02659602 0.06011508 -0.11346165
v -0.02018664 0.06372499 -0.11335915
v -0.02259015 0.06254117 -0.11335915
v -0.02196378 0.06223426 -0.11529180
v -0.02257559 0.05950125 -0.12268564
v -0.02465864 0.05890203 -0.12082620
v -0.02518304 0.05926740 -0.11874714
v -0.02776136 0.05888741 -0.11457438
v -0.03159242 0.05320216 -0.12268564
v -0.04002659 0.04623079 -0.12028447
v -0.03373374 0.05247141 -0.12026983
v -0.03315107 0.05200373 -0.12268564
v -0.03447664 0.05000147 -0.12466221
v -0.03753566 0.04687385 -0.12460364
v -0.03954588 0.04571926 -0.12268564
v -0.03862817 0.04484236 -0.12561389
v -0.03765220 0.04389238 -0.12773687
v -0.03972068 0.04266472 -0.12662413
v -0.04117735 0.04174397 -0.12567246
v -0.04337694 0.03712562 -0.12722443
v -0.04411985 0.03506490 -0.12804434
v -0.04384308 0.03165960 -0.13091403
v -0.04675643 0.03139652 -0.12754654
v -0.04723714 0.02951119 -0.12814683
v -0.04645053 0.02765508 -0.13028445
v -0.04814028 0.02641280 -0.12890818
v -0.04391592 0.02639818 -0.13409118
v -0.04314387 0.02403055 -0.13625808
v -0.04611549 0.02329979 -0.13299308
v -0.04563479 0.02034756 -0.13502822
v -0.04894144 0.02329979 -0.12952310
v -0.04608636 0.01708840 -0.13603847
v -0.04730997 0.01708840 -0.13448649
v -0.00154117 0.04573388 -0.14835176
v 0.00157612 0.04607002 -0.14864459
v 0.00915085 0.04661078 -0.14911310
v 0.00597529 0.04972378 -0.14602380
v 0.00778157 0.04984070 -0.14612629
v 0.02638334 0.04738538 -0.14665337
v 0.01089886 0.05153604 -0.14482322
v 0.01395788 0.05326062 -0.14330053
v 0.00467885 0.05450290 -0.14160214
v 0.00778157 0.05464905 -0.14171927
v 0.01395788 0.05480982 -0.14186568
v 0.01395788 0.05644670 -0.14032835
v 0.01706061 0.05632978 -0.14021123
v 0.02017790 0.05612517 -0.14000624
v 0.02217354 0.05597902 -0.13984519
v 0.02323692 0.05459059 -0.14097257
v 0.02638334 0.05404983 -0.14097257
v 0.02950063 0.05362600 -0.14056261
v 0.03277816 0.05131682 -0.14142645
v 0.03161281 0.04992839 -0.14308091
v 0.03187502 0.05315832 -0.14012337
v 0.03368129 0.04948994 -0.14270024
v 0.03570608 0.04905149 -0.14231956
v 0.04046941 0.04973840 -0.13983055
v 0.04003241 0.04636232 -0.14271488
v 0.03570608 0.04400930 -0.14641912
v 0.03569151 0.04181705 -0.14802966
v 0.04297489 0.04001940 -0.14574561
v 0.04530558 0.03892327 -0.14536494
v 0.04651462 0.03722792 -0.14595059
v 0.04918034 0.03993171 -0.14259775
v 0.05025828 0.03787099 -0.14325661
v 0.05232677 0.03678947 -0.14256847
v 0.05457005 0.03595642 -0.14152894
v 0.05674050 0.03510875 -0.14047477
v 0.05880898 0.03386647 -0.13956701
v 0.05748340 0.03265342 -0.14136788
v 0.05615783 0.03144037 -0.14306627
v 0.05260354 0.03079731 -0.14586275
v 0.05119056 0.02943811 -0.14750257
v -0.04020139 0.02446900 -0.13959629
v -0.04062382 0.02239366 -0.14002089
v -0.04356630 0.02195521 -0.13677053
v -0.03819117 0.02639818 -0.14057725
v -0.02652318 0.02968657 -0.14763434
v -0.03401051 0.03398339 -0.13964022
v -0.03478254 0.03190805 -0.14026979
v -0.03552545 0.02927734 -0.14122147
v -0.03974981 0.02639818 -0.13909849
v -0.04062382 0.02837121 -0.13697551
v -0.03878841 0.02945272 -0.13817608
v -0.03685102 0.03053424 -0.13937668
v -0.03134478 0.03144037 -0.14309555
v -0.02723696 0.03260957 -0.14546743
v -0.01797249 0.03670178 -0.14870315
v -0.02567831 0.03260957 -0.14660945
v -0.03112628 0.03737407 -0.13984519
v -0.02934914 0.03857251 -0.14044548
v -0.02821293 0.04063323 -0.13997696
v -0.02442557 0.04004863 -0.14264167
v -0.02180355 0.03733023 -0.14603845
v -0.01848232 0.04025324 -0.14590668
v -0.01639927 0.04101322 -0.14649233
v -0.01396662 0.03978556 -0.14864459
v -0.01227688 0.04031170 -0.14903990
v -0.01020840 0.04079399 -0.14940594
v -0.00591120 0.04335163 -0.14898133
v -0.00643560 0.04668385 -0.14606772
v -0.00464389 0.04700538 -0.14636056
v 0.05676963 0.02951119 -0.14352015
v 0.05605586 0.02509744 -0.14609701
v 0.05659483 0.02329979 -0.14652160
v 0.05886725 0.02772815 -0.14277344
v 0.06157666 0.02395747 -0.14245133
v 0.06352861 0.02303672 -0.14122147
v 0.05815348 0.02329979 -0.14535031
v 0.06264004 0.02639818 -0.14025514
v 0.06483963 0.02417670 -0.13937668
v 0.06820455 0.02771353 -0.13341768
v 0.06785494 0.02382594 -0.13609703
v 0.07165687 0.02530205 -0.13072369
v 0.07212301 0.02329979 -0.13128005
v 0.07366709 0.02329979 -0.12940597
v 0.07458480 0.02495129 -0.12740012
v 0.07736705 0.01762916 -0.12666806
v 0.07796429 0.01679610 -0.12568709
v 0.07556077 0.02669048 -0.12296383
v 0.07452653 0.02791815 -0.12419369
v 0.07540054 0.02967195 -0.11971346
v 0.07442456 0.03081192 -0.12084084
v 0.07416236 0.02967195 -0.12296383
v 0.07493440 0.02566743 -0.12578958
v 0.07180254 0.03239035 -0.12551139
v 0.07097224 0.03326725 -0.12636059
v 0.06983603 0.03563488 -0.12568709
v 0.06869982 0.03778329 -0.12501360
v 0.07075373 0.03620487 -0.12268564
v 0.06904942 0.03882096 -0.12245138
v 0.06837935 0.04044324 -0.12126544
v 0.06156210 0.04910995 -0.11958169
v 0.06795692 0.03985863 -0.12332985
v 0.06580103 0.04115937 -0.12578958
v 0.06457743 0.04270856 -0.12578958
v 0.06301878 0.04444775 -0.12578958
v 0.06205737 0.04652309 -0.12410584
v 0.06154753 0.04599695 -0.12578958
v 0.05998889 0.04761922 -0.12578958
v 0.05847395 0.04916841 -0.12578958
v 0.05691530 0.05054222 -0.12578958
v 0.05566256 0.05261756 -0.12378373
v 0.05759993 0.05137528 -0.12297846
v 0.05880898 0.05263218 -0.11763440
v 0.05764364 0.05391830 -0.11656559
v 0.05022915 0.05941355 -0.11647774
v 0.05130709 0.05985200 -0.11319811
v 0.04823350 0.06166427 -0.11366662
v 0.04727209 0.06245348 -0.11283207
v 0.04781107 0.06274578 -0.11025520
v 0.07698832 0.02632511 -0.11953777
v 0.03238485 0.06859180 -0.11309562
v 0.02950063 0.06932255 -0.11335915
v 0.02313495 0.07112020 -0.11010879
v 0.02638334 0.06989254 -0.11335915
v 0.01876492 0.07145635 -0.11188039
v 0.01994483 0.07158788 -0.11010879
v 0.01395788 0.07212864 -0.11025520
v 0.01706061 0.07157326 -0.11227570
v 0.01089886 0.07236247 -0.10715126
v 0.00778157 0.07193864 -0.11025520
v 0.00464971 0.07170480 -0.11041627
v 0.00227533 0.07157326 -0.10947922
v 0.00170723 0.07166096 -0.10715126
v -0.00015732 0.07147096 -0.10349095
v -0.00154117 0.07114943 -0.10715126
v -0.00464389 0.07024330 -0.11025520
v -0.00774661 0.06974639 -0.10715126
v -0.01064540 0.06878179 -0.10715126
v -0.01220404 0.06825565 -0.10715126
v 0.04314970 0.06505496 -0.11025520
v 0.04103751 0.06553725 -0.11274423
v 0.03420570 0.06834334 -0.11186575
v -0.01016470 0.06862102 -0.11025520
v -0.01170877 0.06809489 -0.11025520
v -0.01396662 0.06732029 -0.11025520
v -0.01628274 0.06558110 -0.11335915
v -0.01784138 0.06485035 -0.11335915
v -0.02629012 0.05812743 -0.11971346
v -0.02023034 0.06273116 -0.11638990
v -0.02023034 0.06163504 -0.11978667
v -0.02018664 0.06069968 -0.12268564
v -0.02199292 0.05916510 -0.12448651
v -0.02413423 0.05856588 -0.12268564
v -0.02653775 0.05689977 -0.12265636
v -0.02765939 0.05570133 -0.12368124
v -0.03115541 0.05288063 -0.12435474
v -0.03233533 0.05103914 -0.12555532
v -0.03350067 0.04910995 -0.12674126
v -0.03556915 0.04799921 -0.12567246
v -0.03666166 0.04596772 -0.12668270
v -0.03459318 0.04704923 -0.12778079
v -0.03561285 0.04493005 -0.12880568
v -0.03456404 0.04390700 -0.13087010
v -0.03137392 0.04076476 -0.13700479
v -0.03663252 0.04273779 -0.12981594
v -0.04053642 0.04058938 -0.12751725
v -0.03859904 0.04165628 -0.12865927
v -0.04088602 0.03177652 -0.13413510
v -0.04317301 0.03372032 -0.13012340
v -0.03993918 0.03043193 -0.13621416
v -0.04296907 0.03013963 -0.13297845
v -0.04428008 0.02926273 -0.13195356
v -0.04598440 0.02951119 -0.12971344
v -0.04353717 0.02806430 -0.13362266
v -0.04108995 0.02639818 -0.13753187
v -0.00006992 0.05592056 -0.13980126
v 0.00073125 0.05269063 -0.14277344
v 0.00279973 0.05285140 -0.14290521
v 0.01089886 0.05476597 -0.14180712
v 0.00157612 0.05602286 -0.13990376
v 0.00467885 0.05616902 -0.14005016
v 0.01089886 0.05638824 -0.14026979
v 0.01395788 0.05799589 -0.13849820
v 0.01653620 0.05915048 -0.13685838
v 0.01736651 0.05811282 -0.13801504
v 0.02424203 0.05580364 -0.13965486
v 0.01861925 0.05900433 -0.13666804
v 0.02017790 0.05888741 -0.13650698
v 0.02638334 0.05561364 -0.13942059
v 0.02950063 0.05517519 -0.13890815
v 0.03395806 0.05270525 -0.13966949
v 0.03882337 0.05008916 -0.14016730
v 0.04406741 0.04700538 -0.14013802
v 0.04166389 0.04807228 -0.14054798
v 0.03800763 0.05312909 -0.13704871
v 0.03512340 0.05944278 -0.13097259
v 0.03720645 0.05898971 -0.13041622
v 0.04007611 0.05266141 -0.13650698
v 0.04192609 0.05507288 -0.13255384
v 0.04360127 0.05596441 -0.13053335
v 0.04386347 0.05304140 -0.13384228
v 0.04253789 0.04906611 -0.13909849
v 0.04192609 0.04569003 -0.14224636
v 0.04566975 0.04284010 -0.14242206
v 0.04192609 0.04415545 -0.14334445
v 0.04709729 0.04076476 -0.14315411
v 0.04836461 0.04210935 -0.14148501
v 0.04963191 0.04343932 -0.13974270
v 0.05069529 0.04136398 -0.14053333
v 0.05151103 0.03909865 -0.14155822
v 0.05373975 0.03828021 -0.14050404
v 0.05580823 0.03718408 -0.13969878
v 0.06214477 0.02802045 -0.13980126
v 0.05944992 0.03179113 -0.14019658
v 0.05786214 0.03617564 -0.13860069
v 0.05898378 0.03725716 -0.13665340
v 0.06207193 0.03722792 -0.13352017
v 0.06513096 0.03714023 -0.13035765
v 0.06282941 0.03515259 -0.13432544
v 0.06587386 0.03507951 -0.13116293
v 0.06185344 0.03376416 -0.13640450
v 0.06065896 0.03278495 -0.13832250
v 0.05831371 0.02951119 -0.14233420
v -0.03787070 0.03184959 -0.13729761
v -0.03485538 0.03572258 -0.13740009
v -0.03029598 0.03944941 -0.13908384
v -0.02484800 0.04348316 -0.13978663
v -0.02608618 0.04177320 -0.14038692
v -0.03035424 0.04282549 -0.13606775
v -0.02828576 0.04374623 -0.13694622
v -0.02691649 0.04270856 -0.13902528
v -0.02235709 0.04083784 -0.14324196
v -0.02012837 0.04498851 -0.14130932
v -0.01693825 0.04811613 -0.14069439
v -0.01485520 0.04308855 -0.14568705
v -0.01537960 0.04650848 -0.14280273
v -0.01278672 0.04368777 -0.14615558
v -0.01086390 0.04414084 -0.14652160
v -0.01086390 0.04569003 -0.14527710
v -0.00850408 0.04623079 -0.14570170
v -0.01086390 0.04758999 -0.14372512
v -0.01086390 0.04915379 -0.14242206
v -0.01086390 0.05089299 -0.14087009
v -0.00799425 0.05133143 -0.14141180
v -0.00464389 0.04855458 -0.14496963
v 0.06437349 0.02669048 -0.13829322
v 0.06856872 0.03148422 -0.13072369
v 0.07149664 0.03120653 -0.12742940
v 0.07062264 0.02951119 -0.12947918
v 0.07286592 0.02616434 -0.12876176
v 0.06888919 0.03499182 -0.12797113
v 0.06817541 0.03706716 -0.12707801
v 0.06746165 0.03882096 -0.12595064
v 0.06533490 0.04053092 -0.12745868
v 0.06240697 0.04379008 -0.12761975
v 0.05933338 0.04693231 -0.12764902
v 0.05621610 0.04995762 -0.12761975
v 0.05451178 0.05222296 -0.12608241
v 0.05359408 0.05337754 -0.12523321
v 0.05011262 0.05622747 -0.12479398
v 0.05072442 0.05666592 -0.12268564
v 0.05228307 0.05552595 -0.12268564
v 0.05675506 0.05342139 -0.11958169
v 0.04977758 0.05907741 -0.11820542
v 0.04655832 0.05900433 -0.12420833
v 0.04657289 0.06211733 -0.11491112
v 0.04534928 0.06314039 -0.11366662
v 0.03120494 0.06837257 -0.11507219
v 0.03542931 0.06756875 -0.11309562
v 0.03560411 0.06561033 -0.11942064
v 0.03449703 0.06534726 -0.12152898
v 0.02950063 0.06859180 -0.11578961
v 0.02788372 0.06831411 -0.11798580
v 0.02328062 0.06767105 -0.12268564
v 0.01395788 0.07164634 -0.11252460
v 0.00778157 0.07154403 -0.11215857
v 0.01706061 0.06819719 -0.12376909
v 0.00566939 0.07150019 -0.11198288
v 0.00360091 0.07138327 -0.11155828
v 0.00137219 0.07125173 -0.11041627
v -0.00154117 0.07081328 -0.11025520
v 0.00001748 0.07144173 -0.10557001
v -0.00154117 0.07008253 -0.11335915
v -0.00464389 0.06948332 -0.11335915
v -0.00765921 0.06870872 -0.11324202
v -0.00774661 0.06941024 -0.11025520
v 0.04380520 0.06227810 -0.11848360
v 0.04029461 0.06518649 -0.11482328
v 0.03745409 0.06530341 -0.11827861
v 0.03908557 0.06606339 -0.11360806
v -0.00958203 0.06841641 -0.11212929
v -0.01396662 0.06653108 -0.11335915
v -0.01567094 0.06530341 -0.11514539
v -0.01634101 0.06249733 -0.12268564
v -0.01570007 0.06219041 -0.12436938
v -0.01396662 0.06259963 -0.12498432
v -0.02018664 0.05958893 -0.12513072
v -0.02018664 0.05850742 -0.12668270
v -0.02238622 0.05634440 -0.12786865
v -0.02323109 0.05744052 -0.12577494
v -0.02559091 0.05646131 -0.12498432
v -0.03003377 0.05206219 -0.12643380
v -0.03143218 0.04998685 -0.12766366
v -0.03147588 0.04696154 -0.13087010
v -0.03147588 0.04389238 -0.13398869
v -0.03344240 0.03943480 -0.13592133
v -0.03443294 0.04070630 -0.13384228
v -0.00920329 0.05276371 -0.13972805
v -0.00213840 0.05555518 -0.13939131
v -0.00127896 0.05675362 -0.13830785
v -0.00154117 0.05849281 -0.13600918
v 0.00157612 0.05881433 -0.13640450
v 0.00157612 0.05738206 -0.13822002
v 0.00467885 0.05765975 -0.13822002
v 0.01089886 0.05793744 -0.13841035
v 0.01395788 0.05920894 -0.13693158
v 0.01395788 0.06058275 -0.13511607
v 0.01706061 0.06571263 -0.12800042
v 0.01706061 0.06183965 -0.13319806
v 0.02017790 0.06435344 -0.12930349
v 0.02478100 0.06521572 -0.12732691
v 0.02328062 0.05983739 -0.13463290
v 0.02638334 0.05682669 -0.13786862
v 0.02950063 0.05799589 -0.13537961
v 0.02950063 0.05643208 -0.13734153
v 0.03104471 0.05900433 -0.13354945
v 0.03148171 0.05609594 -0.13688765
v 0.04613589 0.04624540 -0.13942059
v 0.04756343 0.04418468 -0.14035763
v 0.03471554 0.06235117 -0.12763438
v 0.04115405 0.05936971 -0.12776616
v 0.04208633 0.05805435 -0.12884961
v 0.04322253 0.05888741 -0.12716587
v 0.04479574 0.05673900 -0.12884961
v 0.04715556 0.05630055 -0.12779544
v 0.04593195 0.05232526 -0.13305165
v 0.04396543 0.05003070 -0.13701942
v 0.04504338 0.04814536 -0.13822002
v 0.04603392 0.04929995 -0.13624344
v 0.05407478 0.05048377 -0.12876176
v 0.05615783 0.04684462 -0.13069440
v 0.05288030 0.04357085 -0.13675588
v 0.05154016 0.04221165 -0.13917169
v 0.05276377 0.04035554 -0.13975735
v 0.06129990 0.04263549 -0.12969880
v 0.06227587 0.04056015 -0.13062119
v 0.06294594 0.03882096 -0.13133862
v 0.06450459 0.03882096 -0.12969880
v 0.06702464 0.03607334 -0.12917172
v 0.06794234 0.03355955 -0.13005019
v 0.06553883 0.03158652 -0.13390084
v -0.02136654 0.04631848 -0.13952308
v -0.01580204 0.04986994 -0.13994768
v -0.03013574 0.04903688 -0.12974273
v -0.02637752 0.04599695 -0.13602383
v -0.02480430 0.04656693 -0.13663875
v -0.01331112 0.04704923 -0.14324196
v -0.01396662 0.05027916 -0.14032835
v 0.06976319 0.03237573 -0.12873248
v 0.06338294 0.04158321 -0.12858607
v 0.05722120 0.04791152 -0.12867390
v 0.05274921 0.05276371 -0.12729764
v 0.04922404 0.05558441 -0.12685840
v 0.04816067 0.05694361 -0.12581887
v 0.04814610 0.05837588 -0.12297846
v 0.04533471 0.05855127 -0.12599456
v 0.04448984 0.05948663 -0.12510145
v 0.03813873 0.06252655 -0.12495503
v 0.04022178 0.06204426 -0.12401799
v 0.04097925 0.06240964 -0.12195357
v 0.04198435 0.06277501 -0.11953777
v 0.03343366 0.06502573 -0.12359340
v 0.02950063 0.06810950 -0.11734157
v 0.03570608 0.06645800 -0.11647774
v 0.03560411 0.06457266 -0.12261243
v 0.02950063 0.06638493 -0.12268564
v 0.02638334 0.06713029 -0.12268564
v 0.02638334 0.06594648 -0.12549676
v 0.01395788 0.06957100 -0.11958169
v 0.01395788 0.06825565 -0.12403263
v 0.01089886 0.06819719 -0.12379838
v 0.00467885 0.06851872 -0.12177788
v 0.02355739 0.06610724 -0.12609705
v 0.02017790 0.06673569 -0.12578958
v 0.01706061 0.06713029 -0.12578958
v 0.00467885 0.06917640 -0.11958169
v 0.00240643 0.06843103 -0.12149969
v 0.00157612 0.07060867 -0.11335915
v 0.00033795 0.06827027 -0.12095797
v -0.00154117 0.06806565 -0.12028447
v -0.00320178 0.06835796 -0.11810292
v -0.00439625 0.06862102 -0.11636062
v -0.00655214 0.06843103 -0.11524788
v -0.00997533 0.06543495 -0.12182180
v -0.01086390 0.06673569 -0.11647774
v 0.03904187 0.06299424 -0.12286133
v -0.01071823 0.06771490 -0.11324202
v -0.01284498 0.06540572 -0.11864465
v -0.01390836 0.06461651 -0.11964025
v -0.01396662 0.06359345 -0.12268564
v -0.01095130 0.06479189 -0.12277349
v -0.00885368 0.06509880 -0.12388622
v -0.01095130 0.06315500 -0.12599456
v -0.01204381 0.06197118 -0.12715122
v -0.01396662 0.06153273 -0.12653629
v -0.01846776 0.05893126 -0.12723907
v -0.01890476 0.05605209 -0.13063584
v -0.02004097 0.05682669 -0.12889353
v -0.01912326 0.05312909 -0.13394477
v -0.02021577 0.05127298 -0.13514534
v -0.02347873 0.05448828 -0.12905458
v -0.02445470 0.05562826 -0.12703410
v -0.02795073 0.05280756 -0.12735620
v -0.01086390 0.05244218 -0.13937668
v -0.01086390 0.05375753 -0.13782470
v -0.00464389 0.05643208 -0.13731226
v -0.00492066 0.05817127 -0.13505750
v -0.00406122 0.05932586 -0.13397404
v -0.00528483 0.06188350 -0.13013804
v -0.00154117 0.05966201 -0.13445721
v 0.00000291 0.06523034 -0.12734156
v 0.00157612 0.06422190 -0.12908387
v 0.00467885 0.06553725 -0.12775152
v 0.00467885 0.05894587 -0.13658019
v 0.00843708 0.05907741 -0.13675588
v 0.01089886 0.05915048 -0.13684373
v 0.01089886 0.06569802 -0.12798577
v 0.01395788 0.06577110 -0.12808826
v 0.02017790 0.06552264 -0.12773687
v 0.01395788 0.06726183 -0.12578958
v 0.02638334 0.06502573 -0.12704873
v 0.02920929 0.06290655 -0.12899602
v 0.02797112 0.06211733 -0.13046015
v 0.02950063 0.05920894 -0.13382764
v 0.03260335 0.06268732 -0.12808826
v 0.03247225 0.06430959 -0.12558460
v 0.03573521 0.06300885 -0.12592136
v 0.03678402 0.06189811 -0.12701945
v 0.05068072 0.05350908 -0.12810290
v 0.04725753 0.05328985 -0.13098723
v -0.01923980 0.05013300 -0.13713656
v -0.01787052 0.04912457 -0.13921561
v -0.01766658 0.05220834 -0.13602383
v -0.01559810 0.05283679 -0.13672661
v -0.01396662 0.05184296 -0.13867390
v -0.02457124 0.05260295 -0.13025517
v -0.02468777 0.04959225 -0.13344696
v 0.03135061 0.06530341 -0.12439866
v 0.02950063 0.06555187 -0.12485254
v 0.02950063 0.06464574 -0.12640452
v 0.01089886 0.06711568 -0.12578958
v 0.00778157 0.06695491 -0.12578958
v 0.00467885 0.06679415 -0.12578958
v 0.00467885 0.06805104 -0.12331521
v 0.00145959 0.06878179 -0.11978667
v 0.00157612 0.06973177 -0.11647774
v 0.00145959 0.06793412 -0.12258315
v -0.00154117 0.06729106 -0.12268564
v -0.00779031 0.06572725 -0.12277349
v -0.01204381 0.06508419 -0.12070907
v -0.01095130 0.06577110 -0.11964025
v -0.00677064 0.06536187 -0.12448651
v -0.00779031 0.06436805 -0.12564317
v -0.00997533 0.06236579 -0.12764902
v -0.01258278 0.05909202 -0.13054799
v -0.01639927 0.05941355 -0.12785400
v -0.01465126 0.05860972 -0.12993306
v -0.01396662 0.05317293 -0.13710728
v -0.01086390 0.05530673 -0.13595062
v -0.00873715 0.05570133 -0.13641914
v -0.01086390 0.05939894 -0.13092867
v -0.00774661 0.06270194 -0.12811754
v -0.00441082 0.06292116 -0.12902530
v -0.00154117 0.06235117 -0.13078226
v -0.00208014 0.06496727 -0.12697553
v -0.00123526 0.06585878 -0.12589207
v 0.00157612 0.06645800 -0.12578958
v 0.00157612 0.06536187 -0.12751725
v 0.03003960 0.06185427 -0.13010875
v -0.00464389 0.06562494 -0.12492574
v -0.00464389 0.06464574 -0.12649236
f 1 2 11
f 1 11 3
f 1 3 4
f 1 4 5
f 1 5 6
f 1 6 7
f 1 7 8
f 1 8 2
f 2 9 10
f 2 10 11
f 2 8 12
f 2 12 9
f 3 11 13
f 3 13 4
f 4 13 14
f 4 14 15
f 4 15 16
f 4 16 17
f 4 17 5
f 5 17 18
f 5 18 6
f 6 18 19
f 6 19 7
f 7 19 20
f 7 20 21
f 7 21 8
f 8 21 12
f 9 22 23
f 9 23 10
f 9 12 24
f 9 24 22
f 10 23 25
f 10 25 26
f 10 26 27
f 10 27 11
f 11 27 13
f 12 21 28
f 12 28 24
f 13 27 29
f 13 29 30
f 13 30 31
f 13 31 14
f 14 31 15
f 15 31 32
f 15 32 33
f 15 33 16
f 16 33 34
f 16 34 35
f 16 35 17
f 17 35 36
f 17 36 37
f 17 37 38
f 17 38 39
f 17 39 18
f 18 39 40
f 18 40 19
f 19 40 41
f 19 41 42
f 19 42 20
f 20 43 21
f 20 42 44
f 20 44 45
f 20 45 43
f 21 43 28
f 22 46 47
f 22 47 23
f 22 24 48
f 22 48 46
f 23 47 49
f 23 49 25
f 24 28 50
f 24 50 92
f 24 92 48
f 25 51 52
f 25 52 26
f 25 49 53
f 25 53 51
f 26 52 54
f 26 54 29
f 26 29 27
f 28 43 45
f 28 45 55
f 28 55 50
f 29 54 56
f 29 56 57
f 29 57 58
f 29 58 59
f 29 59 60
f 29 60 30
f 30 60 61
f 30 61 31
f 31 61 62
f 31 62 32
f 32 62 33
f 33 62 63
f 33 63 64
f 33 64 65
f 33 65 34
f 34 66 35
f 34 65 67
f 34 67 68
f 34 68 66
f 35 66 36
f 36 66 69
f 36 69 37
f 37 69 70
f 37 70 71
f 37 71 72
f 37 72 73
f 37 73 74
f 37 74 75
f 37 75 76
f 37 76 38
f 38 76 77
f 38 77 39
f 39 77 78
f 39 78 40
f 40 78 79
f 40 79 41
f 41 79 80
f 41 80 81
f 41 81 82
f 41 82 83
f 41 83 42
f 42 83 44
f 44 83 84
f 44 84 136
f 44 136 85
f 44 85 86
f 44 86 45
f 45 86 87
f 45 87 55
f 46 88 89
f 46 89 47
f 46 48 90
f 46 90 88
f 47 91 49
f 47 89 91
f 48 92 93
f 48 93 90
f 49 94 95
f 49 95 96
f 49 96 97
f 49 97 53
f 49 91 98
f 49 98 99
f 49 99 100
f 49 100 94
f 50 55 87
f 50 87 101
f 50 101 92
f 51 53 52
f 52 53 54
f 53 102 103
f 53 103 104
f 53 104 56
f 53 56 54
f 53 97 102
f 56 104 105
f 56 105 57
f 57 105 58
f 58 105 59
f 59 105 106
f 59 106 60
f 60 106 107
f 60 107 108
f 60 108 61
f 61 108 109
f 61 109 110
f 61 110 111
f 61 111 62
f 62 111 63
f 63 111 112
f 63 112 64
f 64 112 113
f 64 113 114
f 64 114 65
f 65 114 115
f 65 115 67
f 66 68 116
f 66 116 69
f 67 115 68
f 68 115 117
f 68 117 116
f 69 116 70
f 70 118 71
f 70 116 117
f 70 117 119
f 70 119 120
f 70 120 118
f 71 118 72
f 72 118 121
f 72 121 122
f 72 122 123
f 72 123 124
f 72 124 125
f 72 125 126
f 72 126 127
f 72 127 128
f 72 128 73
f 73 128 129
f 73 129 74
f 74 129 75
f 75 129 76
f 76 129 77
f 77 129 130
f 77 130 131
f 77 131 78
f 78 131 79
f 79 131 132
f 79 132 80
f 80 132 81
f 81 133 82
f 81 132 133
f 82 134 83
f 82 133 135
f 82 135 134
f 83 134 84
f 84 134 136
f 85 136 137
f 85 137 86
f 86 137 138
f 86 138 139
f 86 139 87
f 87 139 101
f 88 90 140
f 88 140 141
f 88 141 142
f 88 142 143
f 88 143 89
f 89 143 100
f 89 100 99
f 89 99 98
f 89 98 91
f 90 93 140
f 92 101 144
f 92 144 145
f 92 145 146
f 92 146 93
f 93 147 140
f 93 146 148
f 93 148 147
f 94 149 150
f 94 150 151
f 94 151 95
f 94 100 152
f 94 152 153
f 94 153 154
f 94 154 149
f 95 151 97
f 95 97 96
f 97 151 155
f 97 155 102
f 100 143 156
f 100 156 152
f 101 139 157
f 101 157 158
f 101 158 159
f 101 159 145
f 101 145 144
f 102 160 161
f 102 161 103
f 102 155 160
f 103 161 162
f 103 162 163
f 103 163 105
f 103 105 104
f 105 163 106
f 106 163 164
f 106 164 107
f 107 164 108
f 108 164 165
f 108 165 109
f 109 165 166
f 109 166 110
f 110 166 167
f 110 167 168
f 110 168 111
f 111 168 169
f 111 169 112
f 112 169 170
f 112 170 113
f 113 170 114
f 114 170 117
f 114 117 115
f 117 170 171
f 117 171 119
f 118 120 122
f 118 122 121
f 119 171 172
f 119 172 173
f 119 173 120
f 120 173 174
f 120 174 175
f 120 175 122
f 122 175 123
f 123 176 177
f 123 177 178
f 123 178 179
f 123 179 124
f 123 175 176
f 124 179 180
f 124 180 125
f 125 180 126
f 126 180 127
f 127 180 129
f 127 129 128
f 129 180 181
f 129 181 182
f 129 182 183
f 129 183 184
f 129 184 185
f 129 185 130
f 130 185 184
f 130 184 131
f 131 184 186
f 131 186 132
f 132 186 133
f 133 186 187
f 133 187 188
f 133 188 189
f 133 189 190
f 133 190 191
f 133 191 135
f 134 135 192
f 134 192 136
f 135 191 193
f 135 193 194
f 135 194 192
f 136 192 195
f 136 195 137
f 137 195 196
f 137 196 197
f 137 197 198
f 137 198 199
f 137 199 138
f 138 199 200
f 138 200 201
f 138 201 202
f 138 202 139
f 139 203 157
f 139 202 203
f 140 147 141
f 141 147 204
f 141 204 205
f 141 205 142
f 142 205 206
f 142 206 143
f 143 207 156
f 143 206 207
f 145 159 148
f 145 148 146
f 147 208 204
f 147 148 208
f 148 209 210
f 148 210 204
f 148 204 208
f 148 159 209
f 149 154 211
f 149 211 212
f 149 212 213
f 149 213 214
f 149 214 215
f 149 215 216
f 149 216 217
f 149 217 150
f 150 217 151
f 151 217 155
f 152 156 153
f 153 156 154
f 154 156 218
f 154 218 219
f 154 219 211
f 155 217 220
f 155 220 160
f 156 207 285
f 156 285 221
f 156 221 219
f 156 219 218
f 157 203 222
f 157 222 158
f 158 222 159
f 159 222 223
f 159 223 209
f 160 220 224
f 160 224 225
f 160 225 162
f 160 162 161
f 162 225 163
f 163 226 227
f 163 227 164
f 163 225 226
f 164 227 228
f 164 228 165
f 165 229 166
f 165 228 229
f 166 229 230
f 166 230 167
f 167 231 232
f 167 232 233
f 167 233 168
f 167 230 231
f 168 233 234
f 168 234 169
f 169 234 170
f 170 234 235
f 170 235 171
f 171 235 236
f 171 236 172
f 172 236 173
f 173 236 237
f 173 237 174
f 174 238 239
f 174 239 175
f 174 237 238
f 175 240 241
f 175 241 176
f 175 239 240
f 176 240 242
f 176 242 243
f 176 243 244
f 176 244 245
f 176 245 177
f 176 241 240
f 177 245 246
f 177 246 180
f 177 180 178
f 178 180 179
f 180 246 315
f 180 315 247
f 180 247 181
f 181 247 183
f 181 183 182
f 183 248 249
f 183 249 250
f 183 250 184
f 183 247 248
f 184 250 251
f 184 251 186
f 186 251 252
f 186 252 187
f 187 252 188
f 188 252 189
f 189 253 190
f 189 252 253
f 190 254 255
f 190 255 191
f 190 253 254
f 191 255 256
f 191 256 193
f 192 194 196
f 192 196 195
f 193 256 257
f 193 257 258
f 193 258 259
f 193 259 260
f 193 260 261
f 193 261 262
f 193 262 263
f 193 263 264
f 193 264 194
f 194 264 265
f 194 265 197
f 194 197 196
f 197 265 266
f 197 266 267
f 197 267 198
f 198 267 199
f 199 267 268
f 199 268 200
f 200 268 334
f 200 334 269
f 200 269 201
f 201 270 202
f 201 269 271
f 201 271 272
f 201 272 270
f 202 270 273
f 202 273 203
f 203 274 222
f 203 273 275
f 203 275 276
f 203 276 277
f 203 277 274
f 204 210 278
f 204 278 279
f 204 279 280
f 204 280 205
f 205 280 206
f 206 280 281
f 206 281 282
f 206 282 207
f 207 282 283
f 207 283 284
f 207 284 285
f 209 278 210
f 209 223 286
f 209 286 278
f 211 219 212
f 212 287 288
f 212 288 213
f 212 219 221
f 212 221 289
f 212 289 287
f 213 288 215
f 213 215 214
f 215 288 290
f 215 290 220
f 215 220 216
f 216 220 217
f 220 291 224
f 220 290 291
f 221 285 352
f 221 352 289
f 222 274 292
f 222 292 293
f 222 293 223
f 223 293 286
f 224 291 294
f 224 294 225
f 225 294 295
f 225 295 226
f 226 295 296
f 226 296 227
f 227 296 297
f 227 297 228
f 228 297 229
f 229 297 230
f 230 298 375
f 230 375 455
f 230 455 551
f 230 551 659
f 230 659 761
f 230 761 895
f 230 895 1044
f 230 1044 1212
f 230 1212 1374
f 230 1374 1538
f 230 1538 1711
f 230 1711 1880
f 230 1880 2057
f 230 2057 2056
f 230 2056 2235
f 230 2235 2234
f 230 2234 2265
f 230 2265 2086
f 230 2086 2085
f 230 2085 1913
f 230 1913 1736
f 230 1736 1563
f 230 1563 1558
f 230 1558 1557
f 230 1557 1386
f 230 1386 1222
f 230 1222 1051
f 230 1051 899
f 230 899 764
f 230 764 660
f 230 660 559
f 230 559 553
f 230 553 458
f 230 458 376
f 230 376 299
f 230 299 300
f 230 300 301
f 230 301 232
f 230 232 231
f 230 297 298
f 232 301 233
f 233 301 234
f 234 302 235
f 234 301 302
f 235 302 303
f 235 303 304
f 235 304 236
f 236 305 237
f 236 304 306
f 236 306 305
f 237 305 238
f 238 305 307
f 238 307 239
f 239 307 308
f 239 308 309
f 239 309 242
f 239 242 240
f 242 309 310
f 242 310 311
f 242 311 312
f 242 312 243
f 243 312 313
f 243 313 244
f 244 313 245
f 245 313 314
f 245 314 246
f 246 314 315
f 247 315 316
f 247 316 317
f 247 317 318
f 247 318 319
f 247 319 248
f 248 319 249
f 249 319 320
f 249 320 321
f 249 321 250
f 250 252 251
f 250 321 322
f 250 322 253
f 250 253 252
f 253 322 254
f 254 323 324
f 254 324 256
f 254 256 255
f 254 322 323
f 256 324 257
f 257 324 325
f 257 325 258
f 258 325 259
f 259 325 326
f 259 326 260
f 260 326 327
f 260 327 262
f 260 262 261
f 262 327 328
f 262 328 329
f 262 329 263
f 263 329 330
f 263 330 265
f 263 265 264
f 265 330 267
f 265 267 266
f 267 331 268
f 267 330 332
f 267 332 333
f 267 333 331
f 268 331 334
f 269 334 335
f 269 335 271
f 270 272 273
f 271 336 272
f 271 335 337
f 271 337 338
f 271 338 339
f 271 339 340
f 271 340 341
f 271 341 336
f 272 336 276
f 272 276 273
f 273 276 275
f 274 277 292
f 276 336 342
f 276 342 277
f 277 342 343
f 277 343 292
f 278 344 280
f 278 280 279
f 278 286 345
f 278 345 344
f 280 344 346
f 280 346 347
f 280 347 281
f 281 347 283
f 281 283 282
f 283 347 348
f 283 348 349
f 283 349 350
f 283 350 285
f 283 285 284
f 285 351 352
f 285 350 353
f 285 353 354
f 285 354 351
f 286 293 355
f 286 355 356
f 286 356 345
f 287 289 357
f 287 357 288
f 288 358 359
f 288 359 360
f 288 360 290
f 288 357 361
f 288 361 362
f 288 362 363
f 288 363 364
f 288 364 358
f 289 352 365
f 289 365 361
f 289 361 357
f 290 360 359
f 290 359 366
f 290 366 367
f 290 367 291
f 291 367 294
f 292 343 368
f 292 368 369
f 292 369 370
f 292 370 293
f 293 370 369
f 293 369 371
f 293 371 355
f 294 372 295
f 294 367 372
f 295 373 374
f 295 374 296
f 295 372 373
f 296 374 375
f 296 375 298
f 296 298 297
f 299 376 377
f 299 377 378
f 299 378 379
f 299 379 380
f 299 380 300
f 300 380 379
f 300 379 301
f 301 379 381
f 301 381 302
f 302 381 382
f 302 382 303
f 303 383 304
f 303 382 383
f 304 383 306
f 305 306 307
f 306 383 307
f 307 384 385
f 307 385 308
f 307 383 384
f 308 385 309
f 309 386 311
f 309 311 310
f 309 385 387
f 309 387 388
f 309 388 386
f 311 389 390
f 311 390 391
f 311 391 312
f 311 386 389
f 312 391 392
f 312 392 313
f 313 392 393
f 313 393 314
f 314 393 394
f 314 394 315
f 315 394 395
f 315 395 396
f 315 396 397
f 315 397 398
f 315 398 316
f 316 398 399
f 316 399 317
f 317 399 400
f 317 400 318
f 318 400 401
f 318 401 319
f 319 401 320
f 320 401 402
f 320 402 403
f 320 403 322
f 320 322 321
f 322 403 404
f 322 404 323
f 323 405 406
f 323 406 407
f 323 407 324
f 323 404 405
f 324 407 408
f 324 408 325
f 325 408 409
f 325 409 326
f 326 328 327
f 326 409 410
f 326 410 411
f 326 411 328
f 328 330 329
f 328 411 412
f 328 412 330
f 330 412 332
f 331 413 334
f 331 333 414
f 331 414 413
f 332 412 415
f 332 415 416
f 332 416 333
f 333 416 417
f 333 417 414
f 334 413 335
f 335 413 337
f 336 418 342
f 336 341 418
f 337 413 338
f 338 414 419
f 338 419 420
f 338 420 339
f 338 413 414
f 339 420 421
f 339 421 422
f 339 422 340
f 340 422 341
f 341 423 342
f 341 342 418
f 341 422 424
f 341 424 423
f 342 423 343
f 343 425 426
f 343 426 369
f 343 369 368
f 343 423 427
f 343 427 425
f 344 345 428
f 344 428 429
f 344 429 430
f 344 430 347
f 344 347 346
f 345 356 428
f 347 430 348
f 348 431 349
f 348 430 432
f 348 432 433
f 348 433 431
f 349 431 353
f 349 353 350
f 351 354 352
f 352 354 434
f 352 434 435
f 352 435 365
f 353 431 354
f 354 431 436
f 354 436 437
f 354 437 434
f 355 371 425
f 355 425 438
f 355 438 439
f 355 439 440
f 355 440 356
f 356 440 441
f 356 441 442
f 356 442 429
f 356 429 428
f 358 364 443
f 358 443 444
f 358 444 445
f 358 445 359
f 359 445 446
f 359 446 366
f 361 365 447
f 361 447 362
f 362 447 363
f 363 447 364
f 364 447 443
f 365 435 448
f 365 448 449
f 365 449 447
f 366 446 367
f 367 446 450
f 367 450 372
f 369 451 371
f 369 426 451
f 371 451 425
f 372 450 452
f 372 452 373
f 373 453 374
f 373 452 453
f 374 453 454
f 374 454 375
f 375 454 456
f 375 456 457
f 375 457 455
f 376 458 377
f 377 459 460
f 377 460 383
f 377 383 382
f 377 382 379
f 377 379 378
f 377 458 461
f 377 461 459
f 379 382 381
f 383 460 384
f 384 462 387
f 384 387 385
f 384 460 462
f 386 463 464
f 386 464 389
f 386 388 465
f 386 465 463
f 387 462 388
f 388 462 466
f 388 466 465
f 389 464 463
f 389 463 467
f 389 467 468
f 389 468 469
f 389 469 470
f 389 470 390
f 390 470 471
f 390 471 472
f 390 472 473
f 390 473 392
f 390 392 391
f 392 473 474
f 392 474 475
f 392 475 393
f 393 475 476
f 393 476 477
f 393 477 478
f 393 478 395
f 393 395 394
f 395 478 585
f 395 585 479
f 395 479 480
f 395 480 396
f 396 480 481
f 396 481 397
f 397 481 482
f 397 482 398
f 398 482 399
f 399 482 483
f 399 483 400
f 400 483 484
f 400 484 401
f 401 484 485
f 401 485 402
f 402 486 403
f 402 485 486
f 403 486 404
f 404 485 487
f 404 487 405
f 404 486 485
f 405 487 406
f 406 488 489
f 406 489 490
f 406 490 491
f 406 491 492
f 406 492 408
f 406 408 407
f 406 487 493
f 406 493 488
f 408 492 494
f 408 494 409
f 409 494 410
f 410 495 496
f 410 496 497
f 410 497 411
f 410 494 495
f 411 497 498
f 411 498 499
f 411 499 412
f 412 499 498
f 412 498 415
f 414 417 500
f 414 500 419
f 415 498 501
f 415 501 502
f 415 502 503
f 415 503 416
f 416 503 504
f 416 504 505
f 416 505 417
f 417 505 506
f 417 506 507
f 417 507 508
f 417 508 500
f 419 500 508
f 419 508 509
f 419 509 510
f 419 510 511
f 419 511 420
f 420 511 421
f 421 511 512
f 421 512 513
f 421 513 514
f 421 514 422
f 422 514 424
f 423 424 515
f 423 515 427
f 424 516 515
f 424 514 517
f 424 517 518
f 424 518 519
f 424 519 516
f 425 520 521
f 425 521 439
f 425 439 438
f 425 451 426
f 425 427 520
f 427 515 522
f 427 522 523
f 427 523 520
f 429 442 524
f 429 524 430
f 430 433 432
f 430 524 433
f 431 433 436
f 433 524 633
f 433 633 525
f 433 525 526
f 433 526 436
f 434 437 435
f 435 437 527
f 435 527 528
f 435 528 529
f 435 529 448
f 436 526 437
f 437 530 527
f 437 526 531
f 437 531 530
f 439 521 520
f 439 520 532
f 439 532 440
f 440 532 441
f 441 532 520
f 441 520 442
f 442 520 533
f 442 533 534
f 442 534 535
f 442 535 536
f 442 536 537
f 442 537 524
f 443 538 444
f 443 447 539
f 443 539 538
f 444 538 540
f 444 540 541
f 444 541 445
f 445 541 542
f 445 542 543
f 445 543 446
f 446 543 452
f 446 452 450
f 447 449 544
f 447 544 539
f 448 529 449
f 449 529 545
f 449 545 639
f 449 639 544
f 452 546 453
f 452 543 546
f 453 547 548
f 453 548 549
f 453 549 550
f 453 550 457
f 453 457 456
f 453 456 454
f 453 546 547
f 455 457 550
f 455 550 549
f 455 549 548
f 455 548 552
f 455 552 551
f 458 553 461
f 459 554 460
f 459 461 554
f 460 554 555
f 460 555 556
f 460 556 557
f 460 557 558
f 460 558 462
f 461 553 559
f 461 559 560
f 461 560 561
f 461 561 562
f 461 562 563
f 461 563 557
f 461 557 556
f 461 556 555
f 461 555 554
f 462 564 466
f 462 558 564
f 463 565 566
f 463 566 567
f 463 567 467
f 463 465 568
f 463 568 569
f 463 569 565
f 465 466 570
f 465 570 568
f 466 564 563
f 466 563 570
f 467 567 571
f 467 571 572
f 467 572 468
f 468 572 573
f 468 573 574
f 468 574 575
f 468 575 576
f 468 576 469
f 469 576 577
f 469 577 578
f 469 578 470
f 470 578 471
f 471 578 472
f 472 578 579
f 472 579 580
f 472 580 474
f 472 474 473
f 474 580 689
f 474 689 581
f 474 581 475
f 475 581 582
f 475 582 476
f 476 582 583
f 476 583 477
f 477 583 584
f 477 584 478
f 478 584 585
f 479 585 586
f 479 586 587
f 479 587 480
f 480 587 481
f 481 587 588
f 481 588 589
f 481 589 590
f 481 590 482
f 482 590 483
f 483 590 591
f 483 591 484
f 484 591 485
f 485 591 592
f 485 592 593
f 485 593 493
f 485 493 487
f 488 493 593
f 488 593 594
f 488 594 595
f 488 595 596
f 488 596 490
f 488 490 489
f 490 596 597
f 490 597 491
f 491 597 495
f 491 495 492
f 492 495 494
f 495 598 599
f 495 599 600
f 495 600 601
f 495 601 496
f 495 597 598
f 496 601 602
f 496 602 603
f 496 603 604
f 496 604 497
f 497 604 605
f 497 605 606
f 497 606 498
f 498 606 502
f 498 502 501
f 502 606 607
f 502 607 504
f 502 504 503
f 504 608 506
f 504 506 505
f 504 607 609
f 504 609 610
f 504 610 611
f 504 611 612
f 504 612 608
f 506 608 507
f 507 612 613
f 507 613 509
f 507 509 508
f 507 608 612
f 509 613 614
f 509 614 615
f 509 615 517
f 509 517 514
f 509 514 513
f 509 513 510
f 510 513 512
f 510 512 511
f 515 516 616
f 515 616 617
f 515 617 522
f 516 519 618
f 516 618 619
f 516 619 620
f 516 620 616
f 517 621 518
f 517 615 622
f 517 622 621
f 518 621 519
f 519 621 623
f 519 623 624
f 519 624 618
f 520 523 625
f 520 625 626
f 520 626 627
f 520 627 628
f 520 628 629
f 520 629 533
f 522 617 630
f 522 630 631
f 522 631 632
f 522 632 625
f 522 625 523
f 524 537 633
f 525 634 531
f 525 531 526
f 525 633 635
f 525 635 634
f 527 530 636
f 527 636 637
f 527 637 528
f 528 637 638
f 528 638 639
f 528 639 545
f 528 545 529
f 530 531 640
f 530 640 636
f 531 634 636
f 531 636 640
f 533 629 534
f 534 629 535
f 535 629 536
f 536 629 641
f 536 641 642
f 536 642 643
f 536 643 537
f 537 643 644
f 537 644 645
f 537 645 633
f 538 539 646
f 538 646 647
f 538 647 648
f 538 648 649
f 538 649 540
f 539 544 650
f 539 650 646
f 540 649 651
f 540 651 542
f 540 542 541
f 542 651 652
f 542 652 653
f 542 653 543
f 543 653 546
f 544 639 650
f 546 653 654
f 546 654 655
f 546 655 656
f 546 656 547
f 547 656 548
f 548 656 655
f 548 655 657
f 548 657 658
f 548 658 552
f 551 552 658
f 551 658 659
f 557 563 564
f 557 564 558
f 559 660 661
f 559 661 560
f 560 661 561
f 561 661 662
f 561 662 663
f 561 663 664
f 561 664 562
f 562 664 665
f 562 665 666
f 562 666 667
f 562 667 668
f 562 668 669
f 562 669 670
f 562 670 563
f 563 670 671
f 563 671 672
f 563 672 570
f 565 569 673
f 565 673 674
f 565 674 566
f 566 674 571
f 566 571 567
f 568 570 675
f 568 675 569
f 569 676 677
f 569 677 678
f 569 678 673
f 569 675 679
f 569 679 680
f 569 680 676
f 570 672 675
f 571 681 573
f 571 573 572
f 571 674 681
f 573 681 682
f 573 682 683
f 573 683 574
f 574 683 797
f 574 797 684
f 574 684 685
f 574 685 575
f 575 685 687
f 575 687 686
f 575 686 576
f 576 686 577
f 577 686 687
f 577 687 688
f 577 688 579
f 577 579 578
f 579 688 689
f 579 689 580
f 581 689 690
f 581 690 582
f 582 690 691
f 582 691 583
f 583 691 692
f 583 692 693
f 583 693 694
f 583 694 584
f 584 694 586
f 584 586 585
f 586 694 695
f 586 695 587
f 587 695 696
f 587 696 592
f 587 592 588
f 588 592 589
f 589 592 590
f 590 592 591
f 592 696 594
f 592 594 593
f 594 696 697
f 594 697 698
f 594 698 595
f 595 698 596
f 596 699 597
f 596 698 700
f 596 700 701
f 596 701 699
f 597 699 702
f 597 702 598
f 598 703 599
f 598 702 703
f 599 703 600
f 600 704 601
f 600 703 705
f 600 705 704
f 601 704 602
f 602 704 603
f 603 704 705
f 603 705 604
f 604 606 605
f 604 705 706
f 604 706 707
f 604 707 708
f 604 708 606
f 606 609 607
f 606 708 610
f 606 610 609
f 610 708 709
f 610 709 710
f 610 710 611
f 611 710 711
f 611 711 612
f 612 711 712
f 612 712 613
f 613 712 713
f 613 713 714
f 613 714 614
f 614 714 615
f 615 714 715
f 615 715 716
f 615 716 717
f 615 717 718
f 615 718 719
f 615 719 720
f 615 720 721
f 615 721 722
f 615 722 622
f 616 620 630
f 616 630 617
f 618 723 619
f 618 624 723
f 619 631 620
f 619 723 631
f 620 631 630
f 621 622 623
f 622 722 724
f 622 724 623
f 623 724 624
f 624 724 722
f 624 722 721
f 624 721 725
f 624 725 726
f 624 726 723
f 625 632 626
f 626 632 631
f 626 631 727
f 626 727 728
f 626 728 729
f 626 729 730
f 626 730 731
f 626 731 732
f 626 732 627
f 627 732 628
f 628 732 733
f 628 733 734
f 628 734 629
f 629 735 641
f 629 734 735
f 631 723 726
f 631 726 736
f 631 736 737
f 631 737 727
f 633 645 635
f 634 635 636
f 635 645 644
f 635 644 636
f 636 644 637
f 637 644 638
f 638 644 738
f 638 738 739
f 638 739 639
f 639 740 650
f 639 739 741
f 639 741 740
f 641 735 742
f 641 742 642
f 642 742 643
f 643 738 644
f 643 742 743
f 643 743 738
f 646 650 647
f 647 650 744
f 647 744 745
f 647 745 648
f 648 746 649
f 648 745 746
f 649 747 651
f 649 746 747
f 650 740 748
f 650 748 744
f 651 747 749
f 651 749 750
f 651 750 751
f 651 751 652
f 652 752 753
f 652 753 754
f 652 754 653
f 652 751 752
f 653 754 755
f 653 755 654
f 654 755 655
f 655 755 756
f 655 756 757
f 655 757 657
f 657 758 759
f 657 759 658
f 657 757 760
f 657 760 758
f 658 759 659
f 659 759 762
f 659 762 763
f 659 763 761
f 660 764 765
f 660 765 661
f 661 766 662
f 661 765 901
f 661 901 766
f 662 766 767
f 662 767 768
f 662 768 769
f 662 769 770
f 662 770 771
f 662 771 663
f 663 771 772
f 663 772 773
f 663 773 774
f 663 774 775
f 663 775 664
f 664 775 665
f 665 775 776
f 665 776 777
f 665 777 778
f 665 778 666
f 666 778 779
f 666 779 667
f 667 779 780
f 667 780 668
f 668 780 781
f 668 781 669
f 669 781 670
f 670 781 782
f 670 782 671
f 671 782 672
f 672 782 679
f 672 679 675
f 673 678 783
f 673 783 674
f 674 783 681
f 676 680 784
f 676 784 785
f 676 785 786
f 676 786 677
f 677 786 678
f 678 786 783
f 679 782 787
f 679 787 788
f 679 788 680
f 680 788 789
f 680 789 790
f 680 790 791
f 680 791 792
f 680 792 784
f 681 793 794
f 681 794 682
f 681 783 786
f 681 786 793
f 682 794 683
f 683 794 795
f 683 795 796
f 683 796 797
f 684 797 798
f 684 798 799
f 684 799 800
f 684 800 685
f 685 800 687
f 687 801 688
f 687 800 801
f 688 801 802
f 688 802 803
f 688 803 804
f 688 804 805
f 688 805 689
f 689 805 691
f 689 691 690
f 691 805 806
f 691 806 692
f 692 806 695
f 692 695 693
f 693 695 694
f 695 806 807
f 695 807 808
f 695 808 809
f 695 809 810
f 695 810 696
f 696 810 811
f 696 811 697
f 697 811 812
f 697 812 813
f 697 813 701
f 697 701 700
f 697 700 698
f 699 701 814
f 699 814 702
f 701 813 814
f 702 814 815
f 702 815 816
f 702 816 817
f 702 817 818
f 702 818 703
f 703 818 819
f 703 819 820
f 703 820 821
f 703 821 705
f 705 821 706
f 706 821 822
f 706 822 823
f 706 823 824
f 706 824 707
f 707 824 825
f 707 825 709
f 707 709 708
f 709 825 826
f 709 826 827
f 709 827 828
f 709 828 710
f 710 829 711
f 710 828 830
f 710 830 831
f 710 831 829
f 711 829 712
f 712 829 832
f 712 832 833
f 712 833 834
f 712 834 713
f 713 834 714
f 714 834 715
f 715 834 835
f 715 835 716
f 716 835 836
f 716 836 717
f 717 836 837
f 717 837 838
f 717 838 839
f 717 839 718
f 718 839 840
f 718 840 719
f 719 840 720
f 720 840 721
f 721 841 725
f 721 840 839
f 721 839 838
f 721 838 842
f 721 842 843
f 721 843 841
f 725 841 726
f 726 841 736
f 727 737 844
f 727 844 845
f 727 845 728
f 728 846 847
f 728 847 848
f 728 848 849
f 728 849 850
f 728 850 851
f 728 851 852
f 728 852 853
f 728 853 854
f 728 854 855
f 728 855 856
f 728 856 729
f 728 845 857
f 728 857 846
f 729 856 858
f 729 858 730
f 730 859 733
f 730 733 731
f 730 858 859
f 731 733 732
f 733 859 860
f 733 860 861
f 733 861 734
f 734 861 735
f 735 861 862
f 735 862 863
f 735 863 864
f 735 864 742
f 736 841 737
f 737 841 844
f 738 743 865
f 738 865 866
f 738 866 867
f 738 867 739
f 739 867 866
f 739 866 868
f 739 868 741
f 740 869 748
f 740 741 869
f 741 868 870
f 741 870 869
f 742 864 871
f 742 871 872
f 742 872 865
f 742 865 743
f 744 748 873
f 744 873 745
f 745 873 874
f 745 874 875
f 745 875 746
f 746 876 747
f 746 875 877
f 746 877 876
f 747 876 749
f 748 869 878
f 748 878 879
f 748 879 873
f 749 876 880
f 749 880 881
f 749 881 750
f 750 882 883
f 750 883 884
f 750 884 885
f 750 885 752
f 750 752 751
f 750 881 886
f 750 886 887
f 750 887 888
f 750 888 882
f 752 885 753
f 753 885 889
f 753 889 756
f 753 756 754
f 754 756 755
f 756 889 757
f 757 889 760
f 758 760 890
f 758 890 891
f 758 891 759
f 759 763 762
f 759 891 892
f 759 892 763
f 760 889 893
f 760 893 894
f 760 894 890
f 761 763 896
f 761 896 895
f 763 892 897
f 763 897 898
f 763 898 896
f 764 899 900
f 764 900 765
f 765 900 901
f 766 901 902
f 766 902 767
f 767 902 768
f 768 902 905
f 768 905 769
f 769 903 904
f 769 904 770
f 769 905 903
f 770 904 771
f 771 906 907
f 771 907 772
f 771 904 906
f 772 908 773
f 772 907 909
f 772 909 910
f 772 910 908
f 773 908 911
f 773 911 774
f 774 911 912
f 774 912 913
f 774 913 775
f 775 913 914
f 775 914 915
f 775 915 776
f 776 915 777
f 777 916 917
f 777 917 778
f 777 915 916
f 778 917 779
f 779 917 789
f 779 789 918
f 779 918 780
f 780 918 781
f 781 918 782
f 782 918 788
f 782 788 787
f 784 792 919
f 784 919 785
f 785 919 786
f 786 919 920
f 786 920 793
f 788 918 789
f 789 917 921
f 789 921 922
f 789 922 923
f 789 923 790
f 790 923 924
f 790 924 925
f 790 925 926
f 790 926 791
f 791 926 927
f 791 927 928
f 791 928 919
f 791 919 792
f 793 920 794
f 794 929 795
f 794 920 930
f 794 930 929
f 795 929 931
f 795 931 932
f 795 932 933
f 795 933 934
f 795 934 935
f 795 935 796
f 796 935 798
f 796 798 797
f 798 935 936
f 798 936 937
f 798 937 938
f 798 938 799
f 799 938 939
f 799 939 800
f 800 939 801
f 801 939 802
f 802 939 940
f 802 940 803
f 803 941 804
f 803 940 942
f 803 942 941
f 804 941 805
f 805 941 943
f 805 943 806
f 806 943 944
f 806 944 807
f 807 944 945
f 807 945 808
f 808 945 809
f 809 945 946
f 809 946 811
f 809 811 810
f 811 946 947
f 811 947 812
f 812 947 813
f 813 947 948
f 813 948 814
f 814 948 815
f 815 949 950
f 815 950 951
f 815 951 952
f 815 952 953
f 815 953 817
f 815 817 816
f 815 948 947
f 815 947 949
f 817 953 819
f 817 819 818
f 819 953 954
f 819 954 955
f 819 955 956
f 819 956 820
f 820 956 821
f 821 957 958
f 821 958 822
f 821 956 959
f 821 959 957
f 822 958 823
f 823 960 961
f 823 961 962
f 823 962 963
f 823 963 825
f 823 825 824
f 823 958 964
f 823 964 965
f 823 965 966
f 823 966 967
f 823 967 960
f 825 963 826
f 826 963 827
f 827 963 968
f 827 968 969
f 827 969 828
f 828 969 970
f 828 970 971
f 828 971 972
f 828 972 973
f 828 973 974
f 828 974 830
f 829 831 832
f 830 974 831
f 831 975 976
f 831 976 977
f 831 977 978
f 831 978 832
f 831 974 973
f 831 973 975
f 832 834 833
f 832 978 979
f 832 979 834
f 834 979 835
f 835 979 980
f 835 980 836
f 836 981 982
f 836 982 983
f 836 983 984
f 836 984 985
f 836 985 837
f 836 980 981
f 837 986 838
f 837 985 987
f 837 987 988
f 837 988 986
f 838 986 988
f 838 988 989
f 838 989 842
f 841 843 990
f 841 990 991
f 841 991 847
f 841 847 846
f 841 846 857
f 841 857 844
f 842 990 843
f 842 989 992
f 842 992 990
f 844 857 845
f 847 991 848
f 848 991 993
f 848 993 849
f 849 993 994
f 849 994 850
f 850 994 995
f 850 995 996
f 850 996 851
f 851 996 997
f 851 997 998
f 851 998 999
f 851 999 1000
f 851 1000 852
f 852 1000 1001
f 852 1001 853
f 853 1002 1003
f 853 1003 1004
f 853 1004 855
f 853 855 854
f 853 1001 1005
f 853 1005 1006
f 853 1006 1002
f 855 1004 1007
f 855 1007 1008
f 855 1008 859
f 855 859 858
f 855 858 856
f 859 1008 860
f 860 1008 1007
f 860 1007 1009
f 860 1009 1010
f 860 1010 1011
f 860 1011 1012
f 860 1012 1013
f 860 1013 862
f 860 862 861
f 862 1013 1014
f 862 1014 863
f 863 1014 1015
f 863 1015 872
f 863 872 871
f 863 871 864
f 865 1016 1017
f 865 1017 1018
f 865 1018 866
f 865 872 1015
f 865 1015 1016
f 866 1018 1017
f 866 1017 868
f 868 1017 1019
f 868 1019 870
f 869 870 878
f 870 1019 878
f 873 879 878
f 873 878 1020
f 873 1020 874
f 874 1021 877
f 874 877 875
f 874 1020 1021
f 876 877 880
f 877 1021 1022
f 877 1022 880
f 878 1019 1023
f 878 1023 1024
f 878 1024 1025
f 878 1025 1026
f 878 1026 1021
f 878 1021 1020
f 880 1027 886
f 880 886 881
f 880 1022 1028
f 880 1028 1027
f 882 1029 1030
f 882 1030 1031
f 882 1031 883
f 882 888 1032
f 882 1032 1033
f 882 1033 1034
f 882 1034 1035
f 882 1035 1036
f 882 1036 1037
f 882 1037 1029
f 883 1031 885
f 883 885 884
f 885 1038 889
f 885 1031 1030
f 885 1030 1038
f 886 1027 1039
f 886 1039 887
f 887 1039 888
f 888 1039 1032
f 889 1038 893
f 890 894 1040
f 890 1040 1041
f 890 1041 891
f 891 1041 1042
f 891 1042 1043
f 891 1043 892
f 892 1043 897
f 893 1038 1037
f 893 1037 894
f 894 1037 1040
f 895 896 1044
f 896 898 1045
f 896 1045 1046
f 896 1046 1044
f 897 1043 1047
f 897 1047 1048
f 897 1048 1049
f 897 1049 898
f 898 1049 1050
f 898 1050 1045
f 899 1051 1052
f 899 1052 900
f 900 1052 1053
f 900 1053 902
f 900 902 901
f 902 1053 905
f 903 905 1054
f 903 1054 1055
f 903 1055 1056
f 903 1056 1057
f 903 1057 904
f 904 1057 906
f 905 1053 1058
f 905 1058 1054
f 906 1057 1059
f 906 1059 907
f 907 1060 1061
f 907 1061 909
f 907 1059 1062
f 907 1062 1063
f 907 1063 1060
f 908 910 911
f 909 1064 910
f 909 1061 1065
f 909 1065 1064
f 910 1064 1066
f 910 1066 911
f 911 1066 912
f 912 1066 1067
f 912 1067 1068
f 912 1068 913
f 913 1068 914
f 914 1068 915
f 915 1068 1069
f 915 1069 916
f 916 1069 1067
f 916 1067 1070
f 916 1070 1071
f 916 1071 917
f 917 1071 1072
f 917 1072 921
f 919 928 930
f 919 930 920
f 921 1073 1074
f 921 1074 1075
f 921 1075 922
f 921 1072 1073
f 922 1075 1076
f 922 1076 923
f 923 1076 924
f 924 1077 1078
f 924 1078 1079
f 924 1079 1080
f 924 1080 925
f 924 1076 1077
f 925 1080 926
f 926 1080 927
f 927 1080 928
f 928 1080 1081
f 928 1081 1082
f 928 1082 930
f 929 1083 1252
f 929 1252 1084
f 929 1084 931
f 929 930 1085
f 929 1085 1083
f 930 1082 1085
f 931 1084 932
f 932 1084 1086
f 932 1086 933
f 933 1087 1088
f 933 1088 1089
f 933 1089 937
f 933 937 936
f 933 936 934
f 933 1086 1090
f 933 1090 1087
f 934 936 935
f 937 939 938
f 937 1089 1091
f 937 1091 1092
f 937 1092 1093
f 937 1093 1094
f 937 1094 1095
f 937 1095 1096
f 937 1096 939
f 939 1096 940
f 940 1096 942
f 941 942 1097
f 941 1097 943
f 942 1096 1095
f 942 1095 1098
f 942 1098 1097
f 943 1097 1099
f 943 1099 944
f 944 1099 945
f 945 1099 1100
f 945 1100 1101
f 945 1101 946
f 946 1101 947
f 947 1101 1102
f 947 1102 949
f 949 1102 1103
f 949 1103 950
f 950 1104 951
f 950 1103 1104
f 951 1104 1105
f 951 1105 1106
f 951 1106 1107
f 951 1107 1108
f 951 1108 1109
f 951 1109 1110
f 951 1110 1111
f 951 1111 953
f 951 953 952
f 953 1111 1112
f 953 1112 954
f 954 1113 955
f 954 1112 1114
f 954 1114 1113
f 955 1113 1114
f 955 1114 959
f 955 959 956
f 957 959 1114
f 957 1114 1115
f 957 1115 958
f 958 1116 964
f 958 1115 1117
f 958 1117 1116
f 960 967 1118
f 960 1118 1119
f 960 1119 1120
f 960 1120 961
f 961 1120 1119
f 961 1119 1121
f 961 1121 1122
f 961 1122 962
f 962 968 963
f 962 1122 968
f 964 1116 1123
f 964 1123 965
f 965 1124 967
f 965 967 966
f 965 1123 1125
f 965 1125 1126
f 965 1126 1124
f 967 1124 1127
f 967 1127 1128
f 967 1128 1129
f 967 1129 1130
f 967 1130 1119
f 967 1119 1118
f 968 1122 1131
f 968 1131 1132
f 968 1132 969
f 969 1132 1131
f 969 1131 1122
f 969 1122 1133
f 969 1133 1134
f 969 1134 970
f 970 1134 971
f 971 1134 1135
f 971 1135 1136
f 971 1136 1137
f 971 1137 972
f 972 1137 973
f 973 1137 975
f 975 1137 1138
f 975 1138 1141
f 975 1141 976
f 976 1139 1140
f 976 1140 979
f 976 979 977
f 976 1141 1139
f 977 979 978
f 979 1140 981
f 979 981 980
f 981 1140 1139
f 981 1139 982
f 982 1139 1141
f 982 1141 983
f 983 1141 1142
f 983 1142 1143
f 983 1143 984
f 984 1143 1144
f 984 1144 1145
f 984 1145 985
f 985 1145 1146
f 985 1146 1147
f 985 1147 1148
f 985 1148 987
f 987 1148 992
f 987 992 989
f 987 989 988
f 990 992 1149
f 990 1149 991
f 991 1149 993
f 992 1148 1150
f 992 1150 1151
f 992 1151 995
f 992 995 993
f 992 993 1149
f 993 995 994
f 995 1151 1152
f 995 1152 996
f 996 1152 1153
f 996 1153 997
f 997 1153 998
f 998 1153 1154
f 998 1154 999
f 999 1155 1005
f 999 1005 1001
f 999 1001 1000
f 999 1154 1156
f 999 1156 1157
f 999 1157 1155
f 1002 1158 1159
f 1002 1159 1160
f 1002 1160 1003
f 1002 1006 1161
f 1002 1161 1162
f 1002 1162 1163
f 1002 1163 1164
f 1002 1164 1165
f 1002 1165 1158
f 1003 1160 1159
f 1003 1159 1166
f 1003 1166 1167
f 1003 1167 1004
f 1004 1167 1007
f 1005 1155 1168
f 1005 1168 1006
f 1006 1168 1162
f 1006 1162 1161
f 1007 1169 1170
f 1007 1170 1171
f 1007 1171 1009
f 1007 1167 1169
f 1009 1171 1010
f 1010 1172 1011
f 1010 1171 1172
f 1011 1172 1012
f 1012 1172 1014
f 1012 1014 1013
f 1014 1172 1173
f 1014 1173 1174
f 1014 1174 1175
f 1014 1175 1176
f 1014 1176 1177
f 1014 1177 1178
f 1014 1178 1179
f 1014 1179 1180
f 1014 1180 1181
f 1014 1181 1017
f 1014 1017 1015
f 1015 1017 1016
f 1017 1182 1019
f 1017 1181 1183
f 1017 1183 1184
f 1017 1184 1185
f 1017 1185 1186
f 1017 1186 1187
f 1017 1187 1188
f 1017 1188 1182
f 1019 1182 1023
f 1021 1025 1022
f 1021 1026 1025
f 1022 1025 1028
f 1023 1182 1188
f 1023 1188 1187
f 1023 1187 1189
f 1023 1189 1025
f 1023 1025 1024
f 1025 1190 1028
f 1025 1189 1190
f 1027 1191 1039
f 1027 1028 1192
f 1027 1192 1191
f 1028 1190 1350
f 1028 1350 1192
f 1029 1037 1030
f 1030 1037 1038
f 1032 1039 1193
f 1032 1193 1033
f 1033 1193 1194
f 1033 1194 1195
f 1033 1195 1034
f 1034 1195 1035
f 1035 1196 1036
f 1035 1195 1197
f 1035 1197 1196
f 1036 1198 1199
f 1036 1199 1037
f 1036 1196 1200
f 1036 1200 1201
f 1036 1201 1198
f 1037 1199 1202
f 1037 1202 1203
f 1037 1203 1040
f 1039 1191 1193
f 1040 1204 1041
f 1040 1203 1204
f 1041 1204 1042
f 1042 1204 1205
f 1042 1205 1043
f 1043 1205 1204
f 1043 1204 1206
f 1043 1206 1047
f 1044 1207 1208
f 1044 1208 1209
f 1044 1209 1210
f 1044 1210 1211
f 1044 1211 1212
f 1044 1046 1213
f 1044 1213 1214
f 1044 1214 1045
f 1044 1045 1215
f 1044 1215 1207
f 1045 1050 1215
f 1045 1214 1213
f 1045 1213 1046
f 1047 1206 1216
f 1047 1216 1217
f 1047 1217 1048
f 1048 1217 1218
f 1048 1218 1049
f 1049 1218 1219
f 1049 1219 1050
f 1050 1220 1221
f 1050 1221 1215
f 1050 1219 1220
f 1051 1222 1223
f 1051 1223 1224
f 1051 1224 1052
f 1052 1224 1225
f 1052 1225 1053
f 1053 1225 1058
f 1054 1226 1227
f 1054 1227 1055
f 1054 1058 1226
f 1055 1227 1228
f 1055 1228 1056
f 1056 1228 1229
f 1056 1229 1230
f 1056 1230 1063
f 1056 1063 1057
f 1057 1063 1062
f 1057 1062 1059
f 1058 1225 1231
f 1058 1231 1226
f 1060 1232 1061
f 1060 1063 1233
f 1060 1233 1232
f 1061 1232 1234
f 1061 1234 1235
f 1061 1235 1065
f 1063 1230 1233
f 1064 1065 1236
f 1064 1236 1066
f 1065 1235 1236
f 1066 1236 1237
f 1066 1237 1067
f 1067 1237 1070
f 1067 1069 1068
f 1070 1237 1238
f 1070 1238 1239
f 1070 1239 1071
f 1071 1240 1072
f 1071 1239 1240
f 1072 1240 1073
f 1073 1240 1074
f 1074 1240 1241
f 1074 1241 1242
f 1074 1242 1076
f 1074 1076 1075
f 1076 1242 1243
f 1076 1243 1244
f 1076 1244 1077
f 1077 1244 1245
f 1077 1245 1078
f 1078 1245 1246
f 1078 1246 1247
f 1078 1247 1248
f 1078 1248 1079
f 1079 1248 1249
f 1079 1249 1080
f 1080 1249 1081
f 1081 1249 1250
f 1081 1250 1082
f 1082 1250 1251
f 1082 1251 1083
f 1082 1083 1085
f 1083 1251 1252
f 1084 1252 1086
f 1086 1252 1087
f 1086 1087 1090
f 1087 1253 1088
f 1087 1252 1253
f 1088 1253 1254
f 1088 1254 1255
f 1088 1255 1256
f 1088 1256 1257
f 1088 1257 1258
f 1088 1258 1089
f 1089 1258 1092
f 1089 1092 1091
f 1092 1258 1259
f 1092 1259 1260
f 1092 1260 1261
f 1092 1261 1093
f 1093 1261 1095
f 1093 1095 1094
f 1095 1261 1262
f 1095 1262 1263
f 1095 1263 1264
f 1095 1264 1265
f 1095 1265 1266
f 1095 1266 1098
f 1097 1098 1099
f 1098 1266 1099
f 1099 1266 1265
f 1099 1265 1264
f 1099 1264 1267
f 1099 1267 1268
f 1099 1268 1269
f 1099 1269 1270
f 1099 1270 1100
f 1100 1270 1104
f 1100 1104 1103
f 1100 1103 1101
f 1101 1103 1102
f 1104 1270 1269
f 1104 1269 1271
f 1104 1271 1105
f 1105 1271 1272
f 1105 1272 1106
f 1106 1272 1107
f 1107 1272 1267
f 1107 1267 1264
f 1107 1264 1273
f 1107 1273 1274
f 1107 1274 1108
f 1108 1274 1275
f 1108 1275 1109
f 1109 1275 1276
f 1109 1276 1111
f 1109 1111 1110
f 1111 1276 1277
f 1111 1277 1278
f 1111 1278 1112
f 1112 1278 1279
f 1112 1279 1117
f 1112 1117 1115
f 1112 1115 1114
f 1116 1279 1123
f 1116 1117 1279
f 1119 1280 1136
f 1119 1136 1121
f 1119 1130 1281
f 1119 1281 1282
f 1119 1282 1283
f 1119 1283 1284
f 1119 1284 1280
f 1121 1136 1122
f 1122 1136 1135
f 1122 1135 1133
f 1123 1279 1125
f 1124 1126 1285
f 1124 1285 1127
f 1125 1279 1286
f 1125 1286 1287
f 1125 1287 1288
f 1125 1288 1126
f 1126 1288 1289
f 1126 1289 1285
f 1127 1290 1291
f 1127 1291 1292
f 1127 1292 1293
f 1127 1293 1294
f 1127 1294 1128
f 1127 1285 1289
f 1127 1289 1290
f 1128 1294 1129
f 1129 1294 1281
f 1129 1281 1130
f 1133 1135 1134
f 1136 1280 1137
f 1137 1280 1295
f 1137 1295 1296
f 1137 1296 1297
f 1137 1297 1138
f 1138 1297 1298
f 1138 1298 1141
f 1141 1298 1142
f 1142 1298 1299
f 1142 1299 1300
f 1142 1300 1143
f 1143 1300 1301
f 1143 1301 1302
f 1143 1302 1144
f 1144 1302 1303
f 1144 1303 1304
f 1144 1304 1305
f 1144 1305 1145
f 1145 1305 1306
f 1145 1306 1307
f 1145 1307 1146
f 1146 1150 1148
f 1146 1148 1147
f 1146 1307 1308
f 1146 1308 1309
f 1146 1309 1150
f 1150 1309 1310
f 1150 1310 1311
f 1150 1311 1151
f 1151 1311 1312
f 1151 1312 1152
f 1152 1313 1154
f 1152 1154 1153
f 1152 1312 1314
f 1152 1314 1313
f 1154 1313 1314
f 1154 1314 1315
f 1154 1315 1316
f 1154 1316 1317
f 1154 1317 1156
f 1155 1157 1168
f 1156 1317 1157
f 1157 1317 1163
f 1157 1163 1168
f 1158 1165 1318
f 1158 1318 1319
f 1158 1319 1320
f 1158 1320 1321
f 1158 1321 1159
f 1159 1321 1322
f 1159 1322 1166
f 1162 1168 1163
f 1163 1317 1164
f 1164 1317 1323
f 1164 1323 1165
f 1165 1323 1318
f 1166 1322 1324
f 1166 1324 1325
f 1166 1325 1167
f 1167 1325 1169
f 1169 1325 1324
f 1169 1324 1172
f 1169 1172 1170
f 1170 1172 1171
f 1172 1324 1326
f 1172 1326 1174
f 1172 1174 1173
f 1174 1327 1177
f 1174 1177 1176
f 1174 1176 1175
f 1174 1326 1324
f 1174 1324 1328
f 1174 1328 1329
f 1174 1329 1330
f 1174 1330 1331
f 1174 1331 1327
f 1177 1327 1332
f 1177 1332 1333
f 1177 1333 1334
f 1177 1334 1335
f 1177 1335 1336
f 1177 1336 1337
f 1177 1337 1178
f 1178 1337 1338
f 1178 1338 1179
f 1179 1338 1339
f 1179 1339 1340
f 1179 1340 1341
f 1179 1341 1342
f 1179 1342 1180
f 1180 1342 1181
f 1181 1342 1341
f 1181 1341 1183
f 1183 1341 1184
f 1184 1341 1185
f 1185 1341 1340
f 1185 1340 1186
f 1186 1340 1339
f 1186 1339 1343
f 1186 1343 1344
f 1186 1344 1345
f 1186 1345 1346
f 1186 1346 1347
f 1186 1347 1348
f 1186 1348 1187
f 1187 1348 1189
f 1189 1348 1349
f 1189 1349 1350
f 1189 1350 1190
f 1191 1192 1351
f 1191 1351 1352
f 1191 1352 1193
f 1192 1350 1351
f 1193 1352 1353
f 1193 1353 1194
f 1194 1353 1354
f 1194 1354 1355
f 1194 1355 1195
f 1195 1355 1356
f 1195 1356 1197
f 1196 1197 1200
f 1197 1357 1200
f 1197 1356 1357
f 1198 1358 1359
f 1198 1359 1202
f 1198 1202 1199
f 1198 1201 1360
f 1198 1360 1361
f 1198 1361 1362
f 1198 1362 1358
f 1200 1357 1363
f 1200 1363 1364
f 1200 1364 1201
f 1201 1364 1360
f 1202 1365 1203
f 1202 1359 1365
f 1203 1365 1358
f 1203 1358 1366
f 1203 1366 1204
f 1204 1366 1367
f 1204 1367 1216
f 1204 1216 1206
f 1207 1215 1208
f 1208 1215 1221
f 1208 1221 1209
f 1209 1221 1368
f 1209 1368 1211
f 1209 1211 1210
f 1211 1369 1370
f 1211 1370 1212
f 1211 1368 1371
f 1211 1371 1372
f 1211 1372 1373
f 1211 1373 1369
f 1212 1370 1369
f 1212 1369 1374
f 1216 1367 1375
f 1216 1375 1376
f 1216 1376 1217
f 1217 1376 1218
f 1218 1376 1219
f 1219 1376 1377
f 1219 1377 1378
f 1219 1378 1379
f 1219 1379 1380
f 1219 1380 1220
f 1220 1381 1382
f 1220 1382 1383
f 1220 1383 1384
f 1220 1384 1221
f 1220 1380 1385
f 1220 1385 1381
f 1221 1384 1368
f 1222 1386 1223
f 1223 1231 1225
f 1223 1225 1224
f 1223 1386 1387
f 1223 1387 1388
f 1223 1388 1231
f 1226 1389 1390
f 1226 1390 1227
f 1226 1231 1389
f 1227 1390 1391
f 1227 1391 1228
f 1228 1392 1393
f 1228 1393 1229
f 1228 1391 1392
f 1229 1393 1230
f 1230 1393 1394
f 1230 1394 1395
f 1230 1395 1396
f 1230 1396 1233
f 1231 1388 1389
f 1232 1233 1234
f 1233 1397 1398
f 1233 1398 1399
f 1233 1399 1400
f 1233 1400 1401
f 1233 1401 1402
f 1233 1402 1234
f 1233 1396 1395
f 1233 1395 1397
f 1234 1402 1401
f 1234 1401 1403
f 1234 1403 1235
f 1235 1403 1404
f 1235 1404 1236
f 1236 1404 1405
f 1236 1405 1406
f 1236 1406 1407
f 1236 1407 1237
f 1237 1407 1238
f 1238 1407 1587
f 1238 1587 1408
f 1238 1408 1409
f 1238 1409 1239
f 1239 1409 1410
f 1239 1410 1411
f 1239 1411 1241
f 1239 1241 1240
f 1241 1411 1242
f 1242 1411 1412
f 1242 1412 1243
f 1243 1412 1244
f 1244 1412 1413
f 1244 1413 1245
f 1245 1413 1246
f 1246 1413 1414
f 1246 1414 1247
f 1247 1414 1415
f 1247 1415 1416
f 1247 1416 1248
f 1248 1416 1417
f 1248 1417 1249
f 1249 1417 1250
f 1250 1417 1416
f 1250 1416 1251
f 1251 1416 1252
f 1252 1416 1253
f 1253 1418 1254
f 1253 1416 1418
f 1254 1418 1255
f 1255 1418 1414
f 1255 1414 1419
f 1255 1419 1420
f 1255 1420 1256
f 1256 1420 1421
f 1256 1421 1422
f 1256 1422 1423
f 1256 1423 1424
f 1256 1424 1257
f 1257 1424 1258
f 1258 1424 1425
f 1258 1425 1259
f 1259 1425 1426
f 1259 1426 1427
f 1259 1427 1260
f 1260 1427 1428
f 1260 1428 1261
f 1261 1428 1426
f 1261 1426 1429
f 1261 1429 1430
f 1261 1430 1431
f 1261 1431 1432
f 1261 1432 1262
f 1262 1432 1433
f 1262 1433 1263
f 1263 1433 1264
f 1264 1433 1434
f 1264 1434 1273
f 1267 1272 1271
f 1267 1271 1268
f 1268 1271 1269
f 1273 1434 1274
f 1274 1434 1435
f 1274 1435 1436
f 1274 1436 1437
f 1274 1437 1276
f 1274 1276 1275
f 1276 1437 1438
f 1276 1438 1277
f 1277 1438 1278
f 1278 1438 1439
f 1278 1439 1279
f 1279 1439 1440
f 1279 1440 1286
f 1280 1284 1441
f 1280 1441 1442
f 1280 1442 1295
f 1281 1294 1443
f 1281 1443 1283
f 1281 1283 1282
f 1283 1443 1444
f 1283 1444 1445
f 1283 1445 1284
f 1284 1445 1446
f 1284 1446 1441
f 1286 1447 1448
f 1286 1448 1287
f 1286 1440 1447
f 1287 1448 1288
f 1288 1449 1450
f 1288 1450 1289
f 1288 1448 1451
f 1288 1451 1449
f 1289 1452 1290
f 1289 1450 1452
f 1290 1452 1453
f 1290 1453 1292
f 1290 1292 1291
f 1292 1454 1455
f 1292 1455 1293
f 1292 1453 1456
f 1292 1456 1457
f 1292 1457 1458
f 1292 1458 1459
f 1292 1459 1460
f 1292 1460 1454
f 1293 1455 1294
f 1294 1455 1454
f 1294 1454 1460
f 1294 1460 1443
f 1295 1442 1296
f 1296 1442 1461
f 1296 1461 1462
f 1296 1462 1299
f 1296 1299 1297
f 1297 1299 1298
f 1299 1462 1300
f 1300 1462 1301
f 1301 1462 1463
f 1301 1463 1464
f 1301 1464 1465
f 1301 1465 1466
f 1301 1466 1302
f 1302 1466 1467
f 1302 1467 1303
f 1303 1467 1304
f 1304 1467 1465
f 1304 1465 1468
f 1304 1468 1306
f 1304 1306 1305
f 1306 1468 1308
f 1306 1308 1307
f 1308 1468 1310
f 1308 1310 1309
f 1310 1468 1469
f 1310 1469 1470
f 1310 1470 1471
f 1310 1471 1311
f 1311 1471 1312
f 1312 1471 1472
f 1312 1472 1473
f 1312 1473 1474
f 1312 1474 1475
f 1312 1475 1314
f 1314 1475 1315
f 1315 1475 1476
f 1315 1476 1316
f 1316 1476 1317
f 1317 1476 1477
f 1317 1477 1478
f 1317 1478 1479
f 1317 1479 1480
f 1317 1480 1481
f 1317 1481 1482
f 1317 1482 1323
f 1318 1483 1484
f 1318 1484 1485
f 1318 1485 1319
f 1318 1323 1486
f 1318 1486 1487
f 1318 1487 1488
f 1318 1488 1489
f 1318 1489 1483
f 1319 1485 1320
f 1320 1490 1491
f 1320 1491 1329
f 1320 1329 1328
f 1320 1328 1321
f 1320 1485 1490
f 1321 1328 1324
f 1321 1324 1322
f 1323 1482 1492
f 1323 1492 1493
f 1323 1493 1486
f 1327 1331 1332
f 1329 1491 1331
f 1329 1331 1330
f 1331 1491 1494
f 1331 1494 1495
f 1331 1495 1332
f 1332 1495 1333
f 1333 1495 1496
f 1333 1496 1334
f 1334 1497 1498
f 1334 1498 1499
f 1334 1499 1500
f 1334 1500 1335
f 1334 1496 1501
f 1334 1501 1497
f 1335 1500 1502
f 1335 1502 1336
f 1336 1502 1339
f 1336 1339 1337
f 1337 1339 1338
f 1339 1502 1343
f 1343 1502 1503
f 1343 1503 1345
f 1343 1345 1344
f 1345 1504 1346
f 1345 1503 1504
f 1346 1504 1505
f 1346 1505 1506
f 1346 1506 1507
f 1346 1507 1347
f 1347 1507 1508
f 1347 1508 1348
f 1348 1508 1509
f 1348 1509 1349
f 1349 1509 1510
f 1349 1510 1511
f 1349 1511 1350
f 1350 1511 1351
f 1351 1511 1510
f 1351 1510 1352
f 1352 1510 1353
f 1353 1510 1512
f 1353 1512 1513
f 1353 1513 1354
f 1354 1513 1514
f 1354 1514 1355
f 1355 1514 1515
f 1355 1515 1356
f 1356 1515 1516
f 1356 1516 1357
f 1357 1517 1518
f 1357 1518 1364
f 1357 1364 1363
f 1357 1516 1519
f 1357 1519 1517
f 1358 1362 1375
f 1358 1375 1367
f 1358 1367 1366
f 1358 1365 1359
f 1360 1364 1361
f 1361 1364 1362
f 1362 1364 1520
f 1362 1520 1547
f 1362 1547 1375
f 1364 1518 1521
f 1364 1521 1522
f 1364 1522 1520
f 1368 1384 1383
f 1368 1383 1371
f 1369 1373 1523
f 1369 1523 1524
f 1369 1524 1525
f 1369 1525 1526
f 1369 1526 1527
f 1369 1527 1374
f 1371 1383 1382
f 1371 1382 1372
f 1372 1382 1528
f 1372 1528 1529
f 1372 1529 1530
f 1372 1530 1531
f 1372 1531 1373
f 1373 1531 1532
f 1373 1532 1523
f 1374 1533 1534
f 1374 1534 1535
f 1374 1535 1536
f 1374 1536 1537
f 1374 1537 1538
f 1374 1527 1539
f 1374 1539 1540
f 1374 1540 1541
f 1374 1541 1542
f 1374 1542 1543
f 1374 1543 1544
f 1374 1544 1545
f 1374 1545 1546
f 1374 1546 1533
f 1375 1547 1548
f 1375 1548 1376
f 1376 1548 1549
f 1376 1549 1377
f 1377 1549 1550
f 1377 1550 1378
f 1378 1551 1379
f 1378 1550 1552
f 1378 1552 1551
f 1379 1551 1385
f 1379 1385 1380
f 1381 1385 1553
f 1381 1553 1382
f 1382 1553 1528
f 1385 1554 1530
f 1385 1530 1553
f 1385 1551 1555
f 1385 1555 1556
f 1385 1556 1554
f 1386 1557 1387
f 1387 1557 1558
f 1387 1558 1388
f 1388 1559 1560
f 1388 1560 1561
f 1388 1561 1562
f 1388 1562 1389
f 1388 1558 1563
f 1388 1563 1559
f 1389 1562 1564
f 1389 1564 1390
f 1390 1564 1565
f 1390 1565 1391
f 1391 1565 1566
f 1391 1566 1392
f 1392 1566 1393
f 1393 1566 1567
f 1393 1567 1568
f 1393 1568 1569
f 1393 1569 1394
f 1394 1569 1395
f 1395 1569 1568
f 1395 1568 1570
f 1395 1570 1571
f 1395 1571 1572
f 1395 1572 1573
f 1395 1573 1574
f 1395 1574 1397
f 1397 1574 1399
f 1397 1399 1398
f 1399 1575 1576
f 1399 1576 1577
f 1399 1577 1578
f 1399 1578 1579
f 1399 1579 1580
f 1399 1580 1581
f 1399 1581 1582
f 1399 1582 1400
f 1399 1574 1573
f 1399 1573 1575
f 1400 1582 1581
f 1400 1581 1583
f 1400 1583 1401
f 1401 1583 1584
f 1401 1584 1403
f 1403 1584 1585
f 1403 1585 1404
f 1404 1585 1586
f 1404 1586 1405
f 1405 1586 1406
f 1406 1587 1407
f 1406 1586 1588
f 1406 1588 1587
f 1408 1587 1759
f 1408 1759 1589
f 1408 1589 1409
f 1409 1589 1590
f 1409 1590 1410
f 1410 1590 1591
f 1410 1591 1592
f 1410 1592 1411
f 1411 1592 1412
f 1412 1592 1593
f 1412 1593 1414
f 1412 1414 1413
f 1414 1594 1595
f 1414 1595 1596
f 1414 1596 1419
f 1414 1418 1415
f 1414 1593 1597
f 1414 1597 1594
f 1415 1418 1416
f 1419 1596 1598
f 1419 1598 1420
f 1420 1598 1599
f 1420 1599 1421
f 1421 1599 1600
f 1421 1600 1601
f 1421 1601 1422
f 1422 1601 1602
f 1422 1602 1603
f 1422 1603 1423
f 1423 1603 1424
f 1424 1603 1425
f 1425 1603 1426
f 1426 1604 1605
f 1426 1605 1429
f 1426 1428 1606
f 1426 1606 1427
f 1426 1603 1602
f 1426 1602 1604
f 1427 1606 1428
f 1429 1605 1607
f 1429 1607 1430
f 1430 1607 1431
f 1431 1607 1432
f 1432 1607 1608
f 1432 1608 1434
f 1432 1434 1433
f 1434 1608 1609
f 1434 1609 1610
f 1434 1610 1611
f 1434 1611 1612
f 1434 1612 1436
f 1434 1436 1435
f 1436 1612 1613
f 1436 1613 1438
f 1436 1438 1437
f 1438 1614 1615
f 1438 1615 1439
f 1438 1613 1614
f 1439 1615 1440
f 1440 1615 1616
f 1440 1616 1617
f 1440 1617 1618
f 1440 1618 1619
f 1440 1619 1447
f 1441 1446 1442
f 1442 1446 1461
f 1443 1460 1620
f 1443 1620 1621
f 1443 1621 1622
f 1443 1622 1444
f 1444 1622 1446
f 1444 1446 1445
f 1446 1622 1461
f 1447 1623 1448
f 1447 1619 1623
f 1448 1623 1449
f 1448 1449 1451
f 1449 1624 1452
f 1449 1452 1450
f 1449 1623 1624
f 1452 1624 1453
f 1453 1624 1625
f 1453 1625 1626
f 1453 1626 1627
f 1453 1627 1456
f 1456 1628 1457
f 1456 1627 1628
f 1457 1629 1630
f 1457 1630 1458
f 1457 1628 1629
f 1458 1631 1632
f 1458 1632 1620
f 1458 1620 1459
f 1458 1630 1629
f 1458 1629 1631
f 1459 1620 1460
f 1461 1622 1633
f 1461 1633 1634
f 1461 1634 1462
f 1462 1634 1635
f 1462 1635 1463
f 1463 1635 1636
f 1463 1636 1464
f 1464 1636 1465
f 1465 1636 1469
f 1465 1469 1468
f 1465 1467 1466
f 1469 1636 1637
f 1469 1637 1638
f 1469 1638 1639
f 1469 1639 1470
f 1470 1639 1640
f 1470 1640 1641
f 1470 1641 1471
f 1471 1641 1472
f 1472 1641 1473
f 1473 1641 1474
f 1474 1641 1640
f 1474 1640 1475
f 1475 1640 1642
f 1475 1642 1476
f 1476 1642 1643
f 1476 1643 1477
f 1477 1643 1644
f 1477 1644 1645
f 1477 1645 1478
f 1478 1645 1479
f 1479 1645 1646
f 1479 1646 1647
f 1479 1647 1480
f 1480 1648 1649
f 1480 1649 1650
f 1480 1650 1651
f 1480 1651 1652
f 1480 1652 1481
f 1480 1647 1648
f 1481 1652 1653
f 1481 1653 1493
f 1481 1493 1482
f 1482 1493 1492
f 1483 1489 1654
f 1483 1654 1655
f 1483 1655 1656
f 1483 1656 1484
f 1484 1656 1485
f 1485 1656 1490
f 1486 1493 1657
f 1486 1657 1487
f 1487 1654 1658
f 1487 1658 1488
f 1487 1657 1651
f 1487 1651 1650
f 1487 1650 1654
f 1488 1658 1489
f 1489 1658 1654
f 1490 1659 1660
f 1490 1660 1495
f 1490 1495 1494
f 1490 1494 1491
f 1490 1656 1659
f 1493 1653 1652
f 1493 1652 1651
f 1493 1651 1657
f 1495 1660 1661
f 1495 1661 1662
f 1495 1662 1663
f 1495 1663 1496
f 1496 1663 1501
f 1497 1664 1665
f 1497 1665 1498
f 1497 1501 1666
f 1497 1666 1667
f 1497 1667 1668
f 1497 1668 1664
f 1498 1665 1669
f 1498 1669 1499
f 1499 1669 1670
f 1499 1670 1500
f 1500 1670 1671
f 1500 1671 1672
f 1500 1672 1503
f 1500 1503 1502
f 1501 1663 1666
f 1503 1672 1504
f 1504 1673 1505
f 1504 1672 1673
f 1505 1674 1675
f 1505 1675 1676
f 1505 1676 1677
f 1505 1677 1506
f 1505 1673 1669
f 1505 1669 1665
f 1505 1665 1664
f 1505 1664 1678
f 1505 1678 1674
f 1506 1677 1508
f 1506 1508 1507
f 1508 1679 1680
f 1508 1680 1509
f 1508 1677 1679
f 1509 1680 1681
f 1509 1681 1512
f 1509 1512 1510
f 1512 1681 1682
f 1512 1682 1513
f 1513 1682 1683
f 1513 1683 1514
f 1514 1683 1685
f 1514 1685 1515
f 1515 1684 1516
f 1515 1685 1684
f 1516 1684 1519
f 1517 1519 1518
f 1518 1519 1686
f 1518 1686 1687
f 1518 1687 1688
f 1518 1688 1689
f 1518 1689 1521
f 1519 1684 1690
f 1519 1690 1856
f 1519 1856 1686
f 1520 1522 1547
f 1521 1691 1522
f 1521 1689 1691
f 1522 1691 1548
f 1522 1548 1547
f 1523 1532 1692
f 1523 1692 1693
f 1523 1693 1524
f 1524 1693 1694
f 1524 1694 1695
f 1524 1695 1696
f 1524 1696 1525
f 1525 1696 1526
f 1526 1697 1698
f 1526 1698 1527
f 1526 1696 1699
f 1526 1699 1697
f 1527 1698 1540
f 1527 1540 1539
f 1528 1553 1530
f 1528 1530 1529
f 1530 1554 1700
f 1530 1700 1701
f 1530 1701 1702
f 1530 1702 1703
f 1530 1703 1704
f 1530 1704 1705
f 1530 1705 1706
f 1530 1706 1531
f 1531 1706 1705
f 1531 1705 1532
f 1532 1705 1692
f 1533 1707 1534
f 1533 1546 1707
f 1534 1707 1708
f 1534 1708 1535
f 1535 1708 1536
f 1536 1708 1709
f 1536 1709 1537
f 1537 1709 1710
f 1537 1710 1538
f 1538 1710 1711
f 1540 1698 1541
f 1541 1712 1542
f 1541 1698 1713
f 1541 1713 1714
f 1541 1714 1715
f 1541 1715 1712
f 1542 1712 1716
f 1542 1716 1543
f 1543 1717 1718
f 1543 1718 1545
f 1543 1545 1544
f 1543 1716 1719
f 1543 1719 1717
f 1545 1720 1707
f 1545 1707 1546
f 1545 1718 1720
f 1548 1691 1721
f 1548 1721 1722
f 1548 1722 1549
f 1549 1722 1723
f 1549 1723 1550
f 1550 1723 1726
f 1550 1726 1552
f 1551 1552 1724
f 1551 1724 1725
f 1551 1725 1555
f 1552 1726 1899
f 1552 1899 1724
f 1554 1556 1700
f 1555 1725 1727
f 1555 1727 1556
f 1556 1727 1728
f 1556 1728 1700
f 1559 1563 1729
f 1559 1729 1560
f 1560 1729 1730
f 1560 1730 1731
f 1560 1731 1732
f 1560 1732 1733
f 1560 1733 1561
f 1561 1733 1734
f 1561 1734 1562
f 1562 1734 1735
f 1562 1735 1564
f 1563 1736 1730
f 1563 1730 1729
f 1564 1735 1737
f 1564 1737 1565
f 1565 1737 1566
f 1566 1737 1738
f 1566 1738 1567
f 1567 1738 1570
f 1567 1570 1568
f 1570 1738 1739
f 1570 1739 1740
f 1570 1740 1741
f 1570 1741 1742
f 1570 1742 1571
f 1571 1742 1575
f 1571 1575 1572
f 1572 1575 1573
f 1575 1742 1741
f 1575 1741 1743
f 1575 1743 1744
f 1575 1744 1745
f 1575 1745 1746
f 1575 1746 1747
f 1575 1747 1748
f 1575 1748 1749
f 1575 1749 1576
f 1576 1749 1748
f 1576 1748 1578
f 1576 1578 1577
f 1578 1748 1750
f 1578 1750 1751
f 1578 1751 1579
f 1579 1751 1580
f 1580 1751 1752
f 1580 1752 1581
f 1581 1752 1753
f 1581 1753 1583
f 1583 1753 1754
f 1583 1754 1755
f 1583 1755 1584
f 1584 1755 1756
f 1584 1756 1585
f 1585 1756 1586
f 1586 1756 1757
f 1586 1757 1758
f 1586 1758 1759
f 1586 1759 1588
f 1587 1588 1759
f 1589 1759 1760
f 1589 1760 1590
f 1590 1760 1761
f 1590 1761 1762
f 1590 1762 1763
f 1590 1763 1591
f 1591 1763 1764
f 1591 1764 1597
f 1591 1597 1592
f 1592 1597 1593
f 1594 1765 1766
f 1594 1766 1767
f 1594 1767 1595
f 1594 1597 1764
f 1594 1764 1765
f 1595 1767 1768
f 1595 1768 1596
f 1596 1768 1598
f 1598 1768 1769
f 1598 1769 1770
f 1598 1770 1771
f 1598 1771 1772
f 1598 1772 1599
f 1599 1772 1773
f 1599 1773 1600
f 1600 1773 1601
f 1601 1773 1774
f 1601 1774 1775
f 1601 1775 1604
f 1601 1604 1602
f 1604 1775 1774
f 1604 1774 1776
f 1604 1776 1777
f 1604 1777 1605
f 1605 1777 1607
f 1607 1777 1778
f 1607 1778 1779
f 1607 1779 1780
f 1607 1780 1608
f 1608 1780 1781
f 1608 1781 1782
f 1608 1782 1783
f 1608 1783 1609
f 1609 1783 1611
f 1609 1611 1610
f 1611 1784 1612
f 1611 1783 1782
f 1611 1782 1785
f 1611 1785 1784
f 1612 1784 1617
f 1612 1617 1786
f 1612 1786 1613
f 1613 1786 1614
f 1614 1786 1616
f 1614 1616 1615
f 1616 1786 1617
f 1617 1787 1788
f 1617 1788 1619
f 1617 1619 1618
f 1617 1784 1785
f 1617 1785 1789
f 1617 1789 1787
f 1619 1788 1790
f 1619 1790 1791
f 1619 1791 1623
f 1620 1632 1792
f 1620 1792 1793
f 1620 1793 1794
f 1620 1794 1621
f 1621 1794 1634
f 1621 1634 1633
f 1621 1633 1622
f 1623 1791 1795
f 1623 1795 1624
f 1624 1795 1625
f 1625 1795 1796
f 1625 1796 1626
f 1626 1796 1797
f 1626 1797 1798
f 1626 1798 1799
f 1626 1799 1800
f 1626 1800 1801
f 1626 1801 1802
f 1626 1802 1803
f 1626 1803 1628
f 1626 1628 1627
f 1628 1803 1802
f 1628 1802 1629
f 1629 1804 1805
f 1629 1805 1806
f 1629 1806 1631
f 1629 1802 1807
f 1629 1807 1808
f 1629 1808 1809
f 1629 1809 1810
f 1629 1810 1804
f 1631 1806 1811
f 1631 1811 1632
f 1632 1811 1792
f 1634 1794 1793
f 1634 1793 1635
f 1635 1793 1812
f 1635 1812 1813
f 1635 1813 1636
f 1636 1813 1814
f 1636 1814 1637
f 1637 1814 1638
f 1638 1814 1988
f 1638 1988 1815
f 1638 1815 1816
f 1638 1816 1640
f 1638 1640 1639
f 1640 1816 1642
f 1642 1816 1643
f 1643 1816 1817
f 1643 1817 1644
f 1644 1646 1645
f 1644 1817 1646
f 1646 1817 1818
f 1646 1818 1819
f 1646 1819 1647
f 1647 1819 1820
f 1647 1820 1648
f 1648 1821 1822
f 1648 1822 1649
f 1648 1820 1823
f 1648 1823 1824
f 1648 1824 1821
f 1649 1822 1825
f 1649 1825 1826
f 1649 1826 1654
f 1649 1654 1827
f 1649 1827 1650
f 1650 1827 1654
f 1654 1828 2001
f 1654 2001 1829
f 1654 1829 1830
f 1654 1830 1831
f 1654 1831 1832
f 1654 1832 1655
f 1654 1826 1833
f 1654 1833 1828
f 1655 1834 1656
f 1655 1832 1835
f 1655 1835 1834
f 1656 1834 1835
f 1656 1835 1660
f 1656 1660 1659
f 1660 1835 1661
f 1661 1835 1832
f 1661 1832 1836
f 1661 1836 1831
f 1661 1831 1837
f 1661 1837 1662
f 1662 1837 1838
f 1662 1838 1663
f 1663 1838 1666
f 1664 1668 1839
f 1664 1839 1840
f 1664 1840 1678
f 1666 1838 1667
f 1667 1838 1841
f 1667 1841 1842
f 1667 1842 1668
f 1668 1842 1843
f 1668 1843 1844
f 1668 1844 1839
f 1669 1845 1671
f 1669 1671 1670
f 1669 1673 1845
f 1671 1845 1673
f 1671 1673 1672
f 1674 1678 1840
f 1674 1840 1846
f 1674 1846 1847
f 1674 1847 1848
f 1674 1848 1675
f 1675 1848 1849
f 1675 1849 1677
f 1675 1677 1676
f 1677 1849 1850
f 1677 1850 1851
f 1677 1851 1852
f 1677 1852 1679
f 1679 1852 1853
f 1679 1853 1680
f 1680 1853 1681
f 1681 1853 1682
f 1682 1853 1683
f 1683 1853 1852
f 1683 1852 1854
f 1683 1854 1685
f 1684 1685 1854
f 1684 1854 1852
f 1684 1852 1855
f 1684 1855 1690
f 1686 1856 1857
f 1686 1857 1687
f 1687 1857 1858
f 1687 1858 1688
f 1688 1858 1689
f 1689 1858 1859
f 1689 1859 1860
f 1689 1860 1691
f 1690 1861 1856
f 1690 1855 1851
f 1690 1851 1850
f 1690 1850 1849
f 1690 1849 1861
f 1691 1860 1721
f 1692 1705 1704
f 1692 1704 1862
f 1692 1862 1693
f 1693 1862 1694
f 1694 1862 1863
f 1694 1863 1695
f 1695 1863 1864
f 1695 1864 1865
f 1695 1865 1696
f 1696 1865 1699
f 1697 1866 1714
f 1697 1714 1713
f 1697 1713 1698
f 1697 1699 1867
f 1697 1867 1866
f 1699 1865 1867
f 1700 1728 1868
f 1700 1868 1701
f 1701 1868 1702
f 1702 1868 1869
f 1702 1869 1870
f 1702 1870 1871
f 1702 1871 1872
f 1702 1872 1703
f 1703 1872 1873
f 1703 1873 1874
f 1703 1874 1704
f 1704 1874 1875
f 1704 1875 1862
f 1707 1720 1876
f 1707 1876 1877
f 1707 1877 1708
f 1708 1877 1709
f 1709 1877 1878
f 1709 1878 1710
f 1710 1879 1880
f 1710 1880 1711
f 1710 1878 2052
f 1710 2052 1879
f 1712 1719 1716
f 1712 1715 1881
f 1712 1881 1882
f 1712 1882 1883
f 1712 1883 1719
f 1714 1866 1715
f 1715 1866 1884
f 1715 1884 1885
f 1715 1885 1886
f 1715 1886 1881
f 1717 1887 1888
f 1717 1888 1718
f 1717 1719 1889
f 1717 1889 1890
f 1717 1890 1891
f 1717 1891 1887
f 1718 1888 1720
f 1719 1883 1882
f 1719 1882 1892
f 1719 1892 1893
f 1719 1893 1889
f 1720 1888 1894
f 1720 1894 1876
f 1721 1860 1895
f 1721 1895 1896
f 1721 1896 1897
f 1721 1897 1722
f 1722 1897 1723
f 1723 1897 1898
f 1723 1898 1726
f 1724 1899 1900
f 1724 1900 1725
f 1725 1900 1903
f 1725 1903 1727
f 1726 1898 1901
f 1726 1901 1902
f 1726 1902 1899
f 1727 1903 1869
f 1727 1869 1904
f 1727 1904 1868
f 1727 1868 1728
f 1730 1905 1906
f 1730 1906 1731
f 1730 1736 1907
f 1730 1907 1908
f 1730 1908 1905
f 1731 1906 1909
f 1731 1909 1732
f 1732 1909 1910
f 1732 1910 1733
f 1733 1910 1734
f 1734 1910 1911
f 1734 1911 1735
f 1735 1911 1912
f 1735 1912 1737
f 1736 1913 1907
f 1737 1912 1914
f 1737 1914 1915
f 1737 1915 1916
f 1737 1916 1738
f 1738 1916 1739
f 1739 1916 1915
f 1739 1915 1917
f 1739 1917 1918
f 1739 1918 1919
f 1739 1919 1920
f 1739 1920 1921
f 1739 1921 1740
f 1740 1921 1922
f 1740 1922 1923
f 1740 1923 1741
f 1741 1923 1743
f 1743 1923 1744
f 1744 1923 1924
f 1744 1924 1925
f 1744 1925 1926
f 1744 1926 1927
f 1744 1927 1746
f 1744 1746 1745
f 1746 1927 1928
f 1746 1928 1747
f 1747 1928 1748
f 1748 1928 1929
f 1748 1929 1930
f 1748 1930 1750
f 1750 1930 1931
f 1750 1931 1932
f 1750 1932 1933
f 1750 1933 1751
f 1751 1933 1752
f 1752 1933 1934
f 1752 1934 1753
f 1753 1934 1935
f 1753 1935 1936
f 1753 1936 1937
f 1753 1937 1754
f 1754 1937 1755
f 1755 1937 1938
f 1755 1938 1939
f 1755 1939 1756
f 1756 1939 1757
f 1757 1939 1940
f 1757 1940 1941
f 1757 1941 1942
f 1757 1942 1758
f 1758 1942 1759
f 1759 1761 1760
f 1759 1942 1941
f 1759 1941 1761
f 1761 1941 1762
f 1762 1765 1764
f 1762 1764 1763
f 1762 1941 2120
f 1762 2120 1943
f 1762 1943 1765
f 1765 1943 1944
f 1765 1944 1766
f 1766 1944 1768
f 1766 1768 1767
f 1768 1944 1945
f 1768 1945 1946
f 1768 1946 1947
f 1768 1947 1948
f 1768 1948 1949
f 1768 1949 1769
f 1769 1949 1770
f 1770 1949 1950
f 1770 1950 1951
f 1770 1951 1771
f 1771 1951 1952
f 1771 1952 1772
f 1772 1952 1951
f 1772 1951 1773
f 1773 1951 1774
f 1774 1953 1776
f 1774 1951 1953
f 1776 1953 1954
f 1776 1954 1777
f 1777 1954 1955
f 1777 1955 1956
f 1777 1956 1957
f 1777 1957 1958
f 1777 1958 1959
f 1777 1959 1778
f 1778 1959 1960
f 1778 1960 1779
f 1779 1961 1962
f 1779 1962 1963
f 1779 1963 1780
f 1779 1960 1964
f 1779 1964 1961
f 1780 1963 1781
f 1781 1963 1965
f 1781 1965 1785
f 1781 1785 1782
f 1785 1965 1789
f 1787 1789 1966
f 1787 1966 1967
f 1787 1967 1968
f 1787 1968 1969
f 1787 1969 1788
f 1788 1969 1790
f 1789 1965 1970
f 1789 1970 1966
f 1790 1971 1791
f 1790 1969 1971
f 1791 1971 1795
f 1792 1813 1812
f 1792 1812 1793
f 1792 1811 1972
f 1792 1972 1813
f 1795 1971 1973
f 1795 1973 1796
f 1796 1973 1974
f 1796 1974 1975
f 1796 1975 1797
f 1797 1975 1976
f 1797 1976 1798
f 1798 1976 1977
f 1798 1977 1978
f 1798 1978 1809
f 1798 1809 1800
f 1798 1800 1799
f 1800 1809 1808
f 1800 1808 1801
f 1801 1808 1807
f 1801 1807 1802
f 1804 1810 1979
f 1804 1979 1805
f 1805 1980 1806
f 1805 1979 1981
f 1805 1981 1982
f 1805 1982 1980
f 1806 1980 1983
f 1806 1983 1811
f 1809 1978 1984
f 1809 1984 1810
f 1810 1984 1979
f 1811 1983 1985
f 1811 1985 1972
f 1813 1972 1814
f 1814 1972 1986
f 1814 1986 1987
f 1814 1987 1988
f 1815 1988 1989
f 1815 1989 1990
f 1815 1990 1991
f 1815 1991 1816
f 1816 1991 1817
f 1817 1991 1818
f 1818 1991 1992
f 1818 1992 1819
f 1819 1992 1820
f 1820 1992 1993
f 1820 1993 1994
f 1820 1994 1823
f 1821 1824 1995
f 1821 1995 1996
f 1821 1996 1997
f 1821 1997 1998
f 1821 1998 1999
f 1821 1999 2000
f 1821 2000 2001
f 1821 2001 2002
f 1821 2002 1825
f 1821 1825 1822
f 1823 1994 2003
f 1823 2003 1995
f 1823 1995 1824
f 1825 2002 2001
f 1825 2001 1826
f 1826 2001 1833
f 1828 1833 2004
f 1828 2004 2001
f 1829 2001 2005
f 1829 2005 2006
f 1829 2006 1830
f 1830 2006 1831
f 1831 2006 2005
f 1831 2005 2007
f 1831 2007 1841
f 1831 1841 1838
f 1831 1838 1837
f 1831 1836 1832
f 1833 2001 2004
f 1839 1844 2008
f 1839 2008 1846
f 1839 1846 1840
f 1841 2007 2009
f 1841 2009 1842
f 1842 2009 2010
f 1842 2010 2011
f 1842 2011 1843
f 1843 2011 1844
f 1844 2012 2013
f 1844 2013 1846
f 1844 1846 2008
f 1844 2011 2014
f 1844 2014 2012
f 1846 2013 2015
f 1846 2015 2016
f 1846 2016 1847
f 1847 2016 2017
f 1847 2017 1848
f 1848 2017 2022
f 1848 2022 2018
f 1848 2018 1849
f 1849 2018 1861
f 1851 1855 1852
f 1856 1861 1857
f 1857 1861 2018
f 1857 2018 2019
f 1857 2019 1858
f 1858 2019 2021
f 1858 2021 2020
f 1858 2020 1859
f 1859 2020 2021
f 1859 2021 2022
f 1859 2022 2023
f 1859 2023 2024
f 1859 2024 1860
f 1860 2024 2025
f 1860 2025 1895
f 1862 1875 2026
f 1862 2026 2027
f 1862 2027 1863
f 1863 2027 2028
f 1863 2028 2029
f 1863 2029 2030
f 1863 2030 2031
f 1863 2031 2032
f 1863 2032 2033
f 1863 2033 2034
f 1863 2034 2035
f 1863 2035 2036
f 1863 2036 1864
f 1864 2037 1865
f 1864 2036 2038
f 1864 2038 2037
f 1865 2037 1867
f 1866 1867 1884
f 1867 2037 2039
f 1867 2039 1884
f 1868 1904 1869
f 1869 1903 2040
f 1869 2040 2041
f 1869 2041 1870
f 1870 2041 2042
f 1870 2042 2043
f 1870 2043 1871
f 1871 2043 2044
f 1871 2044 2045
f 1871 2045 1872
f 1872 2045 2046
f 1872 2046 1873
f 1873 2046 2047
f 1873 2047 1874
f 1874 2047 2048
f 1874 2048 2049
f 1874 2049 1875
f 1875 2049 2026
f 1876 1894 2050
f 1876 2050 1877
f 1877 2050 2051
f 1877 2051 1878
f 1878 2051 2052
f 1879 2052 2053
f 1879 2053 2054
f 1879 2054 2055
f 1879 2055 2056
f 1879 2056 2057
f 1879 2057 1880
f 1881 1886 1882
f 1882 1886 2058
f 1882 2058 1892
f 1884 2039 2059
f 1884 2059 2060
f 1884 2060 1885
f 1885 2061 1886
f 1885 2060 2062
f 1885 2062 2063
f 1885 2063 2061
f 1886 2064 2058
f 1886 2061 2064
f 1887 1891 2065
f 1887 2065 1888
f 1888 2065 1894
f 1889 1893 2066
f 1889 2066 1890
f 1890 2066 2067
f 1890 2067 2068
f 1890 2068 2069
f 1890 2069 2065
f 1890 2065 2070
f 1890 2070 1891
f 1891 2070 2065
f 1892 2058 1893
f 1893 2058 2071
f 1893 2071 2066
f 1894 2065 2072
f 1894 2072 2073
f 1894 2073 2050
f 1895 2025 2074
f 1895 2074 1896
f 1896 2074 2075
f 1896 2075 1897
f 1897 2075 1898
f 1898 2075 2076
f 1898 2076 2077
f 1898 2077 1901
f 1899 1902 1900
f 1900 1902 1903
f 1901 2077 1902
f 1902 2077 2078
f 1902 2078 2254
f 1902 2254 2079
f 1902 2079 1903
f 1903 2079 2080
f 1903 2080 2040
f 1905 1908 2081
f 1905 2081 2082
f 1905 2082 2083
f 1905 2083 1906
f 1906 2083 2084
f 1906 2084 1909
f 1907 1913 2085
f 1907 2085 2086
f 1907 2086 2087
f 1907 2087 1908
f 1908 2087 2081
f 1909 2084 2088
f 1909 2088 1910
f 1910 2088 2089
f 1910 2089 2090
f 1910 2090 1911
f 1911 2090 2091
f 1911 2091 2092
f 1911 2092 1912
f 1912 2092 1917
f 1912 1917 2093
f 1912 2093 1914
f 1914 2093 1917
f 1914 1917 1915
f 1917 2092 2091
f 1917 2091 2094
f 1917 2094 2095
f 1917 2095 2096
f 1917 2096 2097
f 1917 2097 2098
f 1917 2098 2099
f 1917 2099 1918
f 1918 2099 2100
f 1918 2100 1919
f 1919 2100 1920
f 1920 2100 1921
f 1921 2100 1922
f 1922 2100 2101
f 1922 2101 1924
f 1922 1924 1923
f 1924 2101 1925
f 1925 2101 2100
f 1925 2100 2102
f 1925 2102 2103
f 1925 2103 2104
f 1925 2104 1926
f 1926 2104 2105
f 1926 2105 1927
f 1927 2105 1928
f 1928 2105 2106
f 1928 2106 2107
f 1928 2107 1929
f 1929 2107 1930
f 1930 2107 2108
f 1930 2108 2109
f 1930 2109 2110
f 1930 2110 1931
f 1931 2110 1932
f 1932 1935 1934
f 1932 1934 1933
f 1932 2110 2111
f 1932 2111 1935
f 1935 2111 2112
f 1935 2112 1936
f 1936 2112 2113
f 1936 2113 2114
f 1936 2114 1937
f 1937 2114 1938
f 1938 2115 1939
f 1938 2114 2292
f 1938 2292 2116
f 1938 2116 2117
f 1938 2117 2115
f 1939 2115 1940
f 1940 2115 2118
f 1940 2118 1941
f 1941 2118 2119
f 1941 2119 2120
f 1943 2120 2296
f 1943 2296 2121
f 1943 2121 1945
f 1943 1945 1944
f 1945 2122 1947
f 1945 1947 1946
f 1945 2121 2123
f 1945 2123 2124
f 1945 2124 2125
f 1945 2125 2122
f 1947 2122 2125
f 1947 2125 2126
f 1947 2126 1948
f 1948 2126 2127
f 1948 2127 2128
f 1948 2128 1950
f 1948 1950 1949
f 1950 2128 2129
f 1950 2129 1951
f 1951 2129 1953
f 1953 2129 1954
f 1954 2129 1955
f 1955 2129 2128
f 1955 2128 2130
f 1955 2130 2131
f 1955 2131 2132
f 1955 2132 1957
f 1955 1957 1956
f 1957 2132 2133
f 1957 2133 2134
f 1957 2134 1964
f 1957 1964 1958
f 1958 1960 1959
f 1958 1964 1960
f 1961 1964 1962
f 1962 2135 1970
f 1962 1970 1963
f 1962 1964 2135
f 1963 1970 1965
f 1964 2134 2136
f 1964 2136 2137
f 1964 2137 2138
f 1964 2138 1968
f 1964 1968 1967
f 1964 1967 1966
f 1964 1966 1970
f 1964 1970 2135
f 1968 2138 1969
f 1969 2138 1973
f 1969 1973 1971
f 1972 2139 1986
f 1972 1985 2140
f 1972 2140 2141
f 1972 2141 2142
f 1972 2142 2143
f 1972 2143 2144
f 1972 2144 2145
f 1972 2145 2146
f 1972 2146 2147
f 1972 2147 2148
f 1972 2148 2139
f 1973 2138 2137
f 1973 2137 1974
f 1974 2137 1975
f 1975 2137 2149
f 1975 2149 1976
f 1976 2149 1977
f 1977 2150 1978
f 1977 2149 2151
f 1977 2151 2152
f 1977 2152 2153
f 1977 2153 2150
f 1978 2154 1984
f 1978 2150 2155
f 1978 2155 2154
f 1979 1984 2156
f 1979 2156 1981
f 1980 1982 2157
f 1980 2157 1983
f 1981 2156 2158
f 1981 2158 1982
f 1982 2158 2159
f 1982 2159 2160
f 1982 2160 2157
f 1983 2157 2161
f 1983 2161 1985
f 1984 2154 2156
f 1985 2161 2141
f 1985 2141 2140
f 1986 2162 2163
f 1986 2163 2164
f 1986 2164 2165
f 1986 2165 1987
f 1986 2139 2162
f 1987 2165 2166
f 1987 2166 1989
f 1987 1989 1988
f 1989 2166 2167
f 1989 2167 1990
f 1990 2167 1993
f 1990 1993 1992
f 1990 1992 1991
f 1993 2168 2169
f 1993 2169 1994
f 1993 2167 2168
f 1994 2169 2003
f 1995 2003 2170
f 1995 2170 2171
f 1995 2171 1996
f 1996 2171 1997
f 1997 2171 2170
f 1997 2170 2172
f 1997 2172 2173
f 1997 2173 2174
f 1997 2174 2175
f 1997 2175 2176
f 1997 2176 2177
f 1997 2177 2178
f 1997 2178 2179
f 1997 2179 2180
f 1997 2180 2181
f 1997 2181 2182
f 1997 2182 1998
f 1998 2182 1999
f 1999 2182 2000
f 2000 2182 2183
f 2000 2183 2001
f 2001 2183 2184
f 2001 2184 2005
f 2003 2169 2168
f 2003 2168 2185
f 2003 2185 2170
f 2005 2184 2186
f 2005 2186 2187
f 2005 2187 2188
f 2005 2188 2189
f 2005 2189 2190
f 2005 2190 2191
f 2005 2191 2192
f 2005 2192 2007
f 2007 2192 2009
f 2009 2192 2191
f 2009 2191 2010
f 2010 2190 2011
f 2010 2191 2190
f 2011 2190 2014
f 2012 2193 2013
f 2012 2014 2194
f 2012 2194 2195
f 2012 2195 2193
f 2013 2193 2015
f 2014 2190 2188
f 2014 2188 2194
f 2015 2193 2196
f 2015 2196 2197
f 2015 2197 2016
f 2016 2197 2017
f 2017 2197 2198
f 2017 2198 2199
f 2017 2199 2022
f 2018 2022 2019
f 2019 2022 2021
f 2022 2199 2200
f 2022 2200 2201
f 2022 2201 2023
f 2023 2201 2025
f 2023 2025 2024
f 2025 2201 2202
f 2025 2202 2203
f 2025 2203 2204
f 2025 2204 2074
f 2026 2049 2205
f 2026 2205 2027
f 2027 2205 2028
f 2028 2206 2207
f 2028 2207 2029
f 2028 2205 2206
f 2029 2207 2030
f 2030 2207 2208
f 2030 2208 2031
f 2031 2208 2209
f 2031 2209 2032
f 2032 2209 2033
f 2033 2210 2034
f 2033 2209 2211
f 2033 2211 2212
f 2033 2212 2213
f 2033 2213 2210
f 2034 2210 2038
f 2034 2038 2036
f 2034 2036 2035
f 2037 2038 2214
f 2037 2214 2215
f 2037 2215 2039
f 2038 2210 2214
f 2039 2215 2216
f 2039 2216 2059
f 2040 2080 2257
f 2040 2257 2217
f 2040 2217 2218
f 2040 2218 2041
f 2041 2218 2219
f 2041 2219 2042
f 2042 2219 2220
f 2042 2220 2043
f 2043 2220 2221
f 2043 2221 2044
f 2044 2046 2045
f 2044 2221 2222
f 2044 2222 2046
f 2046 2222 2223
f 2046 2223 2048
f 2046 2048 2047
f 2048 2223 2049
f 2049 2223 2224
f 2049 2224 2205
f 2050 2073 2225
f 2050 2225 2051
f 2051 2226 2227
f 2051 2227 2052
f 2051 2225 2226
f 2052 2227 2053
f 2053 2227 2228
f 2053 2228 2229
f 2053 2229 2230
f 2053 2230 2231
f 2053 2231 2232
f 2053 2232 2054
f 2054 2232 2233
f 2054 2233 2055
f 2055 2233 2234
f 2055 2234 2235
f 2055 2235 2056
f 2058 2064 2071
f 2059 2062 2060
f 2059 2216 2236
f 2059 2236 2062
f 2061 2237 2064
f 2061 2063 2238
f 2061 2238 2239
f 2061 2239 2237
f 2062 2236 2240
f 2062 2240 2241
f 2062 2241 2238
f 2062 2238 2063
f 2064 2237 2071
f 2065 2069 2242
f 2065 2242 2243
f 2065 2243 2072
f 2066 2071 2244
f 2066 2244 2067
f 2067 2245 2068
f 2067 2244 2246
f 2067 2246 2247
f 2067 2247 2248
f 2067 2248 2249
f 2067 2249 2245
f 2068 2242 2069
f 2068 2245 2242
f 2071 2237 2244
f 2072 2243 2073
f 2073 2243 2250
f 2073 2250 2225
f 2074 2204 2251
f 2074 2251 2252
f 2074 2252 2075
f 2075 2252 2076
f 2076 2252 2251
f 2076 2251 2253
f 2076 2253 2077
f 2077 2253 2078
f 2078 2253 2433
f 2078 2433 2255
f 2078 2255 2435
f 2078 2435 2256
f 2078 2256 2254
f 2079 2254 2257
f 2079 2257 2080
f 2081 2258 2259
f 2081 2259 2082
f 2081 2087 2258
f 2082 2259 2260
f 2082 2260 2261
f 2082 2261 2083
f 2083 2261 2084
f 2084 2261 2262
f 2084 2262 2263
f 2084 2263 2264
f 2084 2264 2088
f 2086 2265 2087
f 2087 2233 2258
f 2087 2265 2233
f 2088 2264 2266
f 2088 2266 2267
f 2088 2267 2089
f 2089 2091 2090
f 2089 2267 2268
f 2089 2268 2269
f 2089 2269 2091
f 2091 2269 2094
f 2094 2269 2095
f 2095 2270 2096
f 2095 2269 2268
f 2095 2268 2271
f 2095 2271 2272
f 2095 2272 2273
f 2095 2273 2274
f 2095 2274 2275
f 2095 2275 2270
f 2096 2270 2097
f 2097 2270 2098
f 2098 2270 2276
f 2098 2276 2100
f 2098 2100 2099
f 2100 2276 2277
f 2100 2277 2278
f 2100 2278 2279
f 2100 2279 2102
f 2102 2279 2280
f 2102 2280 2103
f 2103 2280 2281
f 2103 2281 2282
f 2103 2282 2283
f 2103 2283 2104
f 2104 2283 2284
f 2104 2284 2285
f 2104 2285 2106
f 2104 2106 2105
f 2106 2108 2107
f 2106 2285 2286
f 2106 2286 2108
f 2108 2286 2287
f 2108 2287 2288
f 2108 2288 2109
f 2109 2288 2289
f 2109 2289 2110
f 2110 2289 2111
f 2111 2289 2290
f 2111 2290 2291
f 2111 2291 2112
f 2112 2291 2113
f 2113 2291 2114
f 2114 2291 2292
f 2115 2117 2119
f 2115 2119 2118
f 2116 2292 2293
f 2116 2293 2294
f 2116 2294 2295
f 2116 2295 2117
f 2117 2120 2119
f 2117 2295 2296
f 2117 2296 2120
f 2121 2296 2297
f 2121 2297 2123
f 2123 2297 2124
f 2124 2297 2298
f 2124 2298 2299
f 2124 2299 2300
f 2124 2300 2126
f 2124 2126 2301
f 2124 2301 2125
f 2125 2301 2126
f 2126 2300 2127
f 2127 2300 2302
f 2127 2302 2303
f 2127 2303 2130
f 2127 2130 2128
f 2130 2303 2304
f 2130 2304 2305
f 2130 2305 2306
f 2130 2306 2131
f 2131 2306 2307
f 2131 2307 2308
f 2131 2308 2309
f 2131 2309 2132
f 2132 2309 2134
f 2132 2134 2133
f 2134 2309 2310
f 2134 2310 2311
f 2134 2311 2136
f 2136 2311 2312
f 2136 2312 2151
f 2136 2151 2137
f 2137 2151 2149
f 2139 2313 2162
f 2139 2148 2314
f 2139 2314 2315
f 2139 2315 2316
f 2139 2316 2313
f 2141 2157 2317
f 2141 2317 2318
f 2141 2318 2319
f 2141 2319 2142
f 2141 2161 2157
f 2142 2319 2320
f 2142 2320 2321
f 2142 2321 2143
f 2143 2321 2322
f 2143 2322 2144
f 2144 2322 2323
f 2144 2323 2324
f 2144 2324 2145
f 2145 2324 2325
f 2145 2325 2326
f 2145 2326 2146
f 2146 2326 2147
f 2147 2326 2327
f 2147 2327 2148
f 2148 2327 2328
f 2148 2328 2314
f 2150 2153 2329
f 2150 2329 2155
f 2151 2312 2330
f 2151 2330 2152
f 2152 2330 2312
f 2152 2312 2331
f 2152 2331 2153
f 2153 2331 2332
f 2153 2332 2333
f 2153 2333 2334
f 2153 2334 2329
f 2154 2155 2335
f 2154 2335 2336
f 2154 2336 2158
f 2154 2158 2156
f 2155 2337 2335
f 2155 2329 2338
f 2155 2338 2337
f 2157 2160 2318
f 2157 2318 2317
f 2158 2336 2159
f 2159 2336 2339
f 2159 2339 2160
f 2160 2339 2340
f 2160 2340 2318
f 2162 2313 2341
f 2162 2341 2342
f 2162 2342 2163
f 2163 2342 2343
f 2163 2343 2344
f 2163 2344 2345
f 2163 2345 2164
f 2164 2345 2346
f 2164 2346 2347
f 2164 2347 2348
f 2164 2348 2165
f 2165 2348 2347
f 2165 2347 2346
f 2165 2346 2349
f 2165 2349 2174
f 2165 2174 2350
f 2165 2350 2166
f 2166 2350 2167
f 2167 2350 2168
f 2168 2350 2174
f 2168 2174 2351
f 2168 2351 2185
f 2170 2185 2351
f 2170 2351 2173
f 2170 2173 2172
f 2173 2351 2174
f 2174 2349 2175
f 2175 2352 2176
f 2175 2349 2346
f 2175 2346 2352
f 2176 2352 2346
f 2176 2346 2353
f 2176 2353 2177
f 2177 2353 2354
f 2177 2354 2355
f 2177 2355 2178
f 2178 2355 2356
f 2178 2356 2179
f 2179 2356 2180
f 2180 2357 2358
f 2180 2358 2181
f 2180 2356 2359
f 2180 2359 2360
f 2180 2360 2357
f 2181 2358 2361
f 2181 2361 2362
f 2181 2362 2182
f 2182 2362 2183
f 2183 2363 2184
f 2183 2362 2361
f 2183 2361 2363
f 2184 2363 2186
f 2186 2363 2364
f 2186 2364 2187
f 2187 2365 2366
f 2187 2366 2367
f 2187 2367 2188
f 2187 2364 2365
f 2188 2368 2194
f 2188 2190 2189
f 2188 2367 2368
f 2193 2369 2370
f 2193 2370 2197
f 2193 2197 2196
f 2193 2195 2369
f 2194 2371 2372
f 2194 2372 2195
f 2194 2368 2371
f 2195 2372 2369
f 2197 2373 2374
f 2197 2374 2375
f 2197 2375 2198
f 2197 2370 2373
f 2198 2375 2199
f 2199 2203 2376
f 2199 2376 2200
f 2199 2375 2377
f 2199 2377 2203
f 2200 2376 2378
f 2200 2378 2201
f 2201 2379 2202
f 2201 2378 2376
f 2201 2376 2379
f 2202 2379 2203
f 2203 2377 2380
f 2203 2380 2204
f 2203 2379 2376
f 2204 2380 2251
f 2205 2224 2206
f 2206 2224 2381
f 2206 2381 2207
f 2207 2381 2382
f 2207 2382 2383
f 2207 2383 2384
f 2207 2384 2208
f 2208 2384 2385
f 2208 2385 2209
f 2209 2385 2386
f 2209 2386 2387
f 2209 2387 2388
f 2209 2388 2211
f 2210 2389 2214
f 2210 2213 2389
f 2211 2388 2212
f 2212 2388 2387
f 2212 2387 2390
f 2212 2390 2391
f 2212 2391 2213
f 2213 2391 2392
f 2213 2392 2393
f 2213 2393 2389
f 2214 2389 2215
f 2215 2389 2394
f 2215 2394 2216
f 2216 2394 2395
f 2216 2395 2396
f 2216 2396 2397
f 2216 2397 2236
f 2217 2257 2398
f 2217 2398 2399
f 2217 2399 2400
f 2217 2400 2218
f 2218 2400 2401
f 2218 2401 2402
f 2218 2402 2219
f 2219 2402 2403
f 2219 2403 2220
f 2220 2403 2221
f 2221 2404 2222
f 2221 2403 2405
f 2221 2405 2404
f 2222 2404 2406
f 2222 2406 2223
f 2223 2381 2224
f 2223 2406 2381
f 2225 2250 2407
f 2225 2407 2226
f 2226 2408 2409
f 2226 2409 2227
f 2226 2407 2408
f 2227 2409 2228
f 2228 2409 2410
f 2228 2410 2411
f 2228 2411 2229
f 2229 2412 2413
f 2229 2413 2414
f 2229 2414 2230
f 2229 2411 2415
f 2229 2415 2416
f 2229 2416 2412
f 2230 2414 2231
f 2231 2258 2233
f 2231 2233 2232
f 2231 2414 2417
f 2231 2417 2258
f 2233 2265 2234
f 2236 2397 2418
f 2236 2418 2240
f 2237 2239 2419
f 2237 2419 2244
f 2238 2420 2419
f 2238 2419 2239
f 2238 2241 2421
f 2238 2421 2422
f 2238 2422 2423
f 2238 2423 2424
f 2238 2424 2420
f 2240 2418 2241
f 2241 2418 2421
f 2242 2245 2425
f 2242 2425 2426
f 2242 2426 2243
f 2243 2426 2250
f 2244 2419 2420
f 2244 2420 2427
f 2244 2427 2428
f 2244 2428 2246
f 2245 2249 2429
f 2245 2429 2425
f 2246 2428 2427
f 2246 2427 2247
f 2247 2427 2420
f 2247 2420 2430
f 2247 2430 2431
f 2247 2431 2429
f 2247 2429 2248
f 2248 2429 2249
f 2250 2426 2425
f 2250 2425 2432
f 2250 2432 2407
f 2251 2380 2571
f 2251 2571 2433
f 2251 2433 2253
f 2254 2256 2398
f 2254 2398 2257
f 2255 2433 2434
f 2255 2434 2435
f 2256 2435 2591
f 2256 2591 2398
f 2258 2417 2436
f 2258 2436 2259
f 2259 2436 2437
f 2259 2437 2260
f 2260 2437 2438
f 2260 2438 2261
f 2261 2438 2262
f 2262 2438 2439
f 2262 2439 2440
f 2262 2440 2441
f 2262 2441 2263
f 2263 2441 2440
f 2263 2440 2442
f 2263 2442 2267
f 2263 2267 2264
f 2264 2267 2266
f 2267 2442 2443
f 2267 2443 2271
f 2267 2271 2268
f 2270 2275 2444
f 2270 2444 2445
f 2270 2445 2276
f 2271 2443 2446
f 2271 2446 2447
f 2271 2447 2448
f 2271 2448 2449
f 2271 2449 2450
f 2271 2450 2272
f 2272 2450 2451
f 2272 2451 2452
f 2272 2452 2273
f 2273 2452 2453
f 2273 2453 2454
f 2273 2454 2274
f 2274 2454 2455
f 2274 2455 2275
f 2275 2455 2444
f 2276 2445 2277
f 2277 2456 2457
f 2277 2457 2458
f 2277 2458 2459
f 2277 2459 2278
f 2277 2445 2456
f 2278 2459 2280
f 2278 2280 2279
f 2280 2459 2281
f 2281 2459 2282
f 2282 2460 2284
f 2282 2284 2283
f 2282 2459 2461
f 2282 2461 2462
f 2282 2462 2460
f 2284 2460 2463
f 2284 2463 2464
f 2284 2464 2285
f 2285 2464 2465
f 2285 2465 2286
f 2286 2465 2466
f 2286 2466 2467
f 2286 2467 2287
f 2287 2468 2288
f 2287 2467 2469
f 2287 2469 2468
f 2288 2468 2289
f 2289 2468 2470
f 2289 2470 2290
f 2290 2470 2471
f 2290 2471 2472
f 2290 2472 2291
f 2291 2472 2473
f 2291 2473 2292
f 2292 2473 2472
f 2292 2472 2293
f 2293 2474 2475
f 2293 2475 2476
f 2293 2476 2294
f 2293 2472 2474
f 2294 2476 2477
f 2294 2477 2478
f 2294 2478 2295
f 2295 2478 2479
f 2295 2479 2480
f 2295 2480 2481
f 2295 2481 2296
f 2296 2481 2297
f 2297 2481 2480
f 2297 2480 2482
f 2297 2482 2483
f 2297 2483 2484
f 2297 2484 2298
f 2298 2484 2681
f 2298 2681 2485
f 2298 2485 2302
f 2298 2302 2299
f 2299 2302 2300
f 2302 2485 2303
f 2303 2486 2487
f 2303 2487 2305
f 2303 2305 2304
f 2303 2485 2486
f 2305 2487 2488
f 2305 2488 2489
f 2305 2489 2307
f 2305 2307 2306
f 2307 2489 2490
f 2307 2490 2491
f 2307 2491 2308
f 2308 2491 2492
f 2308 2492 2493
f 2308 2493 2311
f 2308 2311 2309
f 2309 2311 2310
f 2311 2493 2312
f 2312 2332 2331
f 2312 2493 2332
f 2313 2316 2494
f 2313 2494 2341
f 2314 2328 2495
f 2314 2495 2496
f 2314 2496 2315
f 2315 2496 2497
f 2315 2497 2498
f 2315 2498 2499
f 2315 2499 2316
f 2316 2500 2494
f 2316 2499 2501
f 2316 2501 2502
f 2316 2502 2503
f 2316 2503 2504
f 2316 2504 2505
f 2316 2505 2506
f 2316 2506 2500
f 2318 2340 2507
f 2318 2507 2319
f 2319 2507 2508
f 2319 2508 2509
f 2319 2509 2510
f 2319 2510 2320
f 2320 2510 2511
f 2320 2511 2321
f 2321 2511 2512
f 2321 2512 2322
f 2322 2512 2513
f 2322 2513 2514
f 2322 2514 2323
f 2323 2514 2515
f 2323 2515 2516
f 2323 2516 2517
f 2323 2517 2518
f 2323 2518 2324
f 2324 2518 2519
f 2324 2519 2325
f 2325 2519 2326
f 2326 2519 2520
f 2326 2520 2521
f 2326 2521 2327
f 2327 2521 2522
f 2327 2522 2523
f 2327 2523 2524
f 2327 2524 2328
f 2328 2524 2696
f 2328 2696 2495
f 2329 2334 2525
f 2329 2525 2526
f 2329 2526 2338
f 2332 2493 2333
f 2333 2493 2527
f 2333 2527 2528
f 2333 2528 2334
f 2334 2528 2529
f 2334 2529 2525
f 2335 2337 2530
f 2335 2530 2339
f 2335 2339 2336
f 2337 2531 2530
f 2337 2338 2532
f 2337 2532 2533
f 2337 2533 2534
f 2337 2534 2531
f 2338 2526 2532
f 2339 2530 2340
f 2340 2530 2507
f 2341 2494 2535
f 2341 2535 2342
f 2342 2535 2536
f 2342 2536 2343
f 2343 2536 2537
f 2343 2537 2538
f 2343 2538 2539
f 2343 2539 2344
f 2344 2539 2540
f 2344 2540 2541
f 2344 2541 2542
f 2344 2542 2345
f 2345 2542 2543
f 2345 2543 2346
f 2346 2543 2353
f 2353 2543 2544
f 2353 2544 2354
f 2354 2545 2546
f 2354 2546 2547
f 2354 2547 2548
f 2354 2548 2355
f 2354 2544 2545
f 2355 2549 2550
f 2355 2550 2356
f 2355 2548 2549
f 2356 2550 2551
f 2356 2551 2359
f 2357 2361 2358
f 2357 2360 2361
f 2359 2552 2553
f 2359 2553 2554
f 2359 2554 2555
f 2359 2555 2556
f 2359 2556 2558
f 2359 2558 2360
f 2359 2551 2557
f 2359 2557 2552
f 2360 2558 2560
f 2360 2560 2559
f 2360 2559 2361
f 2361 2559 2363
f 2363 2559 2560
f 2363 2560 2364
f 2364 2560 2561
f 2364 2561 2562
f 2364 2562 2365
f 2365 2562 2563
f 2365 2563 2367
f 2365 2367 2366
f 2367 2563 2564
f 2367 2564 2371
f 2367 2371 2368
f 2369 2565 2566
f 2369 2566 2370
f 2369 2372 2567
f 2369 2567 2565
f 2370 2566 2374
f 2370 2374 2373
f 2371 2567 2372
f 2371 2564 2567
f 2374 2568 2569
f 2374 2569 2377
f 2374 2377 2375
f 2374 2566 2570
f 2374 2570 2568
f 2377 2569 2380
f 2380 2569 2572
f 2380 2572 2571
f 2381 2406 2573
f 2381 2573 2574
f 2381 2574 2575
f 2381 2575 2382
f 2382 2575 2576
f 2382 2576 2383
f 2383 2576 2577
f 2383 2577 2578
f 2383 2578 2384
f 2384 2578 2385
f 2385 2578 2579
f 2385 2579 2580
f 2385 2580 2386
f 2386 2580 2387
f 2387 2580 2581
f 2387 2581 2583
f 2387 2583 2390
f 2389 2393 2582
f 2389 2582 2394
f 2390 2583 2391
f 2391 2583 2584
f 2391 2584 2392
f 2392 2585 2582
f 2392 2582 2393
f 2392 2584 2586
f 2392 2586 2585
f 2394 2582 2395
f 2395 2582 2587
f 2395 2587 2396
f 2396 2587 2588
f 2396 2588 2397
f 2397 2589 2418
f 2397 2588 2590
f 2397 2590 2589
f 2398 2591 2399
f 2399 2401 2592
f 2399 2592 2400
f 2399 2591 2593
f 2399 2593 2594
f 2399 2594 2401
f 2400 2592 2401
f 2401 2594 2595
f 2401 2595 2596
f 2401 2596 2402
f 2402 2596 2403
f 2403 2596 2600
f 2403 2600 2405
f 2404 2597 2406
f 2404 2405 2598
f 2404 2598 2599
f 2404 2599 2597
f 2405 2600 2598
f 2406 2597 2573
f 2407 2432 2601
f 2407 2601 2602
f 2407 2602 2603
f 2407 2603 2604
f 2407 2604 2408
f 2408 2604 2605
f 2408 2605 2606
f 2408 2606 2411
f 2408 2411 2410
f 2408 2410 2409
f 2411 2606 2607
f 2411 2607 2608
f 2411 2608 2415
f 2412 2416 2609
f 2412 2609 2438
f 2412 2438 2437
f 2412 2437 2436
f 2412 2436 2417
f 2412 2417 2413
f 2413 2417 2414
f 2415 2608 2610
f 2415 2610 2611
f 2415 2611 2416
f 2416 2611 2612
f 2416 2612 2609
f 2418 2589 2613
f 2418 2613 2614
f 2418 2614 2615
f 2418 2615 2423
f 2418 2423 2422
f 2418 2422 2421
f 2420 2424 2616
f 2420 2616 2617
f 2420 2617 2618
f 2420 2618 2619
f 2420 2619 2430
f 2423 2615 2424
f 2424 2615 2620
f 2424 2620 2621
f 2424 2621 2616
f 2425 2429 2432
f 2429 2431 2622
f 2429 2622 2623
f 2429 2623 2624
f 2429 2624 2625
f 2429 2625 2626
f 2429 2626 2432
f 2430 2619 2627
f 2430 2627 2431
f 2431 2627 2628
f 2431 2628 2629
f 2431 2629 2630
f 2431 2630 2622
f 2432 2626 2601
f 2433 2571 2631
f 2433 2631 2434
f 2434 2631 2435
f 2435 2631 2632
f 2435 2632 2633
f 2435 2633 2591
f 2438 2609 2634
f 2438 2634 2439
f 2439 2634 2635
f 2439 2635 2636
f 2439 2636 2637
f 2439 2637 2638
f 2439 2638 2440
f 2440 2638 2639
f 2440 2639 2640
f 2440 2640 2641
f 2440 2641 2442
f 2442 2641 2642
f 2442 2642 2643
f 2442 2643 2447
f 2442 2447 2443
f 2443 2447 2446
f 2444 2455 2644
f 2444 2644 2457
f 2444 2457 2456
f 2444 2456 2445
f 2447 2643 2645
f 2447 2645 2448
f 2448 2645 2646
f 2448 2646 2647
f 2448 2647 2451
f 2448 2451 2449
f 2449 2451 2450
f 2451 2647 2648
f 2451 2648 2452
f 2452 2648 2649
f 2452 2649 2650
f 2452 2650 2453
f 2453 2650 2649
f 2453 2649 2651
f 2453 2651 2652
f 2453 2652 2454
f 2454 2652 2653
f 2454 2653 2455
f 2455 2654 2644
f 2455 2653 2654
f 2457 2644 2655
f 2457 2655 2458
f 2458 2655 2656
f 2458 2656 2459
f 2459 2656 2461
f 2460 2657 2658
f 2460 2658 2463
f 2460 2462 2657
f 2461 2656 2659
f 2461 2659 2462
f 2462 2659 2660
f 2462 2660 2657
f 2463 2658 2466
f 2463 2466 2464
f 2464 2466 2465
f 2466 2658 2661
f 2466 2661 2662
f 2466 2662 2663
f 2466 2663 2467
f 2467 2663 2664
f 2467 2664 2665
f 2467 2665 2666
f 2467 2666 2469
f 2468 2469 2667
f 2468 2667 2668
f 2468 2668 2669
f 2468 2669 2470
f 2469 2666 2665
f 2469 2665 2670
f 2469 2670 2667
f 2470 2669 2671
f 2470 2671 2672
f 2470 2672 2471
f 2471 2672 2673
f 2471 2673 2674
f 2471 2674 2472
f 2472 2674 2474
f 2474 2674 2675
f 2474 2675 2475
f 2475 2477 2476
f 2475 2675 2676
f 2475 2676 2477
f 2477 2676 2677
f 2477 2677 2479
f 2477 2479 2478
f 2479 2677 2480
f 2480 2677 2678
f 2480 2678 2482
f 2482 2678 2679
f 2482 2679 2680
f 2482 2680 2483
f 2483 2680 2681
f 2483 2681 2484
f 2485 2681 2682
f 2485 2682 2683
f 2485 2683 2486
f 2486 2683 2487
f 2487 2683 2684
f 2487 2684 2488
f 2488 2684 2685
f 2488 2685 2686
f 2488 2686 2489
f 2489 2687 2490
f 2489 2686 2687
f 2490 2687 2688
f 2490 2688 2689
f 2490 2689 2690
f 2490 2690 2691
f 2490 2691 2692
f 2490 2692 2491
f 2491 2692 2693
f 2491 2693 2529
f 2491 2529 2492
f 2492 2529 2528
f 2492 2528 2527
f 2492 2527 2493
f 2494 2500 2694
f 2494 2694 2695
f 2494 2695 2535
f 2495 2696 2697
f 2495 2697 2698
f 2495 2698 2496
f 2496 2698 2699
f 2496 2699 2497
f 2497 2699 2498
f 2498 2700 2501
f 2498 2501 2499
f 2498 2699 2701
f 2498 2701 2702
f 2498 2702 2700
f 2500 2506 2694
f 2501 2700 2502
f 2502 2700 2703
f 2502 2703 2503
f 2503 2703 2704
f 2503 2704 2705
f 2503 2705 2504
f 2504 2705 2706
f 2504 2706 2707
f 2504 2707 2708
f 2504 2708 2709
f 2504 2709 2505
f 2505 2709 2710
f 2505 2710 2711
f 2505 2711 2506
f 2506 2695 2694
f 2506 2711 2709
f 2506 2709 2712
f 2506 2712 2713
f 2506 2713 2695
f 2507 2530 2714
f 2507 2714 2508
f 2508 2714 2715
f 2508 2715 2509
f 2509 2715 2716
f 2509 2716 2510
f 2510 2716 2717
f 2510 2717 2511
f 2511 2717 2718
f 2511 2718 2512
f 2512 2718 2513
f 2513 2718 2719
f 2513 2719 2720
f 2513 2720 2515
f 2513 2515 2514
f 2515 2720 2721
f 2515 2721 2722
f 2515 2722 2516
f 2516 2722 2723
f 2516 2723 2517
f 2517 2723 2518
f 2518 2723 2724
f 2518 2724 2519
f 2519 2724 2725
f 2519 2725 2726
f 2519 2726 2520
f 2520 2726 2727
f 2520 2727 2728
f 2520 2728 2729
f 2520 2729 2522
f 2520 2522 2521
f 2522 2729 2730
f 2522 2730 2523
f 2523 2730 2731
f 2523 2731 2696
f 2523 2696 2524
f 2525 2533 2532
f 2525 2532 2526
f 2525 2529 2533
f 2529 2693 2533
f 2530 2531 2714
f 2531 2732 2715
f 2531 2715 2714
f 2531 2534 2733
f 2531 2733 2734
f 2531 2734 2735
f 2531 2735 2736
f 2531 2736 2732
f 2533 2733 2534
f 2533 2693 2733
f 2535 2695 2536
f 2536 2695 2537
f 2537 2695 2737
f 2537 2737 2738
f 2537 2738 2739
f 2537 2739 2538
f 2538 2739 2740
f 2538 2740 2539
f 2539 2740 2739
f 2539 2739 2741
f 2539 2741 2742
f 2539 2742 2540
f 2540 2742 2743
f 2540 2743 2541
f 2541 2743 2744
f 2541 2744 2745
f 2541 2745 2746
f 2541 2746 2542
f 2542 2746 2543
f 2543 2746 2747
f 2543 2747 2544
f 2544 2747 2545
f 2545 2748 2546
f 2545 2747 2748
f 2546 2748 2745
f 2546 2745 2749
f 2546 2749 2750
f 2546 2750 2751
f 2546 2751 2547
f 2547 2751 2549
f 2547 2549 2548
f 2549 2751 2550
f 2550 2557 2551
f 2550 2751 2752
f 2550 2752 2557
f 2552 2753 2754
f 2552 2754 2553
f 2552 2557 2755
f 2552 2755 2753
f 2553 2754 2756
f 2553 2756 2757
f 2553 2757 2554
f 2554 2757 2758
f 2554 2758 2555
f 2555 2758 2556
f 2556 2758 2561
f 2556 2561 2558
f 2557 2752 2750
f 2557 2750 2759
f 2557 2759 2755
f 2558 2561 2560
f 2561 2758 2760
f 2561 2760 2761
f 2561 2761 2762
f 2561 2762 2563
f 2561 2563 2562
f 2563 2762 2564
f 2564 2762 2567
f 2565 2763 2570
f 2565 2570 2566
f 2565 2567 2764
f 2565 2764 2765
f 2565 2765 2763
f 2567 2762 2764
f 2568 2766 2572
f 2568 2572 2569
f 2568 2570 2767
f 2568 2767 2766
f 2570 2763 2767
f 2571 2572 2631
f 2572 2766 2768
f 2572 2768 2769
f 2572 2769 2632
f 2572 2632 2631
f 2573 2597 2599
f 2573 2599 2770
f 2573 2770 2771
f 2573 2771 2772
f 2573 2772 2773
f 2573 2773 2574
f 2574 2773 2774
f 2574 2774 2575
f 2575 2774 2576
f 2576 2774 2775
f 2576 2775 2577
f 2577 2775 2776
f 2577 2776 2777
f 2577 2777 2778
f 2577 2778 2578
f 2578 2778 2579
f 2579 2779 2580
f 2579 2778 2779
f 2580 2779 2780
f 2580 2780 2581
f 2581 2780 2781
f 2581 2781 2782
f 2581 2782 2583
f 2582 2585 2783
f 2582 2783 2587
f 2583 2782 2784
f 2583 2784 2785
f 2583 2785 2584
f 2584 2785 2786
f 2584 2786 2787
f 2584 2787 2586
f 2585 2586 2788
f 2585 2788 2789
f 2585 2789 2783
f 2586 2787 2790
f 2586 2790 2788
f 2587 2783 2588
f 2588 2783 2791
f 2588 2791 2792
f 2588 2792 2590
f 2589 2590 2613
f 2590 2792 2793
f 2590 2793 2985
f 2590 2985 2794
f 2590 2794 2613
f 2591 2633 2795
f 2591 2795 2593
f 2593 2795 2594
f 2594 2795 2796
f 2594 2796 2595
f 2595 2797 2798
f 2595 2798 2799
f 2595 2799 2600
f 2595 2600 2596
f 2595 2796 2800
f 2595 2800 2797
f 2598 2600 2799
f 2598 2799 2798
f 2598 2798 2801
f 2598 2801 2599
f 2599 2801 2771
f 2599 2771 2770
f 2601 2802 2803
f 2601 2803 2602
f 2601 2626 2625
f 2601 2625 2804
f 2601 2804 2805
f 2601 2805 2806
f 2601 2806 2807
f 2601 2807 2808
f 2601 2808 2809
f 2601 2809 2810
f 2601 2810 2811
f 2601 2811 2802
f 2602 2803 2603
f 2603 2803 2802
f 2603 2802 2812
f 2603 2812 2605
f 2603 2605 2604
f 2605 2812 2813
f 2605 2813 2814
f 2605 2814 2815
f 2605 2815 2607
f 2605 2607 2606
f 2607 2815 2608
f 2608 2815 2816
f 2608 2816 2610
f 2609 2612 2817
f 2609 2817 2634
f 2610 2816 2818
f 2610 2818 2612
f 2610 2612 2611
f 2612 2634 2817
f 2612 2818 2819
f 2612 2819 2820
f 2612 2820 2821
f 2612 2821 2634
f 2613 2794 2614
f 2614 2794 2822
f 2614 2822 2615
f 2615 2822 2620
f 2616 2621 2617
f 2617 2621 2618
f 2618 2621 2823
f 2618 2823 2619
f 2619 2628 2627
f 2619 2823 2628
f 2620 2824 2621
f 2620 2822 2825
f 2620 2825 2824
f 2621 2824 2826
f 2621 2826 2827
f 2621 2827 2823
f 2622 2630 2805
f 2622 2805 2623
f 2623 2805 2624
f 2624 2805 2625
f 2625 2805 2804
f 2628 2823 2828
f 2628 2828 2829
f 2628 2829 2629
f 2629 2829 2830
f 2629 2830 2831
f 2629 2831 2630
f 2630 2806 2805
f 2630 2831 2832
f 2630 2832 2806
f 2632 2769 2833
f 2632 2833 2633
f 2633 2833 2795
f 2634 2821 2834
f 2634 2834 2635
f 2635 2834 2835
f 2635 2835 2636
f 2636 2835 2637
f 2637 2835 2638
f 2638 2835 2836
f 2638 2836 2639
f 2639 2836 2837
f 2639 2837 2640
f 2640 2837 2838
f 2640 2838 2641
f 2641 2838 2642
f 2642 2838 2839
f 2642 2839 2840
f 2642 2840 2841
f 2642 2841 2643
f 2643 2841 2645
f 2644 2654 2655
f 2645 2841 2842
f 2645 2842 2646
f 2646 2842 2843
f 2646 2843 2844
f 2646 2844 2649
f 2646 2649 2647
f 2647 2649 2648
f 2649 2844 2845
f 2649 2845 2846
f 2649 2846 2847
f 2649 2847 2848
f 2649 2848 2849
f 2649 2849 2651
f 2651 2849 2850
f 2651 2850 2851
f 2651 2851 2652
f 2652 2851 2653
f 2653 2851 2852
f 2653 2852 2654
f 2654 2852 2655
f 2655 2852 2659
f 2655 2659 2656
f 2657 2853 2658
f 2657 2660 2853
f 2658 2853 2854
f 2658 2854 2855
f 2658 2855 2856
f 2658 2856 2857
f 2658 2857 2858
f 2658 2858 2859
f 2658 2859 2860
f 2658 2860 2661
f 2659 2861 2660
f 2659 2852 2861
f 2660 2861 2862
f 2660 2862 2854
f 2660 2854 2853
f 2661 2860 2662
f 2662 2860 2859
f 2662 2859 2863
f 2662 2863 2664
f 2662 2664 2663
f 2664 2863 2864
f 2664 2864 2865
f 2664 2865 2665
f 2665 2865 2866
f 2665 2866 2667
f 2665 2667 2670
f 2667 2866 2867
f 2667 2867 2668
f 2668 2867 2671
f 2668 2671 2669
f 2671 2867 2868
f 2671 2868 2869
f 2671 2869 2870
f 2671 2870 2871
f 2671 2871 2672
f 2672 2871 2673
f 2673 2871 2674
f 2674 2871 2870
f 2674 2870 2872
f 2674 2872 2873
f 2674 2873 2675
f 2675 2873 2874
f 2675 2874 2676
f 2676 2874 2875
f 2676 2875 2677
f 2677 2875 2874
f 2677 2874 2876
f 2677 2876 2678
f 2678 2876 2877
f 2678 2877 2679
f 2679 2877 2878
f 2679 2878 2879
f 2679 2879 2880
f 2679 2880 2680
f 2680 2880 2681
f 2681 2880 2881
f 2681 2881 2882
f 2681 2882 2682
f 2682 2882 2883
f 2682 2883 2689
f 2682 2689 2884
f 2682 2884 2687
f 2682 2687 2684
f 2682 2684 2683
f 2684 2687 2686
f 2684 2686 2685
f 2687 2884 2688
f 2688 2884 2689
f 2689 2885 2886
f 2689 2886 2690
f 2689 2883 2885
f 2690 2886 2691
f 2691 2886 2887
f 2691 2887 2888
f 2691 2888 2692
f 2692 2888 2889
f 2692 2889 2693
f 2693 2889 2890
f 2693 2890 2891
f 2693 2891 2733
f 2695 2713 2737
f 2696 2731 2892
f 2696 2892 2893
f 2696 2893 2697
f 2697 2893 3081
f 2697 3081 2894
f 2697 2894 2895
f 2697 2895 2698
f 2698 2895 2701
f 2698 2701 2699
f 2700 2702 2896
f 2700 2896 2897
f 2700 2897 2898
f 2700 2898 2899
f 2700 2899 2703
f 2701 2895 2900
f 2701 2900 2896
f 2701 2896 2702
f 2703 2899 2901
f 2703 2901 2704
f 2704 2901 2705
f 2705 2901 2902
f 2705 2902 2903
f 2705 2903 2904
f 2705 2904 2706
f 2706 2904 2708
f 2706 2708 2707
f 2708 2904 2905
f 2708 2905 2906
f 2708 2906 2709
f 2709 2711 2710
f 2709 2906 2907
f 2709 2907 2712
f 2712 2907 2908
f 2712 2908 2713
f 2713 2908 2909
f 2713 2909 2737
f 2715 2732 2910
f 2715 2910 2911
f 2715 2911 2912
f 2715 2912 2716
f 2716 2912 2717
f 2717 2912 2913
f 2717 2913 2914
f 2717 2914 2718
f 2718 2914 2719
f 2719 2914 2915
f 2719 2915 2916
f 2719 2916 2721
f 2719 2721 2720
f 2721 2916 2917
f 2721 2917 2722
f 2722 2917 2918
f 2722 2918 2919
f 2722 2919 2723
f 2723 2919 2920
f 2723 2920 2921
f 2723 2921 2922
f 2723 2922 2724
f 2724 2922 2921
f 2724 2921 2725
f 2725 2921 2923
f 2725 2923 2726
f 2726 2923 2924
f 2726 2924 2727
f 2727 2924 2925
f 2727 2925 2926
f 2727 2926 2927
f 2727 2927 2728
f 2728 2927 2729
f 2729 2928 2730
f 2729 2927 2929
f 2729 2929 2928
f 2730 2928 2930
f 2730 2930 2931
f 2730 2931 2932
f 2730 2932 2933
f 2730 2933 2731
f 2731 2933 2934
f 2731 2934 2892
f 2732 2736 2910
f 2733 2891 2734
f 2734 2891 2935
f 2734 2935 2936
f 2734 2936 2937
f 2734 2937 2938
f 2734 2938 2735
f 2735 2938 2736
f 2736 2938 2939
f 2736 2939 2940
f 2736 2940 2941
f 2736 2941 2942
f 2736 2942 2911
f 2736 2911 2910
f 2737 2909 2943
f 2737 2943 2944
f 2737 2944 2738
f 2738 2944 2945
f 2738 2945 2739
f 2739 2945 2741
f 2741 2945 2946
f 2741 2946 2743
f 2741 2743 2742
f 2743 2946 2744
f 2744 2947 2948
f 2744 2948 2949
f 2744 2949 2745
f 2744 2946 2947
f 2745 2949 2950
f 2745 2950 2749
f 2745 2748 2747
f 2745 2747 2746
f 2749 2950 2951
f 2749 2951 2750
f 2750 2951 2759
f 2750 2752 2751
f 2753 2755 2952
f 2753 2952 2953
f 2753 2953 2954
f 2753 2954 2754
f 2754 2954 2955
f 2754 2955 2756
f 2755 2759 2950
f 2755 2950 2956
f 2755 2956 2952
f 2756 2955 2957
f 2756 2957 2958
f 2756 2958 2757
f 2757 2958 2959
f 2757 2959 2758
f 2758 2959 2960
f 2758 2960 2760
f 2759 2951 2950
f 2760 2960 2765
f 2760 2765 2764
f 2760 2764 2762
f 2760 2762 2761
f 2763 2765 2961
f 2763 2961 2962
f 2763 2962 2963
f 2763 2963 2767
f 2765 2960 2964
f 2765 2964 2961
f 2766 2767 2768
f 2767 2963 2965
f 2767 2965 2769
f 2767 2769 2768
f 2769 2966 2833
f 2769 2965 2967
f 2769 2967 2968
f 2769 2968 2969
f 2769 2969 2970
f 2769 2970 2966
f 2771 2801 2971
f 2771 2971 2772
f 2772 2971 2776
f 2772 2776 2773
f 2773 2776 2775
f 2773 2775 2774
f 2776 2971 2972
f 2776 2972 2973
f 2776 2973 2777
f 2777 2974 2778
f 2777 2973 2974
f 2778 2974 2975
f 2778 2975 2779
f 2779 2975 2780
f 2780 2975 2976
f 2780 2976 2781
f 2781 2976 2977
f 2781 2977 2978
f 2781 2978 2782
f 2782 2978 2979
f 2782 2979 2784
f 2783 2789 2791
f 2784 2979 2786
f 2784 2786 2785
f 2786 2979 2787
f 2787 2979 2980
f 2787 2980 2790
f 2788 2790 2981
f 2788 2981 2982
f 2788 2982 2983
f 2788 2983 2984
f 2788 2984 2793
f 2788 2793 2789
f 2789 2793 2792
f 2789 2792 2791
f 2790 2980 2981
f 2793 2984 2986
f 2793 2986 2987
f 2793 2987 2985
f 2794 2985 2988
f 2794 2988 2822
f 2795 2833 2989
f 2795 2989 2796
f 2796 2989 2833
f 2796 2833 2990
f 2796 2990 2991
f 2796 2991 2800
f 2797 2972 2801
f 2797 2801 2798
f 2797 2800 2992
f 2797 2992 2993
f 2797 2993 2994
f 2797 2994 2972
f 2800 2991 2995
f 2800 2995 2996
f 2800 2996 2992
f 2801 2972 2971
f 2802 2811 2997
f 2802 2997 2812
f 2806 2832 2998
f 2806 2998 2807
f 2807 2998 2808
f 2808 2998 2999
f 2808 2999 2809
f 2809 2999 3000
f 2809 3000 2810
f 2810 3000 3001
f 2810 3001 2811
f 2811 3001 2997
f 2812 3002 2813
f 2812 2997 3002
f 2813 3002 3003
f 2813 3003 2814
f 2814 2816 2815
f 2814 3003 2816
f 2816 2819 2818
f 2816 3003 3004
f 2816 3004 3005
f 2816 3005 3006
f 2816 3006 3007
f 2816 3007 3008
f 2816 3008 3009
f 2816 3009 3010
f 2816 3010 2819
f 2819 3010 3011
f 2819 3011 2820
f 2820 3011 2821
f 2821 3011 3012
f 2821 3012 2834
f 2822 2988 3013
f 2822 3013 2825
f 2823 2827 3014
f 2823 3014 3015
f 2823 3015 3016
f 2823 3016 3017
f 2823 3017 2828
f 2824 2825 2826
f 2825 3018 2826
f 2825 3013 3019
f 2825 3019 3018
f 2826 3018 3020
f 2826 3020 3014
f 2826 3014 2827
f 2828 3017 3021
f 2828 3021 2829
f 2829 3021 3022
f 2829 3022 2830
f 2830 3022 3208
f 2830 3208 3023
f 2830 3023 3024
f 2830 3024 2831
f 2831 3024 3025
f 2831 3025 2832
f 2832 3025 2998
f 2833 2966 2990
f 2834 3012 2835
f 2835 2837 2836
f 2835 3012 3011
f 2835 3011 3026
f 2835 3026 3027
f 2835 3027 3028
f 2835 3028 3029
f 2835 3029 3030
f 2835 3030 3031
f 2835 3031 2837
f 2837 3031 2838
f 2838 3031 2839
f 2839 3031 3032
f 2839 3032 3033
f 2839 3033 2840
f 2840 3033 3034
f 2840 3034 2841
f 2841 3034 3035
f 2841 3035 2842
f 2842 3035 3036
f 2842 3036 2843
f 2843 3036 3037
f 2843 3037 2845
f 2843 2845 2844
f 2845 3037 2846
f 2846 3038 3039
f 2846 3039 3040
f 2846 3040 3041
f 2846 3041 2847
f 2846 3037 3042
f 2846 3042 3043
f 2846 3043 3044
f 2846 3044 3038
f 2847 3041 3045
f 2847 3045 3046
f 2847 3046 2848
f 2848 3046 2862
f 2848 2862 2850
f 2848 2850 2849
f 2850 2862 2851
f 2851 2862 2861
f 2851 2861 2852
f 2854 2862 3047
f 2854 3047 3048
f 2854 3048 3049
f 2854 3049 2855
f 2855 3049 3050
f 2855 3050 2856
f 2856 3050 3051
f 2856 3051 2857
f 2857 3051 3052
f 2857 3052 2858
f 2858 3052 3053
f 2858 3053 2859
f 2859 3053 2864
f 2859 2864 2863
f 2862 3046 3048
f 2862 3048 3047
f 2864 3053 3054
f 2864 3054 2865
f 2865 3054 3055
f 2865 3055 2866
f 2866 3055 2867
f 2867 3055 2868
f 2868 3055 3056
f 2868 3056 3057
f 2868 3057 3058
f 2868 3058 2869
f 2869 3058 3059
f 2869 3059 3060
f 2869 3060 2870
f 2870 3060 2872
f 2872 3060 2874
f 2872 2874 2873
f 2874 3060 3061
f 2874 3061 2876
f 2876 3061 3062
f 2876 3062 2877
f 2877 3062 3061
f 2877 3061 3063
f 2877 3063 2878
f 2878 3063 3064
f 2878 3064 3065
f 2878 3065 3066
f 2878 3066 2879
f 2879 3066 3067
f 2879 3067 2880
f 2880 3067 3068
f 2880 3068 2881
f 2881 3068 3069
f 2881 3069 3070
f 2881 3070 2882
f 2882 3070 3071
f 2882 3071 2883
f 2883 3071 2885
f 2885 3072 2886
f 2885 3071 3072
f 2886 3072 3073
f 2886 3073 3074
f 2886 3074 3075
f 2886 3075 2887
f 2887 3075 2888
f 2888 3075 2889
f 2889 3075 3076
f 2889 3076 3077
f 2889 3077 3078
f 2889 3078 3079
f 2889 3079 2935
f 2889 2935 2890
f 2890 2935 2891
f 2892 2934 3080
f 2892 3080 2893
f 2893 3080 3081
f 2894 3081 3082
f 2894 3082 2895
f 2895 3082 2900
f 2896 2900 3083
f 2896 3083 3084
f 2896 3084 2897
f 2897 3084 2898
f 2898 3084 3085
f 2898 3085 2899
f 2899 3085 2901
f 2900 3082 3086
f 2900 3086 3087
f 2900 3087 3083
f 2901 3085 3088
f 2901 3088 3089
f 2901 3089 3090
f 2901 3090 2902
f 2902 3090 3091
f 2902 3091 3092
f 2902 3092 2905
f 2902 2905 3093
f 2902 3093 2904
f 2902 2904 2903
f 2904 3093 2905
f 2905 3092 2906
f 2906 2908 2907
f 2906 3092 3094
f 2906 3094 3095
f 2906 3095 3096
f 2906 3096 2908
f 2908 3097 2909
f 2908 3096 3098
f 2908 3098 3097
f 2909 3097 3099
f 2909 3099 2943
f 2911 2942 2912
f 2912 2942 2941
f 2912 2941 2940
f 2912 2940 3100
f 2912 3100 2913
f 2913 3100 3101
f 2913 3101 3102
f 2913 3102 3103
f 2913 3103 3104
f 2913 3104 3105
f 2913 3105 2915
f 2913 2915 2914
f 2915 3106 2917
f 2915 2917 2916
f 2915 3105 3106
f 2917 3106 3107
f 2917 3107 3108
f 2917 3108 2918
f 2918 3109 2919
f 2918 3108 3110
f 2918 3110 3111
f 2918 3111 3112
f 2918 3112 3109
f 2919 3109 3113
f 2919 3113 3114
f 2919 3114 2920
f 2920 3114 2921
f 2921 3114 2923
f 2923 3114 3113
f 2923 3113 3115
f 2923 3115 3116
f 2923 3116 2925
f 2923 2925 2924
f 2925 3116 3117
f 2925 3117 3118
f 2925 3118 2926
f 2926 3118 2927
f 2927 3118 3119
f 2927 3119 2929
f 2928 2929 3119
f 2928 3119 3120
f 2928 3120 2930
f 2930 3120 3121
f 2930 3121 3122
f 2930 3122 2931
f 2931 3122 2932
f 2932 2934 2933
f 2932 3122 3123
f 2932 3123 2934
f 2934 3123 3080
f 2935 3079 3078
f 2935 3078 3124
f 2935 3124 2936
f 2936 3124 2937
f 2937 2940 2939
f 2937 2939 2938
f 2937 3124 3125
f 2937 3125 2940
f 2940 3101 3100
f 2940 3125 3101
f 2943 2945 2944
f 2943 3099 3097
f 2943 3097 3098
f 2943 3098 3126
f 2943 3126 3127
f 2943 3127 3128
f 2943 3128 2945
f 2945 3128 2946
f 2946 3128 3129
f 2946 3129 2947
f 2947 3129 3130
f 2947 3130 3131
f 2947 3131 2948
f 2948 3131 3132
f 2948 3132 2949
f 2949 3132 3133
f 2949 3133 3134
f 2949 3134 3135
f 2949 3135 2956
f 2949 2956 2950
f 2952 3136 2953
f 2952 2956 3134
f 2952 3134 3136
f 2953 3136 3137
f 2953 3137 2954
f 2954 3137 3138
f 2954 3138 3139
f 2954 3139 2955
f 2955 3139 3140
f 2955 3140 3141
f 2955 3141 2957
f 2956 3135 3134
f 2957 3141 2958
f 2958 3141 3142
f 2958 3142 3143
f 2958 3143 2960
f 2958 2960 3144
f 2958 3144 2959
f 2959 3144 2960
f 2960 3143 3145
f 2960 3145 2964
f 2961 3146 2962
f 2961 2964 3147
f 2961 3147 3146
f 2962 3146 2967
f 2962 2967 2963
f 2963 2967 2965
f 2964 3145 3147
f 2966 2970 3148
f 2966 3148 2990
f 2967 3149 3148
f 2967 3148 2968
f 2967 3146 3143
f 2967 3143 3142
f 2967 3142 3149
f 2968 3148 2969
f 2969 3148 2970
f 2972 2976 3150
f 2972 3150 2973
f 2972 2994 3151
f 2972 3151 3152
f 2972 3152 3153
f 2972 3153 3154
f 2972 3154 2977
f 2972 2977 2976
f 2973 3150 2975
f 2973 2975 3155
f 2973 3155 2974
f 2974 3155 2975
f 2975 3150 2976
f 2977 3154 3156
f 2977 3156 3157
f 2977 3157 3158
f 2977 3158 3159
f 2977 3159 2978
f 2978 3160 2981
f 2978 2981 2980
f 2978 2980 2979
f 2978 3159 3161
f 2978 3161 3160
f 2981 3160 3162
f 2981 3162 2982
f 2982 3162 3163
f 2982 3163 3164
f 2982 3164 2983
f 2983 3164 3165
f 2983 3165 3166
f 2983 3166 2984
f 2984 3166 2986
f 2985 2987 3167
f 2985 3167 3168
f 2985 3168 2988
f 2986 3166 2987
f 2987 3166 3165
f 2987 3165 3169
f 2987 3169 3170
f 2987 3170 3167
f 2988 3168 3171
f 2988 3171 3172
f 2988 3172 3013
f 2990 3148 3173
f 2990 3173 3174
f 2990 3174 2991
f 2991 3174 3175
f 2991 3175 2995
f 2992 2996 2993
f 2993 2996 3176
f 2993 3176 2994
f 2994 3176 3177
f 2994 3177 3151
f 2995 3175 3178
f 2995 3178 2996
f 2996 3178 3179
f 2996 3179 3180
f 2996 3180 3181
f 2996 3181 3176
f 2997 3001 3182
f 2997 3182 3002
f 2998 3025 3183
f 2998 3183 2999
f 2999 3183 3184
f 2999 3184 3185
f 2999 3185 3186
f 2999 3186 3000
f 3000 3186 3187
f 3000 3187 3188
f 3000 3188 3189
f 3000 3189 3190
f 3000 3190 3001
f 3001 3190 3378
f 3001 3378 3182
f 3002 3182 3191
f 3002 3191 3192
f 3002 3192 3003
f 3003 3192 3193
f 3003 3193 3004
f 3004 3193 3194
f 3004 3194 3005
f 3005 3194 3006
f 3006 3194 3195
f 3006 3195 3196
f 3006 3196 3007
f 3007 3196 3197
f 3007 3197 3008
f 3008 3197 3198
f 3008 3198 3010
f 3008 3010 3009
f 3010 3198 3011
f 3011 3198 3199
f 3011 3199 3200
f 3011 3200 3026
f 3013 3172 3201
f 3013 3201 3202
f 3013 3202 3019
f 3014 3020 3203
f 3014 3203 3204
f 3014 3204 3015
f 3015 3204 3205
f 3015 3205 3206
f 3015 3206 3016
f 3016 3021 3017
f 3016 3206 3207
f 3016 3207 3021
f 3018 3019 3020
f 3019 3203 3020
f 3019 3202 3203
f 3021 3207 3208
f 3021 3208 3022
f 3023 3208 3209
f 3023 3209 3210
f 3023 3210 3211
f 3023 3211 3212
f 3023 3212 3213
f 3023 3213 3024
f 3024 3213 3214
f 3024 3214 3215
f 3024 3215 3025
f 3025 3215 3183
f 3026 3200 3216
f 3026 3216 3217
f 3026 3217 3027
f 3027 3217 3028
f 3028 3217 3218
f 3028 3218 3029
f 3029 3218 3219
f 3029 3219 3220
f 3029 3220 3030
f 3030 3220 3032
f 3030 3032 3031
f 3032 3220 3221
f 3032 3221 3033
f 3033 3221 3222
f 3033 3222 3223
f 3033 3223 3034
f 3034 3223 3222
f 3034 3222 3044
f 3034 3044 3224
f 3034 3224 3035
f 3035 3224 3036
f 3036 3044 3043
f 3036 3043 3042
f 3036 3042 3037
f 3036 3224 3044
f 3038 3044 3222
f 3038 3222 3225
f 3038 3225 3226
f 3038 3226 3227
f 3038 3227 3228
f 3038 3228 3229
f 3038 3229 3039
f 3039 3229 3230
f 3039 3230 3040
f 3040 3045 3041
f 3040 3230 3231
f 3040 3231 3232
f 3040 3232 3045
f 3045 3233 3234
f 3045 3234 3046
f 3045 3232 3235
f 3045 3235 3236
f 3045 3236 3237
f 3045 3237 3233
f 3046 3234 3048
f 3048 3234 3238
f 3048 3238 3049
f 3049 3238 3050
f 3050 3239 3240
f 3050 3240 3052
f 3050 3052 3051
f 3050 3238 3239
f 3052 3241 3242
f 3052 3242 3053
f 3052 3240 3243
f 3052 3243 3241
f 3053 3055 3054
f 3053 3242 3244
f 3053 3244 3245
f 3053 3245 3246
f 3053 3246 3055
f 3055 3246 3247
f 3055 3247 3248
f 3055 3248 3056
f 3056 3248 3249
f 3056 3249 3057
f 3057 3249 3058
f 3058 3249 3250
f 3058 3250 3059
f 3059 3251 3060
f 3059 3250 3252
f 3059 3252 3253
f 3059 3253 3254
f 3059 3254 3255
f 3059 3255 3251
f 3060 3251 3061
f 3061 3251 3063
f 3063 3256 3064
f 3063 3251 3256
f 3064 3257 3258
f 3064 3258 3259
f 3064 3259 3260
f 3064 3260 3261
f 3064 3261 3065
f 3064 3256 3262
f 3064 3262 3263
f 3064 3263 3257
f 3065 3261 3264
f 3065 3264 3072
f 3065 3072 3066
f 3066 3072 3265
f 3066 3265 3266
f 3066 3266 3067
f 3067 3266 3071
f 3067 3071 3070
f 3067 3070 3069
f 3067 3069 3068
f 3071 3266 3265
f 3071 3265 3072
f 3072 3264 3260
f 3072 3260 3267
f 3072 3267 3268
f 3072 3268 3073
f 3073 3268 3269
f 3073 3269 3125
f 3073 3125 3124
f 3073 3124 3074
f 3074 3124 3077
f 3074 3077 3076
f 3074 3076 3075
f 3077 3124 3078
f 3080 3123 3270
f 3080 3270 3271
f 3080 3271 3081
f 3081 3271 3272
f 3081 3272 3082
f 3082 3272 3273
f 3082 3273 3274
f 3082 3274 3086
f 3083 3275 3084
f 3083 3087 3275
f 3084 3275 3085
f 3085 3275 3276
f 3085 3276 3277
f 3085 3277 3278
f 3085 3278 3088
f 3086 3274 3279
f 3086 3279 3280
f 3086 3280 3281
f 3086 3281 3282
f 3086 3282 3087
f 3087 3282 3283
f 3087 3283 3284
f 3087 3284 3285
f 3087 3285 3286
f 3087 3286 3287
f 3087 3287 3288
f 3087 3288 3277
f 3087 3277 3276
f 3087 3276 3275
f 3088 3278 3089
f 3089 3278 3286
f 3089 3286 3289
f 3089 3289 3290
f 3089 3290 3291
f 3089 3291 3292
f 3089 3292 3293
f 3089 3293 3294
f 3089 3294 3090
f 3090 3294 3295
f 3090 3295 3091
f 3091 3295 3296
f 3091 3296 3092
f 3092 3296 3297
f 3092 3297 3094
f 3094 3297 3298
f 3094 3298 3095
f 3095 3299 3096
f 3095 3298 3300
f 3095 3300 3301
f 3095 3301 3302
f 3095 3302 3303
f 3095 3303 3304
f 3095 3304 3299
f 3096 3299 3098
f 3098 3299 3305
f 3098 3305 3126
f 3101 3125 3269
f 3101 3269 3306
f 3101 3306 3102
f 3102 3306 3103
f 3103 3306 3258
f 3103 3258 3307
f 3103 3307 3104
f 3104 3107 3308
f 3104 3308 3105
f 3104 3307 3309
f 3104 3309 3107
f 3105 3308 3106
f 3106 3308 3107
f 3107 3309 3108
f 3108 3309 3310
f 3108 3310 3311
f 3108 3311 3110
f 3109 3112 3312
f 3109 3312 3113
f 3110 3311 3111
f 3111 3313 3112
f 3111 3311 3314
f 3111 3314 3315
f 3111 3315 3316
f 3111 3316 3317
f 3111 3317 3313
f 3112 3313 3312
f 3113 3312 3115
f 3115 3318 3116
f 3115 3312 3319
f 3115 3319 3320
f 3115 3320 3321
f 3115 3321 3318
f 3116 3318 3117
f 3117 3318 3322
f 3117 3322 3118
f 3118 3322 3323
f 3118 3323 3119
f 3119 3323 3324
f 3119 3324 3120
f 3120 3324 3121
f 3121 3324 3325
f 3121 3325 3326
f 3121 3326 3122
f 3122 3326 3123
f 3123 3326 3327
f 3123 3327 3270
f 3126 3305 3127
f 3127 3305 3299
f 3127 3299 3328
f 3127 3328 3329
f 3127 3329 3330
f 3127 3330 3128
f 3128 3330 3129
f 3129 3330 3331
f 3129 3331 3130
f 3130 3331 3332
f 3130 3332 3132
f 3130 3132 3131
f 3132 3332 3333
f 3132 3333 3133
f 3133 3333 3134
f 3134 3333 3334
f 3134 3334 3136
f 3136 3334 3137
f 3137 3335 3336
f 3137 3336 3337
f 3137 3337 3138
f 3137 3334 3338
f 3137 3338 3335
f 3138 3337 3336
f 3138 3336 3139
f 3139 3339 3340
f 3139 3340 3341
f 3139 3341 3141
f 3139 3141 3140
f 3139 3336 3339
f 3141 3341 3142
f 3142 3341 3342
f 3142 3342 3149
f 3143 3146 3145
f 3145 3146 3147
f 3148 3174 3173
f 3148 3149 3343
f 3148 3343 3174
f 3149 3342 3341
f 3149 3341 3344
f 3149 3344 3345
f 3149 3345 3174
f 3149 3174 3343
f 3151 3177 3152
f 3152 3177 3346
f 3152 3346 3347
f 3152 3347 3348
f 3152 3348 3349
f 3152 3349 3153
f 3153 3349 3350
f 3153 3350 3157
f 3153 3157 3154
f 3154 3157 3156
f 3157 3351 3158
f 3157 3350 3348
f 3157 3348 3351
f 3158 3351 3348
f 3158 3348 3352
f 3158 3352 3353
f 3158 3353 3354
f 3158 3354 3355
f 3158 3355 3159
f 3159 3355 3161
f 3160 3161 3356
f 3160 3356 3357
f 3160 3357 3358
f 3160 3358 3162
f 3161 3355 3359
f 3161 3359 3360
f 3161 3360 3361
f 3161 3361 3356
f 3162 3358 3163
f 3163 3358 3362
f 3163 3362 3363
f 3163 3363 3164
f 3164 3364 3165
f 3164 3363 3365
f 3164 3365 3364
f 3165 3364 3366
f 3165 3366 3169
f 3167 3170 3171
f 3167 3171 3168
f 3169 3366 3367
f 3169 3367 3170
f 3170 3367 3368
f 3170 3368 3171
f 3171 3368 3369
f 3171 3369 3172
f 3172 3369 3370
f 3172 3370 3204
f 3172 3204 3203
f 3172 3203 3201
f 3174 3345 3175
f 3175 3345 3371
f 3175 3371 3178
f 3176 3181 3180
f 3176 3180 3372
f 3176 3372 3177
f 3177 3372 3373
f 3177 3373 3346
f 3178 3371 3374
f 3178 3374 3179
f 3179 3374 3375
f 3179 3375 3376
f 3179 3376 3377
f 3179 3377 3180
f 3180 3377 3372
f 3182 3378 3191
f 3183 3215 3214
f 3183 3214 3184
f 3184 3214 3379
f 3184 3379 3185
f 3185 3379 3380
f 3185 3380 3381
f 3185 3381 3382
f 3185 3382 3383
f 3185 3383 3186
f 3186 3383 3187
f 3187 3383 3188
f 3188 3383 3382
f 3188 3382 3384
f 3188 3384 3569
f 3188 3569 3385
f 3188 3385 3189
f 3189 3385 3378
f 3189 3378 3190
f 3191 3378 3385
f 3191 3385 3386
f 3191 3386 3387
f 3191 3387 3388
f 3191 3388 3192
f 3192 3388 3389
f 3192 3389 3390
f 3192 3390 3193
f 3193 3390 3391
f 3193 3391 3194
f 3194 3391 3195
f 3195 3391 3392
f 3195 3392 3393
f 3195 3393 3196
f 3196 3393 3394
f 3196 3394 3395
f 3196 3395 3197
f 3197 3395 3396
f 3197 3396 3198
f 3198 3396 3199
f 3199 3396 3397
f 3199 3397 3216
f 3199 3216 3200
f 3201 3203 3202
f 3204 3370 3398
f 3204 3398 3399
f 3204 3399 3400
f 3204 3400 3205
f 3205 3400 3206
f 3206 3400 3209
f 3206 3209 3207
f 3207 3209 3208
f 3209 3400 3401
f 3209 3401 3402
f 3209 3402 3210
f 3210 3402 3403
f 3210 3403 3211
f 3211 3403 3404
f 3211 3404 3212
f 3212 3404 3379
f 3212 3379 3213
f 3213 3379 3214
f 3216 3397 3405
f 3216 3405 3406
f 3216 3406 3217
f 3217 3406 3218
f 3218 3406 3407
f 3218 3407 3219
f 3219 3407 3225
f 3219 3225 3222
f 3219 3222 3220
f 3220 3222 3221
f 3225 3407 3226
f 3226 3408 3409
f 3226 3409 3227
f 3226 3407 3406
f 3226 3406 3408
f 3227 3409 3228
f 3228 3410 3411
f 3228 3411 3230
f 3228 3230 3229
f 3228 3409 3412
f 3228 3412 3413
f 3228 3413 3414
f 3228 3414 3415
f 3228 3415 3416
f 3228 3416 3417
f 3228 3417 3410
f 3230 3411 3410
f 3230 3410 3418
f 3230 3418 3231
f 3231 3418 3419
f 3231 3419 3235
f 3231 3235 3232
f 3233 3237 3420
f 3233 3420 3234
f 3234 3420 3238
f 3235 3419 3421
f 3235 3421 3236
f 3236 3421 3422
f 3236 3422 3423
f 3236 3423 3237
f 3237 3423 3424
f 3237 3424 3241
f 3237 3241 3425
f 3237 3425 3420
f 3238 3420 3239
f 3239 3425 3241
f 3239 3241 3243
f 3239 3243 3240
f 3239 3420 3425
f 3241 3424 3426
f 3241 3426 3427
f 3241 3427 3428
f 3241 3428 3429
f 3241 3429 3242
f 3242 3429 3430
f 3242 3430 3244
f 3244 3430 3245
f 3245 3430 3431
f 3245 3431 3432
f 3245 3432 3433
f 3245 3433 3246
f 3246 3433 3248
f 3246 3248 3247
f 3248 3433 3434
f 3248 3434 3435
f 3248 3435 3436
f 3248 3436 3249
f 3249 3436 3437
f 3249 3437 3438
f 3249 3438 3439
f 3249 3439 3440
f 3249 3440 3441
f 3249 3441 3250
f 3250 3441 3307
f 3250 3307 3442
f 3250 3442 3253
f 3250 3253 3252
f 3251 3255 3254
f 3251 3254 3263
f 3251 3263 3256
f 3253 3442 3443
f 3253 3443 3254
f 3254 3443 3307
f 3254 3307 3263
f 3256 3263 3262
f 3257 3263 3258
f 3258 3306 3267
f 3258 3267 3260
f 3258 3260 3259
f 3258 3263 3307
f 3260 3264 3261
f 3267 3306 3268
f 3268 3306 3269
f 3270 3327 3444
f 3270 3444 3445
f 3270 3445 3271
f 3271 3445 3446
f 3271 3446 3274
f 3271 3274 3272
f 3272 3274 3273
f 3274 3446 3447
f 3274 3447 3448
f 3274 3448 3279
f 3277 3288 3449
f 3277 3449 3278
f 3278 3449 3286
f 3279 3448 3280
f 3280 3450 3454
f 3280 3454 3451
f 3280 3451 3281
f 3280 3448 3452
f 3280 3452 3453
f 3280 3453 3450
f 3281 3451 3282
f 3282 3454 3455
f 3282 3455 3456
f 3282 3456 3457
f 3282 3457 3285
f 3282 3285 3283
f 3282 3451 3454
f 3283 3285 3284
f 3285 3457 3458
f 3285 3458 3459
f 3285 3459 3460
f 3285 3460 3286
f 3286 3460 3461
f 3286 3461 3289
f 3286 3449 3287
f 3287 3449 3288
f 3289 3462 3463
f 3289 3463 3290
f 3289 3461 3464
f 3289 3464 3462
f 3290 3463 3465
f 3290 3465 3291
f 3291 3465 3292
f 3292 3465 3466
f 3292 3466 3467
f 3292 3467 3293
f 3293 3467 3468
f 3293 3468 3469
f 3293 3469 3294
f 3294 3469 3470
f 3294 3470 3295
f 3295 3470 3296
f 3296 3470 3471
f 3296 3471 3297
f 3297 3471 3472
f 3297 3472 3473
f 3297 3473 3298
f 3298 3473 3474
f 3298 3474 3300
f 3299 3304 3328
f 3300 3475 3301
f 3300 3474 3475
f 3301 3475 3302
f 3302 3475 3476
f 3302 3476 3477
f 3302 3477 3303
f 3303 3477 3478
f 3303 3478 3479
f 3303 3479 3480
f 3303 3480 3481
f 3303 3481 3482
f 3303 3482 3304
f 3304 3482 3483
f 3304 3483 3328
f 3307 3484 3485
f 3307 3485 3310
f 3307 3310 3309
f 3307 3443 3442
f 3307 3441 3440
f 3307 3440 3486
f 3307 3486 3484
f 3310 3485 3484
f 3310 3484 3487
f 3310 3487 3314
f 3310 3314 3311
f 3312 3313 3319
f 3313 3317 3488
f 3313 3488 3319
f 3314 3487 3316
f 3314 3316 3315
f 3316 3489 3490
f 3316 3490 3491
f 3316 3491 3317
f 3316 3487 3492
f 3316 3492 3493
f 3316 3493 3494
f 3316 3494 3495
f 3316 3495 3489
f 3317 3491 3490
f 3317 3490 3496
f 3317 3496 3497
f 3317 3497 3319
f 3317 3319 3488
f 3318 3321 3498
f 3318 3498 3322
f 3319 3497 3499
f 3319 3499 3320
f 3320 3499 3497
f 3320 3497 3500
f 3320 3500 3501
f 3320 3501 3502
f 3320 3502 3321
f 3321 3502 3503
f 3321 3503 3504
f 3321 3504 3498
f 3322 3498 3503
f 3322 3503 3505
f 3322 3505 3506
f 3322 3506 3507
f 3322 3507 3323
f 3323 3507 3508
f 3323 3508 3324
f 3324 3508 3509
f 3324 3509 3325
f 3325 3509 3327
f 3325 3327 3326
f 3327 3510 3682
f 3327 3682 3511
f 3327 3511 3512
f 3327 3512 3444
f 3327 3509 3510
f 3328 3483 3329
f 3329 3483 3482
f 3329 3482 3481
f 3329 3481 3330
f 3330 3481 3513
f 3330 3513 3514
f 3330 3514 3515
f 3330 3515 3331
f 3331 3516 3517
f 3331 3517 3518
f 3331 3518 3335
f 3331 3335 3338
f 3331 3338 3333
f 3331 3333 3332
f 3331 3515 3519
f 3331 3519 3516
f 3333 3338 3334
f 3335 3518 3520
f 3335 3520 3521
f 3335 3521 3522
f 3335 3522 3523
f 3335 3523 3336
f 3336 3523 3524
f 3336 3524 3525
f 3336 3525 3526
f 3336 3526 3339
f 3339 3526 3527
f 3339 3527 3376
f 3339 3376 3375
f 3339 3375 3528
f 3339 3528 3341
f 3339 3341 3340
f 3341 3528 3374
f 3341 3374 3529
f 3341 3529 3344
f 3344 3529 3345
f 3345 3529 3371
f 3346 3373 3530
f 3346 3530 3531
f 3346 3531 3532
f 3346 3532 3533
f 3346 3533 3347
f 3347 3533 3348
f 3348 3350 3349
f 3348 3533 3534
f 3348 3534 3531
f 3348 3531 3535
f 3348 3535 3536
f 3348 3536 3537
f 3348 3537 3538
f 3348 3538 3539
f 3348 3539 3540
f 3348 3540 3352
f 3352 3540 3353
f 3353 3540 3541
f 3353 3541 3354
f 3354 3541 3542
f 3354 3542 3360
f 3354 3360 3359
f 3354 3359 3355
f 3356 3361 3357
f 3357 3361 3360
f 3357 3360 3358
f 3358 3360 3543
f 3358 3543 3362
f 3360 3542 3544
f 3360 3544 3539
f 3360 3539 3545
f 3360 3545 3546
f 3360 3546 3547
f 3360 3547 3548
f 3360 3548 3543
f 3362 3543 3548
f 3362 3548 3547
f 3362 3547 3549
f 3362 3549 3550
f 3362 3550 3551
f 3362 3551 3552
f 3362 3552 3553
f 3362 3553 3554
f 3362 3554 3555
f 3362 3555 3363
f 3363 3555 3556
f 3363 3556 3365
f 3364 3365 3366
f 3365 3556 3366
f 3366 3369 3368
f 3366 3368 3367
f 3366 3556 3557
f 3366 3557 3558
f 3366 3558 3369
f 3369 3558 3559
f 3369 3559 3560
f 3369 3560 3561
f 3369 3561 3370
f 3370 3561 3398
f 3371 3529 3374
f 3372 3377 3373
f 3373 3377 3562
f 3373 3562 3530
f 3374 3528 3375
f 3376 3527 3535
f 3376 3535 3530
f 3376 3530 3377
f 3377 3530 3562
f 3379 3404 3380
f 3380 3404 3563
f 3380 3563 3564
f 3380 3564 3566
f 3380 3566 3381
f 3381 3565 3382
f 3381 3566 3567
f 3381 3567 3565
f 3382 3565 3568
f 3382 3568 3384
f 3384 3568 3567
f 3384 3567 3570
f 3384 3570 3569
f 3385 3569 3571
f 3385 3571 3386
f 3386 3571 3387
f 3387 3571 3569
f 3387 3569 3572
f 3387 3572 3573
f 3387 3573 3389
f 3387 3389 3388
f 3389 3573 3574
f 3389 3574 3575
f 3389 3575 3391
f 3389 3391 3390
f 3391 3575 3576
f 3391 3576 3392
f 3392 3576 3577
f 3392 3577 3393
f 3393 3577 3394
f 3394 3577 3723
f 3394 3723 3578
f 3394 3578 3728
f 3394 3728 3579
f 3394 3579 3395
f 3395 3579 3396
f 3396 3579 3397
f 3397 3579 3580
f 3397 3580 3581
f 3397 3581 3405
f 3398 3561 3582
f 3398 3582 3399
f 3399 3582 3401
f 3399 3401 3400
f 3401 3582 3583
f 3401 3583 3402
f 3402 3583 3584
f 3402 3584 3403
f 3403 3584 3404
f 3404 3584 3563
f 3405 3581 3585
f 3405 3585 3586
f 3405 3586 3587
f 3405 3587 3406
f 3406 3587 3408
f 3408 3587 3588
f 3408 3588 3409
f 3409 3588 3589
f 3409 3589 3412
f 3410 3417 3590
f 3410 3590 3418
f 3412 3589 3591
f 3412 3591 3414
f 3412 3414 3413
f 3414 3591 3592
f 3414 3592 3415
f 3415 3592 3593
f 3415 3593 3594
f 3415 3594 3595
f 3415 3595 3416
f 3416 3595 3596
f 3416 3596 3417
f 3417 3596 3590
f 3418 3590 3596
f 3418 3596 3419
f 3419 3596 3597
f 3419 3597 3598
f 3419 3598 3422
f 3419 3422 3421
f 3422 3598 3423
f 3423 3598 3599
f 3423 3599 3600
f 3423 3600 3601
f 3423 3601 3424
f 3424 3601 3602
f 3424 3602 3426
f 3426 3602 3427
f 3427 3603 3604
f 3427 3604 3605
f 3427 3605 3606
f 3427 3606 3607
f 3427 3607 3428
f 3427 3602 3603
f 3428 3608 3430
f 3428 3430 3429
f 3428 3607 3609
f 3428 3609 3608
f 3430 3608 3610
f 3430 3610 3431
f 3431 3610 3612
f 3431 3612 3611
f 3431 3611 3432
f 3432 3611 3612
f 3432 3612 3493
f 3432 3493 3613
f 3432 3613 3433
f 3433 3613 3614
f 3433 3614 3615
f 3433 3615 3434
f 3434 3615 3435
f 3435 3615 3616
f 3435 3616 3437
f 3435 3437 3436
f 3437 3616 3617
f 3437 3617 3438
f 3438 3617 3484
f 3438 3484 3486
f 3438 3486 3439
f 3439 3486 3440
f 3444 3512 3618
f 3444 3618 3619
f 3444 3619 3445
f 3445 3619 3620
f 3445 3620 3447
f 3445 3447 3446
f 3447 3620 3448
f 3448 3620 3452
f 3450 3453 3621
f 3450 3621 3454
f 3452 3620 3622
f 3452 3622 3623
f 3452 3623 3453
f 3453 3623 3624
f 3453 3624 3621
f 3454 3621 3455
f 3455 3621 3624
f 3455 3624 3625
f 3455 3625 3456
f 3456 3625 3626
f 3456 3626 3627
f 3456 3627 3457
f 3457 3627 3458
f 3458 3628 3460
f 3458 3460 3459
f 3458 3627 3626
f 3458 3626 3629
f 3458 3629 3630
f 3458 3630 3628
f 3460 3628 3631
f 3460 3631 3461
f 3461 3631 3632
f 3461 3632 3464
f 3462 3466 3465
f 3462 3465 3463
f 3462 3464 3466
f 3464 3633 3467
f 3464 3467 3634
f 3464 3634 3466
f 3464 3632 3633
f 3466 3634 3467
f 3467 3635 3636
f 3467 3636 3468
f 3467 3633 3637
f 3467 3637 3638
f 3467 3638 3639
f 3467 3639 3640
f 3467 3640 3641
f 3467 3641 3642
f 3467 3642 3643
f 3467 3643 3644
f 3467 3644 3635
f 3468 3636 3635
f 3468 3635 3645
f 3468 3645 3646
f 3468 3646 3647
f 3468 3647 3471
f 3468 3471 3470
f 3468 3470 3469
f 3471 3647 3646
f 3471 3646 3472
f 3472 3646 3473
f 3473 3646 3648
f 3473 3648 3474
f 3474 3476 3475
f 3474 3648 3649
f 3474 3649 3650
f 3474 3650 3651
f 3474 3651 3652
f 3474 3652 3476
f 3476 3652 3477
f 3477 3652 3653
f 3477 3653 3478
f 3478 3653 3654
f 3478 3654 3479
f 3479 3655 3656
f 3479 3656 3480
f 3479 3654 3657
f 3479 3657 3658
f 3479 3658 3659
f 3479 3659 3660
f 3479 3660 3661
f 3479 3661 3662
f 3479 3662 3663
f 3479 3663 3664
f 3479 3664 3655
f 3480 3656 3665
f 3480 3665 3481
f 3481 3665 3516
f 3481 3516 3513
f 3484 3617 3492
f 3484 3492 3487
f 3489 3500 3490
f 3489 3495 3666
f 3489 3666 3667
f 3489 3667 3606
f 3489 3606 3668
f 3489 3668 3500
f 3490 3500 3496
f 3492 3617 3493
f 3493 3612 3494
f 3493 3617 3616
f 3493 3616 3614
f 3493 3614 3613
f 3494 3612 3666
f 3494 3666 3495
f 3496 3500 3497
f 3498 3504 3503
f 3500 3668 3502
f 3500 3502 3501
f 3502 3669 3670
f 3502 3670 3503
f 3502 3668 3606
f 3502 3606 3671
f 3502 3671 3672
f 3502 3672 3673
f 3502 3673 3669
f 3503 3670 3674
f 3503 3674 3505
f 3505 3674 3669
f 3505 3669 3675
f 3505 3675 3676
f 3505 3676 3506
f 3506 3677 3507
f 3506 3676 3678
f 3506 3678 3677
f 3507 3677 3508
f 3508 3677 3678
f 3508 3678 3679
f 3508 3679 3680
f 3508 3680 3510
f 3508 3510 3509
f 3510 3680 3681
f 3510 3681 3682
f 3511 3682 3683
f 3511 3683 3684
f 3511 3684 3685
f 3511 3685 3686
f 3511 3686 3512
f 3512 3686 3687
f 3512 3687 3618
f 3513 3516 3514
f 3514 3516 3515
f 3515 3516 3519
f 3516 3665 3517
f 3517 3665 3656
f 3517 3656 3520
f 3517 3520 3518
f 3520 3656 3655
f 3520 3655 3521
f 3521 3688 3689
f 3521 3689 3522
f 3521 3655 3688
f 3522 3689 3690
f 3522 3690 3691
f 3522 3691 3524
f 3522 3524 3523
f 3524 3691 3690
f 3524 3690 3692
f 3524 3692 3527
f 3524 3527 3525
f 3525 3527 3526
f 3527 3690 3536
f 3527 3536 3535
f 3527 3692 3690
f 3530 3535 3531
f 3531 3534 3532
f 3532 3534 3533
f 3536 3690 3537
f 3537 3690 3693
f 3537 3693 3694
f 3537 3694 3538
f 3538 3694 3539
f 3539 3694 3695
f 3539 3695 3545
f 3539 3544 3541
f 3539 3541 3540
f 3541 3544 3542
f 3545 3695 3694
f 3545 3694 3696
f 3545 3696 3546
f 3546 3696 3697
f 3546 3697 3547
f 3547 3697 3549
f 3549 3697 3550
f 3550 3697 3698
f 3550 3698 3551
f 3551 3698 3699
f 3551 3699 3552
f 3552 3699 3700
f 3552 3700 3553
f 3553 3700 3701
f 3553 3701 3702
f 3553 3702 3703
f 3553 3703 3704
f 3553 3704 3705
f 3553 3705 3555
f 3553 3555 3554
f 3555 3705 3556
f 3556 3705 3557
f 3557 3559 3558
f 3557 3705 3704
f 3557 3704 3703
f 3557 3703 3706
f 3557 3706 3707
f 3557 3707 3559
f 3559 3707 3560
f 3560 3707 3708
f 3560 3708 3709
f 3560 3709 3583
f 3560 3583 3582
f 3560 3582 3561
f 3563 3710 3564
f 3563 3584 3711
f 3563 3711 3712
f 3563 3712 3713
f 3563 3713 3710
f 3564 3710 3714
f 3564 3714 3715
f 3564 3715 3566
f 3565 3567 3568
f 3566 3715 3716
f 3566 3716 3567
f 3567 3716 3570
f 3569 3570 3717
f 3569 3717 3718
f 3569 3718 3572
f 3570 3716 3719
f 3570 3719 3717
f 3572 3718 3720
f 3572 3720 3573
f 3573 3720 3721
f 3573 3721 3574
f 3574 3721 3722
f 3574 3722 3723
f 3574 3723 3577
f 3574 3577 3575
f 3575 3577 3724
f 3575 3724 3576
f 3576 3724 3577
f 3578 3723 3725
f 3578 3725 3726
f 3578 3726 3727
f 3578 3727 3728
f 3579 3728 3585
f 3579 3585 3580
f 3580 3585 3581
f 3583 3709 3729
f 3583 3729 3730
f 3583 3730 3731
f 3583 3731 3732
f 3583 3732 3584
f 3584 3732 3711
f 3585 3728 3733
f 3585 3733 3586
f 3586 3733 3587
f 3587 3733 3734
f 3587 3734 3588
f 3588 3734 3735
f 3588 3735 3589
f 3589 3735 3592
f 3589 3592 3591
f 3592 3735 3593
f 3593 3735 3736
f 3593 3736 3737
f 3593 3737 3594
f 3594 3597 3595
f 3594 3737 3738
f 3594 3738 3739
f 3594 3739 3740
f 3594 3740 3741
f 3594 3741 3742
f 3594 3742 3743
f 3594 3743 3597
f 3595 3597 3596
f 3597 3743 3598
f 3598 3743 3744
f 3598 3744 3599
f 3599 3744 3745
f 3599 3745 3600
f 3600 3602 3601
f 3600 3745 3746
f 3600 3746 3747
f 3600 3747 3603
f 3600 3603 3602
f 3603 3747 3605
f 3603 3605 3604
f 3605 3747 3606
f 3606 3667 3748
f 3606 3748 3749
f 3606 3749 3607
f 3606 3747 3671
f 3607 3749 3609
f 3608 3609 3749
f 3608 3749 3748
f 3608 3748 3667
f 3608 3667 3666
f 3608 3666 3612
f 3608 3612 3610
f 3614 3616 3615
f 3618 3622 3620
f 3618 3620 3619
f 3618 3687 3686
f 3618 3686 3750
f 3618 3750 3751
f 3618 3751 3752
f 3618 3752 3753
f 3618 3753 3754
f 3618 3754 3755
f 3618 3755 3622
f 3622 3755 3756
f 3622 3756 3623
f 3623 3756 3757
f 3623 3757 3624
f 3624 3757 3625
f 3625 3757 3868
f 3625 3868 3758
f 3625 3758 3626
f 3626 3758 3759
f 3626 3759 3760
f 3626 3760 3761
f 3626 3761 3762
f 3626 3762 3763
f 3626 3763 3629
f 3628 3630 3764
f 3628 3764 3765
f 3628 3765 3631
f 3629 3763 3630
f 3630 3763 3764
f 3631 3765 3876
f 3631 3876 3766
f 3631 3766 3767
f 3631 3767 3632
f 3632 3767 3768
f 3632 3768 3769
f 3632 3769 3633
f 3633 3769 3638
f 3633 3638 3637
f 3635 3644 3770
f 3635 3770 3650
f 3635 3650 3771
f 3635 3771 3646
f 3635 3646 3645
f 3638 3769 3772
f 3638 3772 3639
f 3639 3772 3773
f 3639 3773 3774
f 3639 3774 3640
f 3640 3774 3641
f 3641 3774 3642
f 3642 3774 3775
f 3642 3775 3776
f 3642 3776 3643
f 3643 3776 3777
f 3643 3777 3778
f 3643 3778 3779
f 3643 3779 3644
f 3644 3779 3780
f 3644 3780 3770
f 3646 3771 3649
f 3646 3649 3648
f 3649 3771 3650
f 3650 3770 3781
f 3650 3781 3782
f 3650 3782 3699
f 3650 3699 3783
f 3650 3783 3784
f 3650 3784 3785
f 3650 3785 3786
f 3650 3786 3651
f 3651 3786 3652
f 3652 3786 3653
f 3653 3786 3654
f 3654 3786 3658
f 3654 3658 3657
f 3655 3664 3688
f 3658 3787 3788
f 3658 3788 3659
f 3658 3786 3787
f 3659 3788 3789
f 3659 3789 3790
f 3659 3790 3660
f 3660 3790 3696
f 3660 3696 3791
f 3660 3791 3662
f 3660 3662 3661
f 3662 3791 3693
f 3662 3693 3792
f 3662 3792 3663
f 3663 3792 3664
f 3664 3792 3793
f 3664 3793 3688
f 3669 3673 3794
f 3669 3794 3795
f 3669 3795 3676
f 3669 3676 3675
f 3669 3674 3670
f 3671 3747 3746
f 3671 3746 3672
f 3672 3746 3745
f 3672 3745 3796
f 3672 3796 3797
f 3672 3797 3798
f 3672 3798 3794
f 3672 3794 3673
f 3676 3795 3678
f 3678 3795 3679
f 3679 3799 3681
f 3679 3681 3680
f 3679 3795 3799
f 3681 3799 3683
f 3681 3683 3682
f 3683 3799 3800
f 3683 3800 3684
f 3684 3800 3685
f 3685 3800 3750
f 3685 3750 3686
f 3688 3793 3689
f 3689 3793 3792
f 3689 3792 3801
f 3689 3801 3690
f 3690 3801 3693
f 3693 3801 3792
f 3693 3791 3696
f 3693 3696 3694
f 3696 3790 3789
f 3696 3789 3788
f 3696 3788 3802
f 3696 3802 3697
f 3697 3802 3788
f 3697 3788 3787
f 3697 3787 3784
f 3697 3784 3698
f 3698 3784 3783
f 3698 3783 3803
f 3698 3803 3699
f 3699 3782 3804
f 3699 3804 3700
f 3699 3803 3783
f 3700 3804 3702
f 3700 3702 3701
f 3702 3707 3703
f 3702 3804 3805
f 3702 3805 3806
f 3702 3806 3707
f 3703 3707 3807
f 3703 3807 3706
f 3706 3807 3707
f 3707 3806 3777
f 3707 3777 3808
f 3707 3808 3809
f 3707 3809 3810
f 3707 3810 3811
f 3707 3811 3812
f 3707 3812 3813
f 3707 3813 3729
f 3707 3729 3709
f 3707 3709 3708
f 3710 3713 3814
f 3710 3814 3815
f 3710 3815 3714
f 3711 3732 3731
f 3711 3731 3816
f 3711 3816 3712
f 3712 3731 3713
f 3712 3816 3731
f 3713 3731 3817
f 3713 3817 3814
f 3714 3815 3715
f 3715 3815 3818
f 3715 3818 3819
f 3715 3819 3716
f 3716 3819 3820
f 3716 3820 3719
f 3717 3821 3718
f 3717 3719 3821
f 3718 3821 3822
f 3718 3822 3823
f 3718 3823 3824
f 3718 3824 3720
f 3719 3820 3825
f 3719 3825 3826
f 3719 3826 3827
f 3719 3827 3822
f 3719 3822 3821
f 3720 3824 3828
f 3720 3828 3829
f 3720 3829 3721
f 3721 3830 3725
f 3721 3725 3723
f 3721 3723 3722
f 3721 3829 3830
f 3725 3830 3831
f 3725 3831 3726
f 3726 3831 3832
f 3726 3832 3833
f 3726 3833 3834
f 3726 3834 3835
f 3726 3835 3727
f 3727 3835 3836
f 3727 3836 3837
f 3727 3837 3733
f 3727 3733 3728
f 3729 3813 3730
f 3730 3813 3812
f 3730 3812 3838
f 3730 3838 3731
f 3731 3838 3817
f 3733 3837 3839
f 3733 3839 3734
f 3734 3839 3837
f 3734 3837 3840
f 3734 3840 3735
f 3735 3840 3841
f 3735 3841 3842
f 3735 3842 3736
f 3736 3842 3737
f 3737 3842 3843
f 3737 3843 3738
f 3738 3843 3844
f 3738 3844 3845
f 3738 3845 3846
f 3738 3846 3847
f 3738 3847 3739
f 3739 3847 3848
f 3739 3848 3740
f 3740 3848 3849
f 3740 3849 3850
f 3740 3850 3741
f 3741 3850 3849
f 3741 3849 3851
f 3741 3851 3852
f 3741 3852 3853
f 3741 3853 3854
f 3741 3854 3742
f 3742 3854 3743
f 3743 3854 3744
f 3744 3854 3855
f 3744 3855 3745
f 3745 3855 3796
f 3750 3800 3856
f 3750 3856 3857
f 3750 3857 3858
f 3750 3858 3751
f 3751 3858 3752
f 3752 3858 3859
f 3752 3859 3860
f 3752 3860 3753
f 3753 3860 3861
f 3753 3861 3862
f 3753 3862 3754
f 3754 3862 3863
f 3754 3863 3864
f 3754 3864 3865
f 3754 3865 3866
f 3754 3866 3756
f 3754 3756 3755
f 3756 3866 3867
f 3756 3867 3757
f 3757 3867 3868
f 3758 3868 3759
f 3759 3868 3869
f 3759 3869 3870
f 3759 3870 3760
f 3760 3871 3761
f 3760 3870 3872
f 3760 3872 3827
f 3760 3827 3871
f 3761 3871 3762
f 3762 3871 3763
f 3763 3827 3826
f 3763 3826 3825
f 3763 3825 3820
f 3763 3820 3873
f 3763 3873 3874
f 3763 3874 3875
f 3763 3875 3765
f 3763 3765 3764
f 3763 3871 3827
f 3765 3875 3876
f 3766 3876 3768
f 3766 3768 3767
f 3768 3876 3877
f 3768 3877 3772
f 3768 3772 3769
f 3770 3780 3781
f 3772 3878 3879
f 3772 3879 3880
f 3772 3880 3773
f 3772 3877 3878
f 3773 3880 3775
f 3773 3775 3774
f 3775 3880 3810
f 3775 3810 3809
f 3775 3809 3808
f 3775 3808 3777
f 3775 3777 3776
f 3777 3881 3882
f 3777 3882 3778
f 3777 3806 3805
f 3777 3805 3804
f 3777 3804 3881
f 3778 3781 3779
f 3778 3882 3781
f 3779 3781 3780
f 3781 3882 3782
f 3782 3882 3881
f 3782 3881 3804
f 3784 3787 3786
f 3784 3786 3785
f 3794 3798 3883
f 3794 3883 3884
f 3794 3884 3795
f 3795 3800 3799
f 3795 3884 3883
f 3795 3883 3885
f 3795 3885 3886
f 3795 3886 3887
f 3795 3887 3800
f 3796 3888 3889
f 3796 3889 3797
f 3796 3855 3888
f 3797 3889 3852
f 3797 3852 3798
f 3798 3852 3883
f 3800 3887 3856
f 3810 3880 3879
f 3810 3879 3814
f 3810 3814 3817
f 3810 3817 3811
f 3811 3817 3838
f 3811 3838 3812
f 3814 3818 3815
f 3814 3879 3878
f 3814 3878 3890
f 3814 3890 3818
f 3818 3890 3819
f 3819 3890 3891
f 3819 3891 3820
f 3820 3891 3892
f 3820 3892 3873
f 3822 3872 3893
f 3822 3893 3894
f 3822 3894 3895
f 3822 3895 3823
f 3822 3827 3872
f 3823 3895 3896
f 3823 3896 3824
f 3824 3896 3829
f 3824 3829 3828
f 3829 3831 3897
f 3829 3897 3898
f 3829 3898 3830
f 3829 3896 3899
f 3829 3899 3831
f 3830 3898 3831
f 3831 3899 3900
f 3831 3900 3832
f 3831 3898 3897
f 3832 3900 3901
f 3832 3901 3833
f 3833 3901 3834
f 3834 3901 3835
f 3835 3901 3844
f 3835 3844 3836
f 3836 3844 3843
f 3836 3843 3902
f 3836 3902 3903
f 3836 3903 3837
f 3837 3903 3902
f 3837 3902 3840
f 3840 3902 3841
f 3841 3902 3842
f 3842 3902 3843
f 3844 3901 3900
f 3844 3900 3904
f 3844 3904 3905
f 3844 3905 3845
f 3845 3906 3846
f 3845 3905 3906
f 3846 3906 3907
f 3846 3907 3908
f 3846 3908 3848
f 3846 3848 3847
f 3848 3908 3907
f 3848 3907 3909
f 3848 3909 3886
f 3848 3886 3849
f 3849 3886 3851
f 3851 3886 3885
f 3851 3885 3883
f 3851 3883 3852
f 3852 3889 3888
f 3852 3888 3853
f 3853 3888 3854
f 3854 3888 3855
f 3856 3887 3910
f 3856 3910 3857
f 3857 3910 3911
f 3857 3911 3912
f 3857 3912 3858
f 3858 3912 3859
f 3859 3912 3913
f 3859 3913 3906
f 3859 3906 3860
f 3860 3906 3914
f 3860 3914 3861
f 3861 3914 3915
f 3861 3915 3862
f 3862 3915 3916
f 3862 3916 3863
f 3863 3917 3918
f 3863 3918 3919
f 3863 3919 3920
f 3863 3920 3864
f 3863 3916 3915
f 3863 3915 3917
f 3864 3920 3865
f 3865 3869 3868
f 3865 3868 3867
f 3865 3867 3866
f 3865 3920 3895
f 3865 3895 3894
f 3865 3894 3893
f 3865 3893 3869
f 3869 3893 3872
f 3869 3872 3870
f 3873 3892 3877
f 3873 3877 3874
f 3874 3877 3921
f 3874 3921 3876
f 3874 3876 3875
f 3876 3921 3877
f 3877 3892 3878
f 3878 3891 3890
f 3878 3892 3891
f 3886 3909 3907
f 3886 3907 3910
f 3886 3910 3887
f 3895 3920 3919
f 3895 3919 3896
f 3896 3919 3899
f 3899 3919 3918
f 3899 3918 3900
f 3900 3918 3922
f 3900 3922 3904
f 3904 3922 3923
f 3904 3923 3905
f 3905 3923 3914
f 3905 3914 3906
f 3906 3913 3907
f 3907 3913 3912
f 3907 3912 3911
f 3907 3911 3910
f 3914 3923 3917
f 3914 3917 3915
f 3917 3923 3918
f 3918 3923 3922

