# Blender 4.0.0
# www.blender.org
o PaperTowelHolder001
v 0.000000 0.000000 -0.155044
v -0.030543 0.057358 -0.151289
v 0.063839 -0.012065 -0.151289
v 0.012069 0.063853 -0.151289
v -0.061909 -0.019761 0.146757
v 0.015960 0.062996 -0.151289
v 0.064847 -0.004065 0.146757
v 0.051036 0.040213 0.146757
v 0.033899 0.055437 0.146757
v 0.027063 0.059083 0.146757
v 0.019762 0.061910 0.146757
v 0.043153 -0.048570 0.146757
v 0.048587 -0.043126 -0.151289
v 0.053326 -0.037123 -0.151289
v 0.057357 -0.030541 0.146757
v 0.057357 -0.030541 -0.151289
v 0.064472 0.008103 -0.151289
v 0.057357 0.030545 -0.151289
v -0.048572 0.043154 -0.151289
v -0.057357 0.030544 -0.151289
v -0.062995 0.015962 -0.151289
v -0.064472 -0.008100 -0.151289
v -0.057357 -0.030542 -0.151289
v -0.048572 -0.043151 -0.151289
v -0.043152 -0.048570 -0.151289
v -0.037124 -0.053325 -0.151289
v -0.030543 -0.057355 -0.151289
v -0.023466 -0.060600 -0.151289
v -0.008244 -0.064468 -0.151289
v 0.027063 -0.059080 -0.151289
v 0.033899 -0.055434 0.146757
v 0.051036 -0.040210 0.146757
v 0.055436 -0.033898 0.146757
v 0.059081 -0.027061 -0.151289
v 0.063852 -0.012068 0.146757
v 0.064847 0.004069 -0.151289
v -0.063852 0.012071 -0.151289
v -0.064847 0.004068 0.146757
v -0.045942 -0.045940 -0.151289
v -0.040211 -0.051034 -0.151289
v -0.027062 -0.059080 0.146757
v -0.019762 -0.061907 -0.151289
v 0.037125 -0.053324 0.146757
v 0.048572 -0.043151 0.146757
v 0.062995 -0.015959 0.146757
v 0.064472 -0.008099 0.146757
v 0.064974 0.000002 0.146757
v 0.064472 0.008103 0.146757
v 0.062995 0.015962 0.146757
v 0.060601 0.023468 0.146757
v 0.053326 0.037126 0.146757
v 0.048572 0.043154 0.146757
v 0.043153 0.048574 0.146757
v 0.037125 0.053328 0.146757
v 0.030543 0.057358 0.146757
v 0.023466 0.060603 0.146757
v 0.015960 0.062996 0.146757
v 0.008101 0.064474 0.146757
v -0.000000 0.064975 0.146757
v -0.008101 0.064473 0.146757
v -0.015961 0.062996 -0.151289
v -0.037125 0.053328 -0.151289
v -0.048572 0.043154 0.146757
v -0.053326 0.037126 0.146757
v -0.060601 0.023468 0.146757
v -0.062995 0.015962 0.146757
v -0.064472 0.008102 0.146757
v -0.064974 0.000001 0.146757
v -0.064472 -0.008100 0.146757
v -0.060601 -0.023465 0.146757
v -0.057357 -0.030542 0.146757
v -0.023466 -0.060600 0.146757
v 0.040211 -0.051034 0.146757
v 0.061909 -0.019761 0.146757
v 0.064847 -0.004065 -0.151289
v 0.064847 0.004069 0.146757
v 0.063852 0.012071 0.146757
v 0.061909 0.019764 0.146757
v 0.059081 0.027064 0.146757
v 0.055436 0.033901 0.146757
v 0.045942 0.045944 0.146757
v 0.012069 0.063853 0.146757
v 0.004067 0.064849 0.146757
v -0.004067 0.064849 0.146757
v -0.012069 0.063853 0.146757
v -0.019763 0.061910 0.146757
v -0.027063 0.059083 -0.151289
v -0.040211 0.051037 0.146757
v -0.045942 0.045943 0.146757
v -0.051036 0.040213 0.146757
v -0.055436 0.033901 0.146757
v -0.063852 0.012071 0.146757
v -0.064847 -0.004065 0.146757
v -0.063852 -0.012068 0.146757
v 0.000000 -0.064972 0.146757
v 0.000000 -0.027235 0.146757
v 0.000000 -0.027235 -0.151289
v 0.000000 -0.064972 -0.151289
v 0.003426 -0.027024 0.146757
v 0.003426 -0.027024 -0.151289
v 0.006709 -0.026408 0.146757
v 0.006709 -0.026408 -0.151289
v 0.015961 -0.062993 -0.151289
v 0.023467 -0.060600 0.146757
v 0.009832 -0.025412 0.146757
v 0.009832 -0.025412 -0.151289
v 0.023467 -0.060600 -0.151289
v 0.012784 -0.024058 0.146757
v 0.012784 -0.024058 -0.151289
v 0.030543 -0.057355 -0.151289
v 0.015543 -0.022368 0.146757
v 0.015543 -0.022368 -0.151289
v 0.037124 -0.053324 -0.151289
v 0.018081 -0.020365 0.146757
v 0.018081 -0.020365 -0.151289
v 0.043159 -0.048562 -0.151289
v 0.020367 -0.018080 0.146757
v 0.020367 -0.018080 -0.151289
v 0.022369 -0.015542 0.146757
v 0.022369 -0.015542 -0.151289
v 0.024060 -0.012782 0.146757
v 0.024060 -0.012782 -0.151289
v 0.025414 -0.009830 0.146757
v 0.025414 -0.009830 -0.151289
v 0.060601 -0.023465 -0.151289
v 0.026409 -0.006707 0.146757
v 0.026409 -0.006707 -0.151289
v 0.027025 -0.003424 0.146757
v 0.027025 -0.003424 -0.151289
v 0.064472 -0.008099 -0.151289
v 0.027237 0.000002 0.146757
v 0.027237 0.000002 -0.151289
v 0.027025 0.003427 0.146757
v 0.027025 0.003427 -0.151289
v 0.026409 0.006711 0.146757
v 0.026409 0.006711 -0.151289
v 0.025414 0.009834 0.146757
v 0.025414 0.009834 -0.151289
v 0.060601 0.023468 -0.151289
v 0.024060 0.012786 0.146757
v 0.024060 0.012786 -0.151289
v 0.022369 0.015545 0.146757
v 0.022369 0.015545 -0.151289
v 0.020367 0.018083 0.146757
v 0.020367 0.018083 -0.151289
v 0.018081 0.020369 0.146757
v 0.018082 0.020369 -0.151289
v 0.015543 0.022371 0.146757
v 0.015543 0.022371 -0.151289
v 0.012784 0.024061 0.146757
v 0.012784 0.024061 -0.151289
v 0.009832 0.025415 0.146757
v 0.009832 0.025415 -0.151289
v 0.006709 0.026411 0.146757
v 0.006709 0.026411 -0.151289
v 0.003426 0.027027 0.146757
v 0.003426 0.027027 -0.151289
v 0.008101 0.064473 -0.151289
v 0.000000 0.027238 0.146757
v 0.000000 0.027238 -0.151289
v -0.000000 0.064975 -0.151289
v -0.003426 0.027027 0.146757
v -0.003426 0.027027 -0.151289
v -0.006709 0.026411 0.146757
v -0.006709 0.026411 -0.151289
v -0.009832 0.025415 0.146757
v -0.009832 0.025415 -0.151289
v -0.023467 0.060603 -0.151289
v -0.012784 0.024061 0.146757
v -0.012784 0.024061 -0.151289
v -0.015543 0.022371 0.146757
v -0.015543 0.022371 -0.151289
v -0.018081 0.020369 0.146757
v -0.018081 0.020369 -0.151289
v -0.043153 0.048573 -0.151289
v -0.020367 0.018083 0.146757
v -0.020367 0.018083 -0.151289
v -0.022369 0.015545 0.146757
v -0.022369 0.015545 -0.151289
v -0.053326 0.037126 -0.151289
v -0.024059 0.012786 0.146757
v -0.024059 0.012786 -0.151289
v -0.025413 0.009834 0.146757
v -0.025413 0.009834 -0.151289
v -0.060601 0.023468 -0.151289
v -0.026409 0.006711 0.146757
v -0.026409 0.006711 -0.151289
v -0.027025 0.003428 0.146757
v -0.027025 0.003428 -0.151289
v -0.064472 0.008102 -0.151289
v -0.027237 0.000002 0.146757
v -0.027237 0.000002 -0.151289
v -0.027025 -0.003424 0.146757
v -0.027025 -0.003424 -0.151289
v -0.062995 -0.015959 0.146757
v -0.026409 -0.006707 0.146757
v -0.026409 -0.006707 -0.151289
v -0.062995 -0.015959 -0.151289
v -0.025414 -0.009830 0.146757
v -0.025413 -0.009830 -0.151289
v -0.060601 -0.023465 -0.151289
v -0.024060 -0.012782 0.146757
v -0.024060 -0.012782 -0.151289
v -0.022369 -0.015541 0.146757
v -0.022369 -0.015541 -0.151289
v -0.053326 -0.037123 -0.151289
v -0.048572 -0.043151 0.146757
v -0.020367 -0.018080 0.146757
v -0.020367 -0.018080 -0.151289
v -0.018082 -0.020365 0.146757
v -0.018081 -0.020365 -0.151289
v -0.015543 -0.022367 0.146757
v -0.015543 -0.022367 -0.151289
v -0.012784 -0.024058 0.146757
v -0.012784 -0.024058 -0.151289
v -0.009832 -0.025412 0.146757
v -0.009832 -0.025412 -0.151289
v -0.015960 -0.062993 0.146757
v -0.006709 -0.026408 0.146757
v -0.006709 -0.026408 -0.151289
v -0.015960 -0.062993 -0.151289
v -0.003426 -0.027024 0.146757
v -0.003426 -0.027024 -0.151289
v 0.001723 -0.027181 0.146757
v 0.001723 -0.027181 -0.151289
v 0.004067 -0.064846 -0.151289
v 0.005088 -0.026765 0.146757
v 0.005088 -0.026765 -0.151289
v 0.012069 -0.063850 -0.151289
v 0.008291 -0.025956 0.146757
v 0.008291 -0.025956 -0.151289
v 0.011331 -0.024778 0.146757
v 0.011331 -0.024778 -0.151289
v 0.014189 -0.023253 0.146757
v 0.014189 -0.023253 -0.151289
v 0.016842 -0.021404 0.146757
v 0.016842 -0.021404 -0.151289
v 0.040213 -0.051031 -0.151289
v 0.019258 -0.019256 0.146757
v 0.019258 -0.019256 -0.151289
v 0.045953 -0.045924 -0.151289
v 0.021405 -0.016840 0.146757
v 0.021405 -0.016840 -0.151289
v 0.051055 -0.040175 -0.151289
v 0.023255 -0.014188 0.146757
v 0.023255 -0.014188 -0.151289
v 0.055436 -0.033898 -0.151289
v 0.024780 -0.011329 0.146757
v 0.024780 -0.011329 -0.151289
v 0.025958 -0.008289 0.146757
v 0.025958 -0.008289 -0.151289
v 0.061909 -0.019761 -0.151289
v 0.026766 -0.005086 0.146757
v 0.026766 -0.005086 -0.151289
v 0.027183 -0.001722 0.146757
v 0.027183 -0.001722 -0.151289
v 0.027183 0.001725 0.146757
v 0.027183 0.001725 -0.151289
v 0.026766 0.005089 0.146757
v 0.026766 0.005089 -0.151289
v 0.063852 0.012071 -0.151289
v 0.025958 0.008293 0.146757
v 0.025958 0.008293 -0.151289
v 0.024780 0.011332 0.146757
v 0.024780 0.011332 -0.151289
v 0.023255 0.014191 0.146757
v 0.023255 0.014191 -0.151289
v 0.055436 0.033901 -0.151289
v 0.021406 0.016843 0.146757
v 0.021406 0.016843 -0.151289
v 0.019258 0.019259 0.146757
v 0.019258 0.019259 -0.151289
v 0.045942 0.045944 -0.151289
v 0.016842 0.021407 0.146757
v 0.016842 0.021407 -0.151289
v 0.014189 0.023257 0.146757
v 0.014190 0.023257 -0.151289
v 0.011331 0.024782 0.146757
v 0.011331 0.024782 -0.151289
v 0.008291 0.025959 0.146757
v 0.008291 0.025959 -0.151289
v 0.005088 0.026768 0.146757
v 0.005088 0.026768 -0.151289
v 0.001723 0.027185 0.146757
v 0.001723 0.027185 -0.151289
v -0.001723 0.027185 0.146757
v -0.001723 0.027185 -0.151289
v -0.004067 0.064849 -0.151289
v -0.005087 0.026768 0.146757
v -0.005087 0.026768 -0.151289
v -0.012111 0.063838 -0.151289
v -0.008291 0.025959 0.146757
v -0.008291 0.025959 -0.151289
v -0.011330 0.024782 0.146757
v -0.011330 0.024782 -0.151289
v -0.014189 0.023257 0.146757
v -0.014189 0.023257 -0.151289
v -0.033899 0.055437 -0.151289
v -0.016842 0.021407 0.146757
v -0.016842 0.021407 -0.151289
v -0.019258 0.019260 0.146757
v -0.019258 0.019259 -0.151289
v -0.045942 0.045943 -0.151289
v -0.021405 0.016844 0.146757
v -0.021405 0.016844 -0.151289
v -0.051036 0.040213 -0.151289
v -0.023255 0.014191 0.146757
v -0.023255 0.014191 -0.151289
v -0.055436 0.033901 -0.151289
v -0.024780 0.011332 0.146757
v -0.024780 0.011332 -0.151289
v -0.059081 0.027064 -0.151289
v -0.025957 0.008293 0.146757
v -0.025957 0.008293 -0.151289
v -0.061909 0.019764 -0.151289
v -0.026766 0.005089 0.146757
v -0.026766 0.005089 -0.151289
v -0.027183 0.001725 0.146757
v -0.027183 0.001725 -0.151289
v -0.064847 0.004068 -0.151289
v -0.027183 -0.001721 0.146757
v -0.027183 -0.001721 -0.151289
v -0.064847 -0.004066 -0.151289
v -0.026766 -0.005086 0.146757
v -0.026766 -0.005086 -0.151289
v -0.063852 -0.012068 -0.151289
v -0.025958 -0.008289 0.146757
v -0.025957 -0.008289 -0.151289
v -0.061908 -0.019761 -0.151289
v -0.024780 -0.011329 0.146757
v -0.024780 -0.011329 -0.151289
v -0.059081 -0.027061 -0.151289
v -0.055436 -0.033898 0.146757
v -0.023255 -0.014188 0.146757
v -0.023255 -0.014188 -0.151289
v -0.055435 -0.033898 -0.151289
v -0.021406 -0.016840 0.146757
v -0.021405 -0.016840 -0.151289
v -0.051035 -0.040210 -0.151289
v -0.019258 -0.019256 0.146757
v -0.019258 -0.019256 -0.151289
v -0.016842 -0.021404 0.146757
v -0.016842 -0.021404 -0.151289
v -0.014190 -0.023253 0.146757
v -0.014189 -0.023253 -0.151289
v -0.033899 -0.055434 -0.151289
v -0.011331 -0.024778 0.146757
v -0.011331 -0.024778 -0.151289
v -0.019762 -0.061907 0.146757
v -0.008291 -0.025956 0.146757
v -0.008291 -0.025956 -0.151289
v -0.005088 -0.026765 0.146757
v -0.005088 -0.026765 -0.151289
v -0.012069 -0.063850 -0.151289
v -0.001723 -0.027181 0.146757
v -0.001723 -0.027181 -0.151289
v 0.008101 -0.064470 0.146757
v 0.030543 -0.057355 0.146757
v 0.053326 -0.037123 0.146757
v 0.060601 -0.023465 0.146757
v 0.062995 0.015962 -0.151289
v 0.053326 0.037126 -0.151289
v 0.043153 0.048574 -0.151289
v 0.037125 0.053328 -0.151289
v 0.030543 0.057358 -0.151289
v 0.023467 0.060603 -0.151289
v -0.015961 0.062996 0.146757
v -0.057357 0.030544 0.146757
v -0.053326 -0.037123 0.146757
v -0.008101 -0.064470 0.146757
v 0.012069 -0.063850 0.146757
v 0.051036 0.040213 -0.151289
v 0.040211 0.051037 0.146757
v 0.033899 0.055437 -0.151289
v 0.027063 0.059083 -0.151289
v 0.019763 0.061910 -0.151289
v -0.059081 0.027064 0.146757
v -0.061909 0.019764 0.146757
v -0.059081 -0.027061 0.146757
v -0.004067 -0.064846 0.146757
v -0.012069 -0.063850 0.146757
v 0.019763 -0.061907 -0.151289
v 0.008101 -0.064470 -0.151289
v 0.015960 -0.062993 0.146757
v 0.033899 -0.055434 -0.151289
v 0.062995 -0.015959 -0.151289
v 0.064974 0.000002 -0.151289
v 0.059081 0.027064 -0.151289
v 0.057357 0.030545 0.146757
v 0.004067 0.064849 -0.151289
v 0.040211 0.051037 -0.151289
v -0.008101 0.064473 -0.151289
v -0.043153 0.048573 0.146757
v -0.019763 0.061910 -0.151289
v -0.040211 0.051037 -0.151289
v -0.064974 0.000001 -0.151289
v -0.051035 -0.040210 0.146757
v -0.027062 -0.059080 -0.151289
v 0.004067 -0.064846 0.146757
v 0.061909 0.019764 -0.151289
v -0.004183 -0.064845 -0.151289
v 0.048572 0.043154 -0.151289
v 0.019763 -0.061907 0.146757
v 0.027063 -0.059080 0.146757
v 0.045942 -0.045940 0.146757
v 0.059081 -0.027061 0.146757
v -0.045942 -0.045940 0.146757
v 0.000000 -0.027274 0.146757
v 0.000000 -0.026399 0.146757
v 0.000000 -0.026399 -0.151289
v 0.000000 -0.027274 -0.151289
v 0.002470 -0.026295 -0.151289
v 0.002719 -0.027152 -0.151289
v 0.006492 -0.025596 0.146757
v 0.005848 -0.025763 -0.151289
v 0.006035 -0.026616 -0.151289
v 0.008654 -0.024960 0.146757
v 0.008919 -0.024867 -0.151289
v 0.009215 -0.025690 -0.151289
v 0.011797 -0.023632 -0.151289
v 0.012223 -0.024401 -0.151289
v 0.014548 -0.022044 -0.151289
v 0.015033 -0.022774 -0.151289
v 0.018713 -0.019851 0.146757
v 0.017052 -0.020167 -0.151289
v 0.017618 -0.020835 -0.151289
v 0.020392 -0.018112 0.146757
v 0.019314 -0.018012 -0.151289
v 0.019954 -0.018610 -0.151289
v 0.021308 -0.015605 -0.151289
v 0.022013 -0.016124 -0.151289
v 0.023011 -0.012971 -0.151289
v 0.025443 -0.009848 -0.151289
v 0.026202 -0.007643 -0.151289
v 0.027065 -0.003407 -0.151289
v 0.027270 0.001004 0.146757
v 0.026401 0.000002 0.146757
v 0.026401 0.000002 -0.151289
v 0.027271 -0.000848 -0.151289
v 0.026956 0.004242 0.146757
v 0.026310 0.002345 0.146757
v 0.026283 0.002636 -0.151289
v 0.027065 0.003410 -0.151289
v 0.026286 0.007361 0.146758
v 0.025826 0.005566 0.146757
v 0.025764 0.005845 -0.151289
v 0.026647 0.005891 -0.151289
v 0.025443 0.009852 0.146757
v 0.024962 0.008655 0.146757
v 0.024869 0.008921 -0.151289
v 0.025726 0.009146 -0.151289
v 0.023634 0.011798 -0.151289
v 0.024464 0.012094 -0.151289
v 0.022046 0.014550 -0.151289
v 0.020169 0.017053 -0.151289
v 0.020392 0.018115 -0.151289
v 0.017507 0.020927 0.146757
v 0.018014 0.019315 -0.151289
v 0.018611 0.019955 -0.151289
v 0.015580 0.022392 0.146757
v 0.015078 0.021675 0.146757
v 0.015716 0.021225 -0.151289
v 0.016126 0.022015 -0.151289
v 0.013092 0.022941 0.146757
v 0.013353 0.023804 -0.151289
v 0.009076 0.025739 0.146757
v 0.010450 0.024267 0.146757
v 0.010607 0.025146 -0.151289
v 0.006705 0.026448 0.146757
v 0.007405 0.025364 0.146757
v 0.004089 0.026098 0.146757
v 0.003302 0.026198 -0.151289
v 0.000000 0.027278 0.146757
v 0.000971 0.026396 0.146757
v 0.000677 0.026405 -0.151289
v -0.002343 0.026311 0.146757
v -0.002634 0.026284 -0.151289
v -0.003408 0.027067 -0.151289
v -0.005564 0.025827 0.146757
v -0.005843 0.025766 -0.151289
v -0.006035 0.026620 -0.151289
v -0.008654 0.024964 0.146757
v -0.008919 0.024870 -0.151289
v -0.009215 0.025694 -0.151289
v -0.011796 0.023635 -0.151289
v -0.012223 0.024404 -0.151289
v -0.014548 0.022048 -0.151289
v -0.015032 0.022777 -0.151289
v -0.017051 0.020170 -0.151289
v -0.017618 0.020838 -0.151289
v -0.020925 0.017508 0.146757
v -0.019313 0.018015 -0.151289
v -0.022862 0.014918 0.146757
v -0.021308 0.015608 -0.151289
v -0.024463 0.012094 0.146757
v -0.023010 0.012975 -0.151289
v -0.025443 0.009852 0.146757
v -0.025443 0.009852 -0.151289
v -0.026282 0.007365 -0.151289
v -0.027164 0.002570 0.146757
v -0.026956 0.004242 -0.151289
v -0.027279 -0.000698 0.146757
v -0.026400 0.000002 0.146757
v -0.026400 0.000002 -0.151289
v -0.027276 0.000002 -0.151289
v -0.027065 -0.003407 0.146757
v -0.026309 -0.002342 0.146757
v -0.026282 -0.002632 -0.151289
v -0.027154 -0.002717 -0.151289
v -0.026239 -0.007501 0.146757
v -0.025825 -0.005563 0.146757
v -0.025764 -0.005842 -0.151289
v -0.026618 -0.006033 -0.151289
v -0.025228 -0.010418 0.146758
v -0.024962 -0.008652 0.146757
v -0.024868 -0.008917 -0.151289
v -0.025692 -0.009213 -0.151289
v -0.023772 -0.013403 0.146757
v -0.023721 -0.011633 0.146757
v -0.024402 -0.012221 -0.151289
v -0.022017 -0.016121 0.146758
v -0.022197 -0.014315 0.146757
v -0.022775 -0.015031 -0.151289
v -0.020392 -0.018112 0.146757
v -0.020345 -0.016838 0.146757
v -0.020836 -0.017616 -0.151289
v -0.017531 -0.019736 -0.151289
v -0.015032 -0.022774 0.146757
v -0.015606 -0.021306 -0.151289
v -0.015580 -0.022388 -0.151289
v -0.012223 -0.024401 0.146757
v -0.012973 -0.023009 -0.151289
v -0.013532 -0.023705 -0.151289
v -0.009215 -0.025690 0.146757
v -0.010419 -0.025226 -0.151289
v -0.006035 -0.026616 0.146757
v -0.007502 -0.026237 -0.151289
v -0.002718 -0.027152 0.146757
v 0.002419 -0.027180 0.146757
v 0.001659 -0.026347 0.146757
v 0.005747 -0.026680 0.146757
v 0.004108 -0.026089 0.146757
v 0.008941 -0.025787 0.146757
v 0.011965 -0.024529 0.146757
v 0.010992 -0.024009 0.146757
v 0.014793 -0.022930 0.146757
v 0.012973 -0.023009 0.146757
v 0.016877 -0.021426 0.146757
v 0.015607 -0.021306 0.146757
v 0.018014 -0.019312 0.146757
v 0.021843 -0.016353 0.146757
v 0.020169 -0.017050 0.146757
v 0.023630 -0.013652 0.146757
v 0.022046 -0.014546 0.146757
v 0.023276 -0.014224 -0.151289
v 0.025091 -0.010740 0.146757
v 0.023634 -0.011795 0.146757
v 0.024011 -0.010990 -0.151289
v 0.024464 -0.012090 -0.151289
v 0.026249 -0.007503 0.146757
v 0.024868 -0.008917 0.146757
v 0.024962 -0.008652 -0.151289
v 0.026956 -0.004239 0.146757
v 0.025764 -0.005842 0.146757
v 0.025826 -0.005563 -0.151289
v 0.026805 -0.005072 -0.151289
v 0.027223 -0.001710 0.146757
v 0.026283 -0.002632 0.146757
v 0.026310 -0.002342 -0.151289
v 0.027223 0.001714 -0.151289
v 0.024464 0.012094 0.146757
v 0.024011 0.010993 0.146757
v 0.022966 0.014745 0.146758
v 0.023011 0.012975 0.146757
v 0.023276 0.014227 -0.151289
v 0.021024 0.017399 0.146758
v 0.021308 0.015608 0.146757
v 0.021842 0.016361 -0.151290
v 0.019286 0.019288 0.146757
v 0.019314 0.018015 0.146757
v 0.017052 0.020170 0.146757
v 0.013659 0.023630 0.146758
v 0.013767 0.022532 -0.151289
v 0.011358 0.024807 0.146757
v 0.011577 0.023750 -0.151289
v 0.008598 0.024984 -0.151289
v 0.008298 0.025992 -0.151289
v 0.004389 0.026939 0.146757
v 0.005703 0.025793 -0.151289
v 0.005743 0.026686 -0.151290
v 0.001712 0.027224 0.146757
v 0.002419 0.027184 -0.151289
v -0.002568 0.027166 0.146757
v -0.000849 0.027272 -0.151289
v -0.005747 0.026683 0.146757
v -0.008940 0.025791 0.146757
v -0.011965 0.024532 0.146757
v -0.010991 0.024013 0.146757
v -0.014793 0.022934 0.146757
v -0.012973 0.023012 0.146757
v -0.017397 0.021025 0.146758
v -0.015606 0.021310 0.146757
v -0.019286 0.019288 0.146757
v -0.018013 0.019315 0.146757
v -0.019286 0.019288 -0.151289
v -0.020168 0.017053 0.146757
v -0.020925 0.017508 -0.151289
v -0.022046 0.014550 0.146757
v -0.022862 0.014918 -0.151289
v -0.023634 0.011798 0.146757
v -0.024011 0.010993 -0.151289
v -0.024463 0.012094 -0.151289
v -0.026202 0.007646 0.146757
v -0.024868 0.008921 0.146757
v -0.024962 0.008655 -0.151289
v -0.026805 0.005075 0.146757
v -0.025764 0.005845 0.146757
v -0.025825 0.005566 -0.151289
v -0.026282 0.002636 0.146757
v -0.026309 0.002345 -0.151289
v -0.027223 0.001714 -0.151289
v -0.026805 -0.005072 0.146757
v -0.024011 -0.010990 -0.151289
v -0.022872 -0.013212 -0.151289
v -0.021143 -0.015827 -0.151289
v -0.018712 -0.019852 0.146757
v -0.018667 -0.018665 0.146757
v -0.019216 -0.018110 -0.151289
v -0.019286 -0.019285 -0.151289
v -0.016877 -0.021426 0.146757
v -0.016943 -0.020253 0.146757
v -0.017506 -0.020924 -0.151289
v -0.014548 -0.022044 0.146757
v -0.011796 -0.023632 0.146757
v -0.010991 -0.024009 -0.151289
v -0.008919 -0.024867 0.146757
v -0.008653 -0.024960 -0.151289
v -0.005843 -0.025762 0.146757
v -0.005564 -0.025824 -0.151289
v -0.005073 -0.026803 -0.151289
v -0.002634 -0.026281 0.146757
v -0.002343 -0.026308 -0.151289
v -0.002418 -0.027180 -0.151289
v 0.021428 0.016879 -0.150710
v 0.022851 0.014912 -0.150710
v 0.024477 0.012097 -0.150710
v 0.025738 0.009078 -0.150710
v 0.026446 0.006706 -0.150710
v 0.026805 0.005075 -0.150710
v 0.027165 0.002570 -0.150710
v 0.027276 0.000002 -0.150710
v 0.027154 -0.002717 -0.150710
v 0.026647 -0.005888 -0.150710
v 0.025789 -0.008939 -0.150710
v 0.024472 -0.012094 -0.150710
v 0.022776 -0.015031 -0.150710
v 0.020837 -0.017616 -0.150710
v 0.018612 -0.019952 -0.150710
v 0.016126 -0.022012 -0.150710
v 0.013405 -0.023770 -0.150710
v 0.010476 -0.025202 -0.150710
v 0.007363 -0.026281 -0.150710
v 0.004094 -0.026981 -0.150710
v 0.000699 -0.027278 -0.150710
v -0.002718 -0.027152 -0.150710
v -0.005890 -0.026647 -0.150710
v -0.009202 -0.025698 -0.150710
v -0.011357 -0.024804 -0.150710
v -0.013527 -0.023696 -0.150710
v -0.015580 -0.022388 -0.150710
v -0.017512 -0.020931 -0.150710
v -0.019953 -0.018610 -0.150710
v -0.022013 -0.016124 -0.150710
v -0.023772 -0.013403 -0.150710
v -0.025203 -0.010474 -0.150710
v -0.026282 -0.007361 -0.150710
v -0.026983 -0.004093 -0.150710
v -0.027223 -0.001710 -0.150710
v -0.027271 0.000852 -0.150710
v -0.027065 0.003410 -0.150710
v -0.026618 0.006037 -0.150710
v -0.025990 0.008300 -0.150710
v -0.025144 0.010609 -0.150710
v -0.024082 0.012819 -0.150710
v -0.022851 0.014912 -0.150710
v -0.021427 0.016879 -0.150710
v -0.019767 0.018813 -0.150710
v -0.017399 0.021021 -0.150710
v -0.014793 0.022934 -0.150710
v -0.011965 0.024532 -0.150710
v -0.008940 0.025790 -0.150710
v -0.006705 0.026447 -0.150710
v -0.004240 0.026958 -0.150710
v -0.001712 0.027224 -0.150710
v 0.000000 0.027278 -0.150710
v 0.002719 0.027156 -0.150710
v 0.005074 0.026807 -0.150710
v 0.007503 0.026241 -0.150710
v 0.009850 0.025445 -0.150710
v 0.012213 0.024412 -0.150710
v 0.015033 0.022777 -0.150710
v 0.017618 0.020838 -0.150710
v 0.019954 0.018613 -0.150710
v 0.018114 0.020394 0.146252
v 0.019853 0.018714 0.146252
v 0.021802 0.016413 0.146252
v 0.023641 0.013642 0.146252
v 0.024806 0.011359 0.146252
v 0.025737 0.009078 0.146252
v 0.026604 0.006108 0.146252
v 0.027065 0.003410 0.146252
v 0.027223 0.001714 0.146252
v 0.027271 -0.000848 0.146252
v 0.027065 -0.003407 0.146252
v 0.026805 -0.005072 0.146252
v 0.026239 -0.007501 0.146252
v 0.025443 -0.009848 0.146252
v 0.024531 -0.011963 0.146252
v 0.022932 -0.014791 0.146252
v 0.021020 -0.017398 0.146252
v 0.019286 -0.019285 0.146252
v 0.017507 -0.020924 0.146252
v 0.015580 -0.022388 0.146252
v 0.013654 -0.023628 0.146252
v 0.010742 -0.025089 0.146252
v 0.007645 -0.026201 0.146252
v 0.004389 -0.026935 0.146252
v 0.001002 -0.027268 0.146252
v -0.002418 -0.027180 0.146252
v -0.005747 -0.026680 0.146252
v -0.008940 -0.025787 0.146252
v -0.011965 -0.024529 0.146252
v -0.014793 -0.022930 0.146252
v -0.017413 -0.021009 0.146252
v -0.019286 -0.019285 0.146252
v -0.020925 -0.017505 0.146252
v -0.022390 -0.015578 0.146252
v -0.023629 -0.013652 0.146252
v -0.025091 -0.010740 0.146252
v -0.026248 -0.007503 0.146251
v -0.026956 -0.004239 0.146252
v -0.027223 -0.001710 0.146252
v -0.027279 0.000701 0.146252
v -0.027065 0.003410 0.146252
v -0.026646 0.005891 0.146252
v -0.025991 0.008300 0.146252
v -0.025199 0.010495 0.146252
v -0.024082 0.012819 0.146252
v -0.022851 0.014912 0.146252
v -0.020935 0.017516 0.146251
v -0.018712 0.019855 0.146252
v -0.016877 0.021429 0.146252
v -0.015032 0.022777 0.146252
v -0.012223 0.024404 0.146252
v -0.009215 0.025694 0.146252
v -0.006035 0.026620 0.146252
v -0.003408 0.027067 0.146252
v -0.001712 0.027224 0.146252
v 0.000850 0.027272 0.146252
v 0.004094 0.026985 0.146252
v 0.007382 0.026282 0.146252
v 0.009850 0.025445 0.146252
v 0.012092 0.024465 0.146252
v 0.014226 0.023278 0.146252
v 0.016141 0.022007 0.146252
v 0.004086 -0.064844 -0.108772
v 0.004354 -0.064907 -0.091063
v 0.004694 -0.065225 -0.065896
v 0.004707 -0.065494 -0.041028
v 0.004996 -0.065952 -0.012194
v 0.005289 -0.066129 0.005600
v 0.005363 -0.066088 0.019652
v 0.005276 -0.065909 0.037957
v 0.004848 -0.065246 0.073048
v 0.004147 -0.064863 0.128931
v 0.008118 -0.064471 -0.109983
v 0.008394 -0.064554 -0.091860
v 0.008790 -0.064897 -0.065886
v 0.008855 -0.065169 -0.041300
v 0.009147 -0.065585 -0.014521
v 0.009407 -0.065776 0.005595
v 0.009495 -0.065732 0.019638
v 0.009437 -0.065562 0.037357
v 0.009047 -0.064886 0.073111
v 0.008121 -0.064501 0.130796
v 0.012104 -0.063849 -0.111528
v 0.012377 -0.063954 -0.092542
v 0.012828 -0.064319 -0.065879
v 0.012933 -0.064600 -0.041035
v 0.013236 -0.064972 -0.016354
v 0.013471 -0.065161 0.005583
v 0.013560 -0.065116 0.019619
v 0.013519 -0.064957 0.036939
v 0.013092 -0.064281 0.073566
v 0.012776 -0.064110 0.099843
v 0.012129 -0.063885 0.131647
v 0.015992 -0.062993 -0.113330
v 0.016301 -0.063117 -0.092960
v 0.016804 -0.063499 -0.065874
v 0.016921 -0.063798 -0.040016
v 0.017225 -0.064130 -0.017012
v 0.017468 -0.064291 0.005565
v 0.017533 -0.064244 0.019596
v 0.017546 -0.064101 0.036138
v 0.017083 -0.063444 0.073420
v 0.016731 -0.063275 0.099968
v 0.016046 -0.063037 0.131723
v 0.019784 -0.061921 -0.113595
v 0.020146 -0.062048 -0.093354
v 0.020690 -0.062444 -0.065872
v 0.020788 -0.062771 -0.038700
v 0.021109 -0.063058 -0.016923
v 0.021416 -0.063163 0.006428
v 0.021386 -0.063019 0.035549
v 0.020980 -0.062363 0.073769
v 0.020609 -0.062218 0.098967
v 0.019876 -0.061958 0.131739
v 0.023467 -0.060600 -0.122905
v 0.023593 -0.060645 -0.108711
v 0.023888 -0.060756 -0.093690
v 0.024471 -0.061165 -0.065872
v 0.024590 -0.061495 -0.037721
v 0.024934 -0.061754 -0.015249
v 0.025096 -0.061848 0.005510
v 0.025109 -0.061711 0.034725
v 0.024710 -0.061074 0.073973
v 0.024381 -0.060940 0.097654
v 0.023606 -0.060655 0.131761
v 0.027063 -0.059080 -0.122904
v 0.027215 -0.059134 -0.108711
v 0.027520 -0.059251 -0.093969
v 0.028137 -0.059668 -0.065873
v 0.028227 -0.060000 -0.037780
v 0.028426 -0.060175 -0.022842
v 0.028584 -0.060272 -0.008633
v 0.028709 -0.060292 0.005304
v 0.028695 -0.060169 0.034824
v 0.028293 -0.059582 0.073945
v 0.028022 -0.059448 0.096562
v 0.027225 -0.059135 0.131867
v 0.030543 -0.057355 -0.122904
v 0.030719 -0.057418 -0.108711
v 0.031033 -0.057538 -0.094201
v 0.031679 -0.057963 -0.065876
v 0.031626 -0.058331 -0.039885
v 0.031943 -0.058438 -0.022866
v 0.032086 -0.058523 -0.008665
v 0.032171 -0.058534 0.005434
v 0.032174 -0.058416 0.033345
v 0.031835 -0.057816 0.075489
v 0.031435 -0.057809 0.094817
v 0.030721 -0.057409 0.132094
v 0.033900 -0.055434 -0.122921
v 0.034097 -0.055505 -0.108711
v 0.034420 -0.055627 -0.094408
v 0.035088 -0.056057 -0.065881
v 0.035175 -0.056216 -0.051527
v 0.035196 -0.056340 -0.037197
v 0.035324 -0.056496 -0.022895
v 0.035444 -0.056569 -0.008703
v 0.035494 -0.056578 0.011538
v 0.035445 -0.056476 0.034805
v 0.035002 -0.055992 0.075795
v 0.034865 -0.055869 0.094708
v 0.034069 -0.055494 0.132565
v 0.037127 -0.053325 -0.122904
v 0.037341 -0.053402 -0.108711
v 0.037673 -0.053524 -0.094609
v 0.038358 -0.053958 -0.065888
v 0.038441 -0.054115 -0.051534
v 0.038448 -0.054219 -0.037219
v 0.038563 -0.054358 -0.022929
v 0.038656 -0.054420 -0.008745
v 0.038658 -0.054426 0.015492
v 0.038628 -0.054305 0.036590
v 0.038175 -0.053891 0.075795
v 0.038124 -0.053811 0.089988
v 0.037925 -0.053664 0.104314
v 0.037299 -0.053386 0.132565
v 0.040217 -0.051036 -0.122904
v 0.040444 -0.051117 -0.108710
v 0.040783 -0.051237 -0.094813
v 0.041480 -0.051673 -0.065896
v 0.041559 -0.051828 -0.051544
v 0.041551 -0.051913 -0.037242
v 0.041655 -0.052032 -0.022967
v 0.041721 -0.052085 -0.008791
v 0.041683 -0.052079 0.018139
v 0.041706 -0.051960 0.033385
v 0.041522 -0.051713 0.058291
v 0.041207 -0.051608 0.075795
v 0.041187 -0.051534 0.089988
v 0.040985 -0.051381 0.104699
v 0.040388 -0.051096 0.132565
v 0.043162 -0.048574 -0.122904
v 0.043484 -0.048702 -0.104033
v 0.044448 -0.049211 -0.065906
v 0.044522 -0.049362 -0.051557
v 0.044499 -0.049432 -0.037264
v 0.044593 -0.049528 -0.023008
v 0.044633 -0.049572 -0.008840
v 0.044541 -0.049524 0.029976
v 0.044384 -0.049225 0.059937
v 0.044095 -0.049151 0.075795
v 0.044098 -0.049081 0.089988
v 0.043896 -0.048924 0.105005
v 0.043330 -0.048633 0.132565
v 0.045955 -0.045945 -0.122904
v 0.046252 -0.046074 -0.105416
v 0.047273 -0.046554 -0.066306
v 0.047323 -0.046724 -0.051572
v 0.047284 -0.046787 -0.037282
v 0.047373 -0.046854 -0.023051
v 0.047389 -0.046890 -0.008891
v 0.047269 -0.046814 0.032920
v 0.047021 -0.046642 0.061603
v 0.046833 -0.046528 0.075795
v 0.046855 -0.046459 0.089988
v 0.046655 -0.046301 0.105203
v 0.046118 -0.046002 0.132565
v 0.048588 -0.043157 -0.122904
v 0.048929 -0.043251 -0.105389
v 0.049894 -0.043776 -0.066450
v 0.049958 -0.043923 -0.051589
v 0.049905 -0.043978 -0.037301
v 0.049989 -0.044022 -0.023092
v 0.049982 -0.044034 -0.008847
v 0.049847 -0.043984 0.031064
v 0.049627 -0.043818 0.060719
v 0.049415 -0.043745 0.075795
v 0.049451 -0.043677 0.089988
v 0.049261 -0.043516 0.105182
v 0.048746 -0.043213 0.132565
v 0.051056 -0.040217 -0.122904
v 0.051405 -0.040297 -0.105713
v 0.052379 -0.040799 -0.066669
v 0.052420 -0.040965 -0.051609
v 0.052355 -0.041014 -0.037324
v 0.052431 -0.041041 -0.023129
v 0.052412 -0.041054 -0.008992
v 0.052344 -0.040994 0.005134
v 0.052241 -0.040986 0.033243
v 0.052014 -0.040895 0.060134
v 0.051835 -0.040810 0.075795
v 0.051881 -0.040740 0.089988
v 0.051691 -0.040593 0.105092
v 0.051207 -0.040270 0.132565
v 0.053323 -0.037153 -0.123458
v 0.053687 -0.037207 -0.106450
v 0.054635 -0.037743 -0.066836
v 0.054705 -0.037859 -0.051632
v 0.054629 -0.037901 -0.037350
v 0.054693 -0.037924 -0.023157
v 0.054666 -0.037920 -0.009038
v 0.054572 -0.037873 0.005136
v 0.054467 -0.037876 0.033223
v 0.054151 -0.037650 0.075774
v 0.054139 -0.037658 0.089988
v 0.053971 -0.037494 0.104943
v 0.053494 -0.037182 0.132565
v 0.055433 -0.033934 -0.123541
v 0.055785 -0.033980 -0.107179
v 0.056743 -0.034497 -0.066950
v 0.056807 -0.034611 -0.051657
v 0.056720 -0.034646 -0.037379
v 0.056773 -0.034668 -0.023184
v 0.056738 -0.034656 -0.009074
v 0.056634 -0.034608 0.005229
v 0.056516 -0.034642 0.033218
v 0.056184 -0.034479 0.075992
v 0.056219 -0.034436 0.089988
v 0.056059 -0.034273 0.104869
v 0.055600 -0.033956 0.132565
v 0.057356 -0.030584 -0.123628
v 0.057660 -0.030650 -0.108710
v 0.058390 -0.030961 -0.080014
v 0.058676 -0.031114 -0.066002
v 0.058718 -0.031229 -0.051684
v 0.058625 -0.031249 -0.037420
v 0.058668 -0.031272 -0.023223
v 0.058620 -0.031272 -0.009099
v 0.058514 -0.031225 0.005045
v 0.058384 -0.031283 0.033218
v 0.058061 -0.031143 0.074794
v 0.058114 -0.031082 0.089988
v 0.057942 -0.030942 0.105248
v 0.057517 -0.030599 0.132565
v 0.059083 -0.027109 -0.123718
v 0.059391 -0.027172 -0.108710
v 0.060125 -0.027459 -0.080239
v 0.060393 -0.027614 -0.066024
v 0.060436 -0.027707 -0.051729
v 0.060347 -0.027691 -0.037500
v 0.060384 -0.027716 -0.023301
v 0.060317 -0.027753 -0.009138
v 0.060198 -0.027734 0.004951
v 0.060073 -0.027790 0.033039
v 0.059761 -0.027666 0.072844
v 0.059816 -0.027604 0.089988
v 0.059654 -0.027460 0.105248
v 0.059237 -0.027118 0.132565
v 0.060609 -0.023510 -0.123806
v 0.060918 -0.023584 -0.108615
v 0.061675 -0.023803 -0.080322
v 0.061913 -0.023979 -0.066047
v 0.061960 -0.024036 -0.051808
v 0.061874 -0.023993 -0.037607
v 0.061900 -0.024037 -0.018105
v 0.061691 -0.024118 0.004930
v 0.061562 -0.024206 0.032528
v 0.061278 -0.024026 0.072012
v 0.061319 -0.024010 0.089988
v 0.061163 -0.023861 0.105280
v 0.060754 -0.023522 0.132565
v 0.061922 -0.019799 -0.123963
v 0.062230 -0.019885 -0.108854
v 0.063017 -0.020041 -0.080323
v 0.063241 -0.020189 -0.066088
v 0.063279 -0.020233 -0.051908
v 0.063194 -0.020174 -0.037731
v 0.063222 -0.020214 -0.018560
v 0.062986 -0.020384 0.004895
v 0.062855 -0.020517 0.031491
v 0.062622 -0.020464 0.057099
v 0.062545 -0.020384 0.075795
v 0.062614 -0.020308 0.089988
v 0.062463 -0.020154 0.105354
v 0.062058 -0.019818 0.132565
v 0.063008 -0.016022 -0.123937
v 0.063353 -0.016018 -0.108710
v 0.064148 -0.016099 -0.081082
v 0.064362 -0.016270 -0.066152
v 0.064378 -0.016325 -0.052021
v 0.064283 -0.016279 -0.037867
v 0.064332 -0.016277 -0.018994
v 0.064081 -0.016529 0.004834
v 0.063946 -0.016725 0.029934
v 0.063709 -0.016643 0.056096
v 0.063629 -0.016562 0.075795
v 0.063700 -0.016493 0.089988
v 0.063543 -0.016342 0.105560
v 0.063142 -0.016016 0.132565
v 0.063903 -0.012077 -0.122904
v 0.064243 -0.012073 -0.108710
v 0.065044 -0.012108 -0.081375
v 0.065250 -0.012273 -0.066225
v 0.065247 -0.012328 -0.052140
v 0.065135 -0.012314 -0.038009
v 0.065199 -0.012291 -0.023806
v 0.065128 -0.012389 -0.009539
v 0.064962 -0.012575 0.004760
v 0.064821 -0.012846 0.028362
v 0.064582 -0.012725 0.054980
v 0.064492 -0.012640 0.075795
v 0.064566 -0.012578 0.089988
v 0.064403 -0.012428 0.105629
v 0.063998 -0.012125 0.132565
v 0.064472 -0.008099 -0.137097
v 0.064539 -0.008084 -0.122904
v 0.064899 -0.008043 -0.108710
v 0.065688 -0.008099 -0.081954
v 0.065900 -0.008210 -0.066299
v 0.065877 -0.008256 -0.052261
v 0.065755 -0.008266 -0.038153
v 0.065826 -0.008248 -0.023952
v 0.065781 -0.008321 -0.009662
v 0.065621 -0.008542 0.004681
v 0.065473 -0.008903 0.026038
v 0.065227 -0.008761 0.053731
v 0.065124 -0.008636 0.075795
v 0.065202 -0.008578 0.089988
v 0.065046 -0.008462 0.104180
v 0.064615 -0.008171 0.132586
v 0.064847 -0.004065 -0.137097
v 0.064935 -0.004014 -0.122904
v 0.065312 -0.003943 -0.108710
v 0.065753 -0.003930 -0.094516
v 0.066123 -0.004034 -0.080348
v 0.066306 -0.004095 -0.066363
v 0.066260 -0.004124 -0.052378
v 0.066135 -0.004148 -0.038296
v 0.066206 -0.004153 -0.024096
v 0.066164 -0.004351 -0.008971
v 0.065897 -0.004875 0.024222
v 0.065633 -0.004724 0.053700
v 0.065516 -0.004561 0.075795
v 0.065597 -0.004508 0.089988
v 0.065434 -0.004360 0.104346
v 0.064992 -0.004123 0.132565
v 0.064974 0.000002 -0.137097
v 0.065083 0.000093 -0.122903
v 0.065475 0.000191 -0.108710
v 0.065924 0.000223 -0.094516
v 0.066282 0.000107 -0.080374
v 0.066473 0.000213 -0.065392
v 0.066269 -0.000001 -0.038432
v 0.066339 -0.000038 -0.024235
v 0.066335 -0.000163 -0.007754
v 0.066111 -0.000709 0.020014
v 0.065808 -0.000631 0.052489
v 0.065662 -0.000451 0.075795
v 0.065746 -0.000403 0.089988
v 0.065577 -0.000306 0.104180
v 0.065133 -0.000119 0.131328
v 0.064848 0.004069 -0.137097
v 0.064994 0.004225 -0.121729
v 0.065836 0.004371 -0.094515
v 0.066181 0.004245 -0.080402
v 0.066359 0.004241 -0.066155
v 0.066153 0.004134 -0.038554
v 0.066256 0.003998 -0.013894
v 0.066161 0.003739 0.007392
v 0.065781 0.003408 0.045087
v 0.065557 0.003659 0.075796
v 0.065641 0.003704 0.089988
v 0.065466 0.003792 0.104180
v 0.065012 0.003939 0.131178
v 0.064476 0.008110 -0.137096
v 0.064623 0.008275 -0.122903
v 0.065497 0.008455 -0.094050
v 0.065824 0.008346 -0.080428
v 0.065997 0.008275 -0.066530
v 0.065787 0.008248 -0.038512
v 0.065909 0.008045 -0.012185
v 0.065865 0.007802 0.005959
v 0.065494 0.007439 0.039869
v 0.065205 0.007736 0.075796
v 0.065285 0.007778 0.089988
v 0.065105 0.007858 0.104180
v 0.064637 0.007973 0.131400
v 0.063861 0.012089 -0.137096
v 0.064017 0.012299 -0.122803
v 0.064885 0.012497 -0.094515
v 0.065213 0.012379 -0.080452
v 0.065376 0.012302 -0.066574
v 0.065162 0.012298 -0.040003
v 0.065316 0.012030 -0.011541
v 0.065312 0.011776 0.005784
v 0.064955 0.011389 0.036306
v 0.064616 0.011705 0.075873
v 0.064680 0.011787 0.089988
v 0.064496 0.011858 0.104180
v 0.064014 0.011947 0.131812
v 0.063009 0.015991 -0.137096
v 0.063175 0.016203 -0.122903
v 0.064003 0.016494 -0.095336
v 0.064356 0.016330 -0.080471
v 0.064506 0.016247 -0.066610
v 0.064375 0.016207 -0.052760
v 0.064319 0.016145 -0.038809
v 0.064483 0.015927 -0.011584
v 0.064516 0.015665 0.005904
v 0.064125 0.015297 0.036865
v 0.063774 0.015676 0.075796
v 0.063831 0.015718 0.089988
v 0.063645 0.015781 0.104180
v 0.063150 0.015851 0.132225
v 0.061928 0.019803 -0.137096
v 0.062098 0.020033 -0.122903
v 0.062892 0.020322 -0.096497
v 0.063259 0.020188 -0.080486
v 0.063392 0.020100 -0.066638
v 0.063252 0.020047 -0.052804
v 0.063222 0.019973 -0.038872
v 0.063411 0.019732 -0.012380
v 0.063504 0.019393 0.006150
v 0.063068 0.019135 0.036221
v 0.062710 0.019515 0.075796
v 0.062744 0.019561 0.089988
v 0.062559 0.019614 0.104181
v 0.062055 0.019677 0.132457
v 0.060624 0.023516 -0.137096
v 0.060794 0.023760 -0.122903
v 0.061215 0.023979 -0.108709
v 0.061633 0.024032 -0.094515
v 0.061930 0.023944 -0.080497
v 0.062046 0.023850 -0.066659
v 0.061898 0.023782 -0.052838
v 0.061892 0.023695 -0.038923
v 0.062103 0.023443 -0.014148
v 0.062220 0.023156 0.005850
v 0.061873 0.022721 0.033218
v 0.061614 0.022974 0.053081
v 0.061413 0.023256 0.075796
v 0.061427 0.023305 0.089988
v 0.061245 0.023349 0.104181
v 0.060737 0.023407 0.132581
v 0.059107 0.027118 -0.137096
v 0.059274 0.027375 -0.122903
v 0.059688 0.027610 -0.108709
v 0.060093 0.027666 -0.094515
v 0.060378 0.027586 -0.080504
v 0.060475 0.027488 -0.066672
v 0.060321 0.027404 -0.052863
v 0.060338 0.027304 -0.038961
v 0.060565 0.027051 -0.016316
v 0.060722 0.026764 0.005435
v 0.060370 0.026329 0.033215
v 0.060081 0.026607 0.053666
v 0.059879 0.026894 0.075796
v 0.059886 0.026943 0.089988
v 0.059713 0.026974 0.104135
v 0.059203 0.027030 0.132565
v 0.057385 0.030603 -0.137096
v 0.057546 0.030870 -0.122903
v 0.057949 0.031119 -0.108709
v 0.058342 0.031176 -0.094515
v 0.058617 0.031091 -0.080507
v 0.058696 0.030991 -0.066680
v 0.058531 0.030905 -0.052879
v 0.058570 0.030780 -0.038987
v 0.058828 0.030511 -0.016383
v 0.058996 0.030263 0.005286
v 0.058646 0.029825 0.033212
v 0.058338 0.030115 0.053236
v 0.058122 0.030419 0.075796
v 0.058130 0.030464 0.089988
v 0.057971 0.030474 0.104254
v 0.057469 0.030520 0.132565
v 0.055465 0.033961 -0.137096
v 0.055618 0.034237 -0.122903
v 0.056006 0.034500 -0.108709
v 0.056392 0.034543 -0.094515
v 0.056653 0.034454 -0.080507
v 0.056717 0.034354 -0.066683
v 0.056546 0.034256 -0.052887
v 0.056599 0.034115 -0.039002
v 0.057073 0.033631 0.003268
v 0.056959 0.033344 0.018757
v 0.056664 0.033228 0.034638
v 0.056189 0.033755 0.069774
v 0.056167 0.033862 0.089988
v 0.056024 0.033853 0.104368
v 0.055535 0.033887 0.132565
v 0.053355 0.037187 -0.137096
v 0.053501 0.037468 -0.122903
v 0.053871 0.037736 -0.108709
v 0.054249 0.037767 -0.094516
v 0.054493 0.037673 -0.080505
v 0.054544 0.037577 -0.066682
v 0.054374 0.037452 -0.052889
v 0.054431 0.037311 -0.039009
v 0.054917 0.036867 0.003421
v 0.054850 0.036560 0.018747
v 0.054560 0.036451 0.033206
v 0.054311 0.036661 0.047411
v 0.054024 0.037017 0.068674
v 0.054007 0.037129 0.089988
v 0.053881 0.037104 0.104455
v 0.053411 0.037123 0.132565
v 0.051064 0.040272 -0.137096
v 0.051204 0.040557 -0.122903
v 0.051554 0.040819 -0.108709
v 0.051921 0.040845 -0.094516
v 0.052145 0.040741 -0.080501
v 0.052188 0.040650 -0.066677
v 0.052022 0.040497 -0.052887
v 0.052114 0.040308 -0.037740
v 0.052655 0.039827 0.003880
v 0.052534 0.039636 0.018738
v 0.052216 0.039551 0.033204
v 0.051814 0.039925 0.055876
v 0.051657 0.040257 0.089988
v 0.051549 0.040220 0.104500
v 0.051105 0.040221 0.132565
v 0.048599 0.043211 -0.137096
v 0.048737 0.043496 -0.122903
v 0.049062 0.043749 -0.108710
v 0.049414 0.043773 -0.094516
v 0.049616 0.043656 -0.080496
v 0.049659 0.043565 -0.066670
v 0.049495 0.043391 -0.052880
v 0.049585 0.043207 -0.036220
v 0.050169 0.042693 0.004065
v 0.050012 0.042571 0.018731
v 0.049681 0.042505 0.033201
v 0.049280 0.042897 0.054448
v 0.049128 0.043241 0.089988
v 0.049037 0.043194 0.104492
v 0.048624 0.043173 0.132565
v 0.045968 0.045997 -0.137096
v 0.046107 0.046277 -0.122903
v 0.046404 0.046520 -0.108710
v 0.046738 0.046546 -0.094517
v 0.046919 0.046420 -0.080489
v 0.046963 0.046320 -0.066662
v 0.046802 0.046131 -0.052871
v 0.046894 0.045937 -0.034605
v 0.047499 0.045414 0.004192
v 0.047303 0.045352 0.018725
v 0.046963 0.045309 0.033198
v 0.046553 0.045731 0.053070
v 0.046427 0.046071 0.089988
v 0.046352 0.046019 0.104414
v 0.045978 0.045972 0.132565
v 0.043177 0.048623 -0.137096
v 0.043319 0.048889 -0.122903
v 0.043587 0.049128 -0.108710
v 0.043900 0.049158 -0.094517
v 0.044063 0.049027 -0.080482
v 0.044107 0.048914 -0.066652
v 0.043950 0.048712 -0.052861
v 0.044037 0.048508 -0.033622
v 0.044644 0.047994 0.004236
v 0.044421 0.047974 0.018719
v 0.044039 0.047968 0.034173
v 0.043479 0.048826 0.088327
v 0.043502 0.048688 0.104266
v 0.043176 0.048611 0.132565
v 0.040280 0.051057 -0.136002
v 0.040622 0.051566 -0.108710
v 0.040910 0.051603 -0.094517
v 0.041055 0.051470 -0.080475
v 0.041100 0.051341 -0.066642
v 0.040946 0.051135 -0.052850
v 0.041018 0.050920 -0.033024
v 0.041615 0.050420 0.004357
v 0.041382 0.050429 0.018713
v 0.041016 0.050428 0.034437
v 0.040597 0.051219 0.087360
v 0.040494 0.051193 0.104075
v 0.040229 0.051080 0.132565
v 0.037201 0.053339 -0.136036
v 0.037522 0.053827 -0.108711
v 0.037778 0.053874 -0.094518
v 0.037907 0.053736 -0.080468
v 0.037950 0.053598 -0.066633
v 0.037780 0.053360 -0.050405
v 0.038151 0.052904 -0.019590
v 0.038424 0.052692 0.004123
v 0.038197 0.052714 0.018706
v 0.037786 0.052769 0.034096
v 0.037173 0.053627 0.071123
v 0.037477 0.053520 0.092569
v 0.037108 0.053400 0.132111
v 0.033952 0.055463 -0.135792
v 0.034301 0.055901 -0.108711
v 0.034531 0.055959 -0.093659
v 0.034664 0.055676 -0.066623
v 0.034476 0.055444 -0.049509
v 0.034885 0.054938 -0.016900
v 0.035063 0.054771 0.011624
v 0.034449 0.054911 0.033185
v 0.034167 0.055239 0.047410
v 0.033907 0.055742 0.069928
v 0.034173 0.055682 0.092342
v 0.033910 0.055492 0.132429
v 0.030621 0.057369 -0.135490
v 0.030950 0.057787 -0.108711
v 0.031128 0.057862 -0.094518
v 0.031365 0.057545 -0.068669
v 0.031108 0.057376 -0.052819
v 0.031203 0.057074 -0.032518
v 0.031556 0.056747 -0.010463
v 0.031607 0.056677 0.013295
v 0.030971 0.056868 0.033181
v 0.030688 0.057206 0.047410
v 0.030506 0.057566 0.061603
v 0.030586 0.057682 0.075796
v 0.030698 0.057677 0.092416
v 0.030573 0.057404 0.132486
v 0.027127 0.059105 -0.134903
v 0.027475 0.059479 -0.108711
v 0.027643 0.059558 -0.094519
v 0.027817 0.059260 -0.068424
v 0.027593 0.059079 -0.052811
v 0.027712 0.058719 -0.029854
v 0.027985 0.058454 -0.010470
v 0.027431 0.058616 0.033475
v 0.027091 0.058977 0.047410
v 0.026938 0.059325 0.061598
v 0.027046 0.059447 0.075796
v 0.027133 0.059440 0.089974
v 0.027077 0.059369 0.107799
v 0.027087 0.059133 0.132565
v 0.023479 0.060625 -0.137096
v 0.023647 0.060778 -0.122904
v 0.023882 0.060968 -0.108711
v 0.024057 0.061048 -0.094519
v 0.024171 0.060768 -0.068193
v 0.023944 0.060520 -0.048329
v 0.024096 0.060151 -0.024844
v 0.024297 0.059967 -0.010480
v 0.023732 0.060164 0.032625
v 0.023423 0.060705 0.057868
v 0.023406 0.060994 0.075792
v 0.023497 0.060968 0.089945
v 0.023480 0.060863 0.111724
v 0.023491 0.060654 0.132565
v 0.019774 0.061926 -0.137096
v 0.019944 0.062063 -0.122904
v 0.020181 0.062247 -0.108711
v 0.020362 0.062329 -0.094519
v 0.020460 0.062052 -0.067987
v 0.020341 0.061460 -0.027356
v 0.020508 0.061262 -0.007412
v 0.019897 0.061530 0.032938
v 0.019621 0.061874 0.047405
v 0.019612 0.062026 0.061543
v 0.019694 0.062271 0.075773
v 0.019771 0.062275 0.089913
v 0.019784 0.062146 0.114972
v 0.019788 0.061962 0.132565
v 0.015972 0.063005 -0.137097
v 0.016142 0.063129 -0.122904
v 0.016380 0.063307 -0.108711
v 0.016564 0.063395 -0.094211
v 0.016621 0.063105 -0.066137
v 0.016528 0.062528 -0.027282
v 0.016617 0.062377 -0.010502
v 0.016677 0.062355 0.005345
v 0.016030 0.062656 0.033161
v 0.015790 0.062943 0.047392
v 0.015860 0.063011 0.061510
v 0.015914 0.063296 0.075742
v 0.016010 0.063341 0.089978
v 0.016025 0.063194 0.118372
v 0.015986 0.063049 0.132565
v 0.012080 0.063855 -0.137097
v 0.012250 0.063967 -0.122904
v 0.012490 0.064139 -0.108711
v 0.012682 0.064228 -0.094519
v 0.012783 0.063967 -0.068295
v 0.012548 0.063387 -0.026338
v 0.012652 0.063253 -0.010514
v 0.012660 0.063252 0.005674
v 0.012051 0.063560 0.033156
v 0.011884 0.063770 0.047376
v 0.012035 0.063763 0.061479
v 0.012079 0.064076 0.075710
v 0.012112 0.064189 0.089850
v 0.012090 0.064063 0.118385
v 0.012095 0.063906 0.132565
v 0.008112 0.064469 -0.137097
v 0.008280 0.064569 -0.122904
v 0.008520 0.064735 -0.108711
v 0.008717 0.064829 -0.094519
v 0.008802 0.064522 -0.062804
v 0.008652 0.064011 -0.028667
v 0.008627 0.063895 -0.010525
v 0.008592 0.063910 0.005498
v 0.008036 0.064344 0.046129
v 0.008128 0.064286 0.061450
v 0.008177 0.064619 0.075679
v 0.008211 0.064778 0.089536
v 0.008189 0.064676 0.118372
v 0.008126 0.064525 0.132565
v 0.004077 0.064838 -0.137097
v 0.004244 0.064926 -0.122904
v 0.004483 0.065087 -0.108712
v 0.004685 0.065187 -0.094519
v 0.004808 0.064990 -0.071796
v 0.004676 0.064771 -0.052777
v 0.004672 0.064396 -0.029041
v 0.004564 0.064289 -0.010534
v 0.004477 0.064325 0.005282
v 0.003918 0.064642 0.033144
v 0.003919 0.064696 0.047347
v 0.004143 0.064577 0.061423
v 0.004192 0.064928 0.075653
v 0.004155 0.065133 0.089329
v 0.004162 0.065049 0.118371
v 0.004091 0.064900 0.132565
v 0.000010 0.064958 -0.137097
v 0.000176 0.065063 -0.120532
v 0.000617 0.065295 -0.094519
v 0.000780 0.065140 -0.074311
v 0.000623 0.064905 -0.052769
v 0.000590 0.064555 -0.030167
v 0.000508 0.064423 -0.010539
v 0.000404 0.064481 0.004023
v -0.000104 0.064794 0.033257
v -0.000129 0.064798 0.047336
v 0.000115 0.064633 0.061401
v 0.000162 0.065000 0.075632
v 0.000165 0.065250 0.089781
v 0.000179 0.065178 0.104020
v 0.000097 0.065169 0.118367
v 0.000023 0.065024 0.132565
v -0.004056 0.064832 -0.130703
v -0.003413 0.065157 -0.095688
v -0.003290 0.065024 -0.075980
v -0.003433 0.064787 -0.052757
v -0.003520 0.064463 -0.031479
v -0.003547 0.064303 -0.010539
v -0.003692 0.064384 0.004370
v -0.004228 0.064688 0.033136
v -0.004185 0.064657 0.047328
v -0.003924 0.064451 0.061383
v -0.003879 0.064830 0.075616
v -0.003877 0.065108 0.089767
v -0.003866 0.065035 0.104006
v -0.003972 0.065033 0.118364
v -0.004045 0.064895 0.132565
v -0.008074 0.064448 -0.128571
v -0.007254 0.064786 -0.093085
v -0.007460 0.064419 -0.052741
v -0.007538 0.064149 -0.034928
v -0.007573 0.063936 -0.010531
v -0.007680 0.064048 0.004847
v -0.008238 0.064336 0.033134
v -0.008216 0.064275 0.047322
v -0.007940 0.064033 0.061369
v -0.007897 0.064420 0.075605
v -0.007897 0.064720 0.089758
v -0.007884 0.064642 0.103996
v -0.008008 0.064647 0.118361
v -0.008081 0.064516 0.132565
v -0.011932 0.063846 -0.122771
v -0.011394 0.064115 -0.094519
v -0.011411 0.063800 -0.052686
v -0.011471 0.063594 -0.038664
v -0.011511 0.063330 -0.010515
v -0.011589 0.063470 0.005453
v -0.012156 0.063739 0.033134
v -0.012180 0.063653 0.047318
v -0.011901 0.063382 0.061359
v -0.011859 0.063771 0.075598
v -0.011862 0.064086 0.089752
v -0.011847 0.064002 0.103988
v -0.011981 0.064014 0.118358
v -0.012052 0.063891 0.132565
v -0.015774 0.062973 -0.124021
v -0.015232 0.063236 -0.094355
v -0.015311 0.062927 -0.052208
v -0.015310 0.062759 -0.038475
v -0.015352 0.062488 -0.010489
v -0.015412 0.062651 0.006008
v -0.015985 0.062903 0.033137
v -0.016044 0.062802 0.047315
v -0.015861 0.062491 0.061136
v -0.015757 0.063213 0.089749
v -0.015744 0.063121 0.103982
v -0.015877 0.063143 0.118356
v -0.015945 0.063028 0.132565
v -0.019433 0.061907 -0.120979
v -0.019020 0.062113 -0.094520
v -0.018960 0.061961 -0.071428
v -0.019129 0.061828 -0.053069
v -0.019093 0.061415 -0.010451
v -0.019147 0.061594 0.006190
v -0.019724 0.061833 0.033138
v -0.019795 0.061725 0.047314
v -0.019600 0.061396 0.061244
v -0.019558 0.062109 0.089748
v -0.019555 0.062010 0.103978
v -0.019685 0.062040 0.118354
v -0.019751 0.061935 0.132565
v -0.023450 0.060565 -0.137097
v -0.023190 0.060542 -0.119710
v -0.022692 0.060765 -0.094520
v -0.022650 0.060613 -0.071511
v -0.022789 0.060515 -0.052835
v -0.022731 0.060118 -0.010404
v -0.022792 0.060305 0.005981
v -0.023385 0.060533 0.033125
v -0.023433 0.060429 0.047314
v -0.023252 0.060085 0.061344
v -0.023263 0.060781 0.089749
v -0.023268 0.060677 0.103976
v -0.023396 0.060715 0.118352
v -0.023407 0.060608 0.146757
v -0.027037 0.059043 -0.137097
v -0.026747 0.058996 -0.118936
v -0.026261 0.059193 -0.094520
v -0.026234 0.059041 -0.071068
v -0.026364 0.058967 -0.051617
v -0.026270 0.058604 -0.010358
v -0.026337 0.058794 0.005643
v -0.026947 0.059012 0.033104
v -0.026974 0.058918 0.047303
v -0.026805 0.058563 0.061349
v -0.026824 0.059252 0.089793
v -0.026864 0.059131 0.103974
v -0.027001 0.059175 0.118350
v -0.027020 0.059088 0.146757
v -0.030504 0.057317 -0.137097
v -0.030187 0.057243 -0.118073
v -0.029719 0.057410 -0.094520
v -0.029698 0.057261 -0.070492
v -0.029953 0.057133 -0.049322
v -0.029704 0.056882 -0.010313
v -0.029777 0.057073 0.005681
v -0.030399 0.057282 0.033080
v -0.030418 0.057198 0.047282
v -0.030254 0.056834 0.061404
v -0.030330 0.057489 0.089754
v -0.030339 0.057381 0.103973
v -0.030490 0.057430 0.118349
v -0.030527 0.057356 0.146757
v -0.033845 0.055395 -0.137097
v -0.033516 0.055279 -0.116817
v -0.033038 0.055282 -0.070018
v -0.033163 0.055251 -0.052460
v -0.033377 0.055015 -0.037419
v -0.033020 0.054961 -0.010266
v -0.033098 0.055154 0.006146
v -0.033730 0.055349 0.033054
v -0.033751 0.055277 0.047257
v -0.033602 0.054902 0.061390
v -0.033678 0.055543 0.089759
v -0.033688 0.055435 0.103974
v -0.033856 0.055488 0.118349
v -0.033916 0.055421 0.146757
v -0.037056 0.053285 -0.137097
v -0.036673 0.053149 -0.115329
v -0.036210 0.053139 -0.071197
v -0.036383 0.053090 -0.052396
v -0.036510 0.052941 -0.038456
v -0.036362 0.052855 -0.024397
v -0.036214 0.052848 -0.010214
v -0.036295 0.053026 0.006094
v -0.036941 0.053222 0.033026
v -0.036970 0.053163 0.047230
v -0.036843 0.052774 0.061360
v -0.036893 0.053408 0.089765
v -0.036905 0.053301 0.103977
v -0.037085 0.053358 0.118348
v -0.037174 0.053294 0.146757
v -0.040129 0.050993 -0.137097
v -0.039696 0.050828 -0.113197
v -0.039272 0.050878 -0.086642
v -0.039308 0.050783 -0.066261
v -0.039470 0.050743 -0.052329
v -0.039592 0.050605 -0.038368
v -0.039436 0.050528 -0.024316
v -0.039278 0.050550 -0.010158
v -0.039368 0.050699 0.005886
v -0.040021 0.050914 0.032995
v -0.040063 0.050867 0.047203
v -0.039885 0.050526 0.061350
v -0.039873 0.051170 0.089751
v -0.039984 0.050988 0.103982
v -0.040131 0.051087 0.118738
v -0.043058 0.048529 -0.137097
v -0.042562 0.048339 -0.110622
v -0.042226 0.048320 -0.086659
v -0.042250 0.048256 -0.066220
v -0.042418 0.048219 -0.052259
v -0.042530 0.048091 -0.038277
v -0.042372 0.048028 -0.024234
v -0.042205 0.048076 -0.010098
v -0.042316 0.048190 0.006005
v -0.042959 0.048441 0.032958
v -0.043020 0.048400 0.047179
v -0.042849 0.048077 0.061347
v -0.042773 0.048723 0.089563
v -0.042919 0.048505 0.103990
v -0.043072 0.048620 0.119529
v -0.045838 0.045898 -0.137097
v -0.045291 0.045698 -0.109080
v -0.045066 0.045666 -0.094521
v -0.044959 0.045634 -0.080329
v -0.045048 0.045560 -0.066182
v -0.045220 0.045525 -0.052188
v -0.045320 0.045408 -0.038185
v -0.044980 0.045427 -0.011878
v -0.045137 0.045488 0.005933
v -0.045751 0.045805 0.032918
v -0.045833 0.045774 0.047157
v -0.045672 0.045473 0.061347
v -0.045501 0.046143 0.088989
v -0.045703 0.045861 0.104003
v -0.045869 0.045983 0.120275
v -0.048496 0.043060 -0.136440
v -0.047950 0.042835 -0.108713
v -0.047701 0.042817 -0.094521
v -0.047599 0.042767 -0.080329
v -0.047694 0.042704 -0.066152
v -0.047870 0.042672 -0.052118
v -0.047958 0.042566 -0.038093
v -0.047635 0.042608 -0.011138
v -0.047769 0.042674 0.006033
v -0.048394 0.043008 0.032881
v -0.048493 0.043000 0.047139
v -0.048348 0.042723 0.061351
v -0.048353 0.042949 0.075673
v -0.048323 0.043154 0.089821
v -0.048329 0.043065 0.104019
v -0.048467 0.043234 0.120654
v -0.050938 0.040131 -0.136236
v -0.050411 0.039877 -0.108713
v -0.050176 0.039825 -0.094521
v -0.050080 0.039758 -0.080329
v -0.050185 0.039693 -0.066137
v -0.050362 0.039666 -0.052054
v -0.050439 0.039577 -0.038006
v -0.050131 0.039635 -0.010546
v -0.050246 0.039712 0.005421
v -0.050880 0.040058 0.032846
v -0.050991 0.040089 0.047125
v -0.050866 0.039836 0.061360
v -0.050853 0.040038 0.075698
v -0.050798 0.040199 0.089844
v -0.050789 0.040127 0.104039
v -0.050962 0.040264 0.121411
v -0.053218 0.037052 -0.136231
v -0.052695 0.036796 -0.108713
v -0.052481 0.036702 -0.094521
v -0.052394 0.036619 -0.080329
v -0.052504 0.036552 -0.066136
v -0.052690 0.036514 -0.051997
v -0.052755 0.036451 -0.037926
v -0.052477 0.036495 -0.010416
v -0.052664 0.036468 0.004373
v -0.053203 0.036961 0.032813
v -0.053325 0.037043 0.047115
v -0.053216 0.036823 0.061372
v -0.053185 0.036997 0.075723
v -0.053102 0.037108 0.089869
v -0.053074 0.037060 0.104063
v -0.053246 0.037133 0.118368
v -0.053326 0.037126 0.132565
v -0.055321 0.033836 -0.136242
v -0.054804 0.033581 -0.108713
v -0.054605 0.033464 -0.094521
v -0.054532 0.033361 -0.080329
v -0.054642 0.033290 -0.066136
v -0.054843 0.033233 -0.051957
v -0.054898 0.033196 -0.037856
v -0.054662 0.033209 -0.010631
v -0.054809 0.033258 0.004350
v -0.055324 0.033730 0.031375
v -0.055486 0.033858 0.047107
v -0.055388 0.033691 0.061388
v -0.055337 0.033833 0.075744
v -0.055112 0.033977 0.104073
v -0.055347 0.033913 0.118372
v -0.055436 0.033901 0.132565
v -0.057220 0.030529 -0.136388
v -0.056729 0.030237 -0.108713
v -0.056534 0.030125 -0.094521
v -0.056478 0.029999 -0.080329
v -0.056589 0.029922 -0.066136
v -0.056788 0.029880 -0.051943
v -0.056858 0.029826 -0.037801
v -0.056651 0.029826 -0.010749
v -0.056804 0.029889 0.004358
v -0.057103 0.030132 0.018497
v -0.057326 0.030364 0.032757
v -0.057461 0.030531 0.047099
v -0.057377 0.030432 0.061407
v -0.057299 0.030543 0.075763
v -0.057159 0.030555 0.089927
v -0.057109 0.030528 0.104118
v -0.057367 0.030500 0.127222
v -0.058929 0.027096 -0.136157
v -0.058463 0.026773 -0.108713
v -0.058270 0.026670 -0.094521
v -0.058219 0.026550 -0.080329
v -0.058329 0.026468 -0.066136
v -0.058527 0.026443 -0.051943
v -0.058617 0.026365 -0.037771
v -0.058443 0.026347 -0.010969
v -0.058598 0.026431 0.004339
v -0.058898 0.026661 0.018471
v -0.059107 0.026878 0.032734
v -0.059232 0.027048 0.047084
v -0.059046 0.027162 0.074686
v -0.058901 0.027092 0.089956
v -0.058844 0.027070 0.104147
v -0.059083 0.027044 0.129927
v -0.060458 0.023513 -0.136155
v -0.059997 0.023197 -0.108713
v -0.059805 0.023103 -0.094521
v -0.059757 0.022995 -0.080329
v -0.059865 0.022914 -0.066136
v -0.060066 0.022898 -0.051943
v -0.060165 0.022826 -0.037772
v -0.060027 0.022785 -0.011021
v -0.060195 0.022857 0.004332
v -0.060492 0.023065 0.018466
v -0.060690 0.023274 0.032722
v -0.060799 0.023443 0.047070
v -0.060755 0.023513 0.061440
v -0.060611 0.023524 0.075779
v -0.060439 0.023507 0.089979
v -0.060376 0.023491 0.104170
v -0.060599 0.023471 0.132075
v -0.061776 0.019823 -0.136136
v -0.061322 0.019516 -0.108713
v -0.061131 0.019432 -0.094521
v -0.061086 0.019339 -0.080328
v -0.061194 0.019260 -0.066136
v -0.061396 0.019252 -0.051943
v -0.061504 0.019188 -0.037774
v -0.061399 0.019137 -0.011116
v -0.061588 0.019167 0.004343
v -0.061876 0.019354 0.018480
v -0.062070 0.019550 0.032729
v -0.062157 0.019732 0.047060
v -0.062130 0.019716 0.062133
v -0.061761 0.019800 0.089987
v -0.061702 0.019762 0.104241
v -0.061909 0.019764 0.132565
v -0.062874 0.016035 -0.136090
v -0.062256 0.015702 -0.097644
v -0.062197 0.015589 -0.080328
v -0.062305 0.015514 -0.066136
v -0.062508 0.015514 -0.051943
v -0.062625 0.015459 -0.037775
v -0.062571 0.015323 -0.011166
v -0.062764 0.015377 0.004368
v -0.063039 0.015542 0.018506
v -0.063234 0.015722 0.032751
v -0.063299 0.015913 0.047065
v -0.063232 0.015929 0.062461
v -0.062861 0.015988 0.089987
v -0.062799 0.015933 0.104714
v -0.062995 0.015962 0.132565
v -0.063744 0.012159 -0.136000
v -0.063137 0.011846 -0.097304
v -0.063083 0.011755 -0.080328
v -0.063191 0.011686 -0.066135
v -0.063393 0.011690 -0.051942
v -0.063520 0.011645 -0.037776
v -0.063502 0.011467 -0.011321
v -0.063712 0.011498 0.004402
v -0.064167 0.011682 0.029906
v -0.064216 0.011998 0.047083
v -0.064110 0.012029 0.063080
v -0.063733 0.012087 0.089987
v -0.063663 0.012018 0.105280
v -0.063851 0.012071 0.132565
v -0.064376 0.008205 -0.135847
v -0.063781 0.007916 -0.096973
v -0.063734 0.007847 -0.080328
v -0.063841 0.007785 -0.066135
v -0.064041 0.007790 -0.051942
v -0.064179 0.007756 -0.037776
v -0.064198 0.007530 -0.011323
v -0.064421 0.007543 0.004442
v -0.064856 0.007781 0.031011
v -0.064894 0.008000 0.047108
v -0.064745 0.008057 0.063946
v -0.064367 0.008110 0.089987
v -0.064286 0.008051 0.105866
v -0.064471 0.008103 0.132565
v -0.064763 0.004186 -0.135590
v -0.064182 0.003923 -0.096651
v -0.064140 0.003874 -0.080327
v -0.064247 0.003821 -0.066135
v -0.064592 0.003726 -0.039702
v -0.064651 0.003519 -0.011079
v -0.065302 0.003814 0.031790
v -0.065320 0.003925 0.047138
v -0.065143 0.004004 0.064323
v -0.064756 0.004068 0.089987
v -0.064665 0.003995 0.106326
v -0.064847 0.004068 0.132565
v -0.064899 0.000120 -0.135208
v -0.064333 -0.000147 -0.096079
v -0.064295 -0.000132 -0.080327
v -0.064404 -0.000173 -0.066134
v -0.064750 -0.000244 -0.038689
v -0.064853 -0.000537 -0.010562
v -0.065500 -0.000411 0.031706
v -0.065491 -0.000188 0.047169
v -0.065300 -0.000088 0.063800
v -0.064895 -0.000007 0.089987
v -0.064794 -0.000098 0.106808
v -0.064973 0.000002 0.132565
v -0.064791 -0.004058 -0.137097
v -0.064222 -0.004235 -0.095480
v -0.064193 -0.004145 -0.080327
v -0.064305 -0.004170 -0.066134
v -0.064650 -0.004232 -0.038527
v -0.064795 -0.004592 -0.009876
v -0.065421 -0.004537 0.031521
v -0.065387 -0.004420 0.049042
v -0.064779 -0.004080 0.089987
v -0.064681 -0.004072 0.104179
v -0.064735 -0.004054 0.118372
v -0.064846 -0.004065 0.132565
v -0.064418 -0.008093 -0.137097
v -0.063863 -0.008187 -0.094989
v -0.063836 -0.008134 -0.080327
v -0.063954 -0.008139 -0.066134
v -0.064296 -0.008208 -0.038576
v -0.064473 -0.008637 -0.009519
v -0.064885 -0.008643 0.016434
v -0.065091 -0.008509 0.032982
v -0.065043 -0.008434 0.048444
v -0.064415 -0.008076 0.090091
v -0.064311 -0.008110 0.104179
v -0.064361 -0.008089 0.118372
v -0.064471 -0.008099 0.132565
v -0.063801 -0.012061 -0.137097
v -0.063261 -0.012098 -0.095007
v -0.063231 -0.012060 -0.080326
v -0.063352 -0.012053 -0.066134
v -0.063748 -0.012154 -0.033523
v -0.063906 -0.012476 -0.009454
v -0.064297 -0.012652 0.016587
v -0.064490 -0.012523 0.033021
v -0.064446 -0.012431 0.047920
v -0.063802 -0.012080 0.089562
v -0.063695 -0.012082 0.104179
v -0.063743 -0.012059 0.118372
v -0.063851 -0.012068 0.132565
v -0.062946 -0.015953 -0.137097
v -0.062423 -0.015923 -0.095125
v -0.062385 -0.015916 -0.080326
v -0.062510 -0.015893 -0.065834
v -0.062946 -0.016146 -0.028038
v -0.063077 -0.016359 -0.009420
v -0.063456 -0.016579 0.016502
v -0.063640 -0.016456 0.033056
v -0.063603 -0.016329 0.047655
v -0.062948 -0.016004 0.088895
v -0.062840 -0.015976 0.104179
v -0.062887 -0.015951 0.118372
v -0.062994 -0.015959 0.132565
v -0.061863 -0.019726 -0.135805
v -0.061365 -0.019658 -0.096281
v -0.061304 -0.019692 -0.080326
v -0.061427 -0.019697 -0.064935
v -0.061890 -0.019978 -0.025765
v -0.061999 -0.020184 -0.009388
v -0.062369 -0.020439 0.016809
v -0.062549 -0.020295 0.033089
v -0.062519 -0.020134 0.047518
v -0.061860 -0.019835 0.088198
v -0.061754 -0.019780 0.104179
v -0.061802 -0.019754 0.118372
v -0.061908 -0.019761 0.132565
v -0.060558 -0.023433 -0.135758
v -0.060060 -0.023353 -0.096207
v -0.059994 -0.023386 -0.080326
v -0.060113 -0.023423 -0.063951
v -0.060605 -0.023705 -0.024029
v -0.060690 -0.023917 -0.009358
v -0.061048 -0.024192 0.016978
v -0.061224 -0.024031 0.033119
v -0.061203 -0.023843 0.047433
v -0.060548 -0.023563 0.087447
v -0.060446 -0.023487 0.104179
v -0.060495 -0.023458 0.118372
v -0.060600 -0.023465 0.132565
v -0.059020 -0.027088 -0.136990
v -0.058511 -0.026987 -0.094519
v -0.058467 -0.026982 -0.080326
v -0.058641 -0.026951 -0.061257
v -0.059091 -0.027316 -0.023510
v -0.059164 -0.027535 -0.009331
v -0.059514 -0.027814 0.017376
v -0.059676 -0.027655 0.033146
v -0.059651 -0.027476 0.047341
v -0.059023 -0.027171 0.086631
v -0.058924 -0.027085 0.104179
v -0.058976 -0.027055 0.118372
v -0.059080 -0.027061 0.132565
v -0.057312 -0.030536 -0.137097
v -0.056770 -0.030489 -0.094533
v -0.056737 -0.030461 -0.080326
v -0.056852 -0.030535 -0.061441
v -0.057364 -0.030808 -0.023493
v -0.057427 -0.031033 -0.009306
v -0.057772 -0.031314 0.017909
v -0.057913 -0.031158 0.033171
v -0.057891 -0.030975 0.047356
v -0.057287 -0.030683 0.085341
v -0.057246 -0.030458 0.107822
v -0.057356 -0.030541 0.132565
v -0.055392 -0.033892 -0.137097
v -0.054856 -0.033823 -0.094523
v -0.054814 -0.033818 -0.080326
v -0.054907 -0.033829 -0.066133
v -0.055129 -0.033862 -0.049425
v -0.055438 -0.034173 -0.023476
v -0.055491 -0.034404 -0.009282
v -0.055832 -0.034681 0.018452
v -0.055945 -0.034533 0.033195
v -0.055927 -0.034348 0.047370
v -0.055533 -0.034025 0.075310
v -0.055357 -0.033951 0.089987
v -0.055327 -0.033823 0.107759
v -0.055435 -0.033898 0.132565
v -0.053292 -0.037091 -0.135501
v -0.052770 -0.037016 -0.095581
v -0.052705 -0.037043 -0.080326
v -0.052789 -0.037054 -0.066133
v -0.053012 -0.037105 -0.048761
v -0.053322 -0.037405 -0.023460
v -0.053363 -0.037641 -0.009259
v -0.053701 -0.037899 0.018706
v -0.053782 -0.037773 0.033218
v -0.053792 -0.037554 0.047404
v -0.053415 -0.037221 0.075774
v -0.053238 -0.037181 0.089987
v -0.053216 -0.037062 0.107633
v -0.053325 -0.037123 0.132565
v -0.051005 -0.040178 -0.135446
v -0.050476 -0.040107 -0.095459
v -0.050414 -0.040129 -0.080326
v -0.050492 -0.040139 -0.066133
v -0.050712 -0.040204 -0.048335
v -0.050927 -0.040653 -0.021216
v -0.051379 -0.040980 0.018748
v -0.051435 -0.040872 0.033241
v -0.051455 -0.040649 0.047420
v -0.051101 -0.040316 0.075777
v -0.050938 -0.040274 0.089987
v -0.050929 -0.040158 0.107693
v -0.051035 -0.040210 0.132565
v -0.048546 -0.043119 -0.135393
v -0.048011 -0.043054 -0.095384
v -0.047950 -0.043071 -0.080326
v -0.048024 -0.043080 -0.066133
v -0.048238 -0.043153 -0.048117
v -0.048449 -0.043568 -0.022395
v -0.048869 -0.043919 0.018566
v -0.048912 -0.043823 0.033265
v -0.048939 -0.043603 0.047410
v -0.048616 -0.043265 0.075780
v -0.048465 -0.043222 0.089987
v -0.048467 -0.043110 0.107802
v -0.048572 -0.043151 0.132565
v -0.045922 -0.045908 -0.135344
v -0.045382 -0.045850 -0.095362
v -0.045320 -0.045860 -0.080326
v -0.045394 -0.045869 -0.066133
v -0.045596 -0.045948 -0.048156
v -0.045917 -0.046233 -0.023411
v -0.046222 -0.046666 0.018116
v -0.046224 -0.046620 0.033290
v -0.046229 -0.046434 0.047429
v -0.045938 -0.046123 0.073804
v -0.045827 -0.046017 0.089987
v -0.045830 -0.045923 0.108480
v -0.045942 -0.045940 0.132565
v -0.043139 -0.048538 -0.135296
v -0.042598 -0.048487 -0.095412
v -0.042531 -0.048490 -0.080326
v -0.042609 -0.048500 -0.066133
v -0.042809 -0.048561 -0.049015
v -0.043121 -0.048869 -0.023388
v -0.043369 -0.049297 0.016630
v -0.043381 -0.049256 0.033317
v -0.043390 -0.049071 0.047447
v -0.043135 -0.048758 0.073413
v -0.043033 -0.048654 0.089987
v -0.043025 -0.048579 0.108359
v -0.043283 -0.048475 0.146757
v -0.040205 -0.051003 -0.135243
v -0.039667 -0.050958 -0.095555
v -0.039593 -0.050954 -0.080326
v -0.039677 -0.050965 -0.066133
v -0.039853 -0.051036 -0.049906
v -0.040170 -0.051352 -0.023350
v -0.040243 -0.051727 0.004222
v -0.040305 -0.051813 0.019222
v -0.040392 -0.051725 0.033347
v -0.040404 -0.051541 0.047467
v -0.040218 -0.051192 0.073659
v -0.040090 -0.051123 0.089987
v -0.040095 -0.051045 0.108906
v -0.040327 -0.050960 0.146757
v -0.037127 -0.053295 -0.135167
v -0.036598 -0.053255 -0.095747
v -0.036522 -0.053247 -0.080326
v -0.036603 -0.053265 -0.066125
v -0.036767 -0.053337 -0.050773
v -0.037011 -0.053761 -0.020645
v -0.037112 -0.054124 0.014621
v -0.037235 -0.054030 0.033380
v -0.037278 -0.053837 0.047490
v -0.037125 -0.053493 0.073209
v -0.037007 -0.053419 0.089987
v -0.037022 -0.053336 0.109341
v -0.037178 -0.053301 0.146757
v -0.033909 -0.055407 -0.135045
v -0.033396 -0.055370 -0.095941
v -0.033323 -0.055360 -0.080326
v -0.033392 -0.055394 -0.066107
v -0.033551 -0.055464 -0.051459
v -0.033840 -0.055811 -0.023247
v -0.033832 -0.056112 -0.000161
v -0.033786 -0.056270 0.019303
v -0.033908 -0.056167 0.033415
v -0.034011 -0.055955 0.047516
v -0.033879 -0.055624 0.073012
v -0.033793 -0.055531 0.089987
v -0.033814 -0.055446 0.109552
v -0.033999 -0.055385 0.146757
v -0.030560 -0.057331 -0.134839
v -0.030069 -0.057296 -0.096115
v -0.030001 -0.057285 -0.080326
v -0.030189 -0.057349 -0.056514
v -0.030479 -0.057767 -0.023189
v -0.030371 -0.058075 -0.001040
v -0.030307 -0.058233 0.019348
v -0.030481 -0.058080 0.037037
v -0.030484 -0.057584 0.071931
v -0.030525 -0.057355 0.100437
v -0.030621 -0.057322 0.146757
v -0.027085 -0.059059 -0.134456
v -0.026579 -0.058996 -0.083831
v -0.026682 -0.059141 -0.055836
v -0.027022 -0.059499 -0.024381
v -0.026763 -0.059868 -0.000701
v -0.026700 -0.060003 0.019395
v -0.026876 -0.059850 0.036367
v -0.027016 -0.059304 0.072177
v -0.027003 -0.059105 0.102690
v -0.023488 -0.060584 -0.133721
v -0.023014 -0.060533 -0.083748
v -0.023111 -0.060705 -0.054864
v -0.023406 -0.061062 -0.024608
v -0.023038 -0.061457 -0.000398
v -0.022977 -0.061568 0.019442
v -0.023136 -0.061429 0.035516
v -0.023393 -0.060845 0.071412
v -0.023432 -0.060627 0.102173
v -0.019771 -0.061897 -0.132247
v -0.019353 -0.061855 -0.084054
v -0.019421 -0.062062 -0.053869
v -0.019654 -0.062438 -0.023659
v -0.019204 -0.062835 0.000003
v -0.019150 -0.062918 0.019490
v -0.019298 -0.062789 0.034875
v -0.019650 -0.062169 0.071280
v -0.019744 -0.061923 0.105717
v -0.015943 -0.062990 -0.129822
v -0.015598 -0.062955 -0.084632
v -0.015580 -0.063215 -0.053019
v -0.015704 -0.063714 -0.016209
v -0.015242 -0.064021 0.005436
v -0.015223 -0.064047 0.019537
v -0.015391 -0.063912 0.034829
v -0.015795 -0.063266 0.072184
v -0.015916 -0.063011 0.109985
v -0.012047 -0.063847 -0.126578
v -0.011732 -0.063830 -0.085628
v -0.011750 -0.064179 -0.046712
v -0.011581 -0.064704 -0.013566
v -0.011232 -0.064939 0.005495
v -0.011207 -0.064946 0.019580
v -0.011381 -0.064817 0.033650
v -0.011918 -0.064105 0.074874
v -0.011971 -0.063879 0.113237
v -0.007864 -0.064447 -0.094891
v -0.007759 -0.064529 -0.080177
v -0.007745 -0.064896 -0.043669
v -0.007501 -0.065408 -0.012190
v -0.007149 -0.065617 0.005546
v -0.007115 -0.065608 0.019619
v -0.007286 -0.065446 0.036719
v -0.007803 -0.064769 0.074364
v -0.007976 -0.064499 0.117164
v -0.003864 -0.064835 -0.095567
v -0.003581 -0.064967 -0.078846
v -0.003671 -0.065423 -0.037228
v -0.003368 -0.065856 -0.011359
v -0.003010 -0.066045 0.005583
v -0.002963 -0.066023 0.019649
v -0.003179 -0.065839 0.038109
v -0.003651 -0.065173 0.074487
v -0.004007 -0.064862 0.123011
v 0.000115 -0.064970 -0.097547
v 0.000367 -0.065181 -0.075239
v 0.000528 -0.065559 -0.041074
v 0.000819 -0.066044 -0.011075
v 0.001142 -0.066219 0.005598
v 0.001207 -0.066186 0.019660
v 0.001106 -0.066057 0.033698
v 0.000891 -0.065837 0.047697
v 0.000636 -0.065344 0.073580
v 0.000090 -0.064984 0.127644
v -0.026707 -0.064803 -0.151289
v -0.022131 -0.064955 -0.151289
v -0.026708 -0.064803 0.146757
v -0.021804 -0.064964 0.146757
v 0.000001 -0.064976 -0.151289
v 0.000001 -0.064976 0.146757
v -0.023306 -0.064916 -0.133533
v -0.021683 -0.064858 -0.096457
v -0.022736 -0.064824 -0.080303
v -0.021747 -0.065105 -0.049919
v -0.022717 -0.065641 -0.010426
v -0.022494 -0.065750 0.034425
v -0.023230 -0.064926 0.109369
v -0.026706 -0.064797 0.130085
v -0.026649 -0.064831 0.104179
v -0.026632 -0.064901 0.089987
v -0.026684 -0.064987 0.075797
v -0.026736 -0.065145 0.061675
v -0.026628 -0.065383 0.047566
v -0.026443 -0.065599 0.033484
v -0.026319 -0.065692 0.019389
v -0.026324 -0.065634 0.005263
v -0.026459 -0.065486 -0.008886
v -0.026618 -0.065286 -0.023090
v -0.026544 -0.065074 -0.037412
v -0.026352 -0.064887 -0.051750
v -0.026238 -0.064769 -0.066029
v -0.026207 -0.064674 -0.080311
v -0.026272 -0.064678 -0.094519
v -0.026414 -0.064719 -0.108711
v -0.026579 -0.064766 -0.122904
v -0.026700 -0.064801 -0.137096
v -0.018427 -0.065007 -0.130839
v -0.017580 -0.064963 -0.079325
v -0.015237 -0.065859 -0.010281
v -0.021222 -0.065856 0.005420
v -0.021467 -0.065889 0.019499
v -0.021462 -0.065341 0.061454
v -0.021982 -0.065158 0.075668
v -0.011725 -0.064992 -0.091749
v -0.013539 -0.065373 -0.042881
v -0.019047 -0.065009 0.113024
v -0.013412 -0.065043 0.146757
v -0.012517 -0.065050 -0.151289
v -0.010366 -0.065057 -0.079552
v -0.014469 -0.065516 0.058484
v -0.014821 -0.065268 0.075520
v 0.000572 -0.065303 -0.065893
v -0.012366 -0.065054 0.116367
v 0.000580 -0.065443 -0.051589
v 0.000517 -0.065618 -0.037202
v 0.000667 -0.065859 -0.022855
v -0.011152 -0.066085 0.005853
v -0.012327 -0.066066 0.020031
v -0.016188 -0.065909 0.033767
v 0.000001 -0.064976 -0.122904
v 0.000051 -0.064969 -0.108711
v 0.000205 -0.064992 -0.094518
v 0.000424 -0.065118 -0.080249
v 0.000866 -0.066074 -0.008578
v 0.000677 -0.065584 0.061582
v 0.000515 -0.065322 0.075837
v 0.000503 -0.065234 0.089985
v 0.000404 -0.065129 0.104182
v 0.000190 -0.065042 0.118372
v 0.000011 -0.064980 0.132565
vn -0.0089 -1.0000 -0.0046
vn 0.0513 -0.9986 -0.0143
vn 0.0551 -0.9985 -0.0050
vn 0.1128 -0.9935 -0.0142
vn 0.1189 -0.9929 -0.0053
vn 0.1744 -0.9846 -0.0140
vn 0.1820 -0.9833 -0.0053
vn 0.2355 -0.9718 -0.0136
vn 0.2451 -0.9695 -0.0047
vn 0.2976 -0.9546 -0.0126
vn 0.3115 -0.9503 -0.0005
vn 0.3619 -0.9322 -0.0110
vn 0.3663 -0.9305 -0.0005
vn 0.4190 -0.9080 0.0010
vn 0.4249 -0.9052 -0.0071
vn 0.4747 -0.8802 0.0003
vn 0.4777 -0.8785 -0.0063
vn 0.5299 -0.8481 0.0021
vn 0.5329 -0.8462 -0.0044
vn 0.5844 -0.8115 0.0021
vn 0.5847 -0.8112 -0.0027
vn 0.6297 -0.7768 0.0019
vn 0.6359 -0.7718 -0.0009
vn 0.6748 -0.7380 0.0053
vn 0.6804 -0.7328 0.0008
vn 0.7200 -0.6939 0.0061
vn 0.7163 -0.6977 0.0012
vn 0.7959 -0.6054 0.0038
vn 0.7551 -0.6556 0.0026
vn 0.7939 -0.6080 0.0035
vn 0.8314 -0.5557 0.0043
vn 0.8282 -0.5604 0.0045
vn 0.8616 -0.5076 0.0046
vn 0.8594 -0.5113 0.0052
vn 0.8892 -0.4575 0.0048
vn 0.8875 -0.4607 0.0056
vn 0.9140 -0.4057 0.0049
vn 0.9143 -0.4050 0.0057
vn 0.9359 -0.3522 0.0050
vn 0.9350 -0.3546 0.0030
vn 0.9539 -0.3002 0.0052
vn 0.9544 -0.2985 0.0030
vn 0.9695 -0.2450 0.0054
vn 0.9705 -0.2413 0.0025
vn 0.9817 -0.1903 0.0059
vn 0.9834 -0.1812 0.0067
vn 0.9917 -0.1282 0.0067
vn 0.9911 -0.1332 0.0054
vn 0.9988 0.0491 0.0091
vn 0.9999 -0.0092 0.0046
vn 0.9987 0.0517 0.0002
vn 0.9938 0.1112 0.0095
vn 0.9935 0.1138 -0.0008
vn 0.9847 0.1741 0.0101
vn 0.9844 0.1758 -0.0013
vn 0.9717 0.2359 0.0106
vn 0.9713 0.2377 -0.0018
vn 0.9548 0.2971 0.0106
vn 0.9542 0.2992 -0.0022
vn 0.9340 0.3572 0.0103
vn 0.9330 0.3600 -0.0026
vn 0.9092 0.4163 0.0100
vn 0.9081 0.4188 -0.0028
vn 0.8814 0.4722 0.0099
vn 0.8821 0.4710 -0.0031
vn 0.5601 0.8284 0.0043
vn 0.6055 0.7958 0.0030
vn 0.5559 0.8313 0.0029
vn 0.5171 0.8559 0.0052
vn 0.5050 0.8631 0.0046
vn 0.4677 0.8839 0.0041
vn 0.4473 0.8944 0.0031
vn 0.4191 0.9079 -0.0014
vn 0.4039 0.9148 0.0031
vn 0.3598 0.9330 -0.0040
vn 0.3558 0.9345 0.0028
vn 0.2534 0.9674 -0.0027
vn 0.3060 0.9520 0.0013
vn 0.2449 0.9695 0.0040
vn 0.1989 0.9800 -0.0039
vn 0.1867 0.9824 0.0036
vn 0.1355 0.9908 -0.0056
vn 0.1320 0.9912 0.0039
vn 0.0759 0.9971 0.0026
vn 0.0697 0.9975 -0.0078
vn 0.0073 1.0000 0.0031
vn 0.0027 1.0000 -0.0080
vn -0.0609 0.9981 0.0025
vn -0.0522 0.9986 -0.0098
vn -0.1230 0.9924 0.0027
vn -0.1145 0.9934 -0.0110
vn -0.1851 0.9827 0.0025
vn -0.1776 0.9840 -0.0120
vn -0.2488 0.9685 0.0028
vn -0.2402 0.9706 -0.0128
vn -0.3102 0.9507 0.0037
vn -0.3013 0.9534 -0.0136
vn -0.3688 0.9295 0.0033
vn -0.3602 0.9328 -0.0143
vn -0.4253 0.9051 0.0029
vn -0.4173 0.9086 -0.0150
vn -0.4778 0.8785 0.0020
vn -0.4727 0.8811 -0.0156
vn -0.5284 0.8490 -0.0005
vn -0.5257 0.8505 -0.0160
vn -0.5765 0.8171 -0.0036
vn -0.5758 0.8174 -0.0165
vn -0.6234 0.7819 -0.0032
vn -0.6230 0.7820 -0.0170
vn -0.6638 0.7479 -0.0044
vn -0.6673 0.7446 -0.0175
vn -0.7092 0.7050 0.0018
vn -0.7085 0.7055 -0.0179
vn -0.7496 0.6619 0.0014
vn -0.7493 0.6620 -0.0201
vn -0.7857 0.6186 0.0014
vn -0.7883 0.6150 -0.0197
vn -0.8190 0.5738 0.0014
vn -0.8202 0.5717 -0.0199
vn -0.8496 0.5275 0.0010
vn -0.8493 0.5275 -0.0196
vn -0.8785 0.4777 -0.0009
vn -0.8769 0.4802 -0.0201
vn -0.9007 0.4341 -0.0185
vn -0.9062 0.4228 -0.0005
vn -0.9248 0.3801 -0.0180
vn -0.9294 0.3690 -0.0012
vn -0.9459 0.3241 -0.0159
vn -0.9493 0.3145 -0.0005
vn -0.9653 0.2609 -0.0028
vn -0.9640 0.2652 -0.0175
vn -0.9796 0.2008 -0.0039
vn -0.9788 0.2042 -0.0171
vn -0.9904 0.1380 -0.0052
vn -0.9900 0.1403 -0.0166
vn -0.9969 0.0779 -0.0093
vn -0.9972 0.0743 -0.0124
vn -0.9998 0.0172 -0.0109
vn -0.9999 0.0034 -0.0107
vn -0.9987 -0.0503 -0.0120
vn -0.9928 -0.1190 -0.0110
vn -0.9939 -0.1089 -0.0146
vn -0.9843 -0.1762 -0.0127
vn -0.9836 -0.1799 -0.0139
vn -0.9712 -0.2378 -0.0135
vn -0.9699 -0.2431 -0.0135
vn -0.9543 -0.2986 -0.0141
vn -0.9514 -0.3078 -0.0125
vn -0.9339 -0.3573 -0.0144
vn -0.9284 -0.3713 -0.0125
vn -0.9100 -0.4144 -0.0146
vn -0.9036 -0.4283 -0.0119
vn -0.8829 -0.4693 -0.0145
vn -0.8757 -0.4827 -0.0112
vn -0.8530 -0.5217 -0.0144
vn -0.8448 -0.5350 -0.0104
vn -0.8234 -0.5673 -0.0145
vn -0.8108 -0.5853 -0.0099
vn -0.7850 -0.6194 -0.0150
vn -0.7744 -0.6326 -0.0096
vn -0.7428 -0.6694 -0.0145
vn -0.7389 -0.6738 -0.0078
vn -0.6094 -0.7928 -0.0103
vn -0.5710 -0.8208 -0.0130
vn -0.5638 -0.8259 -0.0056
vn -0.3095 -0.9509 -0.0066
vn -0.2571 -0.9663 -0.0124
vn -0.2519 -0.9677 -0.0056
vn -0.1940 -0.9809 -0.0124
vn -0.1922 -0.9813 -0.0051
vn -0.1338 -0.9909 -0.0128
vn -0.1324 -0.9912 -0.0047
vn -0.0719 -0.9973 -0.0134
vn -0.0716 -0.9974 -0.0045
vn -0.0103 -0.9998 -0.0140
vn -0.0000 -0.0000 1.0000
vn -0.0000 -0.0000 -1.0000
vn 0.0001 -0.0000 1.0000
vn -0.0001 -0.0000 1.0000
vn 0.0003 0.0001 1.0000
vn -0.0001 -0.0000 -1.0000
vn 0.0001 -0.0000 -1.0000
vn -0.0000 0.0001 1.0000
vn -0.0000 0.0001 -1.0000
vn -0.0000 -0.0001 -1.0000
vn -0.0001 0.0001 1.0000
vn -0.0009 0.0022 1.0000
vn -0.0000 -0.0001 1.0000
vn 0.0002 -0.0000 1.0000
vn 0.0004 0.0003 1.0000
vn -0.0628 0.9980 -0.0001
vn -0.0100 0.9999 -0.0000
vn 0.0238 0.9997 -0.0000
vn 0.0303 -0.9992 -0.0249
vn -0.0204 -0.9996 0.0192
vn 0.0923 -0.9943 0.0527
vn 0.0357 -0.9990 0.0275
vn 0.0952 -0.9932 -0.0669
vn -0.0173 -0.9991 -0.0380
vn -0.2410 0.9705 -0.0000
vn -0.2265 0.9740 0.0001
vn -0.1543 0.9880 -0.0000
vn 0.1548 -0.9867 -0.0491
vn 0.2137 -0.9757 0.0486
vn 0.1524 -0.9864 0.0615
vn 0.2158 -0.9746 -0.0604
vn -0.3117 0.9502 -0.0000
vn 0.2749 -0.9603 -0.0474
vn 0.3315 -0.9423 0.0467
vn 0.2726 -0.9603 0.0594
vn 0.3332 -0.9410 -0.0581
vn -0.4048 0.9144 -0.0001
vn -0.3486 0.9373 0.0001
vn -0.5033 0.8641 -0.0000
vn -0.4489 0.8936 0.0001
vn 0.3894 -0.9199 -0.0457
vn 0.4427 -0.8955 0.0452
vn 0.3873 -0.9202 0.0574
vn 0.4442 -0.8941 -0.0564
vn -0.5943 0.8042 -0.0001
vn -0.5480 0.8365 0.0001
vn 0.4967 -0.8668 -0.0445
vn 0.5461 -0.8365 0.0442
vn 0.4934 -0.8678 0.0598
vn 0.5424 -0.8398 -0.0255
vn -0.6847 0.7288 -0.0001
vn -0.6434 0.7655 0.0001
vn 0.5958 -0.8019 -0.0437
vn 0.6409 -0.7664 0.0436
vn 0.6117 -0.7910 -0.0131
vn 0.6454 -0.7633 0.0285
vn 0.6823 -0.7305 -0.0286
vn 0.5804 -0.8141 0.0188
vn -0.7656 0.6434 -0.0001
vn -0.7288 0.6847 0.0001
vn 0.6859 -0.7264 -0.0434
vn 0.7264 -0.6859 0.0434
vn 0.7138 -0.7003 0.0131
vn 0.7403 -0.6720 -0.0185
vn -0.8365 0.5480 -0.0001
vn -0.8042 0.5943 0.0001
vn 0.7664 -0.6409 -0.0436
vn 0.8008 -0.5970 0.0476
vn 0.7700 -0.6376 0.0251
vn 0.8033 -0.5927 -0.0587
vn -0.8936 0.4489 -0.0001
vn -0.8641 0.5033 -0.0000
vn 0.8347 -0.5505 -0.0160
vn 0.8606 -0.5085 0.0288
vn 0.8961 -0.4438 -0.0058
vn 0.8960 -0.4438 -0.0159
vn 0.8350 -0.5475 0.0552
vn 0.8672 -0.4948 -0.0559
vn -0.9373 0.3484 -0.0001
vn -0.9144 0.4048 0.0001
vn 0.9261 -0.3760 0.0301
vn 0.8933 -0.4455 0.0604
vn 0.9192 -0.3931 -0.0238
vn 0.0004 -0.0001 1.0000
vn 0.0003 -0.0000 1.0000
vn 0.0003 -0.0002 1.0000
vn -0.9717 0.2361 -0.0001
vn -0.9528 0.3037 -0.0000
vn 0.9606 -0.2732 0.0507
vn 0.9442 -0.3288 -0.0179
vn 0.9379 -0.3448 0.0370
vn 0.9616 -0.2744 -0.0100
vn -0.9924 0.1227 -0.0001
vn -0.9813 0.1924 0.0001
vn 0.9848 -0.1714 0.0266
vn 0.9755 -0.2189 -0.0216
vn 0.9953 -0.0935 -0.0257
vn 0.9904 -0.1379 0.0121
vn 0.9786 -0.2028 0.0349
vn 0.9878 -0.1557 -0.0102
vn -0.9999 0.0161 -0.0000
vn -0.9964 0.0843 -0.0000
vn 0.9990 -0.0361 0.0280
vn 0.9973 -0.0718 -0.0162
vn 0.9990 -0.0249 0.0360
vn 0.9990 0.0305 -0.0338
vn 0.9936 -0.1111 0.0195
vn -0.9964 -0.0843 -0.0000
vn -0.9999 -0.0161 -0.0000
vn 0.9986 0.0502 0.0152
vn 0.9999 0.0092 -0.0112
vn 0.9956 0.0928 -0.0087
vn 0.9907 0.1351 0.0148
vn 0.9935 0.1086 0.0334
vn 0.9867 0.1596 -0.0314
vn -0.0002 -0.0001 1.0000
vn -0.0001 -0.0001 1.0000
vn -0.9813 -0.1924 -0.0001
vn -0.9924 -0.1227 0.0001
vn 0.9848 0.1733 -0.0143
vn 0.9762 0.2168 0.0053
vn 0.9749 0.2148 0.0581
vn 0.9599 0.2749 -0.0553
vn -0.9528 -0.3037 -0.0000
vn -0.9717 -0.2361 0.0001
vn 0.0002 0.0001 -1.0000
vn 0.9405 0.3394 0.0135
vn 0.9646 0.2622 -0.0289
vn 0.9445 0.3270 0.0301
vn 0.9288 0.3702 -0.0146
vn -0.9144 -0.4048 -0.0001
vn -0.9373 -0.3484 0.0001
vn -0.8641 -0.5033 -0.0000
vn -0.8936 -0.4489 0.0001
vn 0.0003 0.0001 -1.0000
vn 0.8974 0.4409 -0.0148
vn 0.8974 0.4406 -0.0225
vn 0.9129 0.4079 0.0141
vn 0.8934 0.4483 -0.0273
vn -0.0002 -0.0002 1.0000
vn -0.8042 -0.5943 -0.0001
vn -0.8365 -0.5480 0.0001
vn -0.0001 -0.0001 -1.0000
vn 0.8596 0.5105 0.0206
vn 0.8353 0.5493 -0.0209
vn 0.8017 0.5970 0.0287
vn 0.8670 0.4953 0.0544
vn 0.8347 0.5478 -0.0568
vn -0.0003 -0.0002 1.0000
vn -0.0002 -0.0000 1.0000
vn -0.7288 -0.6847 -0.0001
vn -0.7655 -0.6434 0.0001
vn -0.0002 -0.0002 -1.0000
vn 0.7275 0.6857 -0.0247
vn 0.7591 0.6507 0.0158
vn 0.8028 0.5936 0.0556
vn 0.7654 0.6416 -0.0505
vn -0.6487 -0.7610 -0.0000
vn -0.6858 -0.7278 -0.0000
vn 0.6853 0.7269 0.0459
vn 0.7005 0.7136 -0.0133
vn 0.6713 0.7410 0.0135
vn 0.6384 0.7692 -0.0287
vn 0.7310 0.6818 0.0276
vn 0.0001 -0.0001 1.0000
vn -0.5681 -0.8230 -0.0000
vn -0.6047 -0.7965 -0.0000
vn 0.6409 0.7663 -0.0436
vn 0.5957 0.8020 0.0435
vn 0.5954 0.8026 0.0371
vn 0.5550 0.8317 -0.0178
vn -0.0002 -0.0003 1.0000
vn -0.5262 -0.8504 -0.0000
vn 0.5457 0.8367 -0.0462
vn 0.4966 0.8669 0.0436
vn 0.4967 0.8672 -0.0365
vn -0.3889 -0.9213 -0.0000
vn -0.4354 -0.9002 -0.0000
vn -0.4877 -0.8730 -0.0000
vn 0.4433 0.8953 -0.0441
vn 0.3933 0.9192 0.0212
vn 0.4081 0.9129 -0.0139
vn 0.3703 0.9288 0.0148
vn 0.3280 0.9442 -0.0309
vn 0.4482 0.8934 0.0305
vn -0.2743 -0.9616 -0.0001
vn -0.3322 -0.9432 -0.0000
vn -0.0000 -0.0003 -1.0000
vn 0.3123 0.9499 0.0104
vn 0.3529 0.9356 -0.0099
vn 0.2125 0.9768 0.0271
vn 0.2700 0.9625 -0.0255
vn 0.2737 0.9612 0.0360
vn 0.2233 0.9745 -0.0205
vn -0.1605 -0.9870 -0.0001
vn -0.2206 -0.9754 -0.0000
vn -0.1111 -0.9938 0.0001
vn 0.1122 0.9936 -0.0106
vn 0.0795 0.9968 0.0008
vn 0.1751 0.9845 -0.0131
vn -0.0464 -0.9989 -0.0001
vn 0.0174 0.9995 -0.0271
vn -0.0292 0.9996 0.0065
vn 0.0323 0.9994 0.0110
vn -0.0125 0.9997 -0.0199
vn 0.0799 0.9962 -0.0339
vn 0.1392 0.9903 0.0026
vn 0.0699 -0.9976 -0.0001
vn -0.0001 -1.0000 0.0001
vn -0.1144 0.9934 0.0109
vn -0.0735 0.9972 -0.0153
vn -0.0495 0.9986 0.0201
vn -0.0942 0.9955 -0.0108
vn 0.1924 -0.9813 -0.0001
vn 0.1146 -0.9934 0.0001
vn -0.1591 0.9869 -0.0271
vn -0.2169 0.9759 0.0249
vn -0.1414 0.9894 0.0331
vn -0.2005 0.9797 -0.0023
vn 0.3037 -0.9528 -0.0000
vn 0.2361 -0.9717 0.0001
vn -0.3170 0.9484 -0.0091
vn -0.3485 0.9373 0.0048
vn -0.2363 0.9716 0.0091
vn -0.3145 0.9492 -0.0073
vn 0.4048 -0.9144 -0.0001
vn 0.3484 -0.9373 0.0001
vn 0.5033 -0.8641 -0.0000
vn 0.4489 -0.8936 0.0001
vn -0.4286 0.9035 -0.0047
vn -0.4586 0.8886 0.0046
vn -0.3503 0.9366 0.0071
vn -0.4270 0.9042 -0.0070
vn 0.0002 -0.0001 1.0000
vn 0.5943 -0.8042 -0.0001
vn 0.5480 -0.8365 0.0001
vn -0.5334 0.8459 -0.0045
vn -0.5609 0.8279 0.0045
vn -0.4603 0.8878 0.0068
vn -0.5316 0.8470 -0.0069
vn 0.0002 -0.0002 1.0000
vn -0.0000 -0.0002 1.0000
vn 0.6847 -0.7288 -0.0001
vn 0.6434 -0.7655 0.0001
vn -0.6293 0.7771 -0.0045
vn -0.6536 0.7568 0.0080
vn -0.5615 0.8274 0.0101
vn -0.6407 0.7671 -0.0314
vn 0.7655 -0.6434 -0.0001
vn 0.7288 -0.6847 0.0001
vn -0.7259 0.6874 -0.0255
vn -0.6934 0.7205 0.0141
vn -0.7650 0.6437 0.0200
vn -0.7170 0.6965 -0.0259
vn -0.7687 0.6394 0.0176
vn -0.7689 0.6389 0.0250
vn -0.6832 0.7297 0.0274
vn 0.8365 -0.5480 -0.0001
vn 0.8042 -0.5943 0.0001
vn -0.0001 0.0001 -1.0000
vn -0.8369 0.5472 0.0122
vn -0.7933 0.6085 -0.0204
vn -0.8351 0.5498 -0.0178
vn -0.0002 0.0001 1.0000
vn 0.8936 -0.4488 -0.0001
vn 0.8641 -0.5033 -0.0000
vn -0.8757 0.4825 -0.0211
vn -0.8970 0.4414 0.0210
vn -0.8749 0.4835 0.0271
vn -0.8972 0.4408 -0.0277
vn 0.9374 -0.3483 -0.0001
vn 0.9144 -0.4048 0.0001
vn -0.9357 0.3527 0.0095
vn -0.9193 0.3929 -0.0231
vn -0.9205 0.3888 0.0387
vn -0.9400 0.3407 -0.0198
vn 0.9717 -0.2361 -0.0001
vn 0.9528 -0.3037 -0.0000
vn -0.9494 0.3136 -0.0152
vn -0.9629 0.2690 0.0210
vn -0.9609 0.2745 -0.0356
vn 0.9924 -0.1227 -0.0000
vn 0.9813 -0.1924 0.0001
vn -0.9755 0.2136 -0.0516
vn -0.9868 0.1599 0.0245
vn -0.9845 0.1749 -0.0151
vn -0.9909 0.1334 0.0156
vn -0.9958 0.0860 -0.0328
vn -0.9748 0.2204 0.0338
vn 0.9999 -0.0161 -0.0000
vn 0.9964 -0.0843 -0.0000
vn -0.9972 0.0735 0.0153
vn -0.9934 0.1144 -0.0109
vn -0.9995 0.0309 -0.0089
vn -0.9998 -0.0120 0.0146
vn -0.9973 0.0323 0.0654
vn -0.9992 -0.0251 -0.0303
vn 0.9964 0.0843 -0.0000
vn 0.9999 0.0161 -0.0000
vn -0.9985 -0.0513 -0.0166
vn -0.9949 -0.0985 0.0220
vn -0.9971 -0.0730 0.0221
vn -0.9936 -0.1110 -0.0191
vn 0.9813 0.1924 -0.0001
vn 0.9924 0.1227 0.0001
vn -0.9863 -0.1564 -0.0531
vn -0.9757 -0.2137 0.0485
vn -0.9786 -0.2030 -0.0353
vn -0.9608 -0.2771 0.0106
vn -0.9605 -0.2776 0.0185
vn -0.9878 -0.1557 0.0101
vn 0.9502 0.3117 -0.0001
vn 0.9717 0.2361 0.0001
vn -0.9603 -0.2749 -0.0474
vn -0.9423 -0.3315 0.0467
vn -0.9298 -0.3679 -0.0138
vn 0.0001 0.0001 1.0000
vn 0.9022 0.4313 -0.0001
vn 0.9384 0.3456 -0.0000
vn -0.9199 -0.3894 -0.0457
vn -0.8955 -0.4427 0.0452
vn -0.9129 -0.4081 0.0090
vn -0.8772 -0.4802 -0.0067
vn 0.0001 0.0002 1.0000
vn 0.8374 0.5466 -0.0000
vn 0.8635 0.5043 -0.0000
vn -0.8668 -0.4967 -0.0445
vn -0.8365 -0.5461 0.0442
vn -0.8593 -0.5114 0.0102
vn -0.8035 -0.5945 -0.0315
vn 0.0002 0.0002 1.0000
vn 0.7725 0.6350 -0.0001
vn 0.8030 0.5960 -0.0000
vn -0.8019 -0.5958 -0.0437
vn -0.7673 -0.6396 0.0474
vn -0.7694 -0.6380 0.0297
vn -0.7412 -0.6712 -0.0134
vn 0.7039 0.7103 -0.0000
vn 0.7351 0.6779 -0.0000
vn 0.6677 0.7444 -0.0000
vn -0.7302 -0.6831 -0.0158
vn -0.6957 -0.7178 0.0283
vn -0.6427 -0.7660 -0.0094
vn -0.6420 -0.7666 -0.0155
vn -0.7137 -0.7004 0.0135
vn -0.6825 -0.7303 -0.0286
vn 0.5468 0.8372 -0.0001
vn 0.5886 0.8084 -0.0000
vn 0.6335 0.7737 -0.0000
vn 0.0002 -0.0000 -1.0000
vn -0.5722 -0.8201 -0.0012
vn -0.6411 -0.7668 0.0331
vn -0.5616 -0.8274 -0.0103
vn -0.6026 -0.7978 -0.0186
vn 0.4488 0.8936 -0.0001
vn 0.5033 0.8641 -0.0000
vn -0.0003 -0.0004 -1.0000
vn -0.4957 -0.8684 0.0101
vn -0.5717 -0.8205 0.0012
vn -0.5317 -0.8469 0.0068
vn -0.4603 -0.8878 -0.0068
vn 0.3483 0.9374 -0.0001
vn 0.4048 0.9144 0.0001
vn -0.4310 -0.9017 -0.0328
vn -0.3849 -0.9228 0.0177
vn -0.4270 -0.9042 0.0070
vn -0.3503 -0.9366 -0.0071
vn 0.2361 0.9717 -0.0001
vn 0.3037 0.9528 -0.0000
vn -0.3295 -0.9431 -0.0459
vn -0.2753 -0.9598 0.0547
vn -0.3144 -0.9492 0.0073
vn -0.2336 -0.9723 -0.0075
vn 0.1227 0.9924 -0.0001
vn 0.1924 0.9813 0.0001
vn -0.1696 -0.9853 0.0195
vn -0.2187 -0.9755 -0.0223
vn -0.1058 -0.9944 -0.0008
vn -0.0730 -0.9973 0.0112
vn -0.1957 -0.9806 0.0077
vn -0.1152 -0.9933 -0.0096
vn 0.0843 0.9964 -0.0000
vn -0.0779 -0.9970 0.0022
vn 0.0506 -0.9987 0.0011
vn -0.0001 -1.0000 0.0046
vn 0.0517 -0.9986 0.0060
vn -0.0095 -0.9999 0.0102
vn 0.0588 -0.9982 0.0120
vn 0.0022 -0.9998 0.0182
vn 0.0561 -0.9983 0.0164
vn 0.0235 -0.9997 0.0063
vn 0.0647 -0.9979 0.0068
vn 0.0503 -0.9987 -0.0000
vn -0.0038 -1.0000 -0.0020
vn -0.0000 -1.0000 -0.0000
vn 0.0532 -0.9985 -0.0091
vn -0.0058 -0.9999 -0.0108
vn 0.0462 -0.9989 -0.0122
vn -0.0200 -0.9997 -0.0130
vn 0.0465 -0.9988 -0.0138
vn 0.1116 -0.9938 0.0018
vn 0.1158 -0.9932 0.0074
vn 0.1137 -0.9934 0.0134
vn 0.1198 -0.9927 0.0167
vn 0.1279 -0.9918 0.0065
vn 0.1229 -0.9924 -0.0001
vn 0.0686 -0.9976 -0.0010
vn 0.1177 -0.9930 -0.0024
vn 0.1140 -0.9934 -0.0113
vn 0.1112 -0.9937 -0.0132
vn 0.1083 -0.9940 -0.0140
vn 0.1731 -0.9849 0.0027
vn 0.1854 -0.9826 0.0076
vn 0.1723 -0.9850 0.0098
vn 0.1750 -0.9845 0.0154
vn 0.1824 -0.9831 0.0167
vn 0.1915 -0.9815 0.0059
vn 0.1729 -0.9849 -0.0025
vn 0.1753 -0.9844 -0.0128
vn 0.1725 -0.9849 -0.0143
vn 0.1700 -0.9853 -0.0144
vn 0.2337 -0.9723 0.0038
vn 0.2368 -0.9715 0.0096
vn 0.2379 -0.9712 0.0112
vn 0.2350 -0.9719 0.0157
vn 0.2445 -0.9695 0.0164
vn 0.2568 -0.9665 0.0053
vn 0.1945 -0.9809 -0.0001
vn 0.2400 -0.9708 -0.0028
vn 0.2351 -0.9719 -0.0144
vn 0.2328 -0.9724 -0.0154
vn 0.2319 -0.9726 -0.0147
vn 0.2929 -0.9561 0.0051
vn 0.2962 -0.9551 0.0113
vn 0.2975 -0.9547 0.0125
vn 0.2950 -0.9554 0.0159
vn 0.3072 -0.9515 0.0139
vn 0.2932 -0.9561 -0.0004
vn 0.2450 -0.9695 -0.0002
vn 0.3055 -0.9522 -0.0044
vn 0.2930 -0.9560 -0.0163
vn 0.2920 -0.9563 -0.0163
vn 0.2932 -0.9560 -0.0145
vn 0.3507 -0.9365 0.0064
vn 0.3541 -0.9351 0.0130
vn 0.3565 -0.9342 0.0137
vn 0.3543 -0.9350 0.0157
vn 0.3684 -0.9296 0.0114
vn 0.3514 -0.9362 -0.0002
vn 0.3550 -0.9348 -0.0101
vn 0.3498 -0.9366 -0.0185
vn 0.3496 -0.9368 -0.0169
vn 0.3526 -0.9357 -0.0142
vn 0.4067 -0.9135 0.0077
vn 0.4103 -0.9118 0.0144
vn 0.4138 -0.9103 0.0148
vn 0.4115 -0.9113 0.0154
vn 0.4283 -0.9035 0.0130
vn 0.4169 -0.9090 -0.0000
vn 0.3684 -0.9297 -0.0015
vn 0.4122 -0.9111 -0.0032
vn 0.4125 -0.9109 -0.0119
vn 0.4059 -0.9137 -0.0201
vn 0.4104 -0.9118 -0.0168
vn 0.4074 -0.9132 -0.0140
vn 0.4610 -0.8873 0.0088
vn 0.4704 -0.8823 0.0163
vn 0.4625 -0.8865 0.0147
vn 0.4752 -0.8797 0.0148
vn 0.4783 -0.8782 0.0094
vn 0.4677 -0.8839 -0.0025
vn 0.4665 -0.8844 -0.0137
vn 0.4604 -0.8874 -0.0216
vn 0.4636 -0.8860 -0.0122
vn 0.4696 -0.8828 -0.0124
vn 0.4217 -0.9066 -0.0128
vn 0.5132 -0.8582 0.0097
vn 0.5240 -0.8515 0.0160
vn 0.5182 -0.8551 0.0166
vn 0.5275 -0.8494 0.0129
vn 0.5298 -0.8480 0.0133
vn 0.5138 -0.8579 -0.0000
vn 0.4706 -0.8824 -0.0000
vn 0.5245 -0.8514 -0.0037
vn 0.5186 -0.8549 -0.0153
vn 0.5131 -0.8580 -0.0229
vn 0.4684 -0.8833 -0.0187
vn 0.5114 -0.8593 -0.0101
vn 0.5239 -0.8517 -0.0114
vn 0.5634 -0.8261 0.0105
vn 0.5660 -0.8242 0.0174
vn 0.5768 -0.8166 0.0197
vn 0.5756 -0.8176 0.0110
vn 0.5715 -0.8205 0.0138
vn 0.5851 -0.8109 0.0114
vn 0.5637 -0.8260 -0.0001
vn 0.5739 -0.8189 -0.0043
vn 0.5686 -0.8225 -0.0168
vn 0.5636 -0.8257 -0.0241
vn 0.5233 -0.8519 -0.0210
vn 0.5671 -0.8236 -0.0090
vn 0.5715 -0.8206 -0.0094
vn 0.5256 -0.8507 -0.0114
vn 0.5763 -0.8172 -0.0099
vn 0.6113 -0.7913 0.0111
vn 0.6165 -0.7871 0.0179
vn 0.6223 -0.7825 0.0197
vn 0.6292 -0.7772 0.0107
vn 0.6133 -0.7898 0.0120
vn 0.6324 -0.7745 0.0141
vn 0.6352 -0.7723 0.0092
vn 0.6115 -0.7912 -0.0002
vn 0.6212 -0.7837 -0.0049
vn 0.6177 -0.7862 -0.0181
vn 0.6080 -0.7935 -0.0254
vn 0.5740 -0.8185 -0.0215
vn 0.6164 -0.7874 -0.0079
vn 0.6204 -0.7843 -0.0077
vn 0.6251 -0.7805 -0.0084
vn 0.6569 -0.7539 0.0116
vn 0.6622 -0.7491 0.0182
vn 0.6680 -0.7439 0.0198
vn 0.6748 -0.7380 0.0101
vn 0.6625 -0.7490 0.0104
vn 0.6780 -0.7349 0.0123
vn 0.6570 -0.7538 -0.0003
vn 0.6656 -0.7463 -0.0063
vn 0.6619 -0.7492 -0.0238
vn 0.6227 -0.7821 -0.0220
vn 0.6630 -0.7486 -0.0068
vn 0.6665 -0.7454 -0.0060
vn 0.6711 -0.7414 -0.0068
vn 0.7001 -0.7139 0.0119
vn 0.7055 -0.7085 0.0183
vn 0.7111 -0.7028 0.0198
vn 0.7176 -0.6964 0.0095
vn 0.7056 -0.7085 0.0091
vn 0.7194 -0.6945 0.0122
vn 0.7002 -0.7139 -0.0005
vn 0.7079 -0.7062 -0.0070
vn 0.7064 -0.7074 -0.0234
vn 0.6641 -0.7473 -0.0211
vn 0.7075 -0.7066 -0.0059
vn 0.7102 -0.7040 -0.0044
vn 0.7145 -0.6996 -0.0051
vn 0.7409 -0.6715 0.0121
vn 0.7461 -0.6656 0.0183
vn 0.7535 -0.6572 0.0192
vn 0.7552 -0.6555 0.0074
vn 0.7466 -0.6652 0.0080
vn 0.7551 -0.6555 0.0109
vn 0.7660 -0.6429 0.0059
vn 0.7410 -0.6715 -0.0007
vn 0.7484 -0.6632 -0.0073
vn 0.7073 -0.7065 -0.0232
vn 0.7432 -0.6686 -0.0246
vn 0.7490 -0.6626 -0.0049
vn 0.7513 -0.6600 -0.0031
vn 0.7541 -0.6568 -0.0035
vn 0.7792 -0.6267 0.0122
vn 0.7841 -0.6204 0.0181
vn 0.7935 -0.6082 0.0191
vn 0.7889 -0.6145 0.0083
vn 0.7844 -0.6202 0.0070
vn 0.7903 -0.6127 0.0099
vn 0.8016 -0.5978 0.0068
vn 0.7849 -0.6196 -0.0009
vn 0.7817 -0.6236 -0.0094
vn 0.7815 -0.6235 -0.0249
vn 0.7534 -0.6571 -0.0225
vn 0.7874 -0.6164 -0.0041
vn 0.7895 -0.6138 -0.0020
vn 0.7918 -0.6108 -0.0025
vn 0.8148 -0.5796 0.0122
vn 0.8194 -0.5730 0.0178
vn 0.8280 -0.5604 0.0186
vn 0.8238 -0.5668 0.0078
vn 0.8214 -0.5704 0.0072
vn 0.8298 -0.5580 0.0066
vn 0.8182 -0.5749 -0.0065
vn 0.8171 -0.5759 -0.0250
vn 0.7912 -0.6112 -0.0222
vn 0.8230 -0.5681 -0.0026
vn 0.8247 -0.5655 -0.0010
vn 0.8264 -0.5631 -0.0015
vn 0.8477 -0.5304 0.0121
vn 0.8551 -0.5182 0.0178
vn 0.8572 -0.5147 0.0177
vn 0.8557 -0.5174 0.0072
vn 0.8530 -0.5219 0.0066
vn 0.8605 -0.5094 0.0064
vn 0.8474 -0.5310 -0.0006
vn 0.8200 -0.5724 -0.0005
vn 0.8535 -0.5210 -0.0078
vn 0.8516 -0.5235 -0.0254
vn 0.8266 -0.5624 -0.0219
vn 0.8554 -0.5180 -0.0021
vn 0.8571 -0.5152 -0.0001
vn 0.8583 -0.5132 -0.0008
vn 0.8777 -0.4790 0.0120
vn 0.8875 -0.4605 0.0168
vn 0.8824 -0.4702 0.0177
vn 0.8849 -0.4658 0.0065
vn 0.8821 -0.4710 0.0060
vn 0.8883 -0.4592 0.0063
vn 0.8775 -0.4796 -0.0006
vn 0.8831 -0.4691 -0.0076
vn 0.8813 -0.4718 -0.0262
vn 0.8561 -0.5164 -0.0202
vn 0.8851 -0.4654 -0.0006
vn 0.8865 -0.4627 0.0007
vn 0.8873 -0.4612 -0.0003
vn 0.9049 -0.4256 0.0118
vn 0.9135 -0.4065 0.0164
vn 0.9088 -0.4169 0.0171
vn 0.9111 -0.4121 0.0056
vn 0.9081 -0.4188 0.0056
vn 0.9132 -0.4075 0.0063
vn 0.9046 -0.4263 -0.0007
vn 0.9098 -0.4151 -0.0077
vn 0.8832 -0.4684 -0.0243
vn 0.9067 -0.4211 -0.0252
vn 0.9104 -0.4134 -0.0137
vn 0.8872 -0.4612 -0.0128
vn 0.9116 -0.4112 0.0004
vn 0.9135 -0.4068 0.0013
vn 0.9105 -0.4134 -0.0006
vn 0.9326 -0.3608 0.0115
vn 0.9354 -0.3531 0.0166
vn 0.9321 -0.3618 0.0165
vn 0.9337 -0.3581 0.0054
vn 0.9325 -0.3610 0.0052
vn 0.9348 -0.3552 0.0062
vn 0.9286 -0.3710 -0.0008
vn 0.9332 -0.3594 -0.0079
vn 0.9303 -0.3660 -0.0253
vn 0.9124 -0.4084 -0.0255
vn 0.9334 -0.3586 -0.0123
vn 0.9346 -0.3558 0.0010
vn 0.9356 -0.3531 0.0016
vn 0.9538 -0.3001 0.0156
vn 0.9558 -0.2939 0.0112
vn 0.9522 -0.3052 0.0160
vn 0.9532 -0.3023 0.0050
vn 0.9537 -0.3008 0.0016
vn 0.9515 -0.3075 0.0078
vn 0.9535 -0.3014 0.0063
vn 0.9495 -0.3138 -0.0008
vn 0.9532 -0.3022 -0.0081
vn 0.9522 -0.3043 -0.0261
vn 0.9350 -0.3537 -0.0250
vn 0.9529 -0.3032 -0.0109
vn 0.9541 -0.2995 0.0017
vn 0.9548 -0.2972 0.0017
vn 0.9703 -0.2414 0.0151
vn 0.9720 -0.2348 0.0110
vn 0.9689 -0.2469 0.0155
vn 0.9695 -0.2449 0.0042
vn 0.9702 -0.2423 0.0015
vn 0.9674 -0.2532 0.0076
vn 0.9695 -0.2451 0.0065
vn 0.9671 -0.2543 -0.0010
vn 0.9699 -0.2433 -0.0086
vn 0.9687 -0.2470 -0.0250
vn 0.9527 -0.3028 -0.0235
vn 0.9692 -0.2460 -0.0096
vn 0.9703 -0.2417 0.0025
vn 0.9705 -0.2410 0.0016
vn 0.9819 -0.1891 0.0142
vn 0.9846 -0.1746 0.0108
vn 0.9832 -0.1818 0.0154
vn 0.9825 -0.1864 0.0042
vn 0.9829 -0.1839 0.0015
vn 0.9805 -0.1962 0.0076
vn 0.9822 -0.1877 0.0068
vn 0.9820 -0.1887 -0.0016
vn 0.9823 -0.1868 -0.0104
vn 0.9694 -0.2443 -0.0258
vn 0.9807 -0.1935 -0.0272
vn 0.9822 -0.1875 -0.0078
vn 0.9832 -0.1828 0.0035
vn 0.9834 -0.1813 0.0017
vn 0.9828 -0.1847 -0.0003
vn 0.9919 -0.1262 0.0148
vn 0.9935 -0.1131 0.0106
vn 0.9926 -0.1204 0.0145
vn 0.9919 -0.1268 0.0034
vn 0.9922 -0.1246 0.0015
vn 0.9913 -0.1317 0.0079
vn 0.9907 -0.1362 0.0067
vn 0.9918 -0.1274 -0.0019
vn 0.9918 -0.1268 -0.0147
vn 0.9906 -0.1336 -0.0279
vn 0.9832 -0.1809 -0.0241
vn 0.9918 -0.1279 -0.0069
vn 0.9924 -0.1231 0.0046
vn 0.9926 -0.1218 0.0017
vn 0.9924 -0.1230 -0.0013
vn 0.9977 -0.0663 0.0137
vn 0.9986 -0.0514 0.0105
vn 0.9980 -0.0613 0.0151
vn 0.9978 -0.0661 0.0032
vn 0.9979 -0.0644 0.0017
vn 0.9977 -0.0677 0.0078
vn 0.9967 -0.0811 0.0079
vn 0.9974 -0.0716 0.0058
vn 0.9974 -0.0721 -0.0000
vn 0.9921 -0.1252 -0.0000
vn 0.9980 -0.0626 -0.0027
vn 0.9977 -0.0665 -0.0162
vn 0.9968 -0.0745 -0.0286
vn 0.9924 -0.1210 -0.0238
vn 0.9972 -0.0746 -0.0070
vn 0.9983 -0.0585 0.0057
vn 0.9981 -0.0622 0.0018
vn 0.9980 -0.0632 -0.0017
vn 0.9999 -0.0044 0.0146
vn 0.9999 0.0101 0.0103
vn 0.9999 0.0007 0.0145
vn 1.0000 -0.0053 0.0030
vn 1.0000 -0.0025 0.0022
vn 0.9999 -0.0140 0.0077
vn 0.9998 -0.0151 0.0088
vn 0.9999 -0.0104 -0.0000
vn 1.0000 -0.0008 -0.0036
vn 0.9998 -0.0041 -0.0177
vn 0.9994 -0.0147 -0.0299
vn 0.9977 -0.0608 -0.0287
vn 0.9998 -0.0073 -0.0191
vn 0.9979 -0.0613 -0.0184
vn 1.0000 -0.0034 0.0006
vn 1.0000 0.0021 0.0025
vn 1.0000 -0.0089 -0.0027
vn 0.9979 0.0632 0.0142
vn 0.9974 0.0718 0.0100
vn 0.9984 0.0551 0.0149
vn 0.9984 0.0563 0.0029
vn 0.9983 0.0590 0.0030
vn 0.9991 0.0426 0.0086
vn 0.9987 0.0515 -0.0000
vn 0.9982 0.0604 -0.0049
vn 0.9980 0.0573 -0.0249
vn 0.9996 0.0030 -0.0286
vn 0.9983 0.0553 -0.0183
vn 0.9981 0.0615 0.0007
vn 0.9983 0.0585 0.0020
vn 0.9921 0.1249 0.0141
vn 0.9910 0.1334 0.0096
vn 0.9930 0.1168 0.0149
vn 0.9930 0.1181 0.0031
vn 0.9936 0.1126 0.0022
vn 0.9939 0.1095 0.0090
vn 0.9936 0.1128 -0.0002
vn 0.9926 0.1215 -0.0059
vn 0.9924 0.1193 -0.0288
vn 0.9979 0.0581 -0.0279
vn 0.9928 0.1182 -0.0172
vn 0.9922 0.1245 0.0011
vn 0.9927 0.1204 0.0020
vn 0.9823 0.1865 0.0140
vn 0.9808 0.1946 0.0090
vn 0.9838 0.1786 0.0149
vn 0.9837 0.1798 0.0033
vn 0.9846 0.1745 0.0042
vn 0.9857 0.1681 0.0104
vn 0.9847 0.1740 -0.0007
vn 0.9832 0.1824 -0.0070
vn 0.9923 0.1219 -0.0229
vn 0.9830 0.1817 -0.0265
vn 0.9834 0.1809 -0.0159
vn 0.9827 0.1851 0.0010
vn 0.9826 0.1858 0.0022
vn 0.9689 0.2473 0.0138
vn 0.9670 0.2547 0.0084
vn 0.9708 0.2395 0.0148
vn 0.9705 0.2410 0.0038
vn 0.9703 0.2421 0.0033
vn 0.9741 0.2259 0.0101
vn 0.9722 0.2343 -0.0013
vn 0.9701 0.2427 -0.0081
vn 0.9695 0.2433 -0.0283
vn 0.9827 0.1833 -0.0270
vn 0.9699 0.2429 -0.0145
vn 0.9691 0.2466 0.0004
vn 0.9696 0.2446 0.0070
vn 0.9517 0.3066 0.0135
vn 0.9495 0.3135 0.0078
vn 0.9540 0.2994 0.0146
vn 0.9535 0.3013 0.0042
vn 0.9536 0.3012 0.0027
vn 0.9569 0.2904 0.0101
vn 0.9560 0.2935 -0.0019
vn 0.9532 0.3021 -0.0092
vn 0.9692 0.2452 -0.0245
vn 0.9545 0.2971 -0.0266
vn 0.9526 0.3038 -0.0133
vn 0.9514 0.3078 0.0017
vn 0.9508 0.3097 0.0069
vn 0.9514 0.3080 -0.0013
vn 0.9679 0.2513 -0.0017
vn 0.9311 0.3646 0.0131
vn 0.9287 0.3708 0.0072
vn 0.9337 0.3578 0.0142
vn 0.9325 0.3610 0.0044
vn 0.9326 0.3608 0.0013
vn 0.9350 0.3545 0.0058
vn 0.9374 0.3481 0.0141
vn 0.9363 0.3512 -0.0025
vn 0.9330 0.3597 -0.0100
vn 0.9348 0.3542 -0.0261
vn 0.9501 0.3106 -0.0270
vn 0.9320 0.3623 -0.0116
vn 0.9303 0.3668 0.0030
vn 0.9294 0.3690 0.0069
vn 0.9300 0.3677 -0.0017
vn 0.9072 0.4205 0.0125
vn 0.9046 0.4262 0.0066
vn 0.9099 0.4146 0.0137
vn 0.9083 0.4183 0.0042
vn 0.9077 0.4196 0.0009
vn 0.9095 0.4158 0.0050
vn 0.9144 0.4046 0.0134
vn 0.9133 0.4073 -0.0031
vn 0.9094 0.4157 -0.0108
vn 0.9092 0.4156 -0.0258
vn 0.9291 0.3684 -0.0308
vn 0.9081 0.4181 -0.0218
vn 0.9297 0.3676 -0.0218
vn 0.9071 0.4208 -0.0096
vn 0.9053 0.4247 0.0045
vn 0.9044 0.4267 0.0071
vn 0.9046 0.4262 -0.0019
vn 0.8801 0.4747 0.0119
vn 0.8774 0.4797 0.0060
vn 0.8829 0.4694 0.0131
vn 0.8801 0.4748 0.0035
vn 0.8829 0.4697 0.0001
vn 0.8801 0.4747 0.0040
vn 0.8867 0.4621 0.0135
vn 0.8872 0.4614 -0.0036
vn 0.8827 0.4699 -0.0113
vn 0.8822 0.4702 -0.0261
vn 0.9045 0.4255 -0.0303
vn 0.8803 0.4740 -0.0203
vn 0.8790 0.4768 -0.0079
vn 0.8772 0.4801 0.0059
vn 0.8762 0.4820 0.0075
vn 0.8732 0.4873 -0.0021
vn 0.8501 0.5265 0.0112
vn 0.8473 0.5311 0.0053
vn 0.8529 0.5219 0.0123
vn 0.8493 0.5279 0.0025
vn 0.8514 0.5245 0.0013
vn 0.8530 0.5219 0.0107
vn 0.8522 0.5229 0.0178
vn 0.8509 0.5252 0.0019
vn 0.8580 0.5136 -0.0039
vn 0.8529 0.5220 -0.0117
vn 0.8522 0.5226 -0.0262
vn 0.8765 0.4804 -0.0295
vn 0.8493 0.5276 -0.0185
vn 0.8476 0.5306 -0.0064
vn 0.8495 0.5275 0.0054
vn 0.8423 0.5389 0.0091
vn 0.8429 0.5381 -0.0021
vn 0.8173 0.5761 0.0104
vn 0.8143 0.5804 0.0046
vn 0.8201 0.5721 0.0116
vn 0.8149 0.5796 0.0016
vn 0.8198 0.5726 -0.0008
vn 0.8167 0.5770 0.0032
vn 0.8129 0.5822 0.0149
vn 0.8231 0.5677 0.0179
vn 0.8114 0.5844 0.0007
vn 0.8259 0.5638 -0.0041
vn 0.8202 0.5719 -0.0120
vn 0.8165 0.5767 -0.0268
vn 0.8455 0.5332 -0.0285
vn 0.8151 0.5791 -0.0167
vn 0.8130 0.5822 -0.0048
vn 0.8175 0.5759 0.0078
vn 0.8117 0.5840 -0.0012
vn 0.7819 0.6234 0.0095
vn 0.7787 0.6274 0.0040
vn 0.7847 0.6198 0.0108
vn 0.7840 0.6207 0.0014
vn 0.7790 0.6270 -0.0005
vn 0.7790 0.6270 0.0109
vn 0.7849 0.6194 0.0177
vn 0.7733 0.6340 0.0031
vn 0.7912 0.6116 -0.0042
vn 0.7849 0.6195 -0.0122
vn 0.7807 0.6244 -0.0261
vn 0.8133 0.5812 -0.0264
vn 0.7786 0.6274 -0.0144
vn 0.7758 0.6310 -0.0033
vn 0.7808 0.6247 0.0088
vn 0.8039 0.5947 0.0091
vn 0.7749 0.6321 -0.0015
vn 0.7439 0.6682 0.0087
vn 0.7405 0.6720 0.0035
vn 0.7468 0.6649 0.0099
vn 0.7497 0.6618 -0.0002
vn 0.7349 0.6782 -0.0018
vn 0.7404 0.6721 0.0090
vn 0.7401 0.6723 0.0164
vn 0.7400 0.6726 0.0009
vn 0.7537 0.6572 -0.0042
vn 0.7469 0.6648 -0.0123
vn 0.7776 0.6283 -0.0252
vn 0.7422 0.6698 -0.0243
vn 0.7398 0.6727 -0.0121
vn 0.7365 0.6764 -0.0017
vn 0.7417 0.6706 0.0095
vn 0.7665 0.6422 0.0095
vn 0.7306 0.6828 -0.0003
vn 0.7019 0.7122 0.0075
vn 0.7071 0.7071 0.0032
vn 0.7062 0.7080 0.0091
vn 0.7096 0.7046 -0.0011
vn 0.6955 0.7185 -0.0035
vn 0.6979 0.7162 0.0074
vn 0.6949 0.7190 0.0154
vn 0.6995 0.7147 0.0026
vn 0.7138 0.7004 -0.0040
vn 0.7064 0.7077 -0.0124
vn 0.7390 0.6733 -0.0244
vn 0.7007 0.7131 -0.0226
vn 0.6986 0.7154 -0.0101
vn 0.6954 0.7186 0.0001
vn 0.7008 0.7133 0.0103
vn 0.7268 0.6867 0.0098
vn 0.6887 0.7250 0.0007
vn 0.6715 0.7410 0.0031
vn 0.6562 0.7545 0.0073
vn 0.6639 0.7478 0.0083
vn 0.6599 0.7514 -0.0032
vn 0.6557 0.7550 0.0010
vn 0.6509 0.7590 0.0137
vn 0.6556 0.7551 0.0030
vn 0.6714 0.7411 -0.0038
vn 0.6632 0.7483 -0.0116
vn 0.6976 0.7161 -0.0235
vn 0.6577 0.7530 -0.0207
vn 0.6554 0.7553 -0.0083
vn 0.6526 0.7577 0.0017
vn 0.6579 0.7530 0.0111
vn 0.6852 0.7283 0.0103
vn 0.6449 0.7643 0.0017
vn 0.6270 0.7790 0.0031
vn 0.6159 0.7878 0.0064
vn 0.6162 0.7875 0.0079
vn 0.6162 0.7876 -0.0033
vn 0.6127 0.7903 -0.0031
vn 0.6059 0.7955 0.0118
vn 0.6266 0.7794 -0.0038
vn 0.6128 0.7901 -0.0160
vn 0.6548 0.7555 -0.0227
vn 0.6138 0.7893 -0.0195
vn 0.6102 0.7922 -0.0066
vn 0.6076 0.7942 0.0033
vn 0.6133 0.7897 0.0118
vn 0.6418 0.7668 0.0109
vn 0.6010 0.7993 0.0036
vn 0.5799 0.8146 0.0034
vn 0.5678 0.8231 0.0069
vn 0.5726 0.8198 0.0038
vn 0.5698 0.8217 -0.0077
vn 0.5558 0.8313 -0.0020
vn 0.5646 0.8253 0.0106
vn 0.5798 0.8148 -0.0035
vn 0.5688 0.8223 -0.0185
vn 0.5686 0.8226 -0.0068
vn 0.5571 0.8304 0.0047
vn 0.5668 0.8238 0.0126
vn 0.6002 0.7998 0.0127
vn 0.5541 0.8324 0.0096
vn 0.5308 0.8475 0.0036
vn 0.5142 0.8576 0.0065
vn 0.5304 0.8477 0.0035
vn 0.5128 0.8584 -0.0088
vn 0.5208 0.8536 -0.0113
vn 0.5090 0.8608 0.0029
vn 0.5305 0.8477 -0.0032
vn 0.5619 0.8270 -0.0147
vn 0.5197 0.8542 -0.0174
vn 0.5138 0.8579 0.0003
vn 0.5176 0.8556 0.0112
vn 0.4795 0.8775 0.0038
vn 0.4650 0.8853 0.0066
vn 0.4781 0.8783 0.0041
vn 0.4662 0.8847 -0.0054
vn 0.4611 0.8872 -0.0135
vn 0.4711 0.8820 -0.0137
vn 0.4713 0.8820 -0.0027
vn 0.4791 0.8778 -0.0030
vn 0.5120 0.8589 -0.0140
vn 0.4680 0.8836 -0.0166
vn 0.4605 0.8877 0.0007
vn 0.4701 0.8826 0.0106
vn 0.5026 0.8645 0.0113
vn 0.4564 0.8897 0.0085
vn 0.4169 0.9089 0.0039
vn 0.4171 0.9088 0.0067
vn 0.4220 0.9066 0.0074
vn 0.4146 0.9100 0.0017
vn 0.4175 0.9086 -0.0062
vn 0.4065 0.9135 -0.0145
vn 0.4124 0.9109 -0.0157
vn 0.4169 0.9090 -0.0027
vn 0.4597 0.8880 -0.0131
vn 0.4144 0.9100 -0.0157
vn 0.4078 0.9131 0.0016
vn 0.4185 0.9081 0.0109
vn 0.4572 0.8892 0.0142
vn 0.4089 0.9125 0.0138
vn 0.3719 0.9282 0.0070
vn 0.3518 0.9361 0.0040
vn 0.3619 0.9322 0.0071
vn 0.3572 0.9340 0.0025
vn 0.3568 0.9341 -0.0078
vn 0.3492 0.9369 -0.0154
vn 0.3605 0.9327 -0.0078
vn 0.4069 0.9134 -0.0135
vn 0.3580 0.9336 -0.0145
vn 0.3527 0.9357 0.0021
vn 0.3643 0.9312 0.0114
vn 0.3524 0.9357 0.0139
vn 0.3980 0.9173 0.0098
vn 0.3148 0.9491 0.0072
vn 0.2941 0.9558 0.0040
vn 0.2993 0.9541 0.0065
vn 0.3057 0.9521 0.0019
vn 0.2947 0.9555 -0.0102
vn 0.2807 0.9597 -0.0154
vn 0.2881 0.9575 -0.0125
vn 0.3045 0.9525 -0.0071
vn 0.3512 0.9363 -0.0016
vn 0.3018 0.9533 -0.0069
vn 0.2992 0.9541 -0.0152
vn 0.3512 0.9362 -0.0166
vn 0.2978 0.9545 -0.0135
vn 0.3030 0.9530 0.0008
vn 0.3019 0.9533 0.0118
vn 0.2940 0.9557 0.0124
vn 0.3466 0.9379 0.0096
vn 0.2504 0.9681 0.0078
vn 0.2350 0.9720 0.0040
vn 0.2446 0.9696 0.0068
vn 0.2440 0.9698 0.0024
vn 0.2312 0.9728 -0.0128
vn 0.2272 0.9737 -0.0141
vn 0.2279 0.9736 -0.0094
vn 0.2451 0.9695 -0.0089
vn 0.2936 0.9559 -0.0011
vn 0.2432 0.9700 -0.0060
vn 0.2407 0.9705 -0.0138
vn 0.2394 0.9708 -0.0126
vn 0.2433 0.9699 0.0041
vn 0.2414 0.9703 0.0135
vn 0.1848 0.9827 0.0074
vn 0.1745 0.9846 0.0039
vn 0.1865 0.9824 0.0062
vn 0.1837 0.9830 -0.0004
vn 0.1696 0.9854 -0.0155
vn 0.1662 0.9860 -0.0127
vn 0.1691 0.9856 -0.0048
vn 0.1847 0.9828 -0.0093
vn 0.2344 0.9721 -0.0006
vn 0.1830 0.9831 -0.0050
vn 0.1802 0.9835 -0.0125
vn 0.1795 0.9837 -0.0119
vn 0.1757 0.9844 0.0031
vn 0.1878 0.9821 0.0120
vn 0.1819 0.9832 0.0129
vn 0.2383 0.9711 0.0120
vn 0.1233 0.9923 0.0075
vn 0.1130 0.9936 0.0038
vn 0.1185 0.9929 0.0059
vn 0.1284 0.9917 -0.0008
vn 0.1080 0.9940 -0.0180
vn 0.1057 0.9943 -0.0108
vn 0.1176 0.9930 -0.0056
vn 0.1740 0.9847 -0.0001
vn 0.1218 0.9925 -0.0040
vn 0.1190 0.9928 -0.0111
vn 0.1178 0.9930 -0.0111
vn 0.1187 0.9929 0.0033
vn 0.1299 0.9914 0.0124
vn 0.0615 0.9981 0.0072
vn 0.0514 0.9987 0.0036
vn 0.0592 0.9982 0.0056
vn 0.0628 0.9980 -0.0016
vn 0.0486 0.9986 -0.0202
vn 0.0470 0.9989 -0.0093
vn 0.0476 0.9989 0.0038
vn 0.0617 0.9981 -0.0068
vn 0.1126 0.9936 0.0004
vn 0.0598 0.9982 -0.0032
vn 0.0646 0.9979 -0.0093
vn 0.0513 0.9986 -0.0103
vn 0.0567 0.9984 0.0018
vn 0.0697 0.9975 0.0098
vn 0.0662 0.9977 0.0139
vn 0.1155 0.9932 0.0121
vn -0.0007 1.0000 0.0067
vn -0.0106 0.9999 0.0034
vn -0.0023 1.0000 0.0053
vn 0.0054 1.0000 0.0028
vn -0.0053 1.0000 -0.0057
vn -0.0115 0.9997 -0.0219
vn -0.0133 0.9999 -0.0078
vn -0.0049 1.0000 0.0057
vn 0.0029 1.0000 -0.0077
vn 0.0511 0.9987 0.0009
vn 0.0034 1.0000 -0.0022
vn -0.0057 0.9999 -0.0083
vn -0.0057 1.0000 -0.0009
vn 0.0094 0.9999 0.0096
vn 0.0019 0.9999 0.0131
vn 0.0544 0.9985 0.0115
vn -0.0628 0.9980 0.0062
vn -0.0724 0.9974 0.0030
vn -0.0644 0.9979 0.0045
vn -0.0556 0.9984 0.0025
vn -0.0670 0.9977 -0.0068
vn -0.0716 0.9972 -0.0231
vn -0.0723 0.9974 -0.0059
vn -0.0645 0.9979 0.0092
vn -0.0667 0.9977 -0.0068
vn -0.0125 0.9999 0.0010
vn -0.0586 0.9983 -0.0043
vn -0.0675 0.9977 -0.0045
vn -0.0537 0.9985 0.0088
vn -0.0649 0.9978 0.0118
vn -0.0020 0.9999 0.0122
vn -0.0574 0.9983 0.0111
vn -0.1247 0.9922 0.0056
vn -0.1341 0.9910 0.0026
vn -0.1264 0.9920 0.0035
vn -0.1175 0.9931 0.0021
vn -0.1282 0.9917 -0.0074
vn -0.1311 0.9911 -0.0239
vn -0.1312 0.9913 -0.0041
vn -0.1283 0.9917 0.0112
vn -0.1260 0.9920 -0.0082
vn -0.0734 0.9973 0.0010
vn -0.1281 0.9918 -0.0035
vn -0.1277 0.9918 0.0038
vn -0.1178 0.9930 0.0110
vn -0.1178 0.9930 0.0107
vn -0.1861 0.9825 0.0049
vn -0.1952 0.9808 0.0022
vn -0.1879 0.9822 0.0025
vn -0.1791 0.9838 0.0017
vn -0.1893 0.9819 -0.0077
vn -0.1963 0.9802 -0.0243
vn -0.1839 0.9829 0.0024
vn -0.1956 0.9806 0.0146
vn -0.1851 0.9827 -0.0070
vn -0.1247 0.9922 0.0013
vn -0.1874 0.9823 0.0014
vn -0.1915 0.9815 0.0017
vn -0.1769 0.9842 0.0093
vn -0.1792 0.9838 0.0103
vn -0.2464 0.9692 0.0042
vn -0.2553 0.9669 0.0017
vn -0.2483 0.9687 0.0015
vn -0.2452 0.9695 0.0022
vn -0.2464 0.9691 -0.0148
vn -0.2504 0.9681 -0.0097
vn -0.2562 0.9665 0.0156
vn -0.2471 0.9690 -0.0073
vn -0.2430 0.9700 -0.0005
vn -0.1965 0.9805 -0.0028
vn -0.2566 0.9665 0.0012
vn -0.2446 0.9696 0.0079
vn -0.2353 0.9719 0.0097
vn -0.3082 0.9513 0.0033
vn -0.3054 0.9522 0.0014
vn -0.3073 0.9516 0.0004
vn -0.3085 0.9512 0.0011
vn -0.2992 0.9541 -0.0133
vn -0.3123 0.9499 -0.0071
vn -0.3158 0.9487 0.0163
vn -0.3077 0.9514 -0.0078
vn -0.2560 0.9667 0.0027
vn -0.3077 0.9515 0.0006
vn -0.3042 0.9526 0.0060
vn -0.3025 0.9531 0.0077
vn -0.3634 0.9316 -0.0000
vn -0.3656 0.9308 0.0029
vn -0.3662 0.9306 0.0005
vn -0.3568 0.9341 -0.0130
vn -0.3692 0.9293 -0.0063
vn -0.3739 0.9273 0.0165
vn -0.3665 0.9304 -0.0085
vn -0.3085 0.9512 0.0033
vn -0.3596 0.9331 0.0052
vn -0.3724 0.9280 0.0025
vn -0.3199 0.9474 0.0029
vn -0.3622 0.9321 0.0051
vn -0.3632 0.9317 0.0069
vn -0.4165 0.9092 -0.0005
vn -0.4262 0.9046 0.0023
vn -0.4219 0.9066 -0.0001
vn -0.4194 0.9077 -0.0143
vn -0.4172 0.9088 -0.0009
vn -0.4255 0.9048 0.0189
vn -0.4257 0.9048 -0.0078
vn -0.3710 0.9286 0.0030
vn -0.4207 0.9072 0.0069
vn -0.4269 0.9043 0.0046
vn -0.3768 0.9263 0.0019
vn -0.4297 0.9030 0.0034
vn -0.4196 0.9077 0.0040
vn -0.4212 0.9070 0.0062
vn -0.4702 0.8826 -0.0015
vn -0.4796 0.8775 0.0015
vn -0.4759 0.8795 -0.0007
vn -0.4722 0.8814 -0.0096
vn -0.4724 0.8813 -0.0081
vn -0.4733 0.8807 0.0165
vn -0.4837 0.8751 -0.0101
vn -0.4264 0.9045 0.0035
vn -0.4749 0.8800 0.0085
vn -0.4737 0.8806 0.0074
vn -0.4878 0.8730 0.0044
vn -0.4747 0.8802 0.0031
vn -0.4773 0.8787 0.0056
vn -0.5219 0.8530 -0.0025
vn -0.5311 0.8473 0.0007
vn -0.5275 0.8496 -0.0015
vn -0.5189 0.8547 -0.0118
vn -0.5282 0.8491 -0.0042
vn -0.5249 0.8510 0.0159
vn -0.5355 0.8444 -0.0112
vn -0.4799 0.8773 0.0041
vn -0.5267 0.8500 0.0100
vn -0.5328 0.8462 0.0074
vn -0.5285 0.8489 0.0032
vn -0.5284 0.8489 0.0079
vn -0.5713 0.8207 -0.0034
vn -0.5802 0.8145 -0.0001
vn -0.5765 0.8171 -0.0023
vn -0.5677 0.8232 -0.0112
vn -0.5776 0.8164 -0.0002
vn -0.5687 0.8224 0.0126
vn -0.5843 0.8114 -0.0126
vn -0.5313 0.8472 0.0048
vn -0.5765 0.8170 0.0115
vn -0.5830 0.8124 0.0096
vn -0.5795 0.8149 0.0033
vn -0.5387 0.8425 0.0004
vn -0.5814 0.8136 0.0001
vn -0.5773 0.8165 0.0092
vn -0.6188 0.7855 -0.0043
vn -0.6273 0.7788 -0.0005
vn -0.6235 0.7818 -0.0030
vn -0.6141 0.7892 -0.0102
vn -0.6251 0.7805 -0.0025
vn -0.6115 0.7912 0.0140
vn -0.6299 0.7765 -0.0141
vn -0.5806 0.8142 0.0055
vn -0.6238 0.7815 0.0129
vn -0.6270 0.7789 0.0125
vn -0.6254 0.7802 0.0062
vn -0.6299 0.7767 -0.0006
vn -0.6281 0.7781 -0.0014
vn -0.5847 0.8112 0.0064
vn -0.6275 0.7786 0.0068
vn -0.6255 0.7802 0.0085
vn -0.6634 0.7483 -0.0049
vn -0.6715 0.7410 -0.0007
vn -0.6671 0.7450 -0.0039
vn -0.6569 0.7539 -0.0090
vn -0.6666 0.7454 -0.0015
vn -0.6547 0.7558 0.0127
vn -0.6730 0.7394 -0.0157
vn -0.6275 0.7786 0.0063
vn -0.6687 0.7434 0.0141
vn -0.6690 0.7431 0.0144
vn -0.6704 0.7420 0.0062
vn -0.6740 0.7388 -0.0020
vn -0.6720 0.7405 -0.0024
vn -0.6714 0.7411 0.0061
vn -0.6712 0.7412 0.0079
vn -0.7055 0.7087 -0.0053
vn -0.7137 0.7005 -0.0009
vn -0.7084 0.7058 -0.0046
vn -0.7007 0.7134 -0.0076
vn -0.7041 0.7101 0.0005
vn -0.6957 0.7182 0.0109
vn -0.7138 0.7002 -0.0173
vn -0.6721 0.7404 0.0070
vn -0.7050 0.7090 0.0139
vn -0.7125 0.7014 0.0173
vn -0.7131 0.7009 0.0096
vn -0.7109 0.7033 0.0026
vn -0.7144 0.6997 -0.0040
vn -0.7132 0.7010 -0.0032
vn -0.7116 0.7025 0.0059
vn -0.7460 0.6659 -0.0056
vn -0.7535 0.6574 -0.0010
vn -0.7475 0.6642 -0.0051
vn -0.7432 0.6691 -0.0010
vn -0.7386 0.6741 -0.0096
vn -0.7433 0.6689 0.0048
vn -0.7344 0.6787 0.0087
vn -0.7478 0.6637 -0.0168
vn -0.7147 0.6993 0.0077
vn -0.7468 0.6649 0.0166
vn -0.7521 0.6589 0.0108
vn -0.7473 0.6645 0.0028
vn -0.7524 0.6587 -0.0051
vn -0.7519 0.6593 -0.0039
vn -0.7484 0.6632 0.0055
vn -0.7850 0.6195 -0.0054
vn -0.7882 0.6154 -0.0008
vn -0.7842 0.6204 -0.0053
vn -0.7774 0.6291 -0.0008
vn -0.7769 0.6296 -0.0059
vn -0.7789 0.6271 0.0049
vn -0.7709 0.6370 0.0061
vn -0.7798 0.6257 -0.0199
vn -0.7543 0.6565 0.0083
vn -0.7875 0.6162 0.0164
vn -0.7842 0.6202 0.0189
vn -0.7531 0.6576 0.0176
vn -0.7840 0.6206 0.0123
vn -0.7858 0.6185 0.0035
vn -0.7878 0.6159 -0.0058
vn -0.7875 0.6163 -0.0045
vn -0.7842 0.6205 0.0049
vn -0.8181 0.5750 -0.0023
vn -0.8259 0.5638 -0.0000
vn -0.8235 0.5672 -0.0091
vn -0.8143 0.5804 -0.0066
vn -0.8125 0.5830 0.0012
vn -0.8142 0.5806 -0.0015
vn -0.8128 0.5825 0.0049
vn -0.8055 0.5926 0.0033
vn -0.8134 0.5814 -0.0208
vn -0.7914 0.6113 0.0086
vn -0.8219 0.5694 0.0165
vn -0.8183 0.5744 0.0193
vn -0.8152 0.5791 0.0121
vn -0.8208 0.5712 0.0024
vn -0.8207 0.5713 -0.0064
vn -0.8206 0.5715 -0.0052
vn -0.8175 0.5759 0.0045
vn -0.8498 0.5272 -0.0020
vn -0.8596 0.5110 -0.0003
vn -0.8546 0.5193 -0.0080
vn -0.8469 0.5317 -0.0012
vn -0.8445 0.5355 0.0018
vn -0.8454 0.5342 0.0048
vn -0.8390 0.5441 -0.0000
vn -0.8461 0.5326 -0.0212
vn -0.8259 0.5637 0.0087
vn -0.8537 0.5205 0.0166
vn -0.8480 0.5297 0.0197
vn -0.8492 0.5278 0.0127
vn -0.8511 0.5250 0.0020
vn -0.8513 0.5246 -0.0069
vn -0.8509 0.5253 -0.0059
vn -0.8481 0.5298 0.0041
vn -0.8839 0.4676 -0.0047
vn -0.8823 0.4706 -0.0006
vn -0.8809 0.4732 -0.0042
vn -0.8766 0.4812 0.0063
vn -0.8703 0.4926 0.0032
vn -0.8762 0.4818 0.0045
vn -0.8701 0.4929 -0.0022
vn -0.8798 0.4751 -0.0168
vn -0.8725 0.4880 -0.0239
vn -0.8576 0.5142 0.0086
vn -0.8795 0.4757 0.0152
vn -0.8796 0.4754 0.0193
vn -0.8800 0.4748 0.0117
vn -0.8795 0.4759 0.0016
vn -0.8795 0.4759 -0.0075
vn -0.8790 0.4768 -0.0068
vn -0.8764 0.4816 0.0036
vn -0.9043 0.4269 -0.0004
vn -0.9133 0.4073 -0.0049
vn -0.9069 0.4213 -0.0038
vn -0.9042 0.4271 0.0068
vn -0.9025 0.4306 0.0069
vn -0.9005 0.4349 -0.0016
vn -0.9032 0.4289 -0.0164
vn -0.9016 0.4320 -0.0229
vn -0.8867 0.4624 0.0083
vn -0.9034 0.4284 0.0162
vn -0.9083 0.4179 0.0186
vn -0.9064 0.4223 0.0112
vn -0.9058 0.4236 0.0010
vn -0.9058 0.4236 -0.0081
vn -0.9051 0.4250 -0.0076
vn -0.9025 0.4307 0.0029
vn -0.9319 0.3626 -0.0001
vn -0.9353 0.3539 -0.0053
vn -0.9308 0.3655 -0.0033
vn -0.9267 0.3757 0.0079
vn -0.9339 0.3575 0.0107
vn -0.9238 0.3829 0.0049
vn -0.9285 0.3714 -0.0052
vn -0.9271 0.3745 -0.0149
vn -0.9258 0.3774 -0.0218
vn -0.9126 0.4087 0.0079
vn -0.9274 0.3738 0.0157
vn -0.9316 0.3631 0.0181
vn -0.9299 0.3677 0.0105
vn -0.9293 0.3694 0.0004
vn -0.9292 0.3694 -0.0088
vn -0.9287 0.3707 -0.0086
vn -0.9262 0.3770 0.0020
vn -0.9537 0.3007 -0.0046
vn -0.9558 0.2941 -0.0000
vn -0.9502 0.3117 -0.0041
vn -0.9509 0.3093 0.0086
vn -0.9508 0.3097 0.0084
vn -0.9493 0.3143 -0.0036
vn -0.9476 0.3192 -0.0134
vn -0.9481 0.3173 -0.0208
vn -0.9356 0.3529 0.0075
vn -0.9482 0.3172 0.0151
vn -0.9520 0.3057 0.0174
vn -0.9484 0.3169 0.0090
vn -0.9500 0.3122 -0.0000
vn -0.9496 0.3132 -0.0094
vn -0.9493 0.3142 -0.0095
vn -0.9471 0.3208 0.0009
vn -0.9703 0.2417 -0.0047
vn -0.9720 0.2349 -0.0000
vn -0.9669 0.2553 -0.0030
vn -0.9680 0.2509 0.0098
vn -0.9687 0.2479 0.0094
vn -0.9666 0.2561 -0.0016
vn -0.9656 0.2598 -0.0120
vn -0.9673 0.2528 -0.0191
vn -0.9554 0.2954 0.0069
vn -0.9658 0.2589 0.0146
vn -0.9678 0.2512 0.0138
vn -0.9673 0.2535 -0.0001
vn -0.9669 0.2550 -0.0099
vn -0.9668 0.2555 -0.0102
vn -0.9650 0.2623 -0.0001
vn -0.9834 0.1815 -0.0047
vn -0.9846 0.1746 -0.0000
vn -0.9807 0.1954 -0.0028
vn -0.9815 0.1911 0.0103
vn -0.9820 0.1884 0.0105
vn -0.9806 0.1960 -0.0000
vn -0.9806 0.1956 -0.0138
vn -0.9717 0.2363 0.0062
vn -0.9798 0.1997 0.0140
vn -0.9820 0.1885 0.0129
vn -0.9811 0.1934 -0.0008
vn -0.9808 0.1949 -0.0103
vn -0.9806 0.1955 -0.0110
vn -0.9794 0.2020 -0.0014
vn -0.9927 0.1203 -0.0047
vn -0.9936 0.1132 -0.0000
vn -0.9910 0.1342 -0.0025
vn -0.9915 0.1296 0.0108
vn -0.9918 0.1275 0.0117
vn -0.9908 0.1355 0.0021
vn -0.9909 0.1343 -0.0108
vn -0.9844 0.1758 0.0056
vn -0.9903 0.1385 0.0133
vn -0.9919 0.1268 0.0122
vn -0.9913 0.1318 -0.0014
vn -0.9910 0.1331 -0.0105
vn -0.9917 0.1284 -0.0115
vn -0.9895 0.1444 -0.0018
vn -0.9983 0.0587 -0.0046
vn -0.9987 0.0516 -0.0000
vn -0.9974 0.0726 -0.0022
vn -0.9977 0.0675 0.0113
vn -0.9978 0.0658 0.0128
vn -0.9973 0.0729 0.0040
vn -0.9934 0.1142 0.0051
vn -0.9970 0.0764 0.0125
vn -0.9979 0.0645 0.0115
vn -0.9976 0.0693 -0.0020
vn -0.9975 0.0694 -0.0108
vn -0.9972 0.0740 -0.0069
vn -1.0000 -0.0006 -0.0042
vn -0.9999 -0.0104 -0.0001
vn -1.0000 0.0066 -0.0021
vn -0.9999 0.0058 0.0119
vn -0.9999 -0.0008 0.0138
vn -0.9998 0.0167 0.0046
vn -0.9986 0.0523 0.0046
vn -0.9999 0.0053 0.0122
vn -0.9999 0.0107 0.0100
vn -1.0000 0.0060 -0.0024
vn -0.9999 0.0098 -0.0110
vn -0.9999 0.0086 -0.0077
vn -0.9981 -0.0619 -0.0039
vn -0.9974 -0.0721 -0.0001
vn -0.9986 -0.0525 -0.0061
vn -0.9980 -0.0638 0.0024
vn -0.9985 -0.0539 0.0136
vn -0.9983 -0.0579 0.0115
vn -0.9984 -0.0559 -0.0088
vn -1.0000 -0.0086 0.0045
vn -0.9983 -0.0571 0.0103
vn -0.9983 -0.0568 0.0110
vn -0.9984 -0.0572 -0.0029
vn -0.9985 -0.0534 -0.0111
vn -0.9984 -0.0551 -0.0088
vn -0.9923 -0.1234 -0.0025
vn -0.9924 -0.1231 -0.0001
vn -0.9929 -0.1186 -0.0059
vn -0.9912 -0.1327 0.0020
vn -0.9937 -0.1109 0.0136
vn -0.9923 -0.1232 0.0126
vn -0.9920 -0.1264 -0.0040
vn -0.9974 -0.0719 0.0039
vn -0.9933 -0.1152 0.0101
vn -0.9920 -0.1262 0.0100
vn -0.9921 -0.1250 -0.0036
vn -0.9936 -0.1122 -0.0115
vn -0.9928 -0.1190 -0.0099
vn -0.9846 -0.1746 -0.0001
vn -0.9829 -0.1843 -0.0039
vn -0.9828 -0.1844 -0.0053
vn -0.9810 -0.1942 0.0023
vn -0.9848 -0.1730 0.0141
vn -0.9824 -0.1862 0.0134
vn -0.9818 -0.1898 -0.0033
vn -0.9847 -0.1744 0.0037
vn -0.9923 -0.1236 0.0038
vn -0.9838 -0.1789 0.0103
vn -0.9820 -0.1884 0.0098
vn -0.9847 -0.1740 -0.0112
vn -0.9830 -0.1831 -0.0109
vn -0.9720 -0.2349 -0.0001
vn -0.9695 -0.2450 -0.0038
vn -0.9696 -0.2447 -0.0051
vn -0.9670 -0.2546 0.0025
vn -0.9720 -0.2346 0.0145
vn -0.9685 -0.2485 0.0140
vn -0.9676 -0.2524 -0.0024
vn -0.9720 -0.2348 0.0035
vn -0.9709 -0.2392 0.0100
vn -0.9686 -0.2485 0.0098
vn -0.9810 -0.1937 -0.0028
vn -0.9717 -0.2358 -0.0114
vn -0.9694 -0.2452 -0.0118
vn -0.9558 -0.2941 -0.0001
vn -0.9527 -0.3039 -0.0037
vn -0.9528 -0.3036 -0.0049
vn -0.9495 -0.3136 0.0027
vn -0.9554 -0.2950 0.0147
vn -0.9509 -0.3093 0.0144
vn -0.9509 -0.3096 -0.0002
vn -0.9556 -0.2947 0.0035
vn -0.9543 -0.2988 0.0099
vn -0.9512 -0.3085 0.0098
vn -0.9669 -0.2552 -0.0025
vn -0.9553 -0.2955 -0.0117
vn -0.9518 -0.3065 -0.0125
vn -0.9361 -0.3517 -0.0001
vn -0.9325 -0.3612 -0.0036
vn -0.9326 -0.3610 -0.0047
vn -0.9286 -0.3710 0.0028
vn -0.9353 -0.3537 0.0147
vn -0.9296 -0.3683 0.0146
vn -0.9319 -0.3626 -0.0007
vn -0.9362 -0.3515 0.0034
vn -0.9340 -0.3571 0.0099
vn -0.9306 -0.3660 0.0097
vn -0.9492 -0.3147 -0.0023
vn -0.9353 -0.3536 -0.0121
vn -0.9310 -0.3649 -0.0132
vn -0.9131 -0.4077 -0.0001
vn -0.9090 -0.4168 -0.0035
vn -0.9080 -0.4190 -0.0045
vn -0.9058 -0.4238 0.0037
vn -0.9117 -0.4107 0.0146
vn -0.9050 -0.4253 0.0148
vn -0.9074 -0.4203 0.0004
vn -0.9135 -0.4069 0.0032
vn -0.9079 -0.4190 0.0102
vn -0.9104 -0.4136 0.0088
vn -0.9282 -0.3721 -0.0026
vn -0.9120 -0.4100 -0.0124
vn -0.9070 -0.4208 -0.0139
vn -0.8870 -0.4617 -0.0001
vn -0.8829 -0.4695 -0.0036
vn -0.8799 -0.4751 -0.0004
vn -0.8835 -0.4683 0.0137
vn -0.8775 -0.4793 0.0147
vn -0.8797 -0.4756 0.0017
vn -0.8870 -0.4617 0.0030
vn -0.8829 -0.4694 0.0100
vn -0.9040 -0.4275 -0.0030
vn -0.8845 -0.4664 -0.0125
vn -0.8805 -0.4738 -0.0143
vn -0.8579 -0.5138 -0.0001
vn -0.8544 -0.5196 -0.0034
vn -0.8481 -0.5299 -0.0009
vn -0.8530 -0.5218 0.0086
vn -0.8502 -0.5262 0.0168
vn -0.8509 -0.5251 0.0137
vn -0.8489 -0.5285 0.0030
vn -0.8579 -0.5137 0.0029
vn -0.8807 -0.4735 0.0088
vn -0.8554 -0.5178 0.0093
vn -0.8502 -0.5263 0.0094
vn -0.8773 -0.4799 -0.0025
vn -0.8521 -0.5234 -0.0095
vn -0.8560 -0.5168 -0.0150
vn -0.8508 -0.5253 -0.0148
vn -0.8259 -0.5638 -0.0000
vn -0.8221 -0.5693 -0.0033
vn -0.8153 -0.5790 -0.0009
vn -0.8204 -0.5718 0.0079
vn -0.8157 -0.5782 0.0157
vn -0.8216 -0.5699 0.0146
vn -0.8154 -0.5790 0.0042
vn -0.8254 -0.5645 0.0029
vn -0.8231 -0.5678 0.0092
vn -0.8174 -0.5760 0.0093
vn -0.8472 -0.5313 -0.0015
vn -0.8189 -0.5738 -0.0091
vn -0.8250 -0.5650 -0.0149
vn -0.8167 -0.5769 -0.0150
vn -0.7913 -0.6115 -0.0000
vn -0.7871 -0.6168 -0.0030
vn -0.7799 -0.6259 -0.0009
vn -0.7854 -0.6189 0.0073
vn -0.7805 -0.6250 0.0149
vn -0.7866 -0.6173 0.0144
vn -0.7794 -0.6265 0.0050
vn -0.7914 -0.6113 0.0028
vn -0.7882 -0.6153 0.0090
vn -0.7828 -0.6222 0.0089
vn -0.8146 -0.5801 -0.0012
vn -0.7838 -0.6209 -0.0087
vn -0.7895 -0.6136 -0.0148
vn -0.7539 -0.6570 -0.0000
vn -0.7495 -0.6620 -0.0028
vn -0.7419 -0.6705 -0.0008
vn -0.7475 -0.6642 0.0068
vn -0.7479 -0.6637 0.0138
vn -0.7448 -0.6671 0.0145
vn -0.7409 -0.6716 0.0055
vn -0.7541 -0.6568 0.0026
vn -0.7508 -0.6605 0.0087
vn -0.7451 -0.6668 0.0086
vn -0.7791 -0.6270 -0.0010
vn -0.7463 -0.6656 -0.0083
vn -0.7530 -0.6578 -0.0147
vn -0.7156 -0.6985 -0.0000
vn -0.7120 -0.7022 -0.0028
vn -0.7009 -0.7132 -0.0012
vn -0.7046 -0.7096 0.0059
vn -0.7113 -0.7027 0.0138
vn -0.7004 -0.7136 0.0136
vn -0.6971 -0.7170 0.0049
vn -0.7031 -0.7110 -0.0103
vn -0.7142 -0.6999 0.0024
vn -0.7109 -0.7033 0.0083
vn -0.7050 -0.7091 0.0082
vn -0.7410 -0.6715 -0.0009
vn -0.7065 -0.7076 -0.0079
vn -0.7139 -0.7001 -0.0147
vn -0.6716 -0.7410 -0.0024
vn -0.6633 -0.7483 -0.0005
vn -0.6575 -0.7534 0.0058
vn -0.6642 -0.7475 0.0134
vn -0.6624 -0.7490 0.0128
vn -0.6516 -0.7585 0.0051
vn -0.6570 -0.7538 -0.0078
vn -0.6719 -0.7406 0.0022
vn -0.6686 -0.7436 0.0078
vn -0.6626 -0.7489 0.0079
vn -0.7005 -0.7136 -0.0007
vn -0.6649 -0.7469 -0.0075
vn -0.6724 -0.7400 -0.0145
vn -0.7033 -0.7107 -0.0148
vn -0.6658 -0.7460 -0.0141
vn -0.6281 -0.7782 -0.0021
vn -0.6181 -0.7861 -0.0002
vn -0.6125 -0.7904 0.0054
vn -0.6164 -0.7873 0.0122
vn -0.6232 -0.7820 0.0132
vn -0.6092 -0.7930 0.0062
vn -0.6115 -0.7913 -0.0015
vn -0.6273 -0.7788 0.0019
vn -0.6239 -0.7814 0.0072
vn -0.6179 -0.7862 0.0075
vn -0.6578 -0.7532 -0.0005
vn -0.6211 -0.7837 -0.0074
vn -0.6297 -0.7767 -0.0143
vn -0.6228 -0.7823 -0.0142
vn -0.5813 -0.8137 -0.0017
vn -0.5710 -0.8210 -0.0000
vn -0.5653 -0.8249 0.0052
vn -0.5697 -0.8218 0.0117
vn -0.5767 -0.8169 0.0128
vn -0.5651 -0.8250 0.0046
vn -0.5803 -0.8144 0.0016
vn -0.5769 -0.8168 0.0066
vn -0.5711 -0.8209 0.0069
vn -0.6134 -0.7898 -0.0004
vn -0.5760 -0.8174 -0.0071
vn -0.5839 -0.8117 -0.0141
vn -0.5317 -0.8470 -0.0013
vn -0.5209 -0.8536 0.0004
vn -0.5175 -0.8557 0.0054
vn -0.5272 -0.8497 0.0106
vn -0.5194 -0.8544 0.0123
vn -0.5231 -0.8522 0.0042
vn -0.5071 -0.8619 -0.0022
vn -0.5246 -0.8513 -0.0091
vn -0.5311 -0.8473 0.0012
vn -0.5276 -0.8495 0.0058
vn -0.5220 -0.8530 0.0062
vn -0.5672 -0.8236 -0.0005
vn -0.5257 -0.8506 -0.0066
vn -0.5373 -0.8432 -0.0139
vn -0.4707 -0.8823 -0.0006
vn -0.4717 -0.8818 0.0029
vn -0.4770 -0.8789 0.0102
vn -0.4652 -0.8851 0.0093
vn -0.4584 -0.8887 -0.0013
vn -0.4699 -0.8827 -0.0077
vn -0.4797 -0.8774 0.0009
vn -0.4761 -0.8794 0.0051
vn -0.4704 -0.8824 0.0054
vn -0.5212 -0.8534 0.0001
vn -0.4811 -0.8767 -0.0029
vn -0.4767 -0.8790 -0.0117
vn -0.5216 -0.8531 -0.0140
vn -0.4806 -0.8768 -0.0127
vn -0.4167 -0.9091 -0.0000
vn -0.4153 -0.9097 0.0020
vn -0.4257 -0.9048 0.0096
vn -0.4110 -0.9116 0.0095
vn -0.4063 -0.9137 -0.0007
vn -0.4182 -0.9083 -0.0072
vn -0.4262 -0.9046 0.0007
vn -0.4233 -0.9060 0.0043
vn -0.4220 -0.9066 0.0012
vn -0.4274 -0.9040 -0.0131
vn -0.3621 -0.9322 0.0002
vn -0.3574 -0.9339 0.0033
vn -0.3706 -0.9288 0.0096
vn -0.3568 -0.9341 0.0101
vn -0.3522 -0.9359 -0.0001
vn -0.3645 -0.9312 -0.0071
vn -0.3707 -0.9288 0.0005
vn -0.3681 -0.9298 0.0035
vn -0.3648 -0.9311 0.0003
vn -0.4204 -0.9073 -0.0100
vn -0.3703 -0.9288 -0.0109
vn -0.3677 -0.9299 -0.0124
vn -0.3013 -0.9535 0.0025
vn -0.3039 -0.9527 0.0002
vn -0.3141 -0.9494 0.0098
vn -0.3008 -0.9536 0.0109
vn -0.2975 -0.9547 0.0010
vn -0.3131 -0.9497 0.0004
vn -0.3101 -0.9507 0.0027
vn -0.3079 -0.9514 -0.0007
vn -0.3079 -0.9513 -0.0114
vn -0.3178 -0.9481 -0.0120
vn -0.2552 -0.9669 0.0002
vn -0.2365 -0.9716 0.0030
vn -0.2571 -0.9663 0.0099
vn -0.2429 -0.9700 0.0117
vn -0.2388 -0.9711 0.0026
vn -0.2541 -0.9672 0.0004
vn -0.2503 -0.9682 0.0020
vn -0.2497 -0.9683 -0.0017
vn -0.1862 -0.9825 0.0003
vn -0.1802 -0.9836 0.0037
vn -0.1924 -0.9813 0.0110
vn -0.1924 -0.9813 0.0117
vn -0.1788 -0.9839 0.0038
vn -0.1961 -0.9806 0.0003
vn -0.1942 -0.9810 0.0016
vn -0.1853 -0.9827 -0.0029
vn -0.2490 -0.9684 -0.0106
vn -0.1956 -0.9806 -0.0117
vn -0.1214 -0.9926 0.0033
vn -0.1237 -0.9923 0.0004
vn -0.1335 -0.9910 0.0096
vn -0.1323 -0.9911 0.0140
vn -0.1196 -0.9928 0.0052
vn -0.1345 -0.9909 0.0012
vn -0.1372 -0.9905 -0.0083
vn -0.1349 -0.9908 -0.0124
vn -0.0733 -0.9973 0.0006
vn -0.0555 -0.9984 0.0044
vn -0.0774 -0.9969 0.0109
vn -0.0649 -0.9978 0.0146
vn -0.0610 -0.9981 0.0059
vn -0.0635 -0.9980 0.0006
vn -0.1169 -0.9931 0.0002
vn -0.0694 -0.9976 -0.0015
vn -0.0718 -0.9974 -0.0099
vn -0.0814 -0.9966 -0.0134
vn -0.0118 -0.9999 0.0007
vn -0.0157 -0.9998 0.0117
vn -0.0389 -0.9992 0.0057
vn -0.0438 -0.9990 -0.0077
vn -0.0361 -0.9993 -0.0129
vn -0.0305 -0.9995 -0.0067
vn -0.0171 -0.9998 -0.0140
vn -0.0157 -0.9999 -0.0060
vn -0.0117 -0.9999 -0.0122
vn -0.0103 -0.9999 -0.0023
vn -0.0208 -0.9998 0.0002
vn -0.0332 -0.9994 0.0004
vn -0.0299 -0.9995 0.0027
vn -0.0374 -0.9993 0.0055
vn -0.0247 -0.9997 0.0070
vn -0.0364 -0.9993 0.0098
vn -0.0258 -0.9996 0.0150
vn -0.0375 -0.9992 0.0161
vn -0.0309 -0.9994 0.0133
vn -0.0407 -0.9991 0.0089
vn -0.0268 -0.9996 0.0024
vn -0.0415 -0.9991 -0.0004
vn -0.0193 -0.9998 -0.0002
vn -0.0344 -0.9994 0.0009
vn -0.0332 -0.9994 0.0002
vn -0.0286 -0.9996 0.0022
vn -0.0355 -0.9994 0.0032
vn -0.0371 -0.9993 0.0033
vn -0.0236 -0.9997 0.0015
vn -0.0383 -0.9993 0.0020
vn -0.0416 -0.9991 -0.0020
vn -0.0353 -0.9994 -0.0056
vn -0.0456 -0.9989 -0.0077
vn -0.0312 -0.9994 -0.0122
vn -0.0430 -0.9990 -0.0112
vn -0.0437 -0.9989 -0.0143
vn -0.0444 -0.9989 -0.0145
vn -0.0461 -0.9989 -0.0119
vn -0.0131 -0.9999 0.0030
vn -0.0127 -0.9998 0.0142
vn -0.0114 -0.9999 0.0016
vn -0.0193 -0.9998 -0.0069
vn -0.0022 -1.0000 0.0005
vn -0.0014 -1.0000 0.0040
vn -0.0084 -0.9999 0.0080
vn -0.0097 -0.9998 0.0162
vn -0.0117 -0.9999 0.0049
vn 0.0009 -1.0000 0.0005
vn -0.0031 -1.0000 0.0001
vn -0.0143 -0.9998 -0.0119
vn -0.0092 -0.9999 -0.0089
vn -0.0041 -0.9999 0.0096
vn -0.0082 -0.9998 0.0170
vn -0.0098 -0.9999 -0.0103
vn 0.0009 -1.0000 0.0071
vn -0.0000 -1.0000 0.0068
vn -0.0119 -0.9998 -0.0150
vn 0.0052 -1.0000 0.0005
vn 0.0030 -1.0000 0.0024
vn 0.0002 -1.0000 0.0052
vn -0.0085 -0.9999 0.0129
vn -0.0087 -0.9999 0.0057
vn 0.0040 -1.0000 0.0008
vn -0.0026 -1.0000 -0.0051
vn -0.0064 -0.9999 -0.0107
vn 0.0025 -0.0005 -1.0000
vn -0.0003 -0.0000 -1.0000
vn 0.0001 0.0001 -1.0000
vn -0.1071 0.9942 0.0001
vn 0.9614 -0.2744 -0.0201
vn 0.9968 0.0781 0.0168
vn 0.9429 0.3325 0.0199
vn 0.7732 0.6340 -0.0134
vn 0.5393 0.8419 0.0171
vn 0.1648 0.9862 -0.0149
vn -0.2645 0.9642 -0.0190
vn -0.6029 0.7976 0.0174
vn -0.8367 0.5472 0.0221
vn -0.8345 0.5504 -0.0253
vn -0.9458 0.3238 0.0228
vn 0.9069 0.4214 -0.0000
vn -0.8318 -0.5547 0.0175
vn -0.4965 -0.8679 0.0167
vn -0.0328 -0.9995 -0.0004
vn -0.0315 -0.9995 0.0025
vn -0.0366 -0.9992 0.0139
vn -0.0118 -0.9999 -0.0111
vn -0.0125 -0.9998 -0.0159
vn 0.0059 -1.0000 -0.0000
vn 0.0010 -1.0000 -0.0006
vt -0.560912 0.290269
vt -0.502816 0.303863
vt -0.560884 0.305053
vt -0.495186 0.318666
vt -0.560833 0.319758
vt -0.489167 0.333273
vt -0.560759 0.334296
vt -0.486985 0.347561
vt -0.560663 0.348617
vt -0.487239 0.361498
vt -0.563445 0.362799
vt -0.492668 0.375266
vt -0.560413 0.376023
vt -0.559706 0.389042
vt -0.514224 0.388471
vt -0.560098 0.401543
vt -0.514083 0.401109
vt -0.579985 0.413621
vt -0.513927 0.413256
vt -0.592856 0.425130
vt -0.513756 0.424905
vt -0.601461 0.436152
vt -0.513574 0.436042
vt -0.640060 0.446684
vt -0.513383 0.446654
vt -0.649637 0.456686
vt -0.513187 0.456725
vt 0.479302 0.225739
vt 0.524915 0.215122
vt 0.525404 0.225393
vt 0.479313 0.236541
vt 0.525571 0.236239
vt 0.479029 0.247879
vt 0.525708 0.247570
vt 0.479650 0.259663
vt 0.525810 0.259356
vt 0.479979 0.271857
vt 0.525958 0.271650
vt 0.480069 0.284523
vt 0.555245 0.284586
vt 0.480209 0.297641
vt 0.556755 0.298011
vt 0.480434 0.311215
vt 0.558199 0.311870
vt 0.480704 0.325171
vt 0.527371 0.325688
vt 0.480992 0.339442
vt 0.527801 0.340084
vt 0.472238 0.383126
vt 0.521636 0.369074
vt 0.541707 0.383850
vt 0.476948 0.397626
vt 0.536163 0.398329
vt 0.477552 0.411853
vt 0.534096 0.412608
vt 0.477193 0.425817
vt 0.534269 0.426603
vt 0.476423 0.439239
vt 0.536899 0.440298
vt 0.477435 0.452817
vt 0.542703 0.453684
vt 0.478821 0.465875
vt 0.549809 0.466729
vt 0.479341 0.478575
vt 0.550062 0.479296
vt 2.478310 0.205920
vt 2.477549 0.193463
vt 2.555696 0.206996
vt 2.453826 0.218870
vt 2.546914 0.219586
vt 2.448369 0.232066
vt 2.525905 0.232281
vt 2.382509 0.247816
vt 2.525927 0.245775
vt 2.385281 0.261675
vt 2.525955 0.259577
vt 2.474306 0.287704
vt 2.515942 0.273621
vt 2.526024 0.287925
vt 2.473235 0.302338
vt 2.526063 0.302364
vt 2.473809 0.317022
vt 2.526099 0.316893
vt 2.526129 0.331423
vt 2.474513 0.331747
vt 2.526147 0.345788
vt 2.478622 0.346185
vt 2.526148 0.360013
vt 2.477493 0.360568
vt 2.526125 0.374005
vt 2.475937 0.374444
vt 2.526074 0.387563
vt 2.473962 0.387910
vt 2.525991 0.400651
vt 2.472153 0.400948
vt 2.525873 0.413263
vt 2.471563 0.413548
vt 2.525721 0.425392
vt 2.472250 0.425707
vt 2.525576 0.437060
vt 2.473355 0.437397
vt 2.525434 0.448242
vt 2.473237 0.448604
vt 2.525284 0.458909
vt 2.471724 0.459286
vt 1.477511 0.063653
vt 1.530843 0.075717
vt 1.477625 0.074923
vt 1.530604 0.087387
vt 1.478248 0.086708
vt 1.530349 0.099481
vt 1.477800 0.098943
vt 1.536099 0.112000
vt 1.477974 0.111670
vt 1.533625 0.124895
vt 1.477586 0.124533
vt 1.531629 0.138110
vt 1.479522 0.137706
vt 1.531141 0.151703
vt 1.482875 0.151762
vt 1.531779 0.165590
vt 1.482886 0.165339
vt 1.532098 0.179553
vt 1.482797 0.179258
vt 1.482792 0.193224
vt 1.532750 0.193587
vt 1.482753 0.207326
vt 1.532855 0.207636
vt 1.482649 0.221558
vt 1.533101 0.221700
vt 1.533199 0.236071
vt 1.482504 0.235852
vt 1.533642 0.250276
vt 1.482329 0.250152
vt 1.533584 0.264451
vt 1.482135 0.264403
vt 1.532726 0.278560
vt 1.392821 0.277614
vt 1.530977 0.292495
vt 1.393032 0.292126
vt 1.528678 0.306092
vt 1.527455 0.319322
vt 1.442753 0.319395
vt 1.527190 0.331547
vt 1.442201 0.332169
vt 1.527026 0.343591
vt 1.442426 0.344345
vt 1.526873 0.355118
vt 1.441373 0.355974
vt 1.526731 0.366037
vt 1.440775 0.366943
vt 1.526599 0.376292
vt 1.439433 0.377197
vt 1.526478 0.385876
vt 1.437657 0.386769
vt 1.526364 0.394774
vt 1.435849 0.395637
vt 1.526256 0.402974
vt 1.434986 0.403768
vt -0.604064 0.097646
vt -0.473759 0.106907
vt -0.604188 0.105633
vt -0.469901 0.115451
vt -0.603583 0.114296
vt -0.556723 0.144167
vt -0.475548 0.155262
vt -0.590641 0.155192
vt -0.542811 0.218046
vt -0.489877 0.230282
vt -0.560515 0.232097
vt -0.498472 0.244904
vt -0.560675 0.246302
vt -0.502929 0.259387
vt -0.560810 0.260785
vt -0.505610 0.274080
vt -0.560899 0.275490
vt -0.506501 0.288980
vt 0.204768 0.967355
vt 0.147015 0.949047
vt 0.089895 0.906857
vt 0.035021 0.774989
vt 0.042599 0.713579
vt 0.081591 0.639964
vt 0.320175 0.766116
vt 0.432243 0.725269
vt 0.320175 0.771450
vt 0.436874 0.775073
vt 0.436873 0.762484
vt 0.436300 0.762400
vt 0.415474 0.858110
vt 0.435527 0.749889
vt 0.428723 0.713579
vt 0.319601 0.771357
vt 0.319277 0.760743
vt 0.319601 0.766023
vt 0.319210 0.781894
vt 0.432290 0.812031
vt 0.318636 0.755579
vt 0.433992 0.737557
vt 0.431716 0.725442
vt 0.317688 0.750531
vt 0.317017 0.791878
vt 0.315483 0.796696
vt 0.425610 0.835474
vt 0.429296 0.823894
vt 0.316443 0.745595
vt 0.313668 0.801391
vt 0.421256 0.846741
vt 0.311580 0.805955
vt 0.416257 0.857669
vt 0.415684 0.679804
vt 0.410066 0.669240
vt 0.309227 0.810378
vt 0.410640 0.868233
vt 0.306618 0.814650
vt 0.404426 0.878410
vt 0.303763 0.818759
vt 0.397640 0.888176
vt 0.300671 0.822692
vt 0.390304 0.897509
vt 0.290792 0.575466
vt 0.306044 0.722823
vt 0.389704 0.639945
vt 0.297354 0.826437
vt 0.382440 0.906387
vt 0.381817 0.631051
vt 0.373419 0.622634
vt 0.293249 0.707493
vt 0.296780 0.711037
vt 0.365209 0.922691
vt 0.325322 0.948837
vt 0.364531 0.614720
vt 0.289516 0.704163
vt 0.355310 0.607402
vt 0.285593 0.701057
vt 0.345539 0.600568
vt 0.281491 0.698188
vt 0.335345 0.594305
vt 0.277222 0.695565
vt 0.273371 0.844276
vt 0.324748 0.588636
vt 0.272797 0.693197
vt 0.313774 0.583590
vt 0.268224 0.691094
vt 0.264085 0.848210
vt 0.259236 0.849760
vt 0.291366 0.962007
vt 0.303019 0.958282
vt 0.302445 0.579191
vt 0.263511 0.689263
vt 0.254256 0.851020
vt 0.279415 0.965032
vt 0.249142 0.851980
vt 0.267203 0.967331
vt 0.266629 0.570142
vt 0.241626 0.567810
vt 0.243892 0.852632
vt 0.254764 0.968880
vt 0.237995 0.684509
vt 0.243318 0.684841
vt 0.238568 0.852964
vt 0.233234 0.852964
vt 0.229611 0.969663
vt 0.242200 0.969663
vt 0.157370 0.583428
vt 0.229037 0.567810
vt 0.216526 0.568583
vt 0.227380 0.684833
vt 0.232661 0.684509
vt 0.204194 0.570119
vt 0.222217 0.685474
vt 0.192079 0.572394
vt 0.217168 0.686422
vt 0.212806 0.849806
vt 0.207988 0.848272
vt 0.169210 0.958399
vt 0.180790 0.962086
vt 0.180216 0.575388
vt 0.212232 0.687667
vt 0.203293 0.846457
vt 0.157943 0.954045
vt 0.198729 0.844369
vt 0.194306 0.842016
vt 0.190034 0.839408
vt 0.126274 0.937215
vt 0.136451 0.943429
vt 0.185925 0.836552
vt 0.116508 0.930430
vt 0.181992 0.833460
vt 0.107175 0.923093
vt 0.115934 0.607044
vt 0.081419 0.639476
vt 0.178248 0.830143
vt 0.098297 0.915229
vt 0.097723 0.622244
vt 0.089321 0.630617
vt 0.174130 0.710861
vt 0.177674 0.707330
vt 0.170800 0.714594
vt 0.167695 0.718518
vt 0.074039 0.648801
vt 0.067205 0.658571
vt 0.164825 0.722619
vt 0.035230 0.749920
vt 0.060942 0.668766
vt 0.162202 0.726888
vt 0.160408 0.806160
vt 0.061515 0.868707
vt 0.046402 0.835808
vt 0.055274 0.679363
vt 0.159834 0.731313
vt 0.050227 0.690337
vt 0.157731 0.735886
vt 0.156474 0.796874
vt 0.154925 0.792025
vt 0.045828 0.701665
vt 0.155900 0.740599
vt 0.153665 0.787046
vt 0.039652 0.812204
vt 0.042677 0.824155
vt 0.152704 0.781932
vt 0.037353 0.799992
vt 0.152052 0.776682
vt 0.035804 0.787553
vt 0.151147 0.766115
vt 0.151478 0.760792
vt 0.151720 0.771358
vt 0.151720 0.766024
vt 0.034448 0.775074
vt 0.035220 0.787585
vt 0.151471 0.776730
vt 0.151147 0.771449
vt 0.037330 0.737557
vt 0.152112 0.781893
vt 0.036799 0.800047
vt 0.042025 0.823894
vt 0.039032 0.812032
vt 0.153060 0.786942
vt 0.154878 0.745595
vt 0.156412 0.740778
vt 0.154305 0.791878
vt 0.158227 0.736082
vt 0.050629 0.690865
vt 0.046274 0.702185
vt 0.160315 0.731519
vt 0.055647 0.679854
vt 0.073681 0.888176
vt 0.055064 0.857670
vt 0.157653 0.801391
vt 0.162668 0.727095
vt 0.061303 0.669188
vt 0.165277 0.722823
vt 0.067567 0.658907
vt 0.168132 0.718715
vt 0.074255 0.649297
vt 0.171224 0.714782
vt 0.174541 0.711037
vt 0.088882 0.906388
vt 0.097254 0.914789
vt 0.177498 0.829980
vt 0.173967 0.826436
vt 0.106687 0.614782
vt 0.135977 0.594304
vt 0.106113 0.922691
vt 0.181232 0.833310
vt 0.229122 0.969663
vt 0.115438 0.930071
vt 0.185155 0.836416
vt 0.125209 0.936905
vt 0.189256 0.839285
vt 0.135403 0.943169
vt 0.193525 0.841908
vt 0.203097 0.691094
vt 0.229696 0.567810
vt 0.146573 0.588636
vt 0.146000 0.948837
vt 0.197950 0.844276
vt 0.156974 0.953883
vt 0.202523 0.846379
vt 0.207810 0.689263
vt 0.212658 0.687714
vt 0.180530 0.575466
vt 0.168876 0.579191
vt 0.168303 0.958282
vt 0.207236 0.848210
vt 0.217638 0.686454
vt 0.192480 0.572441
vt 0.222752 0.685493
vt 0.204692 0.570142
vt 0.228002 0.684841
vt 0.217131 0.568593
vt 0.232752 0.852964
vt 0.227429 0.852632
vt 0.233326 0.684509
vt 0.238660 0.684509
vt 0.241711 0.969663
vt 0.254222 0.968890
vt 0.243367 0.852640
vt 0.238086 0.852964
vt 0.254796 0.568583
vt 0.279243 0.572394
vt 0.266554 0.967354
vt 0.248531 0.851999
vt 0.278669 0.965079
vt 0.253579 0.851051
vt 0.259088 0.687667
vt 0.263906 0.689201
vt 0.302685 0.579074
vt 0.291105 0.575388
vt 0.290532 0.962085
vt 0.258515 0.849806
vt 0.268601 0.691016
vt 0.313952 0.583429
vt 0.355387 0.607044
vt 0.273165 0.693104
vt 0.324880 0.588427
vt 0.277589 0.695457
vt 0.335445 0.594045
vt 0.281861 0.698066
vt 0.345621 0.600258
vt 0.285969 0.700921
vt 0.289902 0.704013
vt 0.354814 0.930429
vt 0.281287 0.839408
vt 0.293647 0.707330
vt 0.373599 0.622245
vt 0.364720 0.614380
vt 0.373025 0.915228
vt 0.381426 0.906856
vt 0.296617 0.826612
vt 0.293073 0.830143
vt 0.303626 0.718517
vt 0.389329 0.897997
vt 0.299947 0.822879
vt 0.396708 0.888672
vt 0.303053 0.818956
vt 0.403543 0.878901
vt 0.305922 0.814854
vt 0.409806 0.868707
vt 0.308545 0.810586
vt 0.410269 0.668528
vt 0.310913 0.806160
vt 0.313017 0.801587
vt 0.315421 0.740599
vt 0.316970 0.745447
vt 0.429218 0.713319
vt 0.425493 0.701665
vt 0.420521 0.847136
vt 0.424920 0.835807
vt 0.314847 0.796874
vt 0.318230 0.750427
vt 0.319191 0.755541
vt 0.319843 0.760792
vt 0.436091 0.749920
vt 0.434542 0.737482
vt 0.435505 0.787911
vt 0.436300 0.774989
vt 0.319269 0.776681
vt 0.512696 0.602939
vt 0.509429 0.606490
vt 0.508611 0.605043
vt 0.482441 0.956836
vt 0.997505 0.962235
vt 0.482428 0.959972
vt 0.618017 0.696192
vt 0.622196 0.699540
vt 0.617362 0.697719
vt 0.722104 0.701805
vt 0.720793 0.700706
vt 0.725930 0.700705
vt 0.722512 0.696944
vt 0.725197 0.697904
vt 0.720630 0.697905
vt 0.518665 0.600657
vt 0.516507 0.603165
vt 0.482478 0.947553
vt 0.997550 0.951069
vt 0.482460 0.952162
vt 0.622404 0.697857
vt 0.628385 0.701086
vt 0.728562 0.701804
vt 0.732309 0.700705
vt 0.728965 0.696943
vt 0.731587 0.697904
vt 0.524777 0.599149
vt 0.520908 0.601754
vt 0.482493 0.943328
vt 0.628697 0.699457
vt 0.634626 0.701849
vt 0.734897 0.701805
vt 0.738541 0.700707
vt 0.735285 0.696944
vt 0.737836 0.697906
vt 0.529829 0.600172
vt 0.525076 0.600784
vt 0.530952 0.598404
vt 0.534038 0.599975
vt 0.482509 0.938696
vt 0.997573 0.945069
vt 0.482523 0.934723
vt 0.997592 0.939353
vt 0.640671 0.700188
vt 0.634726 0.700190
vt 0.741046 0.701808
vt 0.744554 0.700711
vt 0.741416 0.696947
vt 0.743870 0.697909
vt 0.537120 0.598404
vt 0.539981 0.600329
vt 0.482539 0.929353
vt 0.997610 0.933787
vt 0.646660 0.699476
vt 0.640840 0.701849
vt 0.746952 0.701813
vt 0.750291 0.700717
vt 0.747297 0.696952
vt 0.749634 0.697915
vt 0.541970 0.598944
vt 0.545823 0.601377
vt 0.482553 0.924338
vt 0.997625 0.928620
vt 0.652433 0.698073
vt 0.646960 0.701111
vt 0.752559 0.701819
vt 0.755695 0.700724
vt 0.753973 0.697921
vt 0.755297 0.696962
vt 0.757866 0.697927
vt 0.751265 0.696957
vt 0.550875 0.601138
vt 0.546474 0.599832
vt 0.482565 0.919734
vt 0.997638 0.923840
vt 0.657992 0.696004
vt 0.652922 0.699662
vt 0.757810 0.701827
vt 0.760711 0.700733
vt 0.759104 0.696968
vt 0.761513 0.697934
vt 0.554916 0.602689
vt 0.551498 0.603103
vt 0.482291 0.915009
vt 0.997376 0.916829
vt 0.482296 0.919282
vt 0.664116 0.694730
vt 0.658662 0.697526
vt 0.762651 0.701836
vt 0.765284 0.700743
vt 0.762893 0.696976
vt 0.764737 0.697941
vt 0.560392 0.605485
vt 0.556939 0.605486
vt 0.482287 0.910200
vt 0.997371 0.912269
vt 0.663274 0.693296
vt 0.667741 0.692360
vt 0.668215 0.689975
vt 0.671409 0.689525
vt 0.761123 0.693058
vt 0.762980 0.694154
vt 0.759737 0.694158
vt 0.756044 0.693062
vt 0.756034 0.694163
vt 0.694123 0.698183
vt 0.696083 0.699141
vt 0.691470 0.699147
vt 0.565528 0.608933
vt 0.562134 0.608552
vt 0.482283 0.905070
vt 0.997368 0.908773
vt 0.671443 0.687266
vt 0.674795 0.686345
vt 0.752074 0.694166
vt 0.699024 0.698177
vt 0.701177 0.699136
vt 0.570466 0.613201
vt 0.566863 0.612154
vt 0.571217 0.616401
vt 0.482280 0.899487
vt 0.997365 0.904593
vt 0.674851 0.683898
vt 0.677770 0.683065
vt 0.678669 0.679153
vt 0.748125 0.694169
vt 0.750454 0.693068
vt 0.702763 0.698174
vt 0.706962 0.699130
vt 0.574684 0.617936
vt 0.575072 0.621221
vt 0.482278 0.893564
vt 0.997362 0.898976
vt 0.681923 0.673895
vt 0.680745 0.679030
vt 0.743448 0.694172
vt 0.744941 0.693072
vt 0.739110 0.693074
vt 0.740384 0.694173
vt 0.711389 0.698168
vt 0.712917 0.699128
vt 0.577487 0.621867
vt 0.577727 0.625464
vt 0.482277 0.888629
vt 0.997360 0.893023
vt 0.683836 0.669873
vt 0.684718 0.672007
vt 0.735626 0.694175
vt 0.717602 0.699126
vt 0.719211 0.698166
vt 0.722693 0.699125
vt 0.714453 0.698167
vt 0.582607 0.631954
vt 0.579766 0.629423
vt 0.580100 0.626308
vt 0.482276 0.884193
vt 0.997359 0.888630
vt 0.686551 0.667501
vt 0.685600 0.665189
vt 0.687545 0.664423
vt 0.730796 0.694175
vt 0.734029 0.693076
vt 0.729170 0.693076
vt 0.727565 0.694176
vt 0.727272 0.698164
vt 0.728866 0.699125
vt 0.584412 0.637735
vt 0.581974 0.635199
vt 0.482277 0.878011
vt 0.997359 0.883640
vt 0.688670 0.659780
vt 0.724365 0.693076
vt 0.722789 0.694175
vt 0.732466 0.698165
vt 0.734905 0.699126
vt 0.482278 0.871988
vt 0.997359 0.877472
vt 0.687096 0.659201
vt 0.689498 0.653412
vt 0.716428 0.694174
vt 0.721204 0.693076
vt 0.738278 0.698166
vt 0.739810 0.699127
vt 0.585346 0.642640
vt 0.584045 0.645864
vt 0.583433 0.641112
vt 0.585821 0.647260
vt 0.584243 0.650074
vt 0.482279 0.867359
vt 0.997360 0.871466
vt 0.482281 0.863391
vt 0.997362 0.865754
vt 0.687832 0.647219
vt 0.687834 0.653164
vt 0.710553 0.693072
vt 0.710556 0.694172
vt 0.742811 0.698168
vt 0.744281 0.699129
vt 0.585821 0.653042
vt 0.583889 0.656017
vt 0.482284 0.858028
vt 0.997365 0.860196
vt 0.687120 0.641230
vt 0.689501 0.647324
vt 0.706233 0.694169
vt 0.704834 0.693069
vt 0.701846 0.694167
vt 0.747408 0.698171
vt 0.749658 0.699132
vt 0.585091 0.659242
vt 0.582840 0.661858
vt 0.482288 0.853023
vt 0.997369 0.855037
vt 0.685717 0.635457
vt 0.688119 0.637916
vt 0.697118 0.693063
vt 0.698169 0.694163
vt 0.753099 0.698174
vt 0.755156 0.699137
vt 0.582574 0.668360
vt 0.583984 0.663988
vt 0.482293 0.848430
vt 0.997373 0.850268
vt 0.683648 0.629898
vt 0.686901 0.633771
vt 0.694244 0.694159
vt 0.759162 0.699140
vt 0.761548 0.698183
vt 0.762709 0.699145
vt 0.757935 0.698179
vt 0.580758 0.672580
vt 0.581115 0.667533
vt 0.482297 0.845130
vt 0.997378 0.846128
vt 0.682374 0.623774
vt 0.685170 0.629228
vt 0.692324 0.693057
vt 0.689721 0.694153
vt 0.760625 0.692837
vt 0.759663 0.691875
vt 0.762937 0.691882
vt 0.578740 0.676422
vt 0.579259 0.671864
vt 0.482407 0.844910
vt 0.997478 0.841624
vt 0.997492 0.844910
vt 0.681067 0.624846
vt 0.678874 0.618578
vt 0.759806 0.695621
vt 0.761680 0.696723
vt 0.756891 0.696716
vt 0.756345 0.691869
vt 0.576035 0.680517
vt 0.577158 0.675812
vt 0.573135 0.684188
vt 0.574030 0.680472
vt 0.482377 0.836957
vt 0.997464 0.837858
vt 0.482394 0.841540
vt 0.675734 0.617344
vt 0.675087 0.614182
vt 0.754890 0.695614
vt 0.752044 0.696709
vt 0.752295 0.691865
vt 0.749610 0.692822
vt 0.748224 0.691860
vt 0.753595 0.692827
vt 0.482359 0.831554
vt 0.997446 0.832617
vt 0.671459 0.612962
vt 0.671691 0.610978
vt 0.667013 0.609384
vt 0.747900 0.696705
vt 0.750691 0.695609
vt 0.743255 0.696702
vt 0.746462 0.695605
vt 0.745165 0.692818
vt 0.743929 0.691857
vt 0.569877 0.687575
vt 0.565227 0.689440
vt 0.570023 0.685129
vt 0.482342 0.825538
vt 0.997430 0.827412
vt 0.997419 0.823020
vt 0.663126 0.606881
vt 0.667750 0.607855
vt 0.737674 0.695599
vt 0.737116 0.696698
vt 0.739686 0.691854
vt 0.566508 0.690550
vt 0.560351 0.692847
vt 0.482328 0.819768
vt 0.658701 0.604556
vt 0.662322 0.604501
vt 0.732584 0.695598
vt 0.730983 0.696697
vt 0.733103 0.692812
vt 0.731503 0.691851
vt 0.734714 0.691852
vt 0.739143 0.692814
vt 0.555221 0.697425
vt 0.559571 0.695210
vt 0.482314 0.813523
vt 0.997407 0.818152
vt 0.652833 0.602290
vt 0.652067 0.600345
vt 0.656686 0.601901
vt 0.726115 0.696696
vt 0.729348 0.695597
vt 0.728267 0.692811
vt 0.726639 0.691850
vt 0.549517 0.699596
vt 0.554794 0.695802
vt 0.482302 0.807339
vt 0.997393 0.811902
vt 0.647149 0.599160
vt 0.724521 0.695597
vt 0.721061 0.696696
vt 0.725034 0.692810
vt 0.720538 0.691850
vt 0.543404 0.701104
vt 0.549018 0.698010
vt 0.482293 0.801295
vt 0.997381 0.805730
vt 0.646845 0.600794
vt 0.640908 0.598397
vt 0.715388 0.695599
vt 0.714848 0.696698
vt 0.719980 0.692811
vt 0.714308 0.691852
vt 0.538353 0.700081
vt 0.543105 0.699469
vt 0.537229 0.701849
vt 0.534144 0.700279
vt 0.482287 0.796636
vt 0.997372 0.799702
vt 0.482283 0.792632
vt 0.997365 0.793950
vt 0.634863 0.600058
vt 0.640808 0.600056
vt 0.709390 0.695602
vt 0.708873 0.696702
vt 0.713768 0.692813
vt 0.708309 0.691855
vt 0.531062 0.701849
vt 0.528200 0.699925
vt 0.482278 0.787205
vt 0.997360 0.788333
vt 0.628874 0.600770
vt 0.634694 0.598397
vt 0.703677 0.695606
vt 0.703189 0.696706
vt 0.707792 0.692816
vt 0.702597 0.691859
vt 0.524975 0.701127
vt 0.522358 0.698876
vt 0.482276 0.782120
vt 0.997357 0.783101
vt 0.623101 0.602174
vt 0.628574 0.599135
vt 0.698308 0.695612
vt 0.697852 0.696712
vt 0.702108 0.692820
vt 0.697232 0.691864
vt 0.515857 0.698610
vt 0.520229 0.700020
vt 0.482277 0.777432
vt 0.997356 0.778242
vt 0.617542 0.604242
vt 0.622612 0.600584
vt 0.614350 0.603921
vt 0.618541 0.602041
vt 0.693315 0.695619
vt 0.694336 0.696717
vt 0.690819 0.696722
vt 0.693255 0.691870
vt 0.689721 0.692837
vt 0.689739 0.691876
vt 0.694472 0.692829
vt 0.510237 0.696139
vt 0.516684 0.697151
vt 0.482279 0.773196
vt 0.997358 0.773814
vt 0.612260 0.606950
vt 0.609032 0.606990
vt 0.694143 0.699382
vt 0.690788 0.700485
vt 0.689721 0.699387
vt 0.689721 0.694416
vt 0.694160 0.695371
vt 0.689738 0.695377
vt 0.504952 0.692966
vt 0.511242 0.694767
vt 0.482289 0.766419
vt 0.997374 0.768469
vt 0.482295 0.771179
vt 0.607319 0.610271
vt 0.604125 0.610721
vt 0.697811 0.700478
vt 0.699087 0.699377
vt 0.697827 0.694408
vt 0.699103 0.695367
vt 0.501238 0.690175
vt 0.506047 0.691702
vt 0.482285 0.761330
vt 0.997370 0.765004
vt 0.604092 0.612980
vt 0.600739 0.613901
vt 0.703079 0.699375
vt 0.701724 0.700475
vt 0.701941 0.694405
vt 0.703096 0.695364
vt 0.497923 0.687239
vt 0.501319 0.688099
vt 0.496965 0.683852
vt 0.482281 0.755780
vt 0.997367 0.760856
vt 0.600683 0.616349
vt 0.597413 0.617613
vt 0.596865 0.621093
vt 0.705874 0.700472
vt 0.707567 0.699372
vt 0.707072 0.695362
vt 0.494525 0.683553
vt 0.493110 0.679032
vt 0.482278 0.749880
vt 0.997363 0.755272
vt 0.593611 0.626351
vt 0.593902 0.622557
vt 0.709989 0.700470
vt 0.713290 0.699369
vt 0.711773 0.695360
vt 0.714849 0.694398
vt 0.716407 0.695358
vt 0.710273 0.694400
vt 0.491591 0.679748
vt 0.490454 0.674789
vt 0.482277 0.744958
vt 0.997360 0.749341
vt 0.591699 0.630373
vt 0.591545 0.626770
vt 0.717991 0.699368
vt 0.714832 0.700468
vt 0.719603 0.700467
vt 0.721203 0.699368
vt 0.719902 0.694397
vt 0.722536 0.695357
vt 0.486172 0.669776
vt 0.488415 0.670830
vt 0.488349 0.674454
vt 0.482276 0.740527
vt 0.997359 0.744958
vt 0.588350 0.634552
vt 0.590171 0.629718
vt 0.724440 0.700466
vt 0.726353 0.699367
vt 0.724457 0.694396
vt 0.727690 0.695357
vt 0.485046 0.666780
vt 0.483713 0.662237
vt 0.486207 0.665054
vt 0.482277 0.734344
vt 0.997359 0.739974
vt 0.589934 0.635057
vt 0.586804 0.640741
vt 0.728985 0.700466
vt 0.732727 0.699367
vt 0.730889 0.695357
vt 0.735600 0.694396
vt 0.735598 0.695357
vt 0.729284 0.694396
vt 0.482278 0.728308
vt 0.997359 0.733803
vt 0.588438 0.641045
vt 0.586041 0.646983
vt 0.735308 0.700467
vt 0.738936 0.699368
vt 0.741332 0.695359
vt 0.482659 0.656471
vt 0.484015 0.653054
vt 0.484748 0.659141
vt 0.482280 0.722378
vt 0.997360 0.727785
vt 0.587646 0.651340
vt 0.587700 0.647083
vt 0.587969 0.656070
vt 0.586041 0.653196
vt 0.741426 0.700469
vt 0.744907 0.699371
vt 0.741972 0.694399
vt 0.747300 0.695361
vt 0.482276 0.650177
vt 0.484028 0.647199
vt 0.482283 0.716938
vt 0.997364 0.719187
vt 0.589031 0.661926
vt 0.586779 0.659316
vt 0.747283 0.700471
vt 0.750584 0.699373
vt 0.747802 0.694401
vt 0.752834 0.695365
vt 0.482638 0.644045
vt 0.484731 0.641299
vt 0.482287 0.711709
vt 0.997368 0.713819
vt 0.590686 0.667351
vt 0.588228 0.665278
vt 0.752823 0.700474
vt 0.755912 0.699377
vt 0.755697 0.694406
vt 0.756967 0.695368
vt 0.483465 0.639237
vt 0.485798 0.636710
vt 0.482291 0.707834
vt 0.997372 0.709023
vt 0.997376 0.705524
vt 0.591565 0.673541
vt 0.589685 0.669349
vt 0.757991 0.700478
vt 0.759420 0.699380
vt 0.762940 0.700484
vt 0.762928 0.699384
vt 0.759437 0.694409
vt 0.760640 0.695371
vt 0.486178 0.630475
vt 0.487165 0.632476
vt 0.484616 0.634792
vt 0.487968 0.626525
vt 0.482300 0.986316
vt 0.997367 0.990394
vt 0.482276 0.990394
vt 0.594594 0.675630
vt 0.593830 0.677538
vt 0.766142 0.699388
vt 0.689721 0.696987
vt 0.693690 0.697937
vt 0.690610 0.697945
vt 0.763127 0.694414
vt 0.764039 0.695375
vt 0.491092 0.621211
vt 0.489450 0.627278
vt 0.482326 0.981517
vt 0.997393 0.985846
vt 0.596418 0.681366
vt 0.696404 0.700734
vt 0.692934 0.701840
vt 0.692934 0.700740
vt 0.694094 0.696975
vt 0.698501 0.697927
vt 0.494859 0.616269
vt 0.492516 0.622083
vt 0.482353 0.976397
vt 0.997411 0.982357
vt 0.597915 0.680571
vt 0.600712 0.686350
vt 0.700174 0.701825
vt 0.701815 0.700723
vt 0.698949 0.696966
vt 0.703782 0.697919
vt 0.500365 0.613001
vt 0.496118 0.617354
vt 0.482380 0.970822
vt 0.997432 0.978184
vt 0.603993 0.687207
vt 0.605046 0.690297
vt 0.608737 0.691025
vt 0.703966 0.701819
vt 0.707004 0.700717
vt 0.704269 0.696958
vt 0.709488 0.697912
vt 0.499250 0.611768
vt 0.505185 0.609146
vt 0.482407 0.964903
vt 0.997459 0.972575
vt 0.613995 0.694279
vt 0.608861 0.693101
vt 0.711402 0.700712
vt 0.709913 0.701812
vt 0.715724 0.701808
vt 0.716279 0.700709
vt 0.710011 0.696952
vt 0.715562 0.697908
vt 0.504231 0.607784
vt 0.997486 0.966626
vt 0.613212 0.695746
vt 0.716117 0.696947
vt -1.021563 0.302110
vt -0.959219 0.287754
vt -0.963384 0.302229
vt -0.782776 0.289170
vt -0.781005 0.304181
vt -0.698306 0.289794
vt -0.666482 0.305321
vt -0.606805 0.290630
vt -0.606742 0.305448
vt -0.048877 0.299383
vt -0.224300 0.285783
vt -0.048911 0.284882
vt -0.245424 0.300952
vt -0.297100 0.286865
vt -0.327556 0.302363
vt -0.408600 0.287716
vt -0.408715 0.302613
vt -1.021529 0.316518
vt -0.969439 0.316441
vt -0.781175 0.319177
vt -0.664489 0.320175
vt -0.606662 0.320204
vt -0.048842 0.313792
vt -0.187633 0.299841
vt -0.183645 0.314229
vt -0.242790 0.315370
vt -0.327553 0.316986
vt -0.407792 0.317418
vt -1.021494 0.330715
vt -0.972181 0.330785
vt -0.868381 0.332778
vt -0.782623 0.333648
vt -0.663087 0.334772
vt -0.606565 0.334743
vt -0.178569 0.328475
vt -0.240528 0.329612
vt -0.327541 0.331430
vt -0.408622 0.332004
vt -1.021459 0.344659
vt -0.972391 0.344823
vt -0.868753 0.346948
vt -0.782111 0.347945
vt -0.660438 0.349192
vt -0.606452 0.348981
vt -0.048807 0.327989
vt -0.172653 0.342394
vt -0.239129 0.343667
vt -0.327521 0.345673
vt -0.411911 0.346299
vt -1.021424 0.358308
vt -0.972409 0.358568
vt -0.865452 0.360856
vt -0.783214 0.361934
vt -0.658482 0.362969
vt -0.048738 0.355582
vt -0.048772 0.341933
vt -0.171755 0.355999
vt -0.237810 0.357464
vt -0.327494 0.359618
vt -0.416170 0.360184
vt -1.021390 0.371627
vt -0.972447 0.371983
vt -0.861132 0.374405
vt -0.783847 0.375348
vt -0.655757 0.376349
vt -0.048703 0.368901
vt -0.187658 0.369735
vt -0.236676 0.370915
vt -0.327460 0.373209
vt -0.419330 0.373860
vt -1.021355 0.384583
vt -0.972759 0.385019
vt -0.857533 0.387506
vt -0.783720 0.388252
vt -0.656047 0.389270
vt -0.048669 0.381856
vt -0.141338 0.369160
vt -0.141305 0.382116
vt -0.187624 0.382783
vt -0.235731 0.383994
vt -0.327420 0.386410
vt -0.419102 0.386957
vt -1.021321 0.397145
vt -0.973464 0.397639
vt -0.851804 0.399806
vt -0.788725 0.401053
vt -0.651185 0.401817
vt -0.141271 0.394678
vt -0.187590 0.395429
vt -0.234941 0.396670
vt -0.412199 0.399204
vt -0.467741 0.400480
vt -0.467854 0.387787
vt -1.021288 0.409283
vt -0.974968 0.409752
vt -0.851416 0.412207
vt -0.789691 0.412509
vt -0.655918 0.413669
vt -0.048601 0.406557
vt -0.048635 0.394418
vt -0.141180 0.406819
vt -0.187557 0.407644
vt -0.234231 0.408915
vt -0.327376 0.399190
vt -0.374171 0.411940
vt -0.467611 0.412708
vt -1.021255 0.420973
vt -0.974936 0.421457
vt -0.882733 0.423405
vt -0.835977 0.423969
vt -0.789659 0.424012
vt -0.661711 0.425230
vt -0.048568 0.418243
vt -0.141205 0.418516
vt -0.187523 0.419399
vt -0.233543 0.420699
vt -0.327326 0.411516
vt -0.374113 0.423775
vt -0.420833 0.423921
vt -0.420937 0.412135
vt -0.467466 0.424448
vt -1.021222 0.432186
vt -0.974903 0.432679
vt -0.883958 0.434525
vt -0.835945 0.435094
vt -0.789627 0.435029
vt -0.732500 0.435983
vt -0.651218 0.436387
vt -0.048536 0.429466
vt -0.141173 0.429739
vt -0.187491 0.430670
vt -0.232844 0.431993
vt -0.327271 0.423362
vt -0.374048 0.435098
vt -0.420725 0.435194
vt -0.467309 0.435681
vt -1.021191 0.442897
vt -0.974871 0.443392
vt -0.884926 0.445130
vt -0.835914 0.445699
vt -0.789596 0.445549
vt -0.737841 0.446426
vt -0.048504 0.440192
vt -0.141141 0.440463
vt -0.202723 0.441770
vt -0.327211 0.434700
vt -0.373976 0.445886
vt -0.420622 0.445928
vt -0.467144 0.446386
vt -1.021160 0.453081
vt -0.974840 0.453572
vt -0.885541 0.455208
vt -0.835883 0.455766
vt -0.789565 0.455551
vt -0.743247 0.456082
vt -0.048473 0.450395
vt -0.141110 0.450660
vt -0.325808 0.455818
vt -0.327147 0.445507
vt -0.373896 0.456114
vt -0.420533 0.456101
vt -0.466975 0.456542
vt -1.021130 0.462713
vt -0.974810 0.463197
vt 0.063422 0.219444
vt 0.152700 0.208502
vt 0.152784 0.218054
vt 0.202355 0.207780
vt 0.202369 0.217325
vt 0.248686 0.216962
vt 0.294988 0.206861
vt 0.297885 0.216542
vt 0.388595 0.205963
vt 0.394663 0.215667
vt -0.048443 0.460044
vt -0.141080 0.460305
vt -0.198180 0.451868
vt -0.198238 0.461669
vt -0.373809 0.465764
vt 0.664336 0.205546
vt 0.617777 0.215086
vt 0.617699 0.205453
vt 0.571405 0.215042
vt 0.571256 0.205322
vt 0.525043 0.205316
vt 0.017120 0.229940
vt 0.063437 0.229577
vt 0.153091 0.228123
vt 0.202384 0.227440
vt 0.248701 0.227075
vt 0.299811 0.226614
vt 0.387568 0.226025
vt 0.989807 0.227483
vt 0.897155 0.217457
vt 0.989792 0.217321
vt 0.897170 0.227581
vt 0.839993 0.217224
vt 0.841066 0.227393
vt 0.712905 0.215557
vt 0.664486 0.225340
vt 0.664406 0.215153
vt 0.617867 0.225299
vt 0.571541 0.225314
vt 0.017136 0.240611
vt 0.063454 0.240253
vt 0.153595 0.238838
vt 0.202401 0.238102
vt 0.248788 0.238005
vt 0.387652 0.236788
vt 0.898994 0.238169
vt 0.843488 0.238074
vt 0.713637 0.225808
vt 0.664577 0.236082
vt 0.617968 0.236066
vt 0.571647 0.236098
vt 0.017155 0.251800
vt 0.063472 0.251446
vt 0.153856 0.250015
vt 0.202419 0.249284
vt 0.248094 0.249013
vt 0.387687 0.248017
vt 0.989842 0.249225
vt 0.989824 0.238035
vt 0.899284 0.249336
vt 0.845884 0.249264
vt 0.714199 0.236373
vt 0.664677 0.247354
vt 0.618081 0.247363
vt 0.571756 0.247399
vt 0.017175 0.263484
vt 0.063492 0.263132
vt 0.152638 0.261617
vt 0.202439 0.260961
vt 0.252023 0.260620
vt 0.387707 0.259717
vt 0.989862 0.260908
vt 0.899587 0.260997
vt 0.757246 0.259883
vt 0.714589 0.247634
vt 0.664787 0.259130
vt 0.618235 0.259193
vt 0.571903 0.259228
vt 0.017196 0.275636
vt 0.063514 0.275287
vt 0.152659 0.273776
vt 0.202461 0.273108
vt 0.258409 0.272747
vt 0.388313 0.271916
vt 0.989884 0.273060
vt 0.899904 0.273128
vt 0.850902 0.260848
vt 0.850924 0.272990
vt 0.711608 0.271645
vt 0.711516 0.259420
vt 0.664954 0.271431
vt 0.618519 0.271622
vt 0.572181 0.271652
vt 0.017220 0.288229
vt 0.063537 0.287882
vt 0.152577 0.286381
vt 0.202484 0.285695
vt 0.261147 0.285491
vt 0.390002 0.284468
vt 0.989907 0.285654
vt 0.900213 0.285728
vt 0.850635 0.285552
vt 0.758003 0.272111
vt 0.711706 0.284375
vt 0.665236 0.284290
vt 0.618893 0.284578
vt 0.063561 0.300889
vt 0.017244 0.301236
vt 0.152363 0.299400
vt 0.202509 0.298698
vt 0.248826 0.298317
vt 0.309839 0.297859
vt 0.393413 0.297414
vt 0.989931 0.298661
vt 0.900751 0.298759
vt 0.851439 0.298542
vt 0.758296 0.284913
vt 0.711867 0.297686
vt 0.665589 0.297645
vt 0.619324 0.297992
vt 0.063588 0.314278
vt 0.017271 0.314625
vt 0.151717 0.312827
vt 0.202535 0.312132
vt 0.248852 0.311776
vt 0.313139 0.311305
vt 0.398519 0.310751
vt 0.989958 0.312049
vt 0.900691 0.312059
vt 0.760830 0.311996
vt 0.758324 0.298122
vt 0.712102 0.311484
vt 0.665984 0.311408
vt 0.619792 0.311708
vt 0.063615 0.328015
vt 0.017298 0.328362
vt 0.151517 0.326647
vt 0.202562 0.325955
vt 0.248880 0.325619
vt 0.316810 0.325125
vt 0.403677 0.324430
vt 0.989984 0.325797
vt 0.897348 0.325990
vt 0.850998 0.312155
vt 0.851025 0.326079
vt 0.712369 0.325594
vt 0.666402 0.325520
vt 0.620284 0.325709
vt 0.573934 0.325902
vt 0.063576 0.342008
vt 0.017327 0.342408
vt 0.156275 0.340669
vt 0.202591 0.340110
vt 0.248909 0.339793
vt 0.320915 0.339142
vt 0.411290 0.338361
vt 0.943696 0.339955
vt 0.897377 0.340123
vt 0.851054 0.340339
vt 0.761814 0.326078
vt 0.712638 0.339973
vt 0.666826 0.339932
vt 0.620785 0.340036
vt 0.574437 0.340213
vt 0.063674 0.356373
vt 0.017357 0.356722
vt 0.155765 0.355222
vt 0.202621 0.354548
vt 0.248939 0.354250
vt 0.321046 0.353460
vt 0.417246 0.352630
vt 0.525578 0.354172
vt 0.990044 0.354146
vt 0.990014 0.339832
vt 0.943726 0.354269
vt 0.897407 0.354560
vt 0.851084 0.354883
vt 0.763731 0.340263
vt 0.712880 0.354568
vt 0.667238 0.354592
vt 0.621283 0.354646
vt 0.574940 0.354743
vt 0.067743 0.370601
vt 0.017389 0.371188
vt 0.156337 0.369638
vt 0.202652 0.369147
vt 0.248970 0.368865
vt 0.325031 0.368001
vt 0.431012 0.367401
vt 0.990076 0.368612
vt 0.943757 0.368735
vt 0.897438 0.369166
vt 0.851115 0.369582
vt 0.804760 0.354991
vt 0.758638 0.369416
vt 0.758521 0.354692
vt 0.709742 0.369897
vt 0.621759 0.369395
vt 0.575424 0.369378
vt 0.068262 0.385070
vt 0.017421 0.385689
vt 0.156369 0.384248
vt 0.202684 0.383787
vt 0.249002 0.383518
vt 0.349218 0.382326
vt 0.990108 0.383114
vt 0.943789 0.383239
vt 0.893637 0.383905
vt 0.804791 0.369757
vt 0.758761 0.384166
vt 0.712265 0.384250
vt 0.622188 0.384137
vt 0.067571 0.399492
vt 0.017453 0.400109
vt 0.156401 0.398780
vt 0.202717 0.398348
vt 0.249035 0.398087
vt 0.366280 0.396678
vt 0.990140 0.397533
vt 0.943822 0.397682
vt 0.803337 0.399138
vt 0.804823 0.384541
vt 0.758880 0.398823
vt 0.713523 0.398665
vt 0.622084 0.398840
vt 0.066258 0.413735
vt 0.017486 0.414329
vt 0.156434 0.413112
vt 0.202750 0.412709
vt 0.248816 0.412304
vt 0.377941 0.410791
vt 0.990173 0.411753
vt 0.943855 0.411938
vt 0.897503 0.398369
vt 0.897210 0.412789
vt 0.758990 0.413269
vt 0.713698 0.413093
vt 0.626984 0.413338
vt 0.064946 0.427763
vt 0.017519 0.428307
vt 0.156467 0.427202
vt 0.202783 0.426830
vt 0.249101 0.426564
vt 0.376148 0.424828
vt 0.990206 0.425731
vt 0.943888 0.425955
vt 0.807603 0.427967
vt 0.804889 0.413615
vt 0.759087 0.427460
vt 0.713848 0.427266
vt 0.668649 0.427262
vt 0.064222 0.441546
vt 0.017552 0.442000
vt 0.156501 0.441007
vt 0.202816 0.440668
vt 0.249134 0.440385
vt 0.378283 0.438639
vt 0.990239 0.439425
vt 0.943921 0.439684
vt 0.897569 0.426808
vt 0.897602 0.440600
vt 0.759170 0.441355
vt 0.713974 0.441142
vt 0.668827 0.441093
vt 0.623359 0.440954
vt 0.623121 0.427169
vt 0.063851 0.455016
vt 0.017585 0.455375
vt 0.156534 0.454493
vt 0.202850 0.454188
vt 0.249167 0.453890
vt 0.323294 0.452662
vt 0.388117 0.451553
vt 0.990273 0.452799
vt 0.943954 0.453088
vt 0.897635 0.454057
vt 0.811425 0.441748
vt 0.759239 0.454919
vt 0.714075 0.454687
vt 0.668973 0.454585
vt 0.623558 0.454398
vt 0.063936 0.468134
vt 0.017618 0.468396
vt 0.156714 0.467617
vt 0.202883 0.467358
vt 0.249200 0.467063
vt 0.321418 0.465824
vt 0.388158 0.464613
vt 0.990305 0.465820
vt 0.943987 0.466131
vt 0.897668 0.467145
vt 0.851313 0.454902
vt 0.805022 0.468311
vt 0.804989 0.455152
vt 0.759295 0.468108
vt 0.714154 0.467863
vt 0.669086 0.467707
vt 0.623715 0.467469
vt 0.063968 0.480808
vt 0.017651 0.481033
vt 0.156361 0.480326
vt 0.202916 0.480147
vt 0.249233 0.479865
vt 0.322855 0.478557
vt 0.388200 0.477307
vt 0.990338 0.478457
vt 0.944020 0.478783
vt 0.897701 0.479834
vt 0.851346 0.468045
vt 0.805055 0.481056
vt 0.759338 0.480838
vt 0.714213 0.480589
vt 0.669171 0.480426
vt 0.623832 0.480094
vt 0.064001 0.493070
vt 0.017683 0.493256
vt 0.156021 0.492635
vt 0.202948 0.492523
vt 0.268917 0.491964
vt 0.383580 0.489716
vt 0.435408 0.489951
vt 0.485959 0.490825
vt 0.990370 0.490680
vt 0.944052 0.491013
vt 0.897733 0.492095
vt 0.851379 0.480788
vt 0.805089 0.493322
vt 0.759372 0.493091
vt 0.714255 0.492846
vt 0.669231 0.492639
vt 0.623915 0.492250
vt 0.064033 0.504893
vt 0.017715 0.505039
vt 0.155769 0.504516
vt 0.202981 0.504462
vt 0.272541 0.503878
vt 0.341929 0.502385
vt 0.388284 0.501478
vt 0.435473 0.501702
vt 0.485494 0.502651
vt 0.990402 0.502463
vt 0.944084 0.502797
vt 0.897765 0.503901
vt 0.851411 0.493100
vt 0.805121 0.505105
vt 0.759397 0.504856
vt 0.714283 0.504627
vt 0.623971 0.503936
vt 0.064064 0.516249
vt 0.017747 0.516353
vt 0.155653 0.515942
vt 0.203013 0.515933
vt 0.314335 0.514434
vt 0.388325 0.512847
vt 0.435532 0.512983
vt 0.484025 0.513517
vt 0.990434 0.513778
vt 0.944115 0.514108
vt 0.851476 0.516232
vt 0.851444 0.504925
vt 0.805154 0.516395
vt 0.759415 0.516114
vt 0.714300 0.515903
vt 0.669270 0.504325
vt 0.619860 0.514947
vt 0.064095 0.527112
vt 0.017777 0.527175
vt 0.155711 0.526887
vt 0.203044 0.526913
vt 0.319029 0.525363
vt 0.388366 0.523724
vt 0.435587 0.523789
vt 0.483453 0.524074
vt 0.990464 0.524599
vt 0.944146 0.524921
vt 0.897797 0.515225
vt 0.851507 0.527015
vt 0.805186 0.527175
vt 0.759428 0.526851
vt 0.714308 0.526639
vt 0.669292 0.515501
vt 0.614928 0.525639
vt 2.012830 0.165080
vt 2.059143 0.175722
vt 2.012825 0.175833
vt 2.059148 0.164907
vt 2.151016 0.174428
vt 2.150765 0.163462
vt 2.198093 0.174190
vt 2.314087 0.162448
vt 2.318579 0.173567
vt 2.383433 0.171898
vt 2.383429 0.160824
vt 2.430667 0.170721
vt 2.430650 0.159693
vt 2.478095 0.170063
vt 2.985515 0.175833
vt 2.939201 0.165013
vt 2.985520 0.165080
vt 2.939196 0.175770
vt 2.892880 0.164678
vt 2.846554 0.174512
vt 2.846558 0.163667
vt 2.800234 0.173348
vt 2.800237 0.162440
vt 2.754455 0.172642
vt 2.754480 0.161667
vt 2.709329 0.172436
vt 2.709362 0.161468
vt 2.664356 0.161954
vt 2.604709 0.172473
vt 2.609985 0.161538
vt 2.478516 0.159204
vt 2.012821 0.187063
vt 2.059139 0.187001
vt 2.151494 0.185892
vt 2.203510 0.186046
vt 2.380248 0.183618
vt 2.430683 0.182272
vt 2.477947 0.181499
vt 2.985511 0.187062
vt 2.939192 0.187004
vt 2.892875 0.175428
vt 2.846551 0.185827
vt 2.800231 0.184738
vt 2.754428 0.184097
vt 2.709293 0.183880
vt 2.664322 0.172902
vt 2.601498 0.183912
vt 2.012817 0.198740
vt 2.059135 0.198701
vt 2.152113 0.197826
vt 2.206664 0.197478
vt 2.379381 0.195581
vt 2.430698 0.194291
vt 2.985507 0.198740
vt 2.935618 0.198509
vt 2.892871 0.186643
vt 2.846547 0.197573
vt 2.800228 0.196577
vt 2.754401 0.195996
vt 2.709257 0.195770
vt 2.664284 0.184326
vt 2.599541 0.195836
vt 2.012813 0.210837
vt 2.060614 0.210934
vt 2.189659 0.209697
vt 2.259648 0.210825
vt 2.380489 0.208209
vt 2.430716 0.206732
vt 2.985503 0.210837
vt 2.846545 0.209701
vt 2.800225 0.208826
vt 2.754375 0.208299
vt 2.709222 0.208074
vt 2.664244 0.196202
vt 2.656264 0.208545
vt 2.012810 0.223327
vt 2.059573 0.223320
vt 2.190396 0.222492
vt 2.263547 0.223461
vt 2.337036 0.222276
vt 2.383459 0.221109
vt 2.985500 0.223327
vt 2.935724 0.210574
vt 2.846542 0.222160
vt 2.797420 0.221379
vt 2.709188 0.220758
vt 2.012807 0.236178
vt 2.059381 0.236095
vt 2.190154 0.235801
vt 2.244394 0.236198
vt 2.290713 0.236418
vt 2.337034 0.235587
vt 2.383469 0.234409
vt 2.985497 0.236178
vt 2.934924 0.223155
vt 2.846540 0.234971
vt 2.800221 0.234382
vt 2.715862 0.233380
vt 2.653334 0.221298
vt 2.597883 0.233700
vt 2.012805 0.249361
vt 2.059123 0.249303
vt 2.139948 0.249462
vt 2.198121 0.249304
vt 2.244392 0.249614
vt 2.290728 0.249929
vt 2.337032 0.249205
vt 2.985495 0.249361
vt 2.933936 0.235908
vt 2.846538 0.248120
vt 2.800220 0.247569
vt 2.715060 0.246796
vt 2.664135 0.234196
vt 2.664107 0.247490
vt 2.059121 0.262784
vt 2.012803 0.262844
vt 2.127137 0.262933
vt 2.198211 0.262929
vt 2.244401 0.263265
vt 2.302898 0.263049
vt 2.939174 0.262812
vt 2.932017 0.249148
vt 2.846536 0.261572
vt 2.800218 0.260999
vt 2.714303 0.260449
vt 2.649479 0.261116
vt 2.589186 0.246879
vt 2.059119 0.276532
vt 2.012801 0.276593
vt 2.116535 0.276640
vt 2.198315 0.276758
vt 2.244461 0.277027
vt 2.290903 0.277184
vt 2.337042 0.277072
vt 2.384258 0.275915
vt 2.985493 0.262843
vt 2.939173 0.276560
vt 2.892854 0.276036
vt 2.892855 0.262301
vt 2.846535 0.275297
vt 2.800217 0.274702
vt 2.713630 0.274209
vt 2.581030 0.274316
vt 2.572833 0.260384
vt 2.059119 0.290509
vt 2.012800 0.290570
vt 2.105436 0.290448
vt 2.198103 0.290580
vt 2.244561 0.290893
vt 2.291008 0.290932
vt 2.337085 0.291143
vt 2.383527 0.290145
vt 2.985491 0.276592
vt 2.939172 0.290536
vt 2.892853 0.290002
vt 2.846534 0.289255
vt 2.799211 0.288655
vt 2.707590 0.288300
vt 2.059118 0.304678
vt 2.012800 0.304739
vt 2.105393 0.304778
vt 2.198519 0.304766
vt 2.244667 0.304823
vt 2.291111 0.304812
vt 2.337137 0.305348
vt 2.383545 0.304648
vt 2.985490 0.290570
vt 2.939171 0.304702
vt 2.892853 0.304163
vt 2.846534 0.303410
vt 2.800216 0.302779
vt 2.714633 0.302287
vt 2.577707 0.302805
vt 2.580787 0.288321
vt 2.059118 0.318994
vt 2.012800 0.319055
vt 2.105435 0.318852
vt 2.199543 0.318830
vt 2.244767 0.318865
vt 2.291207 0.318860
vt 2.341205 0.319216
vt 2.985490 0.304739
vt 2.939171 0.319014
vt 2.892853 0.318473
vt 2.846535 0.317718
vt 2.800217 0.317072
vt 2.696714 0.316610
vt 2.059118 0.333412
vt 2.012800 0.333471
vt 2.105441 0.333241
vt 2.200219 0.333312
vt 2.244853 0.333071
vt 2.291293 0.333057
vt 2.337231 0.333910
vt 2.383583 0.333887
vt 2.985490 0.319055
vt 2.939172 0.333428
vt 2.892854 0.332889
vt 2.846535 0.332132
vt 2.800217 0.331474
vt 2.726059 0.330935
vt 2.663992 0.331282
vt 2.585305 0.316867
vt 2.059119 0.347814
vt 2.012801 0.347871
vt 2.105453 0.347632
vt 2.152277 0.347350
vt 2.198746 0.347434
vt 2.244923 0.347312
vt 2.291367 0.347283
vt 2.337268 0.348232
vt 2.383217 0.348140
vt 2.985490 0.333471
vt 2.939173 0.347825
vt 2.885115 0.347296
vt 2.800219 0.345867
vt 2.734267 0.345211
vt 2.663964 0.345639
vt 2.586528 0.331097
vt 2.059121 0.362083
vt 2.012803 0.362136
vt 2.105466 0.361898
vt 2.152323 0.361525
vt 2.198792 0.361603
vt 2.244977 0.361463
vt 2.291428 0.361420
vt 2.337297 0.362451
vt 2.383612 0.362618
vt 2.985491 0.347871
vt 2.918309 0.362089
vt 2.804033 0.359996
vt 2.739717 0.359493
vt 2.663927 0.359871
vt 2.590202 0.345567
vt 2.594485 0.360002
vt 2.059123 0.376104
vt 2.012805 0.376153
vt 2.105478 0.375918
vt 2.152359 0.375478
vt 2.198826 0.375565
vt 2.245015 0.375406
vt 2.291475 0.375351
vt 2.337319 0.376452
vt 2.383620 0.376563
vt 2.985493 0.362136
vt 2.911351 0.376043
vt 2.795542 0.373335
vt 2.663876 0.373864
vt 2.605745 0.373996
vt 2.059125 0.389765
vt 2.012807 0.389808
vt 2.105490 0.389581
vt 2.152387 0.389103
vt 2.198847 0.389199
vt 2.245041 0.389022
vt 2.291509 0.388962
vt 2.337334 0.390093
vt 2.383622 0.390054
vt 2.985495 0.376153
vt 2.985497 0.389947
vt 2.800225 0.387567
vt 2.663700 0.387458
vt 2.617941 0.387560
vt 2.059128 0.403028
vt 2.012810 0.403065
vt 2.105500 0.402847
vt 2.152408 0.402369
vt 2.198859 0.402463
vt 2.292241 0.402446
vt 2.337345 0.403256
vt 2.383617 0.403101
vt 2.896507 0.402395
vt 2.892427 0.389321
vt 2.799691 0.400625
vt 2.662144 0.400738
vt 2.617324 0.400645
vt 2.059132 0.415857
vt 2.012813 0.415886
vt 2.105510 0.415682
vt 2.152424 0.415209
vt 2.198865 0.415272
vt 2.291891 0.415040
vt 2.337352 0.415901
vt 2.383617 0.415710
vt 2.985500 0.403065
vt 2.886586 0.414723
vt 2.724871 0.413083
vt 2.664958 0.413608
vt 2.105520 0.428055
vt 2.012818 0.428035
vt 2.152437 0.427584
vt 2.198867 0.427620
vt 2.291570 0.427212
vt 2.337357 0.428033
vt 2.383663 0.427917
vt 2.985503 0.415886
vt 2.939189 0.428165
vt 2.800237 0.425600
vt 2.800232 0.413376
vt 2.725145 0.425370
vt 2.664198 0.425808
vt 2.105529 0.439939
vt 2.012821 0.439960
vt 2.152447 0.439434
vt 2.198725 0.439357
vt 2.291558 0.438923
vt 2.337397 0.439706
vt 2.383735 0.439662
vt 2.985507 0.428243
vt 2.939193 0.439996
vt 2.879925 0.438948
vt 2.882446 0.427236
vt 2.800241 0.437342
vt 2.723704 0.437164
vt 2.660226 0.437582
vt 2.105537 0.451307
vt 2.012826 0.451396
vt 2.152454 0.450748
vt 2.198859 0.450773
vt 2.291382 0.450155
vt 2.337469 0.450928
vt 2.383818 0.450906
vt 2.985511 0.440107
vt 2.939198 0.451295
vt 2.877113 0.450137
vt 2.800246 0.448577
vt 2.721831 0.448426
vt 2.652740 0.449254
vt 2.105544 0.462135
vt 2.012830 0.462309
vt 2.152456 0.461513
vt 2.198849 0.461535
vt 2.291433 0.460928
vt 2.337556 0.461653
vt 2.383907 0.461616
vt 2.985516 0.451454
vt 2.939203 0.462048
vt 2.873018 0.460823
vt 1.882952 0.055143
vt 1.878799 0.066005
vt 1.806093 0.053552
vt 1.726076 0.064530
vt 1.727677 0.053591
vt 1.658582 0.053962
vt 2.613901 0.460194
vt 1.018622 0.061231
vt 1.111281 0.072766
vt 1.018566 0.072576
vt 1.111336 0.061449
vt 1.158184 0.072990
vt 1.158248 0.061674
vt 1.204565 0.072872
vt 1.297214 0.064140
vt 1.297257 0.075465
vt 1.343342 0.063321
vt 1.343374 0.074573
vt 1.389694 0.063310
vt 1.389729 0.074597
vt 1.991300 0.066591
vt 1.944927 0.077633
vt 1.944982 0.066404
vt 1.873890 0.077203
vt 1.729866 0.075841
vt 1.668773 0.064477
vt 1.668509 0.075884
vt 1.619682 0.065270
vt 1.577129 0.076141
vt 1.531067 0.064502
vt 1.109954 0.084318
vt 1.018510 0.084077
vt 1.158109 0.084733
vt 1.204555 0.084237
vt 1.297233 0.086943
vt 1.343404 0.086277
vt 1.389773 0.086325
vt 1.991244 0.077835
vt 1.944871 0.089296
vt 1.866875 0.088863
vt 1.780214 0.087668
vt 1.713702 0.087662
vt 1.668231 0.087751
vt 1.623011 0.076295
vt 1.622667 0.088119
vt 1.576808 0.087922
vt 1.107312 0.096389
vt 1.018452 0.096154
vt 1.158023 0.096865
vt 1.205110 0.096207
vt 1.297184 0.098998
vt 1.343426 0.098383
vt 1.389837 0.098427
vt 1.991188 0.089512
vt 1.944813 0.101360
vt 1.858413 0.100881
vt 1.780212 0.100078
vt 1.713507 0.099954
vt 1.667942 0.100040
vt 1.622311 0.100360
vt 1.576483 0.100113
vt 1.104819 0.108850
vt 1.018393 0.108596
vt 1.157924 0.109348
vt 1.206926 0.108412
vt 1.297124 0.111397
vt 1.343437 0.110843
vt 1.389906 0.110894
vt 1.991130 0.101589
vt 1.944753 0.113792
vt 1.853321 0.113257
vt 1.805809 0.112812
vt 1.759492 0.112523
vt 1.713322 0.112627
vt 1.667651 0.112712
vt 1.621950 0.112981
vt 1.103522 0.121443
vt 1.018332 0.121371
vt 1.157810 0.122141
vt 1.204146 0.122092
vt 1.250315 0.123080
vt 1.297051 0.124099
vt 1.343434 0.123608
vt 1.389968 0.123713
vt 1.991070 0.114031
vt 1.942547 0.126758
vt 1.805748 0.125795
vt 1.759431 0.125576
vt 1.713162 0.125651
vt 1.667362 0.125729
vt 1.621589 0.125941
vt 1.100990 0.134645
vt 1.018270 0.134448
vt 1.157683 0.135201
vt 1.204010 0.135227
vt 1.250173 0.136099
vt 1.296962 0.137061
vt 1.343418 0.136625
vt 1.390021 0.136851
vt 1.991009 0.126807
vt 1.941822 0.139762
vt 1.852000 0.139439
vt 1.852062 0.126311
vt 1.805686 0.139056
vt 1.759369 0.138901
vt 1.713050 0.138997
vt 1.667088 0.139058
vt 1.621242 0.139200
vt 1.064525 0.148053
vt 1.018207 0.147794
vt 1.110856 0.148184
vt 1.157543 0.148473
vt 1.203863 0.148605
vt 1.250029 0.149343
vt 1.296860 0.150235
vt 1.343389 0.149890
vt 1.390064 0.150270
vt 1.990947 0.139884
vt 1.941740 0.153066
vt 1.851938 0.152759
vt 1.805622 0.152543
vt 1.759305 0.152454
vt 1.712986 0.152561
vt 1.666841 0.152672
vt 1.620918 0.152710
vt 1.064462 0.161634
vt 1.018144 0.161375
vt 1.110781 0.161740
vt 1.157449 0.161482
vt 1.249895 0.162774
vt 1.296744 0.163579
vt 1.343351 0.163402
vt 1.394695 0.163911
vt 1.990885 0.153229
vt 1.941714 0.166607
vt 1.851874 0.166306
vt 1.805558 0.166188
vt 1.759241 0.166183
vt 1.712921 0.166303
vt 1.666644 0.166493
vt 1.620625 0.166434
vt 1.081834 0.175676
vt 1.018080 0.175158
vt 1.157235 0.175675
vt 1.203547 0.175905
vt 1.249773 0.176383
vt 1.296620 0.177120
vt 1.343315 0.177156
vt 1.390118 0.177807
vt 1.436656 0.178565
vt 1.990821 0.166811
vt 1.942129 0.180200
vt 1.851810 0.180052
vt 1.805495 0.179922
vt 1.759177 0.180017
vt 1.712857 0.180158
vt 1.666536 0.180298
vt 1.620381 0.180310
vt 1.018016 0.189108
vt 1.072942 0.189484
vt 1.157078 0.189562
vt 1.203390 0.189819
vt 1.253223 0.190046
vt 1.343298 0.191174
vt 1.390128 0.191846
vt 1.436674 0.192574
vt 1.990757 0.180593
vt 1.941309 0.193966
vt 1.851746 0.193959
vt 1.805430 0.193800
vt 1.759112 0.193882
vt 1.712792 0.194039
vt 1.666472 0.194118
vt 1.620220 0.194237
vt 1.017951 0.203186
vt 1.065866 0.203442
vt 1.156936 0.203599
vt 1.203249 0.203882
vt 1.249591 0.204304
vt 1.296386 0.204787
vt 1.343279 0.205341
vt 1.390104 0.206035
vt 1.436625 0.206747
vt 1.990693 0.194543
vt 1.941238 0.208010
vt 1.851681 0.207989
vt 1.805365 0.207800
vt 1.759047 0.207842
vt 1.712728 0.207996
vt 1.666407 0.208048
vt 1.620158 0.208160
vt 1.064204 0.217615
vt 1.017886 0.217357
vt 1.156640 0.217874
vt 1.203160 0.218083
vt 1.294055 0.219347
vt 1.343248 0.219600
vt 1.390013 0.220367
vt 1.436516 0.221038
vt 1.990628 0.208622
vt 1.941113 0.222147
vt 1.851616 0.222102
vt 1.805300 0.221885
vt 1.758983 0.221880
vt 1.712663 0.222026
vt 1.666342 0.222052
vt 1.620101 0.222147
vt 1.064140 0.231835
vt 1.017822 0.231576
vt 1.155033 0.232189
vt 1.203095 0.232354
vt 1.292922 0.233529
vt 1.343164 0.233949
vt 1.389879 0.234772
vt 1.436365 0.235389
vt 1.990564 0.222792
vt 1.940899 0.236333
vt 1.815430 0.235965
vt 1.758918 0.235955
vt 1.712598 0.236087
vt 1.666278 0.236090
vt 1.620041 0.236166
vt 1.064076 0.246060
vt 1.017758 0.245802
vt 1.153120 0.246496
vt 1.203031 0.246631
vt 1.290839 0.247800
vt 1.343041 0.248332
vt 1.399096 0.249649
vt 1.990499 0.237012
vt 1.940541 0.250524
vt 1.814257 0.250096
vt 1.758854 0.250026
vt 1.712534 0.250138
vt 1.666214 0.250123
vt 1.619980 0.250180
vt 1.064012 0.260244
vt 1.017694 0.259986
vt 1.151145 0.260667
vt 1.202967 0.260863
vt 1.287948 0.262000
vt 1.342895 0.262688
vt 1.395427 0.263672
vt 1.990435 0.251237
vt 1.939978 0.264670
vt 1.813114 0.264177
vt 1.758790 0.264046
vt 1.712470 0.264133
vt 1.666150 0.264112
vt 1.619918 0.264147
vt 1.063950 0.274336
vt 1.017632 0.274078
vt 1.149582 0.274829
vt 1.202904 0.275000
vt 1.286655 0.276176
vt 1.342736 0.276984
vt 1.990372 0.265421
vt 1.939077 0.278724
vt 1.811999 0.278157
vt 1.758727 0.277969
vt 1.712408 0.278026
vt 1.626139 0.278308
vt 1.063888 0.288221
vt 1.017570 0.287963
vt 1.147944 0.288797
vt 1.202843 0.288925
vt 1.288300 0.290197
vt 1.342573 0.291081
vt 1.990309 0.279514
vt 1.937770 0.292609
vt 1.810071 0.292072
vt 1.758666 0.291688
vt 1.712346 0.291706
vt 1.622774 0.291887
vt 1.063829 0.301782
vt 1.017511 0.301524
vt 1.110148 0.301860
vt 1.156466 0.302111
vt 1.202783 0.302521
vt 1.336398 0.305194
vt 1.393573 0.305949
vt 1.990248 0.293398
vt 1.943871 0.306604
vt 1.808056 0.305716
vt 1.758606 0.305097
vt 1.712286 0.305065
vt 1.622189 0.305214
vt 1.063772 0.314914
vt 1.017454 0.314656
vt 1.110091 0.314998
vt 1.156409 0.315262
vt 1.202384 0.315539
vt 1.338292 0.318308
vt 1.388751 0.318906
vt 1.990188 0.306960
vt 1.943814 0.319741
vt 1.806399 0.318581
vt 1.758548 0.318100
vt 1.712229 0.318008
vt 1.622291 0.318177
vt 1.017399 0.327254
vt 1.063717 0.327511
vt 1.110036 0.327601
vt 1.156354 0.327875
vt 1.204057 0.328272
vt 1.339946 0.331043
vt 1.388569 0.331681
vt 1.990077 0.332689
vt 1.990131 0.320092
vt 1.943759 0.332343
vt 1.806402 0.331009
vt 1.712175 0.330445
vt 1.605745 0.330698
vt 1.017348 0.339287
vt 1.063666 0.339544
vt 1.109985 0.339639
vt 1.156303 0.339921
vt 1.206181 0.340435
vt 1.340758 0.343119
vt 1.388400 0.343864
vt 1.990025 0.344723
vt 1.943708 0.344380
vt 1.806738 0.342844
vt 1.758494 0.330576
vt 1.711145 0.342320
vt 1.587791 0.343045
vt 1.017299 0.350727
vt 1.063617 0.350985
vt 1.109936 0.351083
vt 1.156254 0.351371
vt 1.208407 0.351983
vt 1.341159 0.354576
vt 1.388243 0.355421
vt 1.989977 0.356163
vt 1.939445 0.355702
vt 1.810462 0.354117
vt 1.758442 0.342503
vt 1.708163 0.353756
vt 1.580325 0.354582
vt 1.017254 0.361553
vt 1.063572 0.361810
vt 1.109891 0.361912
vt 1.156209 0.362204
vt 1.210813 0.362898
vt 1.341391 0.365410
vt 1.388100 0.366333
vt 1.989932 0.366989
vt 1.939246 0.366541
vt 1.810176 0.364914
vt 1.758394 0.353862
vt 1.704906 0.364628
vt 1.574615 0.365482
vt 1.017212 0.371743
vt 1.063530 0.372000
vt 1.109849 0.372105
vt 1.156167 0.372400
vt 1.213435 0.373137
vt 1.341648 0.375686
vt 1.387969 0.376578
vt 1.989889 0.377178
vt 1.943224 0.376929
vt 1.804624 0.375165
vt 1.758348 0.364652
vt 1.696074 0.374600
vt 1.572879 0.375721
vt 1.017173 0.381281
vt 1.063491 0.381538
vt 1.144242 0.381565
vt 1.217605 0.382788
vt 1.341559 0.385241
vt 1.387848 0.386143
vt 1.989850 0.386716
vt 1.804631 0.384754
vt 1.758307 0.374831
vt 1.696635 0.384411
vt 1.572781 0.385293
vt 1.017137 0.390149
vt 1.063455 0.390406
vt 1.144411 0.390470
vt 1.202409 0.391262
vt 1.250303 0.392005
vt 1.341478 0.394108
vt 1.387735 0.395014
vt 1.989815 0.395584
vt 1.943533 0.386380
vt 1.943497 0.395250
vt 1.804563 0.393554
vt 1.758267 0.384359
vt 1.711913 0.393123
vt 1.657384 0.393212
vt 1.572690 0.394185
vt 1.017105 0.398333
vt 1.063423 0.398591
vt 1.144789 0.398698
vt 1.202376 0.399452
vt 1.248756 0.400072
vt 1.341334 0.402193
vt 1.387629 0.403181
vt 1.989782 0.403768
vt 1.938259 0.403330
vt 1.807985 0.401680
vt 1.758232 0.393224
vt 1.711880 0.401293
vt 1.655183 0.401434
vt 1.572605 0.402384
vt -1.021948 0.108100
vt -0.975639 0.100101
vt -0.975629 0.107970
vt -0.894272 0.100268
vt -0.894458 0.108127
vt -0.836673 0.107922
vt -0.836683 0.100018
vt -0.790302 0.107205
vt -0.790303 0.099255
vt -0.697762 0.105655
vt -0.651423 0.097502
vt -0.651488 0.105576
vt -0.049261 0.105373
vt -0.100795 0.097771
vt -0.049271 0.097502
vt -0.100967 0.105629
vt -0.231071 0.100002
vt -0.231459 0.107885
vt -0.280856 0.100372
vt -0.327166 0.108096
vt -0.327176 0.100202
vt -0.385255 0.107469
vt -0.383873 0.099562
vt -0.466448 0.098657
vt -0.512795 0.098622
vt -1.021936 0.116602
vt -0.975618 0.116472
vt -0.894804 0.116622
vt -0.836662 0.116456
vt -0.790300 0.115783
vt -0.697716 0.114343
vt -0.651553 0.114288
vt -0.049249 0.113875
vt -0.101127 0.114115
vt -0.231692 0.116393
vt -0.280846 0.108243
vt -0.327154 0.116612
vt -0.385954 0.116007
vt -1.021922 0.125710
vt -0.975604 0.125580
vt -0.897002 0.125760
vt -0.836648 0.125591
vt -0.783835 0.125040
vt -0.697763 0.123731
vt -0.651622 0.123602
vt -0.602102 0.123465
vt -0.049236 0.122984
vt -0.101272 0.123203
vt -0.231750 0.125497
vt -0.280835 0.116745
vt -0.327140 0.125721
vt -0.385812 0.125158
vt -1.021907 0.134944
vt -0.896591 0.135503
vt -0.836633 0.135298
vt -0.782546 0.134773
vt -0.697807 0.133597
vt -0.651695 0.133485
vt -0.597234 0.133371
vt -0.049220 0.132674
vt -0.101414 0.132870
vt -0.231574 0.135168
vt -0.280821 0.125853
vt -0.327125 0.135396
vt -0.382995 0.134835
vt -0.466573 0.124214
vt -0.466631 0.133928
vt -1.021890 0.145245
vt -0.898360 0.145716
vt -0.836615 0.145552
vt -0.783330 0.144941
vt -0.697856 0.144006
vt -0.651775 0.143904
vt -0.605677 0.144076
vt -0.049203 0.142923
vt -0.101572 0.143092
vt -0.231088 0.145377
vt -0.280806 0.135544
vt -0.327108 0.145611
vt -0.380069 0.145127
vt -0.466740 0.144211
vt -1.021871 0.156244
vt -0.899759 0.156452
vt -0.836597 0.156321
vt -0.781842 0.155740
vt -0.697912 0.154927
vt -0.651861 0.154933
vt -0.049184 0.153705
vt -0.101800 0.153847
vt -0.230445 0.156096
vt -0.280789 0.145783
vt -0.327116 0.156349
vt -0.377219 0.155896
vt -1.021851 0.167374
vt -0.900427 0.167688
vt -0.836576 0.167574
vt -0.781181 0.167105
vt -0.697974 0.166370
vt -0.651955 0.166586
vt -0.605900 0.166884
vt -0.542377 0.166558
vt -0.049164 0.164998
vt -0.102176 0.165112
vt -0.229791 0.167304
vt -0.280770 0.156508
vt -0.327154 0.167587
vt -0.374960 0.167150
vt -1.021829 0.179228
vt -0.870661 0.179143
vt -0.777630 0.179004
vt -0.663753 0.178649
vt -0.606023 0.179094
vt -0.539488 0.178694
vt -0.049142 0.176776
vt -0.102827 0.176866
vt -0.229200 0.178976
vt -0.280750 0.167707
vt -0.280728 0.179363
vt -0.358442 0.178903
vt -0.467036 0.166345
vt -0.467202 0.178137
vt -1.021805 0.191741
vt -0.877987 0.191548
vt -0.778410 0.191202
vt -0.661543 0.191322
vt -0.606151 0.191781
vt -0.540569 0.191385
vt -0.049118 0.189014
vt -0.104055 0.189091
vt -0.269266 0.191362
vt -0.463287 0.190280
vt -1.021779 0.204411
vt -0.876275 0.204124
vt -0.775887 0.203961
vt -0.658739 0.204491
vt -0.606280 0.204897
vt -0.541530 0.204511
vt -0.049093 0.201684
vt -0.106429 0.201768
vt -0.269511 0.203918
vt -0.360630 0.191238
vt -0.363778 0.203822
vt -0.462522 0.203016
vt -0.887815 0.217172
vt -1.021752 0.217484
vt -0.775429 0.217168
vt -0.656619 0.218032
vt -0.606409 0.218405
vt -0.049066 0.214758
vt -0.111210 0.214903
vt -0.268485 0.216836
vt -0.366999 0.216850
vt -0.465593 0.216262
vt -1.021724 0.230929
vt -0.901716 0.230750
vt -0.778349 0.230809
vt -0.656441 0.231848
vt -0.606532 0.232293
vt -0.049037 0.228203
vt -0.119095 0.228460
vt -0.266572 0.230105
vt -1.021694 0.244712
vt -0.912297 0.244752
vt -0.787099 0.244568
vt -0.652560 0.246037
vt -0.606642 0.246519
vt -0.049008 0.241986
vt -0.129654 0.242292
vt -0.263293 0.243791
vt -0.369743 0.230435
vt -0.390299 0.244047
vt -0.925083 0.258962
vt -1.021663 0.258793
vt -0.785402 0.259164
vt -0.662546 0.260598
vt -0.606737 0.261036
vt -0.048978 0.255555
vt -0.281052 0.257929
vt -0.400197 0.258279
vt -1.021631 0.273130
vt -0.944133 0.273124
vt -0.785769 0.273921
vt -0.667049 0.275208
vt -0.606802 0.275788
vt -0.048945 0.269991
vt -0.233031 0.257427
vt -0.230794 0.271636
vt -0.285360 0.272784
vt -0.421185 0.272803
vt -1.021597 0.287608
vt -0.652617 0.290413
vt -0.560044 0.192463
vt -0.508814 0.205168
vt -0.560515 0.210622
vt -0.509227 0.231799
vt -0.561846 0.246482
vt -0.514649 0.289169
vt -1.021778 0.209924
vt -0.967407 0.192322
vt -0.899771 0.204506
vt -0.836545 0.192207
vt -0.789776 0.208619
vt -0.790237 0.191884
vt -0.743387 0.210325
vt -0.698105 0.191790
vt -0.655185 0.206364
vt -0.652148 0.192299
vt -0.606465 0.209873
vt -0.606145 0.192604
vt -0.049095 0.206031
vt -0.095450 0.189897
vt -0.049132 0.189741
vt -0.107053 0.202014
vt -0.141767 0.190464
vt -0.188084 0.191183
vt -0.228039 0.208141
vt -0.234401 0.191825
vt -0.280766 0.192187
vt -0.280766 0.204540
vt -0.327376 0.192198
vt -0.379918 0.208315
vt -0.373980 0.191911
vt -0.420774 0.191339
vt -0.467514 0.191186
vt -0.513870 0.191865
vt -0.911664 0.219433
vt -0.652984 0.228811
vt -0.115805 0.219413
vt -0.283916 0.222905
vt -1.021709 0.239816
vt -0.922520 0.243264
vt -0.789235 0.234122
vt -0.733635 0.235197
vt -0.608128 0.242425
vt -0.049015 0.240279
vt -0.243321 0.243651
vt -0.402818 0.237597
vt -0.283113 0.248597
vt -0.790142 0.288760
vt -0.743622 0.289183
vt -0.327602 0.287670
vt -0.882648 0.288642
vt -0.836316 0.288855
vt -0.421237 0.287706
vt -1.021597 0.287610
vt -0.975279 0.287517
vt -0.928960 0.288019
vt -0.141548 0.285143
vt -0.234183 0.286131
vt -0.280751 0.287030
vt 0.319851 0.776730
vt 0.436101 0.787584
vt 0.434565 0.799916
vt 0.318262 0.786943
vt 0.314909 0.740777
vt 0.420682 0.690732
vt 0.425037 0.701999
vt 0.313094 0.736082
vt 0.311006 0.731518
vt 0.308653 0.727095
vt 0.397057 0.649292
vt 0.403852 0.659066
vt 0.303189 0.718714
vt 0.300097 0.714781
vt 0.293823 0.829980
vt 0.374068 0.914789
vt 0.290089 0.833310
vt 0.286166 0.836416
vt 0.355883 0.930071
vt 0.282065 0.839285
vt 0.346113 0.936905
vt 0.277796 0.841909
vt 0.335918 0.943169
vt 0.268798 0.846380
vt 0.314347 0.953883
vt 0.258662 0.687714
vt 0.253682 0.686454
vt 0.278833 0.572480
vt 0.248569 0.685493
vt 0.254190 0.568593
vt 0.227954 0.852640
vt 0.217100 0.968890
vt 0.222790 0.851999
vt 0.217742 0.851051
vt 0.192653 0.965079
vt 0.168637 0.579074
vt 0.207415 0.689201
vt 0.202719 0.691016
vt 0.198156 0.693104
vt 0.135877 0.594044
vt 0.146441 0.588427
vt 0.193732 0.695457
vt 0.125700 0.600258
vt 0.189460 0.698066
vt 0.185352 0.700921
vt 0.106601 0.614380
vt 0.181419 0.704013
vt 0.174704 0.826612
vt 0.171374 0.822879
vt 0.168268 0.818956
vt 0.081993 0.897998
vt 0.074613 0.888672
vt 0.165399 0.814854
vt 0.067779 0.878902
vt 0.162775 0.810585
vt 0.055847 0.858111
vt 0.158304 0.801587
vt 0.050801 0.847136
vt 0.042103 0.713319
vt 0.154351 0.745448
vt 0.039079 0.725269
vt 0.153091 0.750428
vt 0.036779 0.737481
vt 0.152130 0.755541
vt 0.152044 0.760743
vt 0.035021 0.762400
vt 0.035794 0.749888
vt 0.034448 0.762485
vt 0.152685 0.755580
vt 0.153633 0.750531
vt 0.039605 0.725442
vt 0.155838 0.796696
vt 0.050066 0.846741
vt 0.045711 0.835474
vt 0.159741 0.805954
vt 0.060682 0.868234
vt 0.162094 0.810378
vt 0.066895 0.878410
vt 0.164703 0.814650
vt 0.167558 0.818759
vt 0.170650 0.822692
vt 0.178072 0.707493
vt 0.089456 0.631086
vt 0.097828 0.622684
vt 0.081017 0.897509
vt 0.181805 0.704163
vt 0.185728 0.701057
vt 0.116012 0.607402
vt 0.189830 0.698188
vt 0.125782 0.600568
vt 0.194098 0.695565
vt 0.198524 0.693197
vt 0.157548 0.583590
vt 0.179956 0.962007
vt 0.212085 0.849759
vt 0.191907 0.965032
vt 0.217065 0.851019
vt 0.204119 0.967331
vt 0.222179 0.851980
vt 0.216558 0.968880
vt 0.243941 0.684834
vt 0.242285 0.567810
vt 0.249104 0.685474
vt 0.267127 0.570119
vt 0.254153 0.686422
vt 0.302111 0.958399
vt 0.263333 0.848272
vt 0.313378 0.954045
vt 0.268028 0.846457
vt 0.324307 0.949046
vt 0.272591 0.844369
vt 0.334871 0.943428
vt 0.277015 0.842016
vt 0.345048 0.937215
vt 0.285396 0.836552
vt 0.364147 0.923093
vt 0.289329 0.833460
vt 0.297191 0.710861
vt 0.381692 0.630222
vt 0.300521 0.714594
vt 0.389660 0.639126
vt 0.397205 0.648638
vt 0.306496 0.722619
vt 0.403954 0.658268
vt 0.309119 0.726887
vt 0.311487 0.731313
vt 0.416048 0.679363
vt 0.313590 0.735886
vt 0.421094 0.690337
vt 0.428645 0.824154
vt 0.316397 0.792026
vt 0.431669 0.812204
vt 0.317657 0.787046
vt 0.433947 0.800435
vt 0.318617 0.781932
vt 0.512218 0.605026
vt 0.997525 0.957560
vt 0.997647 0.919502
vt 0.767025 0.701847
vt 0.689721 0.698189
vt 0.706970 0.698171
vt 0.682445 0.676318
vt 0.724041 0.698165
vt 0.716560 0.693075
vt 0.689026 0.642712
vt 0.700764 0.693066
vt 0.764206 0.695629
vt 0.765097 0.698188
vt 0.678646 0.621107
vt 0.757327 0.692832
vt 0.742025 0.695602
vt 0.562350 0.693523
vt 0.719757 0.695598
vt 0.698309 0.692824
vt 0.689721 0.695625
vt 0.694157 0.700481
vt 0.694174 0.694411
vt 0.997380 0.772976
vt 0.705891 0.694402
vt 0.997362 0.723664
vt 0.751723 0.694403
vt 0.482296 0.704399
vt 0.592409 0.671450
vt 0.997381 0.702069
vt 0.689721 0.701849
vt 0.696415 0.701832
vt 0.600624 0.683799
vt 0.248673 0.207414
vt -0.325311 0.465416
vt -0.420438 0.465701
vt 0.017105 0.219810
vt 0.897827 0.526040
vt 0.669301 0.526162
vt 2.198098 0.163167
vt 2.985520 0.462260
vt 0.729516 0.686148
vt 0.696633 0.691630
vt 0.689721 0.686148
vt 1.204642 0.061556
vt 1.758199 0.401408
vt -1.021958 0.100229
vt -0.697721 0.097620
vt -1.021819 0.192468
vt -0.882863 0.192285
vt -0.744150 0.191556
vt -0.374282 0.287815
vt -0.468059 0.288348
vt -0.048911 0.284884
vt -0.187865 0.285451
s 1
f 2164/1/1 770/2/2 771/3/3
f 771/3/3 780/4/4 781/5/5
f 781/5/5 790/6/6 791/7/7
f 791/7/7 801/8/8 802/9/9
f 802/9/9 812/10/10 813/11/11
f 813/11/11 823/12/12 824/13/13
f 836/14/14 823/12/12 835/15/15
f 848/16/16 835/15/15 847/17/17
f 861/18/18 847/17/17 860/19/19
f 874/20/20 860/19/19 873/21/21
f 888/22/22 873/21/21 887/23/23
f 902/24/24 887/23/23 901/25/25
f 915/26/26 901/25/25 914/27/27
f 941/28/28 927/29/29 940/30/30
f 955/31/31 940/30/30 954/32/32
f 968/33/33 954/32/32 967/34/34
f 982/35/35 967/34/34 981/36/36
f 996/37/37 981/36/36 995/38/38
f 1009/39/39 995/38/38 1008/40/40
f 1022/41/41 1008/40/40 1021/42/42
f 1036/43/43 1021/42/42 1035/44/44
f 1051/45/45 1035/44/44 1050/46/46
f 1067/47/47 1050/46/46 1066/48/48
f 1112/49/49 1098/50/50 1111/51/51
f 1125/52/52 1111/51/51 1124/53/53
f 1138/54/54 1124/53/53 1137/55/55
f 1152/56/56 1137/55/55 1151/57/57
f 1166/58/58 1151/57/57 1165/59/59
f 1181/60/60 1165/59/59 1180/61/61
f 1197/62/62 1180/61/61 1196/63/63
f 1213/64/64 1196/63/63 1212/65/65
f 1330/66/66 1317/67/67 1329/68/68
f 1342/69/69 1329/68/68 1341/70/70
f 1355/71/71 1341/70/70 1354/72/72
f 1369/73/73 1354/72/72 1368/74/74
f 1384/75/75 1368/74/74 1383/76/76
f 1411/77/77 1396/78/78 1410/79/79
f 1426/80/80 1410/79/79 1425/81/81
f 1441/82/82 1425/81/81 1440/83/83
f 1441/82/82 1455/84/84 1456/85/85
f 1456/85/85 1470/86/86 1471/87/87
f 1471/87/87 1485/88/88 1486/89/89
f 1486/89/89 1499/90/90 1500/91/91
f 1500/91/91 1513/92/92 1514/93/93
f 1514/93/93 1527/94/94 1528/95/95
f 1528/95/95 1540/96/96 1541/97/97
f 1541/97/97 1554/98/98 1555/99/99
f 1555/99/99 1568/100/100 1569/101/101
f 1569/101/101 1582/102/102 1583/103/103
f 1583/103/103 1596/104/104 1597/105/105
f 1597/106/105 1611/107/106 1612/108/107
f 1612/108/107 1627/109/108 1628/110/109
f 1628/110/109 1642/111/110 1643/112/111
f 1643/112/111 1657/113/112 1658/114/113
f 1658/114/113 1672/115/114 1673/116/115
f 1673/116/115 1688/117/116 1689/118/117
f 1689/118/117 1704/119/118 1705/120/119
f 1705/120/119 1721/121/120 1722/122/121
f 1722/122/121 1737/123/122 1738/124/123
f 1755/125/124 1737/123/122 1754/126/125
f 1771/127/126 1754/126/125 1770/128/127
f 1788/129/128 1770/128/127 1787/130/129
f 1788/129/128 1802/131/130 1803/132/131
f 1803/132/131 1817/133/132 1818/134/133
f 1818/134/133 1831/135/134 1832/136/135
f 1832/136/135 1844/137/136 1845/138/137
f 1845/138/137 1856/139/138 1857/140/139
f 1868/141/140 1880/142/141 1881/143/142
f 1881/143/142 1893/144/143 1894/145/144
f 1894/145/144 1906/146/145 1907/147/146
f 1907/147/146 1919/148/147 1920/149/148
f 1920/149/148 1932/150/149 1933/151/150
f 1933/151/150 1945/152/151 1946/153/152
f 1946/153/152 1958/154/153 1959/155/154
f 1959/155/154 1971/156/155 1972/157/156
f 1972/157/156 1985/158/157 1986/159/158
f 1986/160/158 1998/161/159 1999/162/160
f 1999/162/160 2011/163/161 2012/164/162
f 2051/165/163 2064/166/164 2065/167/165
f 2119/168/166 2127/169/167 2128/170/168
f 2128/170/168 2136/171/169 2137/172/170
f 2137/172/170 2145/173/171 2146/174/172
f 2146/174/172 2154/175/173 2155/176/174
f 2155/176/174 2163/177/175 2164/1/1
f 77/178/176 389/179/176 53/180/176
f 59/181/176 86/182/176 393/183/176
f 96/184/176 381/185/176 224/186/176
f 399/187/176 381/185/176 95/188/176
f 226/189/177 398/190/177 383/191/177
f 383/191/177 398/190/177 382/192/177
f 97/193/177 382/192/177 398/190/177
f 100/194/177 382/192/177 225/195/177
f 227/196/176 381/185/176 384/197/176
f 228/198/177 382/192/177 100/194/177
f 229/199/177 382/192/177 103/200/177
f 102/201/177 382/192/177 228/198/177
f 230/202/176 384/197/176 105/203/176
f 104/204/176 384/197/176 403/205/176
f 231/206/177 382/192/177 102/201/177
f 105/203/176 384/197/176 232/207/176
f 404/208/176 384/197/176 104/204/176
f 232/207/176 384/197/176 108/209/176
f 358/210/176 384/197/176 404/208/176
f 110/211/177 382/192/177 385/212/177
f 108/209/176 384/197/176 234/213/176
f 31/214/176 384/197/176 358/210/176
f 234/213/176 384/197/176 111/215/176
f 43/216/176 384/197/176 31/214/176
f 111/215/176 384/197/176 236/217/176
f 73/218/176 384/197/176 43/216/176
f 236/217/176 384/197/176 114/219/176
f 12/220/176 384/197/176 73/218/176
f 385/212/177 382/192/177 386/221/177
f 112/222/177 386/221/177 382/192/177
f 116/223/177 385/212/177 386/221/177
f 114/219/176 384/197/176 239/224/176
f 405/225/176 384/197/176 12/220/176
f 241/226/177 386/221/177 13/227/177
f 118/228/177 386/221/177 240/229/177
f 32/230/176 406/231/176 384/197/176
f 13/227/177 386/221/177 244/232/177
f 243/233/177 386/221/177 118/228/177
f 244/232/177 386/221/177 14/234/177
f 120/235/177 386/221/177 243/233/177
f 14/234/177 386/221/177 247/236/177
f 246/237/177 386/221/177 120/235/177
f 247/236/177 386/221/177 16/238/177
f 122/239/177 386/221/177 246/237/177
f 248/240/176 384/197/176 77/178/176
f 16/238/177 386/221/177 34/241/177
f 249/242/177 386/221/177 122/239/177
f 34/241/177 386/221/177 125/243/177
f 124/244/177 386/221/177 249/242/177
f 250/245/176 77/178/176 126/246/176
f 45/247/176 406/231/176 74/248/178
f 125/243/177 386/221/177 252/249/177
f 251/250/177 386/221/177 124/244/177
f 126/246/176 77/178/176 253/251/176
f 35/252/176 406/231/176 45/247/176
f 253/251/176 77/178/176 128/253/176
f 46/254/176 406/231/176 35/252/176
f 130/255/177 386/221/177 387/256/177
f 128/253/176 77/178/176 255/257/176
f 7/258/176 77/178/176 46/254/176
f 132/259/177 386/221/177 256/260/177
f 131/261/176 77/178/176 257/262/176
f 76/263/178 77/178/176 47/264/176
f 387/256/177 386/221/177 388/265/177
f 36/266/177 387/256/177 17/267/177
f 134/268/177 386/221/177 258/269/177
f 17/267/177 388/265/177 261/270/177
f 260/271/177 386/221/177 134/268/177
f 261/270/177 388/265/177 361/272/177
f 136/273/177 386/221/177 260/271/177
f 262/274/176 77/178/176 137/275/176
f 50/276/176 77/178/176 78/277/179
f 361/272/177 388/265/177 400/278/177
f 263/279/177 388/265/177 136/273/177
f 137/275/176 53/180/176 264/280/176
f 79/281/176 77/178/176 50/276/176
f 264/280/176 53/180/176 140/282/176
f 140/282/176 53/180/176 266/283/176
f 266/283/176 53/180/176 142/284/176
f 51/285/176 389/179/176 80/286/180
f 142/284/176 53/180/176 269/287/176
f 8/288/176 389/179/176 51/285/176
f 269/287/176 53/180/176 144/289/176
f 52/290/176 53/180/176 8/288/176
f 372/291/177 388/265/177 391/292/177
f 144/289/176 53/180/176 271/293/176
f 81/294/176 53/180/176 52/290/176
f 273/295/181 391/292/177 363/296/182
f 147/297/177 388/265/177 272/298/177
f 275/299/177 388/265/177 147/297/177
f 149/300/177 388/265/177 275/299/177
f 364/301/177 391/292/177 374/302/177
f 277/303/177 390/304/177 149/300/177
f 374/302/177 391/292/177 365/305/177
f 151/306/177 390/304/177 277/303/177
f 278/307/176 53/180/176 59/181/176
f 55/308/176 11/309/176 53/180/176
f 365/305/177 390/304/177 375/310/177
f 279/311/177 390/304/177 151/306/177
f 375/310/177 390/304/177 366/312/177
f 153/313/177 390/304/177 279/311/177
f 280/314/176 59/181/176 154/315/176
f 366/312/177 390/304/177 376/316/177
f 281/317/177 390/304/177 153/313/177
f 154/315/176 59/181/176 282/318/176
f 82/319/176 11/309/176 57/320/183
f 282/318/176 59/181/176 156/321/176
f 58/322/176 59/181/176 82/319/176
f 156/321/176 59/181/176 284/323/176
f 83/324/176 59/181/176 58/322/176
f 160/325/177 390/304/177 285/326/177
f 159/327/176 59/181/176 286/328/176
f 288/329/177 390/304/177 392/330/177
f 163/331/177 390/304/177 287/332/177
f 85/333/176 86/182/176 59/181/176
f 290/334/177 390/304/177 163/331/177
f 291/335/184 394/336/177 61/337/185
f 392/330/177 390/304/177 394/336/177
f 165/338/177 390/304/177 290/334/177
f 292/339/176 59/181/176 166/340/176
f 293/341/177 390/304/177 165/338/177
f 166/340/176 59/181/176 294/342/176
f 1576/343/186 86/182/176 1562/344/187
f 294/342/176 393/183/176 169/345/176
f 1590/346/176 86/182/176 1576/343/186
f 394/336/177 390/304/177 395/347/177
f 2/348/177 394/336/177 395/347/177
f 295/349/177 395/347/177 390/304/177
f 169/345/176 393/183/176 296/350/176
f 1604/351/188 393/183/176 1590/346/176
f 296/350/176 393/183/176 171/352/176
f 1619/353/176 393/183/176 1604/351/188
f 171/352/176 393/183/176 299/354/176
f 88/355/176 393/183/176 1619/353/176
f 299/354/176 393/183/176 173/356/176
f 173/356/176 393/183/176 301/357/176
f 303/358/177 395/347/177 19/359/177
f 177/360/177 395/347/177 302/361/177
f 90/362/176 368/363/176 393/183/176
f 19/359/177 395/347/177 306/364/177
f 305/365/177 395/347/177 177/360/177
f 306/364/177 396/366/177 180/367/177
f 179/368/177 395/347/177 305/365/177
f 180/367/177 396/366/177 309/369/177
f 308/370/177 396/366/177 179/368/177
f 309/369/177 396/366/177 20/371/177
f 182/372/177 396/366/177 308/370/177
f 183/373/176 393/183/176 68/374/176
f 377/375/176 68/374/176 368/363/176
f 20/371/177 396/366/177 312/376/177
f 311/377/177 396/366/177 182/372/177
f 312/376/177 396/366/177 185/378/177
f 184/379/177 396/366/177 311/377/177
f 313/380/176 68/374/176 186/381/176
f 66/382/176 68/374/176 378/383/176
f 185/378/177 396/366/177 315/384/177
f 314/385/177 396/366/177 184/379/177
f 186/381/176 68/374/176 316/386/176
f 92/387/176 68/374/176 66/382/176
f 316/386/176 68/374/176 188/388/176
f 67/389/176 68/374/176 92/387/176
f 188/388/176 68/374/176 318/390/176
f 38/391/189 68/374/176 67/389/176
f 192/392/177 396/366/177 319/393/177
f 191/394/176 68/374/176 321/395/176
f 323/396/177 396/366/177 22/397/177
f 194/398/177 396/366/177 322/399/177
f 69/400/176 195/401/176 68/374/176
f 22/397/177 396/366/177 326/402/182
f 325/403/177 396/366/177 194/398/177
f 326/402/182 396/366/177 198/404/177
f 197/405/177 396/366/177 325/403/177
f 327/406/176 68/374/176 199/407/176
f 70/408/178 195/401/176 5/409/179
f 198/404/177 396/366/177 329/410/177
f 328/411/177 396/366/177 197/405/177
f 199/407/176 68/374/176 330/412/176
f 379/413/176 195/401/176 70/408/178
f 330/412/176 397/414/176 202/415/176
f 71/416/176 397/414/176 379/413/176
f 202/415/176 397/414/176 334/417/176
f 333/418/178 397/414/176 71/416/176
f 334/417/176 397/414/176 204/419/176
f 369/420/176 397/414/176 333/418/178
f 204/419/176 397/414/176 337/421/176
f 337/421/176 397/414/176 208/422/176
f 339/423/177 396/366/177 398/190/177
f 205/424/177 398/190/177 396/366/177
f 208/422/176 397/414/176 340/425/176
f 407/426/190 397/414/176 207/427/176
f 39/428/177 398/190/177 25/429/177
f 211/430/177 398/190/177 341/431/177
f 212/432/176 397/414/176 381/185/176
f 25/429/177 398/190/177 40/433/177
f 343/434/177 398/190/177 211/430/177
f 40/433/177 398/190/177 26/435/177
f 213/436/177 398/190/177 343/434/177
f 26/435/177 398/190/177 346/437/177
f 345/438/177 398/190/177 213/436/177
f 346/437/177 398/190/177 27/439/177
f 215/440/177 398/190/177 345/438/177
f 2096/441/176 381/185/176 397/414/176
f 348/442/177 398/190/177 215/440/177
f 217/443/177 398/190/177 348/442/177
f 350/444/176 381/185/176 219/445/176
f 218/446/178 381/185/176 349/447/176
f 28/448/177 398/190/177 42/449/177
f 351/450/177 398/190/177 217/443/177
f 219/445/176 381/185/176 352/451/176
f 352/451/176 381/185/176 222/452/176
f 222/452/176 381/185/176 355/453/176
f 380/454/176 381/185/176 370/455/176
f 401/456/177 398/190/177 98/457/177
f 97/193/177 398/190/177 356/458/177
f 539/459/176 409/460/176 408/461/176
f 540/462/191 410/463/192 409/464/193
f 410/465/177 413/466/177 411/467/177
f 664/468/194 411/469/195 413/470/196
f 728/471/197 539/472/198 408/473/199
f 541/474/176 542/475/176 539/459/176
f 414/476/200 415/477/201 542/478/202
f 412/479/177 416/480/177 413/466/177
f 663/481/203 413/470/196 416/482/204
f 727/483/205 541/484/206 539/472/198
f 543/485/176 414/486/176 541/474/176
f 417/487/207 415/477/201 414/476/200
f 415/488/177 419/489/177 416/480/177
f 662/490/208 416/482/204 419/491/209
f 726/492/210 543/493/211 541/484/206
f 543/485/176 545/494/176 417/495/176
f 544/496/176 547/497/176 545/494/176
f 545/498/212 418/499/213 417/487/207
f 547/500/214 420/501/215 545/498/212
f 420/502/177 419/489/177 418/503/177
f 661/504/216 419/491/209 421/505/217
f 725/506/218 544/507/219 543/493/211
f 546/508/176 549/509/176 547/497/176
f 549/510/220 422/511/221 547/500/214
f 422/512/177 421/513/177 420/502/177
f 660/514/222 421/505/217 423/515/223
f 724/516/224 546/517/225 544/507/219
f 548/518/176 550/519/176 549/509/176
f 550/520/226 425/521/227 549/510/220
f 425/522/177 423/523/177 422/512/177
f 659/524/228 423/515/223 426/525/229
f 548/526/230 722/527/231 424/528/232
f 723/529/233 548/526/230 546/517/225
f 427/530/176 550/519/176 424/531/176
f 552/532/234 428/533/235 550/520/226
f 428/534/177 426/535/177 425/522/177
f 658/536/236 426/525/229 429/537/237
f 721/538/238 427/539/239 424/528/232
f 551/540/176 552/541/176 427/530/176
f 554/542/240 430/543/241 552/544/234
f 428/534/177 431/545/177 429/546/177
f 657/547/242 429/537/237 431/548/243
f 720/549/244 551/550/245 427/539/239
f 553/551/176 554/552/176 551/540/176
f 557/553/246 432/554/247 554/542/240
f 430/555/177 555/556/177 431/545/177
f 432/557/177 559/558/177 555/556/177
f 656/559/248 431/560/243 555/561/249
f 655/562/250 555/561/249 559/563/251
f 719/564/252 553/565/253 551/566/245
f 556/567/176 557/568/176 553/551/176
f 561/569/254 558/570/255 557/553/246
f 558/571/177 433/572/177 559/558/177
f 433/573/256 655/562/250 559/563/251
f 718/574/257 556/575/258 553/565/253
f 560/576/259 561/577/260 556/567/176
f 560/576/259 564/578/261 561/577/260
f 564/579/262 562/580/263 561/569/254
f 562/581/177 434/582/177 433/572/177
f 565/583/177 434/582/177 562/581/177
f 434/584/264 654/585/265 433/573/256
f 717/586/266 560/587/267 556/575/258
f 563/588/176 568/589/176 564/578/261
f 568/590/268 565/591/269 564/579/262
f 569/592/177 566/593/177 565/583/177
f 566/594/270 653/595/271 434/584/264
f 652/596/272 566/594/270 435/597/273
f 560/587/267 715/598/274 563/599/275
f 567/600/176 437/601/176 568/589/176
f 437/602/276 569/603/277 568/590/268
f 438/604/177 439/605/177 569/592/177
f 652/596/272 435/597/273 439/606/278
f 567/607/279 713/608/280 436/609/281
f 714/610/282 567/607/279 563/599/275
f 440/611/176 441/612/176 436/613/176
f 441/614/283 438/615/284 437/602/276
f 438/604/177 570/616/177 439/605/177
f 442/617/177 443/618/177 570/616/177
f 570/619/285 651/620/286 439/606/278
f 650/621/287 570/619/285 443/622/288
f 436/609/281 711/623/289 440/624/290
f 444/625/291 445/626/292 440/611/176
f 445/627/293 442/628/294 441/614/283
f 442/617/177 447/629/177 443/618/177
f 649/630/295 443/622/288 447/631/296
f 710/632/297 444/633/298 440/624/290
f 449/634/299 446/635/300 445/627/293
f 446/636/177 451/637/301 447/629/177
f 451/638/302 648/639/303 447/631/296
f 709/640/304 448/641/305 444/633/298
f 448/642/176 572/643/176 449/644/179
f 571/645/176 574/646/292 572/643/176
f 572/647/306 450/648/307 449/634/299
f 574/649/308 452/650/309 572/647/306
f 452/651/177 451/637/301 450/652/310
f 646/653/311 451/638/302 453/654/312
f 448/641/305 708/655/313 571/656/314
f 573/657/291 577/658/315 574/646/292
f 577/659/316 454/660/317 574/649/308
f 454/661/318 453/662/177 452/651/177
f 575/663/319 646/653/311 453/654/312
f 645/664/320 575/663/319 578/665/321
f 707/666/322 573/667/323 571/656/314
f 576/668/324 580/669/325 577/658/315
f 580/670/326 455/671/327 577/659/316
f 455/672/181 578/673/328 454/661/318
f 703/674/329 578/665/321 456/675/330
f 706/676/331 576/677/332 573/667/323
f 457/678/176 580/669/325 579/679/179
f 581/680/333 458/681/334 580/670/326
f 458/682/177 456/683/181 455/672/181
f 703/674/329 456/675/330 459/684/335
f 579/685/336 704/686/337 457/687/338
f 705/688/339 579/685/336 576/677/332
f 460/689/340 581/690/176 457/678/176
f 461/691/341 462/692/342 581/680/333
f 458/682/177 463/693/182 459/694/177
f 702/695/343 459/684/335 463/696/344
f 765/697/345 460/698/346 457/699/338
f 582/700/347 461/701/188 460/689/340
f 461/702/341 583/703/348 462/704/342
f 462/705/182 465/706/185 463/693/182
f 701/707/349 463/708/344 465/709/350
f 765/697/345 582/710/351 460/698/346
f 584/711/176 464/712/347 582/700/347
f 466/713/176 467/714/176 584/711/176
f 467/715/352 585/716/353 464/717/354
f 585/718/177 468/719/177 465/706/185
f 700/720/355 465/709/350 468/721/356
f 584/722/357 762/723/358 466/724/359
f 763/725/360 584/722/357 582/710/351
f 470/726/361 586/727/362 467/715/352
f 586/728/177 587/729/177 468/719/177
f 589/730/363 587/729/177 586/728/177
f 587/731/364 699/732/365 468/721/356
f 590/733/366 698/734/367 587/731/364
f 761/735/368 469/736/369 466/724/359
f 469/737/176 471/738/176 470/739/176
f 471/740/370 589/741/371 470/726/361
f 471/740/370 472/742/372 589/741/371
f 472/743/318 590/744/363 589/730/363
f 696/745/373 590/733/366 592/746/374
f 761/735/368 588/747/375 469/736/369
f 588/748/176 474/749/176 471/738/176
f 474/750/376 472/742/372 471/740/370
f 475/751/177 592/752/177 472/743/318
f 695/753/377 592/746/374 594/754/378
f 759/755/379 473/756/380 591/757/381
f 760/758/382 591/757/381 588/747/375
f 593/759/176 474/749/176 473/760/176
f 476/761/383 475/762/384 474/750/376
f 477/763/177 478/764/177 594/765/177
f 478/766/385 694/767/386 594/754/378
f 473/756/380 758/768/387 593/769/388
f 595/770/176 476/771/176 593/759/176
f 479/772/389 477/773/390 476/761/383
f 477/763/177 481/774/177 478/764/177
f 693/775/391 478/766/385 481/776/392
f 757/777/393 595/778/394 593/769/388
f 596/779/176 479/780/176 595/770/176
f 482/781/395 480/782/396 479/772/389
f 480/783/177 484/784/177 481/774/177
f 691/785/397 481/776/392 484/786/398
f 756/787/399 596/788/400 595/778/394
f 596/779/176 598/789/176 482/790/176
f 597/791/176 600/792/176 598/789/176
f 598/793/401 483/794/402 482/781/395
f 600/795/403 485/796/404 598/793/401
f 485/797/177 484/784/177 483/798/177
f 690/799/405 484/786/398 486/800/406
f 755/801/407 597/802/408 596/788/400
f 599/803/176 602/804/409 600/792/176
f 602/805/410 487/806/411 600/795/403
f 487/807/177 486/808/177 485/797/177
f 689/809/412 486/800/406 488/810/413
f 754/811/414 599/812/415 597/802/408
f 601/813/416 604/814/417 602/804/409
f 604/815/418 489/816/419 602/805/410
f 489/817/177 488/818/177 487/807/177
f 688/819/420 488/810/413 490/820/421
f 753/821/422 601/822/423 599/812/415
f 491/823/176 604/814/417 603/824/176
f 606/825/424 492/826/425 604/815/418
f 492/827/177 490/828/177 489/817/177
f 492/827/177 607/829/177 605/830/177
f 687/831/426 490/820/421 605/832/427
f 687/831/426 605/832/427 607/833/428
f 603/834/429 750/835/430 491/836/431
f 751/837/432 603/834/429 601/822/423
f 493/838/186 606/839/176 491/823/176
f 608/840/433 494/841/434 606/825/424
f 494/842/181 609/843/435 607/829/177
f 609/844/436 686/845/437 607/846/428
f 750/847/430 493/848/438 491/849/431
f 495/850/176 608/851/439 493/838/186
f 610/852/440 496/853/441 608/854/433
f 496/855/435 612/856/177 609/843/435
f 684/857/442 609/844/436 612/858/443
f 493/848/438 748/859/444 495/860/445
f 497/861/176 610/862/176 495/850/176
f 614/863/446 611/864/447 610/852/440
f 611/865/177 498/866/177 612/856/177
f 498/867/448 683/868/449 612/858/443
f 747/869/450 497/870/451 495/860/445
f 613/871/176 614/872/176 497/861/176
f 613/871/176 617/873/176 614/872/176
f 617/874/452 615/875/453 614/863/446
f 615/876/177 499/877/177 498/866/177
f 618/878/177 499/877/177 615/876/177
f 682/879/454 498/867/448 499/880/455
f 747/869/450 613/881/456 497/870/451
f 616/882/176 619/883/176 617/873/176
f 619/884/457 618/885/458 617/874/452
f 620/886/177 501/887/177 618/878/177
f 681/888/459 499/880/455 501/889/460
f 616/890/461 744/891/462 500/892/463
f 745/893/464 616/890/461 613/881/456
f 500/894/176 503/895/176 619/883/176
f 503/896/465 620/897/466 619/884/457
f 504/898/177 621/899/177 620/886/177
f 621/900/467 680/901/468 501/889/460
f 679/902/469 621/900/467 505/903/470
f 743/904/471 502/905/472 500/892/463
f 506/906/176 507/907/176 502/908/176
f 507/909/473 504/910/474 503/896/465
f 504/898/177 509/911/177 505/912/177
f 678/913/475 505/903/470 509/914/476
f 742/915/477 506/916/478 502/905/472
f 622/917/176 507/907/176 506/906/176
f 510/918/176 511/919/176 622/917/176
f 511/920/479 508/921/480 507/909/473
f 508/922/177 513/923/177 509/911/177
f 677/924/481 509/914/476 513/925/482
f 622/926/483 740/927/484 510/928/485
f 506/916/478 741/929/486 622/926/483
f 515/930/487 512/931/488 511/920/479
f 512/932/177 517/933/177 513/923/177
f 676/934/489 513/925/482 517/935/490
f 740/927/484 514/936/491 510/928/485
f 514/937/492 519/938/178 515/939/492
f 519/940/493 516/941/494 515/930/487
f 623/942/177 517/933/177 516/943/177
f 624/944/177 520/945/177 623/942/177
f 675/946/495 517/935/490 520/947/496
f 739/948/497 518/949/498 514/936/491
f 518/950/176 522/951/499 519/938/178
f 522/952/500 624/953/501 519/940/493
f 625/954/177 523/955/177 624/944/177
f 674/956/502 520/947/496 523/957/503
f 738/958/504 521/959/505 518/949/498
f 521/960/506 525/961/189 522/951/499
f 525/962/507 625/963/508 522/952/500
f 628/964/177 526/965/177 625/954/177
f 673/966/509 523/957/503 526/967/510
f 736/968/511 524/969/512 521/959/505
f 524/970/176 627/971/176 525/961/189
f 627/972/513 628/973/514 525/962/507
f 627/972/513 527/974/515 628/973/514
f 628/964/177 632/975/177 629/976/177
f 672/977/516 526/967/510 629/978/517
f 671/979/518 629/978/517 632/980/519
f 524/969/512 735/981/520 626/982/521
f 630/983/176 631/984/176 626/985/176
f 528/986/176 631/984/176 630/983/176
f 633/987/522 529/988/523 631/989/524
f 529/990/177 530/991/525 632/975/177
f 530/992/526 671/979/518 632/980/519
f 734/993/527 528/994/528 630/995/529
f 734/996/527 630/997/529 626/982/521
f 531/998/176 633/999/176 528/986/176
f 634/1000/530 532/1001/531 633/987/522
f 529/990/177 533/1002/532 530/991/525
f 533/1003/533 670/1004/534 530/1005/526
f 733/1006/535 531/1007/536 528/994/528
f 534/1008/176 634/1009/176 531/998/176
f 636/1010/537 635/1011/538 634/1000/530
f 532/1012/532 535/1013/184 533/1002/532
f 668/1014/539 533/1003/533 535/1015/540
f 732/1016/541 534/1017/542 531/1007/536
f 534/1008/176 638/1018/176 636/1019/176
f 638/1020/543 637/1021/544 636/1010/537
f 637/1022/184 537/1023/177 535/1013/184
f 639/1024/177 537/1023/177 637/1022/184
f 667/1025/545 535/1015/540 537/1026/546
f 731/1027/547 536/1028/548 534/1017/542
f 536/1029/176 641/1030/176 638/1018/176
f 641/1031/549 639/1032/550 638/1020/543
f 642/1033/177 640/1034/177 639/1024/177
f 640/1035/551 666/1036/552 537/1026/546
f 665/1037/553 640/1035/551 643/1038/554
f 730/1039/555 538/1040/556 536/1028/548
f 538/1041/176 409/460/176 641/1030/176
f 409/464/193 642/1042/557 641/1031/549
f 410/465/177 643/1043/177 642/1033/177
f 664/468/194 643/1038/554 411/469/195
f 729/1044/558 408/473/199 538/1040/556
f 399/1045/559 2169/1046/560 775/1047/561
f 775/1047/561 2168/1048/562 774/1049/563
f 774/1049/563 2167/1050/564 773/1051/565
f 773/1051/565 2165/1052/566 772/1053/567
f 2165/1052/566 771/3/3 772/1053/567
f 226/1054/568 2160/1055/569 98/1056/570
f 767/1057/571 2161/1058/572 2160/1055/569
f 768/1059/573 2162/1060/574 2161/1058/572
f 769/1061/575 2163/177/175 2162/1060/574
f 357/1062/576 775/1047/561 785/1063/577
f 785/1063/577 774/1049/563 784/1064/578
f 784/1064/578 773/1051/565 783/1065/579
f 783/1065/579 772/1053/567 782/1066/580
f 772/1053/567 781/5/5 782/1066/580
f 383/1067/581 766/1068/582 226/1054/568
f 776/1069/583 767/1057/571 766/1068/582
f 777/1070/584 768/1059/573 767/1057/571
f 778/1071/585 769/1061/575 768/1059/573
f 779/1072/586 770/2/2 769/1061/575
f 371/1073/587 785/1063/577 796/1074/588
f 796/1074/588 785/1063/577 795/1075/589
f 795/1075/589 784/1064/578 794/1076/590
f 794/1076/590 783/1065/579 793/1077/591
f 793/1077/591 782/1066/580 792/1078/592
f 782/1066/580 791/7/7 792/1078/592
f 383/1067/581 786/1079/593 776/1069/583
f 786/1079/593 777/1070/584 776/1069/583
f 787/1080/594 778/1071/585 777/1070/584
f 788/1081/595 779/1072/586 778/1071/585
f 789/1082/596 780/4/4 779/1072/586
f 384/1083/597 796/1074/588 807/1084/598
f 807/1084/598 795/1075/589 806/1085/599
f 806/1085/599 794/1076/590 805/1086/600
f 805/1086/600 793/1077/591 804/1087/601
f 804/1087/601 792/1078/592 803/1088/602
f 792/1078/592 802/9/9 803/1088/602
f 229/1089/603 797/1090/604 786/1079/593
f 797/1090/604 787/1080/594 786/1079/593
f 798/1091/605 788/1081/595 787/1080/594
f 799/1092/606 789/1082/596 788/1081/595
f 800/1093/607 790/6/6 789/1082/596
f 403/1094/608 807/1084/598 817/1095/609
f 817/1095/609 806/1085/599 816/1096/610
f 816/1096/610 805/1086/600 815/1097/611
f 815/1097/611 804/1087/601 814/1098/612
f 814/1098/612 803/1088/602 813/11/11
f 382/1099/613 797/1090/604 103/1100/614
f 808/1101/615 798/1091/605 797/1090/604
f 809/1102/616 799/1092/606 798/1091/605
f 810/1103/617 800/1093/607 799/1092/606
f 811/1104/618 801/8/8 800/1093/607
f 104/1105/619 817/1095/609 828/1106/620
f 828/1106/620 816/1096/610 827/1107/621
f 827/1107/621 815/1097/611 826/1108/622
f 826/1108/622 814/1098/612 825/1109/623
f 825/1109/623 813/11/11 824/13/13
f 107/1110/624 808/1101/615 382/1099/613
f 819/1111/625 809/1102/616 808/1101/615
f 820/1112/626 810/1103/617 809/1102/616
f 821/1113/627 811/1104/618 810/1103/617
f 822/1114/628 812/10/10 811/1104/618
f 404/1115/629 828/1106/620 840/1116/630
f 840/1116/630 827/1107/621 839/1117/631
f 839/1117/631 826/1108/622 838/1118/632
f 838/1118/632 825/1109/623 837/1119/633
f 837/1119/633 825/1109/623 836/14/14
f 30/1120/634 818/1121/635 107/1110/624
f 829/1122/636 819/1111/625 818/1121/635
f 830/1123/637 820/1112/626 819/1111/625
f 831/1124/638 821/1113/627 820/1112/626
f 832/1125/639 822/1114/628 821/1113/627
f 833/1126/640 823/12/12 822/1114/628
f 358/1127/641 840/1116/630 852/1128/642
f 852/1128/642 839/1117/631 851/1129/643
f 851/1129/643 838/1118/632 850/1130/644
f 850/1130/644 837/1119/633 849/1131/645
f 849/1131/645 836/14/14 848/16/16
f 30/1120/634 841/1132/646 829/1122/636
f 841/1132/646 830/1123/637 829/1122/636
f 842/1133/647 831/1124/638 830/1123/637
f 843/1134/648 832/1125/639 831/1124/638
f 832/1125/639 845/1135/649 833/1126/640
f 833/1126/640 846/1136/650 834/1137/651
f 834/1137/651 847/17/17 835/15/15
f 31/1138/652 852/1128/642 865/1139/653
f 865/1139/653 852/1128/642 864/1140/654
f 864/1140/654 850/1130/644 863/1141/655
f 863/1141/655 850/1130/644 862/1142/656
f 862/1142/656 849/1131/645 861/18/18
f 385/1143/657 841/1132/646 110/1144/658
f 853/1145/659 842/1133/647 841/1132/646
f 854/1146/660 843/1134/648 842/1133/647
f 855/1147/661 844/1148/662 843/1134/648
f 844/1148/662 857/1149/663 845/1135/649
f 845/1135/649 859/1150/664 846/1136/650
f 846/1136/650 860/19/19 847/17/17
f 43/1151/665 865/1139/653 879/1152/666
f 879/1152/666 864/1140/654 878/1153/667
f 878/1153/667 864/1140/654 877/1154/668
f 877/1154/668 863/1141/655 876/1155/669
f 876/1155/669 862/1142/656 875/1156/670
f 875/1156/670 861/18/18 874/20/20
f 113/1157/671 853/1145/659 385/1143/657
f 866/1158/672 854/1146/660 853/1145/659
f 867/1159/673 855/1147/661 854/1146/660
f 868/1160/674 856/1161/675 855/1147/661
f 856/1161/675 870/1162/676 857/1149/663
f 857/1149/663 871/1163/677 858/1164/678
f 858/1164/678 872/1165/679 859/1150/664
f 859/1150/664 873/21/21 860/19/19
f 73/1166/680 879/1152/666 894/1167/681
f 894/1167/681 878/1153/667 893/1168/682
f 893/1168/682 877/1154/668 892/1169/683
f 877/1154/668 891/1170/684 892/1169/683
f 891/1170/684 875/1156/670 890/1171/685
f 890/1171/685 875/1156/670 889/1172/686
f 889/1172/686 874/20/20 888/22/22
f 238/1173/687 866/1158/672 113/1157/671
f 880/1174/688 867/1159/673 866/1158/672
f 881/1175/689 868/1160/674 867/1159/673
f 882/1176/690 869/1177/691 868/1160/674
f 869/1177/691 884/1178/692 870/1162/676
f 870/1162/676 885/1179/693 871/1163/677
f 871/1163/677 886/1180/694 872/1165/679
f 872/1165/679 887/23/23 873/21/21
f 12/1181/695 894/1167/681 907/1182/696
f 907/1182/696 893/1168/682 906/1183/697
f 906/1183/697 892/1169/683 905/1184/698
f 892/1169/683 904/1185/699 905/1184/698
f 904/1185/699 890/1171/685 903/1186/700
f 903/1186/700 889/1172/686 902/24/24
f 116/1187/701 880/1174/688 238/1173/687
f 895/1188/702 881/1175/689 880/1174/688
f 896/1189/703 882/1176/690 881/1175/689
f 896/1189/703 883/1190/704 882/1176/690
f 883/1190/704 898/1191/705 884/1178/692
f 884/1178/692 899/1192/706 885/1179/693
f 885/1179/693 900/1193/707 886/1180/694
f 886/1180/694 901/25/25 887/23/23
f 405/1194/708 907/1182/696 920/1195/709
f 920/1195/709 906/1183/697 919/1196/710
f 919/1196/710 905/1184/698 918/1197/711
f 905/1184/698 917/1198/712 918/1197/711
f 917/1198/712 903/1186/700 916/1199/713
f 916/1199/713 903/1186/700 915/26/26
f 241/1200/714 895/1188/702 116/1187/701
f 908/1201/715 896/1189/703 895/1188/702
f 910/1202/716 897/1203/717 896/1189/703
f 897/1203/717 911/1204/718 898/1191/705
f 898/1191/705 912/1205/719 899/1192/706
f 899/1192/706 913/1206/720 900/1193/707
f 900/1193/707 914/27/27 901/25/25
f 44/1207/721 920/1195/709 933/1208/722
f 933/1209/722 919/1210/710 932/1211/723
f 932/1211/723 918/1212/711 931/1213/724
f 918/1212/711 930/1214/725 931/1213/724
f 930/1214/725 916/1215/713 929/1216/726
f 929/1216/726 915/1217/26 928/1218/727
f 928/1218/727 915/1217/26 927/29/29
f 13/1219/728 908/1201/715 241/1200/714
f 921/1220/729 909/1221/730 908/1201/715
f 922/1222/731 910/1202/716 909/1221/730
f 910/1202/716 924/1223/732 911/1204/718
f 911/1224/718 925/1225/733 912/1226/719
f 912/1226/719 926/1227/734 913/1228/720
f 913/1228/720 927/29/29 914/1229/27
f 32/1230/735 933/1209/722 947/1231/736
f 947/1231/736 932/1211/723 946/1232/737
f 932/1211/723 945/1233/738 946/1232/737
f 931/1213/724 944/1234/739 945/1233/738
f 944/1234/739 929/1216/726 943/1235/740
f 943/1235/740 928/1218/727 942/1236/741
f 942/1236/741 928/1218/727 941/28/28
f 244/1237/742 921/1238/729 13/1239/728
f 934/1240/743 922/1241/731 921/1238/729
f 935/1242/744 923/1243/745 922/1241/731
f 923/1243/745 937/1244/746 924/1245/732
f 924/1245/732 938/1246/747 925/1225/733
f 925/1225/733 939/1247/748 926/1227/734
f 926/1227/734 940/30/30 927/29/29
f 359/1248/749 947/1231/736 960/1249/750
f 960/1249/750 946/1232/737 959/1250/751
f 946/1232/737 958/1251/752 959/1250/751
f 945/1233/738 957/1252/753 958/1251/752
f 957/1252/753 942/1236/741 956/1253/754
f 956/1253/754 941/28/28 955/31/31
f 948/1254/755 934/1240/743 244/1237/742
f 948/1254/755 935/1242/744 934/1240/743
f 949/1255/756 936/1256/757 935/1242/744
f 936/1256/757 951/1257/758 937/1244/746
f 937/1244/746 952/1258/759 938/1246/747
f 938/1246/747 953/1259/760 939/1247/748
f 939/1247/748 954/32/32 940/30/30
f 33/1260/761 960/1249/750 973/1261/762
f 973/1261/762 959/1250/751 972/1262/763
f 959/1250/751 971/1263/764 972/1262/763
f 958/1251/752 970/1264/765 971/1263/764
f 970/1264/765 956/1253/754 969/1265/766
f 969/1265/766 955/31/31 968/33/33
f 247/1266/767 948/1254/755 14/1267/768
f 961/1268/769 949/1255/756 948/1254/755
f 962/1269/770 950/1270/771 949/1255/756
f 950/1270/771 964/1271/772 951/1257/758
f 951/1257/758 965/1272/773 952/1258/759
f 952/1258/759 966/1273/774 953/1259/760
f 953/1259/760 967/34/34 954/32/32
f 15/1274/775 973/1261/762 987/1275/776
f 973/1261/762 986/1276/777 987/1275/776
f 972/1262/763 985/1277/778 986/1276/777
f 971/1263/764 984/1278/779 985/1277/778
f 984/1278/779 969/1265/766 983/1279/780
f 983/1279/780 968/33/33 982/35/35
f 16/1280/781 961/1268/769 247/1266/767
f 974/1281/782 962/1269/770 961/1268/769
f 976/1282/783 963/1283/784 962/1269/770
f 963/1283/784 978/1284/785 964/1271/772
f 964/1271/772 979/1285/786 965/1272/773
f 965/1272/773 980/1286/787 966/1273/774
f 966/1273/774 981/36/36 967/34/34
f 406/1287/788 987/1275/776 1001/1288/789
f 987/1275/776 1000/1289/790 1001/1288/789
f 986/1276/777 999/1290/791 1000/1289/790
f 985/1277/778 998/1291/792 999/1290/791
f 998/1291/792 983/1279/780 997/1292/793
f 997/1292/793 982/35/35 996/37/37
f 34/1293/794 974/1281/782 16/1280/781
f 988/1294/795 975/1295/796 974/1281/782
f 989/1296/797 976/1282/783 975/1295/796
f 976/1282/783 991/1297/798 977/1298/799
f 977/1298/799 992/1299/800 978/1284/785
f 978/1284/785 993/1300/801 979/1285/786
f 979/1285/786 994/1301/802 980/1286/787
f 980/1286/787 995/38/38 981/36/36
f 360/1302/803 1001/1288/789 1014/1303/804
f 1001/1288/789 1013/1304/805 1014/1303/804
f 1000/1289/790 1012/1305/806 1013/1304/805
f 999/1290/791 1011/1306/807 1012/1305/806
f 1011/1306/807 997/1292/793 1010/1307/808
f 1010/1307/808 996/37/37 1009/39/39
f 125/1308/809 988/1294/795 34/1293/794
f 1002/1309/810 989/1296/797 988/1294/795
f 1003/1310/811 990/1311/812 989/1296/797
f 990/1311/812 1005/1312/813 991/1297/798
f 991/1297/798 1006/1313/814 992/1299/800
f 992/1299/800 1007/1314/815 993/1300/801
f 993/1300/801 1008/40/40 994/1301/802
f 994/1301/802 1008/40/40 995/38/38
f 360/1302/803 1028/1315/816 74/1316/817
f 1014/1303/804 1027/1317/818 1028/1315/816
f 1013/1304/805 1026/1318/819 1027/1317/818
f 1012/1305/806 1025/1319/820 1026/1318/819
f 1011/1306/807 1024/1320/821 1025/1319/820
f 1024/1320/821 1010/1307/808 1023/1321/822
f 1023/1321/822 1009/39/39 1022/41/41
f 252/1322/823 1002/1309/810 125/1308/809
f 1015/1323/824 1003/1310/811 1002/1309/810
f 1016/1324/825 1004/1325/826 1003/1310/811
f 1004/1325/826 1018/1326/827 1005/1312/813
f 1005/1312/813 1019/1327/828 1006/1313/814
f 1006/1313/814 1020/1328/829 1007/1314/815
f 1007/1314/815 1021/42/42 1008/40/40
f 74/1316/817 1042/1329/830 45/1330/831
f 1028/1315/816 1041/1331/832 1042/1329/830
f 1027/1317/818 1040/1332/833 1041/1331/832
f 1026/1318/819 1039/1333/834 1040/1332/833
f 1025/1319/820 1038/1334/835 1039/1333/834
f 1038/1334/835 1023/1321/822 1037/1335/836
f 1037/1335/836 1022/41/41 1036/43/43
f 386/1336/837 1015/1323/824 252/1322/823
f 1029/1337/838 1016/1324/825 1015/1323/824
f 1031/1338/839 1017/1339/840 1016/1324/825
f 1017/1339/840 1032/1340/841 1018/1326/827
f 1018/1326/827 1033/1341/842 1019/1327/828
f 1019/1327/828 1034/1342/843 1020/1328/829
f 1020/1328/829 1035/44/44 1021/42/42
f 45/1330/831 1057/1343/844 35/1344/845
f 1042/1329/830 1056/1345/846 1057/1343/844
f 1041/1331/832 1055/1346/847 1056/1345/846
f 1040/1332/833 1054/1347/848 1055/1346/847
f 1039/1333/834 1053/1348/849 1054/1347/848
f 1053/1348/849 1037/1335/836 1052/1349/850
f 1052/1349/850 1036/43/43 1051/45/45
f 3/1350/851 1029/1337/838 386/1336/837
f 1043/1351/852 1030/1352/853 1029/1337/838
f 1044/1353/854 1031/1338/839 1030/1352/853
f 1031/1338/839 1046/1354/855 1032/1340/841
f 1032/1340/841 1047/1355/856 1033/1341/842
f 1033/1341/842 1048/1356/857 1034/1342/843
f 1034/1342/843 1049/1357/858 1035/44/44
f 35/1344/845 1073/1358/859 46/1359/860
f 1056/1345/846 1072/1360/861 1073/1358/859
f 1056/1345/846 1071/1361/862 1072/1360/861
f 1055/1346/847 1070/1362/863 1071/1361/862
f 1054/1347/848 1069/1363/864 1070/1362/863
f 1069/1363/864 1052/1349/850 1068/1364/865
f 1068/1364/865 1051/45/45 1067/47/47
f 1058/1365/866 1043/1351/852 3/1350/851
f 1059/1366/867 1044/1353/854 1043/1351/852
f 1060/1367/868 1045/1368/869 1044/1353/854
f 1045/1368/869 1062/1369/870 1046/1354/855
f 1046/1354/855 1063/1370/871 1047/1355/856
f 1047/1355/856 1064/1371/872 1048/1356/857
f 1048/1356/857 1065/1372/873 1049/1357/858
f 1049/1357/858 1066/48/48 1050/46/46
f 46/1359/860 1089/1373/874 7/1374/875
f 1073/1358/859 1088/1375/876 1089/1373/874
f 1072/1360/861 1087/1376/877 1088/1375/876
f 1071/1361/862 1086/1377/878 1087/1376/877
f 1070/1362/863 1085/1378/879 1086/1377/878
f 1069/1363/864 1084/1379/880 1085/1378/879
f 1084/1379/880 1067/47/47 1083/1380/881
f 75/1381/882 1058/1365/866 130/1382/883
f 1074/1383/884 1059/1366/867 1058/1365/866
f 1075/1384/885 1060/1367/868 1059/1366/867
f 1076/1385/886 1061/1386/887 1060/1367/868
f 1061/1386/887 1079/1387/888 1062/1369/870
f 1062/1369/870 1080/1388/889 1063/1370/871
f 1063/1370/871 1081/1389/890 1064/1371/872
f 1064/1371/872 1082/1390/891 1065/1372/873
f 1065/1372/873 1083/1380/881 1066/48/48
f 7/1374/875 1104/1391/892 47/1392/893
f 1088/1375/876 1103/1393/894 1104/1391/892
f 1088/1375/876 1102/1394/895 1103/1393/894
f 1087/1376/877 1101/1395/896 1102/1394/895
f 1086/1377/878 1100/1396/897 1101/1395/896
f 1085/1378/879 1099/1397/898 1100/1396/897
f 1099/1397/898 1083/1380/881 1098/50/50
f 387/1398/899 1074/1383/884 75/1381/882
f 1090/1399/900 1075/1384/885 1074/1383/884
f 1091/1400/901 1076/1385/886 1075/1384/885
f 1092/1401/902 1077/1402/903 1076/1385/886
f 1077/1402/903 1094/1403/904 1078/1404/905
f 1078/1404/905 1095/1405/906 1079/1387/888
f 1079/1387/888 1095/1405/906 1080/1388/889
f 1080/1388/889 1096/1406/907 1081/1389/890
f 1081/1389/890 1097/1407/908 1082/1390/891
f 1082/1390/891 1098/50/50 1083/1380/881
f 47/1392/893 1117/1408/909 76/1409/910
f 1104/1391/892 1116/1410/911 1117/1408/909
f 1103/1393/894 1115/1411/912 1116/1410/911
f 1102/1394/895 1114/1412/913 1115/1411/912
f 1101/1395/896 1113/1413/914 1114/1412/913
f 1113/1413/914 1099/1397/898 1112/49/49
f 36/1414/915 1090/1399/900 387/1398/899
f 1105/1415/916 1091/1400/901 1090/1399/900
f 1106/1416/917 1092/1401/902 1091/1400/901
f 1106/1416/917 1093/1417/918 1092/1401/902
f 1093/1417/918 1108/1418/919 1094/1403/904
f 1094/1403/904 1109/1419/920 1095/1405/906
f 1095/1405/906 1110/1420/921 1096/1406/907
f 1096/1406/907 1111/51/51 1097/1407/908
f 1097/1407/908 1111/51/51 1098/50/50
f 76/1409/910 1130/1421/922 48/1422/923
f 1117/1408/909 1129/1423/924 1130/1421/922
f 1116/1410/911 1128/1424/925 1129/1423/924
f 1115/1411/912 1127/1425/926 1128/1424/925
f 1114/1412/913 1126/1426/927 1127/1425/926
f 1126/1426/927 1112/49/49 1125/52/52
f 17/1427/928 1105/1415/916 36/1414/915
f 1118/1428/929 1106/1416/917 1105/1415/916
f 1120/1429/930 1107/1430/931 1106/1416/917
f 1107/1430/931 1121/1431/932 1108/1418/919
f 1108/1418/919 1122/1432/933 1109/1419/920
f 1109/1419/920 1123/1433/934 1110/1420/921
f 1110/1420/921 1124/53/53 1111/51/51
f 48/1422/923 1143/1434/935 77/1435/936
f 1130/1421/922 1142/1436/937 1143/1434/935
f 1129/1423/924 1141/1437/938 1142/1436/937
f 1128/1424/925 1140/1438/939 1141/1437/938
f 1126/1426/927 1139/1439/940 1140/1438/939
f 1139/1439/940 1125/52/52 1138/54/54
f 261/1440/941 1118/1428/929 17/1427/928
f 1131/1441/942 1119/1442/943 1118/1428/929
f 1132/1443/944 1120/1429/930 1119/1442/943
f 1120/1429/930 1134/1444/945 1121/1431/932
f 1121/1431/932 1135/1445/946 1122/1432/933
f 1122/1432/933 1136/1446/947 1123/1433/934
f 1123/1433/934 1137/55/55 1124/53/53
f 77/1435/936 1157/1447/948 49/1448/949
f 1143/1434/935 1156/1449/950 1157/1447/948
f 1142/1436/937 1155/1450/951 1156/1449/950
f 1141/1437/938 1154/1451/952 1155/1450/951
f 1140/1438/939 1153/1452/953 1154/1451/952
f 1153/1452/953 1138/54/54 1152/56/56
f 361/1453/954 1131/1441/942 261/1440/941
f 1144/1454/955 1132/1443/944 1131/1441/942
f 1132/1443/944 1146/1455/956 1133/1456/957
f 1133/1456/957 1147/1457/958 1134/1444/945
f 1134/1444/945 1148/1458/959 1135/1445/946
f 1135/1445/946 1149/1459/960 1136/1446/947
f 1136/1446/947 1151/57/57 1137/55/55
f 49/1448/949 1171/1460/961 78/1461/962
f 1157/1447/948 1170/1462/963 1171/1460/961
f 1156/1449/950 1169/1463/964 1170/1462/963
f 1155/1450/951 1168/1464/965 1169/1463/964
f 1154/1451/952 1167/1465/966 1168/1464/965
f 1167/1465/966 1152/56/56 1166/58/58
f 400/1466/967 1144/1454/955 361/1453/954
f 1158/1467/968 1145/1468/969 1144/1454/955
f 1159/1469/970 1146/1455/956 1145/1468/969
f 1146/1455/956 1161/1470/971 1147/1457/958
f 1147/1457/958 1162/1471/972 1148/1458/959
f 1148/1458/959 1163/1472/973 1149/1459/960
f 1149/1459/960 1164/1473/974 1150/1474/975
f 1150/1474/975 1165/59/59 1151/57/57
f 78/1461/962 1187/1475/976 50/1476/977
f 1171/1460/961 1186/1477/978 1187/1475/976
f 1170/1462/963 1185/1478/979 1186/1477/978
f 1169/1463/964 1184/1479/980 1185/1478/979
f 1168/1464/965 1183/1480/981 1184/1479/980
f 1167/1465/966 1182/1481/982 1183/1480/981
f 1182/1481/982 1166/58/58 1181/60/60
f 139/1482/983 1158/1467/968 400/1466/967
f 1172/1483/984 1159/1469/970 1158/1467/968
f 1173/1484/985 1160/1485/986 1159/1469/970
f 1160/1485/986 1176/1486/987 1161/1470/971
f 1161/1470/971 1177/1487/988 1162/1471/972
f 1162/1471/972 1178/1488/989 1163/1472/973
f 1163/1472/973 1179/1489/990 1164/1473/974
f 1164/1473/974 1180/61/61 1165/59/59
f 50/1476/977 1203/1490/991 79/1491/992
f 1187/1475/976 1202/1492/993 1203/1490/991
f 1186/1477/978 1201/1493/994 1202/1492/993
f 1185/1478/979 1200/1494/995 1201/1493/994
f 1184/1479/980 1199/1495/996 1200/1494/995
f 1183/1480/981 1198/1496/997 1199/1495/996
f 1198/1496/997 1181/60/60 1197/62/62
f 388/1497/998 1172/1483/984 139/1482/983
f 1188/1498/999 1173/1484/985 1172/1483/984
f 1189/1499/1000 1174/1500/1001 1173/1484/985
f 1174/1500/1001 1191/1501/1002 1175/1502/1003
f 1175/1502/1003 1192/1503/1004 1176/1486/987
f 1176/1486/987 1193/1504/1005 1177/1487/988
f 1177/1487/988 1194/1505/1006 1178/1488/989
f 1178/1488/989 1195/1506/1007 1179/1489/990
f 1179/1489/990 1196/63/63 1180/61/61
f 79/1491/992 1219/1507/1008 389/1508/1009
f 1203/1490/991 1218/1509/1010 1219/1507/1008
f 1202/1492/993 1217/1510/1011 1218/1509/1010
f 1201/1493/994 1216/1511/1012 1217/1510/1011
f 1200/1494/995 1215/1512/1013 1216/1511/1012
f 1199/1495/996 1214/1513/1014 1215/1512/1013
f 1214/1513/1014 1197/62/62 1213/64/64
f 18/1514/1015 1188/1498/999 388/1497/998
f 1204/1515/1016 1189/1499/1000 1188/1498/999
f 1205/1516/1017 1190/1517/1018 1189/1499/1000
f 1190/1517/1018 1207/1518/1019 1191/1501/1002
f 1191/1501/1002 1208/1519/1020 1192/1503/1004
f 1192/1503/1004 1209/1520/1021 1193/1504/1005
f 1193/1504/1005 1210/1521/1022 1194/1505/1006
f 1194/1505/1006 1211/1522/1023 1195/1506/1007
f 1195/1506/1007 1212/65/65 1196/63/63
f 389/1508/1009 1234/1523/1024 80/1524/1025
f 1219/1507/1008 1233/1525/1026 1234/1523/1024
f 1218/1509/1010 1232/1526/1027 1233/1525/1026
f 1217/1510/1011 1231/1527/1028 1232/1526/1027
f 1215/1512/1013 1230/1528/1029 1231/1527/1028
f 1230/1528/1029 1213/64/64 1229/1529/1030
f 1229/1529/1030 1213/64/64 1228/1530/1031
f 268/1531/1032 1204/1515/1016 18/1514/1015
f 1220/1532/1033 1205/1516/1017 1204/1515/1016
f 1221/1533/1034 1206/1534/1035 1205/1516/1017
f 1206/1534/1035 1223/1535/1036 1207/1518/1019
f 1207/1518/1019 1224/1536/1037 1208/1519/1020
f 1208/1519/1020 1225/1537/1038 1209/1520/1021
f 1209/1520/1021 1226/1538/1039 1210/1521/1022
f 1210/1521/1022 1227/1539/1040 1211/1522/1023
f 1211/1522/1023 1228/1530/1031 1212/65/65
f 80/1524/1025 1250/1540/1041 51/1541/1042
f 1234/1523/1024 1249/1542/1043 1250/1540/1041
f 1233/1525/1026 1248/1543/1044 1249/1542/1043
f 1232/1526/1027 1247/1544/1045 1248/1543/1044
f 1231/1527/1028 1246/1545/1046 1247/1544/1045
f 1230/1528/1029 1245/1546/1047 1246/1545/1046
f 1230/1528/1029 1244/1547/1048 1245/1546/1047
f 1244/1547/1048 1228/1530/1031 1243/1548/1049
f 362/1549/1050 1220/1532/1033 268/1531/1032
f 1235/1550/1051 1221/1533/1034 1220/1532/1033
f 1236/1551/1052 1222/1552/1053 1221/1533/1034
f 1222/1552/1053 1238/1553/1054 1223/1535/1036
f 1223/1535/1036 1239/1554/1055 1224/1536/1037
f 1224/1536/1037 1240/1555/1056 1225/1537/1038
f 1240/1555/1056 1226/1538/1039 1225/1537/1038
f 1226/1538/1039 1242/1556/1057 1227/1539/1040
f 1227/1539/1040 1243/1548/1049 1228/1530/1031
f 51/1541/1042 1265/1557/1058 8/1558/1059
f 1250/1540/1041 1264/1559/1060 1265/1557/1058
f 1249/1542/1043 1263/1560/1061 1264/1559/1060
f 1248/1543/1044 1262/1561/1062 1263/1560/1061
f 1246/1545/1046 1261/1562/1063 1262/1561/1062
f 1245/1546/1047 1260/1563/1064 1261/1562/1063
f 1260/1563/1064 1243/1548/1049 1259/1564/1065
f 372/1565/1066 1235/1550/1051 362/1549/1050
f 1251/1566/1067 1236/1551/1052 1235/1550/1051
f 1236/1551/1052 1253/1567/1068 1237/1568/1069
f 1237/1568/1069 1254/1569/1070 1238/1553/1054
f 1238/1553/1054 1255/1570/1071 1239/1554/1055
f 1239/1554/1055 1256/1571/1072 1240/1555/1056
f 1256/1571/1072 1241/1572/1073 1240/1555/1056
f 1241/1572/1073 1258/1573/1074 1242/1556/1057
f 1242/1556/1057 1258/1573/1074 1243/1548/1049
f 8/1558/1059 1280/1574/1075 52/1575/1076
f 1265/1557/1058 1279/1576/1077 1280/1574/1075
f 1264/1559/1060 1278/1577/1078 1279/1576/1077
f 1278/1577/1078 1262/1561/1062 1277/1578/1079
f 1262/1561/1062 1276/1579/1080 1277/1578/1079
f 1261/1562/1063 1275/1580/1081 1276/1579/1080
f 1275/1580/1081 1259/1564/1065 1274/1581/1082
f 402/1582/1083 1251/1566/1067 372/1565/1066
f 1266/1583/1084 1252/1584/1085 1251/1566/1067
f 1252/1584/1085 1268/1585/1086 1253/1567/1068
f 1253/1567/1068 1269/1586/1087 1254/1569/1070
f 1254/1569/1070 1270/1587/1088 1255/1570/1071
f 1255/1570/1071 1271/1588/1089 1256/1571/1072
f 1271/1588/1089 1257/1589/1090 1256/1571/1072
f 1257/1589/1090 1273/1590/1091 1258/1573/1074
f 1258/1573/1074 1274/1581/1082 1259/1564/1065
f 52/1591/1076 1295/1592/1092 81/1593/1093
f 1280/1594/1075 1294/1595/1094 1295/1592/1092
f 1279/1596/1077 1293/1597/1095 1294/1595/1094
f 1293/1597/1095 1277/1598/1079 1292/1599/1096
f 1277/1598/1079 1291/1600/1097 1292/1599/1096
f 1276/1601/1080 1290/1602/1098 1291/1600/1097
f 1275/1603/1081 1289/1604/1099 1290/1602/1098
f 273/1605/1100 1266/1606/1084 402/1607/1083
f 1281/1608/1101 1267/1609/1102 1266/1606/1084
f 1267/1609/1102 1283/1610/1103 1268/1611/1086
f 1268/1611/1086 1284/1612/1104 1269/1613/1087
f 1269/1613/1087 1285/1614/1105 1270/1615/1088
f 1270/1615/1088 1286/1616/1106 1271/1617/1089
f 1286/1616/1106 1272/1618/1107 1271/1617/1089
f 1272/1618/1107 1288/1619/1108 1273/1620/1091
f 1273/1620/1091 1289/1604/1099 1274/1621/1082
f 53/1622/1109 1295/1592/1092 1309/1623/1110
f 1295/1592/1092 1308/1624/1111 1309/1623/1110
f 1294/1595/1094 1307/1625/1112 1308/1624/1111
f 1292/1599/1096 1306/1626/1113 1307/1625/1112
f 1291/1600/1097 1305/1627/1114 1306/1626/1113
f 1290/1602/1098 1304/1628/1115 1305/1627/1114
f 363/1629/1116 1281/1608/1101 273/1605/1100
f 1296/1630/1117 1282/1631/1118 1281/1608/1101
f 1282/1631/1118 1298/1632/1119 1283/1610/1103
f 1283/1610/1103 1299/1633/1120 1284/1612/1104
f 1284/1612/1104 1300/1634/1121 1285/1614/1105
f 1285/1614/1105 1301/1635/1122 1286/1616/1106
f 1301/1635/1122 1287/1636/1123 1286/1616/1106
f 1287/1636/1123 1303/1637/1124 1288/1619/1108
f 1288/1619/1108 1304/1628/1115 1289/1604/1099
f 373/1638/1125 1309/1623/1110 1322/1639/1126
f 1309/1623/1110 1321/1640/1127 1322/1639/1126
f 1308/1624/1111 1320/1641/1128 1321/1640/1127
f 1307/1625/1112 1319/1642/1129 1320/1641/1128
f 1306/1626/1113 1318/1643/1130 1319/1642/1129
f 1305/1627/1114 1317/67/67 1318/1643/1130
f 391/1644/1131 1296/1630/1117 363/1629/1116
f 1310/1645/1132 1297/1646/1133 1296/1630/1117
f 1297/1646/1133 1311/1647/1134 1298/1632/1119
f 1298/1632/1119 1312/1648/1135 1299/1633/1120
f 1299/1633/1120 1313/1649/1136 1300/1634/1121
f 1300/1634/1121 1314/1650/1137 1301/1635/1122
f 1314/1650/1137 1302/1651/1138 1301/1635/1122
f 1302/1651/1138 1316/1652/1139 1303/1637/1124
f 1303/1637/1124 1317/67/67 1304/1628/1115
f 54/1653/1140 1322/1639/1126 1335/1654/1141
f 1321/1640/1127 1334/1655/1142 1335/1654/1141
f 1334/1655/1142 1320/1641/1128 1333/1656/1143
f 1319/1642/1129 1332/1657/1144 1333/1656/1143
f 1319/1642/1129 1331/1658/1145 1332/1657/1144
f 1318/1643/1130 1330/66/66 1331/1658/1145
f 364/1659/1146 1310/1645/1132 391/1644/1131
f 1310/1645/1132 1324/1660/1147 1311/1647/1134
f 1311/1647/1134 1325/1661/1148 1312/1648/1135
f 1312/1648/1135 1326/1662/1149 1313/1649/1136
f 1313/1649/1136 1327/1663/1150 1314/1650/1137
f 1327/1663/1150 1315/1664/1151 1314/1650/1137
f 1315/1664/1151 1328/1665/1152 1316/1652/1139
f 1316/1652/1139 1329/68/68 1317/67/67
f 9/1666/1153 1335/1654/1141 1347/1667/1154
f 1335/1654/1141 1346/1668/1155 1347/1667/1154
f 1346/1668/1155 1333/1656/1143 1345/1669/1156
f 1333/1656/1143 1344/1670/1157 1345/1669/1156
f 1332/1657/1144 1343/1671/1158 1344/1670/1157
f 1332/1657/1144 1342/69/69 1343/1671/1158
f 374/1672/1159 1323/1673/1160 364/1659/1146
f 1323/1673/1160 1337/1674/1161 1324/1660/1147
f 1324/1660/1147 1338/1675/1162 1325/1661/1148
f 1325/1661/1148 1338/1675/1162 1326/1662/1149
f 1326/1662/1149 1339/1676/1163 1327/1663/1150
f 1339/1676/1163 1328/1665/1152 1327/1663/1150
f 1328/1665/1152 1341/70/70 1329/68/68
f 55/1677/1164 1347/1667/1154 1361/1678/1165
f 1347/1667/1154 1360/1679/1166 1361/1678/1165
f 1360/1679/1166 1345/1669/1156 1359/1680/1167
f 1345/1669/1156 1358/1681/1168 1359/1680/1167
f 1345/1669/1156 1357/1682/1169 1358/1681/1168
f 1344/1670/1157 1356/1683/1170 1357/1682/1169
f 1343/1671/1158 1355/71/71 1356/1683/1170
f 365/1684/1171 1336/1685/1172 374/1672/1159
f 1336/1685/1172 1349/1686/1173 1337/1674/1161
f 1337/1674/1161 1350/1687/1174 1338/1675/1162
f 1338/1675/1162 1351/1688/1175 1339/1676/1163
f 1351/1688/1175 1340/1689/1176 1339/1676/1163
f 1340/1689/1176 1353/1690/1177 1341/70/70
f 10/1691/1178 1361/1678/1165 1375/1692/1179
f 1375/1692/1179 1361/1678/1165 1374/1693/1180
f 1374/1693/1180 1360/1679/1166 1373/1694/1181
f 1373/1694/1181 1359/1680/1167 1372/1695/1182
f 1372/1695/1182 1358/1681/1168 1371/1696/1183
f 1358/1681/1168 1370/1697/1184 1371/1696/1183
f 1357/1682/1169 1369/73/73 1370/1697/1184
f 375/1698/1185 1348/1699/1186 365/1684/1171
f 1348/1699/1186 1363/1700/1187 1349/1686/1173
f 1349/1686/1173 1364/1701/1188 1350/1687/1174
f 1350/1687/1174 1365/1702/1189 1351/1688/1175
f 1365/1702/1189 1352/1703/1190 1351/1688/1175
f 1366/1704/1191 1353/1690/1177 1352/1703/1190
f 1353/1690/1177 1368/74/74 1354/72/72
f 10/1691/1178 1389/1705/1192 56/1706/1193
f 1389/1705/1192 1374/1693/1180 1388/1707/1194
f 1388/1707/1194 1373/1694/1181 1387/1708/1195
f 1387/1708/1195 1372/1695/1182 1386/1709/1196
f 1386/1709/1196 1371/1696/1183 1385/1710/1197
f 1370/1697/1184 1384/75/75 1385/1710/1197
f 375/1698/1185 1376/1711/1198 1362/1712/1199
f 1362/1712/1199 1378/1713/1200 1363/1700/1187
f 1363/1700/1187 1379/1714/1201 1364/1701/1188
f 1364/1701/1188 1380/1715/1202 1365/1702/1189
f 1380/1715/1202 1366/1704/1191 1365/1702/1189
f 1381/1716/1203 1367/1717/1204 1366/1704/1191
f 1367/1717/1204 1383/76/76 1368/74/74
f 56/1706/1193 1403/1718/1205 11/1719/1206
f 1403/1718/1205 1388/1707/1194 1402/1720/1207
f 1402/1720/1207 1387/1708/1195 1401/1721/1208
f 1401/1721/1208 1386/1709/1196 1400/1722/1209
f 1400/1722/1209 1385/1710/1197 1399/1723/1210
f 1385/1710/1197 1398/1724/1211 1399/1723/1210
f 1385/1710/1197 1397/1725/1212 1398/1724/1211
f 1384/75/75 1396/78/78 1397/1725/1212
f 366/1726/1213 1390/1727/1214 1376/1711/1198
f 1376/1711/1198 1391/1728/1215 1377/1729/1216
f 1377/1729/1216 1392/1730/1217 1378/1713/1200
f 1378/1713/1200 1393/1731/1218 1379/1714/1201
f 1379/1714/1201 1394/1732/1219 1380/1715/1202
f 1394/1732/1219 1381/1716/1203 1380/1715/1202
f 1381/1716/1203 1395/1733/1220 1382/1734/1221
f 1382/1734/1221 1396/78/78 1383/76/76
f 11/1719/1206 1418/1735/1222 57/1736/1223
f 1418/1735/1222 1402/1720/1207 1417/1737/1224
f 1417/1737/1224 1402/1720/1207 1416/1738/1225
f 1416/1738/1225 1400/1722/1209 1415/1739/1226
f 1415/1739/1226 1399/1723/1210 1414/1740/1227
f 1414/1740/1227 1398/1724/1211 1413/1741/1228
f 1398/1724/1211 1412/1742/1229 1413/1741/1228
f 1397/1725/1212 1411/77/77 1412/1742/1229
f 376/1743/1230 1404/1744/1231 1390/1727/1214
f 1390/1727/1214 1405/1745/1232 1391/1728/1215
f 1391/1728/1215 1406/1746/1233 1392/1730/1217
f 1392/1730/1217 1407/1747/1234 1393/1731/1218
f 1393/1731/1218 1407/1747/1234 1394/1732/1219
f 1408/1748/1235 1395/1733/1220 1394/1732/1219
f 1395/1733/1220 1410/79/79 1396/78/78
f 57/1736/1223 1433/1749/1236 82/1750/1237
f 1418/1735/1222 1432/1751/1238 1433/1749/1236
f 1432/1751/1238 1416/1738/1225 1431/1752/1239
f 1431/1752/1239 1415/1739/1226 1430/1753/1240
f 1430/1753/1240 1414/1740/1227 1429/1754/1241
f 1429/1754/1241 1413/1741/1228 1428/1755/1242
f 1413/1741/1228 1427/1756/1243 1428/1755/1242
f 1412/1742/1229 1426/80/80 1427/1756/1243
f 6/1757/1244 1419/1758/1245 1404/1744/1231
f 1404/1744/1231 1420/1759/1246 1405/1745/1232
f 1405/1745/1232 1421/1760/1247 1406/1746/1233
f 1406/1746/1233 1422/1761/1248 1407/1747/1234
f 1407/1747/1234 1423/1762/1249 1408/1748/1235
f 1424/1763/1250 1409/1764/1251 1408/1748/1235
f 1409/1764/1251 1425/81/81 1410/79/79
f 82/1750/1237 1447/1765/1252 58/1766/1253
f 1433/1749/1236 1446/1767/1254 1447/1765/1252
f 1446/1767/1254 1432/1751/1238 1445/1768/1255
f 1445/1768/1255 1430/1753/1240 1444/1769/1256
f 1444/1769/1256 1429/1754/1241 1443/1770/1257
f 1443/1770/1257 1428/1755/1242 1442/1771/1258
f 1427/1756/1243 1441/82/82 1442/1771/1258
f 4/1772/1259 1434/1773/1260 1419/1758/1245
f 1419/1758/1245 1435/1774/1261 1420/1759/1246
f 1420/1759/1246 1436/1775/1262 1421/1760/1247
f 1421/1760/1247 1437/1776/1263 1422/1761/1248
f 1422/1761/1248 1438/1777/1264 1423/1762/1249
f 1438/1777/1264 1424/1763/1250 1423/1762/1249
f 1424/1763/1250 1440/83/83 1425/81/81
f 58/1766/1253 1463/1778/1265 83/1779/1266
f 1447/1765/1252 1462/1780/1267 1463/1778/1265
f 1446/1767/1254 1461/1781/1268 1462/1780/1267
f 1461/1781/1268 1444/1769/1256 1460/1782/1269
f 1460/1782/1269 1443/1770/1257 1459/1783/1270
f 1459/1783/1270 1442/1771/1258 1458/1784/1271
f 1442/1771/1258 1457/1785/1272 1458/1784/1271
f 1442/1771/1258 1456/85/85 1457/1785/1272
f 158/1786/1273 1448/1787/1274 1434/1773/1260
f 1434/1773/1260 1449/1788/1275 1435/1774/1261
f 1435/1774/1261 1450/1789/1276 1436/1775/1262
f 1436/1775/1262 1451/1790/1277 1437/1776/1263
f 1437/1776/1263 1452/1791/1278 1438/1777/1264
f 1453/1792/1279 1439/1793/1280 1438/1777/1264
f 1439/1793/1280 1455/84/84 1440/83/83
f 83/1779/1266 1479/1794/1281 59/1795/1282
f 1463/1778/1265 1478/1796/1283 1479/1794/1281
f 1462/1780/1267 1477/1797/1284 1478/1796/1283
f 1477/1797/1284 1461/1781/1268 1476/1798/1285
f 1476/1798/1285 1460/1782/1269 1475/1799/1286
f 1475/1799/1286 1459/1783/1270 1474/1800/1287
f 1474/1800/1287 1458/1784/1271 1473/1801/1288
f 1473/1801/1288 1457/1785/1272 1472/1802/1289
f 1456/85/85 1471/87/87 1472/1802/1289
f 390/1803/1290 1464/1804/1291 1448/1787/1274
f 1448/1787/1274 1465/1805/1292 1449/1788/1275
f 1449/1788/1275 1465/1805/1292 1450/1789/1276
f 1450/1789/1276 1466/1806/1293 1451/1790/1277
f 1451/1790/1277 1467/1807/1294 1452/1791/1278
f 1467/1807/1294 1453/1792/1279 1452/1791/1278
f 1468/1808/1295 1454/1809/1296 1453/1792/1279
f 1454/1809/1296 1470/86/86 1455/84/84
f 59/1795/1282 1494/1810/1297 84/1811/1298
f 1479/1794/1281 1493/1812/1299 1494/1810/1297
f 1478/1796/1283 1492/1813/1300 1493/1812/1299
f 1492/1813/1300 1476/1798/1285 1491/1814/1301
f 1491/1814/1301 1475/1799/1286 1490/1815/1302
f 1490/1815/1302 1474/1800/1287 1489/1816/1303
f 1489/1816/1303 1473/1801/1288 1488/1817/1304
f 1488/1817/1304 1472/1802/1289 1487/1818/1305
f 1472/1802/1289 1486/89/89 1487/1818/1305
f 161/1819/1306 1480/1820/1307 1464/1804/1291
f 1464/1804/1291 1480/1820/1307 1465/1805/1292
f 1465/1805/1292 1481/1821/1308 1466/1806/1293
f 1466/1806/1293 1482/1822/1309 1467/1807/1294
f 1482/1822/1309 1468/1808/1295 1467/1807/1294
f 1483/1823/1310 1469/1824/1311 1468/1808/1295
f 1484/1825/1312 1470/86/86 1469/1824/1311
f 84/1811/1298 1508/1826/1313 60/1827/1314
f 1494/1810/1297 1507/1828/1315 1508/1826/1313
f 1493/1812/1299 1506/1829/1316 1507/1828/1315
f 1506/1829/1316 1491/1814/1301 1505/1830/1317
f 1505/1830/1317 1490/1815/1302 1504/1831/1318
f 1504/1831/1318 1489/1816/1303 1503/1832/1319
f 1503/1832/1319 1488/1817/1304 1502/1833/1320
f 1502/1833/1320 1487/1818/1305 1501/1834/1321
f 1487/1818/1305 1500/91/91 1501/1834/1321
f 288/1835/1322 1495/1836/1323 1480/1820/1307
f 1480/1820/1307 1495/1836/1323 1481/1821/1308
f 1481/1821/1308 1496/1837/1324 1482/1822/1309
f 1496/1837/1324 1483/1823/1310 1482/1822/1309
f 1497/1838/1325 1484/1825/1312 1483/1823/1310
f 1498/1839/1326 1485/88/88 1484/1825/1312
f 60/1827/1314 1522/1840/1327 85/1841/1328
f 1508/1826/1313 1521/1842/1329 1522/1840/1327
f 1507/1828/1315 1520/1843/1330 1521/1842/1329
f 1520/1843/1330 1505/1830/1317 1519/1844/1331
f 1519/1844/1331 1504/1831/1318 1518/1845/1332
f 1518/1845/1332 1503/1832/1319 1517/1846/1333
f 1517/1846/1333 1502/1833/1320 1516/1847/1334
f 1502/1833/1320 1515/1848/1335 1516/1847/1334
f 1501/1834/1321 1514/93/93 1515/1848/1335
f 392/1849/1336 291/1850/1337 1495/1836/1323
f 1495/1836/1323 1510/1851/1338 1496/1837/1324
f 1511/1852/1339 1497/1838/1325 1496/1837/1324
f 1511/1852/1339 1498/1839/1326 1497/1838/1325
f 1512/1853/1340 1499/90/90 1498/1839/1326
f 85/1841/1328 1535/1854/1341 367/1855/1342
f 1522/1840/1327 1534/1856/1343 1535/1854/1341
f 1521/1842/1329 1533/1857/1344 1534/1856/1343
f 1533/1857/1344 1519/1844/1331 1532/1858/1345
f 1532/1858/1345 1518/1845/1332 1531/1859/1346
f 1531/1859/1346 1516/1847/1334 1530/1860/1347
f 1516/1847/1334 1529/1861/1348 1530/1860/1347
f 1515/1848/1335 1528/95/95 1529/1861/1348
f 291/1850/1337 1523/1862/1349 1509/1863/1350
f 1509/1863/1350 1524/1864/1351 1510/1851/1338
f 1510/1851/1338 1525/1865/1352 1511/1852/1339
f 1525/1865/1352 1512/1853/1340 1511/1852/1339
f 1526/1866/1353 1513/92/92 1512/1853/1340
f 367/1855/1342 1548/1867/1354 86/1868/1355
f 1535/1854/1341 1547/1869/1356 1548/1867/1354
f 1534/1856/1343 1546/1870/1357 1547/1869/1356
f 1533/1857/1344 1545/1871/1358 1546/1870/1357
f 1545/1871/1358 1531/1859/1346 1544/1872/1359
f 1544/1872/1359 1530/1860/1347 1543/1873/1360
f 1530/1860/1347 1542/1874/1361 1543/1873/1360
f 1529/1861/1348 1541/97/97 1542/1874/1361
f 61/1875/1362 1536/1876/1363 1523/1862/1349
f 1523/1862/1349 1536/1876/1363 1524/1864/1351
f 1524/1864/1351 1538/1877/1364 1525/1865/1352
f 1539/1878/1365 1526/1866/1353 1525/1865/1352
f 1539/1878/1365 1527/94/94 1526/1866/1353
f 1548/1867/1354 1561/1879/1366 1562/1880/1367
f 1547/1869/1356 1560/1881/1368 1561/1879/1366
f 1546/1870/1357 1559/1882/1369 1560/1881/1368
f 1559/1882/1369 1544/1872/1359 1558/1883/1370
f 1558/1883/1370 1543/1873/1360 1557/1884/1371
f 1543/1873/1360 1556/1885/1372 1557/1884/1371
f 1542/1874/1361 1555/99/99 1556/1885/1372
f 394/1886/1373 1549/1887/1374 1536/1876/1363
f 1536/1876/1363 1551/1888/1375 1537/1889/1376
f 1537/1889/1376 1552/1890/1377 1538/1877/1364
f 1552/1890/1377 1539/1878/1365 1538/1877/1364
f 1553/1891/1378 1540/96/96 1539/1878/1365
f 1562/1880/1367 1575/1892/1379 1576/1893/1380
f 1561/1879/1366 1574/1894/1381 1575/1892/1379
f 1560/1881/1368 1573/1895/1382 1574/1894/1381
f 1573/1895/1382 1558/1883/1370 1572/1896/1383
f 1572/1896/1383 1557/1884/1371 1571/1897/1384
f 1557/1884/1371 1570/1898/1385 1571/1897/1384
f 1556/1885/1372 1569/101/101 1570/1898/1385
f 168/1899/1386 1563/1900/1387 1549/1887/1374
f 1549/1887/1374 1564/1901/1388 1550/1902/1389
f 1550/1902/1389 1565/1903/1390 1551/1888/1375
f 1551/1888/1375 1566/1904/1391 1552/1890/1377
f 1566/1904/1391 1553/1891/1378 1552/1890/1377
f 1567/1905/1392 1554/98/98 1553/1891/1378
f 1576/1893/1380 1589/1906/1393 1590/1907/1394
f 1575/1892/1379 1588/1908/1395 1589/1906/1393
f 1574/1894/1381 1587/1909/1396 1588/1908/1395
f 1587/1909/1396 1573/1895/1382 1586/1910/1397
f 1586/1910/1397 1571/1897/1384 1585/1911/1398
f 1585/1911/1398 1570/1898/1385 1584/1912/1399
f 1570/1898/1385 1583/103/103 1584/1912/1399
f 87/1913/1400 1577/1914/1401 1563/1900/1387
f 1563/1900/1387 1578/1915/1402 1564/1901/1388
f 1564/1901/1388 1579/1916/1403 1565/1903/1390
f 1565/1903/1390 1580/1917/1404 1566/1904/1391
f 1580/1917/1404 1567/1905/1392 1566/1904/1391
f 1581/1918/1405 1568/100/100 1567/1905/1392
f 1590/1907/1394 1603/1919/1406 1604/1920/1407
f 1589/1906/1393 1602/1921/1408 1603/1919/1406
f 1588/1908/1395 1601/1922/1409 1602/1921/1408
f 1601/1922/1409 1586/1910/1397 1600/1923/1410
f 1600/1923/1410 1585/1911/1398 1599/1924/1411
f 1599/1924/1411 1584/1912/1399 1598/1925/1412
f 1584/1912/1399 1597/105/105 1598/1925/1412
f 2/1926/1413 1591/1927/1414 1577/1914/1401
f 1577/1914/1401 1592/1928/1415 1578/1915/1402
f 1578/1929/1402 1592/1930/1415 1579/1931/1403
f 1579/1931/1403 1593/1932/1416 1580/1933/1404
f 1593/1932/1416 1581/1934/1405 1580/1933/1404
f 1595/1935/1417 1582/102/102 1581/1918/1405
f 1604/1936/1407 1618/1937/1418 1619/1938/1419
f 1603/1939/1406 1617/1940/1420 1618/1937/1418
f 1602/1941/1408 1616/1942/1421 1617/1940/1420
f 1616/1942/1421 1600/1943/1410 1615/1944/1422
f 1615/1944/1422 1599/1945/1411 1614/1946/1423
f 1614/1946/1423 1598/1947/1412 1613/1948/1424
f 1598/1947/1412 1612/108/107 1613/1948/1424
f 298/1949/1425 1605/1950/1426 1591/1951/1414
f 1591/1951/1414 1606/1952/1427 1592/1930/1415
f 1592/1930/1415 1607/1953/1428 1593/1932/1416
f 1607/1953/1428 1594/1954/1429 1593/1932/1416
f 1608/1955/1430 1595/1956/1417 1594/1954/1429
f 1610/1957/1431 1596/1958/104 1595/1956/1417
f 1619/1938/1419 1634/1959/1432 88/1960/1433
f 1618/1937/1418 1633/1961/1434 1634/1959/1432
f 1617/1940/1420 1632/1962/1435 1633/1961/1434
f 1632/1962/1435 1615/1944/1422 1631/1963/1436
f 1615/1944/1422 1630/1964/1437 1631/1963/1436
f 1630/1964/1437 1613/1948/1424 1629/1965/1438
f 1613/1948/1424 1628/110/109 1629/1965/1438
f 62/1966/1439 1620/1967/1440 1605/1950/1426
f 1605/1950/1426 1621/1968/1441 1606/1952/1427
f 1606/1952/1427 1622/1969/1442 1607/1953/1428
f 1623/1970/1443 1608/1955/1430 1607/1953/1428
f 1624/1971/1444 1609/1972/1445 1608/1955/1430
f 1625/1973/1446 1610/1957/1431 1609/1972/1445
f 1626/1974/1447 1611/107/106 1610/1957/1431
f 88/1960/1433 1649/1975/1448 393/1976/1449
f 1634/1959/1432 1648/1977/1450 1649/1975/1448
f 1633/1961/1434 1647/1978/1451 1648/1977/1450
f 1647/1978/1451 1631/1963/1436 1646/1979/1452
f 1631/1963/1436 1645/1980/1453 1646/1979/1452
f 1645/1980/1453 1629/1965/1438 1644/1981/1454
f 1629/1965/1438 1643/112/111 1644/1981/1454
f 395/1982/1455 1635/1983/1456 1620/1967/1440
f 1620/1967/1440 1636/1984/1457 1621/1968/1441
f 1621/1968/1441 1637/1985/1458 1622/1969/1442
f 1637/1985/1458 1623/1970/1443 1622/1969/1442
f 1638/1986/1459 1624/1971/1444 1623/1970/1443
f 1639/1987/1460 1625/1973/1446 1624/1971/1444
f 1640/1988/1461 1626/1974/1447 1625/1973/1446
f 1641/1989/1462 1627/109/108 1626/1974/1447
f 393/1976/1449 1664/1990/1463 89/1991/1464
f 1649/1975/1448 1663/1992/1465 1664/1990/1463
f 1648/1977/1450 1662/1993/1466 1663/1992/1465
f 1662/1993/1466 1646/1979/1452 1661/1994/1467
f 1646/1979/1452 1660/1995/1468 1661/1994/1467
f 1660/1995/1468 1644/1981/1454 1659/1996/1469
f 1644/1981/1454 1658/114/113 1659/1996/1469
f 175/1997/1470 1650/1998/1471 1635/1983/1456
f 1635/1983/1456 1651/1999/1472 1636/1984/1457
f 1636/1984/1457 1652/2000/1473 1637/1985/1458
f 1653/2001/1474 1638/1986/1459 1637/1985/1458
f 1654/2002/1475 1639/1987/1460 1638/1986/1459
f 1655/2003/1476 1640/1988/1461 1639/1987/1460
f 1656/2004/1477 1641/1989/1462 1640/1988/1461
f 1657/113/112 1642/111/110 1641/1989/1462
f 89/1991/1464 1680/2005/1478 63/2006/1479
f 1664/1990/1463 1679/2007/1480 1680/2005/1478
f 1663/1992/1465 1678/2008/1481 1679/2007/1480
f 1678/2008/1481 1662/1993/1466 1677/2009/1482
f 1677/2009/1482 1661/1994/1467 1676/2010/1483
f 1661/1994/1467 1675/2011/1484 1676/2010/1483
f 1675/2011/1484 1659/1996/1469 1674/2012/1485
f 1659/1996/1469 1673/116/115 1674/2012/1485
f 303/2013/1486 1665/2014/1487 1650/1998/1471
f 1650/1998/1471 1665/2014/1487 1651/1999/1472
f 1651/1999/1472 1667/2015/1488 1652/2000/1473
f 1652/2000/1473 1668/2016/1489 1653/2001/1474
f 1668/2016/1489 1654/2002/1475 1653/2001/1474
f 1669/2017/1490 1655/2003/1476 1654/2002/1475
f 1670/2018/1491 1656/2004/1477 1655/2003/1476
f 1671/2019/1492 1657/113/112 1656/2004/1477
f 63/2006/1479 1696/2020/1493 90/2021/1494
f 1680/2005/1478 1695/2022/1495 1696/2020/1493
f 1679/2007/1480 1694/2023/1496 1695/2022/1495
f 1694/2023/1496 1677/2009/1482 1693/2024/1497
f 1693/2024/1497 1676/2010/1483 1692/2025/1498
f 1676/2010/1483 1691/2026/1499 1692/2025/1498
f 1691/2026/1499 1674/2012/1485 1690/2027/1500
f 1690/2027/1500 1673/116/115 1689/118/117
f 19/2028/1501 1681/2029/1502 1665/2014/1487
f 1665/2014/1487 1682/2030/1503 1666/2031/1504
f 1666/2031/1504 1683/2032/1505 1667/2015/1488
f 1667/2015/1488 1684/2033/1506 1668/2016/1489
f 1684/2033/1506 1669/2017/1490 1668/2016/1489
f 1685/2034/1507 1670/2018/1491 1669/2017/1490
f 1686/2035/1508 1671/2019/1492 1670/2018/1491
f 1687/2036/1509 1672/115/114 1671/2019/1492
f 90/2021/1494 1713/2037/1510 64/2038/1511
f 1696/2020/1493 1712/2039/1512 1713/2037/1510
f 1696/2020/1493 1711/2040/1513 1712/2039/1512
f 1695/2022/1495 1710/2041/1514 1711/2040/1513
f 1710/2041/1514 1693/2024/1497 1709/2042/1515
f 1709/2042/1515 1692/2025/1498 1708/2043/1516
f 1692/2025/1498 1707/2044/1517 1708/2043/1516
f 1707/2044/1517 1690/2027/1500 1706/2045/1518
f 1706/2045/1518 1689/118/117 1705/120/119
f 306/2046/1519 1697/2047/1520 1681/2029/1502
f 1681/2029/1502 1698/2048/1521 1682/2030/1503
f 1682/2030/1503 1699/2049/1522 1683/2032/1505
f 1699/2049/1522 1684/2033/1506 1683/2032/1505
f 1700/2050/1523 1685/2034/1507 1684/2033/1506
f 1701/2051/1524 1686/2035/1508 1685/2034/1507
f 1702/2052/1525 1687/2036/1509 1686/2035/1508
f 1703/2053/1526 1688/117/116 1687/2036/1509
f 64/2038/1511 1729/2054/1527 91/2055/1528
f 1713/2037/1510 1728/2056/1529 1729/2054/1527
f 1712/2039/1512 1727/2057/1530 1728/2056/1529
f 1727/2057/1530 1709/2042/1515 1726/2058/1531
f 1726/2058/1531 1708/2043/1516 1725/2059/1532
f 1708/2043/1516 1724/2060/1533 1725/2059/1532
f 1724/2060/1533 1706/2045/1518 1723/2061/1534
f 1723/2061/1534 1705/120/119 1722/122/121
f 180/2062/1535 1714/2063/1536 1697/2047/1520
f 1697/2047/1520 1715/2064/1537 1698/2048/1521
f 1698/2048/1521 1716/2065/1538 1699/2049/1522
f 1716/2065/1538 1700/2050/1523 1699/2049/1522
f 1717/2066/1539 1701/2051/1524 1700/2050/1523
f 1718/2067/1540 1702/2052/1525 1701/2051/1524
f 1719/2068/1541 1703/2053/1526 1702/2052/1525
f 1720/2069/1542 1704/119/118 1703/2053/1526
f 91/2055/1528 1746/2070/1543 368/2071/1544
f 1728/2056/1529 1745/2072/1545 1746/2070/1543
f 1727/2057/1530 1744/2073/1546 1745/2072/1545
f 1744/2073/1546 1726/2058/1531 1743/2074/1547
f 1743/2074/1547 1725/2059/1532 1742/2075/1548
f 1725/2059/1532 1741/2076/1549 1742/2075/1548
f 1741/2076/1549 1723/2061/1534 1740/2077/1550
f 1740/2077/1550 1723/2061/1534 1739/2078/1551
f 1739/2078/1551 1722/122/121 1738/124/123
f 309/2079/1552 1730/2080/1553 1714/2063/1536
f 1714/2063/1536 1731/2081/1554 1715/2064/1537
f 1731/2081/1554 1716/2065/1538 1715/2064/1537
f 1732/2082/1555 1717/2066/1539 1716/2065/1538
f 1733/2083/1556 1718/2067/1540 1717/2066/1539
f 1734/2084/1557 1719/2068/1541 1718/2067/1540
f 1735/2085/1558 1720/2069/1542 1719/2068/1541
f 1736/2086/1559 1721/121/120 1720/2069/1542
f 377/2087/1560 1746/2070/1543 1762/2088/1561
f 1746/2070/1543 1761/2089/1562 1762/2088/1561
f 1745/2072/1545 1760/2090/1563 1761/2089/1562
f 1744/2073/1546 1759/2091/1564 1760/2090/1563
f 1742/2075/1548 1758/2092/1565 1759/2091/1564
f 1758/2092/1565 1740/2077/1550 1757/2093/1566
f 1757/2093/1566 1739/2078/1551 1756/2094/1567
f 1756/2094/1567 1738/124/123 1755/125/124
f 20/2095/1568 1747/2096/1569 1730/2080/1553
f 1747/2096/1569 1731/2081/1554 1730/2080/1553
f 1748/2097/1570 1732/2082/1555 1731/2081/1554
f 1749/2098/1571 1733/2083/1556 1732/2082/1555
f 1750/2099/1572 1734/2084/1557 1733/2083/1556
f 1751/2100/1573 1735/2085/1558 1734/2084/1557
f 1752/2101/1574 1736/2086/1559 1735/2085/1558
f 1753/2102/1575 1737/123/122 1736/2086/1559
f 65/2103/1576 1762/2088/1561 1779/2104/1577
f 1762/2088/1561 1778/2105/1578 1779/2104/1577
f 1761/2089/1562 1777/2106/1579 1778/2105/1578
f 1777/2106/1579 1759/2091/1564 1776/2107/1580
f 1776/2107/1580 1759/2091/1564 1775/2108/1581
f 1775/2108/1581 1758/2092/1565 1774/2109/1582
f 1774/2109/1582 1757/2093/1566 1773/2110/1583
f 1773/2110/1583 1756/2094/1567 1772/2111/1584
f 1772/2111/1584 1755/125/124 1771/127/126
f 312/2112/1585 1763/2113/1586 1747/2096/1569
f 1763/2113/1586 1748/2097/1570 1747/2096/1569
f 1764/2114/1587 1749/2098/1571 1748/2097/1570
f 1765/2115/1588 1750/2099/1572 1749/2098/1571
f 1766/2116/1589 1751/2100/1573 1750/2099/1572
f 1767/2117/1590 1752/2101/1574 1751/2100/1573
f 1768/2118/1591 1753/2102/1575 1752/2101/1574
f 1769/2119/1592 1754/126/125 1753/2102/1575
f 65/2103/1576 1795/2120/1593 378/2121/1594
f 1779/2104/1577 1794/2122/1595 1795/2120/1593
f 1778/2105/1578 1793/2123/1596 1794/2122/1595
f 1793/2123/1596 1776/2107/1580 1792/2124/1597
f 1792/2124/1597 1774/2109/1582 1791/2125/1598
f 1791/2125/1598 1773/2110/1583 1790/2126/1599
f 1790/2126/1599 1772/2111/1584 1789/2127/1600
f 1789/2127/1600 1771/127/126 1788/129/128
f 185/2128/1601 1780/2129/1602 1763/2113/1586
f 1780/2129/1602 1764/2114/1587 1763/2113/1586
f 1781/2130/1603 1765/2115/1588 1764/2114/1587
f 1782/2131/1604 1766/2116/1589 1765/2115/1588
f 1783/2132/1605 1767/2117/1590 1766/2116/1589
f 1784/2133/1606 1768/2118/1591 1767/2117/1590
f 1785/2134/1607 1769/2119/1592 1768/2118/1591
f 1786/2135/1608 1770/128/127 1769/2119/1592
f 378/2121/1594 1810/2136/1609 66/2137/1610
f 1795/2120/1593 1809/2138/1611 1810/2136/1609
f 1809/2138/1611 1793/2123/1596 1808/2139/1612
f 1808/2139/1612 1792/2124/1597 1807/2140/1613
f 1807/2140/1613 1791/2125/1598 1806/2141/1614
f 1806/2141/1614 1790/2126/1599 1805/2142/1615
f 1805/2142/1615 1789/2127/1600 1804/2143/1616
f 1789/2127/1600 1803/132/131 1804/2143/1616
f 315/2144/1617 1796/2145/1618 1780/2129/1602
f 1796/2145/1618 1781/2130/1603 1780/2129/1602
f 1797/2146/1619 1782/2131/1604 1781/2130/1603
f 1797/2146/1619 1783/2132/1605 1782/2131/1604
f 1798/2147/1620 1784/2133/1606 1783/2132/1605
f 1799/2148/1621 1785/2134/1607 1784/2133/1606
f 1800/2149/1622 1786/2135/1608 1785/2134/1607
f 1801/2150/1623 1787/130/129 1786/2135/1608
f 66/2137/1610 1824/2151/1624 92/2152/1625
f 1810/2136/1609 1823/2153/1626 1824/2151/1624
f 1823/2153/1626 1808/2139/1612 1822/2154/1627
f 1822/2154/1627 1807/2140/1613 1821/2155/1628
f 1821/2155/1628 1806/2141/1614 1820/2156/1629
f 1820/2156/1629 1805/2142/1615 1819/2157/1630
f 1804/2143/1616 1818/134/133 1819/2157/1630
f 21/2158/1631 1811/2159/1632 1796/2145/1618
f 1811/2159/1632 1797/2146/1619 1796/2145/1618
f 1812/2160/1633 1798/2147/1620 1797/2146/1619
f 1813/2161/1634 1799/2148/1621 1798/2147/1620
f 1814/2162/1635 1800/2149/1622 1799/2148/1621
f 1815/2163/1636 1801/2150/1623 1800/2149/1622
f 1816/2164/1637 1802/131/130 1801/2150/1623
f 92/2152/1625 1838/2165/1638 67/2166/1639
f 1824/2151/1624 1837/2167/1640 1838/2165/1638
f 1837/2167/1640 1822/2154/1627 1836/2168/1641
f 1836/2168/1641 1821/2155/1628 1835/2169/1642
f 1835/2169/1642 1820/2156/1629 1834/2170/1643
f 1834/2170/1643 1819/2157/1630 1833/2171/1644
f 1819/2157/1630 1832/136/135 1833/2171/1644
f 37/2172/1645 1825/2173/1646 1811/2159/1632
f 1825/2173/1646 1812/2160/1633 1811/2159/1632
f 1826/2174/1647 1813/2161/1634 1812/2160/1633
f 1827/2175/1648 1814/2162/1635 1813/2161/1634
f 1828/2176/1649 1815/2163/1636 1814/2162/1635
f 1829/2177/1650 1816/2164/1637 1815/2163/1636
f 1830/2178/1651 1817/133/132 1816/2164/1637
f 67/2166/1639 1850/2179/1652 38/2180/1653
f 1838/2165/1638 1849/2181/1654 1850/2179/1652
f 1849/2181/1654 1836/2168/1641 1848/2182/1655
f 1848/2182/1655 1835/2169/1642 1847/2183/1656
f 1847/2183/1656 1834/2170/1643 1846/2184/1657
f 1846/2184/1657 1833/2171/1644 1845/138/137
f 190/2185/1658 1839/2186/1659 1825/2173/1646
f 1839/2186/1659 1826/2174/1647 1825/2173/1646
f 1840/2187/1660 1827/2175/1648 1826/2174/1647
f 1841/2188/1661 1828/2176/1649 1827/2175/1648
f 1842/2189/1662 1829/2177/1650 1828/2176/1649
f 1843/2190/1663 1830/2178/1651 1829/2177/1650
f 1843/2190/1663 1831/135/134 1830/2178/1651
f 38/2180/1653 1862/2191/1664 68/2192/1665
f 1850/2179/1652 1861/2193/1666 1862/2191/1664
f 1861/2193/1666 1848/2182/1655 1860/2194/1667
f 1860/2194/1667 1847/2183/1656 1859/2195/1668
f 1859/2195/1668 1846/2184/1657 1858/2196/1669
f 1858/2196/1669 1845/138/137 1857/140/139
f 320/2197/1670 1851/2198/1671 1839/2186/1659
f 1851/2198/1671 1840/2187/1660 1839/2186/1659
f 1852/2199/1672 1841/2188/1661 1840/2187/1660
f 1853/2200/1673 1842/2189/1662 1841/2188/1661
f 1854/2201/1674 1843/2190/1663 1842/2189/1662
f 1855/2202/1675 1844/137/136 1843/2190/1663
f 68/2192/1665 1874/2203/1676 93/2204/1677
f 1862/2191/1664 1873/2205/1678 1874/2203/1676
f 1873/2205/1678 1861/2193/1666 1872/2206/1679
f 1872/2206/1679 1860/2194/1667 1871/2207/1680
f 1871/2207/1680 1859/2195/1668 1870/2208/1681
f 1870/2208/1681 1857/140/139 1869/2209/1682
f 1857/140/139 1868/141/140 1869/2209/1682
f 396/2210/1683 1863/2211/1684 1851/2198/1671
f 1864/2212/1685 1852/2199/1672 1851/2198/1671
f 1864/2212/1685 1853/2200/1673 1852/2199/1672
f 1865/2213/1686 1854/2201/1674 1853/2200/1673
f 1866/2214/1687 1855/2202/1675 1854/2201/1674
f 1867/2215/1688 1856/139/138 1855/2202/1675
f 93/2204/1677 1887/2216/1689 69/2217/1690
f 1874/2203/1676 1886/2218/1691 1887/2216/1689
f 1886/2218/1691 1872/2206/1679 1885/2219/1692
f 1872/2206/1679 1884/2220/1693 1885/2219/1692
f 1884/2220/1693 1870/2208/1681 1883/2221/1694
f 1883/2221/1694 1869/2209/1682 1882/2222/1695
f 1869/2209/1682 1881/143/142 1882/2222/1695
f 323/2223/1696 1875/2224/1697 1863/2211/1684
f 1875/2224/1697 1864/2212/1685 1863/2211/1684
f 1876/2225/1698 1865/2213/1686 1864/2212/1685
f 1877/2226/1699 1866/2214/1687 1865/2213/1686
f 1878/2227/1700 1867/2215/1688 1866/2214/1687
f 1879/2228/1701 1868/141/140 1867/2215/1688
f 94/2229/1702 1887/2216/1689 1900/2230/1703
f 1900/2230/1703 1886/2218/1691 1899/2231/1704
f 1899/2231/1704 1885/2219/1692 1898/2232/1705
f 1885/2219/1692 1897/2233/1706 1898/2232/1705
f 1897/2233/1706 1883/2221/1694 1896/2234/1707
f 1896/2234/1707 1882/2222/1695 1895/2235/1708
f 1882/2222/1695 1894/145/144 1895/2235/1708
f 326/2236/1709 1875/2224/1697 22/2237/1710
f 1888/2238/1711 1876/2225/1698 1875/2224/1697
f 1889/2239/1712 1877/2226/1699 1876/2225/1698
f 1877/2226/1699 1891/2240/1713 1878/2227/1700
f 1891/2240/1713 1879/2228/1701 1878/2227/1700
f 1892/2241/1714 1880/142/141 1879/2228/1701
f 195/2242/1715 1900/2230/1703 1913/2243/1716
f 1913/2243/1716 1899/2231/1704 1912/2244/1717
f 1912/2244/1717 1898/2232/1705 1911/2245/1718
f 1898/2232/1705 1910/2246/1719 1911/2245/1718
f 1910/2246/1719 1896/2234/1707 1909/2247/1720
f 1909/2247/1720 1895/2235/1708 1908/2248/1721
f 1895/2235/1708 1907/147/146 1908/2248/1721
f 198/2249/1722 1888/2238/1711 326/2236/1709
f 1901/2250/1723 1889/2239/1712 1888/2238/1711
f 1902/2251/1724 1890/2252/1725 1889/2239/1712
f 1890/2252/1725 1904/2253/1726 1891/2240/1713
f 1891/2240/1713 1904/2253/1726 1892/2241/1714
f 1905/2254/1727 1893/144/143 1892/2241/1714
f 5/2255/1728 1913/2243/1716 1926/2256/1729
f 1926/2256/1729 1912/2244/1717 1925/2257/1730
f 1925/2257/1730 1911/2245/1718 1924/2258/1731
f 1911/2245/1718 1923/2259/1732 1924/2258/1731
f 1923/2259/1732 1909/2247/1720 1922/2260/1733
f 1922/2260/1733 1908/2248/1721 1921/2261/1734
f 1908/2248/1721 1920/149/148 1921/2261/1734
f 329/2262/1735 1901/2250/1723 198/2249/1722
f 1914/2263/1736 1902/2251/1724 1901/2250/1723
f 1915/2264/1737 1903/2265/1738 1902/2251/1724
f 1903/2265/1738 1917/2266/1739 1904/2253/1726
f 1917/2266/1739 1905/2254/1727 1904/2253/1726
f 1918/2267/1740 1906/146/145 1905/2254/1727
f 70/2268/1741 1926/2256/1729 1939/2269/1742
f 1939/2269/1742 1925/2257/1730 1938/2270/1743
f 1938/2270/1743 1924/2258/1731 1937/2271/1744
f 1924/2258/1731 1936/2272/1745 1937/2271/1744
f 1936/2272/1745 1922/2260/1733 1935/2273/1746
f 1935/2273/1746 1921/2261/1734 1934/2274/1747
f 1934/2274/1747 1920/149/148 1933/151/150
f 201/2275/1748 1914/2263/1736 329/2262/1735
f 1927/2276/1749 1915/2264/1737 1914/2263/1736
f 1928/2277/1750 1916/2278/1751 1915/2264/1737
f 1916/2278/1751 1930/2279/1752 1917/2266/1739
f 1930/2279/1752 1918/2267/1740 1917/2266/1739
f 1931/2280/1753 1919/148/147 1918/2267/1740
f 379/2281/1754 1939/2269/1742 1952/2282/1755
f 1952/2282/1755 1938/2270/1743 1951/2283/1756
f 1951/2283/1756 1937/2271/1744 1950/2284/1757
f 1937/2271/1744 1949/2285/1758 1950/2284/1757
f 1949/2285/1758 1935/2273/1746 1948/2286/1759
f 1948/2286/1759 1934/2274/1747 1947/2287/1760
f 1947/2287/1760 1933/151/150 1946/153/152
f 332/2288/1761 1927/2276/1749 201/2275/1748
f 1940/2289/1762 1928/2277/1750 1927/2276/1749
f 1941/2290/1763 1929/2291/1764 1928/2277/1750
f 1929/2291/1764 1943/2292/1765 1930/2279/1752
f 1943/2292/1765 1931/2280/1753 1930/2279/1752
f 1944/2293/1766 1932/150/149 1931/2280/1753
f 71/2294/1767 1952/2282/1755 1964/2295/1768
f 1964/2295/1768 1951/2283/1756 1963/2296/1769
f 1950/2284/1757 1962/2297/1770 1963/2296/1769
f 1962/2297/1770 1948/2286/1759 1961/2298/1771
f 1961/2298/1771 1947/2287/1760 1960/2299/1772
f 1960/2299/1772 1946/153/152 1959/155/154
f 23/2300/1773 1940/2289/1762 332/2288/1761
f 1954/2301/1774 1941/2290/1763 1940/2289/1762
f 1954/2301/1774 1942/2302/1775 1941/2290/1763
f 1942/2302/1775 1956/2303/1776 1943/2292/1765
f 1956/2303/1776 1944/2293/1766 1943/2292/1765
f 1957/2304/1777 1945/152/151 1944/2293/1766
f 333/2305/1778 1964/2295/1768 1978/2306/1779
f 1978/2306/1779 1963/2296/1769 1977/2307/1780
f 1963/2296/1769 1976/2308/1781 1977/2307/1780
f 1962/2297/1770 1975/2309/1782 1976/2308/1781
f 1975/2309/1782 1961/2298/1771 1974/2310/1783
f 1974/2310/1783 1960/2299/1772 1973/2311/1784
f 1973/2311/1784 1959/155/154 1972/157/156
f 336/2312/1785 1953/2313/1786 23/2300/1773
f 1965/2314/1787 1954/2301/1774 1953/2313/1786
f 1966/2315/1788 1955/2316/1789 1954/2301/1774
f 1955/2316/1789 1968/2317/1790 1956/2303/1776
f 1969/2318/1791 1957/2304/1777 1956/2303/1776
f 1970/2319/1792 1958/154/153 1957/2304/1777
f 369/2320/1793 1978/2306/1779 1992/2321/1794
f 1992/2321/1794 1977/2307/1780 1991/2322/1795
f 1977/2307/1780 1990/2323/1796 1991/2322/1795
f 1976/2308/1781 1989/2324/1797 1990/2323/1796
f 1989/2324/1797 1975/2309/1782 1988/2325/1798
f 1988/2325/1798 1973/2311/1784 1987/2326/1799
f 1987/2326/1799 1972/157/156 1986/159/158
f 206/2327/1800 1965/2314/1787 336/2312/1785
f 1979/2328/1801 1966/2315/1788 1965/2314/1787
f 1980/2329/1802 1967/2330/1803 1966/2315/1788
f 1967/2330/1803 1982/2331/1804 1968/2317/1790
f 1968/2317/1790 1983/2332/1805 1969/2318/1791
f 1983/2332/1805 1970/2319/1792 1969/2318/1791
f 1984/2333/1806 1971/156/155 1970/2319/1792
f 397/2334/1807 1992/2335/1794 2005/2336/1808
f 2005/2336/1808 1991/2337/1795 2004/2338/1809
f 1991/2337/1795 2003/2339/1810 2004/2338/1809
f 1990/2340/1796 2002/2341/1811 2003/2339/1810
f 1989/2342/1797 2001/2343/1812 2002/2341/1811
f 2001/2343/1812 1987/2344/1799 2000/2345/1813
f 2000/2345/1813 1986/160/158 1999/162/160
f 339/2346/1814 1979/2347/1801 206/2348/1800
f 1993/2349/1815 1980/2350/1802 1979/2347/1801
f 1994/2351/1816 1981/2352/1817 1980/2350/1802
f 1981/2352/1817 1996/2353/1818 1982/2354/1804
f 1982/2354/1804 1997/2355/1819 1983/2356/1805
f 1997/2355/1819 1984/2357/1806 1983/2356/1805
f 1998/161/159 1985/2358/157 1984/2357/1806
f 207/2359/1820 2005/2336/1808 2018/2360/1821
f 2018/2360/1821 2004/2338/1809 2017/2361/1822
f 2004/2338/1809 2016/2362/1823 2017/2361/1822
f 2003/2339/1810 2015/2363/1824 2016/2362/1823
f 2002/2341/1811 2014/2364/1825 2015/2363/1824
f 2014/2364/1825 2000/2345/1813 2013/2365/1826
f 2013/2365/1826 1999/162/160 2012/164/162
f 24/2366/1827 1993/2349/1815 339/2346/1814
f 2006/2367/1828 1994/2351/1816 1993/2349/1815
f 2007/2368/1829 1995/2369/1830 1994/2351/1816
f 1995/2369/1830 2009/2370/1831 1996/2353/1818
f 1996/2353/1818 2010/2371/1832 1997/2355/1819
f 2010/2371/1832 1998/161/159 1997/2355/1819
f 407/2372/1833 2018/2360/1821 2031/2373/1834
f 2031/2373/1834 2017/2361/1822 2030/2374/1835
f 2017/2361/1822 2029/2375/1836 2030/2374/1835
f 2016/2362/1823 2028/2376/1837 2029/2375/1836
f 2028/2376/1837 2014/2364/1825 2027/2377/1838
f 2027/2377/1838 2013/2365/1826 2026/2378/1839
f 2026/2378/1839 2012/164/162 2025/2379/1840
f 39/2380/1841 2006/2367/1828 24/2366/1827
f 2019/2381/1842 2007/2368/1829 2006/2367/1828
f 2020/2382/1843 2008/2383/1844 2007/2368/1829
f 2008/2383/1844 2022/2384/1845 2009/2370/1831
f 2009/2370/1831 2023/2385/1846 2010/2371/1832
f 2023/2385/1846 2011/163/161 2010/2371/1832
f 2044/2386/1847 2030/2374/1835 2043/2387/1848
f 2043/2387/1848 2029/2375/1836 2042/2388/1849
f 2029/2375/1836 2041/2389/1850 2042/2388/1849
f 2041/2389/1850 2027/2377/1838 2040/2390/1851
f 2040/2390/1851 2026/2378/1839 2039/2391/1852
f 2026/2378/1839 2038/2392/1853 2039/2391/1852
f 25/2393/1854 2019/2381/1842 39/2380/1841
f 2032/2394/1855 2020/2382/1843 2019/2381/1842
f 2033/2395/1856 2021/2396/1857 2020/2382/1843
f 2021/2396/1857 2035/2397/1858 2022/2384/1845
f 2022/2384/1845 2036/2398/1859 2023/2385/1846
f 2036/2398/1859 2024/2399/1860 2023/2385/1846
f 2037/2400/1861 2025/2379/1840 2024/2399/1860
f 2058/2401/1862 2043/2387/1848 2057/2402/1863
f 2057/2402/1863 2042/2388/1849 2056/2403/1864
f 2042/2388/1849 2055/2404/1865 2056/2403/1864
f 2041/2389/1850 2054/2405/1866 2055/2404/1865
f 2054/2405/1866 2039/2391/1852 2053/2406/1867
f 2039/2391/1852 2052/2407/1868 2053/2406/1867
f 2038/2392/1853 2051/165/163 2052/2407/1868
f 40/2408/1869 2032/2394/1855 25/2393/1854
f 2045/2409/1870 2033/2395/1856 2032/2394/1855
f 2046/2410/1871 2034/2411/1872 2033/2395/1856
f 2034/2411/1872 2048/2412/1873 2035/2397/1858
f 2035/2397/1858 2049/2413/1874 2036/2398/1859
f 2049/2413/1874 2037/2400/1861 2036/2398/1859
f 2050/2414/1875 2038/2392/1853 2037/2400/1861
f 2071/2415/1876 2057/2402/1863 2070/2416/1877
f 2070/2416/1877 2056/2403/1864 2069/2417/1878
f 2056/2403/1864 2068/2418/1879 2069/2417/1878
f 2055/2404/1865 2067/2419/1880 2068/2418/1879
f 2067/2419/1880 2053/2406/1867 2066/2420/1881
f 2066/2420/1881 2052/2407/1868 2065/167/165
f 26/2421/1882 2045/2409/1870 40/2408/1869
f 2059/2422/1883 2046/2410/1871 2045/2409/1870
f 2060/2423/1884 2047/2424/1885 2046/2410/1871
f 2047/2424/1885 2062/2425/1886 2048/2412/1873
f 2048/2412/1873 2063/2426/1887 2049/2413/1874
f 2063/2426/1887 2050/2414/1875 2049/2413/1874
f 2064/166/164 2051/165/163 2050/2414/1875
f 2085/2427/1888 2070/2416/1877 2084/2428/1889
f 2084/2428/1889 2069/2417/1878 2083/2429/1890
f 2069/2417/1878 2082/2430/1891 2083/2429/1890
f 2068/2418/1879 2081/2431/1892 2082/2430/1891
f 2081/2431/1892 2066/2420/1881 2080/2432/1893
f 2080/2432/1893 2065/167/165 2079/2433/1894
f 2065/167/165 2078/2434/1895 2079/2433/1894
f 346/2435/1896 2059/2422/1883 26/2421/1882
f 2072/2436/1897 2060/2423/1884 2059/2422/1883
f 2073/2437/1898 2061/2438/1899 2060/2423/1884
f 2061/2438/1899 2075/2439/1900 2062/2425/1886
f 2062/2425/1886 2076/2440/1901 2063/2426/1887
f 2076/2440/1901 2064/166/164 2063/2426/1887
f 2096/2441/1902 2084/2428/1889 2095/2442/1903
f 2083/2429/1890 2094/2443/1904 2095/2442/1903
f 2094/2443/1904 2081/2431/1892 2093/2444/1905
f 2093/2444/1905 2079/2433/1894 2092/2445/1906
f 2079/2433/1894 2091/2446/1907 2092/2445/1906
f 27/2447/1908 2072/2436/1897 346/2435/1896
f 2086/2448/1909 2073/2437/1898 2072/2436/1897
f 2087/2449/1910 2074/2450/1911 2073/2437/1898
f 2088/2451/1912 2075/2439/1900 2074/2450/1911
f 2089/2452/1913 2076/2440/1901 2075/2439/1900
f 2089/2452/1913 2077/2453/1914 2076/2440/1901
f 2090/2454/1915 2078/2434/1895 2077/2453/1914
f 41/2455/1916 2096/2441/1902 2105/2456/1917
f 2095/2442/1903 2104/2457/1918 2105/2456/1917
f 2104/2457/1918 2093/2444/1905 2103/2458/1919
f 2103/2458/1919 2092/2445/1906 2102/2459/1920
f 2092/2445/1906 2101/2460/1921 2102/2459/1920
f 398/2461/1922 2086/2448/1909 27/2447/1908
f 2097/2462/1923 2087/2449/1910 2086/2448/1909
f 2098/2463/1924 2088/2451/1912 2087/2449/1910
f 2098/2463/1924 2089/2452/1913 2088/2451/1912
f 2100/2464/1925 2090/2454/1915 2089/2452/1913
f 2100/2464/1925 2091/2446/1907 2090/2454/1915
f 72/2465/1926 2105/2456/1917 2114/2466/1927
f 2105/2456/1917 2113/2467/1928 2114/2466/1927
f 2113/2467/1928 2103/2458/1919 2112/2468/1929
f 2112/2468/1929 2102/2459/1920 2111/2469/1930
f 2102/2459/1920 2110/2470/1931 2111/2469/1930
f 28/2471/1932 2097/2462/1923 398/2461/1922
f 2106/2472/1933 2098/2463/1924 2097/2462/1923
f 2107/2473/1934 2099/2474/1935 2098/2463/1924
f 2108/2475/1936 2100/2464/1925 2099/2474/1935
f 2109/2476/1937 2101/2460/1921 2100/2464/1925
f 72/2465/1926 2123/2477/1938 349/2478/1939
f 2114/2466/1927 2122/2479/1940 2123/2477/1938
f 2122/2479/1940 2112/2468/1929 2121/2480/1941
f 2121/2480/1941 2111/2469/1930 2120/2481/1942
f 2111/2469/1930 2119/168/166 2120/2481/1942
f 42/2482/1943 2106/2472/1933 28/2471/1932
f 2115/2483/1944 2107/2473/1934 2106/2472/1933
f 2116/2484/1945 2108/2475/1936 2107/2473/1934
f 2117/2485/1946 2109/2476/1937 2108/2475/1936
f 2118/2486/1947 2110/2470/1931 2109/2476/1937
f 218/2487/1948 2123/2477/1938 2132/2488/1949
f 2123/2477/1938 2131/2489/1950 2132/2488/1949
f 2131/2489/1950 2121/2480/1941 2130/2490/1951
f 2130/2490/1951 2120/2481/1942 2129/2491/1952
f 2120/2481/1942 2128/170/168 2129/2491/1952
f 221/2492/1953 2115/2483/1944 42/2482/1943
f 2124/2493/1954 2116/2484/1945 2115/2483/1944
f 2125/2494/1955 2117/2485/1946 2116/2484/1945
f 2117/2485/1946 2127/169/167 2118/2486/1947
f 2127/169/167 2119/168/166 2118/2486/1947
f 381/2495/1956 2132/2488/1949 2141/2496/1957
f 2132/2488/1949 2140/2497/1958 2141/2496/1957
f 2140/2497/1958 2130/2490/1951 2139/2498/1959
f 2139/2498/1959 2129/2491/1952 2138/2499/1960
f 2129/2491/1952 2137/172/170 2138/2499/1960
f 354/2500/1961 2124/2493/1954 221/2492/1953
f 2133/2501/1962 2125/2494/1955 2124/2493/1954
f 2134/2502/1963 2126/2503/1964 2125/2494/1955
f 2126/2503/1964 2135/2504/1965 2127/169/167
f 381/2495/1956 2150/2505/1966 370/2506/1967
f 2141/2496/1957 2149/2507/1968 2150/2505/1966
f 2149/2507/1968 2140/2497/1958 2148/2508/1969
f 2148/2508/1969 2138/2499/1960 2147/2509/1970
f 2138/2499/1960 2146/174/172 2147/2509/1970
f 354/2500/1961 29/2510/1971 2133/2501/1962
f 29/2510/1971 2134/2502/1963 2133/2501/1962
f 2143/2511/1972 2135/2504/1965 2134/2502/1963
f 2144/2512/1973 2136/171/169 2135/2504/1965
f 380/2513/1974 2150/2505/1966 2159/2514/1975
f 2150/2505/1966 2158/2515/1976 2159/2514/1975
f 2158/2515/1976 2148/2508/1969 2157/2516/1977
f 2157/2516/1977 2147/2509/1970 2156/2517/1978
f 2147/2509/1970 2155/176/174 2156/2517/1978
f 401/2518/1979 2142/2519/1980 29/2510/1971
f 2151/2520/1981 2143/2511/1972 2142/2519/1980
f 2152/2521/1982 2144/2512/1973 2143/2511/1972
f 2153/2522/1983 2145/173/171 2144/2512/1973
f 95/2523/1984 2159/2514/1975 2169/1046/560
f 2169/1046/560 2159/2514/1975 2168/1048/562
f 2168/1048/562 2157/2516/1977 2167/1050/564
f 2167/1050/564 2157/2516/1977 2166/2524/1985
f 2166/2524/1985 2156/2517/1978 2165/1052/1986
f 2156/2517/1978 2164/1/1 2165/1052/1986
f 2160/1055/569 2151/2520/1981 401/2518/1979
f 2160/1055/569 2152/2521/1982 2151/2520/1981
f 2162/1060/574 2153/2522/1983 2152/2521/1982
f 2162/1060/574 2154/175/173 2153/2522/1983
f 2191/2525/1987 2180/2526/1988 2205/2527/1989
f 2205/2527/1989 2204/2528/1990 2222/2529/1991
f 2222/2529/1991 2229/2530/1992 2164/1/1993
f 2173/2531/1994 2183/2532/1995 2182/2533/1996
f 2185/2534/1997 2208/2535/1998 2182/2533/1996
f 2186/2536/1999 2207/2537/2000 2208/2535/1998
f 2207/2537/2000 2188/2538/2001 2181/2539/2002
f 2189/2540/2003 2206/2541/2004 2181/2539/2002
f 2190/2542/2005 2205/2527/1989 2206/2541/2004
f 2171/2543/2006 2201/2544/2007 2170/2545/2008
f 2176/2546/2009 2200/2547/2010 2201/2544/2007
f 2176/2546/2009 2199/2548/2011 2200/2547/2010
f 2177/2549/2012 2198/2550/2013 2199/2548/2011
f 2177/2549/2012 2197/2551/2014 2198/2550/2013
f 2178/2552/2015 2196/2553/2016 2197/2551/2014
f 2196/2553/2016 2179/2554/2017 2195/2555/2018
f 2195/2555/2018 2179/2554/2017 2194/2556/2019
f 2179/2554/2017 2193/2557/2020 2194/2556/2019
f 2180/2526/1988 2192/2558/2021 2193/2557/2020
f 2173/2531/1994 2182/2533/1996 2211/2559/2022
f 2182/2533/1996 2208/2535/1998 2211/2559/2022
f 2207/2537/2000 2181/2539/2002 2224/2560/2023
f 2181/2539/2002 2206/2541/2004 2224/2560/2023
f 2202/2561/2024 2177/2549/2012 2176/2546/2009
f 2203/2562/2025 2179/2554/2017 2178/2552/2015
f 2212/2563/2026 2211/2559/2022 2218/2564/2027
f 2216/2565/2028 2207/2537/2000 2215/2566/2029
f 2206/2541/2004 2222/2529/1991 2223/2567/2030
f 2213/2568/2031 2202/2561/2024 2171/2543/2006
f 2209/2569/2032 2203/2562/2025 2177/2549/2012
f 2210/2570/2033 2204/2528/1990 2179/2554/2017
f 2211/2559/2022 2216/2565/2028 2218/2564/2027
f 2213/2568/2031 2209/2569/2032 2202/2561/2024
f 2214/2571/2034 2210/2570/2033 2203/2562/2025
f 2231/2572/2035 2215/2566/2029 2230/2573/2036
f 2217/2574/2037 2210/2570/2033 2214/2571/2034
f 2233/2575/2038 2218/2564/2027 2232/2576/2039
f 2218/2564/2027 2231/2572/2035 2232/2576/2039
f 2220/2577/2040 2204/2528/1990 2210/2570/2033
f 2175/2578/2041 2218/2564/2027 2235/2579/2042
f 2235/2579/2042 2218/2564/2027 2234/2580/2043
f 2230/2573/2036 2224/2560/2023 2166/2524/2044
f 2166/2524/2044 2223/2567/2030 2165/1052/2045
f 2223/2567/2030 2164/1/1993 2165/1052/2045
f 2225/2581/2046 2209/2569/2032 2213/2568/2031
f 2227/2582/2047 2214/2571/2034 2209/2569/2032
f 2228/2583/2048 2217/2574/2037 2214/2571/2034
f 2164/1/1 2163/177/175 770/2/2
f 771/3/3 770/2/2 780/4/4
f 781/5/5 780/4/4 790/6/6
f 791/7/7 790/6/6 801/8/8
f 802/9/9 801/8/8 812/10/10
f 813/11/11 812/10/10 823/12/12
f 836/14/14 824/13/13 823/12/12
f 848/16/16 836/14/14 835/15/15
f 861/18/18 848/16/16 847/17/17
f 874/20/20 861/18/18 860/19/19
f 888/22/22 874/20/20 873/21/21
f 902/24/24 888/22/22 887/23/23
f 915/26/26 902/24/24 901/25/25
f 927/29/29 915/1217/26 914/1229/27
f 955/31/31 941/28/28 940/30/30
f 968/33/33 955/31/31 954/32/32
f 982/35/35 968/33/33 967/34/34
f 996/37/37 982/35/35 981/36/36
f 1009/39/39 996/37/37 995/38/38
f 1022/41/41 1009/39/39 1008/40/40
f 1036/43/43 1022/41/41 1021/42/42
f 1051/45/45 1036/43/43 1035/44/44
f 1067/47/47 1051/45/45 1050/46/46
f 1083/1380/881 1067/47/47 1066/48/48
f 1125/52/52 1112/49/49 1111/51/51
f 1138/54/54 1125/52/52 1124/53/53
f 1152/56/56 1138/54/54 1137/55/55
f 1166/58/58 1152/56/56 1151/57/57
f 1181/60/60 1166/58/58 1165/59/59
f 1197/62/62 1181/60/60 1180/61/61
f 1213/64/64 1197/62/62 1196/63/63
f 1228/1530/1031 1213/64/64 1212/65/65
f 1342/69/69 1330/66/66 1329/68/68
f 1355/71/71 1342/69/69 1341/70/70
f 1369/73/73 1355/71/71 1354/72/72
f 1384/75/75 1369/73/73 1368/74/74
f 1396/78/78 1384/75/75 1383/76/76
f 1426/80/80 1411/77/77 1410/79/79
f 1441/82/82 1426/80/80 1425/81/81
f 1441/82/82 1440/83/83 1455/84/84
f 1456/85/85 1455/84/84 1470/86/86
f 1471/87/87 1470/86/86 1485/88/88
f 1486/89/89 1485/88/88 1499/90/90
f 1500/91/91 1499/90/90 1513/92/92
f 1514/93/93 1513/92/92 1527/94/94
f 1528/95/95 1527/94/94 1540/96/96
f 1541/97/97 1540/96/96 1554/98/98
f 1555/99/99 1554/98/98 1568/100/100
f 1569/101/101 1568/100/100 1582/102/102
f 1583/103/103 1582/102/102 1596/104/104
f 1597/106/105 1596/1958/104 1611/107/106
f 1612/108/107 1611/107/106 1627/109/108
f 1628/110/109 1627/109/108 1642/111/110
f 1643/112/111 1642/111/110 1657/113/112
f 1658/114/113 1657/113/112 1672/115/114
f 1673/116/115 1672/115/114 1688/117/116
f 1689/118/117 1688/117/116 1704/119/118
f 1705/120/119 1704/119/118 1721/121/120
f 1722/122/121 1721/121/120 1737/123/122
f 1755/125/124 1738/124/123 1737/123/122
f 1771/127/126 1755/125/124 1754/126/125
f 1788/129/128 1771/127/126 1770/128/127
f 1788/129/128 1787/130/129 1802/131/130
f 1803/132/131 1802/131/130 1817/133/132
f 1818/134/133 1817/133/132 1831/135/134
f 1832/136/135 1831/135/134 1844/137/136
f 1845/138/137 1844/137/136 1856/139/138
f 1857/140/139 1856/139/138 1868/141/140
f 1881/143/142 1880/142/141 1893/144/143
f 1894/145/144 1893/144/143 1906/146/145
f 1907/147/146 1906/146/145 1919/148/147
f 1920/149/148 1919/148/147 1932/150/149
f 1933/151/150 1932/150/149 1945/152/151
f 1946/153/152 1945/152/151 1958/154/153
f 1959/155/154 1958/154/153 1971/156/155
f 1972/157/156 1971/156/155 1985/158/157
f 1986/160/158 1985/2358/157 1998/161/159
f 1999/162/160 1998/161/159 2011/163/161
f 2012/164/162 2011/163/161 2025/2379/1840
f 2065/167/165 2064/166/164 2078/2434/1895
f 2128/170/168 2127/169/167 2136/171/169
f 2137/172/170 2136/171/169 2145/173/171
f 2146/174/172 2145/173/171 2154/175/173
f 2155/176/174 2154/175/173 2163/177/175
f 391/292/177 388/265/177 390/304/177
f 59/181/176 53/180/176 11/309/176
f 68/374/176 393/183/176 368/363/176
f 68/374/176 195/401/176 397/414/176
f 399/187/176 384/197/176 381/185/176
f 99/2584/176 224/186/176 381/185/176
f 399/187/176 357/2585/176 384/197/176
f 226/189/177 98/457/177 398/190/177
f 97/193/177 225/195/177 382/192/177
f 227/196/176 99/2584/176 381/185/176
f 357/2585/176 371/2586/176 384/197/176
f 101/2587/176 227/196/176 384/197/176
f 229/199/177 383/191/177 382/192/177
f 230/202/176 101/2587/176 384/197/176
f 231/206/177 106/2588/177 382/192/177
f 30/2589/177 107/2590/177 382/192/177
f 106/2588/177 233/2591/177 382/192/177
f 110/211/177 30/2589/177 382/192/177
f 233/2591/177 109/2592/177 382/192/177
f 109/2592/177 235/2593/177 382/192/177
f 235/2593/177 112/222/177 382/192/177
f 238/2594/177 113/2595/177 385/212/177
f 112/222/177 237/2596/177 386/221/177
f 116/223/177 238/2594/177 385/212/177
f 237/2596/177 115/2597/177 386/221/177
f 117/2598/176 239/224/176 384/197/176
f 405/225/176 44/2599/176 384/197/176
f 241/226/177 116/223/177 386/221/177
f 115/2597/177 240/229/177 386/221/177
f 242/2600/176 117/2598/176 384/197/176
f 44/2599/176 32/230/176 384/197/176
f 119/2601/176 242/2600/176 384/197/176
f 32/230/176 359/2602/176 406/231/176
f 245/2603/176 119/2601/176 384/197/176
f 359/2602/176 33/2604/176 406/231/176
f 121/2605/176 245/2603/176 384/197/176
f 33/2604/176 15/2606/176 406/231/176
f 248/240/176 121/2605/176 384/197/176
f 77/178/176 384/197/176 406/231/176
f 123/2607/176 248/240/176 77/178/176
f 250/245/176 123/2607/176 77/178/176
f 360/2608/176 74/248/178 406/231/176
f 251/250/177 127/2609/177 386/221/177
f 46/254/176 77/178/176 406/231/176
f 127/2609/177 254/2610/177 386/221/177
f 130/255/177 3/2611/2049 386/221/177
f 254/2610/177 129/2612/177 386/221/177
f 131/261/176 255/257/176 77/178/176
f 7/258/176 47/264/176 77/178/176
f 75/2613/525 130/255/177 387/256/177
f 129/2612/177 256/260/177 386/221/177
f 133/2614/176 257/262/176 77/178/176
f 76/263/178 48/2615/176 77/178/176
f 132/259/177 258/269/177 386/221/177
f 259/2616/176 133/2614/176 77/178/176
f 135/2617/176 259/2616/176 77/178/176
f 17/267/177 387/256/177 388/265/177
f 136/273/177 388/265/177 386/221/177
f 262/274/176 135/2617/176 77/178/176
f 49/2618/189 78/277/179 77/178/176
f 139/2619/2050 400/278/177 388/265/177
f 263/279/177 138/2620/177 388/265/177
f 137/275/176 77/178/176 53/180/176
f 79/281/176 389/179/176 77/178/176
f 138/2620/177 265/2621/177 388/265/177
f 265/2621/177 141/2622/177 388/265/177
f 268/2623/181 18/2624/182 388/265/177
f 141/2622/177 267/2625/177 388/265/177
f 362/2626/177 268/2623/181 388/265/177
f 267/2625/177 143/2627/177 388/265/177
f 8/288/176 53/180/176 389/179/176
f 372/291/177 362/2626/177 388/265/177
f 143/2627/177 270/2628/177 388/265/177
f 402/2629/177 372/291/177 391/292/177
f 270/2628/177 145/2630/177 388/265/177
f 146/2631/176 271/293/176 53/180/176
f 273/295/181 402/2629/177 391/292/177
f 145/2630/177 272/298/177 388/265/177
f 274/2632/176 146/2631/176 53/180/176
f 148/2633/176 274/2632/176 53/180/176
f 373/2634/176 54/2635/176 53/180/176
f 149/300/177 390/304/177 388/265/177
f 276/2636/176 148/2633/176 53/180/176
f 54/2635/176 9/2637/176 53/180/176
f 150/2638/176 276/2636/176 53/180/176
f 9/2637/176 55/308/176 53/180/176
f 278/307/176 150/2638/176 53/180/176
f 55/308/176 10/2639/176 11/309/176
f 152/2640/176 278/307/176 59/181/176
f 10/2639/176 56/2641/176 11/309/176
f 365/305/177 391/292/177 390/304/177
f 280/314/176 152/2640/176 59/181/176
f 6/2642/177 376/316/177 390/304/177
f 281/317/177 155/2643/177 390/304/177
f 82/319/176 59/181/176 11/309/176
f 4/2644/177 6/2642/177 390/304/177
f 155/2643/177 283/2645/177 390/304/177
f 158/2646/177 4/2644/177 390/304/177
f 283/2645/177 157/2647/177 390/304/177
f 159/327/176 284/323/176 59/181/176
f 157/2647/177 285/326/177 390/304/177
f 162/2648/176 286/328/176 59/181/176
f 84/2649/176 60/2650/176 59/181/176
f 288/329/177 161/2651/177 390/304/177
f 160/325/177 287/332/177 390/304/177
f 289/2652/176 162/2648/176 59/181/176
f 60/2650/176 85/333/176 59/181/176
f 164/2653/176 289/2652/176 59/181/176
f 85/333/176 367/2654/176 86/182/176
f 291/335/184 392/330/177 394/336/177
f 292/339/176 164/2653/176 59/181/176
f 293/341/177 167/2655/177 390/304/177
f 294/342/176 59/181/176 393/183/176
f 1590/346/176 393/183/176 86/182/176
f 87/2656/177 168/2657/177 394/336/177
f 167/2655/177 295/349/177 390/304/177
f 2/348/177 87/2656/177 394/336/177
f 295/349/177 170/2658/177 395/347/177
f 298/2659/177 2/348/177 395/347/177
f 170/2658/177 297/2660/177 395/347/177
f 62/2661/181 298/2659/177 395/347/177
f 297/2660/177 172/2662/177 395/347/177
f 172/2662/177 300/2663/177 395/347/177
f 300/2663/177 174/2664/177 395/347/177
f 176/2665/176 301/357/176 393/183/176
f 89/2666/176 63/2667/176 393/183/176
f 303/358/177 175/2668/181 395/347/177
f 174/2664/177 302/361/177 395/347/177
f 304/2669/176 176/2665/176 393/183/176
f 63/2667/176 90/362/176 393/183/176
f 178/2670/176 304/2669/176 393/183/176
f 90/362/176 64/2671/176 368/363/176
f 306/364/177 395/347/177 396/366/177
f 179/368/177 396/366/177 395/347/177
f 307/2672/176 178/2670/176 393/183/176
f 64/2671/176 91/2673/178 368/363/176
f 181/2674/176 307/2672/176 393/183/176
f 310/2675/176 181/2674/176 393/183/176
f 183/373/176 310/2675/176 393/183/176
f 377/375/176 65/2676/176 68/374/176
f 313/380/176 183/373/176 68/374/176
f 65/2676/176 378/383/176 68/374/176
f 21/2677/177 315/384/177 396/366/177
f 314/385/177 187/2678/177 396/366/177
f 37/2679/181 21/2677/177 396/366/177
f 187/2678/177 317/2680/177 396/366/177
f 190/2681/182 37/2679/181 396/366/177
f 317/2680/177 189/2682/177 396/366/177
f 191/394/176 318/390/176 68/374/176
f 320/2683/525 190/2681/182 396/366/177
f 189/2682/177 319/393/177 396/366/177
f 193/2684/176 321/395/176 68/374/176
f 93/2685/176 69/400/176 68/374/176
f 192/392/177 322/399/177 396/366/177
f 324/2686/176 193/2684/176 68/374/176
f 69/400/176 94/2687/179 195/401/176
f 196/2688/176 324/2686/176 68/374/176
f 327/406/176 196/2688/176 68/374/176
f 201/2689/177 329/410/177 396/366/177
f 328/411/177 200/2690/177 396/366/177
f 379/413/176 397/414/176 195/401/176
f 330/412/176 68/374/176 397/414/176
f 332/2691/177 201/2689/177 396/366/177
f 200/2690/177 331/2692/177 396/366/177
f 23/2693/177 332/2691/177 396/366/177
f 331/2692/177 203/2694/177 396/366/177
f 336/2695/177 23/2693/177 396/366/177
f 203/2694/177 335/2696/177 396/366/177
f 206/2697/177 336/2695/177 396/366/177
f 335/2696/177 205/424/177 396/366/177
f 339/423/177 206/2697/177 396/366/177
f 205/424/177 338/2698/177 398/190/177
f 24/2699/177 339/423/177 398/190/177
f 338/2698/177 209/2700/177 398/190/177
f 210/2701/176 340/425/176 397/414/176
f 407/426/190 2044/2702/292 397/414/176
f 39/428/177 24/2699/177 398/190/177
f 209/2700/177 341/431/177 398/190/177
f 342/2703/176 210/2701/176 397/414/176
f 2044/2702/292 2058/2704/292 397/414/176
f 212/432/176 342/2703/176 397/414/176
f 2058/2704/292 2071/2705/176 397/414/176
f 344/2706/176 212/432/176 381/185/176
f 2071/2705/176 2085/2707/176 397/414/176
f 214/2708/176 344/2706/176 381/185/176
f 2085/2707/176 2096/441/176 397/414/176
f 347/2709/176 214/2708/176 381/185/176
f 2096/441/176 41/2710/176 381/185/176
f 216/2711/176 347/2709/176 381/185/176
f 41/2710/176 72/2712/176 381/185/176
f 350/444/176 216/2711/176 381/185/176
f 72/2712/176 349/447/176 381/185/176
f 221/2713/177 42/449/177 398/190/177
f 351/450/177 220/2714/177 398/190/177
f 354/2715/2051 221/2713/177 398/190/177
f 220/2714/177 353/2716/177 398/190/177
f 29/2717/185 354/2715/2051 398/190/177
f 353/2716/177 223/2718/177 398/190/177
f 96/184/176 355/453/176 381/185/176
f 380/454/176 95/188/176 381/185/176
f 401/456/177 29/2717/185 398/190/177
f 223/2718/177 356/458/177 398/190/177
f 539/459/176 540/2719/176 409/460/176
f 539/459/176 542/475/176 540/2719/176
f 540/462/191 412/2720/2052 410/463/192
f 540/462/191 542/478/202 412/2720/2052
f 410/465/177 412/479/177 413/466/177
f 663/481/203 664/468/194 413/470/196
f 728/471/197 727/483/205 539/472/198
f 541/474/176 414/486/176 542/475/176
f 542/478/202 415/477/201 412/2720/2052
f 412/479/177 415/488/177 416/480/177
f 662/490/208 663/481/203 416/482/204
f 727/483/205 726/492/210 541/484/206
f 543/485/176 417/495/176 414/486/176
f 417/487/207 418/499/213 415/477/201
f 415/488/177 418/503/177 419/489/177
f 661/504/216 662/490/208 419/491/209
f 726/492/210 725/506/218 543/493/211
f 543/485/176 544/496/176 545/494/176
f 545/498/212 420/501/215 418/499/213
f 420/502/177 421/513/177 419/489/177
f 660/514/222 661/504/216 421/505/217
f 725/506/218 724/516/224 544/507/219
f 544/496/176 546/508/176 547/497/176
f 547/500/214 422/511/221 420/501/215
f 422/512/177 423/523/177 421/513/177
f 659/524/228 660/514/222 423/515/223
f 724/516/224 723/529/233 546/517/225
f 546/508/176 548/518/176 549/509/176
f 548/518/176 424/531/176 550/519/176
f 549/510/220 425/521/227 422/511/221
f 425/522/177 426/535/177 423/523/177
f 658/536/236 659/524/228 426/525/229
f 723/529/233 722/527/231 548/526/230
f 427/530/176 552/541/176 550/519/176
f 550/520/226 428/533/235 425/521/227
f 428/534/177 429/546/177 426/535/177
f 657/547/242 658/536/236 429/537/237
f 721/538/238 720/549/244 427/539/239
f 424/528/232 722/527/231 721/538/238
f 551/540/176 554/552/176 552/541/176
f 552/532/234 430/2721/241 428/533/235
f 428/534/177 430/555/177 431/545/177
f 656/2722/248 657/547/242 431/548/243
f 720/2723/244 719/564/252 551/566/245
f 553/551/176 557/568/176 554/552/176
f 554/542/240 432/554/247 430/543/241
f 430/555/177 432/557/177 555/556/177
f 655/562/250 656/559/248 555/561/249
f 719/564/252 718/574/257 553/565/253
f 556/567/176 561/577/260 557/568/176
f 557/553/246 558/570/255 432/554/247
f 561/569/254 562/580/263 558/570/255
f 432/557/177 558/571/177 559/558/177
f 558/571/177 562/581/177 433/572/177
f 433/573/256 654/585/265 655/562/250
f 718/574/257 717/586/266 556/575/258
f 564/579/262 565/591/269 562/580/263
f 434/584/264 653/595/271 654/585/265
f 717/586/266 716/2724/2053 560/587/267
f 560/576/259 563/588/176 564/578/261
f 568/590/268 569/603/277 565/591/269
f 565/583/177 566/593/177 434/582/177
f 569/592/177 435/2725/177 566/593/177
f 652/596/272 653/595/271 566/594/270
f 563/599/275 715/598/274 714/610/282
f 560/587/267 716/2724/2053 715/598/274
f 563/588/176 567/600/176 568/589/176
f 567/600/176 436/613/176 437/601/176
f 437/602/276 438/615/284 569/603/277
f 569/592/177 439/605/177 435/2725/177
f 651/620/286 652/596/272 439/606/278
f 714/610/282 713/608/280 567/607/279
f 436/613/176 441/612/176 437/601/176
f 441/614/283 442/628/294 438/615/284
f 438/604/177 442/617/177 570/616/177
f 570/619/285 650/621/287 651/620/286
f 436/609/281 712/2726/2054 711/623/289
f 436/609/281 713/608/280 712/2726/2054
f 440/611/176 445/626/292 441/612/176
f 445/627/293 446/635/300 442/628/294
f 442/617/177 446/636/177 447/629/177
f 649/630/295 650/621/287 443/622/288
f 447/631/296 648/639/303 649/630/295
f 711/623/289 710/632/297 440/624/290
f 444/625/291 449/644/179 445/626/292
f 444/625/291 448/642/176 449/644/179
f 449/634/299 450/648/307 446/635/300
f 446/636/177 450/652/310 451/637/301
f 451/638/302 647/2727/2055 648/639/303
f 710/632/297 709/640/304 444/633/298
f 448/642/176 571/645/176 572/643/176
f 572/647/306 452/650/309 450/648/307
f 452/651/177 453/662/177 451/637/301
f 646/653/311 647/2727/2055 451/638/302
f 708/655/313 707/666/322 571/656/314
f 448/641/305 709/640/304 708/655/313
f 571/645/176 573/657/291 574/646/292
f 574/649/308 454/660/317 452/650/309
f 454/661/318 575/2728/177 453/662/177
f 454/661/318 578/673/328 575/2728/177
f 575/663/319 645/664/320 646/653/311
f 707/666/322 706/676/331 573/667/323
f 573/657/291 576/668/324 577/658/315
f 577/659/316 455/671/327 454/660/317
f 455/672/181 456/683/181 578/673/328
f 644/2729/2056 645/664/320 578/665/321
f 703/674/329 644/2729/2056 578/665/321
f 706/676/331 705/688/339 576/677/332
f 576/668/324 579/679/179 580/669/325
f 457/678/176 581/690/176 580/669/325
f 580/670/326 458/681/334 455/671/327
f 458/682/177 459/694/177 456/683/181
f 702/695/343 703/674/329 459/684/335
f 579/685/336 705/688/339 704/686/337
f 460/689/340 461/701/188 581/690/176
f 581/680/333 462/692/342 458/681/334
f 458/682/177 462/705/182 463/693/182
f 701/707/349 702/2730/343 463/708/344
f 704/686/337 765/2731/345 457/687/338
f 582/700/347 464/712/347 461/701/188
f 461/702/341 464/717/354 583/703/348
f 464/717/354 585/716/353 583/703/348
f 462/705/182 583/2732/318 465/706/185
f 583/2732/318 585/718/177 465/706/185
f 700/720/355 701/707/349 465/709/350
f 764/2733/2057 763/725/360 582/710/351
f 765/697/345 764/2733/2057 582/710/351
f 584/711/176 467/714/176 464/712/347
f 467/715/352 586/727/362 585/716/353
f 585/718/177 586/728/177 468/719/177
f 699/732/365 700/720/355 468/721/356
f 584/722/357 763/725/360 762/723/358
f 466/713/176 470/739/176 467/714/176
f 466/713/176 469/737/176 470/739/176
f 470/726/361 589/741/371 586/727/362
f 589/730/363 590/744/363 587/729/177
f 587/731/364 698/734/367 699/732/365
f 466/724/359 762/723/358 761/735/368
f 469/737/176 588/748/176 471/738/176
f 472/743/318 592/752/177 590/744/363
f 697/2734/2058 698/734/367 590/733/366
f 696/745/373 697/2734/2058 590/733/366
f 761/735/368 760/758/382 588/747/375
f 588/748/176 591/2735/176 474/749/176
f 591/2735/176 473/760/176 474/749/176
f 474/750/376 475/762/384 472/742/372
f 475/751/177 594/765/177 592/752/177
f 695/753/377 696/745/373 592/746/374
f 760/758/382 759/755/379 591/757/381
f 593/759/176 476/771/176 474/749/176
f 476/761/383 477/773/390 475/762/384
f 475/751/177 477/763/177 594/765/177
f 694/767/386 695/753/377 594/754/378
f 478/766/385 693/775/391 694/767/386
f 758/768/387 757/777/393 593/769/388
f 473/756/380 759/755/379 758/768/387
f 595/770/176 479/780/176 476/771/176
f 479/772/389 480/782/396 477/773/390
f 477/763/177 480/783/177 481/774/177
f 692/2736/2059 693/775/391 481/776/392
f 757/777/393 756/787/399 595/778/394
f 596/779/176 482/790/176 479/780/176
f 482/781/395 483/794/402 480/782/396
f 480/783/177 483/798/177 484/784/177
f 691/785/397 692/2736/2059 481/776/392
f 756/787/399 755/801/407 596/788/400
f 596/779/176 597/791/176 598/789/176
f 598/793/401 485/796/404 483/794/402
f 485/797/177 486/808/177 484/784/177
f 690/799/405 691/785/397 484/786/398
f 755/801/407 754/811/414 597/802/408
f 597/791/176 599/803/176 600/792/176
f 600/795/403 487/806/411 485/796/404
f 487/807/177 488/818/177 486/808/177
f 689/809/412 690/799/405 486/800/406
f 754/811/414 753/821/422 599/812/415
f 599/803/176 601/813/416 602/804/409
f 602/805/410 489/816/419 487/806/411
f 489/817/177 490/828/177 488/818/177
f 688/819/420 689/809/412 488/810/413
f 752/2737/2060 751/837/432 601/822/423
f 753/821/422 752/2737/2060 601/822/423
f 601/813/416 603/824/176 604/814/417
f 491/823/176 606/839/176 604/814/417
f 604/815/418 492/826/425 489/816/419
f 492/827/177 605/830/177 490/828/177
f 687/831/426 688/819/420 490/820/421
f 603/834/429 751/837/432 750/835/430
f 493/838/186 608/851/439 606/839/176
f 606/825/424 494/841/434 492/826/425
f 492/827/177 494/842/181 607/829/177
f 686/2738/437 687/831/426 607/833/428
f 609/844/436 685/2739/2061 686/845/437
f 750/847/430 749/2740/2062 493/848/438
f 495/850/176 610/862/176 608/851/439
f 608/854/433 496/853/441 494/2741/434
f 494/842/181 496/855/435 609/843/435
f 684/857/442 685/2739/2061 609/844/436
f 493/848/438 749/2740/2062 748/859/444
f 497/861/176 614/872/176 610/862/176
f 610/852/440 611/864/447 496/853/441
f 614/863/446 615/875/453 611/864/447
f 496/855/435 611/865/177 612/856/177
f 611/865/177 615/876/177 498/866/177
f 612/858/443 683/868/449 684/857/442
f 495/860/445 748/859/444 747/869/450
f 617/874/452 618/885/458 615/875/453
f 682/879/454 683/868/449 498/867/448
f 681/888/459 682/879/454 499/880/455
f 746/2742/2063 745/893/464 613/881/456
f 747/869/450 746/2742/2063 613/881/456
f 613/871/176 616/882/176 617/873/176
f 616/882/176 500/894/176 619/883/176
f 619/884/457 620/897/466 618/885/458
f 618/878/177 501/887/177 499/877/177
f 680/901/468 681/888/459 501/889/460
f 616/890/461 745/893/464 744/891/462
f 500/894/176 502/908/176 503/895/176
f 503/896/465 504/910/474 620/897/466
f 620/886/177 621/899/177 501/887/177
f 504/898/177 505/912/177 621/899/177
f 621/900/467 679/902/469 680/901/468
f 744/891/462 743/904/471 500/892/463
f 502/908/176 507/907/176 503/895/176
f 507/909/473 508/921/480 504/910/474
f 504/898/177 508/922/177 509/911/177
f 678/913/475 679/902/469 505/903/470
f 677/924/481 678/913/475 509/914/476
f 742/915/477 741/929/486 506/916/478
f 743/904/471 742/915/477 502/905/472
f 622/917/176 511/919/176 507/907/176
f 511/920/479 512/931/488 508/921/480
f 508/922/177 512/932/177 513/923/177
f 676/934/489 677/924/481 513/925/482
f 622/926/483 741/929/486 740/927/484
f 510/918/176 515/939/492 511/919/176
f 510/918/176 514/937/492 515/939/492
f 515/930/487 516/941/494 512/931/488
f 512/932/177 516/943/177 517/933/177
f 675/946/495 676/934/489 517/935/490
f 740/927/484 739/948/497 514/936/491
f 514/937/492 518/950/176 519/938/178
f 519/940/493 623/2743/2064 516/941/494
f 519/940/493 624/953/501 623/2743/2064
f 623/942/177 520/945/177 517/933/177
f 674/956/502 675/946/495 520/947/496
f 739/948/497 738/958/504 518/949/498
f 518/950/176 521/960/506 522/951/499
f 522/952/500 625/963/508 624/953/501
f 624/944/177 523/955/177 520/945/177
f 673/966/509 674/956/502 523/957/503
f 738/958/504 737/2744/2065 521/959/505
f 521/960/506 524/970/176 525/961/189
f 525/962/507 628/973/514 625/963/508
f 625/954/177 526/965/177 523/955/177
f 672/977/516 673/966/509 526/967/510
f 737/2744/2065 736/968/511 521/959/505
f 524/970/176 626/985/176 627/971/176
f 626/985/176 631/984/176 627/971/176
f 627/972/513 631/2745/524 527/974/515
f 628/964/177 629/976/177 526/965/177
f 628/964/177 527/2746/177 632/975/177
f 671/979/518 672/977/516 629/978/517
f 735/981/520 734/996/527 626/982/521
f 524/969/512 736/968/511 735/981/520
f 528/986/176 633/999/176 631/984/176
f 631/2745/524 529/2747/523 527/974/515
f 527/2746/177 529/990/177 632/975/177
f 530/1005/526 670/1004/534 671/2748/518
f 734/993/527 733/1006/535 528/994/528
f 531/998/176 634/1009/176 633/999/176
f 633/987/522 532/1001/531 529/988/523
f 529/990/177 532/1012/532 533/1002/532
f 533/1003/533 669/2749/2066 670/1004/534
f 733/1006/535 732/1016/541 531/1007/536
f 534/1008/176 636/1019/176 634/1009/176
f 634/1000/530 635/1011/538 532/1001/531
f 636/1010/537 637/1021/544 635/1011/538
f 532/1012/532 635/2750/184 535/1013/184
f 635/2750/184 637/1022/184 535/1013/184
f 668/1014/539 669/2749/2066 533/1003/533
f 667/1025/545 668/1014/539 535/1015/540
f 732/1016/541 731/1027/547 534/1017/542
f 534/1008/176 536/1029/176 638/1018/176
f 638/1020/543 639/1032/550 637/1021/544
f 666/1036/552 667/1025/545 537/1026/546
f 731/1027/547 730/1039/555 536/1028/548
f 536/1029/176 538/1041/176 641/1030/176
f 641/1031/549 642/1042/557 639/1032/550
f 639/1024/177 640/1034/177 537/1023/177
f 642/1033/177 643/1043/177 640/1034/177
f 665/1037/553 666/1036/552 640/1035/551
f 730/1039/555 729/1044/558 538/1040/556
f 538/1041/176 408/461/176 409/460/176
f 409/464/193 410/463/192 642/1042/557
f 410/465/177 411/467/177 643/1043/177
f 664/468/194 665/1037/553 643/1038/554
f 729/1044/558 728/471/197 408/473/199
f 399/1045/559 95/2523/1984 2169/1046/560
f 775/1047/561 2169/1046/560 2168/1048/562
f 774/1049/563 2168/1048/562 2167/1050/564
f 773/1051/565 2167/1050/564 2166/2524/1985
f 773/1051/565 2166/2524/1985 2165/1052/566
f 2165/1052/566 2164/1/1 771/3/3
f 226/1054/568 766/1068/582 2160/1055/569
f 766/1068/582 767/1057/571 2160/1055/569
f 767/1057/571 768/1059/573 2161/1058/572
f 768/1059/573 769/1061/575 2162/1060/574
f 769/1061/575 770/2/2 2163/177/175
f 357/1062/576 399/1045/559 775/1047/561
f 785/1063/577 775/1047/561 774/1049/563
f 784/1064/578 774/1049/563 773/1051/565
f 783/1065/579 773/1051/565 772/1053/567
f 772/1053/567 771/3/3 781/5/5
f 383/1067/581 776/1069/583 766/1068/582
f 776/1069/583 777/1070/584 767/1057/571
f 777/1070/584 778/1071/585 768/1059/573
f 778/1071/585 779/1072/586 769/1061/575
f 779/1072/586 780/4/4 770/2/2
f 371/1073/587 357/1062/576 785/1063/577
f 795/1075/589 785/1063/577 784/1064/578
f 794/1076/590 784/1064/578 783/1065/579
f 793/1077/591 783/1065/579 782/1066/580
f 782/1066/580 781/5/5 791/7/7
f 383/1067/581 229/1089/603 786/1079/593
f 786/1079/593 787/1080/594 777/1070/584
f 787/1080/594 788/1081/595 778/1071/585
f 788/1081/595 789/1082/596 779/1072/586
f 789/1082/596 790/6/6 780/4/4
f 384/1083/597 371/1073/587 796/1074/588
f 807/1084/598 796/1074/588 795/1075/589
f 806/1085/599 795/1075/589 794/1076/590
f 805/1086/600 794/1076/590 793/1077/591
f 804/1087/601 793/1077/591 792/1078/592
f 792/1078/592 791/7/7 802/9/9
f 229/1089/603 103/1100/614 797/1090/604
f 797/1090/604 798/1091/605 787/1080/594
f 798/1091/605 799/1092/606 788/1081/595
f 799/1092/606 800/1093/607 789/1082/596
f 800/1093/607 801/8/8 790/6/6
f 403/1094/608 384/1083/597 807/1084/598
f 817/1095/609 807/1084/598 806/1085/599
f 816/1096/610 806/1085/599 805/1086/600
f 815/1097/611 805/1086/600 804/1087/601
f 814/1098/612 804/1087/601 803/1088/602
f 813/11/11 803/1088/602 802/9/9
f 382/1099/613 808/1101/615 797/1090/604
f 808/1101/615 809/1102/616 798/1091/605
f 809/1102/616 810/1103/617 799/1092/606
f 810/1103/617 811/1104/618 800/1093/607
f 811/1104/618 812/10/10 801/8/8
f 104/1105/619 403/1094/608 817/1095/609
f 828/1106/620 817/1095/609 816/1096/610
f 827/1107/621 816/1096/610 815/1097/611
f 826/1108/622 815/1097/611 814/1098/612
f 825/1109/623 814/1098/612 813/11/11
f 107/1110/624 818/1121/635 808/1101/615
f 818/1121/635 819/1111/625 808/1101/615
f 819/1111/625 820/1112/626 809/1102/616
f 820/1112/626 821/1113/627 810/1103/617
f 821/1113/627 822/1114/628 811/1104/618
f 822/1114/628 823/12/12 812/10/10
f 404/1115/629 104/1105/619 828/1106/620
f 840/1116/630 828/1106/620 827/1107/621
f 839/1117/631 827/1107/621 826/1108/622
f 838/1118/632 826/1108/622 825/1109/623
f 836/14/14 825/1109/623 824/13/13
f 30/1120/634 829/1122/636 818/1121/635
f 829/1122/636 830/1123/637 819/1111/625
f 830/1123/637 831/1124/638 820/1112/626
f 831/1124/638 832/1125/639 821/1113/627
f 832/1125/639 833/1126/640 822/1114/628
f 833/1126/640 834/1137/651 823/12/12
f 834/1137/651 835/15/15 823/12/12
f 358/1127/641 404/1115/629 840/1116/630
f 852/1128/642 840/1116/630 839/1117/631
f 851/1129/643 839/1117/631 838/1118/632
f 850/1130/644 838/1118/632 837/1119/633
f 849/1131/645 837/1119/633 836/14/14
f 30/1120/634 110/1144/658 841/1132/646
f 841/1132/646 842/1133/647 830/1123/637
f 842/1133/647 843/1134/648 831/1124/638
f 843/1134/648 844/1148/662 832/1125/639
f 832/1125/639 844/1148/662 845/1135/649
f 833/1126/640 845/1135/649 846/1136/650
f 834/1137/651 846/1136/650 847/17/17
f 31/1138/652 358/1127/641 852/1128/642
f 864/1140/654 852/1128/642 851/1129/643
f 864/1140/654 851/1129/643 850/1130/644
f 862/1142/656 850/1130/644 849/1131/645
f 861/18/18 849/1131/645 848/16/16
f 385/1143/657 853/1145/659 841/1132/646
f 853/1145/659 854/1146/660 842/1133/647
f 854/1146/660 855/1147/661 843/1134/648
f 855/1147/661 856/1161/675 844/1148/662
f 844/1148/662 856/1161/675 857/1149/663
f 845/1135/649 857/1149/663 858/1164/678
f 845/1135/649 858/1164/678 859/1150/664
f 846/1136/650 859/1150/664 860/19/19
f 43/1151/665 31/1138/652 865/1139/653
f 879/1152/666 865/1139/653 864/1140/654
f 877/1154/668 864/1140/654 863/1141/655
f 876/1155/669 863/1141/655 862/1142/656
f 875/1156/670 862/1142/656 861/18/18
f 113/1157/671 866/1158/672 853/1145/659
f 866/1158/672 867/1159/673 854/1146/660
f 867/1159/673 868/1160/674 855/1147/661
f 868/1160/674 869/1177/691 856/1161/675
f 856/1161/675 869/1177/691 870/1162/676
f 857/1149/663 870/1162/676 871/1163/677
f 858/1164/678 871/1163/677 872/1165/679
f 859/1150/664 872/1165/679 873/21/21
f 73/1166/680 43/1151/665 879/1152/666
f 894/1167/681 879/1152/666 878/1153/667
f 893/1168/682 878/1153/667 877/1154/668
f 877/1154/668 876/1155/669 891/1170/684
f 891/1170/684 876/1155/669 875/1156/670
f 889/1172/686 875/1156/670 874/20/20
f 238/1173/687 880/1174/688 866/1158/672
f 880/1174/688 881/1175/689 867/1159/673
f 881/1175/689 882/1176/690 868/1160/674
f 882/1176/690 883/1190/704 869/1177/691
f 869/1177/691 883/1190/704 884/1178/692
f 870/1162/676 884/1178/692 885/1179/693
f 871/1163/677 885/1179/693 886/1180/694
f 872/1165/679 886/1180/694 887/23/23
f 12/1181/695 73/1166/680 894/1167/681
f 907/1182/696 894/1167/681 893/1168/682
f 906/1183/697 893/1168/682 892/1169/683
f 892/1169/683 891/1170/684 904/1185/699
f 904/1185/699 891/1170/684 890/1171/685
f 903/1186/700 890/1171/685 889/1172/686
f 902/24/24 889/1172/686 888/22/22
f 116/1187/701 895/1188/702 880/1174/688
f 895/1188/702 896/1189/703 881/1175/689
f 896/1189/703 897/1203/717 883/1190/704
f 883/1190/704 897/1203/717 898/1191/705
f 884/1178/692 898/1191/705 899/1192/706
f 885/1179/693 899/1192/706 900/1193/707
f 886/1180/694 900/1193/707 901/25/25
f 405/1194/708 12/1181/695 907/1182/696
f 920/1195/709 907/1182/696 906/1183/697
f 919/1196/710 906/1183/697 905/1184/698
f 905/1184/698 904/1185/699 917/1198/712
f 917/1198/712 904/1185/699 903/1186/700
f 915/26/26 903/1186/700 902/24/24
f 241/1200/714 908/1201/715 895/1188/702
f 908/1201/715 909/1221/730 896/1189/703
f 909/1221/730 910/1202/716 896/1189/703
f 897/1203/717 910/1202/716 911/1204/718
f 898/1191/705 911/1204/718 912/1205/719
f 899/1192/706 912/1205/719 913/1206/720
f 900/1193/707 913/1206/720 914/27/27
f 44/1207/721 405/1194/708 920/1195/709
f 933/1208/722 920/1195/709 919/1196/710
f 932/1211/723 919/1210/710 918/1212/711
f 918/1212/711 917/2751/712 930/1214/725
f 930/1214/725 917/2751/712 916/1215/713
f 929/1216/726 916/1215/713 915/1217/26
f 13/1219/728 921/1220/729 908/1201/715
f 921/1220/729 922/1222/731 909/1221/730
f 922/1222/731 923/2752/745 910/1202/716
f 910/1202/716 923/2752/745 924/1223/732
f 911/1204/718 924/1223/732 925/2753/733
f 912/1226/719 925/1225/733 926/1227/734
f 913/1228/720 926/1227/734 927/29/29
f 32/1230/735 44/2754/721 933/1209/722
f 947/1231/736 933/1209/722 932/1211/723
f 932/1211/723 931/1213/724 945/1233/738
f 931/1213/724 930/1214/725 944/1234/739
f 944/1234/739 930/1214/725 929/1216/726
f 943/1235/740 929/1216/726 928/1218/727
f 941/28/28 928/1218/727 927/29/29
f 244/1237/742 934/1240/743 921/1238/729
f 934/1240/743 935/1242/744 922/1241/731
f 935/1242/744 936/1256/757 923/1243/745
f 923/1243/745 936/1256/757 937/1244/746
f 924/1245/732 937/1244/746 938/1246/747
f 925/1225/733 938/1246/747 939/1247/748
f 926/1227/734 939/1247/748 940/30/30
f 359/1248/749 32/1230/735 947/1231/736
f 960/1249/750 947/1231/736 946/1232/737
f 946/1232/737 945/1233/738 958/1251/752
f 945/1233/738 944/1234/739 957/1252/753
f 944/1234/739 943/1235/740 957/1252/753
f 957/1252/753 943/1235/740 942/1236/741
f 956/1253/754 942/1236/741 941/28/28
f 14/1267/768 948/1254/755 244/1237/742
f 948/1254/755 949/1255/756 935/1242/744
f 949/1255/756 950/1270/771 936/1256/757
f 936/1256/757 950/1270/771 951/1257/758
f 937/1244/746 951/1257/758 952/1258/759
f 938/1246/747 952/1258/759 953/1259/760
f 939/1247/748 953/1259/760 954/32/32
f 33/1260/761 359/1248/749 960/1249/750
f 973/1261/762 960/1249/750 959/1250/751
f 959/1250/751 958/1251/752 971/1263/764
f 958/1251/752 957/1252/753 970/1264/765
f 970/1264/765 957/1252/753 956/1253/754
f 969/1265/766 956/1253/754 955/31/31
f 247/1266/767 961/1268/769 948/1254/755
f 961/1268/769 962/1269/770 949/1255/756
f 962/1269/770 963/1283/784 950/1270/771
f 950/1270/771 963/1283/784 964/1271/772
f 951/1257/758 964/1271/772 965/1272/773
f 952/1258/759 965/1272/773 966/1273/774
f 953/1259/760 966/1273/774 967/34/34
f 15/1274/775 33/1260/761 973/1261/762
f 973/1261/762 972/1262/763 986/1276/777
f 972/1262/763 971/1263/764 985/1277/778
f 971/1263/764 970/1264/765 984/1278/779
f 984/1278/779 970/1264/765 969/1265/766
f 983/1279/780 969/1265/766 968/33/33
f 16/1280/781 974/1281/782 961/1268/769
f 974/1281/782 975/1295/796 962/1269/770
f 975/1295/796 976/1282/783 962/1269/770
f 963/1283/784 976/1282/783 977/1298/799
f 963/1283/784 977/1298/799 978/1284/785
f 964/1271/772 978/1284/785 979/1285/786
f 965/1272/773 979/1285/786 980/1286/787
f 966/1273/774 980/1286/787 981/36/36
f 406/1287/788 15/1274/775 987/1275/776
f 987/1275/776 986/1276/777 1000/1289/790
f 986/1276/777 985/1277/778 999/1290/791
f 985/1277/778 984/1278/779 998/1291/792
f 998/1291/792 984/1278/779 983/1279/780
f 997/1292/793 983/1279/780 982/35/35
f 34/1293/794 988/1294/795 974/1281/782
f 988/1294/795 989/1296/797 975/1295/796
f 989/1296/797 990/1311/812 976/1282/783
f 976/1282/783 990/1311/812 991/1297/798
f 977/1298/799 991/1297/798 992/1299/800
f 978/1284/785 992/1299/800 993/1300/801
f 979/1285/786 993/1300/801 994/1301/802
f 980/1286/787 994/1301/802 995/38/38
f 360/1302/803 406/1287/788 1001/1288/789
f 1001/1288/789 1000/1289/790 1013/1304/805
f 1000/1289/790 999/1290/791 1012/1305/806
f 999/1290/791 998/1291/792 1011/1306/807
f 1011/1306/807 998/1291/792 997/1292/793
f 1010/1307/808 997/1292/793 996/37/37
f 125/1308/809 1002/1309/810 988/1294/795
f 1002/1309/810 1003/1310/811 989/1296/797
f 1003/1310/811 1004/1325/826 990/1311/812
f 990/1311/812 1004/1325/826 1005/1312/813
f 991/1297/798 1005/1312/813 1006/1313/814
f 992/1299/800 1006/1313/814 1007/1314/815
f 993/1300/801 1007/1314/815 1008/40/40
f 360/1302/803 1014/1303/804 1028/1315/816
f 1014/1303/804 1013/1304/805 1027/1317/818
f 1013/1304/805 1012/1305/806 1026/1318/819
f 1012/1305/806 1011/1306/807 1025/1319/820
f 1024/1320/821 1011/1306/807 1010/1307/808
f 1023/1321/822 1010/1307/808 1009/39/39
f 252/1322/823 1015/1323/824 1002/1309/810
f 1015/1323/824 1016/1324/825 1003/1310/811
f 1016/1324/825 1017/1339/840 1004/1325/826
f 1004/1325/826 1017/1339/840 1018/1326/827
f 1005/1312/813 1018/1326/827 1019/1327/828
f 1006/1313/814 1019/1327/828 1020/1328/829
f 1007/1314/815 1020/1328/829 1021/42/42
f 74/1316/817 1028/1315/816 1042/1329/830
f 1028/1315/816 1027/1317/818 1041/1331/832
f 1027/1317/818 1026/1318/819 1040/1332/833
f 1026/1318/819 1025/1319/820 1039/1333/834
f 1025/1319/820 1024/1320/821 1038/1334/835
f 1038/1334/835 1024/1320/821 1023/1321/822
f 1037/1335/836 1023/1321/822 1022/41/41
f 386/1336/837 1029/1337/838 1015/1323/824
f 1029/1337/838 1030/1352/853 1016/1324/825
f 1030/1352/853 1031/1338/839 1016/1324/825
f 1017/1339/840 1031/1338/839 1032/1340/841
f 1018/1326/827 1032/1340/841 1033/1341/842
f 1019/1327/828 1033/1341/842 1034/1342/843
f 1020/1328/829 1034/1342/843 1035/44/44
f 45/1330/831 1042/1329/830 1057/1343/844
f 1042/1329/830 1041/1331/832 1056/1345/846
f 1041/1331/832 1040/1332/833 1055/1346/847
f 1040/1332/833 1039/1333/834 1054/1347/848
f 1039/1333/834 1038/1334/835 1053/1348/849
f 1053/1348/849 1038/1334/835 1037/1335/836
f 1052/1349/850 1037/1335/836 1036/43/43
f 1029/1337/838 3/1350/851 1043/1351/852
f 1043/1351/852 1044/1353/854 1030/1352/853
f 1044/1353/854 1045/1368/869 1031/1338/839
f 1031/1338/839 1045/1368/869 1046/1354/855
f 1032/1340/841 1046/1354/855 1047/1355/856
f 1033/1341/842 1047/1355/856 1048/1356/857
f 1034/1342/843 1048/1356/857 1049/1357/858
f 1035/44/44 1049/1357/858 1050/46/46
f 35/1344/845 1057/1343/844 1073/1358/859
f 1057/1343/844 1056/1345/846 1073/1358/859
f 1056/1345/846 1055/1346/847 1071/1361/862
f 1055/1346/847 1054/1347/848 1070/1362/863
f 1054/1347/848 1053/1348/849 1069/1363/864
f 1069/1363/864 1053/1348/849 1052/1349/850
f 1068/1364/865 1052/1349/850 1051/45/45
f 130/1382/883 1058/1365/866 3/1350/851
f 1058/1365/866 1059/1366/867 1043/1351/852
f 1059/1366/867 1060/1367/868 1044/1353/854
f 1060/1367/868 1061/1386/887 1045/1368/869
f 1045/1368/869 1061/1386/887 1062/1369/870
f 1046/1354/855 1062/1369/870 1063/1370/871
f 1047/1355/856 1063/1370/871 1064/1371/872
f 1048/1356/857 1064/1371/872 1065/1372/873
f 1049/1357/858 1065/1372/873 1066/48/48
f 46/1359/860 1073/1358/859 1089/1373/874
f 1073/1358/859 1072/1360/861 1088/1375/876
f 1072/1360/861 1071/1361/862 1087/1376/877
f 1071/1361/862 1070/1362/863 1086/1377/878
f 1070/1362/863 1069/1363/864 1085/1378/879
f 1069/1363/864 1068/1364/865 1084/1379/880
f 1084/1379/880 1068/1364/865 1067/47/47
f 75/1381/882 1074/1383/884 1058/1365/866
f 1074/1383/884 1075/1384/885 1059/1366/867
f 1075/1384/885 1076/1385/886 1060/1367/868
f 1076/1385/886 1077/1402/903 1061/1386/887
f 1061/1386/887 1077/1402/903 1078/1404/905
f 1061/1386/887 1078/1404/905 1079/1387/888
f 1062/1369/870 1079/1387/888 1080/1388/889
f 1063/1370/871 1080/1388/889 1081/1389/890
f 1064/1371/872 1081/1389/890 1082/1390/891
f 1065/1372/873 1082/1390/891 1083/1380/881
f 7/1374/875 1089/1373/874 1104/1391/892
f 1089/1373/874 1088/1375/876 1104/1391/892
f 1088/1375/876 1087/1376/877 1102/1394/895
f 1087/1376/877 1086/1377/878 1101/1395/896
f 1086/1377/878 1085/1378/879 1100/1396/897
f 1085/1378/879 1084/1379/880 1099/1397/898
f 1099/1397/898 1084/1379/880 1083/1380/881
f 387/1398/899 1090/1399/900 1074/1383/884
f 1090/1399/900 1091/1400/901 1075/1384/885
f 1091/1400/901 1092/1401/902 1076/1385/886
f 1092/1401/902 1093/1417/918 1077/1402/903
f 1077/1402/903 1093/1417/918 1094/1403/904
f 1078/1404/905 1094/1403/904 1095/1405/906
f 1080/1388/889 1095/1405/906 1096/1406/907
f 1081/1389/890 1096/1406/907 1097/1407/908
f 1082/1390/891 1097/1407/908 1098/50/50
f 47/1392/893 1104/1391/892 1117/1408/909
f 1104/1391/892 1103/1393/894 1116/1410/911
f 1103/1393/894 1102/1394/895 1115/1411/912
f 1102/1394/895 1101/1395/896 1114/1412/913
f 1101/1395/896 1100/1396/897 1113/1413/914
f 1100/1396/897 1099/1397/898 1113/1413/914
f 1112/49/49 1099/1397/898 1098/50/50
f 36/1414/915 1105/1415/916 1090/1399/900
f 1105/1415/916 1106/1416/917 1091/1400/901
f 1106/1416/917 1107/1430/931 1093/1417/918
f 1093/1417/918 1107/1430/931 1108/1418/919
f 1094/1403/904 1108/1418/919 1109/1419/920
f 1095/1405/906 1109/1419/920 1110/1420/921
f 1096/1406/907 1110/1420/921 1111/51/51
f 76/1409/910 1117/1408/909 1130/1421/922
f 1117/1408/909 1116/1410/911 1129/1423/924
f 1116/1410/911 1115/1411/912 1128/1424/925
f 1115/1411/912 1114/1412/913 1127/1425/926
f 1114/1412/913 1113/1413/914 1126/1426/927
f 1126/1426/927 1113/1413/914 1112/49/49
f 17/1427/928 1118/1428/929 1105/1415/916
f 1118/1428/929 1119/1442/943 1106/1416/917
f 1119/1442/943 1120/1429/930 1106/1416/917
f 1107/1430/931 1120/1429/930 1121/1431/932
f 1108/1418/919 1121/1431/932 1122/1432/933
f 1109/1419/920 1122/1432/933 1123/1433/934
f 1110/1420/921 1123/1433/934 1124/53/53
f 48/1422/923 1130/1421/922 1143/1434/935
f 1130/1421/922 1129/1423/924 1142/1436/937
f 1129/1423/924 1128/1424/925 1141/1437/938
f 1128/1424/925 1127/1425/926 1140/1438/939
f 1127/1425/926 1126/1426/927 1140/1438/939
f 1139/1439/940 1126/1426/927 1125/52/52
f 261/1440/941 1131/1441/942 1118/1428/929
f 1131/1441/942 1132/1443/944 1119/1442/943
f 1120/1429/930 1132/1443/944 1133/1456/957
f 1120/1429/930 1133/1456/957 1134/1444/945
f 1121/1431/932 1134/1444/945 1135/1445/946
f 1122/1432/933 1135/1445/946 1136/1446/947
f 1123/1433/934 1136/1446/947 1137/55/55
f 77/1435/936 1143/1434/935 1157/1447/948
f 1143/1434/935 1142/1436/937 1156/1449/950
f 1142/1436/937 1141/1437/938 1155/1450/951
f 1141/1437/938 1140/1438/939 1154/1451/952
f 1140/1438/939 1139/1439/940 1153/1452/953
f 1153/1452/953 1139/1439/940 1138/54/54
f 361/1453/954 1144/1454/955 1131/1441/942
f 1144/1454/955 1145/1468/969 1132/1443/944
f 1145/1468/969 1146/1455/956 1132/1443/944
f 1133/1456/957 1146/1455/956 1147/1457/958
f 1134/1444/945 1147/1457/958 1148/1458/959
f 1135/1445/946 1148/1458/959 1149/1459/960
f 1136/1446/947 1149/1459/960 1150/1474/975
f 1136/1446/947 1150/1474/975 1151/57/57
f 49/1448/949 1157/1447/948 1171/1460/961
f 1157/1447/948 1156/1449/950 1170/1462/963
f 1156/1449/950 1155/1450/951 1169/1463/964
f 1155/1450/951 1154/1451/952 1168/1464/965
f 1154/1451/952 1153/1452/953 1167/1465/966
f 1167/1465/966 1153/1452/953 1152/56/56
f 400/1466/967 1158/1467/968 1144/1454/955
f 1158/1467/968 1159/1469/970 1145/1468/969
f 1159/1469/970 1160/1485/986 1146/1455/956
f 1146/1455/956 1160/1485/986 1161/1470/971
f 1147/1457/958 1161/1470/971 1162/1471/972
f 1148/1458/959 1162/1471/972 1163/1472/973
f 1149/1459/960 1163/1472/973 1164/1473/974
f 1150/1474/975 1164/1473/974 1165/59/59
f 78/1461/962 1171/1460/961 1187/1475/976
f 1171/1460/961 1170/1462/963 1186/1477/978
f 1170/1462/963 1169/1463/964 1185/1478/979
f 1169/1463/964 1168/1464/965 1184/1479/980
f 1168/1464/965 1167/1465/966 1183/1480/981
f 1182/1481/982 1167/1465/966 1166/58/58
f 139/1482/983 1172/1483/984 1158/1467/968
f 1172/1483/984 1173/1484/985 1159/1469/970
f 1173/1484/985 1174/1500/1001 1160/1485/986
f 1160/1485/986 1174/1500/1001 1175/1502/1003
f 1160/1485/986 1175/1502/1003 1176/1486/987
f 1161/1470/971 1176/1486/987 1177/1487/988
f 1162/1471/972 1177/1487/988 1178/1488/989
f 1163/1472/973 1178/1488/989 1179/1489/990
f 1164/1473/974 1179/1489/990 1180/61/61
f 50/1476/977 1187/1475/976 1203/1490/991
f 1187/1475/976 1186/1477/978 1202/1492/993
f 1186/1477/978 1185/1478/979 1201/1493/994
f 1185/1478/979 1184/1479/980 1200/1494/995
f 1184/1479/980 1183/1480/981 1199/1495/996
f 1183/1480/981 1182/1481/982 1198/1496/997
f 1198/1496/997 1182/1481/982 1181/60/60
f 388/1497/998 1188/1498/999 1172/1483/984
f 1188/1498/999 1189/1499/1000 1173/1484/985
f 1189/1499/1000 1190/1517/1018 1174/1500/1001
f 1174/1500/1001 1190/1517/1018 1191/1501/1002
f 1175/1502/1003 1191/1501/1002 1192/1503/1004
f 1176/1486/987 1192/1503/1004 1193/1504/1005
f 1177/1487/988 1193/1504/1005 1194/1505/1006
f 1178/1488/989 1194/1505/1006 1195/1506/1007
f 1179/1489/990 1195/1506/1007 1196/63/63
f 79/1491/992 1203/1490/991 1219/1507/1008
f 1203/1490/991 1202/1492/993 1218/1509/1010
f 1202/1492/993 1201/1493/994 1217/1510/1011
f 1201/1493/994 1200/1494/995 1216/1511/1012
f 1200/1494/995 1199/1495/996 1215/1512/1013
f 1199/1495/996 1198/1496/997 1214/1513/1014
f 1214/1513/1014 1198/1496/997 1197/62/62
f 18/1514/1015 1204/1515/1016 1188/1498/999
f 1204/1515/1016 1205/1516/1017 1189/1499/1000
f 1205/1516/1017 1206/1534/1035 1190/1517/1018
f 1190/1517/1018 1206/1534/1035 1207/1518/1019
f 1191/1501/1002 1207/1518/1019 1208/1519/1020
f 1192/1503/1004 1208/1519/1020 1209/1520/1021
f 1193/1504/1005 1209/1520/1021 1210/1521/1022
f 1194/1505/1006 1210/1521/1022 1211/1522/1023
f 1195/1506/1007 1211/1522/1023 1212/65/65
f 389/1508/1009 1219/1507/1008 1234/1523/1024
f 1219/1507/1008 1218/1509/1010 1233/1525/1026
f 1218/1509/1010 1217/1510/1011 1232/1526/1027
f 1217/1510/1011 1216/1511/1012 1231/1527/1028
f 1216/1511/1012 1215/1512/1013 1231/1527/1028
f 1215/1512/1013 1214/1513/1014 1230/1528/1029
f 1230/1528/1029 1214/1513/1014 1213/64/64
f 268/1531/1032 1220/1532/1033 1204/1515/1016
f 1220/1532/1033 1221/1533/1034 1205/1516/1017
f 1221/1533/1034 1222/1552/1053 1206/1534/1035
f 1206/1534/1035 1222/1552/1053 1223/1535/1036
f 1207/1518/1019 1223/1535/1036 1224/1536/1037
f 1208/1519/1020 1224/1536/1037 1225/1537/1038
f 1209/1520/1021 1225/1537/1038 1226/1538/1039
f 1210/1521/1022 1226/1538/1039 1227/1539/1040
f 1211/1522/1023 1227/1539/1040 1228/1530/1031
f 80/1524/1025 1234/1523/1024 1250/1540/1041
f 1234/1523/1024 1233/1525/1026 1249/1542/1043
f 1233/1525/1026 1232/1526/1027 1248/1543/1044
f 1232/1526/1027 1231/1527/1028 1247/1544/1045
f 1231/1527/1028 1230/1528/1029 1246/1545/1046
f 1230/1528/1029 1229/1529/1030 1244/1547/1048
f 1244/1547/1048 1229/1529/1030 1228/1530/1031
f 362/1549/1050 1235/1550/1051 1220/1532/1033
f 1235/1550/1051 1236/1551/1052 1221/1533/1034
f 1236/1551/1052 1237/1568/1069 1222/1552/1053
f 1222/1552/1053 1237/1568/1069 1238/1553/1054
f 1223/1535/1036 1238/1553/1054 1239/1554/1055
f 1224/1536/1037 1239/1554/1055 1240/1555/1056
f 1240/1555/1056 1241/1572/1073 1226/1538/1039
f 1226/1538/1039 1241/1572/1073 1242/1556/1057
f 1227/1539/1040 1242/1556/1057 1243/1548/1049
f 51/1541/1042 1250/1540/1041 1265/1557/1058
f 1250/1540/1041 1249/1542/1043 1264/1559/1060
f 1249/1542/1043 1248/1543/1044 1263/1560/1061
f 1248/1543/1044 1247/1544/1045 1262/1561/1062
f 1247/1544/1045 1246/1545/1046 1262/1561/1062
f 1246/1545/1046 1245/1546/1047 1261/1562/1063
f 1245/1546/1047 1244/1547/1048 1260/1563/1064
f 1260/1563/1064 1244/1547/1048 1243/1548/1049
f 372/1565/1066 1251/1566/1067 1235/1550/1051
f 1251/1566/1067 1252/1584/1085 1236/1551/1052
f 1236/1551/1052 1252/1584/1085 1253/1567/1068
f 1237/1568/1069 1253/1567/1068 1254/1569/1070
f 1238/1553/1054 1254/1569/1070 1255/1570/1071
f 1239/1554/1055 1255/1570/1071 1256/1571/1072
f 1256/1571/1072 1257/1589/1090 1241/1572/1073
f 1241/1572/1073 1257/1589/1090 1258/1573/1074
f 1243/1548/1049 1258/1573/1074 1259/1564/1065
f 8/1558/1059 1265/1557/1058 1280/1574/1075
f 1265/1557/1058 1264/1559/1060 1279/1576/1077
f 1264/1559/1060 1263/1560/1061 1278/1577/1078
f 1278/1577/1078 1263/1560/1061 1262/1561/1062
f 1262/1561/1062 1261/1562/1063 1276/1579/1080
f 1261/1562/1063 1260/1563/1064 1275/1580/1081
f 1275/1580/1081 1260/1563/1064 1259/1564/1065
f 402/1582/1083 1266/1583/1084 1251/1566/1067
f 1266/1583/1084 1267/2755/1102 1252/1584/1085
f 1252/1584/1085 1267/2755/1102 1268/1585/1086
f 1253/1567/1068 1268/1585/1086 1269/1586/1087
f 1254/1569/1070 1269/1586/1087 1270/1587/1088
f 1255/1570/1071 1270/1587/1088 1271/1588/1089
f 1271/1588/1089 1272/2756/1107 1257/1589/1090
f 1257/1589/1090 1272/2756/1107 1273/1590/1091
f 1258/1573/1074 1273/1590/1091 1274/1581/1082
f 52/1591/1076 1280/1594/1075 1295/1592/1092
f 1280/1594/1075 1279/1596/1077 1294/1595/1094
f 1279/1596/1077 1278/2757/1078 1293/1597/1095
f 1293/1597/1095 1278/2757/1078 1277/1598/1079
f 1277/1598/1079 1276/1601/1080 1291/1600/1097
f 1276/1601/1080 1275/1603/1081 1290/1602/1098
f 1275/1603/1081 1274/1621/1082 1289/1604/1099
f 273/1605/1100 1281/1608/1101 1266/1606/1084
f 1281/1608/1101 1282/1631/1118 1267/1609/1102
f 1267/1609/1102 1282/1631/1118 1283/1610/1103
f 1268/1611/1086 1283/1610/1103 1284/1612/1104
f 1269/1613/1087 1284/1612/1104 1285/1614/1105
f 1270/1615/1088 1285/1614/1105 1286/1616/1106
f 1286/1616/1106 1287/1636/1123 1272/1618/1107
f 1272/1618/1107 1287/1636/1123 1288/1619/1108
f 1273/1620/1091 1288/1619/1108 1289/1604/1099
f 53/1622/1109 81/1593/1093 1295/1592/1092
f 1295/1592/1092 1294/1595/1094 1308/1624/1111
f 1294/1595/1094 1293/1597/1095 1307/1625/1112
f 1307/1625/1112 1293/1597/1095 1292/1599/1096
f 1292/1599/1096 1291/1600/1097 1306/1626/1113
f 1291/1600/1097 1290/1602/1098 1305/1627/1114
f 1290/1602/1098 1289/1604/1099 1304/1628/1115
f 363/1629/1116 1296/1630/1117 1281/1608/1101
f 1296/1630/1117 1297/1646/1133 1282/1631/1118
f 1282/1631/1118 1297/1646/1133 1298/1632/1119
f 1283/1610/1103 1298/1632/1119 1299/1633/1120
f 1284/1612/1104 1299/1633/1120 1300/1634/1121
f 1285/1614/1105 1300/1634/1121 1301/1635/1122
f 1301/1635/1122 1302/1651/1138 1287/1636/1123
f 1287/1636/1123 1302/1651/1138 1303/1637/1124
f 1288/1619/1108 1303/1637/1124 1304/1628/1115
f 373/1638/1125 53/1622/1109 1309/1623/1110
f 1309/1623/1110 1308/1624/1111 1321/1640/1127
f 1308/1624/1111 1307/1625/1112 1320/1641/1128
f 1307/1625/1112 1306/1626/1113 1319/1642/1129
f 1306/1626/1113 1305/1627/1114 1318/1643/1130
f 1305/1627/1114 1304/1628/1115 1317/67/67
f 391/1644/1131 1310/1645/1132 1296/1630/1117
f 1297/1646/1133 1310/1645/1132 1311/1647/1134
f 1298/1632/1119 1311/1647/1134 1312/1648/1135
f 1299/1633/1120 1312/1648/1135 1313/1649/1136
f 1300/1634/1121 1313/1649/1136 1314/1650/1137
f 1314/1650/1137 1315/1664/1151 1302/1651/1138
f 1302/1651/1138 1315/1664/1151 1316/1652/1139
f 1303/1637/1124 1316/1652/1139 1317/67/67
f 54/1653/1140 373/1638/1125 1322/1639/1126
f 1322/1639/1126 1321/1640/1127 1335/1654/1141
f 1321/1640/1127 1320/1641/1128 1334/1655/1142
f 1320/1641/1128 1319/1642/1129 1333/1656/1143
f 1319/1642/1129 1318/1643/1130 1331/1658/1145
f 1318/1643/1130 1317/67/67 1330/66/66
f 364/1659/1146 1323/1673/1160 1310/1645/1132
f 1310/1645/1132 1323/1673/1160 1324/1660/1147
f 1311/1647/1134 1324/1660/1147 1325/1661/1148
f 1312/1648/1135 1325/1661/1148 1326/1662/1149
f 1313/1649/1136 1326/1662/1149 1327/1663/1150
f 1327/1663/1150 1328/1665/1152 1315/1664/1151
f 1316/1652/1139 1328/1665/1152 1329/68/68
f 9/1666/1153 54/1653/1140 1335/1654/1141
f 1335/1654/1141 1334/1655/1142 1346/1668/1155
f 1346/1668/1155 1334/1655/1142 1333/1656/1143
f 1333/1656/1143 1332/1657/1144 1344/1670/1157
f 1332/1657/1144 1331/1658/1145 1342/69/69
f 1331/1658/1145 1330/66/66 1342/69/69
f 374/1672/1159 1336/1685/1172 1323/1673/1160
f 1323/1673/1160 1336/1685/1172 1337/1674/1161
f 1324/1660/1147 1337/1674/1161 1338/1675/1162
f 1326/1662/1149 1338/1675/1162 1339/1676/1163
f 1339/1676/1163 1340/1689/1176 1328/1665/1152
f 1328/1665/1152 1340/1689/1176 1341/70/70
f 55/1677/1164 9/1666/1153 1347/1667/1154
f 1347/1667/1154 1346/1668/1155 1360/1679/1166
f 1360/1679/1166 1346/1668/1155 1345/1669/1156
f 1345/1669/1156 1344/1670/1157 1357/1682/1169
f 1344/1670/1157 1343/1671/1158 1356/1683/1170
f 1343/1671/1158 1342/69/69 1355/71/71
f 365/1684/1171 1348/1699/1186 1336/1685/1172
f 1336/1685/1172 1348/1699/1186 1349/1686/1173
f 1337/1674/1161 1349/1686/1173 1350/1687/1174
f 1338/1675/1162 1350/1687/1174 1351/1688/1175
f 1351/1688/1175 1352/1703/1190 1340/1689/1176
f 1352/1703/1190 1353/1690/1177 1340/1689/1176
f 1341/70/70 1353/1690/1177 1354/72/72
f 10/1691/1178 55/1677/1164 1361/1678/1165
f 1374/1693/1180 1361/1678/1165 1360/1679/1166
f 1373/1694/1181 1360/1679/1166 1359/1680/1167
f 1372/1695/1182 1359/1680/1167 1358/1681/1168
f 1358/1681/1168 1357/1682/1169 1370/1697/1184
f 1357/1682/1169 1356/1683/1170 1369/73/73
f 1356/1683/1170 1355/71/71 1369/73/73
f 375/1698/1185 1362/1712/1199 1348/1699/1186
f 1348/1699/1186 1362/1712/1199 1363/1700/1187
f 1349/1686/1173 1363/1700/1187 1364/1701/1188
f 1350/1687/1174 1364/1701/1188 1365/1702/1189
f 1365/1702/1189 1366/1704/1191 1352/1703/1190
f 1366/1704/1191 1367/1717/1204 1353/1690/1177
f 1353/1690/1177 1367/1717/1204 1368/74/74
f 10/1691/1178 1375/1692/1179 1389/1705/1192
f 1389/1705/1192 1375/1692/1179 1374/1693/1180
f 1388/1707/1194 1374/1693/1180 1373/1694/1181
f 1387/1708/1195 1373/1694/1181 1372/1695/1182
f 1386/1709/1196 1372/1695/1182 1371/1696/1183
f 1371/1696/1183 1370/1697/1184 1385/1710/1197
f 1370/1697/1184 1369/73/73 1384/75/75
f 375/1698/1185 366/1726/1213 1376/1711/1198
f 1362/1712/1199 1376/1711/1198 1377/1729/1216
f 1362/1712/1199 1377/1729/1216 1378/1713/1200
f 1363/1700/1187 1378/1713/1200 1379/1714/1201
f 1364/1701/1188 1379/1714/1201 1380/1715/1202
f 1380/1715/1202 1381/1716/1203 1366/1704/1191
f 1367/1717/1204 1381/1716/1203 1382/1734/1221
f 1367/1717/1204 1382/1734/1221 1383/76/76
f 56/1706/1193 1389/1705/1192 1403/1718/1205
f 1403/1718/1205 1389/1705/1192 1388/1707/1194
f 1402/1720/1207 1388/1707/1194 1387/1708/1195
f 1401/1721/1208 1387/1708/1195 1386/1709/1196
f 1400/1722/1209 1386/1709/1196 1385/1710/1197
f 1385/1710/1197 1384/75/75 1397/1725/1212
f 366/1726/1213 376/1743/1230 1390/1727/1214
f 1376/1711/1198 1390/1727/1214 1391/1728/1215
f 1377/1729/1216 1391/1728/1215 1392/1730/1217
f 1378/1713/1200 1392/1730/1217 1393/1731/1218
f 1379/1714/1201 1393/1731/1218 1394/1732/1219
f 1394/1732/1219 1395/1733/1220 1381/1716/1203
f 1382/1734/1221 1395/1733/1220 1396/78/78
f 11/1719/1206 1403/1718/1205 1418/1735/1222
f 1418/1735/1222 1403/1718/1205 1402/1720/1207
f 1416/1738/1225 1402/1720/1207 1401/1721/1208
f 1416/1738/1225 1401/1721/1208 1400/1722/1209
f 1415/1739/1226 1400/1722/1209 1399/1723/1210
f 1414/1740/1227 1399/1723/1210 1398/1724/1211
f 1398/1724/1211 1397/1725/1212 1412/1742/1229
f 1397/1725/1212 1396/78/78 1411/77/77
f 376/1743/1230 6/1757/1244 1404/1744/1231
f 1390/1727/1214 1404/1744/1231 1405/1745/1232
f 1391/1728/1215 1405/1745/1232 1406/1746/1233
f 1392/1730/1217 1406/1746/1233 1407/1747/1234
f 1394/1732/1219 1407/1747/1234 1408/1748/1235
f 1408/1748/1235 1409/1764/1251 1395/1733/1220
f 1395/1733/1220 1409/1764/1251 1410/79/79
f 57/1736/1223 1418/1735/1222 1433/1749/1236
f 1418/1735/1222 1417/1737/1224 1432/1751/1238
f 1432/1751/1238 1417/1737/1224 1416/1738/1225
f 1431/1752/1239 1416/1738/1225 1415/1739/1226
f 1430/1753/1240 1415/1739/1226 1414/1740/1227
f 1429/1754/1241 1414/1740/1227 1413/1741/1228
f 1413/1741/1228 1412/1742/1229 1427/1756/1243
f 1412/1742/1229 1411/77/77 1426/80/80
f 6/1757/1244 4/1772/1259 1419/1758/1245
f 1404/1744/1231 1419/1758/1245 1420/1759/1246
f 1405/1745/1232 1420/1759/1246 1421/1760/1247
f 1406/1746/1233 1421/1760/1247 1422/1761/1248
f 1407/1747/1234 1422/1761/1248 1423/1762/1249
f 1423/1762/1249 1424/1763/1250 1408/1748/1235
f 1409/1764/1251 1424/1763/1250 1425/81/81
f 82/1750/1237 1433/1749/1236 1447/1765/1252
f 1433/1749/1236 1432/1751/1238 1446/1767/1254
f 1445/1768/1255 1432/1751/1238 1431/1752/1239
f 1445/1768/1255 1431/1752/1239 1430/1753/1240
f 1444/1769/1256 1430/1753/1240 1429/1754/1241
f 1443/1770/1257 1429/1754/1241 1428/1755/1242
f 1428/1755/1242 1427/1756/1243 1442/1771/1258
f 1427/1756/1243 1426/80/80 1441/82/82
f 4/1772/1259 158/1786/1273 1434/1773/1260
f 1419/1758/1245 1434/1773/1260 1435/1774/1261
f 1420/1759/1246 1435/1774/1261 1436/1775/1262
f 1421/1760/1247 1436/1775/1262 1437/1776/1263
f 1422/1761/1248 1437/1776/1263 1438/1777/1264
f 1438/1777/1264 1439/1793/1280 1424/1763/1250
f 1424/1763/1250 1439/1793/1280 1440/83/83
f 58/1766/1253 1447/1765/1252 1463/1778/1265
f 1447/1765/1252 1446/1767/1254 1462/1780/1267
f 1446/1767/1254 1445/1768/1255 1461/1781/1268
f 1461/1781/1268 1445/1768/1255 1444/1769/1256
f 1460/1782/1269 1444/1769/1256 1443/1770/1257
f 1459/1783/1270 1443/1770/1257 1442/1771/1258
f 1442/1771/1258 1441/82/82 1456/85/85
f 158/1786/1273 390/1803/1290 1448/1787/1274
f 1434/1773/1260 1448/1787/1274 1449/1788/1275
f 1435/1774/1261 1449/1788/1275 1450/1789/1276
f 1436/1775/1262 1450/1789/1276 1451/1790/1277
f 1437/1776/1263 1451/1790/1277 1452/1791/1278
f 1452/1791/1278 1453/1792/1279 1438/1777/1264
f 1453/1792/1279 1454/1809/1296 1439/1793/1280
f 1439/1793/1280 1454/1809/1296 1455/84/84
f 83/1779/1266 1463/1778/1265 1479/1794/1281
f 1463/1778/1265 1462/1780/1267 1478/1796/1283
f 1462/1780/1267 1461/1781/1268 1477/1797/1284
f 1476/1798/1285 1461/1781/1268 1460/1782/1269
f 1475/1799/1286 1460/1782/1269 1459/1783/1270
f 1474/1800/1287 1459/1783/1270 1458/1784/1271
f 1473/1801/1288 1458/1784/1271 1457/1785/1272
f 1457/1785/1272 1456/85/85 1472/1802/1289
f 390/1803/1290 161/1819/1306 1464/1804/1291
f 1448/1787/1274 1464/1804/1291 1465/1805/1292
f 1450/1789/1276 1465/1805/1292 1466/1806/1293
f 1451/1790/1277 1466/1806/1293 1467/1807/1294
f 1467/1807/1294 1468/1808/1295 1453/1792/1279
f 1468/1808/1295 1469/1824/1311 1454/1809/1296
f 1454/1809/1296 1469/1824/1311 1470/86/86
f 59/1795/1282 1479/1794/1281 1494/1810/1297
f 1479/1794/1281 1478/1796/1283 1493/1812/1299
f 1478/1796/1283 1477/1797/1284 1492/1813/1300
f 1492/1813/1300 1477/1797/1284 1476/1798/1285
f 1491/1814/1301 1476/1798/1285 1475/1799/1286
f 1490/1815/1302 1475/1799/1286 1474/1800/1287
f 1489/1816/1303 1474/1800/1287 1473/1801/1288
f 1488/1817/1304 1473/1801/1288 1472/1802/1289
f 1472/1802/1289 1471/87/87 1486/89/89
f 161/1819/1306 288/1835/1322 1480/1820/1307
f 1465/1805/1292 1480/1820/1307 1481/1821/1308
f 1466/1806/1293 1481/1821/1308 1482/1822/1309
f 1482/1822/1309 1483/1823/1310 1468/1808/1295
f 1483/1823/1310 1484/1825/1312 1469/1824/1311
f 1484/1825/1312 1485/88/88 1470/86/86
f 84/1811/1298 1494/1810/1297 1508/1826/1313
f 1494/1810/1297 1493/1812/1299 1507/1828/1315
f 1493/1812/1299 1492/1813/1300 1506/1829/1316
f 1506/1829/1316 1492/1813/1300 1491/1814/1301
f 1505/1830/1317 1491/1814/1301 1490/1815/1302
f 1504/1831/1318 1490/1815/1302 1489/1816/1303
f 1503/1832/1319 1489/1816/1303 1488/1817/1304
f 1502/1833/1320 1488/1817/1304 1487/1818/1305
f 1487/1818/1305 1486/89/89 1500/91/91
f 288/1835/1322 392/1849/1336 1495/1836/1323
f 1481/1821/1308 1495/1836/1323 1496/1837/1324
f 1496/1837/1324 1497/1838/1325 1483/1823/1310
f 1497/1838/1325 1498/1839/1326 1484/1825/1312
f 1498/1839/1326 1499/90/90 1485/88/88
f 60/1827/1314 1508/1826/1313 1522/1840/1327
f 1508/1826/1313 1507/1828/1315 1521/1842/1329
f 1507/1828/1315 1506/1829/1316 1520/1843/1330
f 1520/1843/1330 1506/1829/1316 1505/1830/1317
f 1519/1844/1331 1505/1830/1317 1504/1831/1318
f 1518/1845/1332 1504/1831/1318 1503/1832/1319
f 1517/1846/1333 1503/1832/1319 1502/1833/1320
f 1502/1833/1320 1501/1834/1321 1515/1848/1335
f 1501/1834/1321 1500/91/91 1514/93/93
f 1495/1836/1323 291/1850/1337 1509/1863/1350
f 1495/1836/1323 1509/1863/1350 1510/1851/1338
f 1496/1837/1324 1510/1851/1338 1511/1852/1339
f 1511/1852/1339 1512/1853/1340 1498/1839/1326
f 1512/1853/1340 1513/92/92 1499/90/90
f 85/1841/1328 1522/1840/1327 1535/1854/1341
f 1522/1840/1327 1521/1842/1329 1534/1856/1343
f 1521/1842/1329 1520/1843/1330 1533/1857/1344
f 1533/1857/1344 1520/1843/1330 1519/1844/1331
f 1532/1858/1345 1519/1844/1331 1518/1845/1332
f 1531/1859/1346 1518/1845/1332 1517/1846/1333
f 1531/1859/1346 1517/1846/1333 1516/1847/1334
f 1516/1847/1334 1515/1848/1335 1529/1861/1348
f 1515/1848/1335 1514/93/93 1528/95/95
f 291/1850/1337 61/1875/1362 1523/1862/1349
f 1509/1863/1350 1523/1862/1349 1524/1864/1351
f 1510/1851/1338 1524/1864/1351 1525/1865/1352
f 1525/1865/1352 1526/1866/1353 1512/1853/1340
f 1526/1866/1353 1527/94/94 1513/92/92
f 367/1855/1342 1535/1854/1341 1548/1867/1354
f 1535/1854/1341 1534/1856/1343 1547/1869/1356
f 1534/1856/1343 1533/1857/1344 1546/1870/1357
f 1533/1857/1344 1532/1858/1345 1545/1871/1358
f 1545/1871/1358 1532/1858/1345 1531/1859/1346
f 1544/1872/1359 1531/1859/1346 1530/1860/1347
f 1530/1860/1347 1529/1861/1348 1542/1874/1361
f 1529/1861/1348 1528/95/95 1541/97/97
f 61/1875/1362 394/1886/1373 1536/1876/1363
f 1524/1864/1351 1536/1876/1363 1537/1889/1376
f 1524/1864/1351 1537/1889/1376 1538/1877/1364
f 1538/1877/1364 1539/1878/1365 1525/1865/1352
f 1539/1878/1365 1540/96/96 1527/94/94
f 86/1868/1355 1548/1867/1354 1562/1880/1367
f 1548/1867/1354 1547/1869/1356 1561/1879/1366
f 1547/1869/1356 1546/1870/1357 1560/1881/1368
f 1546/1870/1357 1545/1871/1358 1559/1882/1369
f 1559/1882/1369 1545/1871/1358 1544/1872/1359
f 1558/1883/1370 1544/1872/1359 1543/1873/1360
f 1543/1873/1360 1542/1874/1361 1556/1885/1372
f 1542/1874/1361 1541/97/97 1555/99/99
f 394/1886/1373 168/1899/1386 1549/1887/1374
f 1536/1876/1363 1549/1887/1374 1550/1902/1389
f 1536/1876/1363 1550/1902/1389 1551/1888/1375
f 1537/1889/1376 1551/1888/1375 1552/1890/1377
f 1552/1890/1377 1553/1891/1378 1539/1878/1365
f 1553/1891/1378 1554/98/98 1540/96/96
f 1562/1880/1367 1561/1879/1366 1575/1892/1379
f 1561/1879/1366 1560/1881/1368 1574/1894/1381
f 1560/1881/1368 1559/1882/1369 1573/1895/1382
f 1573/1895/1382 1559/1882/1369 1558/1883/1370
f 1572/1896/1383 1558/1883/1370 1557/1884/1371
f 1557/1884/1371 1556/1885/1372 1570/1898/1385
f 1556/1885/1372 1555/99/99 1569/101/101
f 168/1899/1386 87/1913/1400 1563/1900/1387
f 1549/1887/1374 1563/1900/1387 1564/1901/1388
f 1550/1902/1389 1564/1901/1388 1565/1903/1390
f 1551/1888/1375 1565/1903/1390 1566/1904/1391
f 1566/1904/1391 1567/1905/1392 1553/1891/1378
f 1567/1905/1392 1568/100/100 1554/98/98
f 1576/1893/1380 1575/1892/1379 1589/1906/1393
f 1575/1892/1379 1574/1894/1381 1588/1908/1395
f 1574/1894/1381 1573/1895/1382 1587/1909/1396
f 1586/1910/1397 1573/1895/1382 1572/1896/1383
f 1586/1910/1397 1572/1896/1383 1571/1897/1384
f 1585/1911/1398 1571/1897/1384 1570/1898/1385
f 1570/1898/1385 1569/101/101 1583/103/103
f 87/1913/1400 2/1926/1413 1577/1914/1401
f 1563/1900/1387 1577/1914/1401 1578/1915/1402
f 1564/1901/1388 1578/1915/1402 1579/1916/1403
f 1565/1903/1390 1579/1916/1403 1580/1917/1404
f 1580/1917/1404 1581/1918/1405 1567/1905/1392
f 1581/1918/1405 1582/102/102 1568/100/100
f 1590/1907/1394 1589/1906/1393 1603/1919/1406
f 1589/1906/1393 1588/1908/1395 1602/1921/1408
f 1588/1908/1395 1587/1909/1396 1601/1922/1409
f 1601/1922/1409 1587/1909/1396 1586/1910/1397
f 1600/1923/1410 1586/1910/1397 1585/1911/1398
f 1599/1924/1411 1585/1911/1398 1584/1912/1399
f 1584/1912/1399 1583/103/103 1597/105/105
f 2/1926/1413 298/2758/1425 1591/1927/1414
f 1577/1914/1401 1591/1927/1414 1592/1928/1415
f 1579/1931/1403 1592/1930/1415 1593/1932/1416
f 1593/2759/1416 1594/2760/1429 1581/2761/1405
f 1594/1954/1429 1595/1956/1417 1581/1934/1405
f 1595/1935/1417 1596/104/104 1582/102/102
f 1604/1936/1407 1603/1939/1406 1618/1937/1418
f 1603/1939/1406 1602/1941/1408 1617/1940/1420
f 1602/1941/1408 1601/2762/1409 1616/1942/1421
f 1616/1942/1421 1601/2762/1409 1600/1943/1410
f 1615/1944/1422 1600/1943/1410 1599/1945/1411
f 1614/1946/1423 1599/1945/1411 1598/1947/1412
f 1598/1947/1412 1597/106/105 1612/108/107
f 298/1949/1425 62/1966/1439 1605/1950/1426
f 1591/1951/1414 1605/1950/1426 1606/1952/1427
f 1592/1930/1415 1606/1952/1427 1607/1953/1428
f 1607/1953/1428 1608/1955/1430 1594/1954/1429
f 1608/1955/1430 1609/1972/1445 1595/1956/1417
f 1609/1972/1445 1610/1957/1431 1595/1956/1417
f 1610/1957/1431 1611/107/106 1596/1958/104
f 1619/1938/1419 1618/1937/1418 1634/1959/1432
f 1618/1937/1418 1617/1940/1420 1633/1961/1434
f 1617/1940/1420 1616/1942/1421 1632/1962/1435
f 1632/1962/1435 1616/1942/1421 1615/1944/1422
f 1615/1944/1422 1614/1946/1423 1630/1964/1437
f 1630/1964/1437 1614/1946/1423 1613/1948/1424
f 1613/1948/1424 1612/108/107 1628/110/109
f 62/1966/1439 395/1982/1455 1620/1967/1440
f 1605/1950/1426 1620/1967/1440 1621/1968/1441
f 1606/1952/1427 1621/1968/1441 1622/1969/1442
f 1622/1969/1442 1623/1970/1443 1607/1953/1428
f 1623/1970/1443 1624/1971/1444 1608/1955/1430
f 1624/1971/1444 1625/1973/1446 1609/1972/1445
f 1625/1973/1446 1626/1974/1447 1610/1957/1431
f 1626/1974/1447 1627/109/108 1611/107/106
f 88/1960/1433 1634/1959/1432 1649/1975/1448
f 1634/1959/1432 1633/1961/1434 1648/1977/1450
f 1633/1961/1434 1632/1962/1435 1647/1978/1451
f 1647/1978/1451 1632/1962/1435 1631/1963/1436
f 1631/1963/1436 1630/1964/1437 1645/1980/1453
f 1645/1980/1453 1630/1964/1437 1629/1965/1438
f 1629/1965/1438 1628/110/109 1643/112/111
f 395/1982/1455 175/1997/1470 1635/1983/1456
f 1620/1967/1440 1635/1983/1456 1636/1984/1457
f 1621/1968/1441 1636/1984/1457 1637/1985/1458
f 1637/1985/1458 1638/1986/1459 1623/1970/1443
f 1638/1986/1459 1639/1987/1460 1624/1971/1444
f 1639/1987/1460 1640/1988/1461 1625/1973/1446
f 1640/1988/1461 1641/1989/1462 1626/1974/1447
f 1641/1989/1462 1642/111/110 1627/109/108
f 393/1976/1449 1649/1975/1448 1664/1990/1463
f 1649/1975/1448 1648/1977/1450 1663/1992/1465
f 1648/1977/1450 1647/1978/1451 1662/1993/1466
f 1662/1993/1466 1647/1978/1451 1646/1979/1452
f 1646/1979/1452 1645/1980/1453 1660/1995/1468
f 1660/1995/1468 1645/1980/1453 1644/1981/1454
f 1644/1981/1454 1643/112/111 1658/114/113
f 175/1997/1470 303/2013/1486 1650/1998/1471
f 1635/1983/1456 1650/1998/1471 1651/1999/1472
f 1636/1984/1457 1651/1999/1472 1652/2000/1473
f 1637/1985/1458 1652/2000/1473 1653/2001/1474
f 1653/2001/1474 1654/2002/1475 1638/1986/1459
f 1654/2002/1475 1655/2003/1476 1639/1987/1460
f 1655/2003/1476 1656/2004/1477 1640/1988/1461
f 1656/2004/1477 1657/113/112 1641/1989/1462
f 89/1991/1464 1664/1990/1463 1680/2005/1478
f 1664/1990/1463 1663/1992/1465 1679/2007/1480
f 1663/1992/1465 1662/1993/1466 1678/2008/1481
f 1677/2009/1482 1662/1993/1466 1661/1994/1467
f 1661/1994/1467 1660/1995/1468 1675/2011/1484
f 1675/2011/1484 1660/1995/1468 1659/1996/1469
f 1659/1996/1469 1658/114/113 1673/116/115
f 303/2013/1486 19/2028/1501 1665/2014/1487
f 1651/1999/1472 1665/2014/1487 1666/2031/1504
f 1651/1999/1472 1666/2031/1504 1667/2015/1488
f 1652/2000/1473 1667/2015/1488 1668/2016/1489
f 1668/2016/1489 1669/2017/1490 1654/2002/1475
f 1669/2017/1490 1670/2018/1491 1655/2003/1476
f 1670/2018/1491 1671/2019/1492 1656/2004/1477
f 1671/2019/1492 1672/115/114 1657/113/112
f 63/2006/1479 1680/2005/1478 1696/2020/1493
f 1680/2005/1478 1679/2007/1480 1695/2022/1495
f 1679/2007/1480 1678/2008/1481 1694/2023/1496
f 1694/2023/1496 1678/2008/1481 1677/2009/1482
f 1693/2024/1497 1677/2009/1482 1676/2010/1483
f 1676/2010/1483 1675/2011/1484 1691/2026/1499
f 1691/2026/1499 1675/2011/1484 1674/2012/1485
f 1690/2027/1500 1674/2012/1485 1673/116/115
f 19/2028/1501 306/2046/1519 1681/2029/1502
f 1665/2014/1487 1681/2029/1502 1682/2030/1503
f 1666/2031/1504 1682/2030/1503 1683/2032/1505
f 1667/2015/1488 1683/2032/1505 1684/2033/1506
f 1684/2033/1506 1685/2034/1507 1669/2017/1490
f 1685/2034/1507 1686/2035/1508 1670/2018/1491
f 1686/2035/1508 1687/2036/1509 1671/2019/1492
f 1687/2036/1509 1688/117/116 1672/115/114
f 90/2021/1494 1696/2020/1493 1713/2037/1510
f 1696/2020/1493 1695/2022/1495 1711/2040/1513
f 1695/2022/1495 1694/2023/1496 1710/2041/1514
f 1710/2041/1514 1694/2023/1496 1693/2024/1497
f 1709/2042/1515 1693/2024/1497 1692/2025/1498
f 1692/2025/1498 1691/2026/1499 1707/2044/1517
f 1707/2044/1517 1691/2026/1499 1690/2027/1500
f 1706/2045/1518 1690/2027/1500 1689/118/117
f 306/2046/1519 180/2062/1535 1697/2047/1520
f 1681/2029/1502 1697/2047/1520 1698/2048/1521
f 1682/2030/1503 1698/2048/1521 1699/2049/1522
f 1699/2049/1522 1700/2050/1523 1684/2033/1506
f 1700/2050/1523 1701/2051/1524 1685/2034/1507
f 1701/2051/1524 1702/2052/1525 1686/2035/1508
f 1702/2052/1525 1703/2053/1526 1687/2036/1509
f 1703/2053/1526 1704/119/118 1688/117/116
f 64/2038/1511 1713/2037/1510 1729/2054/1527
f 1713/2037/1510 1712/2039/1512 1728/2056/1529
f 1712/2039/1512 1711/2040/1513 1727/2057/1530
f 1711/2040/1513 1710/2041/1514 1727/2057/1530
f 1727/2057/1530 1710/2041/1514 1709/2042/1515
f 1726/2058/1531 1709/2042/1515 1708/2043/1516
f 1708/2043/1516 1707/2044/1517 1724/2060/1533
f 1724/2060/1533 1707/2044/1517 1706/2045/1518
f 1723/2061/1534 1706/2045/1518 1705/120/119
f 180/2062/1535 309/2079/1552 1714/2063/1536
f 1697/2047/1520 1714/2063/1536 1715/2064/1537
f 1698/2048/1521 1715/2064/1537 1716/2065/1538
f 1716/2065/1538 1717/2066/1539 1700/2050/1523
f 1717/2066/1539 1718/2067/1540 1701/2051/1524
f 1718/2067/1540 1719/2068/1541 1702/2052/1525
f 1719/2068/1541 1720/2069/1542 1703/2053/1526
f 1720/2069/1542 1721/121/120 1704/119/118
f 91/2055/1528 1729/2054/1527 1746/2070/1543
f 1729/2054/1527 1728/2056/1529 1746/2070/1543
f 1728/2056/1529 1727/2057/1530 1745/2072/1545
f 1744/2073/1546 1727/2057/1530 1726/2058/1531
f 1743/2074/1547 1726/2058/1531 1725/2059/1532
f 1725/2059/1532 1724/2060/1533 1741/2076/1549
f 1741/2076/1549 1724/2060/1533 1723/2061/1534
f 1739/2078/1551 1723/2061/1534 1722/122/121
f 309/2079/1552 20/2095/1568 1730/2080/1553
f 1714/2063/1536 1730/2080/1553 1731/2081/1554
f 1731/2081/1554 1732/2082/1555 1716/2065/1538
f 1732/2082/1555 1733/2083/1556 1717/2066/1539
f 1733/2083/1556 1734/2084/1557 1718/2067/1540
f 1734/2084/1557 1735/2085/1558 1719/2068/1541
f 1735/2085/1558 1736/2086/1559 1720/2069/1542
f 1736/2086/1559 1737/123/122 1721/121/120
f 377/2087/1560 368/2071/1544 1746/2070/1543
f 1746/2070/1543 1745/2072/1545 1761/2089/1562
f 1745/2072/1545 1744/2073/1546 1760/2090/1563
f 1744/2073/1546 1743/2074/1547 1759/2091/1564
f 1759/2091/1564 1743/2074/1547 1742/2075/1548
f 1742/2075/1548 1741/2076/1549 1758/2092/1565
f 1758/2092/1565 1741/2076/1549 1740/2077/1550
f 1757/2093/1566 1740/2077/1550 1739/2078/1551
f 1756/2094/1567 1739/2078/1551 1738/124/123
f 20/2095/1568 312/2112/1585 1747/2096/1569
f 1747/2096/1569 1748/2097/1570 1731/2081/1554
f 1748/2097/1570 1749/2098/1571 1732/2082/1555
f 1749/2098/1571 1750/2099/1572 1733/2083/1556
f 1750/2099/1572 1751/2100/1573 1734/2084/1557
f 1751/2100/1573 1752/2101/1574 1735/2085/1558
f 1752/2101/1574 1753/2102/1575 1736/2086/1559
f 1753/2102/1575 1754/126/125 1737/123/122
f 65/2103/1576 377/2087/1560 1762/2088/1561
f 1762/2088/1561 1761/2089/1562 1778/2105/1578
f 1761/2089/1562 1760/2090/1563 1777/2106/1579
f 1777/2106/1579 1760/2090/1563 1759/2091/1564
f 1775/2108/1581 1759/2091/1564 1758/2092/1565
f 1774/2109/1582 1758/2092/1565 1757/2093/1566
f 1773/2110/1583 1757/2093/1566 1756/2094/1567
f 1772/2111/1584 1756/2094/1567 1755/125/124
f 312/2112/1585 185/2128/1601 1763/2113/1586
f 1763/2113/1586 1764/2114/1587 1748/2097/1570
f 1764/2114/1587 1765/2115/1588 1749/2098/1571
f 1765/2115/1588 1766/2116/1589 1750/2099/1572
f 1766/2116/1589 1767/2117/1590 1751/2100/1573
f 1767/2117/1590 1768/2118/1591 1752/2101/1574
f 1768/2118/1591 1769/2119/1592 1753/2102/1575
f 1769/2119/1592 1770/128/127 1754/126/125
f 65/2103/1576 1779/2104/1577 1795/2120/1593
f 1779/2104/1577 1778/2105/1578 1794/2122/1595
f 1778/2105/1578 1777/2106/1579 1793/2123/1596
f 1793/2123/1596 1777/2106/1579 1776/2107/1580
f 1792/2124/1597 1776/2107/1580 1775/2108/1581
f 1792/2124/1597 1775/2108/1581 1774/2109/1582
f 1791/2125/1598 1774/2109/1582 1773/2110/1583
f 1790/2126/1599 1773/2110/1583 1772/2111/1584
f 1789/2127/1600 1772/2111/1584 1771/127/126
f 185/2128/1601 315/2144/1617 1780/2129/1602
f 1780/2129/1602 1781/2130/1603 1764/2114/1587
f 1781/2130/1603 1782/2131/1604 1765/2115/1588
f 1782/2131/1604 1783/2132/1605 1766/2116/1589
f 1783/2132/1605 1784/2133/1606 1767/2117/1590
f 1784/2133/1606 1785/2134/1607 1768/2118/1591
f 1785/2134/1607 1786/2135/1608 1769/2119/1592
f 1786/2135/1608 1787/130/129 1770/128/127
f 378/2121/1594 1795/2120/1593 1810/2136/1609
f 1795/2120/1593 1794/2122/1595 1809/2138/1611
f 1809/2138/1611 1794/2122/1595 1793/2123/1596
f 1808/2139/1612 1793/2123/1596 1792/2124/1597
f 1807/2140/1613 1792/2124/1597 1791/2125/1598
f 1806/2141/1614 1791/2125/1598 1790/2126/1599
f 1805/2142/1615 1790/2126/1599 1789/2127/1600
f 1789/2127/1600 1788/129/128 1803/132/131
f 315/2144/1617 21/2158/1631 1796/2145/1618
f 1796/2145/1618 1797/2146/1619 1781/2130/1603
f 1797/2146/1619 1798/2147/1620 1783/2132/1605
f 1798/2147/1620 1799/2148/1621 1784/2133/1606
f 1799/2148/1621 1800/2149/1622 1785/2134/1607
f 1800/2149/1622 1801/2150/1623 1786/2135/1608
f 1801/2150/1623 1802/131/130 1787/130/129
f 66/2137/1610 1810/2136/1609 1824/2151/1624
f 1810/2136/1609 1809/2138/1611 1823/2153/1626
f 1823/2153/1626 1809/2138/1611 1808/2139/1612
f 1822/2154/1627 1808/2139/1612 1807/2140/1613
f 1821/2155/1628 1807/2140/1613 1806/2141/1614
f 1820/2156/1629 1806/2141/1614 1805/2142/1615
f 1819/2157/1630 1805/2142/1615 1804/2143/1616
f 1804/2143/1616 1803/132/131 1818/134/133
f 21/2158/1631 37/2172/1645 1811/2159/1632
f 1811/2159/1632 1812/2160/1633 1797/2146/1619
f 1812/2160/1633 1813/2161/1634 1798/2147/1620
f 1813/2161/1634 1814/2162/1635 1799/2148/1621
f 1814/2162/1635 1815/2163/1636 1800/2149/1622
f 1815/2163/1636 1816/2164/1637 1801/2150/1623
f 1816/2164/1637 1817/133/132 1802/131/130
f 92/2152/1625 1824/2151/1624 1838/2165/1638
f 1824/2151/1624 1823/2153/1626 1837/2167/1640
f 1837/2167/1640 1823/2153/1626 1822/2154/1627
f 1836/2168/1641 1822/2154/1627 1821/2155/1628
f 1835/2169/1642 1821/2155/1628 1820/2156/1629
f 1834/2170/1643 1820/2156/1629 1819/2157/1630
f 1819/2157/1630 1818/134/133 1832/136/135
f 37/2172/1645 190/2185/1658 1825/2173/1646
f 1825/2173/1646 1826/2174/1647 1812/2160/1633
f 1826/2174/1647 1827/2175/1648 1813/2161/1634
f 1827/2175/1648 1828/2176/1649 1814/2162/1635
f 1828/2176/1649 1829/2177/1650 1815/2163/1636
f 1829/2177/1650 1830/2178/1651 1816/2164/1637
f 1830/2178/1651 1831/135/134 1817/133/132
f 67/2166/1639 1838/2165/1638 1850/2179/1652
f 1838/2165/1638 1837/2167/1640 1849/2181/1654
f 1849/2181/1654 1837/2167/1640 1836/2168/1641
f 1848/2182/1655 1836/2168/1641 1835/2169/1642
f 1847/2183/1656 1835/2169/1642 1834/2170/1643
f 1846/2184/1657 1834/2170/1643 1833/2171/1644
f 1833/2171/1644 1832/136/135 1845/138/137
f 190/2185/1658 320/2197/1670 1839/2186/1659
f 1839/2186/1659 1840/2187/1660 1826/2174/1647
f 1840/2187/1660 1841/2188/1661 1827/2175/1648
f 1841/2188/1661 1842/2189/1662 1828/2176/1649
f 1842/2189/1662 1843/2190/1663 1829/2177/1650
f 1843/2190/1663 1844/137/136 1831/135/134
f 38/2180/1653 1850/2179/1652 1862/2191/1664
f 1850/2179/1652 1849/2181/1654 1861/2193/1666
f 1861/2193/1666 1849/2181/1654 1848/2182/1655
f 1860/2194/1667 1848/2182/1655 1847/2183/1656
f 1859/2195/1668 1847/2183/1656 1846/2184/1657
f 1858/2196/1669 1846/2184/1657 1845/138/137
f 320/2197/1670 396/2210/1683 1851/2198/1671
f 1851/2198/1671 1852/2199/1672 1840/2187/1660
f 1852/2199/1672 1853/2200/1673 1841/2188/1661
f 1853/2200/1673 1854/2201/1674 1842/2189/1662
f 1854/2201/1674 1855/2202/1675 1843/2190/1663
f 1855/2202/1675 1856/139/138 1844/137/136
f 68/2192/1665 1862/2191/1664 1874/2203/1676
f 1862/2191/1664 1861/2193/1666 1873/2205/1678
f 1872/2206/1679 1861/2193/1666 1860/2194/1667
f 1871/2207/1680 1860/2194/1667 1859/2195/1668
f 1870/2208/1681 1859/2195/1668 1858/2196/1669
f 1870/2208/1681 1858/2196/1669 1857/140/139
f 396/2210/1683 323/2223/1696 1863/2211/1684
f 1863/2211/1684 1864/2212/1685 1851/2198/1671
f 1864/2212/1685 1865/2213/1686 1853/2200/1673
f 1865/2213/1686 1866/2214/1687 1854/2201/1674
f 1866/2214/1687 1867/2215/1688 1855/2202/1675
f 1867/2215/1688 1868/141/140 1856/139/138
f 93/2204/1677 1874/2203/1676 1887/2216/1689
f 1874/2203/1676 1873/2205/1678 1886/2218/1691
f 1886/2218/1691 1873/2205/1678 1872/2206/1679
f 1872/2206/1679 1871/2207/1680 1884/2220/1693
f 1871/2207/1680 1870/2208/1681 1884/2220/1693
f 1883/2221/1694 1870/2208/1681 1869/2209/1682
f 1869/2209/1682 1868/141/140 1881/143/142
f 323/2223/1696 22/2237/1710 1875/2224/1697
f 1875/2224/1697 1876/2225/1698 1864/2212/1685
f 1876/2225/1698 1877/2226/1699 1865/2213/1686
f 1877/2226/1699 1878/2227/1700 1866/2214/1687
f 1878/2227/1700 1879/2228/1701 1867/2215/1688
f 1879/2228/1701 1880/142/141 1868/141/140
f 94/2229/1702 69/2217/1690 1887/2216/1689
f 1900/2230/1703 1887/2216/1689 1886/2218/1691
f 1899/2231/1704 1886/2218/1691 1885/2219/1692
f 1885/2219/1692 1884/2220/1693 1897/2233/1706
f 1897/2233/1706 1884/2220/1693 1883/2221/1694
f 1896/2234/1707 1883/2221/1694 1882/2222/1695
f 1882/2222/1695 1881/143/142 1894/145/144
f 326/2236/1709 1888/2238/1711 1875/2224/1697
f 1888/2238/1711 1889/2239/1712 1876/2225/1698
f 1889/2239/1712 1890/2252/1725 1877/2226/1699
f 1877/2226/1699 1890/2252/1725 1891/2240/1713
f 1891/2240/1713 1892/2241/1714 1879/2228/1701
f 1892/2241/1714 1893/144/143 1880/142/141
f 195/2242/1715 94/2229/1702 1900/2230/1703
f 1913/2243/1716 1900/2230/1703 1899/2231/1704
f 1912/2244/1717 1899/2231/1704 1898/2232/1705
f 1898/2232/1705 1897/2233/1706 1910/2246/1719
f 1910/2246/1719 1897/2233/1706 1896/2234/1707
f 1909/2247/1720 1896/2234/1707 1895/2235/1708
f 1895/2235/1708 1894/145/144 1907/147/146
f 198/2249/1722 1901/2250/1723 1888/2238/1711
f 1901/2250/1723 1902/2251/1724 1889/2239/1712
f 1902/2251/1724 1903/2265/1738 1890/2252/1725
f 1890/2252/1725 1903/2265/1738 1904/2253/1726
f 1904/2253/1726 1905/2254/1727 1892/2241/1714
f 1905/2254/1727 1906/146/145 1893/144/143
f 5/2255/1728 195/2242/1715 1913/2243/1716
f 1926/2256/1729 1913/2243/1716 1912/2244/1717
f 1925/2257/1730 1912/2244/1717 1911/2245/1718
f 1911/2245/1718 1910/2246/1719 1923/2259/1732
f 1923/2259/1732 1910/2246/1719 1909/2247/1720
f 1922/2260/1733 1909/2247/1720 1908/2248/1721
f 1908/2248/1721 1907/147/146 1920/149/148
f 329/2262/1735 1914/2263/1736 1901/2250/1723
f 1914/2263/1736 1915/2264/1737 1902/2251/1724
f 1915/2264/1737 1916/2278/1751 1903/2265/1738
f 1903/2265/1738 1916/2278/1751 1917/2266/1739
f 1917/2266/1739 1918/2267/1740 1905/2254/1727
f 1918/2267/1740 1919/148/147 1906/146/145
f 70/2268/1741 5/2255/1728 1926/2256/1729
f 1939/2269/1742 1926/2256/1729 1925/2257/1730
f 1938/2270/1743 1925/2257/1730 1924/2258/1731
f 1924/2258/1731 1923/2259/1732 1936/2272/1745
f 1936/2272/1745 1923/2259/1732 1922/2260/1733
f 1935/2273/1746 1922/2260/1733 1921/2261/1734
f 1934/2274/1747 1921/2261/1734 1920/149/148
f 201/2275/1748 1927/2276/1749 1914/2263/1736
f 1927/2276/1749 1928/2277/1750 1915/2264/1737
f 1928/2277/1750 1929/2291/1764 1916/2278/1751
f 1916/2278/1751 1929/2291/1764 1930/2279/1752
f 1930/2279/1752 1931/2280/1753 1918/2267/1740
f 1931/2280/1753 1932/150/149 1919/148/147
f 379/2281/1754 70/2268/1741 1939/2269/1742
f 1952/2282/1755 1939/2269/1742 1938/2270/1743
f 1951/2283/1756 1938/2270/1743 1937/2271/1744
f 1937/2271/1744 1936/2272/1745 1949/2285/1758
f 1949/2285/1758 1936/2272/1745 1935/2273/1746
f 1948/2286/1759 1935/2273/1746 1934/2274/1747
f 1947/2287/1760 1934/2274/1747 1933/151/150
f 332/2288/1761 1940/2289/1762 1927/2276/1749
f 1940/2289/1762 1941/2290/1763 1928/2277/1750
f 1941/2290/1763 1942/2302/1775 1929/2291/1764
f 1929/2291/1764 1942/2302/1775 1943/2292/1765
f 1943/2292/1765 1944/2293/1766 1931/2280/1753
f 1944/2293/1766 1945/152/151 1932/150/149
f 71/2294/1767 379/2281/1754 1952/2282/1755
f 1964/2295/1768 1952/2282/1755 1951/2283/1756
f 1963/2296/1769 1951/2283/1756 1950/2284/1757
f 1950/2284/1757 1949/2285/1758 1962/2297/1770
f 1962/2297/1770 1949/2285/1758 1948/2286/1759
f 1961/2298/1771 1948/2286/1759 1947/2287/1760
f 1960/2299/1772 1947/2287/1760 1946/153/152
f 23/2300/1773 1953/2313/1786 1940/2289/1762
f 1953/2313/1786 1954/2301/1774 1940/2289/1762
f 1954/2301/1774 1955/2316/1789 1942/2302/1775
f 1942/2302/1775 1955/2316/1789 1956/2303/1776
f 1956/2303/1776 1957/2304/1777 1944/2293/1766
f 1957/2304/1777 1958/154/153 1945/152/151
f 333/2305/1778 71/2294/1767 1964/2295/1768
f 1978/2306/1779 1964/2295/1768 1963/2296/1769
f 1963/2296/1769 1962/2297/1770 1976/2308/1781
f 1975/2309/1782 1962/2297/1770 1961/2298/1771
f 1974/2310/1783 1961/2298/1771 1960/2299/1772
f 1973/2311/1784 1960/2299/1772 1959/155/154
f 336/2312/1785 1965/2314/1787 1953/2313/1786
f 1965/2314/1787 1966/2315/1788 1954/2301/1774
f 1966/2315/1788 1967/2330/1803 1955/2316/1789
f 1955/2316/1789 1967/2330/1803 1968/2317/1790
f 1956/2303/1776 1968/2317/1790 1969/2318/1791
f 1969/2318/1791 1970/2319/1792 1957/2304/1777
f 1970/2319/1792 1971/156/155 1958/154/153
f 369/2320/1793 333/2305/1778 1978/2306/1779
f 1992/2321/1794 1978/2306/1779 1977/2307/1780
f 1977/2307/1780 1976/2308/1781 1990/2323/1796
f 1976/2308/1781 1975/2309/1782 1989/2324/1797
f 1988/2325/1798 1975/2309/1782 1974/2310/1783
f 1988/2325/1798 1974/2310/1783 1973/2311/1784
f 1987/2326/1799 1973/2311/1784 1972/157/156
f 206/2327/1800 1979/2328/1801 1965/2314/1787
f 1979/2328/1801 1980/2329/1802 1966/2315/1788
f 1980/2329/1802 1981/2763/1817 1967/2330/1803
f 1967/2330/1803 1981/2763/1817 1982/2331/1804
f 1968/2317/1790 1982/2331/1804 1983/2332/1805
f 1983/2332/1805 1984/2333/1806 1970/2319/1792
f 1984/2333/1806 1985/158/157 1971/156/155
f 397/2334/1807 369/2764/1793 1992/2335/1794
f 2005/2336/1808 1992/2335/1794 1991/2337/1795
f 1991/2337/1795 1990/2340/1796 2003/2339/1810
f 1990/2340/1796 1989/2342/1797 2002/2341/1811
f 1989/2342/1797 1988/2765/1798 2001/2343/1812
f 2001/2343/1812 1988/2765/1798 1987/2344/1799
f 2000/2345/1813 1987/2344/1799 1986/160/158
f 339/2346/1814 1993/2349/1815 1979/2347/1801
f 1993/2349/1815 1994/2351/1816 1980/2350/1802
f 1994/2351/1816 1995/2369/1830 1981/2352/1817
f 1981/2352/1817 1995/2369/1830 1996/2353/1818
f 1982/2354/1804 1996/2353/1818 1997/2355/1819
f 1997/2355/1819 1998/161/159 1984/2357/1806
f 207/2359/1820 397/2334/1807 2005/2336/1808
f 2018/2360/1821 2005/2336/1808 2004/2338/1809
f 2004/2338/1809 2003/2339/1810 2016/2362/1823
f 2003/2339/1810 2002/2341/1811 2015/2363/1824
f 2002/2341/1811 2001/2343/1812 2014/2364/1825
f 2014/2364/1825 2001/2343/1812 2000/2345/1813
f 2013/2365/1826 2000/2345/1813 1999/162/160
f 24/2366/1827 2006/2367/1828 1993/2349/1815
f 2006/2367/1828 2007/2368/1829 1994/2351/1816
f 2007/2368/1829 2008/2383/1844 1995/2369/1830
f 1995/2369/1830 2008/2383/1844 2009/2370/1831
f 1996/2353/1818 2009/2370/1831 2010/2371/1832
f 2010/2371/1832 2011/163/161 1998/161/159
f 407/2372/1833 207/2359/1820 2018/2360/1821
f 2031/2373/1834 2018/2360/1821 2017/2361/1822
f 2017/2361/1822 2016/2362/1823 2029/2375/1836
f 2016/2362/1823 2015/2363/1824 2028/2376/1837
f 2015/2363/1824 2014/2364/1825 2028/2376/1837
f 2027/2377/1838 2014/2364/1825 2013/2365/1826
f 2026/2378/1839 2013/2365/1826 2012/164/162
f 39/2380/1841 2019/2381/1842 2006/2367/1828
f 2019/2381/1842 2020/2382/1843 2007/2368/1829
f 2020/2382/1843 2021/2396/1857 2008/2383/1844
f 2008/2383/1844 2021/2396/1857 2022/2384/1845
f 2009/2370/1831 2022/2384/1845 2023/2385/1846
f 2023/2385/1846 2024/2399/1860 2011/163/161
f 2024/2399/1860 2025/2379/1840 2011/163/161
f 2044/2386/1847 407/2372/1833 2031/2373/1834
f 2044/2386/1847 2031/2373/1834 2030/2374/1835
f 2043/2387/1848 2030/2374/1835 2029/2375/1836
f 2029/2375/1836 2028/2376/1837 2041/2389/1850
f 2041/2389/1850 2028/2376/1837 2027/2377/1838
f 2040/2390/1851 2027/2377/1838 2026/2378/1839
f 2026/2378/1839 2025/2379/1840 2038/2392/1853
f 25/2393/1854 2032/2394/1855 2019/2381/1842
f 2032/2394/1855 2033/2395/1856 2020/2382/1843
f 2033/2395/1856 2034/2411/1872 2021/2396/1857
f 2021/2396/1857 2034/2411/1872 2035/2397/1858
f 2022/2384/1845 2035/2397/1858 2036/2398/1859
f 2036/2398/1859 2037/2400/1861 2024/2399/1860
f 2037/2400/1861 2038/2392/1853 2025/2379/1840
f 2058/2401/1862 2044/2386/1847 2043/2387/1848
f 2057/2402/1863 2043/2387/1848 2042/2388/1849
f 2042/2388/1849 2041/2389/1850 2055/2404/1865
f 2041/2389/1850 2040/2390/1851 2054/2405/1866
f 2054/2405/1866 2040/2390/1851 2039/2391/1852
f 2039/2391/1852 2038/2392/1853 2052/2407/1868
f 40/2408/1869 2045/2409/1870 2032/2394/1855
f 2045/2409/1870 2046/2410/1871 2033/2395/1856
f 2046/2410/1871 2047/2424/1885 2034/2411/1872
f 2034/2411/1872 2047/2424/1885 2048/2412/1873
f 2035/2397/1858 2048/2412/1873 2049/2413/1874
f 2049/2413/1874 2050/2414/1875 2037/2400/1861
f 2050/2414/1875 2051/165/163 2038/2392/1853
f 2071/2415/1876 2058/2401/1862 2057/2402/1863
f 2070/2416/1877 2057/2402/1863 2056/2403/1864
f 2056/2403/1864 2055/2404/1865 2068/2418/1879
f 2055/2404/1865 2054/2405/1866 2067/2419/1880
f 2067/2419/1880 2054/2405/1866 2053/2406/1867
f 2066/2420/1881 2053/2406/1867 2052/2407/1868
f 2052/2407/1868 2051/165/163 2065/167/165
f 26/2421/1882 2059/2422/1883 2045/2409/1870
f 2059/2422/1883 2060/2423/1884 2046/2410/1871
f 2060/2423/1884 2061/2438/1899 2047/2424/1885
f 2047/2424/1885 2061/2438/1899 2062/2425/1886
f 2048/2412/1873 2062/2425/1886 2063/2426/1887
f 2063/2426/1887 2064/166/164 2050/2414/1875
f 2085/2427/1888 2071/2415/1876 2070/2416/1877
f 2084/2428/1889 2070/2416/1877 2069/2417/1878
f 2069/2417/1878 2068/2418/1879 2082/2430/1891
f 2068/2418/1879 2067/2419/1880 2081/2431/1892
f 2081/2431/1892 2067/2419/1880 2066/2420/1881
f 2080/2432/1893 2066/2420/1881 2065/167/165
f 346/2435/1896 2072/2436/1897 2059/2422/1883
f 2072/2436/1897 2073/2437/1898 2060/2423/1884
f 2073/2437/1898 2074/2450/1911 2061/2438/1899
f 2061/2438/1899 2074/2450/1911 2075/2439/1900
f 2062/2425/1886 2075/2439/1900 2076/2440/1901
f 2076/2440/1901 2077/2453/1914 2064/166/164
f 2077/2453/1914 2078/2434/1895 2064/166/164
f 2096/2441/1902 2085/2427/1888 2084/2428/1889
f 2095/2442/1903 2084/2428/1889 2083/2429/1890
f 2083/2429/1890 2082/2430/1891 2094/2443/1904
f 2094/2443/1904 2082/2430/1891 2081/2431/1892
f 2093/2444/1905 2081/2431/1892 2080/2432/1893
f 2093/2444/1905 2080/2432/1893 2079/2433/1894
f 2079/2433/1894 2078/2434/1895 2091/2446/1907
f 27/2447/1908 2086/2448/1909 2072/2436/1897
f 2086/2448/1909 2087/2449/1910 2073/2437/1898
f 2087/2449/1910 2088/2451/1912 2074/2450/1911
f 2088/2451/1912 2089/2452/1913 2075/2439/1900
f 2089/2452/1913 2090/2454/1915 2077/2453/1914
f 2090/2454/1915 2091/2446/1907 2078/2434/1895
f 2105/2456/1917 2096/2441/1902 2095/2442/1903
f 2095/2442/1903 2094/2443/1904 2104/2457/1918
f 2104/2457/1918 2094/2443/1904 2093/2444/1905
f 2103/2458/1919 2093/2444/1905 2092/2445/1906
f 2092/2445/1906 2091/2446/1907 2101/2460/1921
f 398/2461/1922 2097/2462/1923 2086/2448/1909
f 2097/2462/1923 2098/2463/1924 2087/2449/1910
f 2098/2463/1924 2099/2474/1935 2089/2452/1913
f 2099/2474/1935 2100/2464/1925 2089/2452/1913
f 2100/2464/1925 2101/2460/1921 2091/2446/1907
f 72/2465/1926 41/2455/1916 2105/2456/1917
f 2105/2456/1917 2104/2457/1918 2113/2467/1928
f 2113/2467/1928 2104/2457/1918 2103/2458/1919
f 2112/2468/1929 2103/2458/1919 2102/2459/1920
f 2102/2459/1920 2101/2460/1921 2110/2470/1931
f 28/2471/1932 2106/2472/1933 2097/2462/1923
f 2106/2472/1933 2107/2473/1934 2098/2463/1924
f 2107/2473/1934 2108/2475/1936 2099/2474/1935
f 2108/2475/1936 2109/2476/1937 2100/2464/1925
f 2109/2476/1937 2110/2470/1931 2101/2460/1921
f 72/2465/1926 2114/2466/1927 2123/2477/1938
f 2114/2466/1927 2113/2467/1928 2122/2479/1940
f 2122/2479/1940 2113/2467/1928 2112/2468/1929
f 2121/2480/1941 2112/2468/1929 2111/2469/1930
f 2111/2469/1930 2110/2470/1931 2119/168/166
f 42/2482/1943 2115/2483/1944 2106/2472/1933
f 2115/2483/1944 2116/2484/1945 2107/2473/1934
f 2116/2484/1945 2117/2485/1946 2108/2475/1936
f 2117/2485/1946 2118/2486/1947 2109/2476/1937
f 2118/2486/1947 2119/168/166 2110/2470/1931
f 218/2487/1948 349/2478/1939 2123/2477/1938
f 2123/2477/1938 2122/2479/1940 2131/2489/1950
f 2131/2489/1950 2122/2479/1940 2121/2480/1941
f 2130/2490/1951 2121/2480/1941 2120/2481/1942
f 2120/2481/1942 2119/168/166 2128/170/168
f 221/2492/1953 2124/2493/1954 2115/2483/1944
f 2124/2493/1954 2125/2494/1955 2116/2484/1945
f 2125/2494/1955 2126/2503/1964 2117/2485/1946
f 2117/2485/1946 2126/2503/1964 2127/169/167
f 381/2495/1956 218/2487/1948 2132/2488/1949
f 2132/2488/1949 2131/2489/1950 2140/2497/1958
f 2140/2497/1958 2131/2489/1950 2130/2490/1951
f 2139/2498/1959 2130/2490/1951 2129/2491/1952
f 2129/2491/1952 2128/170/168 2137/172/170
f 354/2500/1961 2133/2501/1962 2124/2493/1954
f 2133/2501/1962 2134/2502/1963 2125/2494/1955
f 2134/2502/1963 2135/2504/1965 2126/2503/1964
f 2135/2504/1965 2136/171/169 2127/169/167
f 381/2495/1956 2141/2496/1957 2150/2505/1966
f 2141/2496/1957 2140/2497/1958 2149/2507/1968
f 2148/2508/1969 2140/2497/1958 2139/2498/1959
f 2148/2508/1969 2139/2498/1959 2138/2499/1960
f 2138/2499/1960 2137/172/170 2146/174/172
f 29/2510/1971 2142/2519/1980 2134/2502/1963
f 2142/2519/1980 2143/2511/1972 2134/2502/1963
f 2143/2511/1972 2144/2512/1973 2135/2504/1965
f 2144/2512/1973 2145/173/171 2136/171/169
f 380/2513/1974 370/2506/1967 2150/2505/1966
f 2150/2505/1966 2149/2507/1968 2158/2515/1976
f 2158/2515/1976 2149/2507/1968 2148/2508/1969
f 2157/2516/1977 2148/2508/1969 2147/2509/1970
f 2147/2509/1970 2146/174/172 2155/176/174
f 401/2518/1979 2151/2520/1981 2142/2519/1980
f 2151/2520/1981 2152/2521/1982 2143/2511/1972
f 2144/2512/1973 2152/2521/1982 2153/2522/1983
f 2153/2522/1983 2154/175/173 2145/173/171
f 95/2523/1984 380/2513/1974 2159/2514/1975
f 2168/1048/562 2159/2514/1975 2158/2515/1976
f 2168/1048/562 2158/2515/1976 2157/2516/1977
f 2166/2524/1985 2157/2516/1977 2156/2517/1978
f 2156/2517/1978 2155/176/174 2164/1/1
f 401/2518/1979 98/1056/570 2160/1055/569
f 2160/1055/569 2161/1058/572 2152/2521/1982
f 2161/1058/572 2162/1060/574 2152/2521/1982
f 2162/1060/574 2163/177/175 2154/175/173
f 2191/2525/1987 2192/2558/2021 2180/2526/1988
f 2205/2527/1989 2180/2526/1988 2204/2528/1990
f 2222/2529/1991 2204/2528/1990 2229/2530/1992
f 2173/2531/1994 2172/2766/2067 2183/2532/1995
f 2182/2533/1996 2183/2532/1995 2184/2767/2068
f 2182/2533/1996 2184/2767/2068 2185/2534/1997
f 2185/2534/1997 2186/2536/1999 2208/2535/1998
f 2186/2536/1999 2187/2768/2069 2207/2537/2000
f 2207/2537/2000 2187/2768/2069 2188/2538/2001
f 2181/2539/2002 2188/2538/2001 2189/2540/2003
f 2189/2540/2003 2190/2542/2005 2206/2541/2004
f 2190/2542/2005 2191/2525/1987 2205/2527/1989
f 2171/2543/2006 2176/2546/2009 2201/2544/2007
f 2176/2546/2009 2177/2549/2012 2199/2548/2011
f 2177/2549/2012 2178/2552/2015 2197/2551/2014
f 2178/2552/2015 2179/2554/2017 2196/2553/2016
f 2179/2554/2017 2180/2526/1988 2193/2557/2020
f 2171/2543/2006 2202/2561/2024 2176/2546/2009
f 2177/2549/2012 2203/2562/2025 2178/2552/2015
f 2179/2554/2017 2204/2528/1990 2180/2526/1988
f 2173/2531/1994 2211/2559/2022 2212/2563/2026
f 2211/2559/2022 2208/2535/1998 2216/2565/2028
f 2216/2565/2028 2208/2535/1998 2207/2537/2000
f 2215/2566/2029 2207/2537/2000 2224/2560/2023
f 2224/2560/2023 2206/2541/2004 2223/2567/2030
f 2206/2541/2004 2205/2527/1989 2222/2529/1991
f 2202/2561/2024 2209/2569/2032 2177/2549/2012
f 2203/2562/2025 2210/2570/2033 2179/2554/2017
f 2209/2569/2032 2214/2571/2034 2203/2562/2025
f 2218/2564/2027 2216/2565/2028 2231/2572/2035
f 2231/2572/2035 2216/2565/2028 2215/2566/2029
f 2230/2573/2036 2215/2566/2029 2224/2560/2023
f 2217/2574/2037 2219/2769/2070 2210/2570/2033
f 2210/2570/2033 2219/2769/2070 2220/2577/2040
f 2220/2577/2040 2221/2770/2071 2204/2528/1990
f 2175/2578/2041 2212/2563/2026 2218/2564/2027
f 2234/2580/2043 2218/2564/2027 2233/2575/2038
f 2166/2524/2044 2224/2560/2023 2223/2567/2030
f 2223/2567/2030 2222/2529/1991 2164/1/1993
f 2213/2568/2031 2174/2771/2072 2225/2581/2046
f 2225/2581/2046 2226/2772/2073 2209/2569/2032
f 2226/2772/2073 2227/2582/2047 2209/2569/2032
f 2227/2582/2047 2228/2583/2048 2214/2571/2034
f 2221/2770/2071 2229/2530/1992 2204/2528/1990
