# Blender 4.0.0
# www.blender.org
o PaperTowelHolder001_prop
v -0.077881 -0.077881 0.157068
v -0.077945 -0.077666 0.157131
v -0.077945 -0.077945 0.156852
v -0.070208 -0.070208 0.157133
v -0.069912 -0.070387 0.157130
v -0.070385 -0.069915 0.157129
v -0.070121 -0.070121 0.156892
v -0.070208 -0.077946 0.149395
v -0.069912 -0.077944 0.149573
v -0.070121 -0.077706 0.149307
v -0.070387 -0.077944 0.149098
v -0.077946 -0.070208 0.149395
v -0.077944 -0.070387 0.149099
v -0.077706 -0.070121 0.149307
v -0.077944 -0.069914 0.149574
v -0.070269 -0.070269 0.149455
v -0.070145 -0.070617 0.149332
v -0.069918 -0.070392 0.149581
v -0.070145 -0.070145 0.149803
v -0.070394 -0.069918 0.149578
v -0.070617 -0.070145 0.149332
v -0.070394 -0.070394 0.149102
v -0.069896 -0.077714 0.149453
v -0.069916 -0.070616 0.149454
v -0.070267 -0.077715 0.149082
v -0.070267 -0.070617 0.149103
v -0.069896 -0.070267 0.156901
v -0.069916 -0.070267 0.149804
v -0.070266 -0.069899 0.156906
v -0.070268 -0.069916 0.149802
v -0.077715 -0.070267 0.149084
v -0.070616 -0.070268 0.149103
v -0.077715 -0.069896 0.149453
v -0.070618 -0.069916 0.149454
v -0.070213 -0.078076 0.149927
v -0.069955 -0.078043 0.149732
v -0.070584 -0.078057 0.149151
v -0.070320 -0.078044 0.149506
v -0.078060 -0.077700 0.156903
v -0.070591 -0.069972 0.157247
v -0.070213 -0.070741 0.157263
v -0.070320 -0.070320 0.157230
v -0.069955 -0.070546 0.157229
v -0.077668 -0.077888 0.157190
v -0.078076 -0.070742 0.149400
v -0.078043 -0.070546 0.149141
v -0.078057 -0.069969 0.149765
v -0.078044 -0.070320 0.149506
v -0.077728 -0.077568 0.157253
v -0.077715 -0.078060 0.156892
v 0.069916 -0.077943 0.149572
v 0.070209 -0.077946 0.149395
v 0.069916 -0.070618 0.149454
v 0.070146 -0.070617 0.149332
v 0.070269 -0.070269 0.149455
v 0.070267 -0.077720 0.149085
v 0.070394 -0.070392 0.149104
v 0.070121 -0.070121 0.156892
v 0.070209 -0.070208 0.157133
v 0.070385 -0.069916 0.157130
v 0.070267 -0.069916 0.149804
v 0.077944 -0.070388 0.149100
v 0.077946 -0.070208 0.149395
v 0.070618 -0.070267 0.149102
v 0.070617 -0.070145 0.149332
v 0.069969 -0.078057 0.149765
v 0.070320 -0.078044 0.149506
v 0.070742 -0.078076 0.149400
v 0.070546 -0.078043 0.149141
v 0.077945 -0.077945 0.156853
v 0.077881 -0.077881 0.157068
v 0.070587 -0.069974 0.157247
v 0.070320 -0.070320 0.157230
v 0.070205 -0.070748 0.157263
v 0.069950 -0.070549 0.157229
v 0.077676 -0.078007 0.157062
v 0.078076 -0.070748 0.149392
v 0.078044 -0.070320 0.149506
v 0.078061 -0.069967 0.149779
v 0.069899 -0.077720 0.149453
v 0.070121 -0.077706 0.149307
v 0.069918 -0.070394 0.149578
v 0.070385 -0.077942 0.149101
v 0.070267 -0.070617 0.149103
v 0.069899 -0.070266 0.156906
v 0.069916 -0.070385 0.157130
v 0.069916 -0.070268 0.149802
v 0.070146 -0.070145 0.149803
v 0.070267 -0.069899 0.156906
v 0.070392 -0.069918 0.149581
v 0.077715 -0.070267 0.149083
v 0.077706 -0.070121 0.149307
v 0.077720 -0.069899 0.149453
v 0.077943 -0.069915 0.149571
v 0.070616 -0.069916 0.149454
v 0.077728 -0.078066 0.156754
v 0.078067 -0.077727 0.156754
v 0.078043 -0.070549 0.149137
v 0.077734 -0.077559 0.157251
v 0.077945 -0.077667 0.157131
v 0.077678 -0.077786 0.157226
v 0.078040 -0.077678 0.156972
v -0.070214 0.070742 0.157263
v -0.069896 0.077715 0.149453
v -0.069914 0.077944 0.149574
v -0.070208 0.077946 0.149395
v -0.069916 0.070618 0.149454
v -0.070145 0.070617 0.149332
v -0.070269 0.070269 0.149455
v -0.070394 0.070392 0.149104
v -0.069899 0.070267 0.156906
v -0.070121 0.070121 0.156892
v -0.070208 0.070209 0.157133
v -0.070267 0.069896 0.156901
v -0.070388 0.069914 0.157130
v -0.070267 0.069916 0.149804
v -0.077715 0.070267 0.149082
v -0.077944 0.070388 0.149100
v -0.077946 0.070209 0.149395
v -0.070618 0.070268 0.149102
v -0.070617 0.070146 0.149332
v -0.070205 0.078076 0.149934
v -0.070320 0.078044 0.149506
v -0.070586 0.078061 0.149160
v -0.078007 0.077876 0.156861
v -0.077881 0.077881 0.157068
v -0.070579 0.069972 0.157244
v -0.070320 0.070320 0.157230
v -0.069955 0.070546 0.157229
v -0.077666 0.077945 0.157131
v -0.078057 0.070579 0.149155
v -0.078044 0.070320 0.149506
v -0.078076 0.070213 0.149928
v -0.078043 0.069955 0.149732
v -0.070121 0.077706 0.149307
v -0.069919 0.070393 0.149579
v -0.070267 0.077720 0.149084
v -0.070385 0.077943 0.149102
v -0.070267 0.070617 0.149103
v -0.069915 0.070385 0.157129
v -0.069916 0.070267 0.149804
v -0.070145 0.070146 0.149803
v -0.070392 0.069918 0.149581
v -0.077706 0.070121 0.149307
v -0.077720 0.069899 0.149453
v -0.077943 0.069915 0.149571
v -0.070616 0.069917 0.149454
v -0.077729 0.078061 0.156878
v -0.069950 0.078043 0.149735
v -0.078066 0.077569 0.156913
v -0.077692 0.077729 0.157247
v -0.077945 0.077666 0.157131
v 0.070121 0.077706 0.149307
v 0.070208 0.077947 0.149395
v 0.069916 0.070394 0.149580
v 0.070269 0.070269 0.149455
v 0.070267 0.077715 0.149082
v 0.070387 0.077944 0.149098
v 0.070267 0.070618 0.149102
v 0.069896 0.070267 0.156901
v 0.069914 0.070388 0.157130
v 0.070208 0.070209 0.157133
v 0.069916 0.070268 0.149802
v 0.070145 0.070146 0.149803
v 0.070394 0.069918 0.149578
v 0.077706 0.070121 0.149307
v 0.077946 0.070209 0.149395
v 0.077715 0.069896 0.149453
v 0.077944 0.069914 0.149574
v 0.070618 0.069916 0.149454
v 0.069972 0.078061 0.149778
v 0.070320 0.078044 0.149506
v 0.070741 0.078076 0.149399
v 0.078060 0.077715 0.156892
v 0.077945 0.077666 0.157131
v 0.077881 0.077881 0.157068
v 0.070741 0.070213 0.157263
v 0.070546 0.069955 0.157229
v 0.070320 0.070320 0.157230
v 0.069969 0.070579 0.157243
v 0.078061 0.070586 0.149164
v 0.078044 0.070320 0.149506
v 0.078076 0.070212 0.149926
v 0.069899 0.077720 0.149453
v 0.069915 0.077943 0.149571
v 0.069916 0.070616 0.149454
v 0.070146 0.070617 0.149332
v 0.070392 0.070394 0.149104
v 0.070121 0.070121 0.156892
v 0.070267 0.069897 0.156901
v 0.070387 0.069912 0.157130
v 0.070268 0.069916 0.149802
v 0.077715 0.070267 0.149083
v 0.077944 0.070388 0.149100
v 0.070616 0.070268 0.149102
v 0.070617 0.070146 0.149332
v 0.070546 0.078043 0.149141
v 0.077945 0.077945 0.156852
v 0.077666 0.077945 0.157131
v 0.077692 0.078061 0.156916
v 0.078043 0.069950 0.149734
v 0.077715 0.077696 0.157248
v -0.070742 -0.078076 -0.147180
v -0.069896 -0.077715 -0.147234
v -0.069913 -0.077944 -0.147355
v -0.070208 -0.077946 -0.147175
v -0.069916 -0.070618 -0.147234
v -0.070145 -0.070617 -0.147112
v -0.070269 -0.070269 -0.147236
v -0.070393 -0.070393 -0.146886
v -0.069899 -0.070267 -0.154687
v -0.070121 -0.070121 -0.154673
v -0.070208 -0.070208 -0.154913
v -0.070385 -0.069916 -0.154910
v -0.070267 -0.069916 -0.147585
v -0.077720 -0.070267 -0.146865
v -0.077943 -0.070385 -0.146883
v -0.077946 -0.070208 -0.147175
v -0.070618 -0.070267 -0.146883
v -0.070617 -0.070145 -0.147112
v -0.069975 -0.078061 -0.147553
v -0.070320 -0.078044 -0.147287
v -0.070548 -0.078043 -0.146917
v -0.077945 -0.077945 -0.154633
v -0.077881 -0.077881 -0.154848
v -0.070586 -0.069974 -0.155028
v -0.070320 -0.070320 -0.155011
v -0.070213 -0.070741 -0.155043
v -0.069955 -0.070546 -0.155010
v -0.077666 -0.077945 -0.154912
v -0.078076 -0.070748 -0.147172
v -0.078044 -0.070320 -0.147287
v -0.078061 -0.069977 -0.147553
v -0.070121 -0.077706 -0.147088
v -0.069920 -0.070393 -0.147360
v -0.070267 -0.077720 -0.146866
v -0.070385 -0.077943 -0.146883
v -0.070268 -0.070618 -0.146883
v -0.069915 -0.070385 -0.154909
v -0.069916 -0.070267 -0.147585
v -0.070145 -0.070145 -0.147584
v -0.070267 -0.069899 -0.154687
v -0.070393 -0.069920 -0.147360
v -0.077706 -0.070121 -0.147088
v -0.077720 -0.069899 -0.147233
v -0.077943 -0.069916 -0.147352
v -0.070618 -0.069916 -0.147235
v -0.077720 -0.078059 -0.154669
v -0.078066 -0.077728 -0.154535
v -0.078043 -0.070549 -0.146917
v -0.077727 -0.077571 -0.155033
v -0.077945 -0.077666 -0.154912
v -0.077678 -0.077786 -0.155007
v -0.078040 -0.077678 -0.154753
v 0.070121 -0.077706 -0.147088
v 0.070209 -0.077946 -0.147175
v 0.069916 -0.070394 -0.147361
v 0.070269 -0.070269 -0.147236
v 0.070267 -0.077715 -0.146863
v 0.070388 -0.077944 -0.146880
v 0.070268 -0.070618 -0.146883
v 0.069896 -0.070267 -0.154682
v 0.069914 -0.070388 -0.154911
v 0.070209 -0.070208 -0.154913
v 0.069916 -0.070268 -0.147583
v 0.070146 -0.070145 -0.147584
v 0.070394 -0.069918 -0.147359
v 0.077706 -0.070121 -0.147088
v 0.077946 -0.070208 -0.147175
v 0.077715 -0.069896 -0.147234
v 0.077944 -0.069912 -0.147354
v 0.070618 -0.069916 -0.147235
v 0.070213 -0.078076 -0.147707
v 0.069955 -0.078043 -0.147513
v 0.070320 -0.078044 -0.147287
v 0.070579 -0.078057 -0.146936
v 0.077945 -0.077666 -0.154912
v 0.077881 -0.077881 -0.154848
v 0.070546 -0.069955 -0.155010
v 0.070320 -0.070320 -0.155011
v 0.069975 -0.070586 -0.155028
v 0.070742 -0.070214 -0.155043
v 0.077670 -0.077872 -0.154979
v 0.078076 -0.070742 -0.147180
v 0.078043 -0.070546 -0.146922
v 0.078044 -0.070320 -0.147287
v 0.078057 -0.069965 -0.147551
v 0.069899 -0.077719 -0.147233
v 0.069915 -0.077943 -0.147352
v 0.069916 -0.070616 -0.147235
v 0.070146 -0.070617 -0.147112
v 0.070392 -0.070394 -0.146885
v 0.070121 -0.070121 -0.154673
v 0.070267 -0.069899 -0.154686
v 0.070385 -0.069915 -0.154909
v 0.070268 -0.069916 -0.147583
v 0.077720 -0.070267 -0.146865
v 0.077943 -0.070385 -0.146882
v 0.070616 -0.070268 -0.146883
v 0.070617 -0.070145 -0.147112
v 0.077945 -0.077945 -0.154633
v 0.077690 -0.078062 -0.154694
v 0.078060 -0.077717 -0.154666
v 0.077734 -0.077559 -0.155031
v -0.070121 0.077706 -0.147088
v -0.070208 0.077946 -0.147175
v -0.069918 0.070392 -0.147361
v -0.070269 0.070269 -0.147236
v -0.070267 0.077715 -0.146864
v -0.070387 0.077944 -0.146879
v -0.070268 0.070618 -0.146883
v -0.069896 0.070267 -0.154682
v -0.069912 0.070387 -0.154910
v -0.070208 0.070209 -0.154913
v -0.069916 0.070267 -0.147585
v -0.070145 0.070146 -0.147584
v -0.070394 0.069916 -0.147361
v -0.077706 0.070121 -0.147088
v -0.077946 0.070209 -0.147175
v -0.077715 0.069896 -0.147234
v -0.077944 0.069912 -0.147354
v -0.070617 0.069917 -0.147234
v -0.069973 0.078061 -0.147558
v -0.070320 0.078044 -0.147287
v -0.070739 0.078076 -0.147179
v -0.078060 0.077715 -0.154673
v -0.077945 0.077666 -0.154912
v -0.077881 0.077881 -0.154848
v -0.070742 0.070214 -0.155043
v -0.070546 0.069955 -0.155010
v -0.070320 0.070320 -0.155011
v -0.069973 0.070591 -0.155028
v -0.078043 0.070546 -0.146922
v -0.078044 0.070320 -0.147287
v -0.078058 0.069969 -0.147549
v -0.078076 0.070742 -0.147180
v -0.069896 0.077715 -0.147234
v -0.069912 0.077944 -0.147354
v -0.069916 0.070616 -0.147235
v -0.070145 0.070617 -0.147112
v -0.070392 0.070394 -0.146885
v -0.070121 0.070121 -0.154673
v -0.070267 0.069896 -0.154682
v -0.070387 0.069912 -0.154910
v -0.070268 0.069916 -0.147583
v -0.077720 0.070267 -0.146866
v -0.077943 0.070385 -0.146882
v -0.070616 0.070268 -0.146883
v -0.070617 0.070145 -0.147112
v -0.070546 0.078043 -0.146922
v -0.077945 0.077945 -0.154633
v -0.077666 0.077945 -0.154912
v -0.077699 0.078060 -0.154683
v -0.077717 0.077700 -0.155027
v 0.078076 0.070213 -0.147708
v 0.069916 0.077943 -0.147352
v 0.070208 0.077947 -0.147175
v 0.069916 0.070618 -0.147234
v 0.070145 0.070617 -0.147112
v 0.070269 0.070269 -0.147236
v 0.070394 0.070392 -0.146884
v 0.070121 0.070121 -0.154673
v 0.070208 0.070209 -0.154913
v 0.070267 0.069896 -0.154682
v 0.070388 0.069914 -0.154911
v 0.070267 0.069916 -0.147585
v 0.077943 0.070385 -0.146882
v 0.077946 0.070209 -0.147175
v 0.070618 0.070268 -0.146883
v 0.070617 0.070146 -0.147112
v 0.077720 0.069899 -0.147234
v 0.070205 0.078076 -0.147715
v 0.070320 0.078044 -0.147287
v 0.070586 0.078061 -0.146941
v 0.078040 0.077786 -0.154645
v 0.077945 0.077945 -0.154633
v 0.077881 0.077881 -0.154848
v 0.070746 0.070205 -0.155043
v 0.070320 0.070320 -0.155011
v 0.069972 0.070579 -0.155025
v 0.077678 0.078040 -0.154753
v 0.077667 0.077945 -0.154912
v 0.077786 0.077679 -0.155007
v 0.078058 0.070583 -0.146935
v 0.078044 0.070320 -0.147287
v 0.078043 0.069950 -0.147515
v 0.069899 0.077720 -0.147234
v 0.070121 0.077706 -0.147088
v 0.069918 0.070394 -0.147359
v 0.070267 0.077720 -0.146866
v 0.070385 0.077943 -0.146883
v 0.070268 0.070616 -0.146883
v 0.069899 0.070267 -0.154687
v 0.069916 0.070385 -0.154910
v 0.069916 0.070268 -0.147583
v 0.070145 0.070146 -0.147584
v 0.070392 0.069918 -0.147361
v 0.077720 0.070267 -0.146866
v 0.077706 0.070121 -0.147088
v 0.077943 0.069916 -0.147352
v 0.070617 0.069917 -0.147234
v 0.077728 0.078067 -0.154535
v 0.069950 0.078043 -0.147516
v 0.078067 0.077567 -0.154695
v 0.077561 0.077726 -0.155035
v 0.077945 0.077666 -0.154912
v 0.070549 0.069950 -0.155010
v -0.074579 -0.074579 -0.157035
v -0.074658 -0.074320 -0.157112
v -0.074579 0.074579 -0.157035
v -0.074320 0.074658 -0.157112
v -0.074658 0.074656 -0.156776
v 0.074579 0.074579 -0.157035
v 0.074658 0.074320 -0.157112
v 0.074656 0.074658 -0.156776
v 0.074579 -0.074579 -0.157035
v 0.074320 -0.074658 -0.157112
v 0.074658 -0.074656 -0.156776
v -0.074579 -0.074579 -0.152388
v -0.074320 -0.074658 -0.152311
v -0.074658 -0.074656 -0.152647
v 0.074579 -0.074579 -0.152388
v 0.074658 -0.074320 -0.152311
v 0.074579 0.074579 -0.152388
v 0.074320 0.074658 -0.152311
v -0.074579 0.074579 -0.152388
v -0.074658 0.074320 -0.152311
v -0.074478 -0.074360 -0.157213
v -0.074360 0.074478 -0.157213
v 0.074478 0.074360 -0.157213
v 0.074360 -0.074478 -0.157213
v -0.074337 -0.074463 -0.152195
v 0.074463 -0.074337 -0.152195
v 0.074337 0.074463 -0.152195
v -0.074463 0.074337 -0.152195
v -0.074337 -0.074772 -0.156919
v 0.074478 -0.074757 -0.156816
v 0.074337 -0.074772 -0.152504
v -0.074463 -0.074772 -0.152630
v 0.074772 -0.074337 -0.156919
v 0.074757 0.074478 -0.156816
v 0.074757 0.074360 -0.152489
v 0.074772 -0.074463 -0.152630
v 0.074337 0.074772 -0.156919
v -0.074463 0.074772 -0.156793
v -0.074337 0.074772 -0.152504
v 0.074463 0.074772 -0.152630
v -0.074772 0.074337 -0.156919
v -0.074772 -0.074463 -0.156793
v -0.074772 -0.074337 -0.152504
v -0.074772 0.074463 -0.152630
v -0.074656 -0.074658 -0.156776
v 0.074394 -0.074801 -0.152729
v -0.074802 -0.074393 -0.152733
v -0.074656 0.074658 -0.152647
v -0.074393 0.074802 -0.152733
v 0.074658 0.074656 -0.152647
v 0.074803 0.074396 -0.152787
v 0.074656 -0.074658 -0.152647
v 0.074156 -0.074809 -0.156842
v 0.074180 0.074396 -0.157259
v 0.074320 0.074656 -0.157113
v 0.074393 0.074802 -0.156690
v 0.074213 0.074807 -0.152583
v 0.074235 -0.074393 -0.152165
v 0.074320 -0.074656 -0.152309
v -0.074393 -0.074802 -0.156690
v -0.074320 -0.074656 -0.157113
v -0.074213 0.074807 -0.156840
v -0.074320 0.074656 -0.152309
v -0.074213 -0.074807 -0.152583
v -0.074384 -0.074214 -0.152160
v -0.074656 -0.074320 -0.152309
v -0.074807 -0.074213 -0.156840
v -0.074180 -0.074396 -0.157259
v 0.074388 -0.074159 -0.157264
v 0.074656 -0.074320 -0.157113
v 0.074802 -0.074393 -0.156690
v 0.074806 -0.074215 -0.152582
v 0.074384 0.074214 -0.152160
v -0.074235 0.074393 -0.152165
v -0.074807 0.074213 -0.152583
v -0.074802 0.074393 -0.156690
v -0.074656 0.074320 -0.157113
v -0.074388 0.074159 -0.157264
v 0.074809 0.074156 -0.156842
v 0.074656 0.074320 -0.152309
v 0.015604 0.000000 -0.152914
v 0.015304 0.003044 -0.152914
v 0.014416 0.005971 -0.152914
v 0.012974 0.008669 -0.152914
v 0.011034 0.011034 -0.152914
v 0.008669 0.012974 -0.152914
v 0.005971 0.014416 -0.152914
v 0.003044 0.015304 -0.152914
v -0.000000 0.015604 -0.152914
v -0.003044 0.015304 -0.152914
v -0.005971 0.014416 -0.152914
v -0.008669 0.012974 -0.152914
v -0.011034 0.011034 -0.152914
v -0.012974 0.008669 -0.152914
v -0.014416 0.005971 -0.152914
v -0.015304 0.003044 -0.152914
v -0.015604 0.000000 -0.152914
v -0.015304 -0.003044 -0.152914
v -0.014416 -0.005971 -0.152914
v -0.012974 -0.008669 -0.152914
v -0.011034 -0.011034 -0.152914
v -0.008669 -0.012974 -0.152914
v -0.005971 -0.014416 -0.152914
v -0.003044 -0.015304 -0.152914
v 0.000000 -0.015604 -0.152914
v 0.003044 -0.015304 -0.152914
v 0.005971 -0.014416 -0.152914
v 0.008669 -0.012974 -0.152914
v 0.011034 -0.011033 -0.152914
v 0.012974 -0.008669 -0.152914
v 0.014416 -0.005971 -0.152914
v 0.015304 -0.003044 -0.152914
v 0.015528 0.001529 -0.152914
v 0.014932 0.004530 -0.152914
v 0.013761 0.007356 -0.152914
v 0.012062 0.009899 -0.152914
v 0.009899 0.012062 -0.152914
v 0.007355 0.013761 -0.152914
v 0.004529 0.014932 -0.152914
v 0.001529 0.015528 -0.152914
v -0.001529 0.015528 -0.152914
v -0.004529 0.014932 -0.152914
v -0.007355 0.013761 -0.152914
v -0.009899 0.012062 -0.152914
v -0.012062 0.009899 -0.152914
v -0.013761 0.007356 -0.152914
v -0.014932 0.004530 -0.152914
v -0.015528 0.001529 -0.152914
v -0.015528 -0.001529 -0.152914
v -0.014932 -0.004529 -0.152914
v -0.013761 -0.007355 -0.152914
v -0.012062 -0.009899 -0.152914
v -0.009899 -0.012062 -0.152914
v -0.007355 -0.013761 -0.152914
v -0.004529 -0.014932 -0.152914
v -0.001529 -0.015528 -0.152914
v 0.001529 -0.015528 -0.152914
v 0.004530 -0.014932 -0.152914
v 0.007356 -0.013761 -0.152914
v 0.009899 -0.012062 -0.152914
v 0.012062 -0.009899 -0.152914
v 0.013761 -0.007355 -0.152914
v 0.014932 -0.004529 -0.152914
v 0.015528 -0.001529 -0.152914
v -0.015528 -0.001529 0.156417
v 0.001529 -0.015528 0.156417
v 0.014769 -0.001722 0.157263
v 0.015578 0.000051 0.156716
v -0.014924 -0.002368 0.157225
v -0.013329 -0.006534 0.157263
v -0.006348 -0.013688 0.157237
v 0.014680 0.003520 0.157231
v 0.012871 0.007867 0.157239
v 0.008532 0.012410 0.157242
v 0.006303 0.013710 0.157235
v -0.004159 0.014279 0.157264
v -0.010216 0.011097 0.157239
v -0.011070 -0.010278 0.157228
v 0.002414 -0.014900 0.157233
v 0.006280 -0.013728 0.157232
v 0.015506 -0.001480 0.156730
v 0.015392 0.000000 0.157051
v 0.015283 0.003040 0.156704
v 0.015097 0.003003 0.157051
v 0.014373 0.006008 0.156716
v 0.014221 0.005890 0.157051
v 0.013977 0.005789 0.157210
v 0.012924 0.008697 0.156716
v 0.012798 0.008552 0.157051
v 0.010979 0.011051 0.156716
v 0.010884 0.010884 0.157051
v 0.008612 0.012981 0.156716
v 0.008552 0.012798 0.157051
v 0.005915 0.014412 0.156716
v 0.005890 0.014221 0.157051
v 0.002989 0.015289 0.156716
v 0.003003 0.015097 0.157051
v 0.003567 0.014717 0.157211
v -0.000051 0.015578 0.156716
v -0.000000 0.015392 0.157051
v -0.003040 0.015283 0.156704
v -0.003003 0.015097 0.157051
v -0.006008 0.014373 0.156716
v -0.005890 0.014221 0.157051
v -0.008697 0.012924 0.156716
v -0.008552 0.012798 0.157051
v -0.008405 0.012579 0.157210
v -0.011051 0.010979 0.156716
v -0.010884 0.010884 0.157051
v -0.012981 0.008612 0.156716
v -0.012798 0.008552 0.157051
v -0.014412 0.005915 0.156716
v -0.014221 0.005890 0.157051
v -0.015288 0.002989 0.156716
v -0.015097 0.003003 0.157051
v -0.015573 0.000000 0.156729
v -0.015392 0.000000 0.157051
v -0.015128 0.000000 0.157210
v -0.015269 -0.003089 0.156716
v -0.015097 -0.003003 0.157051
v -0.014396 -0.005963 0.156704
v -0.014221 -0.005890 0.157051
v -0.014219 -0.005211 0.157211
v -0.012924 -0.008697 0.156716
v -0.012798 -0.008552 0.157051
v -0.012929 -0.007885 0.157211
v -0.010979 -0.011051 0.156716
v -0.010884 -0.010884 0.157051
v -0.008612 -0.012981 0.156716
v -0.008552 -0.012798 0.157051
v -0.008928 -0.012232 0.157211
v -0.005915 -0.014411 0.156716
v -0.005890 -0.014221 0.157051
v -0.002989 -0.015288 0.156716
v -0.003003 -0.015097 0.157051
v 0.000000 -0.015573 0.156729
v 0.000000 -0.015392 0.157051
v 0.000000 -0.015128 0.157210
v 0.003089 -0.015269 0.156716
v 0.003003 -0.015097 0.157051
v 0.006008 -0.014373 0.156716
v 0.005890 -0.014221 0.157051
v 0.008697 -0.012924 0.156716
v 0.008552 -0.012798 0.157051
v 0.011051 -0.010979 0.156716
v 0.010884 -0.010884 0.157051
v 0.012981 -0.008612 0.156716
v 0.012798 -0.008551 0.157051
v 0.014412 -0.005914 0.156716
v 0.014221 -0.005890 0.157051
v 0.015288 -0.002989 0.156716
v 0.015097 -0.003003 0.157051
v 0.015497 0.001526 0.156741
v 0.015318 0.001509 0.157051
v 0.015130 0.000627 0.157211
v 0.014892 0.004566 0.156730
v 0.014729 0.004468 0.157051
v 0.013715 0.007384 0.156730
v 0.013575 0.007256 0.157051
v 0.012011 0.009918 0.156730
v 0.011898 0.009765 0.157051
v 0.011694 0.009597 0.157210
v 0.009845 0.012070 0.156730
v 0.009765 0.011898 0.157051
v 0.010255 0.011142 0.157211
v 0.007301 0.013759 0.156730
v 0.007256 0.013575 0.157051
v 0.004477 0.014919 0.156730
v 0.004468 0.014729 0.157051
v 0.001480 0.015506 0.156730
v 0.001509 0.015318 0.157051
v 0.001476 0.014987 0.157238
v -0.001526 0.015497 0.156741
v -0.001509 0.015318 0.157051
v -0.000627 0.015131 0.157211
v -0.004566 0.014892 0.156730
v -0.004468 0.014729 0.157051
v -0.003567 0.014717 0.157211
v -0.007384 0.013715 0.156730
v -0.007256 0.013575 0.157051
v -0.006370 0.013739 0.157211
v -0.009918 0.012011 0.156730
v -0.009765 0.011898 0.157051
v -0.012070 0.009846 0.156730
v -0.011898 0.009765 0.157051
v -0.011694 0.009597 0.157210
v -0.013759 0.007302 0.156730
v -0.013575 0.007256 0.157051
v -0.012919 0.007790 0.157239
v -0.014919 0.004477 0.156730
v -0.014729 0.004468 0.157051
v -0.014219 0.005211 0.157211
v -0.015506 0.001480 0.156730
v -0.015318 0.001509 0.157051
v -0.014920 0.002249 0.157237
v -0.015476 -0.001524 0.156787
v -0.015318 -0.001509 0.157051
v -0.014901 -0.004520 0.156741
v -0.014729 -0.004468 0.157051
v -0.013715 -0.007384 0.156730
v -0.013575 -0.007256 0.157051
v -0.012011 -0.009918 0.156730
v -0.011898 -0.009765 0.157051
v -0.009845 -0.012070 0.156730
v -0.009765 -0.011898 0.157051
v -0.007301 -0.013759 0.156730
v -0.007256 -0.013575 0.157051
v -0.004477 -0.014919 0.156730
v -0.004468 -0.014729 0.157051
v -0.004391 -0.014477 0.157210
v -0.001480 -0.015506 0.156730
v -0.001509 -0.015318 0.157051
v -0.002327 -0.014904 0.157239
v 0.001524 -0.015476 0.156787
v 0.001509 -0.015318 0.157051
v 0.004566 -0.014892 0.156730
v 0.004468 -0.014729 0.157051
v 0.004391 -0.014477 0.157210
v 0.007384 -0.013715 0.156730
v 0.007256 -0.013575 0.157051
v 0.009918 -0.012011 0.156730
v 0.009765 -0.011898 0.157051
v 0.008988 -0.012115 0.157238
v 0.012070 -0.009845 0.156730
v 0.011898 -0.009765 0.157051
v 0.011142 -0.010255 0.157211
v 0.013759 -0.007301 0.156730
v 0.013575 -0.007256 0.157051
v 0.012895 -0.007833 0.157236
v 0.014919 -0.004477 0.156730
v 0.014729 -0.004468 0.157051
v 0.014219 -0.005211 0.157211
v 0.014962 -0.002337 0.157211
v 0.015318 -0.001509 0.157051
vn 1.0000 -0.0082 -0.0002
vn 0.9999 0.0172 0.0005
vn 0.9999 0.0173 -0.0009
vn 0.0010 -0.0164 -0.9999
vn 0.6306 -0.4529 -0.6303
vn 0.6870 -0.2380 -0.6866
vn 0.6856 0.2460 -0.6852
vn 0.0017 0.6388 -0.7694
vn 0.0010 0.0089 -1.0000
vn 0.8843 -0.4670 -0.0003
vn 0.7071 0.7071 -0.0006
vn 0.0006 1.0000 0.0082
vn 0.6306 0.6294 0.4541
vn 0.0005 0.8842 0.4672
vn 0.6851 0.6857 -0.2460
vn 0.0018 0.9994 -0.0332
vn 0.9995 0.0011 0.0315
vn 0.6873 0.6868 0.2365
vn 0.7693 0.0016 -0.6389
vn 1.0000 0.0010 -0.0089
vn -0.0163 0.9999 -0.0005
vn -0.4531 0.6303 -0.6304
vn -0.2377 0.6866 -0.6871
vn 0.2458 0.6853 -0.6855
vn 0.0089 1.0000 -0.0004
vn -0.0083 0.0006 -1.0000
vn -0.4673 0.0005 -0.8841
vn 0.0333 0.0018 -0.9994
vn 0.2729 -0.9328 -0.2355
vn 0.0007 -0.8556 -0.5176
vn 0.0005 -0.9364 -0.3509
vn 0.5104 -0.8599 -0.0003
vn 0.0199 -0.9998 -0.0000
vn -0.9999 -0.0094 0.0044
vn -0.5784 -0.5850 0.5685
vn -0.7810 -0.0006 0.6245
vn 0.2758 0.2371 0.9315
vn 0.5046 0.0007 0.8634
vn 0.0083 0.0001 1.0000
vn 0.0008 0.5266 0.8501
vn 0.0004 0.2872 0.9579
vn -0.0135 -0.9999 0.0069
vn -0.7775 -0.6289 0.0002
vn -0.0110 -0.0050 0.9999
vn -0.0007 -0.5926 0.8055
vn -0.9326 0.2355 -0.2736
vn -0.8502 0.5265 -0.0003
vn -0.9579 0.2871 -0.0002
vn -0.8617 0.0014 -0.5074
vn -0.9995 0.0001 -0.0322
vn -0.0006 -0.0162 -0.9999
vn 0.0006 -0.4670 -0.8842
vn -0.0162 0.9999 0.0003
vn -0.4672 0.8842 -0.0003
vn 0.4073 -0.9133 0.0002
vn 0.0001 0.0030 1.0000
vn -0.0001 0.0035 1.0000
vn -0.0004 0.4071 0.9134
vn -1.0000 -0.0000 -0.0018
vn -0.0000 -1.0000 -0.0018
vn 0.0005 -0.8616 0.5075
vn -0.9999 -0.0148 -0.0006
vn -0.0018 0.0333 -0.9994
vn -0.0011 0.9995 0.0315
vn -0.0000 -0.9994 -0.0337
vn 0.0332 0.9994 0.0009
vn -0.6117 -0.7911 -0.0002
vn -0.0121 -0.9999 -0.0053
vn -1.0000 0.0077 -0.0000
vn -1.0000 0.0005 -0.0000
vn -0.9133 0.4073 0.0002
vn -0.9999 -0.0162 -0.0003
vn -0.9999 0.0173 0.0004
vn -0.9999 -0.0164 0.0005
vn -0.0010 1.0000 -0.0089
vn -0.0088 0.0010 -1.0000
vn 0.0083 -0.0005 -1.0000
vn 0.0315 0.0011 -0.9995
vn -0.6295 -0.4558 -0.6293
vn -0.0012 -0.4692 -0.8831
vn -0.0016 0.7694 -0.6388
vn -0.6850 0.2461 -0.6857
vn -0.6874 -0.2349 -0.6873
vn -0.7695 0.6387 -0.0007
vn -0.9998 0.0174 -0.0009
vn -0.6294 0.6292 0.4560
vn -0.6874 0.6872 0.2350
vn -0.6857 0.6851 -0.2460
vn -0.9999 0.0006 0.0162
vn -0.8831 0.0011 0.4692
vn -0.6386 0.0016 -0.7696
vn -0.9994 0.0018 -0.0333
vn 0.0083 1.0000 -0.0003
vn 0.4543 0.6293 -0.6305
vn 0.4672 0.8841 -0.0003
vn -0.2461 0.6857 -0.6850
vn -0.0333 0.9994 -0.0008
vn 0.2363 0.6868 -0.6873
vn -0.0014 -0.8624 -0.5063
vn -0.2358 -0.9324 -0.2739
vn -0.5178 -0.8555 -0.0004
vn -0.3514 -0.9362 -0.0003
vn -0.0020 -1.0000 -0.0000
vn 0.0175 -0.9998 0.0023
vn 0.9331 -0.0006 0.3596
vn 0.5805 -0.5698 0.5816
vn 0.7082 -0.7060 0.0005
vn -0.5034 0.0014 0.8641
vn -0.2783 0.2384 0.9304
vn -0.0153 -0.0000 0.9999
vn -0.0015 0.5221 0.8529
vn 0.0006 -0.3112 0.9503
vn 0.6727 -0.0008 0.7399
vn 0.8519 0.5238 -0.0007
vn 0.9308 0.2383 -0.2770
vn 0.9133 0.4072 -0.0002
vn 0.8616 0.0008 -0.5076
vn 1.0000 -0.0000 -0.0093
vn 1.0000 0.0077 -0.0000
vn 0.9999 -0.0148 0.0006
vn 0.0315 0.9995 0.0005
vn -0.0327 -0.9995 -0.0000
vn 0.0159 -0.0024 0.9999
vn 0.9132 -0.0004 -0.4076
vn 0.9999 0.0163 0.0052
vn 0.0058 -1.0000 -0.0076
vn -1.0000 -0.0010 -0.0089
vn -0.9999 -0.0011 0.0164
vn -0.8842 -0.4672 0.0003
vn 0.9578 0.2876 0.0002
vn 1.0000 0.0006 -0.0000
vn 0.8500 0.5268 0.0004
vn 0.0088 -0.0010 -1.0000
vn -0.0314 -0.0011 -0.9995
vn 0.0006 0.0083 -1.0000
vn 0.6305 0.4549 -0.6289
vn 0.0006 0.4671 -0.8842
vn 0.0025 -0.7071 -0.7071
vn 0.6851 -0.2464 -0.6855
vn 0.0018 -0.0332 -0.9994
vn 0.9999 0.0162 -0.0002
vn 0.6876 0.2364 -0.6866
vn 0.7695 -0.6387 -0.0008
vn 0.9999 -0.0173 -0.0009
vn 0.0006 -0.9999 0.0162
vn 0.6291 -0.6306 0.4545
vn 0.6868 -0.6874 0.2363
vn 0.6855 -0.6852 -0.2462
vn 0.0018 -0.9994 -0.0333
vn 1.0000 -0.0005 0.0083
vn 0.8841 -0.0006 0.4672
vn 0.6385 -0.0016 -0.7696
vn 0.9994 -0.0019 -0.0332
vn -0.0083 -1.0000 -0.0003
vn -0.4543 -0.6293 -0.6305
vn -0.4670 -0.8843 -0.0003
vn 0.2461 -0.6857 -0.6850
vn 0.0332 -0.9994 -0.0009
vn -0.2363 -0.6869 -0.6873
vn 0.0015 0.8519 -0.5237
vn 0.2780 0.9305 -0.2383
vn 0.0003 0.9145 -0.4045
vn 0.5036 0.8639 -0.0007
vn 0.0155 0.9999 -0.0000
vn -1.0000 0.0037 0.0070
vn -0.6107 0.0006 0.7918
vn -0.8469 0.5318 0.0004
vn 0.5098 -0.0014 0.8603
vn 0.2743 -0.2357 0.9323
vn 0.0309 -0.0001 0.9995
vn 0.0007 -0.5176 0.8556
vn 0.0006 -0.3510 0.9364
vn -0.0207 0.9998 0.0046
vn -0.5700 0.5866 0.5754
vn -0.0004 0.7940 0.6079
vn -0.0051 0.0117 0.9999
vn -0.8617 -0.5074 -0.0006
vn -0.9325 -0.2738 -0.2355
vn -0.9994 -0.0338 -0.0000
vn -0.8555 -0.0007 -0.5177
vn -0.9363 -0.0005 -0.3512
vn -0.0011 0.0315 -0.9995
vn 0.9999 -0.0172 0.0004
vn -0.0001 -0.0326 0.9995
vn -0.0000 -0.0015 1.0000
vn -0.0000 1.0000 -0.0024
vn 0.0070 1.0000 0.0065
vn -0.9999 0.0132 -0.0047
vn -1.0000 -0.0019 -0.0000
vn -0.0009 -0.0088 -1.0000
vn -0.0012 -0.7072 -0.7071
vn -0.0006 -0.8842 0.4671
vn -0.0011 -0.9999 0.0164
vn 0.0004 0.6117 0.7911
vn 0.0046 0.0047 1.0000
vn -0.0007 0.8602 -0.5100
vn -0.0000 1.0000 -0.0088
vn -0.6388 0.7693 -0.0002
vn -0.0073 1.0000 -0.0040
vn -0.8556 -0.5177 0.0004
vn -0.9363 -0.3513 0.0003
vn -0.0010 -1.0000 -0.0088
vn -0.6295 0.4540 -0.6306
vn -0.6869 0.2365 -0.6872
vn -0.6855 -0.2459 -0.6853
vn -1.0000 0.0082 -0.0003
vn -0.8842 0.4671 -0.0003
vn -0.6386 -0.7695 -0.0008
vn -0.9994 -0.0333 -0.0009
vn -0.6304 -0.6303 0.4531
vn -0.6852 -0.6856 -0.2459
vn -0.6868 -0.6868 0.2380
vn -0.7693 -0.0016 -0.6389
vn 0.0164 -0.9999 -0.0005
vn 0.4534 -0.6301 -0.6303
vn 0.2377 -0.6867 -0.6869
vn -0.2461 -0.6851 -0.6856
vn -0.0089 -1.0000 -0.0005
vn 0.4671 -0.0006 -0.8842
vn -0.0332 -0.0018 -0.9994
vn -0.2370 0.9316 -0.2756
vn -0.5161 0.8566 -0.0003
vn -0.3512 0.9363 -0.0003
vn 0.5766 0.5758 0.5797
vn 0.6976 0.0003 0.7165
vn -0.2357 -0.2738 0.9325
vn -0.5160 -0.0007 0.8566
vn -0.3511 -0.0006 0.9363
vn -0.0014 -0.5073 0.8618
vn 0.6243 0.7812 0.0002
vn 0.9314 -0.2764 -0.2370
vn 0.8618 -0.5073 -0.0007
vn 0.9999 -0.0161 -0.0000
vn 0.8520 -0.0015 -0.5236
vn -0.8842 -0.0006 0.4672
vn 0.0162 -0.9999 0.0003
vn 0.4670 -0.8843 -0.0003
vn -0.0159 0.9999 -0.0000
vn -0.0024 1.0000 -0.0000
vn 1.0000 -0.0000 -0.0024
vn -0.0027 -0.0000 1.0000
vn 0.7673 0.6413 -0.0003
vn -0.9995 0.0315 0.0005
vn 0.0161 0.9999 -0.0013
vn 0.0005 -0.0082 1.0000
vn 0.6304 -0.4547 0.6292
vn 0.0005 -0.4670 0.8842
vn 0.0024 0.7071 0.7071
vn 0.6853 0.2464 0.6853
vn 0.0018 0.0332 0.9994
vn 0.9995 -0.0315 0.0005
vn 0.6873 -0.2365 0.6868
vn 0.7069 0.7073 0.0012
vn 0.0005 0.9999 -0.0162
vn 0.6294 0.6295 -0.4557
vn 0.6874 0.6873 -0.2348
vn 0.6853 0.6853 0.2464
vn 0.0018 0.9994 0.0332
vn 0.9999 0.0005 -0.0162
vn 0.8831 0.0011 -0.4691
vn 0.7072 0.0025 0.7070
vn 0.9994 0.0018 0.0333
vn -0.4559 0.6295 0.6292
vn -0.4677 0.8839 0.0005
vn 0.2464 0.6853 0.6853
vn -0.0315 0.0010 0.9995
vn -0.2349 0.6875 0.6872
vn 0.0172 0.0009 0.9999
vn 0.0014 -0.8634 0.5045
vn 0.2365 -0.9316 0.2758
vn -0.0000 -0.9999 0.0150
vn 0.5220 -0.8529 0.0007
vn -0.9332 -0.0007 -0.3593
vn -0.5778 -0.5793 -0.5749
vn 0.5037 0.0014 -0.8639
vn 0.2764 0.2369 -0.9314
vn 0.0154 -0.0000 -0.9999
vn 0.0007 0.5161 -0.8566
vn 0.0005 0.3514 -0.9362
vn -0.0003 -0.8026 -0.5966
vn -0.0011 -0.3091 -0.9510
vn -0.6670 -0.0008 -0.7450
vn -0.8529 0.5221 0.0007
vn -0.9303 0.2385 0.2786
vn -0.8625 0.0014 0.5060
vn -0.9999 0.0001 0.0157
vn -0.0010 -0.0315 0.9995
vn 0.0013 -1.0000 -0.0000
vn -0.0000 0.0160 -0.9999
vn -0.0000 0.0033 -1.0000
vn -0.0109 -0.0039 -0.9999
vn -0.0009 0.0088 1.0000
vn -0.0012 0.7071 0.7071
vn -0.0006 0.8842 -0.4671
vn -0.0011 0.9999 -0.0164
vn -0.0006 -0.9360 0.3521
vn -0.0000 -1.0000 0.0027
vn -0.0007 -0.8566 0.5159
vn -0.0009 1.0000 0.0088
vn 0.0162 -0.0005 0.9999
vn -0.0173 0.0009 0.9999
vn 0.0164 0.0011 0.9999
vn -0.6292 -0.4542 0.6307
vn -0.6868 -0.2366 0.6873
vn -0.6856 0.2458 0.6852
vn -0.6384 0.7697 0.0008
vn -0.6307 0.6293 -0.4542
vn -0.6852 0.6856 0.2460
vn -0.9995 0.0011 -0.0315
vn -0.6873 0.6868 -0.2365
vn -0.7696 0.0017 0.6386
vn -1.0000 0.0009 0.0089
vn 0.4539 0.6308 0.6294
vn 0.2365 0.6874 0.6867
vn -0.2460 0.6850 0.6857
vn -0.0089 1.0000 0.0004
vn 0.4671 0.0005 0.8842
vn -0.2743 -0.9323 0.2357
vn -0.5074 -0.8617 0.0007
vn 0.9999 -0.0094 -0.0043
vn 0.5751 -0.5876 -0.5692
vn 0.7922 -0.0006 -0.6103
vn -0.2364 0.2762 -0.9316
vn -0.5267 0.0007 -0.8501
vn -0.2880 0.0004 -0.9576
vn -0.0014 0.5046 -0.8633
vn 0.0170 -0.0033 -0.9999
vn -0.0009 -0.0001 -1.0000
vn 0.6943 -0.7196 -0.0001
vn 0.0006 -0.4634 -0.8861
vn 0.9327 0.2356 0.2731
vn 0.8600 0.0008 0.5104
vn 0.9998 0.0001 0.0198
vn 0.9133 -0.0004 0.4073
vn 1.0000 -0.0000 0.0018
vn -1.0000 -0.0005 -0.0083
vn 0.9999 0.0163 0.0005
vn -0.0083 -0.0006 1.0000
vn 0.0173 -0.0018 0.9998
vn 0.0010 0.0164 0.9999
vn 0.6305 0.4527 0.6305
vn 0.6867 0.2379 0.6869
vn 0.6857 -0.2461 0.6850
vn 0.0016 -0.6388 0.7694
vn 0.0009 -0.0089 1.0000
vn 0.8841 0.4673 0.0002
vn 0.6385 -0.7696 0.0008
vn 0.0006 -1.0000 -0.0082
vn 0.6304 -0.6305 -0.4528
vn 0.0006 -0.8842 -0.4670
vn 0.6853 -0.6855 0.2458
vn 0.0018 -0.9994 0.0333
vn 0.9999 -0.0011 -0.0163
vn 0.6867 -0.6869 -0.2378
vn 0.7071 -0.0012 0.7071
vn 1.0000 -0.0009 0.0088
vn -0.0315 -0.9995 0.0005
vn -0.4540 -0.6306 0.6295
vn -0.2364 -0.6873 0.6869
vn 0.2459 -0.6853 0.6855
vn 0.0089 -1.0000 0.0004
vn -0.4670 -0.0006 0.8842
vn 0.2369 0.9315 0.2759
vn 0.0007 0.8602 0.5099
vn -0.0000 1.0000 0.0091
vn 0.5160 0.8566 0.0003
vn 0.3521 0.9360 0.0003
vn -0.5755 0.5783 -0.5782
vn -0.6950 0.0004 -0.7190
vn 0.2365 -0.2753 -0.9318
vn 0.5161 -0.0007 -0.8566
vn 0.3507 -0.0005 -0.9365
vn 0.0007 -0.5045 -0.8634
vn 0.0001 -0.0083 -1.0000
vn -0.0059 0.0055 -1.0000
vn -0.0003 0.6800 -0.7332
vn -0.9326 -0.2356 0.2735
vn -0.8627 -0.0007 0.5057
vn -0.9999 -0.0002 0.0157
vn -0.0005 0.0162 0.9999
vn 0.0005 0.4670 0.8843
vn 0.8843 -0.0005 -0.4670
vn -0.4695 -0.8829 0.0006
vn 0.0025 1.0000 -0.0000
vn -0.0002 -0.0318 -0.9995
vn 0.0024 -0.0000 -1.0000
vn 0.0007 0.9312 -0.3646
vn -0.0018 -0.0333 0.9994
vn -0.0010 -0.9995 -0.0315
vn 0.0017 0.0084 -1.0000
vn -0.0004 0.9145 0.4046
vn -1.0000 -0.0089 0.0004
vn -0.0010 -1.0000 0.0089
vn -0.6293 0.4558 0.6294
vn -0.0011 0.4691 0.8832
vn -0.0016 -0.7695 0.6387
vn -0.6850 -0.2461 0.6857
vn -0.6873 0.2349 0.6874
vn -0.7695 -0.6386 0.0008
vn -0.6292 -0.6304 -0.4546
vn -0.6869 -0.6873 -0.2363
vn -0.6857 -0.6851 0.2461
vn -0.8842 -0.0006 -0.4671
vn -0.6387 -0.0016 0.7694
vn -0.9994 -0.0018 0.0332
vn 0.4556 -0.6295 0.6294
vn 0.4694 -0.8830 0.0005
vn -0.2460 -0.6858 0.6850
vn -0.0333 -0.9994 0.0009
vn 0.2347 -0.6873 0.6874
vn -0.0173 -0.0019 0.9998
vn -0.0015 0.8530 0.5219
vn -0.2783 0.9305 0.2383
vn -0.5037 0.8639 0.0007
vn 1.0000 0.0011 -0.0069
vn 0.6593 0.0005 -0.7519
vn 0.9520 0.3061 -0.0005
vn 0.5774 0.5773 -0.5773
vn -0.5235 -0.0015 -0.8520
vn -0.2378 -0.2766 -0.9311
vn -0.4079 -0.0004 -0.9130
vn -0.0014 -0.5087 -0.8609
vn 0.0008 0.6680 -0.7442
vn 0.3048 0.0012 -0.9524
vn 0.8627 -0.5056 0.0003
vn 0.9324 -0.2735 0.2361
vn 0.9999 -0.0172 0.0001
vn 0.8530 -0.0015 0.5218
vn -0.0000 1.0000 0.0033
vn -0.0082 0.0001 -1.0000
vn -0.0004 -0.0013 -1.0000
vn -0.0007 -0.6219 -0.7831
vn -0.3707 -0.0009 -0.9287
vn -0.5791 -0.5797 -0.5732
vn -0.7875 -0.0007 -0.6164
vn -0.0006 0.0002 -1.0000
vn -0.6203 0.0007 -0.7843
vn -0.0009 0.3652 -0.9309
vn -0.5797 0.5791 -0.5732
vn -0.0007 0.7874 -0.6164
vn 0.0004 0.0013 -1.0000
vn 0.0007 0.6220 -0.7830
vn 0.3708 0.0009 -0.9287
vn 0.5750 0.5815 -0.5756
vn 0.7849 0.0007 -0.6196
vn 0.0006 -0.0002 -1.0000
vn 0.6203 -0.0007 -0.7843
vn 0.0009 -0.3652 -0.9309
vn 0.5815 -0.5750 -0.5756
vn 0.0007 -0.7849 -0.6196
vn -0.0006 -0.0001 1.0000
vn -0.6190 -0.0007 0.7854
vn -0.0009 -0.3849 0.9230
vn -0.5774 -0.5774 0.5773
vn -0.0008 -0.7853 0.6191
vn 0.0001 -0.0012 1.0000
vn 0.0007 -0.6211 0.7837
vn 0.3902 -0.0009 0.9207
vn 0.5774 -0.5774 0.5773
vn 0.7870 -0.0007 0.6170
vn 0.0006 0.0001 1.0000
vn 0.6162 0.0007 0.7876
vn 0.0009 0.3848 0.9230
vn 0.5732 0.5797 0.5791
vn 0.0007 0.7853 0.6191
vn -0.0002 0.0012 1.0000
vn -0.0007 0.6211 0.7837
vn -0.3902 0.0009 0.9207
vn -0.5774 0.5773 0.5773
vn -0.7853 0.0007 0.6192
vn -0.0012 -1.0000 -0.0081
vn -0.6746 -0.7142 -0.1868
vn -0.0009 -0.9193 -0.3936
vn 0.0001 -0.9998 -0.0204
vn 0.3479 -0.9117 -0.2184
vn 0.7132 -0.6775 -0.1798
vn 0.0013 -1.0000 0.0085
vn 0.6745 -0.7143 0.1865
vn 0.0009 -0.9204 0.3910
vn -0.0001 -0.9998 0.0208
vn -0.3448 -0.9165 0.2028
vn -0.7142 -0.6746 0.1869
vn 1.0000 -0.0012 -0.0079
vn 0.9193 -0.0009 -0.3936
vn 0.9998 0.0001 -0.0208
vn 0.9116 0.3480 -0.2186
vn 0.6775 0.7132 -0.1798
vn 0.9999 0.0013 0.0118
vn 0.7152 0.6738 0.1859
vn 0.9300 0.0009 0.3675
vn 0.9997 -0.0001 0.0224
vn 0.9165 -0.3448 0.2025
vn 0.0013 1.0000 -0.0081
vn 0.0009 0.9207 -0.3902
vn -0.0002 0.9998 -0.0206
vn -0.3448 0.9165 -0.2028
vn -0.7142 0.6746 -0.1868
vn -0.0012 1.0000 0.0081
vn -0.6746 0.7142 0.1868
vn -0.0009 0.9207 0.3902
vn 0.0001 0.9998 0.0206
vn 0.3448 0.9165 0.2028
vn -1.0000 0.0012 -0.0081
vn -0.9207 0.0009 -0.3902
vn -0.9998 -0.0001 -0.0206
vn -0.9165 -0.3448 -0.2028
vn -1.0000 -0.0012 0.0081
vn -0.9207 -0.0009 0.3902
vn -0.9998 0.0001 0.0205
vn -0.9165 0.3448 0.2028
vn 0.9952 0.0984 0.0001
vn 0.9998 0.0187 0.0005
vn 0.9999 -0.0156 0.0001
vn 0.9808 0.1951 0.0004
vn 0.9952 0.0979 0.0013
vn 0.9612 0.2759 0.0001
vn 0.9808 0.1951 0.0001
vn 0.9297 0.3682 0.0001
vn 0.9515 0.3076 0.0009
vn 0.8889 0.4581 0.0001
vn 0.9167 0.3996 0.0005
vn 0.8401 0.5425 0.0001
vn 0.8731 0.4876 0.0009
vn 0.7824 0.6227 0.0001
vn 0.8211 0.5708 0.0005
vn 0.7181 0.6960 0.0001
vn 0.7611 0.6486 0.0009
vn 0.6459 0.7634 0.0001
vn 0.6939 0.7200 0.0005
vn 0.5685 0.8227 0.0001
vn 0.6200 0.7846 0.0009
vn 0.4846 0.8748 0.0001
vn 0.5401 0.8416 0.0005
vn 0.3971 0.9178 0.0001
vn 0.4550 0.8905 0.0009
vn 0.3046 0.9525 0.0001
vn 0.3656 0.9308 0.0005
vn 0.2104 0.9776 0.0001
vn 0.2725 0.9621 0.0009
vn 0.1129 0.9936 0.0001
vn 0.1770 0.9842 0.0005
vn 0.0156 0.9999 0.0001
vn 0.0796 0.9968 0.0009
vn -0.0980 0.9952 0.0001
vn -0.0187 0.9998 0.0005
vn -0.1951 0.9808 0.0004
vn -0.0979 0.9952 0.0013
vn -0.2759 0.9612 0.0001
vn -0.1951 0.9808 0.0001
vn -0.3682 0.9297 0.0001
vn -0.3076 0.9515 0.0009
vn -0.4581 0.8889 0.0001
vn -0.3996 0.9167 0.0005
vn -0.5425 0.8401 0.0001
vn -0.4876 0.8731 0.0009
vn -0.6227 0.7824 0.0001
vn -0.5708 0.8211 0.0005
vn -0.6960 0.7181 0.0001
vn -0.6486 0.7611 0.0009
vn -0.7634 0.6459 0.0001
vn -0.7200 0.6940 0.0005
vn -0.8227 0.5685 0.0001
vn -0.7846 0.6200 0.0009
vn -0.8748 0.4846 0.0001
vn -0.8416 0.5401 0.0005
vn -0.9178 0.3971 0.0001
vn -0.8905 0.4550 0.0009
vn -0.9525 0.3046 0.0001
vn -0.9308 0.3656 0.0005
vn -0.9776 0.2104 0.0001
vn -0.9621 0.2725 0.0009
vn -0.9936 0.1129 0.0001
vn -0.9842 0.1770 0.0005
vn -1.0000 0.0037 0.0001
vn -0.9968 0.0794 0.0009
vn -0.9952 -0.0980 0.0001
vn -1.0000 0.0074 0.0007
vn -0.9828 -0.1846 0.0001
vn -0.9952 -0.0980 -0.0000
vn -0.9569 -0.2903 0.0001
vn -0.9760 -0.2179 0.0005
vn -0.9239 -0.3827 0.0004
vn -0.9570 -0.2902 0.0013
vn -0.8889 -0.4581 0.0001
vn -0.9239 -0.3827 0.0001
vn -0.8401 -0.5425 0.0001
vn -0.8732 -0.4873 0.0009
vn -0.7824 -0.6228 0.0001
vn -0.8211 -0.5708 0.0005
vn -0.7181 -0.6960 0.0001
vn -0.7612 -0.6486 0.0009
vn -0.6459 -0.7634 0.0001
vn -0.6940 -0.7200 0.0005
vn -0.5685 -0.8227 0.0001
vn -0.6200 -0.7846 0.0009
vn -0.4846 -0.8748 0.0001
vn -0.5402 -0.8415 0.0005
vn -0.3971 -0.9178 0.0001
vn -0.4550 -0.8905 0.0009
vn -0.3046 -0.9525 0.0001
vn -0.3656 -0.9308 0.0005
vn -0.2104 -0.9776 0.0001
vn -0.2725 -0.9621 0.0009
vn -0.1129 -0.9936 0.0001
vn -0.1770 -0.9842 0.0005
vn -0.0037 -1.0000 0.0001
vn -0.0794 -0.9968 0.0009
vn 0.0980 -0.9952 0.0001
vn -0.0074 -1.0000 0.0008
vn 0.1846 -0.9828 0.0001
vn 0.0980 -0.9952 -0.0000
vn 0.2759 -0.9612 0.0001
vn 0.2176 -0.9760 0.0006
vn 0.3682 -0.9297 0.0001
vn 0.3079 -0.9514 0.0009
vn 0.4581 -0.8889 0.0001
vn 0.3997 -0.9167 0.0005
vn 0.5425 -0.8401 0.0001
vn 0.4876 -0.8731 0.0009
vn 0.6227 -0.7824 0.0001
vn 0.5708 -0.8211 0.0005
vn 0.6960 -0.7181 0.0001
vn 0.6486 -0.7612 0.0009
vn 0.7634 -0.6459 0.0001
vn 0.7200 -0.6940 0.0005
vn 0.8227 -0.5685 0.0001
vn 0.7846 -0.6200 0.0009
vn 0.8748 -0.4846 0.0001
vn 0.8415 -0.5402 0.0005
vn 0.9178 -0.3971 0.0001
vn 0.8905 -0.4550 0.0009
vn 0.9525 -0.3046 0.0001
vn 0.9308 -0.3656 0.0005
vn 0.9776 -0.2104 0.0001
vn 0.9621 -0.2725 0.0009
vn 0.9936 -0.1129 0.0001
vn 0.9842 -0.1770 0.0005
vn 0.9968 -0.0796 0.0009
vn -0.0005 -0.0004 1.0000
vn 0.0023 0.0001 1.0000
vn 0.0060 0.0037 1.0000
vn 0.0052 0.0023 1.0000
vn 0.0040 0.0061 1.0000
vn 0.0032 0.0090 1.0000
vn 0.0030 0.0040 1.0000
vn -0.0010 0.0035 1.0000
vn -0.0124 0.0116 0.9999
vn -0.0248 0.0142 0.9996
vn -0.0525 0.0087 0.9986
vn -0.2990 -0.0458 0.9531
vn -0.0904 -0.0874 0.9921
vn -0.0257 -0.0507 0.9984
vn -0.0038 -0.0265 0.9996
vn 0.0036 -0.0171 0.9998
vn 0.0066 -0.0160 0.9999
vn 0.0068 -0.0099 0.9999
vn 0.0066 -0.0064 1.0000
vn 0.6996 0.1318 0.7023
vn 0.6949 0.0761 0.7151
vn 0.7130 -0.0094 0.7011
vn 0.3429 0.0168 0.9392
vn 0.6679 0.2760 0.6912
vn 0.3038 0.1251 0.9445
vn 0.6722 0.2060 0.7111
vn 0.5869 0.4007 0.7035
vn 0.6238 0.3268 0.7100
vn 0.5107 0.4979 0.7009
vn 0.2280 0.2447 0.9424
vn 0.3949 0.3228 0.8601
vn 0.2449 0.2036 0.9479
vn 0.3943 0.5956 0.6999
vn 0.4465 0.5486 0.7069
vn 0.2657 0.6596 0.7031
vn 0.3362 0.6137 0.7144
vn 0.1314 0.7010 0.7009
vn 0.0831 0.3330 0.9392
vn 0.2123 0.6676 0.7136
vn 0.0094 0.7130 0.7011
vn -0.0167 0.3406 0.9401
vn 0.0479 0.4860 0.8727
vn -0.1316 0.7024 0.6995
vn -0.0827 0.3586 0.9298
vn -0.0759 0.6953 0.7147
vn -0.2646 0.6623 0.7009
vn -0.1451 0.3040 0.9416
vn -0.2087 0.6690 0.7134
vn -0.4010 0.6012 0.6912
vn -0.1711 0.2603 0.9502
vn -0.3358 0.6215 0.7078
vn -0.5073 0.4972 0.7039
vn -0.4424 0.5485 0.7096
vn -0.5841 0.4005 0.7060
vn -0.3937 0.3226 0.8608
vn -0.6554 0.2812 0.7009
vn -0.3159 0.1142 0.9419
vn -0.6218 0.3264 0.7119
vn -0.6923 0.1464 0.7066
vn -0.6710 0.1971 0.7148
vn -0.7205 0.0005 0.6935
vn -0.3241 -0.0012 0.9460
vn -0.7036 0.0666 0.7075
vn -0.6964 -0.1460 0.7026
vn -0.9376 -0.0924 0.3353
vn -0.6938 -0.0642 0.7173
vn -0.6568 -0.2817 0.6995
vn -0.3294 -0.1168 0.9369
vn -0.6714 -0.1959 0.7147
vn -0.5886 -0.4028 0.7009
vn -0.3001 -0.1852 0.9358
vn -0.6223 -0.3222 0.7134
vn -0.4989 -0.5090 0.7014
vn -0.5443 -0.4360 0.7167
vn -0.3897 -0.5974 0.7009
vn -0.1953 -0.2650 0.9443
vn -0.4517 -0.5360 0.7132
vn -0.2652 -0.6590 0.7039
vn -0.3374 -0.6130 0.7145
vn -0.1466 -0.6949 0.7040
vn -0.1478 -0.4874 0.8606
vn -0.0005 -0.7205 0.6935
vn 0.0007 -0.3300 0.9440
vn -0.0668 -0.7015 0.7095
vn 0.1462 -0.6977 0.7013
vn 0.0924 -0.9376 0.3353
vn 0.0645 -0.6923 0.7188
vn 0.2652 -0.6612 0.7018
vn 0.1482 -0.4881 0.8601
vn 0.3847 -0.5912 0.7088
vn 0.3322 -0.6103 0.7191
vn 0.4979 -0.5107 0.7009
vn 0.2477 -0.2261 0.9421
vn 0.4496 -0.5397 0.7117
vn 0.5846 -0.4007 0.7055
vn 0.5447 -0.4393 0.7144
vn 0.6555 -0.2812 0.7009
vn 0.3143 -0.1141 0.9425
vn 0.6195 -0.3256 0.7143
vn 0.6977 -0.1479 0.7009
vn 0.3646 -0.0610 0.9292
vn 0.6722 -0.1981 0.7134
vn 0.6979 -0.0632 0.7134
vn 0.5775 0.5773 -0.5772
vn 0.8828 0.0011 0.4697
vn 0.3719 -0.8505 -0.3718
vn 0.3714 0.3724 0.8505
vn -0.8506 0.3718 -0.3719
vn -0.0011 0.8830 0.4695
vn -0.5774 0.5773 -0.5774
vn -0.8830 -0.4694 -0.0005
vn 0.4695 0.0011 -0.8829
vn -0.3718 -0.8505 -0.3720
vn -0.3718 0.3719 0.8506
vn 0.8505 0.3726 -0.3712
vn 0.4680 0.8837 0.0005
vn 0.5775 -0.5772 -0.5774
vn 0.8839 0.4677 -0.0006
vn 0.0011 -0.8830 0.4694
vn -0.4696 -0.0011 -0.8829
vn 0.3714 0.8505 -0.3725
vn 0.3724 -0.3712 0.8506
vn -0.8506 -0.3725 -0.3712
vn -0.0011 0.4695 -0.8829
vn -0.5772 -0.5775 -0.5773
vn -0.3725 0.8504 -0.3715
vn -0.3717 -0.3720 0.8506
vn 0.8506 -0.3718 -0.3718
vn -0.8830 0.4693 0.0006
vn 0.5774 0.5774 0.5773
vn 0.8830 -0.4693 0.0005
vn 0.0011 0.8830 -0.4694
vn -0.4693 0.0011 0.8830
vn 0.3714 -0.8505 0.3724
vn 0.3719 0.3718 -0.8505
vn -0.8506 0.3718 0.3718
vn -0.0011 -0.4695 0.8829
vn -0.5772 0.5775 0.5773
vn -0.8829 0.0012 -0.4696
vn -0.3725 -0.8505 0.3713
vn -0.3713 0.3725 -0.8505
vn 0.8505 0.3714 0.3724
vn 0.5773 -0.5773 0.5775
vn 0.3719 0.8505 0.3720
vn 0.3718 -0.3719 -0.8506
vn -0.8505 -0.3713 0.3724
vn -0.0011 -0.8831 -0.4692
vn 0.4692 -0.0011 0.8831
vn -0.3719 0.8505 0.3719
vn -0.3723 -0.3713 -0.8506
vn 0.8506 -0.3717 0.3720
vn 0.6728 0.5477 0.4973
vn 0.0885 0.8630 0.4973
vn -0.6684 0.5531 0.4973
vn -0.2699 0.2210 0.9372
vn -0.2551 -0.8292 0.4973
vn -0.1011 -0.3329 0.9375
vn 0.2485 -0.8312 0.4973
vn 0.0991 -0.3259 0.9402
vt 0.235264 0.766500
vt 0.234946 0.779781
vt 0.234946 0.766499
vt 0.250951 0.779416
vt 0.250961 0.779430
vt 0.250950 0.779426
vt 0.250632 0.779427
vt 0.250622 0.779417
vt 0.250632 0.779417
vt 0.235275 0.766486
vt 0.235275 0.766499
vt 0.234936 0.766499
vt 0.234946 0.766489
vt 0.252446 0.752457
vt 0.252457 0.752443
vt 0.252457 0.752456
vt 0.252118 0.752456
vt 0.252128 0.752445
vt 0.252128 0.752456
vt 0.252061 0.765076
vt 0.252071 0.765089
vt 0.252060 0.765085
vt 0.251742 0.765087
vt 0.251732 0.765076
vt 0.251742 0.765076
vt 0.241842 0.766407
vt 0.241832 0.766393
vt 0.241842 0.766397
vt 0.242160 0.766396
vt 0.242171 0.766406
vt 0.242160 0.766406
vt 0.251011 0.779416
vt 0.251000 0.779430
vt 0.251001 0.779416
vt 0.251339 0.779417
vt 0.251329 0.779427
vt 0.251329 0.779417
vt 0.227385 0.752785
vt 0.227366 0.752782
vt 0.227368 0.752775
vt 0.227388 0.752803
vt 0.227397 0.752801
vt 0.234810 0.752450
vt 0.234802 0.752443
vt 0.234812 0.752440
vt 0.247530 0.780200
vt 0.247527 0.780218
vt 0.247518 0.780216
vt 0.247548 0.780197
vt 0.247546 0.780190
vt 0.227717 0.752453
vt 0.227724 0.752446
vt 0.227727 0.752455
vt 0.247197 0.779875
vt 0.247188 0.779870
vt 0.247200 0.779860
vt 0.235141 0.752782
vt 0.235138 0.752801
vt 0.235131 0.752799
vt 0.235159 0.752779
vt 0.235157 0.752771
vt 0.250951 0.773142
vt 0.250961 0.779416
vt 0.235264 0.766490
vt 0.252446 0.752446
vt 0.241842 0.779687
vt 0.241832 0.766406
vt 0.251011 0.779426
vt 0.227395 0.766086
vt 0.253836 0.780181
vt 0.247534 0.780181
vt 0.253824 0.780190
vt 0.241445 0.752765
vt 0.227380 0.752766
vt 0.220744 0.752446
vt 0.227714 0.752440
vt 0.234809 0.766426
vt 0.234799 0.752452
vt 0.250632 0.773142
vt 0.252445 0.758726
vt 0.221090 0.752774
vt 0.242160 0.779688
vt 0.227727 0.766432
vt 0.227717 0.766434
vt 0.235122 0.766095
vt 0.235122 0.752787
vt 0.235131 0.766084
vt 0.222457 0.766504
vt 0.222775 0.779785
vt 0.222457 0.779785
vt 0.252126 0.758727
vt 0.251272 0.772681
vt 0.251591 0.766407
vt 0.251591 0.772680
vt 0.250961 0.773128
vt 0.250961 0.773142
vt 0.250622 0.773142
vt 0.250632 0.773131
vt 0.222446 0.766490
vt 0.222457 0.766494
vt 0.222775 0.766493
vt 0.222786 0.766504
vt 0.222775 0.766504
vt 0.252455 0.758740
vt 0.252444 0.758736
vt 0.252126 0.758737
vt 0.252116 0.758727
vt 0.252360 0.766407
vt 0.252371 0.766393
vt 0.252370 0.766406
vt 0.252032 0.766406
vt 0.252042 0.766396
vt 0.252042 0.766406
vt 0.242549 0.766407
vt 0.242559 0.766393
vt 0.242560 0.766406
vt 0.242221 0.766406
vt 0.242231 0.766396
vt 0.242231 0.766406
vt 0.251601 0.772694
vt 0.251590 0.772690
vt 0.251272 0.772691
vt 0.251262 0.772681
vt 0.221092 0.752783
vt 0.221074 0.752786
vt 0.221071 0.752804
vt 0.221064 0.752802
vt 0.221055 0.752790
vt 0.220741 0.752460
vt 0.234749 0.766491
vt 0.234758 0.766487
vt 0.234761 0.766496
vt 0.253844 0.780218
vt 0.253841 0.780200
vt 0.253853 0.780215
vt 0.253823 0.780197
vt 0.220732 0.752456
vt 0.254171 0.779865
vt 0.254180 0.779861
vt 0.254183 0.779870
vt 0.234422 0.766844
vt 0.234419 0.766826
vt 0.234429 0.766843
vt 0.234401 0.766823
vt 0.234403 0.766814
vt 0.234438 0.766831
vt 0.234751 0.766501
vt 0.250950 0.773132
vt 0.252360 0.766397
vt 0.242549 0.779687
vt 0.242548 0.766397
vt 0.221062 0.766088
vt 0.254174 0.779875
vt 0.228125 0.766815
vt 0.227776 0.766494
vt 0.220743 0.766436
vt 0.252040 0.772679
vt 0.252359 0.772678
vt 0.222447 0.779785
vt 0.234429 0.780128
vt 0.234438 0.780139
vt 0.234422 0.780126
vt 0.251329 0.773142
vt 0.251011 0.773142
vt 0.250883 0.772680
vt 0.250873 0.772694
vt 0.250873 0.772681
vt 0.251212 0.772681
vt 0.251202 0.772691
vt 0.251202 0.772681
vt 0.235324 0.766500
vt 0.235314 0.766486
vt 0.235325 0.766490
vt 0.235643 0.766489
vt 0.235653 0.766499
vt 0.235643 0.766499
vt 0.251651 0.766407
vt 0.251640 0.766393
vt 0.251651 0.766397
vt 0.251969 0.766396
vt 0.251979 0.766406
vt 0.251969 0.766406
vt 0.252061 0.758803
vt 0.252071 0.758789
vt 0.252071 0.758802
vt 0.251733 0.758802
vt 0.251743 0.758791
vt 0.251743 0.758802
vt 0.250526 0.752457
vt 0.250536 0.752443
vt 0.250536 0.752456
vt 0.250197 0.752456
vt 0.250207 0.752446
vt 0.250207 0.752456
vt 0.251000 0.773128
vt 0.251011 0.773132
vt 0.251329 0.773131
vt 0.251339 0.773142
vt 0.228129 0.752779
vt 0.228111 0.752782
vt 0.228127 0.752772
vt 0.228108 0.752800
vt 0.228099 0.752798
vt 0.241775 0.752451
vt 0.241780 0.752441
vt 0.241789 0.752454
vt 0.247527 0.786493
vt 0.247530 0.786511
vt 0.247518 0.786495
vt 0.247548 0.786514
vt 0.247546 0.786521
vt 0.227778 0.752451
vt 0.227772 0.752443
vt 0.227781 0.752440
vt 0.247199 0.786844
vt 0.247190 0.786850
vt 0.247188 0.786841
vt 0.241453 0.752802
vt 0.241450 0.752784
vt 0.241462 0.752799
vt 0.241432 0.752781
vt 0.241434 0.752773
vt 0.250883 0.766407
vt 0.250884 0.772690
vt 0.235643 0.779781
vt 0.252061 0.758792
vt 0.250525 0.752447
vt 0.253825 0.786523
vt 0.247534 0.786530
vt 0.228116 0.752763
vt 0.234748 0.752451
vt 0.241782 0.766433
vt 0.241469 0.766097
vt 0.251202 0.766406
vt 0.251212 0.766406
vt 0.251641 0.772681
vt 0.251651 0.772680
vt 0.254171 0.786853
vt 0.254173 0.786842
vt 0.234400 0.752781
vt 0.234402 0.752771
vt 0.227769 0.766430
vt 0.227780 0.766432
vt 0.241453 0.766083
vt 0.241460 0.766085
vt 0.251970 0.772681
vt 0.250873 0.766393
vt 0.250884 0.766397
vt 0.251202 0.766396
vt 0.223164 0.766505
vt 0.223174 0.766491
vt 0.223175 0.766504
vt 0.222836 0.766504
vt 0.222846 0.766493
vt 0.222846 0.766504
vt 0.251641 0.772694
vt 0.251980 0.772681
vt 0.251970 0.772691
vt 0.252369 0.772692
vt 0.252358 0.772688
vt 0.252040 0.772689
vt 0.252030 0.772679
vt 0.250586 0.752457
vt 0.250575 0.752443
vt 0.250586 0.752447
vt 0.250904 0.752446
vt 0.250914 0.752456
vt 0.250904 0.752456
vt 0.251601 0.766393
vt 0.251601 0.766406
vt 0.251262 0.766406
vt 0.251272 0.766396
vt 0.251272 0.766406
vt 0.234418 0.752784
vt 0.234421 0.752802
vt 0.234428 0.752800
vt 0.227769 0.766486
vt 0.227779 0.766483
vt 0.253841 0.786511
vt 0.253844 0.786493
vt 0.253851 0.786495
vt 0.253823 0.786514
vt 0.234757 0.752444
vt 0.234760 0.752454
vt 0.254180 0.786850
vt 0.228108 0.766826
vt 0.228105 0.766844
vt 0.228096 0.766841
vt 0.228126 0.766822
vt 0.223164 0.766495
vt 0.251652 0.772690
vt 0.252369 0.772679
vt 0.250585 0.765737
vt 0.250575 0.752456
vt 0.251590 0.766397
vt 0.234430 0.766086
vt 0.234437 0.752788
vt 0.228113 0.766807
vt 0.253860 0.786506
vt 0.227766 0.780473
vt 0.227766 0.766496
vt 0.254183 0.786841
vt 0.223164 0.779785
vt 0.234750 0.766427
vt 0.251677 0.758803
vt 0.251687 0.758789
vt 0.251687 0.758802
vt 0.251348 0.758802
vt 0.251358 0.758791
vt 0.251358 0.758802
vt 0.235264 0.779780
vt 0.235275 0.779794
vt 0.235264 0.779790
vt 0.234946 0.779791
vt 0.234936 0.779781
vt 0.252122 0.758802
vt 0.252112 0.758788
vt 0.252123 0.758792
vt 0.252441 0.758791
vt 0.252451 0.758802
vt 0.252441 0.758802
vt 0.251737 0.758730
vt 0.251727 0.758744
vt 0.251727 0.758730
vt 0.252066 0.758731
vt 0.252055 0.758741
vt 0.252055 0.758730
vt 0.241832 0.779701
vt 0.241832 0.779688
vt 0.242171 0.779688
vt 0.242160 0.779698
vt 0.250969 0.758802
vt 0.250959 0.758789
vt 0.250970 0.758793
vt 0.251288 0.758791
vt 0.251298 0.758802
vt 0.251288 0.758802
vt 0.227366 0.766106
vt 0.227385 0.766103
vt 0.227369 0.766115
vt 0.227388 0.766085
vt 0.234811 0.766435
vt 0.234802 0.766439
vt 0.234799 0.766430
vt 0.237848 0.786539
vt 0.237851 0.786557
vt 0.237839 0.786542
vt 0.237870 0.786560
vt 0.237868 0.786567
vt 0.227724 0.766442
vt 0.227714 0.766445
vt 0.237521 0.786892
vt 0.237512 0.786896
vt 0.237509 0.786887
vt 0.235138 0.766082
vt 0.235141 0.766100
vt 0.235159 0.766103
vt 0.235156 0.766112
vt 0.251677 0.765076
vt 0.251676 0.758792
vt 0.251737 0.758740
vt 0.241842 0.779697
vt 0.227404 0.766098
vt 0.244147 0.786569
vt 0.237856 0.786576
vt 0.237519 0.786883
vt 0.251358 0.765077
vt 0.251348 0.765077
vt 0.252111 0.765073
vt 0.252121 0.765072
vt 0.221090 0.766114
vt 0.221079 0.766122
vt 0.221092 0.766106
vt 0.252440 0.765073
vt 0.251293 0.758730
vt 0.250975 0.752456
vt 0.251293 0.752457
vt 0.251687 0.765090
vt 0.251676 0.765086
vt 0.251358 0.765087
vt 0.222446 0.779799
vt 0.222785 0.779785
vt 0.222775 0.779796
vt 0.252111 0.765086
vt 0.252450 0.765073
vt 0.252440 0.765083
vt 0.251780 0.773142
vt 0.251770 0.773128
vt 0.251781 0.773132
vt 0.252099 0.773131
vt 0.252109 0.773142
vt 0.252099 0.773142
vt 0.242559 0.779701
vt 0.242548 0.779697
vt 0.242231 0.779698
vt 0.242221 0.779688
vt 0.242231 0.779688
vt 0.251303 0.752443
vt 0.251303 0.752456
vt 0.250965 0.752456
vt 0.250975 0.752446
vt 0.221074 0.766103
vt 0.221071 0.766085
vt 0.234751 0.780475
vt 0.234758 0.780483
vt 0.234749 0.780486
vt 0.244162 0.786557
vt 0.244165 0.786539
vt 0.244173 0.786541
vt 0.244144 0.786560
vt 0.244495 0.786882
vt 0.244181 0.786552
vt 0.220734 0.766443
vt 0.220732 0.766433
vt 0.244505 0.786887
vt 0.244492 0.786896
vt 0.234419 0.780144
vt 0.234401 0.780147
vt 0.234403 0.780156
vt 0.222457 0.779795
vt 0.252122 0.765082
vt 0.251293 0.752447
vt 0.228125 0.780154
vt 0.228113 0.780163
vt 0.234761 0.780474
vt 0.251779 0.779414
vt 0.235324 0.779780
vt 0.250969 0.765076
vt 0.251288 0.765077
vt 0.251353 0.752457
vt 0.251343 0.752443
vt 0.251354 0.752447
vt 0.251672 0.752446
vt 0.251682 0.752456
vt 0.251672 0.752456
vt 0.235314 0.779794
vt 0.235314 0.779781
vt 0.235653 0.779781
vt 0.235643 0.779791
vt 0.251718 0.773142
vt 0.251729 0.773128
vt 0.251729 0.773142
vt 0.251390 0.773142
vt 0.251400 0.773131
vt 0.251400 0.773142
vt 0.251737 0.752457
vt 0.251727 0.752443
vt 0.251738 0.752447
vt 0.252056 0.752446
vt 0.252066 0.752456
vt 0.252056 0.752456
vt 0.250526 0.765737
vt 0.250536 0.765751
vt 0.250525 0.765747
vt 0.250207 0.765748
vt 0.250197 0.765738
vt 0.250207 0.765738
vt 0.250959 0.765090
vt 0.250959 0.765076
vt 0.251298 0.765077
vt 0.251288 0.765087
vt 0.228111 0.766101
vt 0.228129 0.766104
vt 0.228126 0.766113
vt 0.228108 0.766082
vt 0.228100 0.766084
vt 0.241790 0.766441
vt 0.241780 0.766444
vt 0.237851 0.780246
vt 0.237848 0.780264
vt 0.237841 0.780262
vt 0.237870 0.780243
vt 0.237867 0.780234
vt 0.227772 0.766440
vt 0.237519 0.779915
vt 0.237512 0.779907
vt 0.237522 0.779904
vt 0.241450 0.766102
vt 0.241432 0.766105
vt 0.241434 0.766113
vt 0.251353 0.758730
vt 0.251343 0.752456
vt 0.235325 0.779790
vt 0.251718 0.773132
vt 0.251727 0.752456
vt 0.250536 0.765737
vt 0.250970 0.765086
vt 0.228092 0.766096
vt 0.244147 0.780234
vt 0.237832 0.780251
vt 0.234748 0.766437
vt 0.227781 0.766443
vt 0.237509 0.779916
vt 0.251672 0.758731
vt 0.251719 0.779415
vt 0.244487 0.779914
vt 0.234401 0.766112
vt 0.222846 0.779785
vt 0.251400 0.779416
vt 0.251343 0.758744
vt 0.251343 0.758731
vt 0.251682 0.758731
vt 0.251672 0.758741
vt 0.223174 0.779799
vt 0.223164 0.779795
vt 0.222846 0.779796
vt 0.222836 0.779785
vt 0.251729 0.779429
vt 0.251719 0.779425
vt 0.251400 0.779426
vt 0.251390 0.779416
vt 0.251769 0.779427
vt 0.251769 0.779414
vt 0.252108 0.779415
vt 0.252097 0.779425
vt 0.252097 0.779414
vt 0.250575 0.765751
vt 0.250575 0.765737
vt 0.250914 0.765738
vt 0.250904 0.765748
vt 0.250904 0.765738
vt 0.251303 0.758744
vt 0.251293 0.758740
vt 0.250975 0.758741
vt 0.250965 0.758731
vt 0.250975 0.758731
vt 0.234400 0.766105
vt 0.234418 0.766102
vt 0.234421 0.766084
vt 0.227783 0.780476
vt 0.227779 0.780486
vt 0.227773 0.780474
vt 0.227769 0.780483
vt 0.244166 0.780264
vt 0.244162 0.780246
vt 0.244173 0.780263
vt 0.244144 0.780243
vt 0.234760 0.766432
vt 0.234757 0.766441
vt 0.234747 0.766444
vt 0.244492 0.779904
vt 0.244498 0.779916
vt 0.244502 0.779907
vt 0.244505 0.779916
vt 0.228105 0.780125
vt 0.228108 0.780144
vt 0.228096 0.780128
vt 0.228126 0.780147
vt 0.251354 0.758740
vt 0.251779 0.779423
vt 0.250586 0.765747
vt 0.234413 0.766121
vt 0.244182 0.780251
vt 0.227787 0.787214
vt 0.227781 0.787226
vt 0.227774 0.787213
vt 0.227770 0.787222
vt 0.227766 0.787211
vt 0.227778 0.780548
vt 0.227766 0.780541
vt 0.227779 0.780534
vt 0.227769 0.780529
vt 0.227781 0.780526
vt 0.234445 0.780537
vt 0.234451 0.780526
vt 0.234458 0.780539
vt 0.234463 0.780529
vt 0.234466 0.780541
vt 0.234454 0.787204
vt 0.234466 0.787211
vt 0.234453 0.787218
vt 0.234463 0.787222
vt 0.234451 0.787226
vt 0.221039 0.779933
vt 0.221026 0.779928
vt 0.221041 0.779922
vt 0.221030 0.779917
vt 0.221042 0.779913
vt 0.227708 0.779925
vt 0.227712 0.779913
vt 0.227718 0.779927
vt 0.227723 0.779917
vt 0.227727 0.779928
vt 0.227715 0.786594
vt 0.227727 0.786598
vt 0.227712 0.786605
vt 0.227723 0.786610
vt 0.227712 0.786613
vt 0.221045 0.786602
vt 0.221042 0.786613
vt 0.221035 0.786599
vt 0.221030 0.786610
vt 0.221026 0.786598
vt 0.223410 0.766500
vt 0.223414 0.766488
vt 0.223421 0.766502
vt 0.223426 0.766491
vt 0.223429 0.766503
vt 0.223418 0.773165
vt 0.223430 0.773173
vt 0.223417 0.773180
vt 0.223426 0.773184
vt 0.223415 0.773188
vt 0.223233 0.773176
vt 0.223230 0.773188
vt 0.223223 0.773174
vt 0.223218 0.773184
vt 0.223214 0.773173
vt 0.223226 0.766508
vt 0.223214 0.766503
vt 0.223228 0.766496
vt 0.223217 0.766491
vt 0.223229 0.766488
vt 0.242618 0.773078
vt 0.242614 0.773090
vt 0.242608 0.773076
vt 0.242602 0.773087
vt 0.242599 0.773075
vt 0.242611 0.766413
vt 0.242599 0.766405
vt 0.242613 0.766398
vt 0.242603 0.766394
vt 0.242615 0.766390
vt 0.242793 0.766402
vt 0.242800 0.766390
vt 0.242807 0.766404
vt 0.242811 0.766394
vt 0.242815 0.766405
vt 0.242802 0.773070
vt 0.242814 0.773075
vt 0.242800 0.773082
vt 0.242811 0.773087
vt 0.242799 0.773090
vt 0.250636 0.773074
vt 0.250632 0.773086
vt 0.250625 0.773072
vt 0.250620 0.773083
vt 0.250617 0.773071
vt 0.250630 0.766410
vt 0.250618 0.766405
vt 0.250632 0.766399
vt 0.250622 0.766394
vt 0.250633 0.766390
vt 0.250815 0.766402
vt 0.250818 0.766390
vt 0.250825 0.766404
vt 0.250830 0.766394
vt 0.250834 0.766405
vt 0.250820 0.773066
vt 0.250832 0.773071
vt 0.250818 0.773078
vt 0.250829 0.773083
vt 0.250817 0.773086
vt 0.242618 0.779816
vt 0.242614 0.779828
vt 0.242608 0.779813
vt 0.242602 0.779824
vt 0.242599 0.779813
vt 0.242612 0.773149
vt 0.242600 0.773145
vt 0.242615 0.773138
vt 0.242604 0.773133
vt 0.242615 0.773130
vt 0.242797 0.773141
vt 0.242801 0.773130
vt 0.242807 0.773144
vt 0.242812 0.773133
vt 0.242816 0.773145
vt 0.242802 0.779808
vt 0.242814 0.779813
vt 0.242800 0.779819
vt 0.242811 0.779824
vt 0.242799 0.779828
vt 0.244317 0.766351
vt 0.244383 0.752457
vt 0.244386 0.766351
vt 0.244249 0.752457
vt 0.244317 0.752456
vt 0.244183 0.766351
vt 0.244249 0.766351
vt 0.244118 0.766350
vt 0.244181 0.752456
vt 0.244056 0.766350
vt 0.244116 0.752456
vt 0.243998 0.766350
vt 0.244055 0.752455
vt 0.243943 0.766350
vt 0.243996 0.752456
vt 0.243892 0.766349
vt 0.243942 0.752455
vt 0.245860 0.766350
vt 0.245910 0.752455
vt 0.245912 0.766350
vt 0.245803 0.766350
vt 0.245857 0.752455
vt 0.245743 0.766350
vt 0.245801 0.752456
vt 0.245680 0.766350
vt 0.245741 0.752455
vt 0.245614 0.766351
vt 0.245677 0.752456
vt 0.245547 0.766351
vt 0.245612 0.752456
vt 0.245479 0.766351
vt 0.245545 0.752456
vt 0.245410 0.766351
vt 0.245477 0.752456
vt 0.245342 0.766351
vt 0.245408 0.752456
vt 0.245274 0.752457
vt 0.245342 0.752455
vt 0.245208 0.766351
vt 0.245274 0.766351
vt 0.245144 0.766350
vt 0.245207 0.752456
vt 0.245083 0.766350
vt 0.245143 0.752456
vt 0.245026 0.766350
vt 0.245082 0.752455
vt 0.244972 0.766350
vt 0.245024 0.752456
vt 0.244923 0.766349
vt 0.244971 0.752455
vt 0.243800 0.766350
vt 0.243850 0.752455
vt 0.243852 0.766349
vt 0.243744 0.766350
vt 0.243798 0.752455
vt 0.243684 0.766350
vt 0.243742 0.752456
vt 0.243621 0.766351
vt 0.243682 0.752456
vt 0.243556 0.766351
vt 0.243619 0.752456
vt 0.243489 0.766351
vt 0.243554 0.752456
vt 0.243421 0.766351
vt 0.243487 0.752457
vt 0.243352 0.766351
vt 0.243419 0.752456
vt 0.243284 0.752470
vt 0.243352 0.752456
vt 0.243216 0.766351
vt 0.243284 0.766351
vt 0.243150 0.766351
vt 0.243214 0.752457
vt 0.243086 0.752457
vt 0.243150 0.752455
vt 0.243024 0.766350
vt 0.243086 0.766350
vt 0.242966 0.766350
vt 0.243023 0.752455
vt 0.242912 0.766350
vt 0.242965 0.752456
vt 0.242863 0.766349
vt 0.242911 0.752455
vt 0.242772 0.766349
vt 0.242820 0.752455
vt 0.242823 0.766349
vt 0.242717 0.766350
vt 0.242770 0.752455
vt 0.242659 0.766350
vt 0.242715 0.752456
vt 0.242597 0.766351
vt 0.242656 0.752456
vt 0.242532 0.766351
vt 0.242594 0.752457
vt 0.242466 0.766351
vt 0.242530 0.752456
vt 0.242398 0.766351
vt 0.242464 0.752457
vt 0.242330 0.766351
vt 0.242396 0.752456
vt 0.242261 0.752470
vt 0.242330 0.752456
vt 0.242193 0.766351
vt 0.242261 0.766351
vt 0.242126 0.766351
vt 0.242191 0.752457
vt 0.242061 0.766351
vt 0.242124 0.752456
vt 0.241999 0.766350
vt 0.242059 0.752457
vt 0.241939 0.766350
vt 0.241997 0.752456
vt 0.241884 0.766350
vt 0.241938 0.752456
vt 0.241832 0.766349
vt 0.241883 0.752455
vt 0.244831 0.766350
vt 0.244880 0.752455
vt 0.244883 0.766349
vt 0.244776 0.766350
vt 0.244829 0.752455
vt 0.244716 0.766350
vt 0.244773 0.752456
vt 0.244654 0.766350
vt 0.244714 0.752455
vt 0.244589 0.766351
vt 0.244651 0.752456
vt 0.244522 0.766351
vt 0.244587 0.752456
vt 0.244454 0.766351
vt 0.244520 0.752457
vt 0.244452 0.752456
vt 0.244758 0.782829
vt 0.246037 0.782858
vt 0.246068 0.783091
vt 0.246016 0.783296
vt 0.245854 0.783526
vt 0.245763 0.783599
vt 0.245557 0.783687
vt 0.245302 0.783693
vt 0.245013 0.783591
vt 0.244871 0.783462
vt 0.244746 0.783229
vt 0.244715 0.783025
vt 0.244834 0.782648
vt 0.245021 0.782466
vt 0.245192 0.782385
vt 0.245402 0.782354
vt 0.245582 0.782381
vt 0.245712 0.782435
vt 0.245914 0.782599
vt 0.244251 0.752441
vt 0.246083 0.782998
vt 0.246083 0.783065
vt 0.244386 0.752442
vt 0.246069 0.782960
vt 0.246076 0.782930
vt 0.244122 0.752441
vt 0.246052 0.783197
vt 0.246076 0.783133
vt 0.246063 0.783199
vt 0.244003 0.752441
vt 0.246044 0.783264
vt 0.246018 0.783327
vt 0.243899 0.752440
vt 0.243892 0.752455
vt 0.245922 0.783459
vt 0.245986 0.783387
vt 0.245948 0.783443
vt 0.245975 0.783381
vt 0.245798 0.752441
vt 0.245905 0.783495
vt 0.245857 0.783543
vt 0.245906 0.752440
vt 0.245677 0.752441
vt 0.245805 0.783586
vt 0.245748 0.783624
vt 0.245546 0.752441
vt 0.245648 0.783661
vt 0.245688 0.783656
vt 0.245626 0.783682
vt 0.245410 0.752441
vt 0.245465 0.783707
vt 0.245561 0.783702
vt 0.245494 0.783715
vt 0.245276 0.752441
vt 0.245332 0.783708
vt 0.245427 0.783721
vt 0.245359 0.783721
vt 0.245148 0.752441
vt 0.245201 0.783683
vt 0.245292 0.783715
vt 0.245225 0.783701
vt 0.245031 0.752441
vt 0.245103 0.783645
vt 0.245160 0.783682
vt 0.245098 0.783656
vt 0.244930 0.752440
vt 0.244922 0.752455
vt 0.245038 0.783624
vt 0.244982 0.783586
vt 0.243739 0.752441
vt 0.244929 0.783543
vt 0.244881 0.783495
vt 0.243846 0.752440
vt 0.243618 0.752441
vt 0.244796 0.783356
vt 0.244838 0.783443
vt 0.244801 0.783387
vt 0.243488 0.752442
vt 0.244769 0.783327
vt 0.244743 0.783264
vt 0.243353 0.752442
vt 0.244722 0.783131
vt 0.244723 0.783199
vt 0.244710 0.783133
vt 0.243218 0.752442
vt 0.243284 0.752454
vt 0.244703 0.783065
vt 0.244703 0.782997
vt 0.243090 0.752441
vt 0.244728 0.782894
vt 0.244710 0.782930
vt 0.244723 0.782864
vt 0.242972 0.752441
vt 0.244767 0.782767
vt 0.244743 0.782799
vt 0.244769 0.782736
vt 0.242869 0.752440
vt 0.242862 0.752455
vt 0.244801 0.782676
vt 0.244838 0.782620
vt 0.242712 0.752441
vt 0.244916 0.782547
vt 0.244881 0.782568
vt 0.244929 0.782520
vt 0.242816 0.752440
vt 0.242593 0.752441
vt 0.244982 0.782477
vt 0.245038 0.782439
vt 0.242464 0.752442
vt 0.245098 0.782407
vt 0.245161 0.782381
vt 0.242329 0.752442
vt 0.245294 0.782360
vt 0.245225 0.782361
vt 0.245292 0.782348
vt 0.242195 0.752442
vt 0.242261 0.752454
vt 0.245359 0.782342
vt 0.245427 0.782342
vt 0.242065 0.752441
vt 0.245495 0.782348
vt 0.245561 0.782362
vt 0.241945 0.752441
vt 0.245626 0.782381
vt 0.245689 0.782407
vt 0.241839 0.752440
vt 0.241832 0.752455
vt 0.245820 0.782503
vt 0.245748 0.782439
vt 0.245805 0.782477
vt 0.244770 0.752441
vt 0.245857 0.782520
vt 0.245905 0.782568
vt 0.244876 0.752440
vt 0.244650 0.752441
vt 0.245990 0.782707
vt 0.245948 0.782620
vt 0.245986 0.782676
vt 0.244520 0.752441
vt 0.246042 0.782829
vt 0.246018 0.782736
vt 0.246044 0.782799
vt 0.246063 0.782864
vt 0.250617 0.779432
vt 0.234930 0.766483
vt 0.252112 0.752440
vt 0.252071 0.765076
vt 0.251727 0.765092
vt 0.242176 0.766390
vt 0.251345 0.779432
vt 0.227380 0.752790
vt 0.247535 0.780205
vt 0.247190 0.779861
vt 0.235146 0.752787
vt 0.252455 0.758727
vt 0.254171 0.779855
vt 0.250617 0.773126
vt 0.222447 0.766504
vt 0.222791 0.766488
vt 0.252111 0.758743
vt 0.252026 0.766390
vt 0.242215 0.766390
vt 0.251601 0.772681
vt 0.251257 0.772697
vt 0.221079 0.752790
vt 0.234749 0.766484
vt 0.253836 0.780205
vt 0.220734 0.752446
vt 0.234414 0.766831
vt 0.242560 0.779688
vt 0.251217 0.772697
vt 0.235314 0.766499
vt 0.235658 0.766483
vt 0.251641 0.766406
vt 0.251985 0.766390
vt 0.251727 0.758786
vt 0.250191 0.752440
vt 0.251001 0.773142
vt 0.251345 0.773126
vt 0.228116 0.752787
vt 0.241790 0.752444
vt 0.247535 0.786506
vt 0.227766 0.752452
vt 0.247200 0.786853
vt 0.241445 0.752788
vt 0.250873 0.766406
vt 0.234747 0.752442
vt 0.241792 0.766431
vt 0.251217 0.766390
vt 0.222830 0.766488
vt 0.251986 0.772696
vt 0.252025 0.772695
vt 0.250920 0.752440
vt 0.251257 0.766390
vt 0.234413 0.752789
vt 0.253836 0.786506
vt 0.228113 0.766831
vt 0.223175 0.779785
vt 0.251343 0.758786
vt 0.235275 0.779781
vt 0.234930 0.779797
vt 0.252112 0.758802
vt 0.252457 0.758786
vt 0.252071 0.758746
vt 0.242176 0.779704
vt 0.250959 0.758802
vt 0.251303 0.758786
vt 0.227380 0.766098
vt 0.234812 0.766442
vt 0.237856 0.786552
vt 0.237522 0.786899
vt 0.235146 0.766095
vt 0.251687 0.765077
vt 0.220744 0.766449
vt 0.251343 0.765092
vt 0.222791 0.779801
vt 0.252455 0.765088
vt 0.251770 0.773142
vt 0.252114 0.773126
vt 0.242215 0.779704
vt 0.250959 0.752440
vt 0.221079 0.766098
vt 0.244157 0.786552
vt 0.244502 0.786896
vt 0.234414 0.780139
vt 0.251687 0.752440
vt 0.235658 0.779797
vt 0.251384 0.773126
vt 0.252072 0.752440
vt 0.250191 0.765753
vt 0.251303 0.765092
vt 0.228116 0.766095
vt 0.237856 0.780251
vt 0.241445 0.766097
vt 0.251729 0.779416
vt 0.251687 0.758747
vt 0.222830 0.779801
vt 0.251385 0.779432
vt 0.252113 0.779430
vt 0.250920 0.765753
vt 0.251303 0.758731
vt 0.250959 0.758747
vt 0.234413 0.766097
vt 0.244158 0.780251
vt 0.228113 0.780139
vt 0.244318 0.752442
vt 0.244185 0.752441
vt 0.244061 0.752441
vt 0.243949 0.752440
vt 0.245854 0.752441
vt 0.245739 0.752441
vt 0.245612 0.752441
vt 0.245478 0.752441
vt 0.245343 0.752441
vt 0.245211 0.752441
vt 0.245088 0.752441
vt 0.244978 0.752440
vt 0.243795 0.752441
vt 0.244937 0.783534
vt 0.243680 0.752441
vt 0.243554 0.752442
vt 0.243420 0.752442
vt 0.243285 0.752442
vt 0.243153 0.752441
vt 0.243029 0.752441
vt 0.242918 0.752440
vt 0.242766 0.752440
vt 0.242654 0.752441
vt 0.242530 0.752442
vt 0.245103 0.782418
vt 0.242397 0.752442
vt 0.242262 0.752442
vt 0.242129 0.752442
vt 0.245493 0.782360
vt 0.242003 0.752441
vt 0.241890 0.752441
vt 0.244825 0.752440
vt 0.244712 0.752441
vt 0.244586 0.752441
vt 0.244453 0.752442
s 1
f 25/1/1 238/2/2 26/3/3
f 23/4/4 8/5/5 10/6/6
f 17/7/7 18/8/8 24/9/9
f 25/1/1 8/10/5 11/11/10
f 22/12/11 17/13/7 26/3/3
f 27/14/12 4/15/13 5/16/14
f 18/17/8 19/18/15 28/19/16
f 29/20/17 4/21/13 7/22/18
f 19/23/15 20/24/19 30/25/20
f 31/26/21 12/27/22 14/28/23
f 21/29/24 22/30/11 32/31/25
f 33/32/26 12/33/22 15/34/27
f 20/35/19 21/36/24 34/37/28
f 38/38/29 9/39/30 36/40/31
f 11/41/32 38/38/29 37/42/33
f 39/43/34 1/44/35 2/45/36
f 42/46/37 6/47/38 40/48/39
f 5/49/40 42/46/37 43/50/41
f 50/51/42 1/52/35 3/53/43
f 49/54/44 2/55/36 44/56/45
f 48/57/46 13/58/47 46/59/48
f 15/60/49 48/57/46 47/61/50
f 80/62/51 9/63/52 23/4/4
f 24/9/9 10/6/6 17/7/7
f 238/2/2 22/12/11 26/3/3
f 26/3/3 10/64/6 25/1/1
f 28/19/16 7/65/18 27/14/12
f 30/25/20 7/22/18 19/23/15
f 216/66/53 13/67/54 31/26/21
f 32/31/25 14/28/23 21/29/24
f 34/37/28 14/68/23 33/32/26
f 223/69/55 11/41/32 37/42/33
f 74/70/56 43/50/41 41/71/57
f 75/72/58 5/49/40 43/50/41
f 133/73/59 47/61/50 39/43/34
f 37/42/33 35/74/60 50/51/42
f 41/71/57 40/48/39 49/54/44
f 76/75/61 44/76/45 50/51/42
f 249/77/62 3/78/43 39/43/34
f 24/9/9 80/62/51 23/4/4
f 18/8/8 53/79/63 24/9/9
f 5/16/14 85/80/64 27/14/12
f 36/40/31 66/81/65 35/74/60
f 9/39/30 66/81/65 36/40/31
f 32/31/25 216/66/53 31/26/21
f 22/30/11 219/82/66 32/31/25
f 50/51/42 224/83/67 248/84/68
f 46/59/48 231/85/69 45/86/70
f 13/58/47 250/87/71 46/59/48
f 56/88/72 261/89/73 259/90/74
f 87/91/75 27/14/12 85/80/64
f 95/92/76 168/93/77 93/94/78
f 80/62/51 52/95/79 51/96/80
f 82/97/81 54/98/82 53/79/63
f 56/88/72 52/99/79 81/100/83
f 54/101/82 57/102/84 84/103/85
f 85/80/64 59/104/86 58/105/87
f 88/106/88 82/107/81 87/91/75
f 89/108/89 59/109/86 60/110/90
f 90/111/91 88/112/88 61/113/92
f 91/114/93 63/115/94 62/116/95
f 57/117/84 65/118/96 64/119/97
f 93/94/78 63/120/94 92/121/98
f 65/122/96 90/123/91 95/92/76
f 51/124/99 67/125/100 66/81/65
f 67/125/100 83/126/101 69/127/102
f 66/81/65 68/128/103 96/129/104
f 102/130/105 71/131/106 70/132/107
f 60/133/108 73/134/109 72/135/110
f 73/134/109 86/136/111 75/72/58
f 96/129/104 70/137/107 76/75/61
f 101/138/112 71/139/106 100/140/113
f 62/141/114 78/142/115 98/143/116
f 78/142/115 94/144/117 79/145/118
f 77/146/119 79/145/118 97/147/120
f 53/79/63 81/148/83 80/62/51
f 57/102/84 261/89/73 84/103/85
f 81/100/83 84/103/85 56/88/72
f 82/107/81 28/19/16 87/91/75
f 58/105/87 87/91/75 85/80/64
f 61/113/92 58/149/87 89/108/89
f 62/116/95 297/150/121 91/114/93
f 64/119/97 92/151/98 91/114/93
f 92/121/98 95/92/76 93/94/78
f 69/127/102 276/152/122 68/128/103
f 83/126/101 276/152/122 69/127/102
f 74/70/56 49/54/44 99/153/123
f 94/144/117 201/154/124 79/145/118
f 79/145/118 174/155/125 97/147/120
f 74/70/56 99/153/123 72/135/110
f 68/128/103 302/156/126 96/129/104
f 49/54/44 101/138/112 99/153/123
f 35/74/60 96/129/104 50/51/42
f 192/157/127 89/108/89 190/158/128
f 260/159/129 56/88/72 259/90/74
f 285/160/130 77/146/119 284/161/131
f 298/162/132 98/143/116 285/160/130
f 147/163/133 33/32/26 145/164/134
f 104/165/135 106/166/136 105/167/137
f 136/168/138 108/169/139 107/170/140
f 137/171/141 106/172/136 135/173/142
f 108/174/139 110/175/143 139/176/144
f 111/177/145 113/178/146 112/179/147
f 142/180/148 136/181/138 141/182/149
f 114/183/150 113/184/146 115/185/151
f 143/186/152 142/187/148 116/188/153
f 117/189/154 119/190/155 118/191/156
f 110/192/143 121/193/157 120/194/158
f 145/164/134 119/195/155 144/196/159
f 121/197/157 143/198/152 147/163/133
f 105/199/160 123/200/161 149/201/162
f 123/200/161 138/202/163 124/203/164
f 150/204/165 152/205/166 125/206/167
f 115/207/168 128/208/169 127/209/170
f 128/208/169 140/210/171 129/211/172
f 148/212/173 126/213/174 130/214/175
f 151/215/176 126/216/174 152/217/166
f 118/218/177 132/219/178 131/220/179
f 132/219/178 146/221/180 134/222/181
f 105/167/137 184/223/182 104/165/135
f 107/170/140 135/224/142 104/165/135
f 110/175/143 311/225/183 139/176/144
f 135/173/142 139/176/144 137/171/141
f 112/179/147 141/182/149 111/177/145
f 115/185/151 29/20/17 114/183/150
f 116/188/153 112/226/147 114/183/150
f 120/194/158 144/227/159 117/189/154
f 143/198/152 34/37/28 147/163/133
f 144/196/159 147/163/133 145/164/134
f 129/211/172 180/228/184 103/229/185
f 140/210/171 180/228/184 129/211/172
f 134/222/181 47/61/50 133/73/59
f 146/221/180 47/61/50 134/222/181
f 124/203/164 148/212/173 122/230/186
f 103/229/185 151/215/176 127/209/170
f 130/214/175 200/231/187 148/212/173
f 150/204/165 326/232/188 336/233/189
f 152/217/166 49/54/44 151/215/176
f 186/234/190 104/165/135 184/223/182
f 155/235/191 107/170/140 186/234/190
f 161/236/192 111/177/145 160/237/193
f 199/238/194 151/215/176 202/239/195
f 202/239/195 103/229/185 180/228/184
f 185/240/196 149/201/162 171/241/197
f 30/25/20 114/183/150 29/20/17
f 20/24/19 116/188/153 30/25/20
f 15/34/27 145/164/134 33/32/26
f 6/47/38 127/209/170 40/48/39
f 2/45/36 150/204/165 39/43/34
f 151/215/176 40/48/39 127/209/170
f 351/242/198 148/212/173 353/243/199
f 347/244/200 131/220/179 333/245/201
f 111/177/145 163/246/202 160/237/193
f 184/223/182 154/247/203 153/248/204
f 187/249/205 155/235/191 186/234/190
f 157/250/206 154/251/203 158/252/207
f 188/253/208 187/254/205 159/255/209
f 160/237/193 162/256/210 161/236/192
f 155/257/191 164/258/211 163/246/202
f 190/158/128 162/259/210 189/260/212
f 164/261/211 165/262/213 192/157/127
f 193/263/214 167/264/215 166/265/216
f 196/266/217 188/267/208 195/268/218
f 168/93/77 167/269/215 169/270/219
f 165/271/213 196/272/217 170/273/220
f 172/274/221 185/240/196 171/241/197
f 158/275/222 172/274/221 197/276/223
f 174/155/125 176/277/224 175/278/225
f 179/279/226 191/280/227 178/281/228
f 161/282/229 179/279/226 180/228/184
f 200/231/187 176/283/224 198/284/230
f 202/239/195 176/285/224 199/238/194
f 182/286/231 194/287/232 181/288/233
f 169/289/234 182/286/231 201/154/124
f 186/234/190 153/248/204 187/249/205
f 159/255/209 153/290/204 157/250/206
f 141/182/149 155/257/191 163/246/202
f 163/246/202 189/291/212 160/237/193
f 89/108/89 191/292/235 190/158/128
f 192/157/127 189/260/212 164/261/211
f 398/293/236 194/294/237 193/263/214
f 195/268/218 166/265/216 196/266/217
f 170/273/220 90/123/91 165/271/213
f 170/273/220 166/295/216 168/93/77
f 374/296/238 197/276/223 173/297/239
f 374/296/238 158/275/222 197/276/223
f 79/145/118 201/154/124 183/298/240
f 173/297/239 171/241/197 200/231/187
f 180/228/184 177/299/241 202/239/195
f 174/155/125 376/300/242 198/301/230
f 99/153/123 175/302/225 202/239/195
f 165/262/213 61/113/92 192/157/127
f 169/270/219 93/94/78 168/93/77
f 178/281/228 72/135/110 177/299/241
f 191/280/227 72/135/110 178/281/228
f 177/299/241 72/135/110 202/239/195
f 175/278/225 102/130/105 174/155/125
f 158/252/207 390/303/243 157/250/206
f 198/284/230 402/304/244 200/231/187
f 204/305/245 206/306/246 205/307/247
f 235/308/248 208/309/249 207/310/250
f 236/311/251 206/312/246 234/313/252
f 208/314/249 210/315/253 238/2/2
f 211/316/254 213/317/255 212/318/256
f 241/319/257 235/320/248 240/321/258
f 242/322/259 213/323/255 214/324/260
f 243/325/261 241/326/257 215/327/262
f 216/66/53 218/328/263 217/329/264
f 210/330/253 220/331/265 219/82/66
f 245/332/266 218/333/263 244/334/267
f 220/335/265 243/336/261 247/337/268
f 205/338/269 222/339/270 221/340/271
f 222/339/270 237/341/272 223/69/55
f 254/342/273 225/343/274 224/344/67
f 214/345/275 227/346/276 226/347/277
f 227/346/276 239/348/278 229/349/279
f 248/84/68 225/350/274 230/351/280
f 253/352/281 225/353/274 252/354/282
f 217/355/283 232/356/284 250/87/71
f 232/356/284 246/357/285 233/358/286
f 205/307/247 288/359/287 204/305/245
f 207/310/250 234/360/252 204/305/245
f 234/313/252 238/2/2 236/311/251
f 212/318/256 240/321/258 211/316/254
f 215/327/262 212/361/256 242/322/259
f 219/82/66 244/362/267 216/66/53
f 244/334/267 247/337/268 245/332/266
f 223/69/55 37/42/33 203/363/288
f 229/349/279 281/364/289 228/365/290
f 239/348/278 281/364/289 229/349/279
f 233/358/286 249/77/62 231/85/69
f 203/363/288 248/84/68 221/340/271
f 228/365/290 251/366/291 226/347/277
f 230/351/280 302/156/126 248/84/68
f 249/77/62 39/43/34 45/86/70
f 290/367/292 204/305/245 288/359/287
f 257/368/293 207/310/250 290/367/292
f 263/369/294 211/316/254 262/370/295
f 274/371/296 221/340/271 273/372/297
f 289/373/298 221/340/271 274/371/296
f 11/11/10 236/311/251 25/1/1
f 50/51/42 203/363/288 37/42/33
f 211/316/254 265/374/299 262/370/295
f 371/375/300 272/376/301 270/377/302
f 288/359/287 256/378/303 255/379/304
f 291/380/305 257/368/293 290/367/292
f 259/90/74 256/381/303 260/159/129
f 292/382/306 291/383/305 261/89/73
f 262/370/295 264/384/307 263/369/294
f 257/385/293 266/386/308 265/374/299
f 294/387/309 264/388/307 293/389/310
f 266/390/308 267/391/311 296/392/312
f 297/150/121 269/393/313 268/394/314
f 300/395/315 292/396/306 299/397/316
f 270/377/302 269/398/313 271/399/317
f 267/400/311 300/401/315 272/376/301
f 275/402/318 289/373/298 274/371/296
f 260/403/319 275/402/318 276/152/122
f 276/152/122 273/372/297 302/156/126
f 303/404/320 278/405/321 277/406/322
f 280/407/323 295/408/324 279/409/325
f 263/410/326 280/407/323 281/364/289
f 304/411/327 281/364/289 282/412/328
f 302/156/126 278/413/321 301/414/329
f 304/411/327 277/415/322 283/416/330
f 286/417/331 298/162/132 285/160/130
f 271/418/332 286/417/331 287/419/333
f 290/367/292 255/379/304 291/380/305
f 261/89/73 255/420/304 259/90/74
f 240/321/258 257/385/293 265/374/299
f 265/374/299 293/421/310 262/370/295
f 296/392/312 293/389/310 266/390/308
f 299/397/316 268/394/314 300/395/315
f 272/376/301 268/422/314 270/377/302
f 251/366/291 281/364/289 304/411/327
f 386/423/334 271/418/332 287/419/333
f 355/424/335 287/419/333 303/404/320
f 97/147/120 301/425/329 303/404/320
f 283/416/330 251/366/291 304/411/327
f 273/372/297 221/340/271 302/156/126
f 296/392/312 364/426/336 294/387/309
f 299/397/316 91/114/93 297/150/121
f 292/396/306 64/119/97 299/397/316
f 301/414/329 96/129/104 302/156/126
f 137/171/141 311/225/183 309/427/337
f 320/428/338 247/337/268 322/429/339
f 337/430/340 306/431/341 305/432/342
f 340/433/343 307/434/344 339/435/345
f 309/427/337 306/436/341 310/437/346
f 341/438/347 340/439/343 311/225/183
f 312/440/348 314/441/349 313/442/350
f 307/443/344 316/444/351 315/445/352
f 343/446/353 314/447/349 342/448/354
f 316/449/351 317/450/355 345/451/356
f 346/452/357 319/453/358 318/454/359
f 349/455/360 341/456/347 348/457/361
f 320/428/338 319/458/358 321/459/362
f 317/460/355 349/461/360 322/429/339
f 324/462/363 338/463/364 323/464/365
f 310/465/366 324/462/363 350/466/367
f 326/232/188 328/467/368 327/468/369
f 331/469/370 344/470/371 330/471/372
f 313/472/373 331/469/370 332/473/374
f 353/243/199 328/474/368 351/242/198
f 354/475/375 328/476/368 352/477/376
f 334/478/377 347/244/200 333/245/201
f 321/479/378 334/478/377 335/480/379
f 387/481/380 338/482/381 337/430/340
f 339/435/345 305/432/342 340/433/343
f 311/225/183 305/483/342 309/427/337
f 315/445/352 342/484/354 312/440/348
f 242/322/259 344/485/382 343/446/353
f 345/451/356 342/448/354 316/449/351
f 346/452/357 118/191/156 347/486/383
f 348/457/361 318/454/359 349/455/360
f 247/337/268 317/460/355 322/429/339
f 322/429/339 318/487/359 320/428/338
f 124/203/164 350/466/367 325/488/384
f 124/203/164 310/465/366 350/466/367
f 380/489/385 313/472/373 332/473/374
f 233/358/286 321/479/378 335/480/379
f 335/480/379 336/233/189 326/232/188
f 332/473/374 329/490/386 354/475/375
f 381/491/387 352/492/376 353/243/199
f 402/304/244 353/243/199 323/464/365
f 251/366/291 327/493/369 354/475/375
f 339/435/345 387/481/380 337/430/340
f 307/434/344 358/494/388 339/435/345
f 313/442/350 393/495/389 312/440/348
f 352/477/376 405/496/390 354/475/375
f 332/473/374 405/496/390 380/489/385
f 338/463/364 403/497/391 323/464/365
f 345/451/356 242/322/259 343/446/353
f 317/450/355 215/327/262 345/451/356
f 321/459/362 245/332/266 320/428/338
f 330/471/372 226/347/277 329/490/386
f 344/470/371 226/347/277 330/471/372
f 327/468/369 254/342/273 326/232/188
f 348/457/361 117/189/154 346/452/357
f 310/437/346 137/171/141 309/427/337
f 341/456/347 120/194/158 348/457/361
f 333/245/201 131/220/179 336/233/189
f 392/498/392 157/250/206 390/303/243
f 395/499/393 312/440/348 393/495/389
f 387/481/380 357/500/394 356/501/395
f 389/502/396 359/503/397 358/494/388
f 390/303/243 357/504/394 388/505/398
f 359/506/397 361/507/399 392/498/392
f 393/495/389 363/508/400 362/509/401
f 396/510/402 389/511/396 395/499/393
f 364/426/336 363/512/400 365/513/403
f 397/514/404 396/515/402 366/516/405
f 398/293/236 368/517/406 367/518/407
f 361/519/399 370/520/408 369/521/409
f 371/375/300 368/522/406 399/523/410
f 370/524/408 397/525/404 401/526/411
f 356/527/412 373/528/413 403/497/391
f 373/528/413 391/529/414 374/296/238
f 404/530/415 406/531/416 375/532/417
f 375/532/417 377/533/418 376/300/242
f 365/534/419 379/535/420 407/536/421
f 379/535/420 394/537/422 380/489/385
f 402/304/244 376/538/242 381/491/387
f 381/491/387 377/539/418 382/540/423
f 405/496/390 382/541/423 383/542/424
f 383/542/424 377/543/418 406/544/416
f 367/545/425 385/546/426 384/547/427
f 385/546/426 400/548/428 386/423/334
f 358/494/388 388/549/398 387/481/380
f 361/507/399 159/255/209 392/498/392
f 388/505/398 392/498/392 390/303/243
f 389/511/396 315/445/352 395/499/393
f 362/509/401 395/499/393 393/495/389
f 365/513/403 294/387/309 364/426/336
f 366/516/405 362/550/401 364/426/336
f 369/521/409 399/551/410 398/293/236
f 397/525/404 272/376/301 401/526/411
f 399/523/410 401/526/411 371/375/300
f 386/423/334 287/419/333 355/424/335
f 374/296/238 402/304/244 372/552/429
f 406/544/416 304/411/327 383/542/424
f 267/391/311 366/516/405 296/392/312
f 271/399/317 371/375/300 270/377/302
f 279/409/325 378/553/430 282/412/328
f 295/408/324 407/536/421 279/409/325
f 277/406/322 404/530/415 303/404/320
f 195/268/218 398/293/236 193/263/214
f 188/267/208 369/521/409 195/268/218
f 181/288/233 367/545/425 384/547/427
f 475/554/431 468/555/432 428/556/433
f 428/556/433 408/557/434 409/558/435
f 485/559/436 484/560/437 429/561/438
f 429/561/438 410/562/439 411/563/440
f 461/564/441 462/565/442 430/566/443
f 430/566/443 413/567/444 414/568/445
f 476/569/446 477/570/447 431/571/448
f 431/571/448 416/572/449 417/573/450
f 472/574/451 473/575/452 432/576/453
f 432/576/453 419/577/454 420/578/455
f 465/579/456 466/580/457 433/581/458
f 433/581/458 422/582/459 423/583/460
f 480/584/461 487/585/462 434/586/463
f 434/586/463 424/587/464 425/588/465
f 481/589/466 470/590/467 435/591/468
f 435/591/468 426/592/469 427/593/470
f 467/594/471 452/595/472 436/596/473
f 436/596/473 408/597/434 468/598/432
f 460/599/474 417/600/450 437/601/475
f 437/601/475 416/602/449 418/603/476
f 453/604/477 459/605/478 438/606/479
f 438/606/479 422/607/459 466/608/457
f 471/609/480 420/610/455 439/611/481
f 439/611/481 419/612/454 421/613/482
f 478/614/483 418/615/476 440/616/484
f 440/616/484 416/617/449 477/618/447
f 486/619/485 414/620/445 441/621/486
f 441/621/486 413/622/444 415/623/487
f 458/624/488 457/625/489 442/626/490
f 442/626/490 424/627/464 487/628/462
f 479/629/491 423/630/460 443/631/492
f 443/631/492 422/632/459 459/633/478
f 463/634/493 415/635/487 444/636/494
f 444/636/494 413/637/444 462/638/442
f 469/639/495 411/640/440 445/641/496
f 445/641/496 410/642/439 412/643/497
f 456/644/498 455/645/499 446/646/500
f 446/646/500 426/647/469 470/648/467
f 464/649/501 425/650/465 447/651/502
f 447/651/502 424/652/464 457/653/489
f 483/654/503 412/655/497 448/656/504
f 448/656/504 410/657/439 484/658/437
f 474/659/505 409/660/435 449/661/506
f 449/661/506 408/662/434 452/663/472
f 454/664/507 421/665/482 450/666/508
f 450/666/508 419/667/454 473/668/452
f 482/669/509 427/670/470 451/671/510
f 451/671/510 426/672/469 455/673/499
f 439/611/481 452/595/472 467/594/471
f 443/631/492 418/615/476 478/614/483
f 447/651/502 415/635/487 463/634/493
f 451/671/510 412/655/497 483/654/503
f 437/601/475 459/605/478 453/604/477
f 441/621/486 457/625/489 458/624/488
f 445/641/496 455/645/499 456/644/498
f 449/661/506 421/665/482 454/664/507
f 429/561/438 462/565/442 461/564/441
f 432/576/453 466/580/457 465/579/456
f 436/596/473 417/600/450 460/599/474
f 446/646/500 425/650/465 464/649/501
f 471/609/480 460/599/474 453/604/477
f 431/571/448 468/555/432 475/554/431
f 434/586/463 470/590/467 481/589/466
f 438/606/479 420/610/455 471/609/480
f 444/636/494 411/640/440 469/639/495
f 464/649/501 469/639/495 456/644/498
f 430/566/443 477/570/447 476/569/446
f 435/591/468 473/575/452 472/574/451
f 442/626/490 423/630/460 479/629/491
f 448/656/504 409/660/435 474/659/505
f 482/669/509 474/659/505 454/664/507
f 480/584/461 472/574/451 465/579/456
f 428/556/433 484/560/437 485/559/436
f 433/581/458 487/585/462 480/584/461
f 440/616/484 414/620/445 486/619/485
f 450/666/508 427/670/470 482/669/509
f 479/629/491 486/619/485 458/624/488
f 476/569/446 485/559/436 461/564/441
f 520/674/511 555/675/512 488/676/513
f 520/674/511 570/677/514 640/678/515
f 521/679/516 570/677/514 489/680/517
f 490/681/518 643/682/519 521/679/516
f 522/683/520 572/684/521 490/681/518
f 491/685/522 645/686/523 522/683/520
f 523/687/524 575/688/525 491/685/522
f 492/689/526 647/690/527 523/687/524
f 524/691/528 577/692/529 492/693/526
f 493/694/530 650/695/531 524/691/528
f 525/696/532 579/697/533 493/694/530
f 494/698/534 653/699/535 525/696/532
f 526/700/536 581/701/537 494/698/534
f 495/702/538 655/703/539 526/700/536
f 527/704/540 583/705/541 495/702/538
f 496/706/542 657/707/543 527/704/540
f 528/708/544 586/709/545 496/706/542
f 528/708/544 588/710/546 660/711/547
f 529/712/548 588/710/546 497/713/549
f 498/714/550 663/715/551 529/712/548
f 530/716/552 590/717/553 498/714/550
f 499/718/554 666/719/555 530/716/552
f 531/720/556 592/721/557 499/718/554
f 500/722/558 669/723/559 531/720/556
f 532/724/560 595/725/561 500/726/558
f 501/727/562 671/728/563 532/724/560
f 533/729/564 597/730/565 501/727/562
f 502/731/566 674/732/567 533/729/564
f 534/733/568 599/734/569 502/731/566
f 503/735/570 677/736/571 534/733/568
f 535/737/572 601/738/573 503/735/570
f 504/739/574 680/740/575 535/737/572
f 504/739/574 552/741/576 603/742/577
f 505/743/578 552/741/576 536/744/579
f 537/745/580 606/746/581 505/743/578
f 537/745/580 608/747/582 685/748/583
f 538/749/584 608/747/582 506/750/585
f 507/751/586 687/752/587 538/749/584
f 539/753/588 611/754/589 507/751/586
f 508/755/590 689/756/591 539/753/588
f 540/757/592 614/758/593 508/759/590
f 509/760/594 691/761/595 540/757/592
f 541/762/596 616/763/597 509/760/594
f 510/764/598 693/765/599 541/762/596
f 542/766/600 619/767/601 510/764/598
f 511/768/602 695/769/603 542/766/600
f 543/770/604 621/771/605 511/768/602
f 512/772/606 698/773/607 543/770/604
f 512/772/606 553/774/608 623/775/609
f 513/776/610 553/774/608 544/777/611
f 545/778/612 626/779/613 513/776/610
f 514/780/614 703/781/615 545/778/612
f 546/782/616 628/783/617 514/780/614
f 515/784/618 706/785/619 546/782/616
f 547/786/620 630/787/621 515/784/618
f 516/788/622 708/789/623 547/786/620
f 548/790/624 632/791/625 516/792/622
f 517/793/626 711/794/627 548/790/624
f 549/795/628 634/796/629 517/793/626
f 518/797/630 714/798/631 549/795/628
f 550/799/632 636/800/633 518/797/630
f 519/801/634 717/802/635 550/799/632
f 551/803/636 638/804/637 519/801/634
f 488/676/513 568/805/638 551/803/636
f 557/806/639 554/807/640 559/808/641
f 557/806/639 559/808/641 560/809/642
f 557/806/639 560/809/642 561/810/643
f 557/806/639 561/810/643 562/811/644
f 557/806/639 562/811/644 659/812/645
f 557/806/639 659/812/645 563/813/646
f 557/806/639 563/813/646 564/814/647
f 557/806/639 564/814/647 676/815/648
f 557/806/639 676/815/648 682/816/649
f 557/806/639 682/816/649 556/817/650
f 557/806/639 565/818/651 558/819/652
f 557/806/639 558/819/652 700/820/653
f 557/806/639 700/820/653 566/821/654
f 557/806/639 566/821/654 567/822/655
f 557/806/639 567/822/655 710/823/656
f 557/806/639 710/823/656 716/824/657
f 557/806/639 716/824/657 554/807/640
f 571/825/658 640/678/515 570/677/514
f 559/808/641 641/826/659 571/827/658
f 640/678/515 569/828/660 555/675/512
f 641/826/659 642/829/661 569/830/660
f 573/831/662 643/682/519 572/684/521
f 574/832/663 644/833/664 573/834/662
f 560/809/642 559/808/641 574/832/663
f 643/682/519 571/825/658 570/677/514
f 644/833/664 559/808/641 571/827/658
f 576/835/665 645/686/523 575/688/525
f 560/809/642 646/836/666 576/837/665
f 645/686/523 573/831/662 572/684/521
f 646/836/666 574/832/663 573/834/662
f 578/838/667 647/690/527 577/839/529
f 652/840/668 648/841/669 578/842/667
f 561/810/643 649/843/670 652/840/668
f 647/690/527 576/835/665 575/688/525
f 648/841/669 560/809/642 576/837/665
f 580/844/671 650/695/531 579/697/533
f 561/810/643 651/845/672 580/846/671
f 650/695/531 578/847/667 577/692/529
f 651/845/672 652/840/668 578/842/667
f 582/848/673 653/699/535 581/701/537
f 562/811/644 654/849/674 582/850/673
f 653/699/535 580/844/671 579/697/533
f 654/849/674 561/810/643 580/846/671
f 584/851/675 655/703/539 583/705/541
f 585/852/676 656/853/677 584/854/675
f 655/703/539 582/848/673 581/701/537
f 656/853/677 562/811/644 582/850/673
f 587/855/678 657/707/543 586/709/545
f 662/856/679 658/857/680 587/858/678
f 657/707/543 584/851/675 583/705/541
f 658/857/680 585/852/676 584/854/675
f 589/859/681 660/711/547 588/710/546
f 665/860/682 661/861/683 589/862/681
f 563/813/646 662/856/679 665/860/682
f 660/711/547 587/855/678 586/709/545
f 661/861/683 662/856/679 587/858/678
f 591/863/684 663/715/551 590/717/553
f 668/864/685 664/865/686 591/866/684
f 563/813/646 665/860/682 668/864/685
f 663/715/551 589/859/681 588/710/546
f 664/865/686 665/860/682 589/862/681
f 593/867/687 666/719/555 592/721/557
f 594/868/688 667/869/689 593/870/687
f 564/814/647 668/864/685 594/868/688
f 666/719/555 591/863/684 590/717/553
f 667/869/689 668/864/685 591/866/684
f 596/871/690 669/723/559 595/872/561
f 564/814/647 670/873/691 596/874/690
f 669/723/559 593/867/687 592/721/557
f 670/873/691 594/868/688 593/870/687
f 598/875/692 671/728/563 597/730/565
f 676/815/648 672/876/693 598/877/692
f 671/728/563 596/878/690 595/725/561
f 672/876/693 564/814/647 596/874/690
f 600/879/694 674/732/567 599/734/569
f 679/880/695 675/881/696 600/882/694
f 674/732/567 598/875/692 597/730/565
f 675/881/696 676/815/648 598/877/692
f 602/883/697 677/736/571 601/738/573
f 682/816/649 678/884/698 602/885/697
f 677/736/571 600/879/694 599/734/569
f 678/884/698 679/880/695 600/882/694
f 604/886/699 680/740/575 603/742/577
f 605/887/700 681/888/701 604/889/699
f 680/740/575 602/883/697 601/738/573
f 681/888/701 682/816/649 602/885/697
f 607/890/702 683/891/703 606/746/581
f 556/817/650 684/892/704 607/893/702
f 683/891/703 604/886/699 603/742/577
f 684/892/704 605/887/700 604/889/699
f 556/817/650 682/816/649 605/887/700
f 609/894/705 685/748/583 608/747/582
f 610/895/706 686/896/707 609/897/705
f 685/748/583 607/890/702 606/746/581
f 686/896/707 556/817/650 607/893/702
f 612/898/708 687/752/587 611/754/589
f 613/899/709 688/900/710 612/901/708
f 687/752/587 609/894/705 608/747/582
f 688/900/710 610/895/706 609/897/705
f 613/899/709 557/806/639 610/895/706
f 615/902/711 689/756/591 614/903/593
f 565/818/651 690/904/712 615/905/711
f 689/756/591 612/898/708 611/754/589
f 690/904/712 613/899/709 612/901/708
f 565/818/651 557/806/639 613/899/709
f 617/906/713 691/761/595 616/763/597
f 618/907/714 692/908/715 617/909/713
f 691/761/595 615/910/711 614/758/593
f 692/908/715 565/818/651 615/905/711
f 620/911/716 693/765/599 619/767/601
f 558/819/652 694/912/717 620/913/716
f 693/765/599 617/906/713 616/763/597
f 694/912/717 618/907/714 617/909/713
f 622/914/718 695/769/603 621/771/605
f 700/820/653 696/915/719 622/916/718
f 695/769/603 620/911/716 619/767/601
f 696/915/719 558/819/652 620/913/716
f 624/917/720 698/773/607 623/775/609
f 625/918/721 699/919/722 624/920/720
f 698/773/607 622/914/718 621/771/605
f 699/919/722 700/820/653 622/916/718
f 627/921/723 701/922/724 626/779/613
f 566/821/654 702/923/725 627/924/723
f 701/922/724 624/917/720 623/775/609
f 702/923/725 625/918/721 624/920/720
f 566/821/654 700/820/653 625/918/721
f 629/925/726 703/781/615 628/783/617
f 567/822/655 704/926/727 629/927/726
f 703/781/615 627/921/723 626/779/613
f 704/926/727 566/821/654 627/924/723
f 631/928/728 706/785/619 630/787/621
f 710/823/656 707/929/729 631/930/728
f 706/785/619 629/925/726 628/783/617
f 707/929/729 567/822/655 629/927/726
f 633/931/730 708/789/623 632/932/625
f 713/933/731 709/934/732 633/935/730
f 708/789/623 631/928/728 630/787/621
f 709/934/732 710/823/656 631/930/728
f 635/936/733 711/794/627 634/796/629
f 716/824/657 712/937/734 635/938/733
f 711/794/627 633/939/730 632/791/625
f 712/937/734 713/933/731 633/935/730
f 637/940/735 714/798/631 636/800/633
f 719/941/736 715/942/737 637/943/735
f 714/798/631 635/936/733 634/796/629
f 715/942/737 716/824/657 635/938/733
f 639/944/738 717/802/635 638/804/637
f 720/945/739 718/946/740 639/947/738
f 554/807/640 719/941/736 720/945/739
f 717/802/635 637/940/735 636/800/633
f 718/946/740 719/941/736 637/943/735
f 569/828/660 568/805/638 555/675/512
f 642/829/661 721/948/741 569/830/660
f 554/807/640 720/945/739 642/829/661
f 568/805/638 639/944/738 638/804/637
f 721/948/741 720/945/739 639/947/738
f 25/1/1 236/311/251 238/2/2
f 23/4/4 9/63/52 8/5/5
f 17/7/7 16/949/742 18/8/8
f 25/1/1 10/64/6 8/10/5
f 22/12/11 16/950/742 17/13/7
f 27/14/12 7/65/18 4/15/13
f 18/17/8 16/951/742 19/18/15
f 29/20/17 6/952/743 4/21/13
f 19/23/15 16/953/742 20/24/19
f 31/26/21 13/67/54 12/27/22
f 21/29/24 16/954/742 22/30/11
f 33/32/26 14/68/23 12/33/22
f 20/35/19 16/955/742 21/36/24
f 35/74/60 38/38/29 36/40/31
f 38/38/29 8/956/744 9/39/30
f 37/42/33 38/38/29 35/74/60
f 11/41/32 8/956/744 38/38/29
f 39/43/34 3/78/43 1/44/35
f 41/71/57 42/46/37 40/48/39
f 42/46/37 4/957/745 6/47/38
f 43/50/41 42/46/37 41/71/57
f 5/49/40 4/957/745 42/46/37
f 50/51/42 44/76/45 1/52/35
f 44/56/45 2/55/36 1/958/35
f 45/86/70 48/57/46 46/59/48
f 48/57/46 12/959/746 13/58/47
f 47/61/50 48/57/46 45/86/70
f 15/60/49 12/959/746 48/57/46
f 47/61/50 45/86/70 39/43/34
f 80/62/51 51/96/80 9/63/52
f 24/9/9 23/4/4 10/6/6
f 238/2/2 210/315/253 22/12/11
f 26/3/3 17/13/7 10/64/6
f 28/19/16 19/18/15 7/65/18
f 30/25/20 29/20/17 7/22/18
f 216/66/53 217/329/264 13/67/54
f 32/31/25 31/26/21 14/28/23
f 34/37/28 21/36/24 14/68/23
f 223/69/55 237/341/272 11/41/32
f 74/70/56 75/72/58 43/50/41
f 75/72/58 86/136/111 5/49/40
f 96/129/104 76/75/61 50/51/42
f 249/77/62 224/344/67 3/78/43
f 24/9/9 53/79/63 80/62/51
f 18/8/8 82/97/81 53/79/63
f 5/16/14 86/960/747 85/80/64
f 44/56/45 76/961/61 101/138/112
f 9/39/30 51/124/99 66/81/65
f 39/43/34 150/204/165 133/73/59
f 32/31/25 219/82/66 216/66/53
f 22/30/11 210/330/253 219/82/66
f 50/51/42 3/53/43 224/83/67
f 46/59/48 250/87/71 231/85/69
f 13/58/47 217/355/283 250/87/71
f 45/86/70 231/85/69 249/77/62
f 56/88/72 84/103/85 261/89/73
f 87/91/75 28/19/16 27/14/12
f 95/92/76 170/273/220 168/93/77
f 80/62/51 81/148/83 52/95/79
f 82/97/81 55/962/748 54/98/82
f 56/88/72 83/963/749 52/99/79
f 54/101/82 55/964/748 57/102/84
f 85/80/64 86/960/747 59/104/86
f 88/106/88 55/965/748 82/107/81
f 89/108/89 58/149/87 59/109/86
f 90/111/91 55/966/748 88/112/88
f 91/114/93 92/151/98 63/115/94
f 57/117/84 55/967/748 65/118/96
f 93/94/78 94/968/750 63/120/94
f 65/122/96 55/969/748 90/123/91
f 66/81/65 67/125/100 68/128/103
f 51/124/99 52/970/751 67/125/100
f 68/128/103 67/125/100 69/127/102
f 67/125/100 52/970/751 83/126/101
f 97/147/120 102/130/105 70/132/107
f 102/130/105 100/971/113 71/131/106
f 72/135/110 73/134/109 74/70/56
f 60/133/108 59/972/752 73/134/109
f 74/70/56 73/134/109 75/72/58
f 73/134/109 59/972/752 86/136/111
f 76/75/61 70/137/107 71/973/106
f 99/153/123 101/138/112 100/140/113
f 101/138/112 76/961/61 71/139/106
f 98/143/116 78/142/115 77/146/119
f 62/141/114 63/974/753 78/142/115
f 77/146/119 78/142/115 79/145/118
f 78/142/115 63/974/753 94/144/117
f 53/79/63 54/98/82 81/148/83
f 57/102/84 292/382/306 261/89/73
f 81/100/83 54/101/82 84/103/85
f 82/107/81 18/17/8 28/19/16
f 58/105/87 88/106/88 87/91/75
f 61/113/92 88/112/88 58/149/87
f 62/116/95 298/975/754 297/150/121
f 64/119/97 65/118/96 92/151/98
f 92/121/98 65/122/96 95/92/76
f 83/126/101 260/403/319 276/152/122
f 74/70/56 41/71/57 49/54/44
f 94/144/117 169/289/234 201/154/124
f 79/145/118 183/298/240 174/155/125
f 97/147/120 303/404/320 284/161/131
f 68/128/103 276/152/122 302/156/126
f 49/54/44 44/56/45 101/138/112
f 35/74/60 66/81/65 96/129/104
f 192/157/127 61/113/92 89/108/89
f 174/155/125 102/130/105 97/147/120
f 260/159/129 83/963/749 56/88/72
f 285/160/130 98/143/116 77/146/119
f 298/162/132 62/141/114 98/143/116
f 147/163/133 34/37/28 33/32/26
f 104/165/135 135/224/142 106/166/136
f 136/168/138 109/976/755 108/169/139
f 137/171/141 138/977/756 106/172/136
f 108/174/139 109/978/755 110/175/143
f 111/177/145 140/979/757 113/178/146
f 142/180/148 109/980/755 136/181/138
f 114/183/150 112/226/147 113/184/146
f 143/186/152 109/981/755 142/187/148
f 117/189/154 144/227/159 119/190/155
f 110/192/143 109/982/755 121/193/157
f 145/164/134 146/983/758 119/195/155
f 121/197/157 109/984/755 143/198/152
f 149/201/162 123/200/161 122/230/186
f 105/199/160 106/985/759 123/200/161
f 122/230/186 123/200/161 124/203/164
f 123/200/161 106/985/759 138/202/163
f 125/206/167 152/205/166 126/986/174
f 127/209/170 128/208/169 103/229/185
f 115/207/168 113/987/760 128/208/169
f 103/229/185 128/208/169 129/211/172
f 128/208/169 113/987/760 140/210/171
f 148/212/173 125/988/167 126/213/174
f 151/215/176 130/989/175 126/216/174
f 131/220/179 132/219/178 133/73/59
f 118/218/177 119/990/761 132/219/178
f 133/73/59 132/219/178 134/222/181
f 132/219/178 119/990/761 146/221/180
f 131/220/179 133/73/59 150/204/165
f 105/167/137 185/991/762 184/223/182
f 107/170/140 108/169/139 135/224/142
f 110/175/143 341/438/347 311/225/183
f 135/173/142 108/174/139 139/176/144
f 112/179/147 142/180/148 141/182/149
f 115/185/151 6/952/743 29/20/17
f 116/188/153 142/187/148 112/226/147
f 120/194/158 121/193/157 144/227/159
f 143/198/152 20/35/19 34/37/28
f 144/196/159 121/197/157 147/163/133
f 124/203/164 325/488/384 353/243/199
f 140/210/171 161/282/229 180/228/184
f 146/221/180 15/60/49 47/61/50
f 130/214/175 199/992/194 200/231/187
f 148/212/173 200/231/187 171/241/197
f 125/206/167 351/993/198 326/232/188
f 152/217/166 2/55/36 49/54/44
f 151/215/176 49/54/44 40/48/39
f 186/234/190 107/170/140 104/165/135
f 155/235/191 136/168/138 107/170/140
f 161/236/192 140/979/757 111/177/145
f 199/238/194 130/989/175 151/215/176
f 202/239/195 151/215/176 103/229/185
f 171/241/197 149/201/162 122/230/186
f 185/240/196 105/199/160 149/201/162
f 30/25/20 116/188/153 114/183/150
f 20/24/19 143/186/152 116/188/153
f 15/34/27 146/983/758 145/164/134
f 6/47/38 115/207/168 127/209/170
f 2/45/36 152/205/166 150/204/165
f 351/242/198 125/988/167 148/212/173
f 347/244/200 118/218/177 131/220/179
f 336/233/189 131/220/179 150/204/165
f 111/177/145 141/182/149 163/246/202
f 184/223/182 185/991/762 154/247/203
f 187/249/205 156/994/763 155/235/191
f 157/250/206 153/290/204 154/251/203
f 188/253/208 156/995/763 187/254/205
f 160/237/193 189/291/212 162/256/210
f 155/257/191 156/996/763 164/258/211
f 190/158/128 191/292/235 162/259/210
f 164/261/211 156/997/763 165/262/213
f 193/263/214 194/294/237 167/264/215
f 196/266/217 156/998/763 188/267/208
f 168/93/77 166/295/216 167/269/215
f 165/271/213 156/999/763 196/272/217
f 173/297/239 172/274/221 171/241/197
f 172/274/221 154/1000/764 185/240/196
f 197/276/223 172/274/221 173/297/239
f 158/275/222 154/1000/764 172/274/221
f 174/155/125 198/301/230 176/277/224
f 177/299/241 179/279/226 178/281/228
f 179/279/226 162/1001/765 191/280/227
f 180/228/184 179/279/226 177/299/241
f 161/282/229 162/1001/765 179/279/226
f 200/231/187 199/992/194 176/283/224
f 202/239/195 175/302/225 176/285/224
f 183/298/240 182/286/231 181/288/233
f 182/286/231 167/1002/766 194/287/232
f 201/154/124 182/286/231 183/298/240
f 169/289/234 167/1002/766 182/286/231
f 174/155/125 183/298/240 181/288/233
f 186/234/190 184/223/182 153/248/204
f 159/255/209 187/254/205 153/290/204
f 141/182/149 136/181/138 155/257/191
f 163/246/202 164/258/211 189/291/212
f 89/108/89 60/110/90 191/292/235
f 192/157/127 190/158/128 189/260/212
f 398/293/236 367/518/407 194/294/237
f 195/268/218 193/263/214 166/265/216
f 170/273/220 95/92/76 90/123/91
f 170/273/220 196/272/217 166/295/216
f 374/296/238 391/529/414 158/275/222
f 404/530/415 375/532/417 174/155/125
f 174/155/125 375/532/417 376/300/242
f 99/153/123 100/140/113 175/302/225
f 72/135/110 99/153/123 202/239/195
f 171/241/197 122/230/186 148/212/173
f 165/262/213 90/111/91 61/113/92
f 169/270/219 94/968/750 93/94/78
f 191/280/227 60/133/108 72/135/110
f 175/278/225 100/971/113 102/130/105
f 158/252/207 391/1003/767 390/303/243
f 198/284/230 376/538/242 402/304/244
f 204/305/245 234/360/252 206/306/246
f 235/308/248 209/1004/768 208/309/249
f 236/311/251 237/1005/769 206/312/246
f 208/314/249 209/1006/768 210/315/253
f 211/316/254 239/1007/770 213/317/255
f 241/319/257 209/1008/768 235/320/248
f 242/322/259 212/361/256 213/323/255
f 243/325/261 209/1009/768 241/326/257
f 216/66/53 244/362/267 218/328/263
f 210/330/253 209/1010/768 220/331/265
f 245/332/266 246/1011/771 218/333/263
f 220/335/265 209/1012/768 243/336/261
f 221/340/271 222/339/270 203/363/288
f 205/338/269 206/1013/772 222/339/270
f 203/363/288 222/339/270 223/69/55
f 222/339/270 206/1013/772 237/341/272
f 249/77/62 254/342/273 224/344/67
f 254/342/273 252/1014/282 225/343/274
f 226/347/277 227/346/276 228/365/290
f 214/345/275 213/1015/773 227/346/276
f 228/365/290 227/346/276 229/349/279
f 227/346/276 213/1015/773 239/348/278
f 248/84/68 224/83/67 225/350/274
f 251/366/291 253/352/281 252/354/282
f 253/352/281 230/1016/280 225/353/274
f 250/87/71 232/356/284 231/85/69
f 217/355/283 218/1017/774 232/356/284
f 231/85/69 232/356/284 233/358/286
f 232/356/284 218/1017/774 246/357/285
f 205/307/247 289/1018/775 288/359/287
f 207/310/250 208/309/249 234/360/252
f 234/313/252 208/314/249 238/2/2
f 212/318/256 241/319/257 240/321/258
f 215/327/262 241/326/257 212/361/256
f 219/82/66 220/331/265 244/362/267
f 244/334/267 220/335/265 247/337/268
f 239/348/278 263/410/326 281/364/289
f 230/351/280 283/1019/330 302/156/126
f 290/367/292 207/310/250 204/305/245
f 257/368/293 235/308/248 207/310/250
f 263/369/294 239/1007/770 211/316/254
f 283/416/330 230/1016/280 253/352/281
f 289/373/298 205/338/269 221/340/271
f 326/232/188 249/77/62 233/358/286
f 11/11/10 237/1005/769 236/311/251
f 50/51/42 248/84/68 203/363/288
f 211/316/254 240/321/258 265/374/299
f 371/375/300 401/526/411 272/376/301
f 288/359/287 289/1018/775 256/378/303
f 291/380/305 258/1020/776 257/368/293
f 259/90/74 255/420/304 256/381/303
f 292/382/306 258/1021/776 291/383/305
f 262/370/295 293/421/310 264/384/307
f 257/385/293 258/1022/776 266/386/308
f 294/387/309 295/1023/777 264/388/307
f 266/390/308 258/1024/776 267/391/311
f 297/150/121 298/975/754 269/393/313
f 300/395/315 258/1025/776 292/396/306
f 270/377/302 268/422/314 269/398/313
f 267/400/311 258/1026/776 300/401/315
f 273/372/297 275/402/318 274/371/296
f 275/402/318 256/1027/778 289/373/298
f 276/152/122 275/402/318 273/372/297
f 260/403/319 256/1027/778 275/402/318
f 303/404/320 301/425/329 278/405/321
f 282/412/328 280/407/323 279/409/325
f 280/407/323 264/1028/779 295/408/324
f 281/364/289 280/407/323 282/412/328
f 263/410/326 264/1028/779 280/407/323
f 302/156/126 283/1019/330 278/413/321
f 283/416/330 277/415/322 278/1029/321
f 284/161/131 286/417/331 285/160/130
f 286/417/331 269/1030/780 298/162/132
f 287/419/333 286/417/331 284/161/131
f 271/418/332 269/1030/780 286/417/331
f 287/419/333 284/161/131 303/404/320
f 290/367/292 288/359/287 255/379/304
f 261/89/73 291/383/305 255/420/304
f 240/321/258 235/320/248 257/385/293
f 265/374/299 266/386/308 293/421/310
f 296/392/312 294/387/309 293/389/310
f 299/397/316 297/150/121 268/394/314
f 272/376/301 300/401/315 268/422/314
f 251/366/291 228/365/290 281/364/289
f 386/423/334 400/548/428 271/418/332
f 97/147/120 70/132/107 301/425/329
f 405/496/390 383/542/424 304/411/327
f 302/156/126 221/340/271 248/84/68
f 283/416/330 253/352/281 251/366/291
f 296/392/312 366/516/405 364/426/336
f 299/397/316 64/119/97 91/114/93
f 284/161/131 77/146/119 97/147/120
f 292/396/306 57/117/84 64/119/97
f 301/414/329 70/137/107 96/129/104
f 137/171/141 139/176/144 311/225/183
f 320/428/338 245/332/266 247/337/268
f 326/232/188 233/358/286 335/480/379
f 337/430/340 338/482/381 306/431/341
f 340/433/343 308/1031/781 307/434/344
f 309/427/337 305/483/342 306/436/341
f 341/438/347 308/1032/781 340/439/343
f 312/440/348 342/484/354 314/441/349
f 307/443/344 308/1033/781 316/444/351
f 343/446/353 344/485/382 314/447/349
f 316/449/351 308/1034/781 317/450/355
f 346/452/357 347/486/383 319/453/358
f 349/455/360 308/1035/781 341/456/347
f 320/428/338 318/487/359 319/458/358
f 317/460/355 308/1036/781 349/461/360
f 325/488/384 324/462/363 323/464/365
f 324/462/363 306/1037/782 338/463/364
f 350/466/367 324/462/363 325/488/384
f 310/465/366 306/1037/782 324/462/363
f 353/243/199 325/488/384 323/464/365
f 326/232/188 351/993/198 328/467/368
f 329/490/386 331/469/370 330/471/372
f 331/469/370 314/1038/783 344/470/371
f 332/473/374 331/469/370 329/490/386
f 313/472/373 314/1038/783 331/469/370
f 353/243/199 352/492/376 328/474/368
f 354/475/375 327/493/369 328/476/368
f 336/233/189 334/478/377 333/245/201
f 334/478/377 319/1039/784 347/244/200
f 335/480/379 334/478/377 336/233/189
f 321/479/378 319/1039/784 334/478/377
f 387/481/380 356/501/395 338/482/381
f 339/435/345 337/430/340 305/432/342
f 311/225/183 340/439/343 305/483/342
f 315/445/352 316/444/351 342/484/354
f 242/322/259 214/324/260 344/485/382
f 345/451/356 343/446/353 342/448/354
f 346/452/357 117/189/154 118/191/156
f 348/457/361 346/452/357 318/454/359
f 247/337/268 243/336/261 317/460/355
f 322/429/339 349/461/360 318/487/359
f 124/203/164 138/202/163 310/465/366
f 380/489/385 394/537/422 313/472/373
f 233/358/286 246/357/285 321/479/378
f 402/304/244 381/491/387 353/243/199
f 381/491/387 382/540/423 352/492/376
f 150/204/165 125/206/167 326/232/188
f 251/366/291 252/354/282 327/493/369
f 226/347/277 251/366/291 354/475/375
f 339/435/345 358/494/388 387/481/380
f 307/434/344 389/502/396 358/494/388
f 313/442/350 394/1040/785 393/495/389
f 352/477/376 382/541/423 405/496/390
f 332/473/374 354/475/375 405/496/390
f 323/464/365 403/497/391 372/552/429
f 338/463/364 356/527/412 403/497/391
f 345/451/356 215/327/262 242/322/259
f 317/450/355 243/325/261 215/327/262
f 321/459/362 246/1011/771 245/332/266
f 344/470/371 214/345/275 226/347/277
f 326/232/188 254/342/273 249/77/62
f 327/468/369 252/1014/282 254/342/273
f 226/347/277 354/475/375 329/490/386
f 348/457/361 120/194/158 117/189/154
f 310/437/346 138/977/756 137/171/141
f 341/456/347 110/192/143 120/194/158
f 353/243/199 148/212/173 124/203/164
f 392/498/392 159/255/209 157/250/206
f 395/499/393 315/445/352 312/440/348
f 387/481/380 388/549/398 357/500/394
f 389/502/396 360/1041/454 359/503/397
f 390/303/243 391/1003/767 357/504/394
f 359/506/397 360/1042/454 361/507/399
f 393/495/389 394/1040/785 363/508/400
f 396/510/402 360/1043/454 389/511/396
f 364/426/336 362/550/401 363/512/400
f 397/514/404 360/1044/454 396/515/402
f 398/293/236 399/551/410 368/517/406
f 361/519/399 360/1045/454 370/520/408
f 371/375/300 400/1046/786 368/522/406
f 370/524/408 360/1047/454 397/525/404
f 403/497/391 373/528/413 372/552/429
f 356/527/412 357/1048/787 373/528/413
f 372/552/429 373/528/413 374/296/238
f 373/528/413 357/1048/787 391/529/414
f 375/532/417 406/531/416 377/533/418
f 407/536/421 379/535/420 378/553/430
f 365/534/419 363/1049/788 379/535/420
f 378/553/430 379/535/420 380/489/385
f 379/535/420 363/1049/788 394/537/422
f 405/496/390 378/553/430 380/489/385
f 381/491/387 376/538/242 377/539/418
f 383/542/424 382/541/423 377/543/418
f 384/547/427 385/546/426 355/424/335
f 367/545/425 368/1050/789 385/546/426
f 355/424/335 385/546/426 386/423/334
f 385/546/426 368/1050/789 400/548/428
f 384/547/427 355/424/335 404/530/415
f 358/494/388 359/503/397 388/549/398
f 361/507/399 188/253/208 159/255/209
f 388/505/398 359/506/397 392/498/392
f 389/511/396 307/443/344 315/445/352
f 362/509/401 396/510/402 395/499/393
f 365/513/403 295/1023/777 294/387/309
f 366/516/405 396/515/402 362/550/401
f 369/521/409 370/520/408 399/551/410
f 397/525/404 267/400/311 272/376/301
f 399/523/410 370/524/408 401/526/411
f 374/296/238 173/297/239 200/231/187
f 404/530/415 174/155/125 181/288/233
f 406/544/416 277/415/322 304/411/327
f 405/496/390 304/411/327 282/412/328
f 323/464/365 372/552/429 402/304/244
f 267/391/311 397/514/404 366/516/405
f 271/399/317 400/1046/786 371/375/300
f 279/409/325 407/536/421 378/553/430
f 295/408/324 365/534/419 407/536/421
f 282/412/328 378/553/430 405/496/390
f 277/406/322 406/531/416 404/530/415
f 303/404/320 404/530/415 355/424/335
f 195/268/218 369/521/409 398/293/236
f 188/267/208 361/519/399 369/521/409
f 200/231/187 402/304/244 374/296/238
f 181/288/233 194/287/232 367/545/425
f 181/288/233 384/547/427 404/530/415
f 428/556/433 468/555/432 408/557/434
f 429/561/438 484/560/437 410/562/439
f 430/566/443 462/565/442 413/567/444
f 431/571/448 477/570/447 416/572/449
f 432/576/453 473/575/452 419/577/454
f 433/581/458 466/580/457 422/582/459
f 434/586/463 487/585/462 424/587/464
f 435/591/468 470/590/467 426/592/469
f 436/596/473 452/595/472 408/597/434
f 437/601/475 417/600/450 416/602/449
f 438/606/479 459/605/478 422/607/459
f 439/611/481 420/610/455 419/612/454
f 440/616/484 418/615/476 416/617/449
f 441/621/486 414/620/445 413/622/444
f 442/626/490 457/625/489 424/627/464
f 443/631/492 423/630/460 422/632/459
f 444/636/494 415/635/487 413/637/444
f 445/641/496 411/640/440 410/642/439
f 446/646/500 455/645/499 426/647/469
f 447/651/502 425/650/465 424/652/464
f 448/656/504 412/655/497 410/657/439
f 449/661/506 409/660/435 408/662/434
f 450/666/508 421/665/482 419/667/454
f 451/671/510 427/670/470 426/672/469
f 471/609/480 439/611/481 467/594/471
f 439/611/481 421/613/482 452/595/472
f 479/629/491 443/631/492 478/614/483
f 443/631/492 459/633/478 418/615/476
f 464/649/501 447/651/502 463/634/493
f 447/651/502 457/653/489 415/635/487
f 482/669/509 451/671/510 483/654/503
f 451/671/510 455/673/499 412/655/497
f 460/599/474 437/601/475 453/604/477
f 437/601/475 418/603/476 459/605/478
f 486/619/485 441/621/486 458/624/488
f 441/621/486 415/623/487 457/625/489
f 469/639/495 445/641/496 456/644/498
f 445/641/496 412/643/497 455/645/499
f 474/659/505 449/661/506 454/664/507
f 449/661/506 452/663/472 421/665/482
f 485/559/436 429/561/438 461/564/441
f 429/561/438 411/563/440 462/565/442
f 472/574/451 432/576/453 465/579/456
f 432/576/453 420/578/455 466/580/457
f 467/594/471 436/596/473 460/599/474
f 436/596/473 468/598/432 417/600/450
f 456/644/498 446/646/500 464/649/501
f 446/646/500 470/648/467 425/650/465
f 471/609/480 467/594/471 460/599/474
f 476/569/446 431/571/448 475/554/431
f 431/571/448 417/573/450 468/555/432
f 480/584/461 434/586/463 481/589/466
f 434/586/463 425/588/465 470/590/467
f 453/604/477 438/606/479 471/609/480
f 438/606/479 466/608/457 420/610/455
f 463/634/493 444/636/494 469/639/495
f 444/636/494 462/638/442 411/640/440
f 464/649/501 463/634/493 469/639/495
f 461/564/441 430/566/443 476/569/446
f 430/566/443 414/568/445 477/570/447
f 481/589/466 435/591/468 472/574/451
f 435/591/468 427/593/470 473/575/452
f 458/624/488 442/626/490 479/629/491
f 442/626/490 487/628/462 423/630/460
f 483/654/503 448/656/504 474/659/505
f 448/656/504 484/658/437 409/660/435
f 482/669/509 483/654/503 474/659/505
f 480/584/461 481/589/466 472/574/451
f 475/554/431 428/556/433 485/559/436
f 428/556/433 409/558/435 484/560/437
f 465/579/456 433/581/458 480/584/461
f 433/581/458 423/583/460 487/585/462
f 478/614/483 440/616/484 486/619/485
f 440/616/484 477/618/447 414/620/445
f 454/664/507 450/666/508 482/669/509
f 450/666/508 473/668/452 427/670/470
f 479/629/491 478/614/483 486/619/485
f 476/569/446 475/554/431 485/559/436
f 520/674/511 640/678/515 555/675/512
f 520/674/511 489/680/517 570/677/514
f 521/679/516 643/682/519 570/677/514
f 490/681/518 572/684/521 643/682/519
f 522/683/520 645/686/523 572/684/521
f 491/685/522 575/688/525 645/686/523
f 523/687/524 647/690/527 575/688/525
f 492/689/526 577/839/529 647/690/527
f 524/691/528 650/695/531 577/692/529
f 493/694/530 579/697/533 650/695/531
f 525/696/532 653/699/535 579/697/533
f 494/698/534 581/701/537 653/699/535
f 526/700/536 655/703/539 581/701/537
f 495/702/538 583/705/541 655/703/539
f 527/704/540 657/707/543 583/705/541
f 496/706/542 586/709/545 657/707/543
f 528/708/544 660/711/547 586/709/545
f 528/708/544 497/713/549 588/710/546
f 529/712/548 663/715/551 588/710/546
f 498/714/550 590/717/553 663/715/551
f 530/716/552 666/719/555 590/717/553
f 499/718/554 592/721/557 666/719/555
f 531/720/556 669/723/559 592/721/557
f 500/722/558 595/872/561 669/723/559
f 532/724/560 671/728/563 595/725/561
f 501/727/562 597/730/565 671/728/563
f 533/729/564 674/732/567 597/730/565
f 502/731/566 599/734/569 674/732/567
f 534/733/568 677/736/571 599/734/569
f 503/735/570 601/738/573 677/736/571
f 535/737/572 680/740/575 601/738/573
f 504/739/574 603/742/577 680/740/575
f 504/739/574 536/744/579 552/741/576
f 505/743/578 606/746/581 552/741/576
f 537/745/580 685/748/583 606/746/581
f 537/745/580 506/750/585 608/747/582
f 538/749/584 687/752/587 608/747/582
f 507/751/586 611/754/589 687/752/587
f 539/753/588 689/756/591 611/754/589
f 508/755/590 614/903/593 689/756/591
f 540/757/592 691/761/595 614/758/593
f 509/760/594 616/763/597 691/761/595
f 541/762/596 693/765/599 616/763/597
f 510/764/598 619/767/601 693/765/599
f 542/766/600 695/769/603 619/767/601
f 511/768/602 621/771/605 695/769/603
f 543/770/604 698/773/607 621/771/605
f 512/772/606 623/775/609 698/773/607
f 512/772/606 544/777/611 553/774/608
f 513/776/610 626/779/613 553/774/608
f 545/778/612 703/781/615 626/779/613
f 514/780/614 628/783/617 703/781/615
f 546/782/616 706/785/619 628/783/617
f 515/784/618 630/787/621 706/785/619
f 547/786/620 708/789/623 630/787/621
f 516/788/622 632/932/625 708/789/623
f 548/790/624 711/794/627 632/791/625
f 517/793/626 634/796/629 711/794/627
f 549/795/628 714/798/631 634/796/629
f 518/797/630 636/800/633 714/798/631
f 550/799/632 717/802/635 636/800/633
f 519/801/634 638/804/637 717/802/635
f 551/803/636 568/805/638 638/804/637
f 488/676/513 555/675/512 568/805/638
f 606/746/581 683/891/703 552/741/576
f 552/741/576 683/891/703 603/742/577
f 626/779/613 701/922/724 553/774/608
f 553/774/608 701/922/724 623/775/609
f 571/825/658 641/1051/659 640/678/515
f 559/808/641 642/829/661 641/826/659
f 559/808/641 554/807/640 642/829/661
f 640/678/515 641/1051/659 569/828/660
f 573/831/662 644/1052/664 643/682/519
f 574/832/663 559/808/641 644/833/664
f 643/682/519 644/1052/664 571/825/658
f 576/835/665 646/1053/666 645/686/523
f 645/686/523 646/1053/666 573/831/662
f 646/836/666 560/809/642 574/832/663
f 578/838/667 648/1054/790 647/690/527
f 652/840/668 649/843/670 648/841/669
f 561/810/643 560/809/642 649/843/670
f 647/690/527 648/1054/790 576/835/665
f 648/841/669 649/843/670 560/809/642
f 580/844/671 651/1055/672 650/695/531
f 561/810/643 652/840/668 651/845/672
f 650/695/531 651/1055/672 578/847/667
f 582/848/673 654/1056/674 653/699/535
f 653/699/535 654/1056/674 580/844/671
f 654/849/674 562/811/644 561/810/643
f 584/851/675 656/1057/677 655/703/539
f 659/812/645 562/811/644 585/852/676
f 655/703/539 656/1057/677 582/848/673
f 656/853/677 585/852/676 562/811/644
f 587/855/678 658/1058/791 657/707/543
f 662/856/679 659/812/645 658/857/680
f 657/707/543 658/1058/791 584/851/675
f 658/857/680 659/812/645 585/852/676
f 589/859/681 661/1059/683 660/711/547
f 665/860/682 662/856/679 661/861/683
f 660/711/547 661/1059/683 587/855/678
f 662/856/679 563/813/646 659/812/645
f 591/863/684 664/1060/686 663/715/551
f 668/864/685 665/860/682 664/865/686
f 663/715/551 664/1060/686 589/859/681
f 593/867/687 667/1061/689 666/719/555
f 594/868/688 668/864/685 667/869/689
f 564/814/647 563/813/646 668/864/685
f 666/719/555 667/1061/689 591/863/684
f 596/871/690 670/1062/691 669/723/559
f 669/723/559 670/1062/691 593/867/687
f 670/873/691 564/814/647 594/868/688
f 598/875/692 672/1063/792 671/728/563
f 676/815/648 673/1064/793 672/876/693
f 676/815/648 564/814/647 673/1064/793
f 671/728/563 672/1063/792 596/878/690
f 672/876/693 673/1064/793 564/814/647
f 600/879/694 675/1065/696 674/732/567
f 679/880/695 676/815/648 675/881/696
f 674/732/567 675/1065/696 598/875/692
f 602/883/697 678/1066/698 677/736/571
f 682/816/649 679/880/695 678/884/698
f 682/816/649 676/815/648 679/880/695
f 677/736/571 678/1066/698 600/879/694
f 604/886/699 681/1067/701 680/740/575
f 605/887/700 682/816/649 681/888/701
f 680/740/575 681/1067/701 602/883/697
f 607/890/702 684/1068/704 683/891/703
f 683/891/703 684/1068/704 604/886/699
f 684/892/704 556/817/650 605/887/700
f 609/894/705 686/1069/707 685/748/583
f 685/748/583 686/1069/707 607/890/702
f 686/896/707 610/895/706 556/817/650
f 610/895/706 557/806/639 556/817/650
f 612/898/708 688/1070/710 687/752/587
f 687/752/587 688/1070/710 609/894/705
f 688/900/710 613/899/709 610/895/706
f 615/902/711 690/1071/712 689/756/591
f 689/756/591 690/1071/712 612/898/708
f 690/904/712 565/818/651 613/899/709
f 617/906/713 692/1072/715 691/761/595
f 558/819/652 565/818/651 618/907/714
f 691/761/595 692/1072/715 615/910/711
f 692/908/715 618/907/714 565/818/651
f 620/911/716 694/1073/717 693/765/599
f 693/765/599 694/1073/717 617/906/713
f 694/912/717 558/819/652 618/907/714
f 622/914/718 696/1074/794 695/769/603
f 700/820/653 697/1075/795 696/915/719
f 695/769/603 696/1074/794 620/911/716
f 696/915/719 697/1075/795 558/819/652
f 697/1075/795 700/820/653 558/819/652
f 624/917/720 699/1076/722 698/773/607
f 625/918/721 700/820/653 699/919/722
f 698/773/607 699/1076/722 622/914/718
f 627/921/723 702/1077/725 701/922/724
f 701/922/724 702/1077/725 624/917/720
f 702/923/725 566/821/654 625/918/721
f 629/925/726 704/1078/796 703/781/615
f 567/822/655 705/1079/797 704/926/727
f 567/822/655 566/821/654 705/1079/797
f 703/781/615 704/1078/796 627/921/723
f 704/926/727 705/1079/797 566/821/654
f 631/928/728 707/1080/729 706/785/619
f 710/823/656 567/822/655 707/929/729
f 706/785/619 707/1080/729 629/925/726
f 633/931/730 709/1081/732 708/789/623
f 713/933/731 710/823/656 709/934/732
f 708/789/623 709/1081/732 631/928/728
f 635/936/733 712/1082/734 711/794/627
f 716/824/657 713/933/731 712/937/734
f 716/824/657 710/823/656 713/933/731
f 711/794/627 712/1082/734 633/939/730
f 637/940/735 715/1083/737 714/798/631
f 719/941/736 716/824/657 715/942/737
f 714/798/631 715/1083/737 635/936/733
f 639/944/738 718/1084/740 717/802/635
f 720/945/739 719/941/736 718/946/740
f 717/802/635 718/1084/740 637/940/735
f 719/941/736 554/807/640 716/824/657
f 569/828/660 721/1085/741 568/805/638
f 642/829/661 720/945/739 721/948/741
f 568/805/638 721/1085/741 639/944/738
