# Blender 4.0.0
# www.blender.org
o Plant006
v 0.045034 0.044022 -0.010798
v 0.036217 0.012325 -0.151646
v 0.058749 0.031278 -0.011307
v 0.036185 -0.011758 -0.152283
v 0.031695 -0.018054 -0.152340
v 0.060271 -0.034739 -0.012988
v 0.026731 -0.022624 -0.152493
v 0.047520 -0.048456 -0.013137
v 0.027505 -0.058109 -0.013086
v 0.010625 -0.059598 -0.012873
v -0.005527 -0.056742 -0.012571
v -0.010993 -0.015951 -0.151665
v -0.014511 -0.010192 -0.151581
v -0.034082 -0.034273 -0.011602
v -0.043477 -0.002710 -0.010676
v -0.013745 0.012781 -0.150942
v -0.040494 0.015775 -0.010249
v -0.009254 0.019075 -0.150815
v -0.004294 0.023652 -0.150884
v -0.018011 0.044333 -0.009871
v -0.022291 0.057289 -0.124149
v -0.021547 0.062721 -0.095048
v -0.008495 0.068051 -0.095105
v -0.010434 0.062799 -0.124184
v 0.005345 0.070732 -0.095240
v 0.002270 0.065890 -0.124292
v 0.019441 0.070662 -0.095447
v 0.015331 0.066445 -0.124469
v 0.033252 0.067845 -0.095719
v 0.046247 0.062387 -0.096045
v 0.057926 0.054499 -0.096412
v 0.067841 0.044484 -0.096807
v 0.063310 0.041870 -0.125770
v 0.075611 0.032727 -0.097214
v 0.069032 0.033771 -0.126068
v 0.080936 0.019680 -0.097617
v 0.074538 0.021918 -0.126444
v 0.083613 0.005844 -0.098002
v 0.077626 0.009218 -0.126807
v 0.083538 -0.008250 -0.098353
v 0.078176 -0.003840 -0.127141
v 0.080715 -0.022059 -0.098657
v 0.076167 -0.016756 -0.127435
v 0.075252 -0.035053 -0.098903
v 0.067358 -0.046733 -0.099080
v 0.057337 -0.056649 -0.099181
v 0.045575 -0.064421 -0.099204
v 0.032523 -0.069751 -0.099147
v 0.018683 -0.072432 -0.099012
v 0.004587 -0.072362 -0.098805
v 0.004712 -0.066374 -0.127622
v -0.009224 -0.069545 -0.098534
v -0.005065 -0.064694 -0.127449
v -0.022219 -0.064087 -0.098208
v -0.017343 -0.060209 -0.127158
v -0.033898 -0.056199 -0.097841
v -0.028509 -0.053415 -0.126826
v -0.043813 -0.046184 -0.097446
v -0.038134 -0.044573 -0.126464
v -0.051583 -0.034427 -0.097039
v -0.056908 -0.021380 -0.096635
v -0.059585 -0.007544 -0.096250
v -0.059510 0.006550 -0.095899
v -0.054666 0.006728 -0.124929
v -0.056687 0.020359 -0.095595
v -0.052983 0.016504 -0.124721
v -0.051224 0.033353 -0.095350
v -0.007574 0.066542 -0.033105
v -0.043330 0.045033 -0.095173
v -0.039677 0.042378 -0.124257
v -0.020659 0.061200 -0.033041
v -0.033309 0.054949 -0.095071
v -0.032846 0.049573 -0.124188
v 0.038038 0.064742 -0.015899
v 0.047345 0.060039 -0.011754
v 0.058980 0.052181 -0.012120
v 0.068857 0.042205 -0.012514
v 0.078681 0.027032 -0.017115
v 0.083250 0.013684 -0.017515
v 0.084903 0.000138 -0.013792
v 0.084323 -0.014014 -0.018542
v 0.080618 -0.028019 -0.018519
v 0.076239 -0.037029 -0.014602
v 0.068375 -0.048665 -0.014778
v 0.055608 -0.060808 -0.014888
v 0.043396 -0.068197 -0.019300
v 0.033673 -0.071595 -0.014845
v 0.019886 -0.074266 -0.014711
v -0.012010 -0.070285 -0.018226
v -0.024682 -0.064080 -0.017886
v -0.035899 -0.055523 -0.017509
v -0.042372 -0.048118 -0.013150
v -0.056835 -0.019752 -0.016628
v -0.058083 -0.009625 -0.011959
v -0.058009 0.004415 -0.011609
v -0.055197 0.018171 -0.011306
v -0.049754 0.031116 -0.011062
v -0.041890 0.042751 -0.010886
v -0.031908 0.052630 -0.010785
v -0.012845 0.060978 -0.009003
v 0.040061 0.060717 -0.009781
v 0.077273 0.023130 -0.011263
v 0.082485 -0.000882 -0.011927
v 0.061889 -0.052113 -0.012919
v 0.047887 -0.062578 -0.012968
v -0.013522 -0.066723 -0.012185
v -0.034191 -0.053436 -0.011540
v -0.046331 -0.037635 -0.010971
v -0.054207 -0.018584 -0.010377
v 0.010749 0.050905 -0.012898
v 0.016544 0.050688 -0.017140
v 0.036487 0.045676 -0.013431
v 0.020735 -0.056275 -0.015723
v -0.014247 -0.048905 -0.019180
v -0.040617 -0.005412 -0.013557
v -0.026596 0.033379 -0.012792
v -0.022066 0.037718 -0.012793
v -0.015012 0.042742 -0.026579
v 0.058701 0.024961 -0.028039
v 0.008411 0.046575 -0.029189
v 0.050411 0.029987 -0.030215
v 0.061252 -0.007509 -0.031310
v 0.047239 -0.037114 -0.031846
v 0.009499 -0.051948 -0.031667
v -0.024688 -0.033108 -0.030697
v -0.026591 0.026178 -0.029188
v 0.013433 0.044595 -0.149149
v 0.030153 0.040403 -0.149497
v 0.043993 0.030134 -0.149955
v 0.051068 0.019209 -0.150304
v 0.054661 0.008886 -0.150529
v 0.042347 -0.030944 -0.151345
v 0.017698 -0.043217 -0.151405
v 0.004680 -0.043034 -0.151183
v -0.005898 -0.040291 -0.150876
v -0.030366 -0.014395 -0.149985
v -0.032720 -0.001595 -0.149603
v -0.032086 0.009314 -0.149254
v -0.021298 0.030090 -0.148977
v -0.013133 0.037358 -0.148830
v 0.019491 0.031264 -0.153323
v 0.031531 0.025097 -0.153647
v 0.000232 0.016178 -0.145734
v 0.007137 0.019209 -0.145756
v 0.014660 0.019352 -0.145858
v 0.021666 0.016624 -0.146028
v 0.027094 0.011423 -0.146237
v 0.029498 0.005803 -0.146402
v 0.030940 -0.000288 -0.146641
v 0.029253 -0.006614 -0.146719
v 0.025208 -0.012952 -0.146819
v 0.019044 -0.017261 -0.146837
v 0.011702 -0.018885 -0.146770
v 0.005990 -0.018179 -0.146684
v 0.000929 -0.015867 -0.146538
v -0.003427 -0.012107 -0.146395
v -0.006349 -0.007373 -0.146220
v -0.007970 -0.000032 -0.146013
v -0.007262 0.005679 -0.145895
v -0.004947 0.010739 -0.145787
v -0.007721 0.066740 -0.041256
v 0.006126 0.069419 -0.041405
v 0.006246 0.069214 -0.033233
v 0.020259 0.069348 -0.041606
v 0.020348 0.069149 -0.033454
v 0.034048 0.066534 -0.041870
v 0.034166 0.066330 -0.033726
v 0.047074 0.061058 -0.042204
v 0.047166 0.060866 -0.034038
v 0.058756 0.053162 -0.042571
v 0.058851 0.052974 -0.034406
v 0.068671 0.043138 -0.042966
v 0.068770 0.042955 -0.034801
v 0.076424 0.031397 -0.043379
v 0.076558 0.031169 -0.035215
v 0.081763 0.018316 -0.043778
v 0.081881 0.018113 -0.035619
v 0.084435 0.004472 -0.044163
v 0.084549 0.004297 -0.035997
v 0.084356 -0.009599 -0.044520
v 0.084479 -0.009774 -0.036354
v 0.081524 -0.023443 -0.044818
v 0.081643 -0.023646 -0.036660
v 0.076053 -0.036441 -0.045063
v 0.076184 -0.036618 -0.036897
v 0.068188 -0.048078 -0.045239
v 0.068286 -0.048303 -0.037074
v 0.058167 -0.058004 -0.045341
v 0.058261 -0.058224 -0.037176
v 0.046377 -0.065800 -0.045358
v 0.046520 -0.065988 -0.037206
v 0.033290 -0.071138 -0.045307
v 0.033436 -0.071331 -0.037142
v 0.019442 -0.073815 -0.045172
v 0.019590 -0.074014 -0.037007
v 0.005368 -0.073741 -0.044972
v 0.005515 -0.073949 -0.036807
v -0.008478 -0.070915 -0.044693
v -0.008358 -0.071118 -0.036535
v -0.021477 -0.065450 -0.044367
v -0.021357 -0.065653 -0.036208
v -0.033114 -0.057590 -0.044001
v -0.033039 -0.057757 -0.035841
v -0.043054 -0.047551 -0.043611
v -0.042935 -0.047755 -0.035440
v -0.050843 -0.035764 -0.043197
v -0.050723 -0.035968 -0.035039
v -0.056159 -0.022737 -0.042787
v -0.056029 -0.022967 -0.034636
v -0.058838 -0.008864 -0.042408
v -0.058714 -0.009097 -0.034244
v -0.058762 0.005208 -0.042050
v -0.058639 0.005003 -0.033892
v -0.055944 0.018996 -0.041754
v -0.055814 0.018819 -0.033588
v -0.050468 0.032023 -0.041515
v -0.050348 0.031819 -0.033343
v -0.042574 0.043710 -0.041324
v -0.042451 0.043504 -0.033166
v -0.032426 0.053424 -0.033064
v -0.007936 0.067584 -0.036079
v 0.020356 0.070167 -0.039170
v 0.034423 0.067375 -0.036702
v 0.059331 0.053798 -0.040147
v 0.069424 0.043580 -0.037335
v 0.082634 0.018535 -0.041368
v 0.085520 0.004467 -0.039018
v 0.082410 -0.023735 -0.042422
v 0.077037 -0.037028 -0.039932
v 0.058734 -0.058766 -0.042952
v 0.046926 -0.066826 -0.040238
v 0.019607 -0.074894 -0.042312
v 0.005338 -0.074883 -0.039833
v -0.021835 -0.066298 -0.041966
v -0.033618 -0.058587 -0.038935
v -0.051683 -0.036335 -0.040310
v -0.057057 -0.023155 -0.037631
v -0.059601 0.005238 -0.039628
v -0.056833 0.019195 -0.036576
v -0.043310 0.044284 -0.038417
v -0.021155 0.062125 -0.038766
v -0.033113 0.054291 -0.036044
v -0.020753 0.061420 -0.041206
v -0.032548 0.053632 -0.041222
v -0.001298 0.042598 -0.149044
v -0.020191 0.060372 -0.010762
v 0.000722 0.055373 -0.138218
v 0.006870 0.065685 -0.009157
v 0.014528 0.056016 -0.138601
v 0.023167 0.065196 -0.009414
v 0.057326 0.050109 -0.010282
v 0.068500 0.038241 -0.010748
v 0.063423 0.021460 -0.139980
v 0.066736 0.008048 -0.140561
v 0.054875 -0.006426 -0.151028
v 0.067196 -0.002897 -0.140841
v 0.065511 -0.013722 -0.141087
v 0.049897 -0.020430 -0.151366
v 0.079194 -0.023355 -0.012437
v 0.061747 -0.024012 -0.141290
v 0.072499 -0.038221 -0.012718
v 0.031756 -0.038383 -0.151550
v 0.032622 -0.051797 -0.141362
v 0.032950 -0.069119 -0.012907
v 0.010440 -0.072180 -0.012659
v 0.000138 -0.054834 -0.140964
v -0.012865 -0.050135 -0.140855
v -0.015265 -0.034657 -0.150683
v -0.022888 -0.027235 -0.150475
v -0.043780 -0.010473 -0.139215
v -0.044416 0.003338 -0.139059
v -0.055364 0.004097 -0.009790
v -0.042732 0.014163 -0.138813
v -0.027419 0.021387 -0.149194
v -0.051699 0.019983 -0.009453
v -0.042687 0.037760 -0.009137
v -0.028132 0.040138 -0.138178
v -0.027964 0.052200 -0.008994
v -0.024513 0.060880 -0.109541
v 0.005195 0.070435 -0.109727
v 0.015716 0.070722 -0.109881
v 0.029536 0.068596 -0.110136
v 0.082743 0.006144 -0.112464
v 0.083027 -0.004374 -0.112739
v 0.080895 -0.018192 -0.113053
v 0.076108 -0.031330 -0.113312
v -0.009240 -0.068551 -0.112991
v -0.019068 -0.064791 -0.112761
v -0.043510 -0.045406 -0.111913
v -0.049591 -0.036819 -0.111617
v -0.059063 0.006843 -0.110380
v -0.057289 0.017216 -0.110155
v -0.043032 0.044972 -0.109661
v -0.035793 0.052613 -0.109583
v -0.027619 0.059124 -0.095050
v -0.038563 0.050237 -0.095112
v -0.045485 0.034335 -0.124385
v -0.047563 0.039386 -0.095252
v -0.049816 0.025664 -0.124527
v -0.054274 0.026990 -0.095464
v -0.058438 0.013524 -0.095740
v -0.055027 -0.003183 -0.125184
v -0.059894 -0.000495 -0.096070
v -0.053156 -0.016119 -0.125534
v -0.058586 -0.014528 -0.096439
v -0.048796 -0.028439 -0.125906
v -0.054566 -0.028035 -0.096835
v -0.043991 -0.036855 -0.126174
v -0.047987 -0.040497 -0.097243
v -0.039102 -0.051435 -0.097646
v -0.028252 -0.060430 -0.098028
v -0.015856 -0.067135 -0.098377
v -0.002388 -0.071292 -0.098677
v 0.014625 -0.066731 -0.127787
v 0.011633 -0.072743 -0.098918
v 0.027564 -0.064855 -0.127929
v 0.025669 -0.071431 -0.099089
v 0.039889 -0.060491 -0.127999
v 0.039180 -0.067406 -0.099186
v 0.051126 -0.053808 -0.127996
v 0.051647 -0.060824 -0.099203
v 0.060844 -0.045061 -0.127919
v 0.062591 -0.051937 -0.099140
v 0.068669 -0.034588 -0.127771
v 0.071591 -0.041087 -0.099000
v 0.073000 -0.025917 -0.127606
v 0.078302 -0.028690 -0.098788
v 0.082466 -0.015224 -0.098512
v 0.083922 -0.001205 -0.098183
v 0.082614 0.012828 -0.097813
v 0.078594 0.026335 -0.097417
v 0.072015 0.038797 -0.097010
v 0.056554 0.049132 -0.125502
v 0.063130 0.049735 -0.096607
v 0.046082 0.056952 -0.125154
v 0.052281 0.058730 -0.096224
v 0.034284 0.062578 -0.124842
v 0.039884 0.065435 -0.095876
v 0.024934 0.065130 -0.124630
v 0.026416 0.069592 -0.095575
v 0.012395 0.071043 -0.095335
v -0.001641 0.069731 -0.095163
v -0.015152 0.065706 -0.095067
v -0.010202 0.064677 -0.010683
v 0.017475 0.068509 -0.010991
v 0.009535 -0.074427 -0.014433
v -0.048541 -0.039170 -0.012720
v -0.026272 0.056838 -0.010792
v -0.037183 0.047978 -0.010854
v -0.046157 0.037160 -0.010994
v -0.052848 0.024800 -0.011205
v -0.056999 0.011374 -0.011480
v -0.058450 -0.002602 -0.011809
v -0.053082 -0.030038 -0.012522
v -0.048661 -0.039778 -0.017248
v -0.001117 -0.073187 -0.014408
v 0.009531 -0.074747 -0.018331
v 0.026856 -0.073325 -0.014819
v 0.063667 -0.053890 -0.014870
v 0.072641 -0.043072 -0.014730
v 0.073063 0.036572 -0.012746
v 0.064205 0.047478 -0.012344
v 0.053388 0.056445 -0.011963
v 0.027590 0.067215 -0.011267
v 0.016840 0.069066 -0.015482
v 0.003025 0.068019 -0.010902
v -0.010964 0.064983 -0.015179
v -0.002953 0.051483 -0.009882
v 0.017077 0.053817 -0.010137
v 0.033056 0.050117 -0.010458
v 0.067753 0.013241 -0.011868
v 0.070079 -0.006784 -0.012424
v 0.066373 -0.022761 -0.012765
v -0.023037 -0.046750 -0.012045
v -0.041228 -0.019222 -0.011092
v -0.030493 0.033285 -0.009936
v 0.019814 0.059938 -0.009053
v 0.073949 0.015058 -0.010963
v -0.014520 -0.059673 -0.011549
v -0.035869 -0.042923 -0.010812
v -0.049687 0.003500 -0.009450
v -0.026623 0.046106 -0.008722
v -0.006706 0.047056 -0.012782
v 0.000437 0.049405 -0.012813
v 0.049033 0.037043 -0.017954
v 0.056119 0.029283 -0.018252
v 0.063076 0.017435 -0.014499
v 0.065539 0.009952 -0.014753
v 0.067052 -0.000488 -0.015022
v 0.066470 -0.011118 -0.015288
v 0.063843 -0.021347 -0.015505
v 0.059306 -0.030801 -0.015681
v 0.045251 -0.045755 -0.019969
v 0.036254 -0.051192 -0.019974
v 0.026369 -0.054770 -0.019919
v -0.009875 -0.051628 -0.015146
v -0.022929 -0.042520 -0.018622
v -0.029900 -0.034741 -0.018868
v -0.035233 -0.025923 -0.018300
v -0.039644 -0.013162 -0.013767
v -0.031390 0.027208 -0.012878
v -0.014189 0.043453 -0.012740
v 0.010323 -0.056711 -0.015609
v 0.045501 0.040379 -0.013535
v -0.000201 -0.055101 -0.015407
v 0.053328 0.033254 -0.013827
v 0.059652 0.024456 -0.014272
v -0.019054 -0.046227 -0.014759
v -0.026881 -0.039102 -0.014467
v -0.033167 -0.030587 -0.014162
v -0.037656 -0.020717 -0.013983
v -0.040481 0.000859 -0.013446
v 0.053623 -0.038494 -0.015782
v -0.038981 0.010396 -0.013213
v 0.049394 -0.043007 -0.015676
v -0.035376 0.020323 -0.013018
v 0.040875 -0.049295 -0.015709
v 0.031294 -0.053801 -0.015682
v 0.027423 0.049003 -0.013232
v 0.023694 0.049629 -0.026890
v 0.031637 0.047399 -0.027083
v 0.040058 0.043319 -0.027467
v 0.065290 0.007552 -0.028641
v 0.066329 -0.000317 -0.028747
v 0.062148 -0.023209 -0.029271
v 0.058909 -0.029589 -0.029564
v 0.051629 -0.039302 -0.029601
v 0.033154 -0.051903 -0.029565
v 0.025308 -0.054460 -0.029537
v 0.002347 -0.054783 -0.029188
v -0.005596 -0.052552 -0.029039
v -0.014988 -0.047964 -0.028787
v -0.022454 -0.042311 -0.028697
v -0.030555 -0.033283 -0.028253
v -0.040271 -0.002314 -0.027256
v -0.039630 0.005911 -0.027082
v 0.063320 0.015235 -0.028315
v -0.026489 -0.038795 -0.024144
v -0.034067 -0.027436 -0.028036
v 0.065976 -0.008054 -0.029010
v -0.037153 -0.020676 -0.027782
v 0.064786 -0.015392 -0.029136
v -0.039717 -0.010544 -0.027492
v 0.056215 -0.034427 -0.025240
v -0.004015 0.047878 -0.026711
v -0.037846 0.013128 -0.026967
v 0.046577 -0.043889 -0.029622
v 0.005071 0.050148 -0.026628
v -0.035246 0.020091 -0.026791
v 0.040547 -0.048238 -0.029604
v 0.015512 0.050689 -0.026766
v -0.029892 0.029071 -0.026645
v -0.022889 0.036836 -0.026553
v 0.017958 -0.055574 -0.029497
v 0.010529 -0.055841 -0.029356
v 0.047013 0.038405 -0.027572
v 0.052453 0.033340 -0.027738
v -0.035296 -0.005388 -0.029850
v 0.020430 0.048813 -0.029036
v 0.030303 0.046379 -0.029241
v 0.039512 0.042066 -0.029483
v 0.047701 0.036039 -0.029753
v 0.056400 0.026162 -0.030121
v 0.061894 -0.019815 -0.031356
v 0.057577 -0.029023 -0.031523
v 0.051546 -0.037213 -0.031640
v 0.041664 -0.045914 -0.031708
v -0.007175 -0.050480 -0.031110
v -0.037982 0.007877 -0.029203
v -0.025567 0.032168 -0.028782
v -0.015685 0.040868 -0.028703
v 0.005116 0.031945 -0.153102
v 0.039820 0.014410 -0.154041
v 0.042934 0.002402 -0.154386
v 0.040284 -0.012842 -0.154725
v 0.030338 -0.024803 -0.154883
v 0.016188 -0.031074 -0.154830
v 0.000718 -0.029455 -0.154567
v -0.009977 -0.023169 -0.154254
v -0.017449 -0.013268 -0.153898
v -0.020563 -0.001261 -0.153552
v -0.018843 0.011025 -0.153270
v -0.010560 0.024097 -0.153061
v 0.018468 0.036218 -0.153493
v 0.030509 0.031498 -0.153782
v 0.040869 0.021753 -0.154177
v 0.046826 -0.006694 -0.154978
v 0.036770 -0.025269 -0.155296
v 0.007398 -0.035847 -0.155136
v -0.008146 -0.030341 -0.154765
v -0.016039 -0.023426 -0.154477
v -0.022066 -0.014401 -0.154163
v -0.014408 0.026425 -0.153258
v 0.033791 0.007676 -0.147439
v 0.001846 0.026905 -0.151034
v 0.024582 0.025199 -0.151279
v 0.011069 -0.027464 -0.152469
v 0.001726 -0.025955 -0.152336
v -0.016500 -0.003533 -0.151527
v -0.021179 0.062177 -0.036021
v -0.027441 0.058684 -0.037140
v -0.051319 0.032434 -0.038596
v -0.047720 0.038616 -0.037346
v -0.054544 0.026011 -0.037561
v -0.059697 0.005184 -0.036884
v -0.060258 -0.001936 -0.038177
v -0.058928 -0.016204 -0.038553
v -0.048151 -0.042609 -0.039370
v -0.039117 -0.053731 -0.039779
v -0.021860 -0.066487 -0.039227
v -0.015480 -0.069694 -0.040523
v -0.001787 -0.073922 -0.040828
v 0.026742 -0.074063 -0.041247
v 0.040480 -0.069970 -0.041345
v 0.058860 -0.058940 -0.040215
v 0.064284 -0.054241 -0.041299
v 0.073435 -0.043209 -0.041157
v 0.082580 -0.023844 -0.039683
v 0.084492 -0.016911 -0.040660
v 0.085973 -0.002657 -0.040326
v 0.082804 0.018506 -0.038628
v 0.080555 0.025345 -0.039547
v 0.069482 0.043728 -0.040074
v 0.073866 0.038016 -0.039133
v 0.059458 0.053835 -0.037405
v 0.047573 0.061891 -0.039301
v 0.053800 0.058284 -0.038334
v 0.041195 0.065101 -0.037980
v 0.020410 0.070234 -0.036426
v 0.013245 0.070804 -0.037430
v -0.001027 0.069469 -0.037255
v -0.014765 0.065377 -0.037157
v 0.027501 0.069329 -0.037674
v 0.064832 0.049138 -0.038723
v 0.084643 0.011611 -0.039950
v 0.080259 -0.030604 -0.040941
v 0.053156 -0.063277 -0.041363
v 0.012470 -0.075397 -0.041073
v -0.028085 -0.062877 -0.040169
v -0.054840 -0.029938 -0.038955
v -0.058777 0.012318 -0.037842
v -0.038569 0.049648 -0.037203
v 0.006107 0.070305 -0.036216
v -0.007937 0.067522 -0.038824
v 0.006080 0.070237 -0.038960
v 0.034343 0.067313 -0.039445
v 0.047553 0.061712 -0.036563
v 0.077401 0.031744 -0.038218
v 0.077240 0.031749 -0.040959
v 0.085345 0.004523 -0.041758
v 0.085445 -0.009833 -0.039375
v 0.085269 -0.009750 -0.042114
v 0.076877 -0.036895 -0.042670
v 0.069028 -0.048879 -0.040111
v 0.068882 -0.048723 -0.042849
v 0.046822 -0.066637 -0.042975
v 0.033683 -0.072233 -0.040180
v 0.033604 -0.072034 -0.042917
v 0.019635 -0.074836 -0.039569
v 0.005312 -0.074679 -0.042571
v -0.008675 -0.072024 -0.039558
v -0.008675 -0.071825 -0.042296
v -0.033682 -0.058288 -0.041608
v -0.043770 -0.048322 -0.038454
v -0.043704 -0.048168 -0.041194
v -0.051532 -0.036345 -0.037570
v -0.056966 -0.023048 -0.040373
v -0.059773 -0.009116 -0.037241
v -0.059677 -0.009035 -0.039983
v -0.056742 0.019223 -0.039320
v -0.051168 0.032306 -0.035859
v -0.043173 0.044135 -0.035680
v -0.033067 0.054254 -0.038789
v 0.037406 0.064442 -0.011383
v 0.077993 0.027637 -0.012894
v 0.082715 0.014422 -0.013293
v 0.084070 -0.013479 -0.014011
v 0.080651 -0.027092 -0.014301
v 0.043823 -0.067685 -0.014779
v -0.010918 -0.070362 -0.014048
v -0.023604 -0.064359 -0.013713
v -0.034874 -0.055996 -0.013340
v -0.056227 -0.020341 -0.012137
v 0.035188 0.001285 -0.147794
v 0.013273 0.069529 -0.033339
v -0.037672 0.026760 -0.138795
v -0.049203 0.036447 -0.109792
v -0.053875 0.027095 -0.109950
v -0.059458 -0.003672 -0.110645
v -0.057473 -0.017510 -0.111020
v -0.039221 -0.023514 -0.139806
v -0.054164 -0.027423 -0.111308
v -0.033621 -0.032928 -0.140123
v -0.024231 -0.042713 -0.140727
v -0.036353 -0.053117 -0.112218
v -0.028093 -0.059520 -0.112490
v 0.000998 -0.070986 -0.113209
v 0.016561 -0.055306 -0.141636
v 0.014961 -0.071734 -0.113431
v 0.028803 -0.069744 -0.113583
v 0.041991 -0.065092 -0.113659
v 0.044528 -0.044770 -0.141558
v 0.054020 -0.057958 -0.113656
v 0.054321 -0.035369 -0.141688
v 0.064426 -0.048615 -0.113574
v 0.070832 -0.040355 -0.113453
v 0.081079 0.016534 -0.112188
v 0.076431 0.029717 -0.111791
v 0.056401 0.033368 -0.139778
v 0.069300 0.041741 -0.111386
v 0.049071 0.041508 -0.139467
v 0.059959 0.052141 -0.110990
v 0.040293 0.048062 -0.139176
v 0.048768 0.060519 -0.110618
v 0.027863 0.053518 -0.139081
v 0.039416 0.065186 -0.110357
v -0.005197 0.068767 -0.109625
v -0.014649 0.049543 -0.138561
v -0.015113 0.065455 -0.109556
v -0.004678 0.057301 -0.008774
v 0.045521 0.051238 -0.009652
v 0.062146 0.036671 -0.010263
v 0.075737 -0.012019 -0.011673
v 0.067528 -0.035233 -0.012134
v 0.046226 -0.057402 -0.012378
v 0.012940 -0.066361 -0.012125
v -0.047058 -0.020986 -0.010113
v -0.042081 0.026927 -0.008988
v 0.021583 0.050424 -0.012935
v -0.009144 0.046039 -0.022276
v 0.043094 0.041624 -0.021009
v -0.003806 0.046547 -0.028740
v 0.008172 0.049185 -0.028853
v 0.062075 0.014287 -0.030506
v 0.064408 0.004391 -0.030787
v 0.064655 -0.007868 -0.031102
v 0.029784 -0.051592 -0.031682
v 0.019885 -0.053929 -0.031596
v 0.007624 -0.054180 -0.031428
v -0.018493 -0.043761 -0.030783
v -0.025933 -0.036831 -0.030501
v -0.031877 -0.028582 -0.030208
v -0.036097 -0.019332 -0.029916
v -0.038731 -0.007358 -0.029582
v -0.032691 0.022184 -0.028932
v -0.005780 0.032706 -0.153221
v 0.005538 0.036592 -0.153291
v 0.047072 0.007532 -0.154618
v 0.043140 -0.016707 -0.155169
v 0.024991 -0.033256 -0.155316
v -0.025374 0.000758 -0.153732
v -0.021906 0.015884 -0.153409
v 0.008606 0.028532 -0.151148
v 0.015551 0.028186 -0.151201
v 0.033063 0.018260 -0.151761
v 0.038649 0.005574 -0.151981
v 0.039206 -0.002377 -0.152366
v 0.019242 -0.026445 -0.152677
v -0.006751 -0.021142 -0.152166
v -0.016774 0.003414 -0.151406
v 0.011307 0.000363 -0.145669
v -0.011024 -0.007614 -0.147239
v 0.034281 -0.005314 -0.147842
v -0.012159 -0.003110 -0.147110
v 0.032727 -0.009727 -0.147926
v -0.012393 0.001529 -0.146991
v 0.028913 -0.015668 -0.148014
v 0.003268 0.022704 -0.146690
v -0.011717 0.006126 -0.146886
v 0.007801 0.023865 -0.146723
v -0.010163 0.010538 -0.146794
v 0.023493 -0.019900 -0.148049
v 0.011854 0.024169 -0.146811
v -0.006349 0.016479 -0.146697
v 0.019296 -0.021893 -0.148038
v 0.016474 0.023595 -0.146897
v 0.014790 -0.023029 -0.148001
v 0.021388 0.021844 -0.146975
v -0.000929 0.020711 -0.146678
v 0.010149 -0.023265 -0.147939
v 0.025377 0.019463 -0.147093
v 0.005552 -0.022591 -0.147855
v 0.028859 0.016340 -0.147218
v 0.001176 -0.021033 -0.147752
v 0.031361 0.013139 -0.147371
v -0.002813 -0.018651 -0.147635
v -0.007860 -0.013884 -0.147446
v -0.037686 0.048714 -0.033123
v -0.046691 0.037858 -0.033263
v -0.057571 0.011982 -0.033751
v -0.059028 -0.002045 -0.034081
v -0.053693 -0.029597 -0.034834
v -0.047115 -0.042067 -0.035255
v -0.027390 -0.061994 -0.036033
v -0.014990 -0.068707 -0.036382
v 0.012562 -0.074328 -0.036924
v 0.026579 -0.073017 -0.037102
v 0.052591 -0.062389 -0.037209
v 0.063521 -0.053513 -0.037153
v 0.079228 -0.030277 -0.036795
v 0.083406 -0.016780 -0.036525
v 0.083557 0.011260 -0.035819
v 0.079540 0.024775 -0.035423
v 0.064060 0.048212 -0.034618
v 0.053205 0.057211 -0.034235
v 0.027326 0.068075 -0.033574
v -0.014263 0.064191 -0.033078
v 0.040825 0.063908 -0.033881
v 0.072949 0.037268 -0.035021
v 0.084861 -0.002729 -0.036188
v 0.072526 -0.042657 -0.037013
v 0.040097 -0.068990 -0.037199
v -0.001492 -0.072878 -0.036690
v -0.038241 -0.052991 -0.035650
v -0.057720 -0.016084 -0.034451
v -0.053405 0.025455 -0.033475
v -0.026736 0.057606 -0.033060
v -0.000719 0.068221 -0.033168
v -0.014380 0.064392 -0.041235
v -0.026832 0.057823 -0.041212
v -0.000837 0.068426 -0.041326
v 0.013180 0.069736 -0.041491
v 0.027207 0.068280 -0.041744
v 0.040707 0.064112 -0.042039
v 0.053107 0.057399 -0.042387
v 0.063959 0.048396 -0.042771
v 0.072844 0.037449 -0.043174
v 0.079414 0.025003 -0.043574
v 0.083440 0.011463 -0.043978
v 0.084742 -0.002577 -0.044348
v 0.083288 -0.016577 -0.044670
v 0.079110 -0.030074 -0.044953
v 0.072404 -0.042451 -0.045171
v 0.063420 -0.053290 -0.045304
v 0.052474 -0.062185 -0.045367
v 0.039954 -0.068795 -0.045350
v 0.026434 -0.072817 -0.045253
v 0.012391 -0.074125 -0.045081
v -0.001611 -0.072676 -0.044835
v -0.015110 -0.068503 -0.044540
v -0.027487 -0.061804 -0.044199
v -0.038344 -0.052808 -0.043803
v -0.047234 -0.041864 -0.043400
v -0.053813 -0.029393 -0.043005
v -0.057842 -0.015854 -0.042601
v -0.059143 -0.001841 -0.042239
v -0.057687 0.012185 -0.041909
v -0.053525 0.025659 -0.041620
v -0.046824 0.038039 -0.041415
v -0.037803 0.048916 -0.041281
v -0.003280 0.070587 0.114455
v -0.021819 0.025250 0.052544
v 0.000882 -0.002526 -0.001542
v -0.027940 0.050634 0.118807
v 0.000063 0.001684 -0.016075
v -0.018885 0.078321 0.140503
v -0.023846 0.045559 0.081253
v -0.007784 0.018780 0.022122
v 0.014280 0.017211 -0.004916
v -0.023906 0.073265 0.131515
v 0.006768 0.019194 0.006411
v -0.018726 0.046031 0.113250
v -0.009583 0.030123 0.087919
v -0.014746 0.068331 0.135879
v -0.015648 0.077787 0.139346
v 0.015962 0.001157 -0.036926
v 0.025688 0.013621 -0.009388
v -0.008653 0.065185 0.100382
v 0.014645 0.030188 0.022201
v 0.009110 0.043607 0.091587
v 0.024880 0.039234 0.049139
v -0.027686 0.066226 0.122086
v 0.027657 0.021228 0.010237
v -0.004909 0.074726 0.128716
v -0.006894 0.070593 0.130298
v -0.032348 0.052487 0.112472
v -0.033343 0.045833 0.110585
v -0.024532 0.077348 0.144641
v -0.031382 0.060936 0.123034
v 0.000676 0.066325 0.101573
v -0.031688 0.051705 0.106896
v -0.031247 0.046960 0.098949
v 0.017543 0.044092 0.049476
v -0.026443 0.034531 0.072005
v 0.022768 0.024265 0.009463
v 0.020376 0.008014 -0.028909
v -0.027909 0.072488 0.138086
v -0.010622 0.072374 0.118390
v -0.018660 0.071594 0.121439
v -0.022438 0.068321 0.118606
v -0.025687 0.066105 0.118508
v -0.029722 0.061656 0.118196
v 0.006734 0.054188 0.070770
v -0.002137 0.023525 0.022691
v -0.006610 0.008398 0.006386
v -0.003995 0.008321 0.000939
v -0.000223 0.009258 -0.004536
v 0.019051 0.020237 -0.000262
v 0.008642 0.001066 -0.034076
v 0.012383 0.002761 -0.035765
v 0.017795 0.006813 -0.032125
v -0.017195 0.058475 0.094196
v 0.003191 0.026724 0.023014
v -0.004214 0.041298 0.052389
v 0.006475 0.013310 -0.005825
v 0.013275 0.008094 -0.026820
v -0.006390 0.002954 0.029542
v -0.003501 -0.000337 0.014692
v -0.004050 0.070827 0.127324
v -0.014707 0.075212 0.140445
v -0.026594 0.055460 0.125607
v 0.010457 0.054907 0.098799
v 0.000555 0.064988 0.117857
v -0.027644 0.043723 0.110158
v -0.020376 0.026020 0.083173
v 0.025980 0.032412 0.051454
v 0.022905 0.039369 0.065902
v 0.018147 0.045252 0.080303
v -0.019298 0.018821 0.068645
v -0.012672 0.009884 0.049233
v 0.028240 0.017031 0.015516
v 0.028174 0.023537 0.031934
v 0.025134 0.008272 -0.012434
v 0.027117 0.012510 0.001471
v -0.026102 0.066689 0.138257
v -0.009457 0.057619 0.122118
v -0.010646 0.049791 0.114198
v -0.023775 0.047569 0.115900
v 0.014953 0.040954 0.081772
v 0.007514 0.037607 0.086072
v -0.015628 0.026691 0.084561
v 0.026083 0.021601 0.036107
v 0.014947 0.015064 0.042345
v -0.004127 0.010801 0.050758
v -0.004936 0.004948 0.036443
v 0.025849 0.010564 0.003651
v 0.008654 -0.003451 -0.026975
v 0.019608 0.001452 -0.029408
v 0.022338 0.004310 -0.025092
v -0.020075 0.069088 0.139276
v -0.000033 0.034370 0.087973
v -0.001144 0.045832 0.103357
v 0.008560 0.017790 0.054670
v 0.002798 0.023751 0.070084
v 0.012279 0.005109 0.019210
v 0.013404 0.002109 0.004423
v 0.016601 0.000244 -0.017240
v 0.004774 -0.000887 -0.027444
v -0.005055 -0.000128 0.007561
v 0.014112 0.055332 0.077673
v 0.017267 0.052806 0.077947
v 0.017282 0.050034 0.083514
v 0.027953 0.029094 0.037900
v 0.000320 0.067515 0.117534
v -0.000133 0.068828 0.116330
v -0.001672 0.070069 0.115503
v 0.013090 0.001506 -0.037130
v 0.012631 0.000296 -0.037241
v 0.013799 -0.000389 -0.036755
v 0.014625 -0.001122 -0.033870
v -0.020153 0.017718 0.045138
v -0.015649 0.010647 0.048273
v -0.024467 0.027764 0.083605
v -0.028053 0.032462 0.076501
v -0.028445 0.071516 0.138839
v -0.027706 0.068853 0.139237
v -0.031479 0.053362 0.116299
v -0.030128 0.051699 0.117710
v 0.021323 0.003836 -0.029388
v -0.019953 0.077388 0.137462
v -0.026409 0.055213 0.100252
v -0.001991 0.064348 0.096124
v -0.011891 0.061270 0.094567
v -0.014595 0.072551 0.120366
v -0.015526 0.034148 0.052772
v -0.018732 0.028797 0.050365
v 0.011314 0.045461 0.051661
v 0.003661 0.044258 0.052037
v -0.001205 0.015938 0.009020
v 0.014169 0.023140 0.008230
v 0.018539 0.010105 -0.025623
v 0.005049 0.002133 -0.027508
v 0.007074 0.005488 -0.024811
v -0.018932 0.059721 0.129593
v -0.024599 0.065826 0.137484
v -0.011958 0.039325 0.102039
v -0.023542 0.035255 0.098333
v -0.018648 0.035500 0.098874
v 0.013381 0.046751 0.089336
v -0.009367 0.019733 0.070780
v -0.010730 0.011736 0.054720
v 0.020402 0.031593 0.062755
v 0.015439 0.033264 0.072035
v 0.008959 0.028049 0.071427
v 0.021018 0.024207 0.050889
v 0.004421 0.002933 0.023649
v 0.004031 0.008257 0.039225
v 0.000335 0.000998 0.020703
v 0.026657 0.015687 0.020236
v 0.023158 0.016496 0.032209
v 0.019933 0.011383 0.025488
v 0.023649 0.010698 0.013908
v 0.021938 0.005122 -0.006709
v 0.021195 0.002883 -0.020697
v 0.023136 0.005019 -0.016226
v 0.010355 -0.002678 -0.016942
v -0.017682 0.078233 0.141639
v -0.015381 0.076350 0.141106
v 0.002763 -0.002117 -0.019370
v -0.002168 0.000017 -0.008414
v 0.025390 0.038389 0.055118
v 0.010194 -0.000226 -0.036012
v 0.011600 -0.001308 -0.035895
v 0.010844 -0.002675 -0.032216
v 0.009249 -0.001782 -0.034019
v -0.010608 0.075683 0.132456
v -0.008976 0.073445 0.132923
v -0.027304 0.072562 0.141742
v -0.029514 0.067705 0.130601
v -0.024900 0.025388 0.061803
v -0.020867 0.016240 0.051012
v -0.022159 0.019147 0.064732
v -0.027276 0.028674 0.076924
v -0.024572 0.022472 0.064575
v 0.018690 0.003172 -0.035010
v 0.018040 0.001414 -0.034802
v 0.016183 0.002193 -0.037043
v 0.028760 0.022868 0.021519
v -0.030653 0.063703 0.128827
v -0.030318 0.062722 0.129899
v -0.031160 0.054017 0.119712
v -0.029283 0.061340 0.130628
v 0.006327 0.064545 0.102245
v 0.001311 0.067736 0.115522
v 0.008316 0.061724 0.103426
v 0.024329 0.008372 -0.018622
v 0.022359 0.007711 -0.025524
v -0.030996 0.041492 0.096765
v -0.029191 0.040410 0.103425
v -0.009564 0.004882 0.012832
v -0.008162 0.002601 0.010757
v -0.009011 0.003567 0.029351
v -0.008607 0.002218 0.019389
v -0.014295 0.008040 0.030173
v -0.008953 0.075281 0.128804
v -0.004201 0.073911 0.128699
v -0.005442 0.074874 0.129793
v -0.004426 0.074402 0.128571
v -0.031737 0.060460 0.125335
v -0.032767 0.058705 0.125629
v -0.030000 0.057178 0.126415
v -0.031975 0.056810 0.119703
v -0.031757 0.055192 0.119035
v -0.030165 0.053746 0.121495
v -0.031497 0.060754 0.127416
v -0.030661 0.059534 0.128239
v -0.032935 0.057054 0.123586
v -0.032374 0.055926 0.123867
v -0.032555 0.058546 0.126739
v -0.032904 0.057498 0.125356
v -0.032200 0.057215 0.126145
v 0.000860 0.068873 0.111991
v 0.004432 0.064589 0.112537
v 0.000657 0.068757 0.114523
v 0.007737 0.063098 0.102049
v 0.007812 0.060906 0.105365
v 0.003782 0.066043 0.102570
v 0.005409 0.066767 0.112072
v 0.004076 0.067376 0.114273
v 0.003788 0.068224 0.114512
v 0.003231 0.068832 0.113893
v 0.004632 0.067973 0.111407
v 0.005161 0.067614 0.112042
v -0.032975 0.048270 0.114626
v -0.031894 0.051515 0.114902
v -0.031659 0.044860 0.099385
v -0.033591 0.046270 0.108877
v -0.031564 0.055472 0.113806
v -0.033929 0.049636 0.113394
v -0.032617 0.046049 0.111826
v -0.033689 0.049268 0.114302
v -0.034144 0.048046 0.111506
v -0.033629 0.047660 0.113365
v -0.030450 0.040707 0.100497
v -0.029868 0.048622 0.115410
v -0.024036 0.075685 0.146289
v -0.024809 0.077071 0.145698
v -0.014130 0.072837 0.138982
v -0.022960 0.078189 0.144539
v -0.023254 0.077917 0.146651
v -0.023100 0.077145 0.146903
v -0.021773 0.076136 0.146135
v -0.022011 0.078492 0.145262
v -0.021777 0.078135 0.146431
v -0.021132 0.077018 0.146167
v -0.024656 0.076636 0.146366
v -0.023433 0.074954 0.145757
v -0.015302 0.077359 0.134526
v -0.029506 0.050523 0.098923
v -0.022065 0.055247 0.093983
v -0.024654 0.039450 0.073938
v -0.010144 0.037613 0.051840
v 0.012119 0.053877 0.070674
v 0.000082 0.054514 0.073719
v -0.012393 0.015398 0.025222
v 0.019800 0.029462 0.019975
v 0.008795 0.029322 0.023438
v 0.015163 0.006056 -0.032640
v 0.004894 0.000377 -0.028359
v 0.009384 0.003782 -0.031367
v -0.019704 0.054217 0.123703
v -0.008333 0.065025 0.128344
v 0.005386 0.057259 0.107625
v -0.000233 0.054161 0.111450
v 0.001571 0.012853 0.051359
v -0.003400 0.021808 0.071281
v -0.015393 0.019845 0.072191
v 0.023882 0.029957 0.054249
v 0.019766 0.038135 0.071620
v 0.016041 0.021693 0.053569
v 0.011227 0.007520 0.028673
v 0.019954 0.005800 0.004314
v 0.003018 -0.002041 0.002779
v 0.006532 -0.003588 -0.018191
v 0.013301 -0.002246 -0.028111
v 0.007351 -0.000587 0.004198
v -0.017202 0.077578 0.142438
v 0.005377 -0.003245 -0.021939
v -0.000651 -0.002083 -0.004950
v 0.022742 0.039452 0.043667
v 0.018840 0.046947 0.057789
v 0.020350 0.047585 0.062903
v 0.022234 0.045366 0.065599
v 0.021240 0.044571 0.072353
v 0.007511 -0.000280 -0.032959
v 0.007491 -0.002388 -0.030501
v -0.007000 0.073779 0.123053
v -0.026735 0.070977 0.141654
v -0.026101 0.074703 0.139104
v -0.025913 0.026992 0.078547
v 0.018310 0.005144 -0.034344
v 0.020460 0.004769 -0.031774
v 0.015778 0.003455 -0.036390
v 0.025408 0.020863 0.004088
v 0.026531 0.028748 0.024457
v 0.027987 0.028944 0.031467
v 0.028376 0.017839 0.009034
v 0.018082 0.051028 0.079884
v 0.022681 0.012856 -0.017111
v 0.026775 0.013074 -0.004787
v -0.030857 0.050112 0.115844
v -0.010004 0.007579 0.013837
v -0.014213 0.007640 0.036625
v -0.005312 0.074424 0.130127
v -0.006858 0.073521 0.131024
v -0.007920 0.074854 0.130585
v 0.001878 0.066402 0.115655
v -0.032175 0.052239 0.113980
v 0.062991 0.024886 0.121422
v 0.019895 0.033508 0.056402
v 0.006005 0.008356 -0.001369
v 0.035909 0.041239 0.124937
v 0.010929 0.011803 -0.015182
v 0.062880 0.039579 0.148888
v 0.035744 0.039239 0.087097
v 0.021054 0.021091 0.024854
v 0.029124 0.002400 -0.003281
v 0.057289 0.043501 0.139756
v 0.027549 0.009030 0.008552
v 0.035093 0.031648 0.118401
v 0.025390 0.020340 0.091109
v 0.055288 0.032943 0.142971
v 0.063536 0.036482 0.147498
v 0.017428 -0.001349 -0.036737
v 0.029877 -0.009024 -0.008762
v 0.057401 0.029495 0.107257
v 0.039035 0.003699 0.024886
v 0.043783 0.006781 0.095132
v 0.048508 -0.005488 0.051858
v 0.050288 0.045668 0.129895
v 0.035938 -0.010251 0.011324
v 0.065098 0.026420 0.136043
v 0.060449 0.026817 0.137258
v 0.036750 0.046543 0.119155
v 0.030367 0.045528 0.116611
v 0.059769 0.044181 0.153192
v 0.044054 0.047358 0.130457
v 0.061410 0.021005 0.108010
v 0.036716 0.046188 0.113531
v 0.033109 0.044994 0.105139
v 0.050626 0.002904 0.053164
v 0.025383 0.039009 0.076899
v 0.037249 -0.004630 0.011187
v 0.024587 -0.004038 -0.028326
v 0.054689 0.046401 0.146386
v 0.061926 0.031974 0.125932
v 0.058309 0.038979 0.129325
v 0.054261 0.041737 0.126389
v 0.051136 0.044085 0.126236
v 0.045687 0.046477 0.125669
v 0.054699 0.014293 0.075924
v 0.027285 0.017259 0.025613
v 0.013089 0.018130 0.008109
v 0.014341 0.016155 0.002576
v 0.016921 0.013423 -0.002941
v 0.033109 -0.001535 0.001366
v 0.014707 0.005221 -0.033506
v 0.017658 0.002410 -0.035202
v 0.022900 -0.001705 -0.031478
v 0.048874 0.035930 0.100910
v 0.031988 0.013255 0.025975
v 0.040661 0.022137 0.057004
v 0.023008 0.008555 -0.004154
v 0.022164 0.002451 -0.025839
v 0.006071 0.014059 0.030322
v 0.005219 0.011669 0.015142
v 0.061853 0.024501 0.134183
v 0.061296 0.034723 0.148284
v 0.040274 0.040890 0.132102
v 0.054166 0.008455 0.103425
v 0.058714 0.019195 0.123926
v 0.030291 0.039554 0.115619
v 0.018441 0.029584 0.086606
v 0.042288 -0.008906 0.053314
v 0.046541 -0.005136 0.068519
v 0.049245 -0.000127 0.083656
v 0.013316 0.027616 0.071412
v 0.008799 0.020344 0.050883
v 0.031748 -0.012621 0.016026
v 0.036391 -0.011995 0.032945
v 0.024958 -0.009929 -0.012331
v 0.028367 -0.011717 0.001738
v 0.049841 0.042843 0.145799
v 0.048188 0.025838 0.127894
v 0.041164 0.025186 0.119280
v 0.034653 0.036626 0.121482
v 0.044057 0.001362 0.084813
v 0.038128 0.006871 0.089117
v 0.020499 0.025220 0.087769
v 0.033538 -0.011036 0.036968
v 0.023252 -0.003256 0.043044
v 0.012314 0.012488 0.051987
v 0.007813 0.012697 0.037265
v 0.025945 -0.011348 0.003745
v 0.009874 0.003117 -0.027009
v 0.018243 -0.005363 -0.029505
v 0.021434 -0.007407 -0.025090
v 0.053963 0.037866 0.146718
v 0.032474 0.012738 0.091074
v 0.041500 0.016017 0.107589
v 0.022652 0.002465 0.055878
v 0.025014 0.008346 0.072082
v 0.015072 -0.001800 0.019276
v 0.013911 -0.002450 0.004295
v 0.015082 -0.004048 -0.017464
v 0.011045 0.007614 -0.026957
v 0.005523 0.013847 0.008225
v 0.057581 0.007109 0.082425
v 0.056225 0.003322 0.082228
v 0.053157 0.001912 0.087408
v 0.041000 -0.010565 0.039462
v 0.061028 0.020250 0.123904
v 0.062212 0.021204 0.122889
v 0.062941 0.023117 0.122303
v 0.016834 0.001473 -0.036730
v 0.015562 0.001528 -0.036948
v 0.015262 0.000170 -0.036614
v 0.014596 -0.001102 -0.033899
v 0.014036 0.030228 0.048159
v 0.008624 0.023465 0.050196
v 0.018699 0.033934 0.087467
v 0.022535 0.039445 0.081197
v 0.053540 0.046523 0.147051
v 0.051257 0.044946 0.147103
v 0.037521 0.045655 0.122976
v 0.036286 0.043729 0.124102
v 0.021031 -0.006212 -0.029320
v 0.061921 0.040563 0.145848
v 0.042293 0.042970 0.107060
v 0.059161 0.023376 0.102573
v 0.053186 0.031816 0.101276
v 0.060624 0.035573 0.128136
v 0.030250 0.030424 0.057249
v 0.024408 0.031945 0.054466
v 0.049685 0.008978 0.055838
v 0.046030 0.015732 0.056524
v 0.021676 0.015225 0.011230
v 0.033497 0.003184 0.010351
v 0.025659 -0.001952 -0.024743
v 0.013964 0.008324 -0.026699
v 0.017529 0.007247 -0.023784
v 0.046415 0.034700 0.136057
v 0.049591 0.041230 0.144853
v 0.032000 0.024200 0.106199
v 0.024733 0.034099 0.102771
v 0.026513 0.029541 0.103045
v 0.048311 0.003986 0.093011
v 0.017226 0.018403 0.073035
v 0.010691 0.018609 0.056386
v 0.038725 -0.004979 0.064695
v 0.037866 -0.000649 0.074324
v 0.030927 0.003819 0.073524
v 0.033045 -0.006818 0.052133
v 0.010089 0.004462 0.023873
v 0.013594 0.005092 0.039850
v 0.007200 0.007946 0.020993
v 0.029567 -0.011999 0.020623
v 0.028147 -0.009563 0.032726
v 0.022894 -0.007552 0.025717
v 0.024467 -0.010187 0.014003
v 0.020476 -0.008465 -0.006849
v 0.019348 -0.007195 -0.020848
v 0.021592 -0.008745 -0.016315
v 0.010285 0.000847 -0.017129
v 0.063092 0.038320 0.149929
v 0.062128 0.035612 0.149058
v 0.008541 0.008363 -0.019014
v 0.007981 0.012658 -0.007681
v 0.047368 -0.006786 0.057629
v 0.014172 0.003532 -0.035651
v 0.013610 0.001860 -0.035738
v 0.011767 0.001794 -0.032219
v 0.012237 0.003739 -0.033804
v 0.064186 0.030814 0.136813
v 0.063240 0.030939 0.140744
v 0.061806 0.029690 0.140898
v 0.054639 0.045520 0.149963
v 0.050338 0.047069 0.138565
v 0.018219 0.035588 0.065728
v 0.011914 0.029886 0.053828
v 0.013025 0.030761 0.067758
v 0.019210 0.037471 0.081145
v 0.015361 0.034096 0.068116
v 0.020036 -0.003439 -0.034783
v 0.018163 -0.003409 -0.034736
v 0.018479 -0.001214 -0.036749
v 0.036857 -0.011799 0.022567
v 0.046379 0.047024 0.136435
v 0.045478 0.046299 0.137363
v 0.037944 0.045251 0.126396
v 0.044460 0.044822 0.137867
v 0.061532 0.015080 0.108141
v 0.061732 0.019576 0.121886
v 0.059442 0.012209 0.108874
v 0.025324 -0.008574 -0.018374
v 0.024658 -0.006304 -0.025137
v 0.028267 0.043217 0.102360
v 0.027270 0.040568 0.108701
v 0.008281 0.019185 0.014246
v 0.006785 0.017335 0.011863
v 0.005805 0.016729 0.030357
v 0.005535 0.016836 0.020358
v 0.008192 0.023030 0.031977
v 0.064569 0.025498 0.135893
v 0.064969 0.026867 0.137152
v 0.064965 0.025877 0.135834
v 0.043294 0.047328 0.132694
v 0.041291 0.047707 0.132849
v 0.040699 0.044555 0.133290
v 0.040290 0.046906 0.126746
v 0.038906 0.046248 0.125895
v 0.037861 0.044068 0.128065
v 0.043468 0.047005 0.134765
v 0.042529 0.045757 0.135391
v 0.039930 0.047626 0.131546
v 0.038973 0.046615 0.130777
v 0.041115 0.047355 0.133912
v 0.040038 0.046653 0.133158
v 0.062953 0.020686 0.118557
v 0.060066 0.015923 0.118407
v 0.062559 0.020607 0.121053
v 0.060656 0.013315 0.107704
v 0.058344 0.012242 0.110725
v 0.062074 0.017913 0.108779
v 0.062461 0.015745 0.118134
v 0.062405 0.016986 0.120451
v 0.063084 0.017504 0.120798
v 0.063524 0.018277 0.120288
v 0.063392 0.016918 0.117659
v 0.063175 0.016250 0.118214
v 0.032416 0.045589 0.120846
v 0.035780 0.045585 0.121417
v 0.030974 0.044670 0.105359
v 0.030842 0.046057 0.114989
v 0.039682 0.046637 0.120758
v 0.033489 0.047032 0.119840
v 0.030699 0.044803 0.117816
v 0.033144 0.046606 0.120680
v 0.032095 0.046900 0.117813
v 0.031742 0.046123 0.119573
v 0.027389 0.042112 0.105921
v 0.033692 0.042717 0.121475
v 0.058233 0.043035 0.154603
v 0.059329 0.044255 0.154220
v 0.059435 0.033516 0.146497
v 0.061078 0.042985 0.153093
v 0.060544 0.042979 0.155163
v 0.059851 0.042566 0.155316
v 0.059407 0.041071 0.154369
v 0.061608 0.042126 0.153784
v 0.061249 0.041685 0.154883
v 0.060439 0.040749 0.154461
v 0.058913 0.043912 0.154821
v 0.057792 0.042286 0.153962
v 0.063665 0.036465 0.142677
v 0.037012 0.044500 0.105409
v 0.044285 0.039486 0.100627
v 0.030400 0.038723 0.079250
v 0.035327 0.026571 0.056400
v 0.056174 0.009156 0.075478
v 0.052578 0.020360 0.079260
v 0.016120 0.024048 0.027805
v 0.040231 -0.001159 0.022307
v 0.036210 0.008791 0.026354
v 0.021377 0.000568 -0.031917
v 0.012346 0.007988 -0.027725
v 0.017254 0.005141 -0.030575
v 0.041524 0.034212 0.129680
v 0.054942 0.026572 0.134794
v 0.053947 0.013146 0.112690
v 0.048887 0.017072 0.116446
v 0.016040 0.007746 0.052473
v 0.021071 0.013426 0.073410
v 0.015242 0.023956 0.074794
v 0.039066 -0.007979 0.055919
v 0.043869 -0.003114 0.074204
v 0.028839 -0.003201 0.054788
v 0.016166 -0.000917 0.028939
v 0.019509 -0.007403 0.004213
v 0.006783 0.006112 0.002821
v 0.008295 0.004254 -0.018238
v 0.012616 -0.000750 -0.028268
v 0.009433 0.002384 0.004127
v 0.062567 0.037587 0.150615
v 0.008561 0.005791 -0.021827
v 0.006213 0.010247 -0.004590
v 0.048487 -0.002912 0.046612
v 0.053001 0.001834 0.061604
v 0.053649 0.000152 0.066629
v 0.051956 -0.002568 0.068929
v 0.050305 -0.002511 0.075559
v 0.012983 0.005750 -0.032489
v 0.010793 0.004870 -0.030298
v 0.064019 0.028599 0.130476
v 0.053350 0.044490 0.149666
v 0.057262 0.045318 0.147530
v 0.017942 0.035508 0.082478
v 0.021699 -0.002516 -0.033884
v 0.021828 -0.004886 -0.031517
v 0.019470 -0.000493 -0.035941
v 0.035393 -0.007693 0.005351
v 0.041373 -0.008107 0.026251
v 0.041427 -0.010054 0.033099
v 0.033107 -0.011894 0.009717
v 0.054661 0.001813 0.083892
v 0.028848 -0.005740 -0.016286
v 0.029324 -0.010640 -0.004350
v 0.034725 0.044078 0.122128
v 0.010572 0.020364 0.015565
v 0.007287 0.022232 0.038290
v 0.064562 0.026572 0.137424
v 0.063016 0.027863 0.138461
v 0.064097 0.029312 0.138042
v 0.060658 0.018608 0.121835
v 0.036445 0.046164 0.120605
v 0.079647 -0.051378 0.109315
v 0.063862 -0.002375 0.050081
v 0.026875 0.007334 -0.001888
v 0.086912 -0.020814 0.114439
v 0.029494 0.005061 -0.016547
v 0.097662 -0.048779 0.134594
v 0.079057 -0.018026 0.077475
v 0.047668 -0.004845 0.020375
v 0.028331 -0.016189 -0.006148
v 0.098126 -0.041428 0.125889
v 0.034957 -0.016481 0.005696
v 0.076658 -0.022669 0.109265
v 0.058726 -0.014941 0.085065
v 0.088120 -0.043343 0.130581
v 0.094755 -0.050305 0.133510
v 0.015873 -0.003538 -0.037049
v 0.017024 -0.020220 -0.010275
v 0.079966 -0.043361 0.095576
v 0.052502 -0.037075 0.088185
v 0.035739 -0.041821 0.046448
v 0.096389 -0.033274 0.116865
v 0.020946 -0.028070 0.008822
v 0.084041 -0.054121 0.123234
v 0.083131 -0.049728 0.125004
v 0.091234 -0.019335 0.108004
v 0.087863 -0.013457 0.106476
v 0.101655 -0.044702 0.138694
v 0.096083 -0.026907 0.118049
v 0.073413 -0.050016 0.096796
v 0.090009 -0.018930 0.102519
v 0.086433 -0.015210 0.094887
v 0.044466 -0.041132 0.046446
v 0.073960 -0.007485 0.068854
v 0.026598 -0.027419 0.007839
v 0.016945 -0.011888 -0.029410
v 0.101054 -0.038600 0.132412
v 0.086647 -0.048413 0.113048
v 0.092585 -0.042981 0.116031
v 0.093421 -0.038007 0.113354
v 0.094603 -0.034278 0.113341
v 0.095025 -0.028316 0.113226
v 0.059978 -0.043151 0.066931
v 0.045762 -0.013394 0.020775
v 0.039749 0.003108 0.005320
v 0.037431 0.001758 -0.000055
v 0.034828 -0.001093 -0.005500
v 0.026642 -0.021646 -0.001639
v 0.021663 0.000921 -0.034293
v 0.019703 -0.002637 -0.036020
v 0.018098 -0.009253 -0.032565
v 0.082288 -0.032659 0.089703
v 0.059900 -0.025710 0.049257
v 0.032013 -0.008322 -0.006925
v 0.022636 -0.007671 -0.027416
v 0.037199 0.006408 0.028598
v 0.032313 0.007735 0.014064
v 0.080927 -0.051550 0.122068
v 0.092488 -0.048908 0.134747
v 0.089092 -0.025653 0.120946
v 0.058660 -0.046990 0.094755
v 0.073360 -0.049474 0.113032
v 0.082095 -0.015287 0.106225
v 0.064464 -0.004948 0.080458
v 0.030800 -0.037245 0.049121
v 0.038057 -0.041310 0.063060
v 0.045973 -0.043502 0.076991
v 0.058618 0.000534 0.066432
v 0.047165 0.004145 0.047709
v 0.018139 -0.025334 0.014291
v 0.022848 -0.030960 0.030241
v 0.014059 -0.015591 -0.013020
v 0.015673 -0.020613 0.000579
v 0.096098 -0.035180 0.132909
v 0.076861 -0.037725 0.117548
v 0.072675 -0.030596 0.110091
v 0.081658 -0.020868 0.111760
v 0.045903 -0.038235 0.078645
v 0.049852 -0.031210 0.083013
v 0.061217 -0.008434 0.081849
v 0.023472 -0.028313 0.034465
v 0.028441 -0.016596 0.040887
v 0.041104 -0.001866 0.049265
v 0.037566 0.003713 0.035358
v 0.015565 -0.018392 0.002833
v 0.019181 0.004193 -0.027003
v 0.013510 -0.006270 -0.029563
v 0.013301 -0.010331 -0.025403
v 0.092893 -0.040787 0.133857
v 0.053855 -0.024119 0.084992
v 0.062371 -0.032944 0.099641
v 0.035614 -0.015247 0.052909
v 0.044405 -0.016921 0.067831
v 0.023485 -0.006358 0.018425
v 0.020160 -0.004179 0.003919
v 0.015626 -0.003914 -0.017453
v 0.023767 0.004585 -0.027646
v 0.033363 0.008778 0.006958
v 0.055190 -0.048814 0.073801
v 0.051187 -0.048784 0.074241
v 0.049708 -0.046823 0.079915
v 0.026667 -0.035381 0.035865
v 0.075078 -0.051293 0.112574
v 0.076186 -0.051999 0.111303
v 0.078115 -0.051996 0.110401
v 0.018325 -0.002042 -0.037300
v 0.017940 -0.000811 -0.037351
v 0.016627 -0.001009 -0.036820
v 0.015651 -0.001044 -0.033908
v 0.057644 0.002753 0.043147
v 0.049922 0.005407 0.046684
v 0.068750 -0.003818 0.080751
v 0.074139 -0.005040 0.073411
v 0.100909 -0.037538 0.133205
v 0.098718 -0.035924 0.133750
v 0.091247 -0.020687 0.111766
v 0.089230 -0.020266 0.113270
v 0.013628 -0.009186 -0.029653
v 0.097802 -0.047286 0.131614
v 0.087752 -0.024674 0.095792
v 0.074066 -0.046641 0.091466
v 0.079864 -0.038110 0.089979
v 0.089946 -0.046185 0.114959
v 0.064391 -0.013198 0.049898
v 0.063527 -0.006964 0.047760
v 0.050268 -0.038460 0.048477
v 0.055535 -0.032841 0.048833
v 0.040242 -0.006193 0.007590
v 0.034377 -0.026467 0.015544
v 0.019798 -0.012513 -0.026279
v 0.025397 0.002058 -0.027868
v 0.025977 -0.001902 -0.025348
v 0.085868 -0.033824 0.124756
v 0.094363 -0.035400 0.132204
v 0.066797 -0.021179 0.098565
v 0.073217 -0.010763 0.094980
v 0.069560 -0.013975 0.095557
v 0.050991 -0.042071 0.085828
v 0.051494 -0.006344 0.068607
v 0.047005 0.001311 0.053078
v 0.035128 -0.033585 0.060324
v 0.040416 -0.032177 0.069394
v 0.042270 -0.024105 0.069000
v 0.029638 -0.027769 0.048945
v 0.028485 0.000003 0.022864
v 0.032689 -0.004471 0.038038
v 0.030376 0.004126 0.020000
v 0.018750 -0.023479 0.019031
v 0.022476 -0.022391 0.030836
v 0.021593 -0.016178 0.024403
v 0.017790 -0.017511 0.012984
v 0.014868 -0.011373 -0.007203
v 0.013503 -0.008671 -0.020976
v 0.013476 -0.011689 -0.016631
v 0.018737 0.002191 -0.017067
v 0.096714 -0.049488 0.135740
v 0.093739 -0.049408 0.135336
v 0.024920 0.006493 -0.019587
v 0.030536 0.007460 -0.008877
v 0.035069 -0.041685 0.052434
v 0.019577 0.001049 -0.036129
v 0.017821 0.001028 -0.035940
v 0.017727 0.002429 -0.032224
v 0.019447 0.002773 -0.034078
v 0.089241 -0.051506 0.126835
v 0.086613 -0.050774 0.127435
v 0.100776 -0.039158 0.136042
v 0.099075 -0.033611 0.125219
v 0.066738 -0.000922 0.059231
v 0.057540 0.004138 0.049050
v 0.060895 0.002172 0.062500
v 0.071230 -0.002570 0.074041
v 0.064811 0.001057 0.062141
v 0.015050 -0.006853 -0.035226
v 0.014492 -0.005088 -0.034932
v 0.016330 -0.004479 -0.037218
v 0.021552 -0.030428 0.019945
v 0.097444 -0.029722 0.123659
v 0.096626 -0.029198 0.124779
v 0.091538 -0.021516 0.115122
v 0.095001 -0.028778 0.125587
v 0.067930 -0.052113 0.097618
v 0.074354 -0.052003 0.110575
v 0.064697 -0.051170 0.098962
v 0.014495 -0.014957 -0.019176
v 0.015348 -0.012987 -0.026012
v 0.082801 -0.011012 0.093013
v 0.081001 -0.011510 0.099701
v 0.040174 0.007439 0.011875
v 0.037595 0.008436 0.009951
v 0.039617 0.007543 0.028349
v 0.038065 0.008703 0.018536
v 0.046522 0.007257 0.028870
v 0.087550 -0.052077 0.123248
v 0.082988 -0.053917 0.123268
v 0.084593 -0.053947 0.124289
v 0.083459 -0.054158 0.123112
v 0.096164 -0.026398 0.120354
v 0.095908 -0.024405 0.120729
v 0.092841 -0.024936 0.121620
v 0.093885 -0.023200 0.114956
v 0.092697 -0.022044 0.114381
v 0.090668 -0.021977 0.116917
v 0.096242 -0.026849 0.122408
v 0.094875 -0.026437 0.123298
v 0.095197 -0.023040 0.119640
v 0.093827 -0.022411 0.119132
v 0.095690 -0.024450 0.121841
v 0.094574 -0.023606 0.121327
v 0.075257 -0.052490 0.107005
v 0.069864 -0.051351 0.107813
v 0.075450 -0.052364 0.109522
v 0.065933 -0.051840 0.097516
v 0.064670 -0.050289 0.100926
v 0.070852 -0.051735 0.097834
v 0.070413 -0.053635 0.107245
v 0.071919 -0.053372 0.109384
v 0.072673 -0.053867 0.109573
v 0.073456 -0.053978 0.108919
v 0.071731 -0.054078 0.106513
v 0.071124 -0.054144 0.107168
v 0.089233 -0.015730 0.110361
v 0.090384 -0.018939 0.110473
v 0.085489 -0.013332 0.095428
v 0.088254 -0.013585 0.104754
v 0.092502 -0.022196 0.109178
v 0.090765 -0.016170 0.109055
v 0.087478 -0.014115 0.107704
v 0.090389 -0.016061 0.109979
v 0.089882 -0.014727 0.107263
v 0.089319 -0.014808 0.109135
v 0.082047 -0.010866 0.096766
v 0.087049 -0.017938 0.111153
v 0.100317 -0.043764 0.140425
v 0.101746 -0.044353 0.139755
v 0.090523 -0.047353 0.133428
v 0.100936 -0.046320 0.138565
v 0.101086 -0.046001 0.140673
v 0.100503 -0.045501 0.140966
v 0.098816 -0.045499 0.140272
v 0.100408 -0.047164 0.139277
v 0.100055 -0.047069 0.140459
v 0.098856 -0.046583 0.140263
v 0.101388 -0.044130 0.140443
v 0.099376 -0.043543 0.139942
v 0.094024 -0.050011 0.128751
v 0.087250 -0.019062 0.094690
v 0.084116 -0.027143 0.089613
v 0.075650 -0.012496 0.070530
v 0.062373 -0.019364 0.049126
v 0.055571 -0.046206 0.066910
v 0.065504 -0.039431 0.069771
v 0.049332 0.000515 0.023584
v 0.032533 -0.030033 0.017965
v 0.038663 -0.025185 0.019645
v 0.042645 -0.020608 0.021084
v 0.019673 -0.007029 -0.033064
v 0.024408 0.003555 -0.028621
v 0.022855 -0.001753 -0.031740
v 0.082862 -0.028838 0.119194
v 0.080770 -0.044424 0.123346
v 0.064430 -0.046031 0.103338
v 0.067088 -0.040300 0.107241
v 0.037925 -0.006985 0.049812
v 0.048115 -0.011644 0.069058
v 0.056335 -0.002787 0.069939
v 0.031054 -0.034139 0.052004
v 0.039994 -0.038623 0.068769
v 0.032104 -0.022847 0.051687
v 0.026173 -0.007934 0.027678
v 0.017289 -0.011076 0.003682
v 0.025680 0.005492 0.002398
v 0.021120 0.005290 -0.018299
v 0.016236 0.000442 -0.028146
v 0.023237 0.001649 0.003774
v 0.095970 -0.049298 0.136573
v 0.022079 0.005863 -0.022049
v 0.028205 0.008049 -0.005311
v 0.037320 -0.040487 0.040982
v 0.045540 -0.044453 0.054560
v 0.044960 -0.046060 0.059618
v 0.042240 -0.045575 0.062433
v 0.042809 -0.044584 0.069169
v 0.021770 0.002627 -0.033124
v 0.020596 0.004200 -0.030572
v 0.084865 -0.051897 0.117641
v 0.099358 -0.038264 0.136046
v 0.101036 -0.041476 0.133323
v 0.069201 -0.002149 0.075756
v 0.016582 -0.008185 -0.034674
v 0.014777 -0.009302 -0.032080
v 0.017445 -0.005240 -0.036641
v 0.022229 -0.026187 0.002713
v 0.027014 -0.033761 0.022524
v 0.026284 -0.035056 0.029487
v 0.018260 -0.025819 0.007816
v 0.049541 -0.047962 0.076267
v 0.018590 -0.017505 -0.017932
v 0.016028 -0.020623 -0.005667
v 0.088753 -0.018512 0.111495
v 0.042210 0.005565 0.012725
v 0.046479 0.007291 0.035297
v 0.084230 -0.053687 0.124646
v 0.084924 -0.052064 0.125568
v 0.086553 -0.052441 0.125050
v 0.073100 -0.051312 0.110785
v 0.091009 -0.019300 0.109516
v 0.013076 -0.026747 0.022388
v 0.021520 -0.008712 -0.014689
v -0.013765 -0.031906 0.081214
v 0.000999 -0.033277 0.050432
v 0.011964 -0.017604 0.002268
v 0.006526 -0.004368 -0.015293
v -0.009934 -0.035340 0.077072
v 0.007650 -0.009101 -0.007832
v 0.010381 -0.019215 0.045522
v -0.008337 -0.030256 0.081074
v -0.013657 -0.031537 0.083276
v 0.013222 -0.001050 -0.037268
v 0.006143 0.003265 -0.018478
v -0.001284 -0.010197 0.048937
v -0.004941 -0.000704 0.021245
v 0.002588 0.003510 -0.005241
v -0.014774 -0.023779 0.075352
v -0.011733 -0.024338 0.076046
v 0.002033 -0.036927 0.063191
v 0.007147 -0.036369 0.061411
v -0.011214 -0.036269 0.086291
v 0.004417 -0.036339 0.057257
v -0.006451 -0.006175 0.021866
v 0.009778 -0.030907 0.035665
v 0.001628 -0.000123 -0.005486
v 0.009136 0.000568 -0.031482
v -0.007293 -0.037758 0.079899
v -0.010709 -0.032035 0.070445
v -0.007104 -0.034870 0.068537
v -0.004532 -0.036912 0.069745
v 0.006474 -0.013780 0.003158
v 0.016478 -0.014597 -0.010336
v 0.014283 -0.011770 -0.015665
v 0.004086 -0.001889 -0.012062
v 0.015310 -0.005464 -0.035347
v 0.013406 -0.003526 -0.036303
v -0.005030 -0.029281 0.051857
v -0.000238 -0.018999 0.023551
v 0.010383 -0.008454 -0.016179
v 0.010643 -0.003781 -0.030119
v 0.022133 -0.014060 0.005425
v 0.022277 -0.011425 -0.004060
v -0.012662 -0.022704 0.074146
v -0.012553 -0.030102 0.083259
v 0.001062 -0.033685 0.071841
v -0.010709 -0.018967 0.067577
v 0.007288 -0.032448 0.060957
v -0.000797 0.001366 0.022183
v -0.003356 -0.001515 0.032045
v -0.005842 -0.004418 0.039902
v 0.017751 -0.023517 0.032225
v 0.019954 -0.017589 0.021088
v 0.005449 0.004826 -0.002183
v 0.002725 0.003943 0.008904
v 0.008483 0.004318 -0.017255
v -0.005019 -0.034831 0.080943
v -0.001891 -0.022973 0.066930
v 0.004195 -0.029294 0.064955
v -0.001592 -0.004443 0.038893
v 0.015462 -0.021739 0.038197
v 0.004642 0.003137 0.011438
v 0.011316 -0.002308 0.014943
v 0.017499 -0.011698 0.020229
v 0.020978 -0.012776 0.010364
v 0.008980 0.004299 -0.010335
v 0.013273 0.001359 -0.032330
v 0.011455 0.002260 -0.031130
v 0.004126 -0.011793 0.045171
v 0.000265 -0.016660 0.056706
v 0.011844 -0.012557 0.033976
v 0.015533 0.000053 -0.024593
v 0.017419 -0.008092 -0.030468
v 0.022143 -0.013995 -0.003939
v -0.010519 -0.009753 0.040920
v -0.009569 -0.007304 0.040888
v -0.007447 -0.006609 0.044247
v -0.000756 0.002785 0.011227
v -0.012237 -0.019613 0.067573
v -0.012666 -0.019374 0.066384
v -0.013679 -0.021794 0.066301
v 0.014405 -0.002892 -0.037490
v 0.015519 -0.002571 -0.037118
v 0.015491 -0.001335 -0.035400
v 0.016802 -0.024442 0.017012
v 0.020492 -0.020199 0.018452
v 0.014424 -0.028065 0.042581
v 0.011706 -0.031381 0.038394
v -0.007410 -0.037613 0.081652
v -0.006536 -0.036533 0.082662
v 0.002600 -0.036536 0.065691
v -0.012785 -0.033546 0.081224
v -0.012435 -0.020930 0.056891
v -0.007758 -0.026538 0.052312
v -0.012744 -0.028974 0.070155
v 0.006400 -0.024586 0.023241
v 0.010128 -0.025587 0.021266
v -0.007745 -0.012243 0.030395
v -0.003629 -0.014719 0.023550
v 0.011413 -0.013326 -0.006402
v 0.003914 -0.005250 -0.006356
v 0.008466 -0.000890 -0.029196
v 0.015863 -0.007721 -0.031029
v 0.013657 -0.006074 -0.031987
v -0.002753 -0.029676 0.074736
v 0.006282 -0.022109 0.055352
v 0.012346 -0.026890 0.048657
v 0.009701 -0.025579 0.053019
v -0.004223 -0.008228 0.047734
v 0.015402 -0.017503 0.033656
v 0.001525 -0.000166 0.026042
v 0.002323 -0.004778 0.035512
v 0.006749 -0.007782 0.034712
v 0.005167 -0.000116 0.021167
v 0.017398 -0.007807 0.012406
v 0.020612 -0.008247 0.000549
v 0.006945 0.004232 0.000748
v 0.008050 0.002223 0.008523
v 0.011307 0.001052 0.003791
v 0.010113 0.003181 -0.003721
v 0.012515 0.002392 -0.013441
v 0.012036 0.002836 -0.025158
v 0.018576 -0.003230 -0.024626
v 0.020036 -0.011272 -0.018900
v -0.004067 -0.000068 0.025023
v 0.015650 -0.004303 -0.036699
v 0.017313 -0.003326 -0.034455
v -0.013959 -0.027570 0.077850
v -0.008054 -0.037036 0.083602
v 0.014303 -0.028436 0.028361
v 0.017593 -0.025794 0.024432
v 0.017815 -0.025450 0.029738
v 0.014296 -0.029842 0.038675
v 0.011972 0.000311 -0.035795
v 0.013193 0.000257 -0.035801
v -0.002556 -0.037576 0.074879
v 0.002762 -0.035922 0.067167
v -0.000888 -0.036534 0.074397
v -0.011335 -0.013910 0.058015
v 0.008146 0.003621 -0.021971
v 0.010179 0.001543 -0.032141
v 0.007330 -0.035182 0.053960
v 0.009110 -0.032933 0.056360
v 0.020712 -0.015505 -0.006076
v 0.020444 -0.019325 0.006594
v -0.014317 -0.026564 0.075465
v -0.014419 -0.023363 0.075280
v -0.014618 -0.024087 0.076146
v -0.001210 -0.037810 0.070908
v 0.000288 -0.038131 0.072127
v 0.000740 -0.036103 0.072505
v 0.001339 -0.037281 0.067771
v 0.002807 -0.035031 0.068522
v -0.001082 -0.037699 0.073440
v 0.001153 -0.038059 0.071255
v 0.001781 -0.037392 0.070768
v 0.000429 -0.037940 0.072828
v 0.001130 -0.037477 0.072338
v -0.013599 -0.019688 0.064115
v -0.011633 -0.016631 0.064115
v -0.013294 -0.019725 0.065735
v -0.012554 -0.015124 0.057466
v -0.009536 -0.013246 0.058008
v -0.013157 -0.017576 0.057820
v -0.013525 -0.016645 0.064197
v -0.013488 -0.017520 0.065669
v -0.013895 -0.018166 0.065331
v -0.013833 -0.017197 0.063661
v 0.005889 -0.036512 0.064207
v 0.003503 -0.036680 0.064451
v 0.005259 -0.037402 0.063834
v 0.006616 -0.036582 0.063018
v 0.006294 -0.037179 0.061803
v 0.008952 -0.033845 0.054503
v 0.005122 -0.034640 0.064734
v -0.010158 -0.035214 0.086666
v -0.011023 -0.029021 0.081827
v -0.011649 -0.035385 0.087358
v -0.011361 -0.034058 0.086847
v -0.012418 -0.035076 0.086072
v -0.012201 -0.034585 0.087059
v -0.010720 -0.036074 0.086901
v 0.002627 -0.035216 0.054279
v -0.002110 -0.031667 0.051468
v 0.006557 -0.030710 0.037303
v 0.003146 -0.021960 0.022911
v -0.009768 -0.010883 0.036303
v -0.008987 -0.021395 0.046469
v 0.015180 -0.019713 0.003998
v -0.000174 -0.002697 0.001701
v 0.001492 -0.007152 0.002433
v 0.010451 -0.001567 -0.033887
v 0.016748 -0.006829 -0.033240
v 0.000325 -0.029234 0.070504
v -0.008185 -0.024193 0.074342
v -0.007700 -0.014741 0.060363
v -0.004404 -0.017510 0.062583
v 0.009701 -0.004202 0.022958
v 0.015951 -0.003029 0.002658
v 0.021132 -0.007375 -0.011873
v 0.019206 -0.004773 -0.028973
v 0.016880 -0.001784 -0.031783
v 0.018114 -0.003166 -0.010849
v -0.013063 -0.031754 0.084437
v 0.019609 -0.007217 -0.027173
v 0.021290 -0.009834 -0.016844
v -0.006680 -0.003759 0.023103
v -0.008121 -0.004772 0.030782
v -0.008129 -0.004989 0.038244
v 0.017453 -0.004940 -0.034672
v -0.014218 -0.025214 0.071641
v -0.009805 -0.036779 0.082075
v 0.010888 -0.000291 -0.035206
v 0.012265 -0.001580 -0.036655
v 0.002785 0.002031 -0.009224
v -0.000717 0.001718 0.004516
v 0.003676 0.004611 -0.003126
v 0.006614 0.001355 -0.023504
v 0.004436 -0.035530 0.065136
v 0.018637 -0.017009 -0.003961
v 0.021165 -0.019028 0.010713
v -0.012913 -0.025448 0.077208
v -0.014122 -0.025796 0.076575
v -0.012005 -0.018482 0.066272
v 0.018079 -0.050638 0.024916
v 0.022625 -0.014213 -0.010974
v 0.005197 -0.078607 0.072093
v 0.021203 -0.014582 -0.022870
v -0.016024 -0.092194 0.085897
v 0.004531 -0.073582 0.052133
v 0.014819 -0.034424 0.003585
v 0.004221 -0.016999 -0.015060
v -0.010102 -0.090750 0.079176
v 0.006951 -0.024064 -0.007271
v 0.007371 -0.052307 0.052739
v -0.012614 -0.083731 0.084083
v -0.017192 -0.090836 0.086187
v 0.012894 -0.002310 -0.037657
v -0.000014 -0.008029 -0.016963
v -0.013122 -0.072874 0.057630
v -0.004102 -0.028269 0.004157
v -0.010734 -0.049925 0.055453
v -0.015747 -0.031933 0.024694
v -0.005996 -0.014276 -0.002651
v -0.021554 -0.080420 0.078615
v -0.018091 -0.079720 0.080184
v 0.006834 -0.081011 0.066529
v 0.011165 -0.077637 0.065895
v -0.012455 -0.095453 0.088707
v -0.019018 -0.068544 0.059261
v 0.007081 -0.079313 0.062386
v 0.009739 -0.075197 0.056935
v -0.014364 -0.038672 0.023603
v 0.014858 -0.061402 0.038257
v -0.004930 -0.018495 -0.004123
v 0.006717 -0.004729 -0.031781
v -0.007641 -0.093607 0.083994
v -0.011780 -0.085307 0.072101
v -0.006026 -0.085790 0.070264
v -0.002306 -0.087070 0.071920
v -0.014639 -0.053588 0.037675
v 0.006646 -0.033490 0.003928
v 0.019890 -0.024497 -0.008902
v 0.016763 -0.020736 -0.015017
v -0.000288 -0.016771 -0.011434
v 0.017328 -0.006582 -0.035909
v 0.014343 -0.005164 -0.037101
v -0.004398 -0.072929 0.052977
v -0.000725 -0.049624 0.024219
v 0.010795 -0.019034 -0.015950
v 0.010578 -0.009028 -0.030836
v 0.022633 -0.026268 0.011633
v 0.023332 -0.020466 0.000871
v -0.019717 -0.077795 0.078116
v -0.016820 -0.088764 0.086852
v 0.001530 -0.081596 0.076812
v -0.018729 -0.070540 0.072028
v 0.009168 -0.073279 0.066385
v 0.015853 -0.055254 0.048631
v -0.012630 -0.027998 0.027526
v -0.015258 -0.035828 0.037455
v -0.017486 -0.042932 0.045081
v 0.019738 -0.048381 0.038488
v 0.021645 -0.036707 0.025323
v -0.004149 -0.012535 0.002064
v -0.008273 -0.018783 0.013857
v 0.001705 -0.006175 -0.014590
v -0.005420 -0.089487 0.085093
v -0.006929 -0.070072 0.072911
v 0.003459 -0.072946 0.070870
v -0.012769 -0.040454 0.045173
v -0.006314 -0.046645 0.051866
v 0.015363 -0.049790 0.045154
v -0.006158 -0.019565 0.017158
v 0.003521 -0.023170 0.021848
v 0.016302 -0.032743 0.027170
v 0.020484 -0.027675 0.016831
v 0.001181 -0.008406 -0.006443
v 0.019613 -0.005278 -0.029794
v 0.010826 -0.001506 -0.031333
v 0.008186 -0.001904 -0.030264
v -0.010164 -0.087634 0.086110
v -0.000345 -0.049358 0.053082
v -0.006618 -0.058706 0.063296
v 0.005176 -0.030182 0.030411
v 0.006950 -0.040457 0.041474
v 0.012839 -0.010800 -0.005837
v 0.012790 -0.004492 -0.022036
v 0.020369 -0.008734 -0.030870
v 0.024623 -0.023279 0.000333
v -0.019628 -0.051268 0.043541
v -0.019993 -0.048201 0.044395
v -0.018633 -0.047594 0.049083
v -0.011444 -0.022897 0.017685
v -0.019997 -0.071990 0.071408
v -0.020408 -0.071531 0.069964
v -0.020110 -0.074559 0.068965
v 0.015236 -0.003571 -0.038019
v 0.016189 -0.002803 -0.037178
v 0.015195 -0.002128 -0.034892
v 0.021590 -0.044419 0.020381
v 0.022915 -0.038606 0.024199
v 0.017155 -0.058528 0.048345
v 0.016768 -0.061899 0.041870
v -0.006823 -0.093496 0.084660
v -0.006655 -0.092279 0.086357
v 0.005736 -0.081631 0.069449
v -0.014807 -0.091780 0.083574
v -0.016245 -0.068053 0.055072
v -0.008938 -0.071584 0.053372
v -0.015643 -0.083012 0.071920
v 0.009583 -0.052039 0.024451
v 0.014442 -0.050507 0.023028
v -0.011714 -0.043206 0.024526
v -0.006772 -0.046834 0.024271
v 0.013146 -0.027117 -0.005545
v 0.000549 -0.022425 -0.005720
v 0.006472 -0.007414 -0.029698
v 0.018531 -0.010213 -0.031311
v 0.015388 -0.009252 -0.032668
v -0.005264 -0.080336 0.080019
v -0.005755 -0.088064 0.084754
v 0.003108 -0.060918 0.062169
v 0.011981 -0.064489 0.058788
v 0.009088 -0.062012 0.059627
v -0.014806 -0.048910 0.053676
v 0.013603 -0.043749 0.040936
v 0.019347 -0.037537 0.029492
v -0.009875 -0.029809 0.032301
v -0.007871 -0.037628 0.042346
v -0.001314 -0.038268 0.041993
v -0.005255 -0.026184 0.027759
v 0.016785 -0.019335 0.008083
v 0.013529 -0.024982 0.019359
v 0.020247 -0.020056 0.005693
v -0.002666 -0.013448 0.005752
v -0.001546 -0.017769 0.014575
v 0.003330 -0.015673 0.009782
v 0.002006 -0.011364 0.001266
v 0.006520 -0.007522 -0.009455
v 0.007562 -0.003128 -0.023040
v 0.017907 -0.006397 -0.021983
v 0.021920 -0.010491 -0.024644
v 0.023134 -0.016156 -0.016922
v -0.015754 -0.032167 0.029481
v 0.017243 -0.004708 -0.037084
v 0.018124 -0.003638 -0.033750
v 0.018576 -0.004709 -0.035416
v -0.018923 -0.084886 0.080806
v -0.018602 -0.082846 0.081627
v -0.008138 -0.093909 0.086867
v -0.003831 -0.090672 0.078715
v 0.019427 -0.053921 0.031771
v 0.022625 -0.044968 0.025061
v 0.021282 -0.049497 0.035151
v 0.018435 -0.059482 0.042791
v 0.020781 -0.052608 0.034347
v 0.010560 -0.002033 -0.035988
v 0.011898 -0.001470 -0.035645
v -0.007892 -0.016399 0.005950
v -0.000607 -0.088597 0.078282
v 0.005335 -0.081427 0.071357
v -0.000408 -0.087091 0.079634
v -0.021208 -0.064571 0.060551
v -0.020784 -0.062135 0.062038
v 0.002466 -0.005401 -0.020318
v 0.005668 -0.004023 -0.028936
v 0.011838 -0.073645 0.057627
v 0.012100 -0.071235 0.061490
v 0.023872 -0.026341 -0.001850
v 0.024427 -0.023990 -0.003010
v 0.023763 -0.028015 0.011158
v 0.024196 -0.033492 0.010686
v -0.019507 -0.083159 0.078191
v -0.021398 -0.079778 0.078741
v -0.021335 -0.080949 0.079503
v 0.001577 -0.086751 0.074032
v 0.003173 -0.086766 0.075808
v 0.002451 -0.084539 0.076884
v 0.004488 -0.083790 0.071294
v 0.004618 -0.081963 0.073536
v 0.001261 -0.087470 0.077026
v 0.001447 -0.086480 0.077908
v 0.004192 -0.085943 0.075075
v 0.004561 -0.084751 0.074865
v 0.003107 -0.086743 0.076708
v 0.003671 -0.085728 0.076465
v -0.020879 -0.071526 0.066984
v -0.020504 -0.067318 0.068328
v -0.020782 -0.071988 0.068939
v -0.021182 -0.062976 0.060730
v -0.019235 -0.060526 0.062730
v -0.020630 -0.066841 0.060359
v -0.022533 -0.068317 0.067856
v -0.021916 -0.069312 0.069254
v -0.022236 -0.069970 0.069295
v -0.022244 -0.070507 0.068680
v -0.022468 -0.068862 0.067007
v 0.009469 -0.079417 0.068718
v 0.006975 -0.080886 0.068248
v 0.011115 -0.077733 0.064490
v 0.004686 -0.082418 0.067222
v 0.009280 -0.080485 0.067488
v 0.010470 -0.078701 0.067543
v 0.009322 -0.080300 0.068264
v 0.010349 -0.079431 0.066227
v 0.012733 -0.071613 0.059069
v 0.007509 -0.078023 0.069564
v -0.011857 -0.094545 0.090257
v -0.012179 -0.095628 0.089536
v -0.015574 -0.086345 0.085919
v -0.013552 -0.095385 0.090301
v -0.013215 -0.094922 0.090617
v -0.013370 -0.093517 0.090286
v -0.014296 -0.094929 0.088910
v -0.014493 -0.094654 0.090238
v -0.014222 -0.093648 0.090248
v -0.012043 -0.095416 0.090127
v -0.011769 -0.093729 0.090002
v -0.017299 -0.088721 0.081740
v 0.006776 -0.076168 0.056586
v 0.000136 -0.073827 0.052805
v 0.011049 -0.063404 0.039241
v 0.004668 -0.050803 0.023752
v -0.017475 -0.050435 0.038144
v -0.011194 -0.057914 0.039293
v 0.019185 -0.035634 0.006020
v -0.006509 -0.024669 0.003014
v -0.000385 -0.031225 0.004690
v 0.009701 -0.005455 -0.034701
v 0.019314 -0.008041 -0.033384
v -0.001569 -0.076811 0.076151
v -0.014115 -0.077171 0.079307
v -0.016788 -0.062009 0.065629
v -0.012038 -0.064048 0.068492
v 0.011949 -0.030814 0.027881
v -0.001153 -0.027999 0.029716
v 0.010780 -0.017219 0.008841
v 0.021020 -0.014004 -0.007501
v 0.020594 -0.007806 -0.023179
v 0.016377 -0.003186 -0.030407
v 0.017738 -0.012636 -0.006202
v -0.016613 -0.091178 0.087652
v 0.021170 -0.008019 -0.026232
v 0.023346 -0.014743 -0.013814
v -0.014497 -0.032337 0.020233
v -0.016952 -0.040863 0.029759
v -0.018318 -0.041211 0.033766
v -0.018220 -0.039407 0.036332
v 0.019784 -0.005922 -0.032775
v -0.019576 -0.080329 0.074132
v -0.009921 -0.093979 0.084643
v 0.018558 -0.058081 0.044405
v 0.009651 -0.003423 -0.035780
v 0.008574 -0.002453 -0.033541
v 0.012076 -0.003567 -0.037365
v -0.004335 -0.014315 -0.007566
v -0.010021 -0.021301 0.007204
v -0.011172 -0.021748 0.012733
v -0.004467 -0.011843 -0.003048
v -0.019519 -0.047101 0.046213
v 0.002344 -0.008012 -0.023109
v 0.007216 -0.079449 0.069603
v 0.022580 -0.028212 -0.001485
v 0.024166 -0.034281 0.015738
v -0.019768 -0.081410 0.080345
v -0.019905 -0.082648 0.079723
v -0.020187 -0.070220 0.070253
v -0.037406 -0.030865 0.025314
v 0.003581 -0.015781 -0.009790
v -0.075682 -0.033894 0.073343
v 0.003730 -0.014286 -0.022786
v -0.100948 -0.020684 0.086398
v -0.069136 -0.030173 0.052164
v -0.021298 -0.018910 0.003738
v -0.008038 0.000672 -0.014979
v -0.095855 -0.025490 0.079396
v -0.014236 -0.005762 -0.007180
v -0.068470 -0.027179 0.071111
v -0.047329 -0.022105 0.055094
v -0.090901 -0.019622 0.085389
v -0.100269 -0.018874 0.086824
v 0.012809 0.000365 -0.037788
v -0.001386 0.009374 -0.016225
v -0.078007 -0.012917 0.057765
v -0.025076 0.002469 0.004520
v -0.054535 -0.003488 0.057834
v -0.036639 0.011309 0.026157
v -0.088790 -0.029776 0.072646
v -0.011904 0.011595 -0.001475
v -0.091708 -0.009166 0.079566
v -0.089436 -0.012194 0.081431
v -0.076582 -0.036552 0.067091
v -0.071074 -0.039000 0.066860
v -0.102551 -0.025862 0.089202
v -0.077019 -0.005066 0.059835
v -0.074399 -0.035819 0.062773
v -0.068531 -0.036147 0.057344
v -0.042292 0.006574 0.024310
v -0.050756 -0.033581 0.038611
v -0.015260 0.008458 -0.003484
v 0.006737 0.004943 -0.031810
v -0.097842 -0.029446 0.084395
v -0.088711 -0.013912 0.070709
v -0.090753 -0.020917 0.072232
v -0.088100 -0.026669 0.070331
v -0.084668 -0.032377 0.070159
v -0.058204 -0.001119 0.038045
v -0.024595 -0.010556 0.004002
v -0.007899 -0.018428 -0.008672
v -0.005248 -0.013337 -0.015004
v -0.010489 0.005046 -0.011130
v 0.010784 -0.006134 -0.036219
v 0.010749 -0.002501 -0.037443
v -0.073141 -0.021244 0.052924
v -0.045930 -0.012180 0.024189
v -0.006555 -0.006685 -0.015991
v 0.004477 -0.000996 -0.031131
v -0.010322 -0.022513 0.013521
v -0.003286 -0.019955 0.002448
v -0.088201 -0.009590 0.079342
v -0.098159 -0.018196 0.087770
v -0.080903 -0.031999 0.078067
v -0.064983 0.000100 0.061473
v -0.080105 -0.006694 0.073504
v -0.067957 -0.034867 0.067793
v -0.045418 -0.031685 0.050540
v -0.031567 0.010228 0.029719
v -0.041447 0.008522 0.039628
v -0.050860 0.005156 0.049493
v -0.035796 -0.031672 0.040331
v -0.022259 -0.027228 0.027286
v -0.009780 0.010576 0.003873
v -0.019094 0.011069 0.015933
v 0.001024 0.008595 -0.013413
v -0.092871 -0.029521 0.086071
v -0.073743 -0.017868 0.074809
v -0.071542 -0.031093 0.072225
v -0.048581 0.001294 0.051186
v -0.048767 -0.005992 0.054388
v -0.040063 -0.028340 0.047316
v -0.019108 0.008543 0.019491
v -0.018128 -0.002757 0.024456
v -0.021363 -0.020103 0.029568
v -0.013303 -0.021290 0.018967
v -0.002225 0.007754 -0.004807
v 0.012567 -0.007837 -0.029384
v 0.011876 0.002605 -0.030887
v 0.010040 0.004923 -0.029833
v -0.093611 -0.024026 0.087248
v -0.048459 -0.013165 0.055578
v -0.061680 -0.012134 0.065548
v -0.024901 -0.008145 0.033073
v -0.034869 -0.012384 0.043609
v 0.001347 -0.004733 -0.004102
v 0.009049 -0.001053 -0.021048
v 0.009745 -0.010296 -0.030892
v -0.002013 -0.020657 -0.003686
v -0.059122 0.004725 0.044532
v -0.056450 0.006615 0.045767
v -0.055660 0.005489 0.050957
v -0.025052 0.011936 0.019586
v -0.082079 -0.006191 0.072649
v -0.082920 -0.006126 0.071304
v -0.084351 -0.007326 0.069727
v 0.012828 -0.002527 -0.038252
v 0.013824 -0.002108 -0.037360
v 0.013869 -0.001835 -0.034708
v -0.029182 -0.030971 0.021119
v -0.023320 -0.029392 0.025900
v -0.047869 -0.034599 0.049923
v -0.050634 -0.035773 0.042531
v -0.097389 -0.030197 0.085151
v -0.096309 -0.029783 0.087124
v -0.078038 -0.035884 0.070171
v -0.099692 -0.021588 0.083948
v -0.074703 -0.007382 0.055406
v -0.074200 -0.016188 0.053378
v -0.090285 -0.017259 0.071724
v -0.043027 -0.023365 0.024449
v -0.038937 -0.027238 0.023185
v -0.045393 0.001684 0.024909
v -0.046334 -0.004925 0.024382
v -0.014192 -0.013340 -0.005466
v -0.016080 0.001211 -0.005487
v 0.003820 0.003759 -0.029831
v 0.007436 -0.009263 -0.031570
v 0.006898 -0.005705 -0.033023
v -0.083482 -0.024884 0.081510
v -0.091640 -0.028466 0.085842
v -0.058738 -0.022618 0.064340
v -0.057302 -0.032911 0.060520
v -0.056483 -0.028880 0.061616
v -0.055450 0.001005 0.055906
v -0.034723 -0.023457 0.043315
v -0.024656 -0.025542 0.031671
v -0.035086 0.004632 0.038390
v -0.039920 0.000348 0.044940
v -0.037162 -0.006297 0.044655
v -0.026097 0.004027 0.030345
v -0.006276 -0.013248 0.010234
v -0.014518 -0.013273 0.021817
v -0.004960 -0.016894 0.007650
v -0.010281 0.008583 0.007822
v -0.014770 0.005073 0.016987
v -0.009782 0.001558 0.012120
v -0.005441 0.005251 0.003282
v 0.003781 0.003853 -0.012693
v 0.007802 0.004713 -0.022129
v 0.009819 -0.006962 -0.021058
v 0.008205 -0.012850 -0.024271
v 0.002588 -0.017106 -0.016440
v -0.037361 0.011071 0.031333
v 0.012661 -0.005068 -0.037304
v 0.013817 -0.004214 -0.036767
v 0.013792 -0.005461 -0.033550
v 0.013166 -0.006399 -0.035459
v -0.094882 -0.014035 0.081551
v -0.092845 -0.013328 0.082662
v -0.098682 -0.029194 0.087472
v -0.092542 -0.031492 0.079061
v -0.040579 -0.034015 0.032454
v -0.029665 -0.032371 0.026172
v -0.035737 -0.033643 0.036630
v -0.047560 -0.036175 0.043824
v -0.038896 -0.034722 0.035422
v 0.011715 0.002715 -0.036005
v 0.012901 0.001701 -0.035540
v -0.015794 0.012120 0.007600
v -0.088864 -0.033537 0.078886
v -0.078243 -0.035443 0.072254
v -0.087457 -0.032998 0.080516
v -0.074452 -0.000964 0.061593
v -0.081512 -0.005176 0.071088
v -0.072051 -0.000172 0.063471
v 0.004782 0.007531 -0.022860
v 0.006587 0.006241 -0.028674
v -0.066045 -0.037401 0.058308
v -0.063997 -0.036529 0.062761
v -0.008370 -0.023394 -0.001102
v -0.005711 -0.022704 -0.002105
v -0.011375 -0.024481 0.012852
v -0.007694 -0.023791 0.005014
v -0.016364 -0.027673 0.011783
v -0.093252 -0.012524 0.078874
v -0.091025 -0.008993 0.079774
v -0.092355 -0.009831 0.080283
v -0.085542 -0.034594 0.074515
v -0.084927 -0.036189 0.076483
v -0.083267 -0.034387 0.077863
v -0.080936 -0.035826 0.071920
v -0.079346 -0.035081 0.074549
v -0.086702 -0.034733 0.077685
v -0.085748 -0.034433 0.078750
v -0.083544 -0.036734 0.075798
v -0.082190 -0.036479 0.075702
v -0.085032 -0.036137 0.077461
v -0.083745 -0.036158 0.077317
v -0.081625 -0.004988 0.067870
v -0.077534 -0.003244 0.069775
v -0.082221 -0.005368 0.069948
v -0.072926 -0.000181 0.061953
v -0.072012 -0.000942 0.065173
v -0.076318 -0.002672 0.061164
v -0.079477 -0.001781 0.069108
v -0.080262 -0.002920 0.070538
v -0.081061 -0.002947 0.070507
v -0.081517 -0.003197 0.069783
v -0.079879 -0.002100 0.068130
v -0.073937 -0.038342 0.069700
v -0.076567 -0.036669 0.068975
v -0.071046 -0.038963 0.065323
v -0.079098 -0.035213 0.067644
v -0.074931 -0.038670 0.068249
v -0.072618 -0.038913 0.068522
v -0.074812 -0.038637 0.069111
v -0.073246 -0.039133 0.067015
v -0.063787 -0.037269 0.060108
v -0.073683 -0.035762 0.070714
v -0.101535 -0.026017 0.090995
v -0.102664 -0.026238 0.090093
v -0.095107 -0.018143 0.087038
v -0.102822 -0.024345 0.089160
v -0.103209 -0.024810 0.090914
v -0.102625 -0.024907 0.091313
v -0.101321 -0.024034 0.091095
v -0.103021 -0.023540 0.089824
v -0.102979 -0.023528 0.090898
v -0.101877 -0.023277 0.091020
v -0.102453 -0.026277 0.090760
v -0.100680 -0.025680 0.090805
v -0.097834 -0.017579 0.082210
v -0.070936 -0.033773 0.056789
v -0.071677 -0.026072 0.052759
v -0.054718 -0.030949 0.039376
v -0.044269 -0.017973 0.023695
v -0.056669 0.003211 0.038810
v -0.060771 -0.006687 0.039441
v -0.020489 -0.023804 0.006368
v -0.022727 0.006654 0.003591
v -0.026078 -0.002636 0.004887
v 0.007860 0.001769 -0.034982
v 0.009004 -0.009795 -0.031906
v -0.077819 -0.026556 0.077766
v -0.084874 -0.014711 0.080841
v -0.070267 -0.004060 0.067485
v -0.070103 -0.009756 0.070503
v -0.021800 -0.014938 0.030431
v -0.035091 -0.018059 0.044130
v -0.030823 0.007658 0.032255
v -0.042653 0.005213 0.044150
v -0.025954 -0.000907 0.032386
v -0.007378 -0.006395 0.011126
v -0.000008 0.001615 -0.004062
v 0.002606 -0.014216 -0.006036
v 0.009956 -0.010242 -0.022436
v 0.012992 -0.003632 -0.029915
v 0.002115 -0.010387 -0.004566
v -0.100454 -0.019645 0.088395
v 0.010361 -0.010826 -0.025759
v 0.003731 -0.016672 -0.012911
v -0.035931 0.010013 0.021300
v -0.046348 0.007795 0.030705
v -0.047791 0.008833 0.034987
v -0.046274 0.009589 0.037964
v -0.047585 0.008078 0.043550
v 0.011301 -0.007498 -0.035168
v 0.012344 -0.008251 -0.032685
v -0.090151 -0.010912 0.074756
v -0.099427 -0.027450 0.085005
v -0.046319 -0.035623 0.045726
v 0.009897 0.002880 -0.035945
v 0.010048 0.004355 -0.033440
v 0.011156 0.000507 -0.037621
v -0.010589 0.010100 -0.006776
v -0.021714 0.011649 0.008403
v -0.023299 0.012388 0.014333
v -0.008749 0.011368 -0.001616
v -0.055341 0.006669 0.047869
v 0.000465 0.007267 -0.022840
v -0.001861 0.009787 -0.012165
v -0.075205 -0.036206 0.070601
v -0.010862 -0.023109 -0.000931
v -0.017659 -0.028177 0.017189
v -0.092053 -0.009868 0.080675
v -0.091928 -0.011439 0.081389
v -0.093122 -0.011921 0.080582
v -0.080357 -0.005077 0.071573
v 0.020962 0.049213 0.017656
v 0.011089 0.013395 -0.013137
v 0.038697 0.077087 0.059042
v 0.011606 0.012878 -0.024380
v 0.037480 0.071102 0.040673
v 0.021121 0.032465 -0.001401
v 0.028216 0.014095 -0.018337
v 0.054509 0.087490 0.063851
v 0.029096 0.020915 -0.010868
v 0.033066 0.051531 0.042872
v 0.056223 0.083307 0.070011
v 0.061630 0.087369 0.069943
v 0.017275 -0.000238 -0.037911
v 0.031273 0.005224 -0.019781
v 0.054287 0.069199 0.044722
v 0.049956 0.047852 0.044402
v 0.050933 0.028705 0.016535
v 0.038399 0.011405 -0.007207
v 0.064283 0.076785 0.063288
v 0.061101 0.076539 0.065028
v 0.038024 0.079420 0.053459
v 0.032605 0.076333 0.053697
v 0.057646 0.092315 0.072326
v 0.059538 0.064729 0.046160
v 0.034342 0.075658 0.048311
v 0.050138 0.035053 0.015145
v 0.025826 0.059799 0.029192
v 0.037658 0.015348 -0.008802
v 0.023662 0.001830 -0.032979
v 0.051435 0.090109 0.067175
v 0.055113 0.081821 0.057496
v 0.049653 0.082675 0.056117
v 0.046407 0.084305 0.057819
v 0.052655 0.049824 0.027273
v 0.027569 0.031272 -0.001476
v 0.014662 0.022880 -0.012076
v 0.016829 0.018711 -0.017741
v 0.032662 0.013703 -0.015222
v 0.013623 0.004255 -0.036281
v 0.016204 0.002591 -0.037492
v 0.045820 0.069745 0.040930
v 0.038379 0.046539 0.015858
v 0.022189 0.016529 -0.018884
v 0.020489 0.006248 -0.032138
v 0.013169 0.026458 0.006739
v 0.011797 0.020028 -0.002438
v 0.062309 0.074468 0.063119
v 0.061154 0.085508 0.070730
v 0.042707 0.079840 0.063015
v 0.060341 0.067407 0.057983
v 0.034134 0.072115 0.054323
v 0.025108 0.054788 0.039378
v 0.047890 0.025485 0.019653
v 0.051710 0.033174 0.028236
v 0.054931 0.040078 0.034741
v 0.020182 0.048092 0.030610
v 0.017789 0.036932 0.021370
v 0.036861 0.010236 -0.002560
v 0.042075 0.016428 0.007778
v 0.029678 0.003794 -0.017324
v 0.050450 0.087096 0.069773
v 0.049349 0.068082 0.059604
v 0.039752 0.071570 0.058171
v 0.050325 0.038192 0.035301
v 0.045298 0.044965 0.041557
v 0.024856 0.049428 0.036466
v 0.040399 0.017552 0.010948
v 0.032002 0.022074 0.015715
v 0.021261 0.032485 0.020868
v 0.016196 0.027490 0.011813
v 0.030933 0.006333 -0.009890
v 0.011811 0.003621 -0.030324
v 0.019584 -0.000783 -0.032076
v 0.022158 -0.000582 -0.031273
v 0.040043 0.048107 0.042894
v 0.047414 0.056903 0.051405
v 0.031659 0.029298 0.023353
v 0.031657 0.039733 0.033116
v 0.020297 0.009650 -0.008732
v 0.018662 0.002755 -0.023457
v 0.011323 0.006849 -0.031518
v 0.010793 0.022738 -0.003050
v 0.057530 0.047574 0.032595
v 0.057670 0.044730 0.033578
v 0.056681 0.044575 0.038093
v 0.045654 0.020222 0.010873
v 0.061604 0.068609 0.057223
v 0.061847 0.068055 0.055877
v 0.061755 0.070847 0.054756
v 0.015171 0.001126 -0.038184
v 0.014275 0.000547 -0.037284
v 0.015307 -0.000031 -0.035164
v 0.016836 0.043442 0.014065
v 0.015376 0.038368 0.018117
v 0.024151 0.057944 0.038971
v 0.024340 0.060657 0.032661
v 0.052069 0.090687 0.069005
v 0.051929 0.089670 0.070685
v 0.038264 0.079795 0.056398
v 0.059300 0.088302 0.067590
v 0.056612 0.064259 0.042455
v 0.049971 0.068106 0.041097
v 0.058511 0.079321 0.057233
v 0.028978 0.049731 0.016576
v 0.024213 0.048648 0.015664
v 0.048114 0.039582 0.015871
v 0.043791 0.043395 0.015705
v 0.021416 0.024929 -0.009551
v 0.036314 0.022848 -0.004723
v 0.024266 0.004443 -0.031230
v 0.013133 0.008037 -0.032149
v 0.015890 0.006776 -0.033556
v 0.049169 0.078253 0.065661
v 0.050617 0.085716 0.069531
v 0.038443 0.059771 0.050830
v 0.030225 0.063691 0.047998
v 0.032774 0.061171 0.048765
v 0.053545 0.046430 0.042546
v 0.025688 0.043369 0.032818
v 0.045809 0.027718 0.024174
v 0.045313 0.035818 0.033166
v 0.039222 0.036982 0.033216
v 0.040868 0.024467 0.020471
v 0.018323 0.018831 0.003961
v 0.022639 0.024509 0.013912
v 0.014983 0.019667 0.001899
v 0.035814 0.011448 0.000923
v 0.035759 0.016128 0.008953
v 0.030692 0.014312 0.004929
v 0.030959 0.009645 -0.002828
v 0.025661 0.005800 -0.012302
v 0.023355 0.000951 -0.024641
v 0.014051 0.004995 -0.023206
v 0.010358 0.014888 -0.018799
v 0.051298 0.029219 0.020996
v 0.013459 0.002426 -0.037257
v 0.012782 0.001712 -0.034010
v 0.012333 0.002649 -0.035611
v 0.062361 0.081326 0.065204
v 0.061946 0.079500 0.066132
v 0.053488 0.091090 0.070955
v 0.020467 0.052822 0.023931
v 0.016248 0.044336 0.018472
v 0.018599 0.049067 0.027513
v 0.022645 0.058606 0.033795
v 0.019274 0.051877 0.026517
v 0.019548 -0.000602 -0.036482
v 0.018276 -0.000987 -0.036037
v 0.040957 0.013748 0.000570
v 0.045400 0.086275 0.063775
v 0.038756 0.079686 0.058170
v 0.045183 0.084971 0.065155
v 0.061336 0.060903 0.047495
v 0.060840 0.058758 0.049079
v 0.028498 0.002785 -0.022579
v 0.022874 0.000208 -0.033011
v 0.031054 0.072155 0.046279
v 0.030878 0.070167 0.050074
v 0.011600 0.025393 -0.005349
v 0.010800 0.023177 -0.006237
v 0.012790 0.032874 0.005910
v 0.062574 0.079500 0.062838
v 0.064091 0.076207 0.063460
v 0.064185 0.077353 0.064098
v 0.042904 0.084485 0.060067
v 0.041541 0.084752 0.061830
v 0.042102 0.082674 0.062941
v 0.039742 0.081813 0.057896
v 0.039624 0.080257 0.060126
v 0.043472 0.085313 0.062798
v 0.043276 0.084460 0.063702
v 0.040469 0.084030 0.061267
v 0.040008 0.082937 0.061175
v 0.041664 0.084780 0.062669
v 0.041035 0.083868 0.062548
v 0.062075 0.067823 0.053060
v 0.061463 0.064011 0.054628
v 0.062162 0.068384 0.054863
v 0.061190 0.059427 0.047773
v 0.059305 0.057437 0.049936
v 0.060977 0.063063 0.047199
v 0.063408 0.064733 0.053987
v 0.063015 0.065803 0.055267
v 0.063373 0.066392 0.055239
v 0.063382 0.066854 0.054627
v 0.063334 0.065195 0.053160
v 0.034539 0.078017 0.056107
v 0.036959 0.079135 0.055406
v 0.032560 0.076330 0.052373
v 0.034719 0.078921 0.054871
v 0.033461 0.077365 0.055121
v 0.034719 0.078800 0.055612
v 0.033543 0.077955 0.053833
v 0.030147 0.070426 0.047824
v 0.036311 0.076592 0.056866
v 0.057547 0.092484 0.073240
v 0.059720 0.083304 0.070103
v 0.059494 0.091839 0.073033
v 0.058839 0.092063 0.073999
v 0.058580 0.090467 0.073841
v 0.059721 0.091425 0.073647
v 0.059384 0.090511 0.073742
v 0.057530 0.092092 0.073905
v 0.057083 0.090791 0.073665
v 0.061236 0.085110 0.065922
v 0.035919 0.073993 0.044807
v 0.041652 0.070978 0.041001
v 0.029621 0.061387 0.029730
v 0.033571 0.048224 0.015859
v 0.055068 0.046655 0.027743
v 0.049921 0.054272 0.028714
v 0.017320 0.034136 0.001076
v 0.040161 0.021412 -0.002650
v 0.033056 0.029162 -0.001310
v 0.020731 0.002595 -0.035567
v 0.012071 0.005952 -0.033890
v 0.045147 0.075054 0.062522
v 0.057111 0.074460 0.064638
v 0.057352 0.059221 0.052705
v 0.053294 0.061727 0.055551
v 0.025211 0.030338 0.021383
v 0.037332 0.026650 0.022443
v 0.023801 0.016365 0.004426
v 0.012815 0.013271 -0.009978
v 0.011578 0.006478 -0.024247
v 0.014611 0.001340 -0.030964
v 0.015854 0.011780 -0.008882
v 0.060689 0.088613 0.069579
v 0.061223 0.087830 0.071328
v 0.010527 0.007690 -0.026545
v 0.010260 0.013779 -0.015782
v 0.051790 0.033159 0.017000
v 0.054762 0.037698 0.024222
v 0.054699 0.036181 0.026751
v 0.011495 0.004054 -0.033145
v 0.062111 0.076600 0.059230
v 0.054998 0.090839 0.068733
v 0.022524 0.057409 0.035408
v 0.020530 0.000626 -0.036441
v 0.018166 0.000881 -0.037776
v 0.036504 0.011286 -0.011699
v 0.043450 0.018211 0.001272
v 0.044952 0.018867 0.006338
v 0.036737 0.009245 -0.007314
v 0.057263 0.043858 0.035385
v 0.028636 0.005040 -0.025376
v 0.036707 0.077899 0.056787
v 0.012990 0.027048 -0.005218
v 0.013243 0.033920 0.010580
v 0.062822 0.077976 0.064955
v 0.063010 0.079081 0.064280
v 0.061550 0.066868 0.056251
v 0.059170 0.091474 0.071932
v 0.049157 -0.042445 0.014954
v 0.029309 -0.009308 -0.013970
v 0.058291 -0.075951 0.054932
v 0.028099 -0.008953 -0.025166
v 0.051618 -0.100077 0.065068
v 0.054107 -0.070298 0.036897
v 0.036327 -0.030202 -0.003189
v 0.017564 -0.021830 -0.019080
v 0.054794 -0.094663 0.059294
v 0.024049 -0.026194 -0.012507
v 0.043383 -0.053502 0.040096
v 0.050879 -0.093148 0.065678
v 0.049969 -0.099846 0.065434
v 0.014219 -0.003359 -0.037945
v 0.009049 -0.017742 -0.020031
v 0.041130 -0.081065 0.041157
v 0.018991 -0.037236 -0.002946
v 0.028978 -0.063001 0.041937
v 0.013492 -0.049377 0.015129
v 0.008978 -0.027555 -0.007752
v 0.040299 -0.094100 0.059367
v 0.042431 -0.091717 0.061095
v 0.060184 -0.076928 0.049228
v 0.061802 -0.070912 0.049591
v 0.056451 -0.100762 0.067959
v 0.034327 -0.081717 0.042867
v 0.059874 -0.071502 0.044260
v 0.018505 -0.053216 0.013400
v 0.053761 -0.053702 0.025948
v 0.012234 -0.029741 -0.009559
v 0.011416 -0.009517 -0.033084
v 0.058955 -0.094416 0.062454
v 0.050069 -0.090914 0.053252
v 0.054449 -0.087579 0.051792
v 0.057960 -0.086464 0.053383
v 0.027757 -0.065756 0.024747
v 0.029879 -0.034482 -0.003196
v 0.033590 -0.018538 -0.013387
v 0.028864 -0.016976 -0.018808
v 0.014297 -0.024822 -0.015918
v 0.020047 -0.003961 -0.036579
v 0.017000 -0.004593 -0.037683
v 0.047300 -0.075294 0.037283
v 0.034955 -0.052918 0.013422
v 0.023502 -0.019228 -0.019796
v 0.016820 -0.010382 -0.032501
v 0.037983 -0.020588 0.005201
v 0.033983 -0.014808 -0.003632
v 0.040029 -0.091064 0.059307
v 0.049014 -0.098227 0.066315
v 0.057603 -0.080865 0.058781
v 0.036171 -0.084546 0.054538
v 0.057757 -0.069064 0.050450
v 0.051136 -0.050006 0.036379
v 0.013471 -0.045051 0.018392
v 0.016622 -0.053439 0.026583
v 0.019547 -0.060784 0.032736
v 0.049460 -0.041520 0.027944
v 0.042811 -0.031693 0.019290
v 0.009424 -0.025789 -0.003060
v 0.010608 -0.034177 0.006972
v 0.009256 -0.015682 -0.017513
v 0.057615 -0.091686 0.065200
v 0.044435 -0.077243 0.056043
v 0.053590 -0.072806 0.054361
v 0.021463 -0.056199 0.033362
v 0.030073 -0.057568 0.039216
v 0.047378 -0.045974 0.033753
v 0.012717 -0.033874 0.010067
v 0.022029 -0.031217 0.014529
v 0.037191 -0.031032 0.019048
v 0.036808 -0.023631 0.010235
v 0.010497 -0.018595 -0.010215
v 0.021121 -0.002417 -0.030611
v 0.012459 -0.004809 -0.032072
v 0.010829 -0.006809 -0.031264
v 0.036053 -0.056071 0.040349
v 0.037496 -0.067763 0.048434
v 0.027732 -0.036283 0.021772
v 0.035569 -0.043912 0.030968
v 0.020370 -0.013382 -0.009309
v 0.015989 -0.006910 -0.023660
v 0.023707 -0.004294 -0.031977
v 0.036589 -0.015973 -0.004393
v 0.022961 -0.067822 0.030214
v 0.020883 -0.065959 0.031348
v 0.021659 -0.065291 0.035857
v 0.010924 -0.039486 0.009887
v 0.036107 -0.086264 0.053723
v 0.035486 -0.086005 0.052411
v 0.037487 -0.087861 0.051143
v 0.016654 -0.002808 -0.038304
v 0.016909 -0.001793 -0.037381
v 0.015864 -0.002191 -0.035226
v 0.047796 -0.035344 0.011644
v 0.045387 -0.030877 0.015949
v 0.054034 -0.051523 0.035800
v 0.055562 -0.053357 0.029356
v 0.058999 -0.095332 0.064255
v 0.058446 -0.094573 0.065985
v 0.060407 -0.077457 0.052145
v 0.052168 -0.098765 0.063018
v 0.035889 -0.079185 0.039172
v 0.043228 -0.077108 0.037566
v 0.045895 -0.091572 0.053145
v 0.043853 -0.048483 0.013904
v 0.046390 -0.044300 0.013018
v 0.023176 -0.054973 0.013871
v 0.028914 -0.054563 0.013474
v 0.030414 -0.024866 -0.010926
v 0.018496 -0.029058 -0.011213
v 0.012925 -0.011836 -0.031472
v 0.023255 -0.006396 -0.032657
v 0.020363 -0.007430 -0.033976
v 0.052052 -0.084440 0.061552
v 0.056506 -0.090830 0.065033
v 0.045807 -0.063365 0.047645
v 0.054242 -0.060169 0.044552
v 0.050693 -0.060243 0.045469
v 0.025369 -0.064501 0.040184
v 0.042331 -0.042201 0.030437
v 0.016712 -0.045281 0.022773
v 0.023202 -0.050895 0.031321
v 0.028307 -0.047375 0.031266
v 0.017710 -0.039362 0.019214
v 0.028825 -0.018822 0.002867
v 0.030256 -0.026197 0.012534
v 0.031675 -0.016963 0.000741
v 0.011169 -0.026006 0.000346
v 0.014877 -0.029506 0.008117
v 0.016971 -0.024494 0.004159
v 0.013135 -0.021162 -0.003338
v 0.013716 -0.014389 -0.012633
v 0.011362 -0.008950 -0.024714
v 0.020828 -0.005205 -0.023559
v 0.030642 -0.009652 -0.019708
v 0.013791 -0.050140 0.019559
v 0.018819 -0.002530 -0.037459
v 0.018925 -0.001652 -0.034183
v 0.019838 -0.001937 -0.035835
v 0.044958 -0.095976 0.061026
v 0.043991 -0.094431 0.062046
v 0.058373 -0.096688 0.066191
v 0.052338 -0.044825 0.021026
v 0.049033 -0.035693 0.015994
v 0.051132 -0.040976 0.024789
v 0.055342 -0.050748 0.030585
v 0.052614 -0.043395 0.023650
v 0.012425 -0.004768 -0.036482
v 0.013064 -0.003607 -0.036026
v 0.009179 -0.031270 -0.000092
v 0.060320 -0.087321 0.059219
v 0.060061 -0.077788 0.053924
v 0.059605 -0.086296 0.060664
v 0.030402 -0.080358 0.044415
v 0.029293 -0.078551 0.046107
v 0.009144 -0.013965 -0.022715
v 0.010814 -0.007817 -0.033036
v 0.059605 -0.066639 0.042394
v 0.058476 -0.065241 0.046287
v 0.037813 -0.018335 -0.006823
v 0.036761 -0.016183 -0.007599
v 0.042775 -0.024790 0.004032
v 0.043409 -0.094772 0.058761
v 0.040029 -0.093564 0.059567
v 0.040806 -0.094455 0.060144
v 0.060641 -0.084168 0.055593
v 0.061863 -0.083441 0.057331
v 0.060039 -0.082420 0.058553
v 0.060868 -0.079973 0.053544
v 0.059940 -0.078869 0.055853
v 0.060948 -0.085242 0.058280
v 0.060517 -0.084533 0.059227
v 0.062078 -0.082153 0.056798
v 0.061621 -0.081056 0.056761
v 0.061832 -0.083576 0.058167
v 0.061620 -0.082484 0.058090
v 0.035041 -0.085915 0.049611
v 0.032827 -0.082857 0.051375
v 0.035455 -0.086428 0.051383
v 0.029467 -0.079228 0.044770
v 0.029467 -0.076560 0.047022
v 0.032177 -0.081606 0.044003
v 0.031947 -0.084728 0.050710
v 0.033038 -0.085239 0.051928
v 0.033205 -0.085906 0.051872
v 0.033501 -0.086217 0.051237
v 0.032293 -0.084972 0.049859
v 0.061745 -0.073547 0.051922
v 0.060812 -0.076033 0.051180
v 0.061776 -0.070836 0.048269
v 0.062209 -0.074270 0.050642
v 0.061997 -0.072291 0.050964
v 0.062154 -0.074209 0.051388
v 0.062304 -0.072722 0.049648
v 0.059078 -0.064831 0.044022
v 0.059521 -0.073835 0.052768
v 0.055921 -0.099525 0.069101
v 0.048426 -0.095640 0.065795
v 0.055471 -0.101414 0.068928
v 0.055446 -0.100921 0.069294
v 0.054479 -0.099971 0.069141
v 0.054613 -0.101363 0.067646
v 0.054350 -0.101449 0.068905
v 0.053941 -0.100572 0.069046
v 0.056573 -0.100509 0.068843
v 0.048468 -0.097852 0.061535
v 0.057434 -0.071346 0.040860
v 0.051105 -0.073193 0.037260
v 0.052250 -0.057537 0.026428
v 0.039539 -0.050464 0.013137
v 0.023830 -0.065268 0.025401
v 0.032900 -0.066974 0.025932
v 0.040288 -0.028746 -0.000830
v 0.015050 -0.035973 -0.003718
v 0.023469 -0.037180 -0.002597
v 0.013907 -0.007882 -0.035729
v 0.022443 -0.004122 -0.034293
v 0.052466 -0.079232 0.058559
v 0.043737 -0.087406 0.060787
v 0.032224 -0.076508 0.049679
v 0.036975 -0.075466 0.052360
v 0.032913 -0.032356 0.019704
v 0.021828 -0.038438 0.021043
v 0.023245 -0.021009 0.003499
v 0.028144 -0.010552 -0.010797
v 0.023574 -0.004450 -0.024695
v 0.017506 -0.002791 -0.031110
v 0.024997 -0.011706 -0.009602
v 0.050642 -0.099923 0.066789
v 0.025076 -0.004477 -0.027061
v 0.030051 -0.008902 -0.016637
v 0.016077 -0.053124 0.015364
v 0.017525 -0.058656 0.022357
v 0.016599 -0.057629 0.024962
v 0.021530 -0.002405 -0.033453
v 0.041519 -0.092293 0.055309
v 0.057052 -0.097533 0.064017
v 0.054644 -0.049875 0.032258
v 0.012611 -0.006331 -0.036500
v 0.014395 -0.004782 -0.037863
v 0.010032 -0.025978 -0.012245
v 0.010633 -0.036198 0.000390
v 0.010260 -0.037890 0.005425
v 0.008604 -0.024854 -0.007756
v 0.020626 -0.065116 0.033195
v 0.010531 -0.015554 -0.025626
v 0.060169 -0.075031 0.052622
v 0.038019 -0.020490 -0.006771
v 0.043400 -0.025996 0.008643
v 0.042242 -0.093948 0.060958
v 0.042867 -0.094836 0.060227
v 0.034866 -0.084974 0.052844
v -0.030256 0.038339 0.007347
v -0.002007 0.006835 -0.015850
v -0.048820 0.074066 0.041746
v -0.000065 0.005250 -0.026834
v -0.048130 0.100212 0.048470
v -0.042420 0.067101 0.024856
v -0.014004 0.026913 -0.008432
v 0.007059 0.020843 -0.022366
v -0.049706 0.093501 0.043450
v -0.000603 0.024506 -0.016694
v -0.028550 0.053689 0.030781
v -0.045956 0.093767 0.050102
v -0.046495 0.100404 0.048916
v 0.015451 0.001201 -0.038241
v 0.016296 0.018654 -0.022456
v -0.032350 0.080951 0.027900
v 0.001364 0.037582 -0.008688
v -0.016667 0.066306 0.031659
v 0.003003 0.052964 0.007591
v 0.013501 0.029803 -0.011735
v -0.035462 0.096180 0.044042
v -0.037133 0.093640 0.046032
v -0.050526 0.073820 0.035906
v -0.050831 0.067700 0.037089
v -0.053165 0.100192 0.051085
v -0.025965 0.083319 0.029701
v -0.048752 0.067979 0.031790
v -0.002604 0.055327 0.005173
v -0.037840 0.049673 0.016448
v 0.009968 0.030950 -0.013936
v 0.016560 0.008425 -0.034243
v -0.053902 0.092766 0.046485
v -0.043923 0.090112 0.038162
v -0.047385 0.085723 0.037069
v -0.050665 0.084084 0.038698
v -0.015015 0.066917 0.014295
v -0.008641 0.032474 -0.008864
v -0.008201 0.014878 -0.016742
v -0.002926 0.013686 -0.021734
v 0.009405 0.024884 -0.019574
v 0.009558 0.000674 -0.037154
v 0.012459 0.001812 -0.038245
v -0.036884 0.073487 0.024719
v -0.018574 0.051395 0.004741
v 0.001876 0.016917 -0.022876
v 0.011071 0.008141 -0.033955
v -0.014064 0.018392 0.001211
v -0.008380 0.012505 -0.006566
v -0.034542 0.093300 0.044431
v -0.045270 0.099171 0.050051
v -0.049443 0.079484 0.044860
v -0.029087 0.087217 0.040777
v -0.046543 0.066928 0.038329
v -0.035126 0.048093 0.027379
v 0.003753 0.049231 0.011446
v -0.001625 0.057739 0.018235
v -0.006434 0.065013 0.023166
v -0.031149 0.039131 0.020318
v -0.022023 0.029948 0.013387
v 0.013159 0.028632 -0.006852
v 0.009584 0.037824 0.001817
v 0.016383 0.016958 -0.019673
v -0.052177 0.090797 0.049638
v -0.035662 0.078535 0.043076
v -0.043527 0.071994 0.041779
v -0.007353 0.060245 0.024393
v -0.016398 0.060448 0.029723
v -0.030434 0.044678 0.025480
v 0.007404 0.037481 0.004858
v -0.001374 0.033453 0.009375
v -0.016388 0.030522 0.013413
v -0.013882 0.022271 0.005783
v 0.014100 0.020481 -0.012916
v 0.008477 -0.000249 -0.031060
v 0.016495 0.003784 -0.032591
v 0.017603 0.006186 -0.032032
v -0.021974 0.057830 0.030880
v -0.026392 0.069892 0.037136
v -0.008467 0.038058 0.015630
v -0.018310 0.044930 0.023382
v 0.005543 0.013381 -0.011561
v 0.012086 0.006166 -0.024682
v 0.005636 0.000806 -0.032761
v -0.011123 0.012950 -0.007566
v -0.011121 0.070713 0.019548
v -0.008764 0.069528 0.021002
v -0.009654 0.069319 0.025535
v 0.007955 0.043274 0.003920
v -0.029344 0.088781 0.039724
v -0.028602 0.088491 0.038482
v -0.030875 0.089669 0.036899
v 0.013218 0.000081 -0.038590
v 0.013132 -0.000831 -0.037537
v 0.013933 0.000075 -0.035433
v -0.027199 0.031337 0.005145
v -0.024153 0.028137 0.010123
v -0.038242 0.048837 0.026498
v -0.039730 0.049401 0.019813
v -0.054253 0.093883 0.048132
v -0.053656 0.093507 0.049970
v -0.051036 0.074674 0.038707
v -0.048258 0.098546 0.046617
v -0.026716 0.080029 0.026367
v -0.033323 0.076179 0.024858
v -0.039990 0.091659 0.038087
v -0.026322 0.045205 0.005593
v -0.027839 0.040483 0.005247
v -0.007563 0.056052 0.005243
v -0.013043 0.054330 0.004736
v -0.006619 0.022026 -0.015131
v 0.004113 0.028677 -0.015662
v 0.014491 0.010548 -0.033030
v 0.005666 0.002845 -0.033726
v 0.008343 0.004306 -0.035093
v -0.044972 0.084540 0.047249
v -0.050902 0.090194 0.049630
v -0.033497 0.063696 0.036742
v -0.040841 0.058322 0.033893
v -0.037455 0.059304 0.034896
v -0.013365 0.068317 0.029816
v -0.024500 0.041706 0.022900
v 0.000277 0.049326 0.015648
v -0.007781 0.054462 0.023091
v -0.011996 0.049923 0.023394
v 0.000795 0.042909 0.012956
v -0.004615 0.018402 -0.000565
v -0.008189 0.026511 0.007882
v -0.006862 0.015689 -0.002484
v 0.011202 0.028914 -0.003567
v 0.006359 0.032521 0.003498
v 0.005639 0.026682 0.000248
v 0.010555 0.023304 -0.006567
v 0.012016 0.015380 -0.014794
v 0.016221 0.009019 -0.025881
v 0.007730 0.003459 -0.024482
v -0.003028 0.006098 -0.021615
v 0.002275 0.054232 0.011853
v 0.011117 -0.000554 -0.037779
v 0.011001 -0.000983 -0.034416
v 0.010151 -0.001133 -0.036118
v -0.040508 0.097183 0.045270
v -0.039295 0.096043 0.046532
v -0.054053 0.095593 0.049869
v -0.034241 0.040751 0.012911
v -0.028746 0.031986 0.009359
v -0.032468 0.037809 0.017226
v -0.039030 0.047095 0.021414
v -0.034363 0.039663 0.015705
v 0.016807 0.003157 -0.036945
v 0.016406 0.001956 -0.036345
v 0.012036 0.034380 -0.004704
v -0.053508 0.085175 0.044274
v -0.050878 0.075311 0.040429
v -0.052678 0.084538 0.045874
v -0.021942 0.083086 0.031548
v -0.020576 0.081815 0.033517
v 0.017182 0.014624 -0.024566
v 0.017509 0.006924 -0.033930
v -0.047328 0.063090 0.030658
v -0.046166 0.062516 0.034745
v -0.012676 0.014632 -0.010349
v -0.011139 0.012682 -0.010772
v -0.019567 0.021230 -0.000700
v -0.038600 0.096058 0.043252
v -0.035096 0.095750 0.044326
v -0.036080 0.096516 0.044744
v -0.052920 0.081570 0.041136
v -0.054060 0.080831 0.042923
v -0.052138 0.080414 0.044336
v -0.052113 0.077191 0.039712
v -0.051112 0.076642 0.042183
v -0.053614 0.082901 0.043629
v -0.053100 0.082440 0.044681
v -0.053960 0.079468 0.042577
v -0.053277 0.078504 0.042714
v -0.054111 0.081081 0.043732
v -0.053665 0.080063 0.043820
v -0.027977 0.088125 0.035740
v -0.025269 0.085900 0.037995
v -0.028601 0.088768 0.037406
v -0.020809 0.082250 0.032091
v -0.020373 0.079977 0.034705
v -0.023915 0.083842 0.030905
v -0.024774 0.087813 0.037093
v -0.026022 0.088229 0.038190
v -0.026325 0.088829 0.038033
v -0.026641 0.088978 0.037351
v -0.025112 0.087857 0.036205
v -0.051485 0.070573 0.039014
v -0.051065 0.073079 0.037947
v -0.050707 0.067454 0.035794
v -0.052014 0.070995 0.037629
v -0.051401 0.069174 0.038241
v -0.051994 0.071049 0.038377
v -0.051712 0.069344 0.036867
v -0.046526 0.061681 0.032546
v -0.049431 0.071457 0.039876
v -0.052452 0.099269 0.052410
v -0.044109 0.096733 0.049930
v -0.052410 0.101170 0.051978
v -0.052302 0.100749 0.052412
v -0.051145 0.100025 0.052428
v -0.051483 0.101138 0.050744
v -0.051323 0.101449 0.051983
v -0.050745 0.100711 0.052263
v -0.053284 0.100040 0.051991
v -0.044364 0.098285 0.045394
v -0.046131 0.067910 0.028524
v -0.040139 0.070611 0.024886
v -0.037222 0.053776 0.016411
v -0.022496 0.047971 0.004677
v -0.011123 0.067404 0.015132
v -0.020362 0.067113 0.015136
v -0.017696 0.024946 -0.006007
v 0.005524 0.037131 -0.009150
v -0.003010 0.036582 -0.008470
v 0.014646 0.005938 -0.036697
v 0.007047 0.000608 -0.034988
v -0.044072 0.079015 0.045033
v -0.037459 0.089145 0.046314
v -0.023212 0.079674 0.037257
v -0.027783 0.077977 0.039916
v -0.012545 0.032838 0.013999
v -0.003131 0.041349 0.014775
v 0.000314 0.021837 -0.000088
v -0.001333 0.008723 -0.012857
v 0.005286 0.001968 -0.025578
v 0.011950 0.000846 -0.031499
v 0.001412 0.010697 -0.011748
v -0.047251 0.100512 0.050225
v 0.003962 0.001342 -0.027967
v -0.002479 0.005919 -0.018451
v -0.000338 0.056042 0.007202
v -0.003369 0.062007 0.013271
v -0.002404 0.061571 0.016024
v 0.008256 -0.000735 -0.033881
v -0.036013 0.093618 0.040254
v -0.052814 0.096409 0.047637
v -0.038264 0.046633 0.023217
v 0.016290 0.004622 -0.037194
v 0.014969 0.002548 -0.038372
v 0.013088 0.027441 -0.015981
v 0.009528 0.038882 -0.004986
v 0.009219 0.041279 -0.000241
v 0.014447 0.027277 -0.011335
v -0.008445 0.069020 0.022959
v 0.015666 0.015458 -0.027717
v -0.050311 0.072450 0.039538
v -0.013343 0.016675 -0.010616
v -0.020719 0.022879 0.003666
v -0.037420 0.095817 0.045579
v -0.038176 0.096437 0.044708
v -0.027803 0.087691 0.039080
v -0.009073 -0.047451 -0.002033
v 0.011617 -0.017511 -0.020111
v -0.056378 -0.073453 0.029723
v -0.030498 -0.063470 0.011868
v -0.002655 -0.031388 -0.014573
v -0.001547 -0.012453 -0.025463
v -0.050905 -0.075088 0.026887
v -0.003147 -0.019636 -0.021014
v -0.022123 -0.049808 0.017529
v -0.051864 -0.072313 0.032613
v -0.057205 -0.073952 0.031505
v 0.013091 -0.001295 -0.038249
v -0.001482 -0.004464 -0.025181
v -0.034714 -0.042457 0.018516
v -0.027319 -0.022920 -0.000849
v -0.010169 -0.009247 -0.016415
v -0.055781 -0.063929 0.027854
v -0.053392 -0.064899 0.029504
v -0.034554 -0.071793 0.020783
v -0.029480 -0.070942 0.021852
v -0.055791 -0.079465 0.033095
v -0.030069 -0.069089 0.017464
v -0.028194 -0.027869 -0.003114
v -0.017004 -0.056135 0.005196
v -0.010435 -0.012276 -0.018408
v 0.006931 -0.001889 -0.034946
v -0.049532 -0.078506 0.029302
v -0.049179 -0.069512 0.022691
v -0.044921 -0.071489 0.021709
v -0.042969 -0.073933 0.022986
v -0.008224 -0.028014 -0.014823
v 0.006182 -0.024064 -0.021192
v 0.006198 -0.019326 -0.025188
v -0.005319 -0.011390 -0.023087
v 0.014623 -0.006071 -0.037537
v 0.013151 -0.003863 -0.038368
v -0.036779 -0.060120 0.011861
v -0.021968 -0.040215 -0.003990
v 0.002652 -0.015949 -0.026022
v 0.008192 -0.006348 -0.034895
v 0.004298 -0.030206 -0.006346
v 0.008107 -0.024150 -0.012605
v -0.053591 -0.062650 0.028254
v -0.056429 -0.072760 0.032520
v -0.039456 -0.072302 0.028276
v -0.049601 -0.056900 0.025457
v -0.029657 -0.067327 0.023057
v -0.024417 -0.021751 0.002472
v -0.030429 -0.028011 0.007875
v -0.035526 -0.033502 0.011752
v -0.009627 -0.048820 0.008836
v -0.003762 -0.039355 0.003455
v -0.009171 -0.009492 -0.012303
v -0.016093 -0.014471 -0.005264
v -0.000122 -0.004179 -0.022814
v -0.048387 -0.076501 0.032215
v -0.041253 -0.060754 0.027277
v -0.034400 -0.065932 0.025997
v -0.031446 -0.033409 0.012817
v -0.014343 -0.049467 0.013127
v -0.015419 -0.016309 -0.002779
v -0.010491 -0.022925 0.000765
v -0.006244 -0.033677 0.003966
v 0.001055 -0.030955 -0.002547
v -0.002622 -0.006967 -0.017259
v 0.010743 -0.001136 -0.033495
v 0.008561 -0.000697 -0.033019
v -0.028274 -0.042731 0.017359
v -0.035863 -0.051310 0.022728
v -0.016812 -0.039491 0.011789
v 0.009572 -0.005495 -0.027031
v 0.014698 -0.010450 -0.033850
v 0.008262 -0.026445 -0.013550
v -0.039305 -0.038276 0.008464
v -0.038783 -0.036176 0.009787
v -0.038469 -0.037037 0.013572
v -0.019921 -0.016174 -0.005431
v -0.050830 -0.057364 0.024541
v -0.050725 -0.056655 0.023527
v -0.051257 -0.058679 0.022098
v 0.014431 -0.002903 -0.038607
v 0.015190 -0.002843 -0.037712
v 0.014284 -0.002436 -0.035925
v -0.001858 -0.040641 0.000659
v -0.016298 -0.056687 0.013649
v -0.016445 -0.057761 0.007965
v -0.050392 -0.079065 0.030659
v -0.050205 -0.078575 0.032232
v -0.035175 -0.072476 0.023109
v -0.055336 -0.074964 0.029534
v -0.046313 -0.054282 0.015702
v -0.039657 -0.057709 0.012068
v -0.051187 -0.066573 0.022746
v -0.015437 -0.045443 -0.003464
v -0.011275 -0.045791 -0.003744
v -0.032156 -0.036485 0.000596
v -0.025414 -0.036229 -0.003839
v 0.000008 -0.024164 -0.019879
v -0.007462 -0.016588 -0.020036
v 0.005569 -0.004028 -0.034029
v 0.013552 -0.009798 -0.034821
v 0.011858 -0.007824 -0.035896
v -0.042568 -0.068996 0.029713
v -0.029442 -0.055963 0.022230
v -0.020802 -0.057920 0.017882
v -0.025084 -0.058317 0.020597
v -0.036975 -0.040055 0.017055
v -0.013002 -0.043946 0.011208
v -0.023865 -0.024779 0.005882
v -0.026611 -0.032629 0.011786
v -0.022097 -0.035247 0.011954
v -0.018680 -0.023051 0.003725
v -0.003506 -0.027159 -0.000638
v 0.004329 -0.023070 -0.008560
v -0.009053 -0.011274 -0.009613
v -0.011144 -0.016187 -0.003891
v -0.006198 -0.015562 -0.006571
v -0.004310 -0.010641 -0.012083
v 0.001967 -0.007650 -0.018842
v 0.006460 -0.002593 -0.027932
v 0.012610 -0.008569 -0.026980
v 0.012446 -0.017994 -0.024987
v -0.028247 -0.023915 0.002693
v 0.015342 -0.004539 -0.037991
v 0.015698 -0.004680 -0.035159
v -0.055664 -0.068302 0.028694
v -0.051843 -0.079287 0.032104
v -0.007668 -0.048432 0.000074
v -0.006179 -0.047726 0.001880
v -0.008277 -0.049538 0.006206
v -0.014532 -0.056694 0.009898
v 0.011223 -0.000598 -0.037138
v 0.012282 -0.000725 -0.036631
v -0.043362 -0.076679 0.027560
v -0.035737 -0.072531 0.024554
v -0.041856 -0.075685 0.028313
v -0.046723 -0.048635 0.019727
v 0.001672 -0.002903 -0.026869
v 0.007983 -0.000841 -0.034629
v -0.026317 -0.066964 0.016629
v -0.026086 -0.066057 0.020117
v 0.008127 -0.026831 -0.016401
v 0.003011 -0.035179 -0.008188
v -0.055087 -0.066451 0.027079
v -0.055497 -0.063560 0.028112
v -0.055944 -0.064525 0.028418
v -0.040496 -0.075403 0.024991
v -0.039685 -0.076268 0.026464
v -0.039711 -0.074667 0.027726
v -0.037045 -0.073868 0.023882
v -0.036384 -0.072288 0.025960
v -0.041472 -0.076316 0.027045
v -0.038583 -0.075918 0.026195
v -0.037921 -0.075182 0.026347
v -0.039885 -0.076387 0.027139
v -0.039134 -0.075833 0.027243
v -0.050526 -0.055970 0.021247
v -0.049220 -0.053418 0.023270
v -0.050946 -0.056665 0.022617
v -0.047385 -0.049402 0.018308
v -0.045258 -0.048170 0.020759
v -0.047746 -0.051655 0.017383
v -0.050878 -0.053336 0.022503
v -0.051361 -0.054689 0.023322
v -0.051486 -0.055095 0.022638
v -0.050847 -0.053587 0.021744
v -0.031726 -0.072088 0.023408
v -0.033856 -0.072173 0.022491
v -0.031997 -0.072680 0.022505
v -0.030589 -0.071729 0.022780
v -0.030276 -0.071750 0.021473
v -0.025321 -0.066113 0.018265
v -0.032842 -0.070602 0.024194
v -0.055175 -0.078758 0.034248
v -0.054644 -0.071347 0.032493
v -0.056727 -0.079081 0.034066
v -0.056429 -0.077733 0.034303
v -0.056882 -0.078250 0.032855
v -0.057174 -0.078224 0.033899
v -0.055650 -0.079568 0.033856
v -0.030486 -0.066804 0.014810
v -0.033808 -0.062258 0.011926
v -0.020488 -0.056395 0.005131
v -0.018420 -0.042789 -0.004137
v -0.036565 -0.037492 0.004794
v -0.038882 -0.050798 0.008980
v -0.000361 -0.034140 -0.012637
v -0.014703 -0.017258 -0.014624
v -0.013025 -0.021572 -0.015030
v 0.009345 -0.002900 -0.037044
v 0.015137 -0.008199 -0.035803
v -0.049643 -0.064336 0.029791
v -0.044491 -0.050537 0.022808
v -0.042255 -0.054068 0.024907
v -0.015033 -0.027651 0.005529
v -0.001220 -0.019010 -0.006976
v 0.009924 -0.017425 -0.017595
v 0.015183 -0.008247 -0.030651
v 0.014002 -0.004354 -0.032697
v 0.006373 -0.013931 -0.016517
v -0.057159 -0.074642 0.032577
v 0.015074 -0.011132 -0.030017
v 0.012472 -0.017629 -0.022303
v -0.029217 -0.026221 -0.001337
v -0.033578 -0.030052 0.003578
v -0.036717 -0.033194 0.009256
v 0.016112 -0.006021 -0.035881
v -0.053553 -0.063759 0.024684
v -0.052733 -0.078339 0.030259
v 0.010119 -0.001287 -0.037386
v 0.012076 -0.001938 -0.038395
v -0.008129 -0.008983 -0.019968
v -0.016914 -0.014458 -0.011004
v -0.010268 -0.009189 -0.013886
v 0.001289 -0.004184 -0.029585
v -0.033489 -0.071496 0.023865
v 0.005638 -0.028848 -0.016245
v 0.001850 -0.036596 -0.004579
v -0.054759 -0.066255 0.029463
v -0.055486 -0.066228 0.028314
v -0.050221 -0.055872 0.024068
v 0.051781 0.027607 -0.004553
v 0.023901 0.010478 -0.021340
v 0.100839 0.031704 0.023539
v 0.075444 0.033037 0.007899
v 0.040698 0.016959 -0.016285
v 0.094622 0.033336 0.018842
v 0.038109 0.005863 -0.022340
v 0.063849 0.024182 0.012771
v 0.096717 0.032148 0.026259
v 0.101733 0.031754 0.025140
v 0.016813 -0.001712 -0.038304
v 0.030324 -0.004662 -0.026868
v 0.071897 0.013690 0.012952
v 0.058692 0.000798 -0.005047
v 0.097049 0.024027 0.021503
v 0.081839 0.038187 0.016137
v 0.078076 0.039392 0.017780
v 0.102462 0.036772 0.026837
v 0.077101 0.037614 0.013186
v 0.061080 0.004752 -0.006933
v 0.061518 0.031821 0.002045
v 0.022232 -0.003475 -0.035505
v 0.096826 0.038288 0.023585
v 0.090435 0.034354 0.016611
v 0.089657 0.037003 0.017924
v 0.043765 0.013040 -0.016736
v 0.030678 0.014162 -0.022248
v 0.028976 0.010396 -0.026041
v 0.033954 0.000737 -0.026459
v 0.017498 -0.000589 -0.038644
v 0.080725 0.026587 0.007664
v 0.059176 0.019099 -0.006983
v 0.030777 0.006401 -0.027045
v 0.022702 0.000685 -0.035244
v 0.034608 0.017941 -0.008661
v 0.029239 0.014474 -0.014421
v 0.094829 0.024139 0.022227
v 0.100692 0.030971 0.026037
v 0.086246 0.036579 0.022761
v 0.089427 0.020367 0.019276
v 0.076248 0.036009 0.018186
v 0.055917 0.000648 -0.001993
v 0.067260 0.005235 0.005332
v 0.052897 0.028037 0.005302
v 0.044655 0.022375 0.000274
v 0.038703 -0.003698 -0.015299
v 0.046324 -0.002233 -0.008982
v 0.029128 -0.004550 -0.024694
v 0.095231 0.036858 0.026179
v 0.083783 0.026350 0.021353
v 0.079793 0.033081 0.020628
v 0.065968 0.007508 0.007565
v 0.057141 0.026762 0.009044
v 0.046430 -0.000585 -0.006642
v 0.044625 0.006461 -0.003018
v 0.044800 0.016753 0.000432
v 0.037645 0.017278 -0.005309
v 0.032269 -0.003340 -0.019652
v 0.018805 -0.002876 -0.034094
v 0.020491 -0.004010 -0.033754
v 0.066577 0.016171 0.012136
v 0.075961 0.020503 0.017061
v 0.055774 0.017636 0.007367
v 0.021387 0.000060 -0.028125
v 0.018673 0.006285 -0.033922
v 0.029879 0.016494 -0.015181
v 0.074144 0.009113 0.003553
v 0.073010 0.007470 0.004685
v 0.073106 0.008114 0.008148
v 0.050110 -0.002104 -0.009197
v 0.090600 0.020381 0.018424
v 0.090252 0.019872 0.017484
v 0.091366 0.021455 0.016253
v 0.016234 0.000109 -0.038520
v 0.015593 0.000274 -0.037687
v 0.016242 -0.000463 -0.036120
v 0.043453 0.024236 -0.002138
v 0.061258 0.032113 0.009728
v 0.061652 0.033239 0.004628
v 0.097761 0.038396 0.024804
v 0.097463 0.037973 0.026213
v 0.082633 0.038435 0.018244
v 0.100481 0.033333 0.023461
v 0.085613 0.019769 0.010473
v 0.094019 0.028053 0.017145
v 0.056401 0.023827 -0.006139
v 0.067410 0.010433 -0.003383
v 0.061600 0.012731 -0.007171
v 0.035906 0.012078 -0.021267
v 0.044131 0.003670 -0.018694
v 0.024119 -0.002193 -0.034640
v 0.019393 0.005396 -0.034863
v 0.020119 0.003219 -0.035968
v 0.087746 0.032681 0.023827
v 0.072165 0.026611 0.017008
v 0.065524 0.031405 0.013448
v 0.069292 0.030146 0.015771
v 0.072945 0.010980 0.011463
v 0.054097 0.022692 0.007143
v 0.056549 0.003205 0.001224
v 0.061634 0.008553 0.006768
v 0.058751 0.012275 0.007173
v 0.051577 0.003631 -0.000617
v 0.040198 0.012454 -0.003885
v 0.032103 0.012086 -0.010936
v 0.036726 -0.002098 -0.014292
v 0.042788 0.000824 -0.007507
v 0.038386 0.002117 -0.009785
v 0.028632 -0.001127 -0.020901
v 0.022985 -0.003387 -0.029157
v 0.019894 0.003665 -0.027858
v 0.023290 0.011401 -0.025699
v 0.059870 0.001143 -0.001840
v 0.016424 0.002267 -0.037814
v 0.015839 0.001860 -0.035293
v 0.098461 0.027686 0.022435
v 0.099077 0.038017 0.026069
v 0.050975 0.028805 -0.002563
v 0.049517 0.028634 -0.000909
v 0.051968 0.029225 0.002999
v 0.059718 0.032904 0.006399
v 0.018157 -0.002986 -0.037390
v 0.017323 -0.002544 -0.036891
v 0.091003 0.038946 0.022151
v 0.083146 0.038219 0.019533
v 0.089414 0.038590 0.022843
v 0.084091 0.014709 0.013877
v 0.027120 -0.004810 -0.028346
v 0.020997 -0.004009 -0.035224
v 0.073217 0.037155 0.012477
v 0.072772 0.036306 0.015601
v 0.030076 0.016909 -0.017747
v 0.037356 0.021754 -0.010177
v 0.096892 0.025840 0.020403
v 0.096689 0.023802 0.021732
v 0.097399 0.024443 0.022030
v 0.088123 0.038980 0.019877
v 0.087259 0.038498 0.022347
v 0.084688 0.038925 0.018933
v 0.083628 0.037727 0.020772
v 0.089287 0.039311 0.021735
v 0.086716 0.040004 0.021050
v 0.085913 0.039606 0.021181
v 0.087847 0.040056 0.021633
v 0.087167 0.039695 0.021975
v 0.089813 0.019477 0.015405
v 0.087880 0.017688 0.017179
v 0.090425 0.019849 0.016655
v 0.084885 0.015193 0.012602
v 0.082723 0.014768 0.014841
v 0.085942 0.017001 0.011841
v 0.089228 0.017091 0.016426
v 0.090108 0.018020 0.017202
v 0.090341 0.018350 0.016595
v 0.089274 0.017350 0.015751
v 0.079615 0.039272 0.018616
v 0.081413 0.038661 0.017719
v 0.080030 0.039718 0.017814
v 0.078253 0.039577 0.016904
v 0.072119 0.036703 0.013957
v 0.080646 0.037955 0.019228
v 0.101723 0.036334 0.027873
v 0.098713 0.030397 0.026019
v 0.103131 0.036085 0.027668
v 0.102424 0.035046 0.027841
v 0.102955 0.035395 0.026536
v 0.103209 0.035223 0.027469
v 0.102391 0.036870 0.027533
v 0.076624 0.035688 0.010686
v 0.077802 0.030891 0.007792
v 0.058101 0.028281 -0.002551
v 0.071518 0.009569 0.000300
v 0.078083 0.019713 0.004516
v 0.039750 0.019950 -0.014352
v 0.041927 -0.000958 -0.019868
v 0.045885 0.009091 -0.016791
v 0.020520 -0.001704 -0.037280
v 0.017502 0.004645 -0.035758
v 0.092079 0.026366 0.023477
v 0.082925 0.016912 0.016811
v 0.082295 0.020528 0.018919
v 0.050127 0.008637 0.001314
v 0.035389 0.006720 -0.009849
v 0.025332 0.009707 -0.019127
v 0.017566 0.004451 -0.031100
v 0.017190 0.000889 -0.033138
v 0.027130 0.005520 -0.018408
v 0.101949 0.032294 0.026137
v 0.018656 0.006798 -0.030419
v 0.023188 0.010975 -0.023287
v 0.061403 0.002938 -0.005426
v 0.066450 0.004419 -0.000984
v 0.070250 0.005704 0.004160
v 0.015939 0.003159 -0.035879
v 0.099467 0.037010 0.024335
v 0.019314 -0.002774 -0.037625
v 0.037526 -0.003397 -0.022209
v 0.041499 -0.003620 -0.017901
v 0.039491 -0.004249 -0.016779
v 0.027833 -0.003737 -0.030764
v 0.032854 0.017741 -0.017613
v 0.038875 0.022369 -0.006901
v 0.097016 0.026244 0.023081
v 0.097597 0.026029 0.022018
v 0.089571 0.019362 0.017961
v -0.035464 0.007843 0.000014
v -0.001052 -0.002858 -0.019420
v -0.056878 0.023500 0.014813
v -0.018522 0.006610 -0.013209
v -0.000379 0.011345 -0.024789
v -0.073720 0.039515 0.030585
v -0.007610 0.010681 -0.020060
v -0.041023 0.019592 0.019967
v -0.071152 0.041259 0.036276
v -0.074386 0.045894 0.035285
v 0.014344 0.000725 -0.038218
v 0.007320 0.013712 -0.024757
v -0.037758 0.033919 0.020901
v -0.017418 0.032828 0.000683
v 0.000388 0.020570 -0.015659
v -0.064456 0.047589 0.031272
v -0.064605 0.044994 0.032932
v -0.065796 0.024833 0.024108
v -0.063400 0.020213 0.025088
v -0.078985 0.042737 0.036704
v -0.061951 0.021359 0.020619
v -0.022513 0.032171 -0.001430
v -0.045964 0.012794 0.007677
v -0.002669 0.019911 -0.017568
v 0.012015 0.006450 -0.034788
v -0.076502 0.037147 0.033105
v -0.067986 0.039568 0.026159
v -0.068623 0.034880 0.025174
v -0.070332 0.032257 0.026510
v -0.016984 0.012986 -0.013491
v -0.009031 0.000374 -0.020227
v -0.004614 0.001814 -0.024401
v -0.000424 0.015284 -0.022377
v 0.010249 -0.002202 -0.037371
v 0.011892 -0.000114 -0.038257
v -0.055572 0.030552 0.014786
v -0.032503 0.022438 -0.002008
v -0.002479 0.006250 -0.025299
v 0.008118 0.003881 -0.034613
v -0.014992 0.000261 -0.005058
v -0.008234 -0.001533 -0.011604
v -0.062549 0.045873 0.031605
v -0.072971 0.045508 0.036259
v -0.067518 0.029359 0.031737
v -0.055911 0.043800 0.028552
v -0.059943 0.021479 0.026190
v -0.015300 0.030384 0.003951
v -0.022952 0.034236 0.009671
v -0.029640 0.037447 0.013819
v -0.036574 0.007920 0.011009
v -0.025890 0.005185 0.005212
v 0.000597 0.019522 -0.011525
v -0.006046 0.024632 -0.004184
v 0.008088 0.012484 -0.022401
v -0.074129 0.036647 0.035960
v -0.057012 0.034602 0.030392
v -0.059944 0.026449 0.029172
v -0.028274 0.033552 0.014832
v -0.038482 0.012238 0.015416
v -0.007521 0.023416 -0.001633
v -0.012253 0.016657 0.002076
v -0.021175 0.009294 0.005581
v -0.016567 0.003135 -0.001164
v 0.004842 0.014018 -0.016685
v 0.013946 0.003011 -0.033403
v 0.013720 0.005239 -0.032907
v -0.036104 0.027654 0.019657
v -0.046463 0.032315 0.025439
v -0.029701 0.017650 0.013787
v 0.009626 0.002787 -0.026740
v 0.006194 -0.003620 -0.033521
v -0.010423 -0.002377 -0.012485
v -0.035485 0.039637 0.010710
v -0.033264 0.039769 0.011969
v -0.033866 0.039193 0.015803
v -0.008850 0.027791 -0.004246
v -0.056762 0.044843 0.027661
v -0.056083 0.044961 0.026616
v -0.058238 0.044861 0.025248
v 0.013195 -0.001051 -0.038546
v 0.013514 -0.001765 -0.037657
v 0.013691 -0.000777 -0.035858
v -0.026641 0.002975 0.002410
v -0.045990 0.011918 0.016196
v -0.047260 0.011752 0.010508
v -0.077253 0.037799 0.034501
v -0.076671 0.037762 0.036067
v -0.066561 0.025213 0.026481
v -0.074857 0.043799 0.033307
v -0.052732 0.041473 0.018601
v -0.054124 0.034050 0.014958
v -0.065772 0.042390 0.026149
v -0.035520 0.014572 -0.001403
v -0.034598 0.010470 -0.001731
v -0.031861 0.033342 0.002632
v -0.029718 0.026961 -0.001934
v -0.010959 0.006269 -0.018817
v -0.005961 0.015750 -0.019112
v 0.009579 0.007103 -0.033778
v 0.006438 -0.002317 -0.034503
v 0.007781 -0.000086 -0.035625
v -0.066441 0.034958 0.033837
v -0.048995 0.024733 0.024996
v -0.048397 0.015854 0.020561
v -0.049987 0.019836 0.023366
v -0.036190 0.036826 0.019386
v -0.032840 0.012637 0.013291
v -0.017922 0.028921 0.007472
v -0.026091 0.029149 0.013703
v -0.027227 0.024016 0.013893
v -0.014761 0.024474 0.005174
v -0.014243 0.008664 0.000702
v -0.008207 0.002410 -0.007513
v -0.000986 0.018857 -0.008762
v -0.006142 0.019351 -0.002816
v -0.004131 0.014799 -0.005602
v 0.000978 0.014502 -0.011334
v 0.005527 0.009407 -0.018321
v 0.011436 0.006662 -0.027696
v 0.007600 -0.001066 -0.026634
v -0.001430 -0.003783 -0.024326
v -0.018534 0.033405 0.004294
v 0.011922 -0.002425 -0.037886
v 0.011992 -0.002820 -0.035035
v -0.068589 0.046144 0.032255
v -0.077857 0.039120 0.035983
v -0.035906 0.006188 0.002147
v -0.034714 0.004966 0.003923
v -0.036944 0.006415 0.008365
v -0.045588 0.010233 0.012396
v 0.014483 0.002727 -0.037095
v 0.014701 0.001670 -0.036595
v -0.072931 0.031782 0.031209
v -0.066735 0.025731 0.027946
v -0.071494 0.030636 0.031914
v -0.047298 0.043570 0.022481
v 0.009719 0.011163 -0.026550
v 0.013351 0.005756 -0.034516
v -0.058799 0.018404 0.019660
v -0.057739 0.018446 0.023140
v -0.010932 -0.002354 -0.015342
v -0.020220 -0.000009 -0.006738
v -0.066692 0.046159 0.030563
v -0.064006 0.047428 0.031517
v -0.065058 0.047562 0.031861
v -0.070924 0.029426 0.028542
v -0.071457 0.028380 0.030041
v -0.069885 0.028887 0.031262
v -0.068439 0.026583 0.027329
v -0.066650 0.026421 0.029363
v -0.072026 0.030079 0.030652
v -0.070795 0.027428 0.029744
v -0.069882 0.027016 0.029865
v -0.071609 0.028533 0.030728
v -0.070846 0.027979 0.030805
v -0.055444 0.044987 0.024296
v -0.052528 0.044502 0.026235
v -0.056191 0.045174 0.025703
v -0.048284 0.043978 0.021085
v -0.046371 0.042301 0.023485
v -0.050589 0.043643 0.020231
v -0.052979 0.046122 0.025482
v -0.054396 0.046170 0.026357
v -0.054848 0.046170 0.025682
v -0.053237 0.046017 0.024725
v -0.065130 0.022016 0.026722
v -0.065890 0.024041 0.025831
v -0.065812 0.022100 0.025836
v -0.064461 0.021036 0.026063
v -0.064432 0.020734 0.024744
v -0.057623 0.017700 0.021267
v -0.064015 0.023538 0.027482
v -0.079271 0.042709 0.037443
v -0.071072 0.044225 0.036162
v -0.078596 0.044204 0.036967
v -0.079005 0.043841 0.038070
v -0.077684 0.043990 0.038212
v -0.078395 0.044557 0.037831
v -0.079049 0.042728 0.038059
v -0.077938 0.042316 0.038089
v -0.059974 0.022464 0.017880
v -0.056718 0.027048 0.014878
v -0.047274 0.016062 0.007668
v -0.033901 0.018248 -0.002123
v -0.034025 0.037256 0.006953
v -0.047360 0.035420 0.011619
v -0.020400 0.003563 -0.011204
v -0.008620 0.022481 -0.013541
v -0.012265 0.019558 -0.013837
v 0.011706 0.003830 -0.036902
v 0.008421 -0.003349 -0.035565
v -0.063388 0.031322 0.031949
v -0.062915 0.041562 0.033152
v -0.048341 0.040837 0.025614
v -0.050979 0.037607 0.027807
v -0.018008 0.019565 0.007085
v -0.005942 0.008970 -0.005969
v -0.001397 -0.001215 -0.016867
v 0.008566 -0.003427 -0.030376
v 0.011874 -0.001101 -0.032543
v 0.000915 0.003256 -0.015842
v -0.073552 0.045289 0.033389
v -0.074997 0.045637 0.036386
v 0.005784 -0.004202 -0.029644
v -0.000980 -0.003707 -0.021636
v -0.021181 0.033648 0.000321
v -0.026016 0.036655 0.005452
v -0.029792 0.038694 0.011312
v 0.010806 -0.003623 -0.035725
v -0.063724 0.045512 0.028044
v -0.077261 0.040264 0.034091
v 0.013478 0.003579 -0.037308
v 0.013413 0.001504 -0.038330
v 0.001140 0.018703 -0.019274
v -0.006480 0.025444 -0.009953
v 0.000500 0.020673 -0.013114
v 0.008280 0.011152 -0.029239
v -0.065082 0.023889 0.027188
v -0.013620 -0.000577 -0.015088
v -0.021810 0.000663 -0.003043
v -0.066323 0.045894 0.032952
v -0.066558 0.046605 0.031805
v -0.055160 0.044713 0.027130
v -0.015437 0.055710 -0.021119
v -0.035076 0.039762 -0.021231
v -0.047008 0.017343 -0.021838
v -0.049621 -0.007814 -0.022429
v -0.042417 -0.032032 -0.023113
v -0.026460 -0.051702 -0.023883
v -0.004213 -0.063735 -0.024508
v 0.020949 -0.066338 -0.024940
v 0.045195 -0.059115 -0.025113
v 0.064825 -0.043147 -0.024976
v 0.076734 -0.020620 -0.024248
v 0.079481 0.004257 -0.024004
v 0.072269 0.028498 -0.023293
v 0.056324 0.048128 -0.022570
v 0.033938 0.060310 -0.021727
v 0.008776 0.062914 -0.021295
v -0.005036 0.035767 -0.018848
v -0.017162 0.026348 -0.018528
v -0.023637 0.011269 -0.020672
v -0.026344 -0.002296 -0.018678
v -0.021956 -0.017203 -0.019192
v -0.011024 -0.031118 -0.022127
v 0.002782 -0.038768 -0.022904
v 0.016846 -0.038036 -0.020203
v 0.031649 -0.033580 -0.020259
v 0.044515 -0.025214 -0.021992
v 0.050973 -0.009967 -0.019672
v 0.053024 0.004119 -0.020825
v 0.049069 0.018077 -0.021471
v 0.040095 0.028981 -0.022501
v 0.025100 0.037878 -0.019898
v 0.009644 0.039594 -0.019474
v 0.009581 0.008534 -0.020480
v 0.007173 0.005249 -0.021683
v 0.005415 0.001895 -0.021859
v 0.004768 -0.001329 -0.021389
v 0.005755 -0.004720 -0.021338
v 0.008233 -0.007780 -0.021735
v 0.011636 -0.009742 -0.022127
v 0.015273 -0.010043 -0.022106
v 0.018689 -0.008782 -0.021868
v 0.021436 -0.006228 -0.021562
v 0.022909 -0.002059 -0.020431
v 0.023041 0.002441 -0.019374
v 0.022071 0.005512 -0.019754
v 0.019849 0.007761 -0.020293
v 0.016415 0.009903 -0.019706
v 0.012740 0.010333 -0.019578
v 0.005398 0.016429 -0.020582
v 0.019357 0.018322 -0.020059
v 0.015917 -0.018845 -0.021819
v 0.000202 0.010785 -0.021889
v 0.022823 -0.016600 -0.021666
v 0.011931 0.019445 -0.019476
v -0.004061 0.005613 -0.020376
v 0.028341 -0.011647 -0.021206
v -0.005832 0.000043 -0.018373
v 0.031095 -0.002818 -0.018325
v -0.003763 -0.006918 -0.018553
v 0.031250 0.006658 -0.015633
v 0.001707 -0.013954 -0.020570
v 0.029864 0.011298 -0.018109
v 0.008774 -0.018374 -0.022024
v 0.025956 0.014533 -0.020656
v 0.039308 0.013574 -0.020807
v 0.006049 -0.028275 -0.022735
v 0.032941 0.020749 -0.022300
v 0.016154 -0.027554 -0.020569
v 0.000965 0.024628 -0.020973
v 0.022787 0.026349 -0.021568
v -0.007690 0.017555 -0.021065
v 0.026825 -0.024313 -0.020579
v 0.011650 0.027567 -0.021291
v -0.013598 0.008625 -0.020058
v 0.036025 -0.018143 -0.021656
v -0.016440 0.000306 -0.016714
v 0.040892 -0.007206 -0.020149
v -0.013256 -0.010389 -0.017028
v 0.041900 0.004455 -0.019255
v -0.004547 -0.021791 -0.020904
v -0.026422 0.033594 -0.019119
v 0.008675 0.051816 -0.019486
v 0.038543 -0.046575 -0.023053
v -0.035205 0.014962 -0.020600
v 0.054482 -0.033842 -0.023128
v -0.010525 0.046181 -0.019319
v -0.037300 -0.005256 -0.021057
v 0.063286 -0.014349 -0.020794
v -0.031785 -0.024543 -0.021275
v 0.066564 0.003628 -0.023155
v -0.018609 -0.041425 -0.023118
v 0.060649 0.023743 -0.021912
v -0.000713 -0.051123 -0.023638
v 0.047850 0.039491 -0.021389
v 0.019046 -0.052407 -0.022941
v 0.028953 0.049663 -0.019909
v 0.014487 -0.000865 -0.022087
vn 0.0432 0.9981 0.0447
vn -0.1428 0.9883 0.0539
vn 0.0343 0.9924 0.1184
vn -0.3211 0.9458 0.0482
vn -0.4525 0.8902 0.0524
vn -0.3101 0.9435 0.1168
vn -0.0818 0.5050 0.8592
vn -0.0777 0.2077 0.9751
vn -0.0085 0.1959 0.9806
vn 0.3420 0.9390 0.0362
vn 0.3871 0.9163 0.1031
vn 0.2957 0.9528 0.0692
vn 0.1324 0.4965 0.8579
vn 0.1078 0.1945 0.9750
vn 0.2045 0.5060 0.8379
vn 0.2006 0.9786 0.0462
vn 0.3417 0.9334 0.1097
vn 0.0099 -0.0536 0.9985
vn -0.0022 -0.0576 0.9983
vn 0.2707 0.4805 0.8341
vn 0.2884 0.4105 0.8650
vn 0.1583 0.1547 0.9752
vn 0.3810 0.4246 0.8213
vn -0.0192 -0.0549 0.9983
vn 0.8396 0.5430 0.0176
vn 0.7763 0.6293 0.0352
vn 0.7764 0.6300 0.0182
vn 0.3950 0.3473 0.8505
vn 0.1897 0.1045 0.9763
vn 0.4448 0.3306 0.8324
vn 0.4631 0.2544 0.8490
vn 0.2855 0.0816 0.9549
vn 0.5323 0.2117 0.8197
vn 0.9137 0.3959 0.0922
vn 0.9195 0.3926 0.0194
vn 0.5194 0.0959 0.8491
vn 0.9596 0.2668 0.0897
vn 0.9770 0.2129 0.0127
vn 0.2523 -0.0132 0.9676
vn 0.6083 0.0091 0.7937
vn -0.0243 -0.0351 0.9991
vn -0.0223 -0.0187 0.9996
vn 0.5347 -0.0979 0.8393
vn 0.9991 0.0400 0.0136
vn 0.9852 -0.1552 0.0733
vn 0.9882 -0.1530 0.0053
vn 0.2221 -0.0808 0.9717
vn 0.5203 -0.2163 0.8261
vn 0.9536 -0.2927 0.0705
vn 0.9354 -0.3535 -0.0037
vn -0.0088 -0.0111 0.9999
vn 0.8285 -0.5598 -0.0135
vn 0.8800 -0.4749 0.0072
vn 0.8860 -0.4637 -0.0008
vn 0.2732 -0.1741 0.9461
vn 0.5008 -0.2731 0.8213
vn 0.4394 -0.3302 0.8354
vn 0.1740 -0.1819 0.9678
vn 0.4320 -0.3690 0.8229
vn -0.0104 0.0130 0.9999
vn 0.4191 -0.4479 0.7898
vn 0.3336 -0.4633 0.8210
vn 0.1660 -0.2796 0.9457
vn 0.2438 -0.5147 0.8220
vn 0.5762 -0.8173 -0.0079
vn 0.4407 -0.8957 0.0598
vn 0.4328 -0.9014 -0.0090
vn -0.0327 -0.9994 -0.0055
vn 0.0781 -0.9969 -0.0034
vn -0.0500 -0.9954 0.0820
vn 0.0667 -0.2188 0.9735
vn 0.1879 -0.5709 0.7992
vn 0.0159 0.0254 0.9996
vn 0.0903 -0.5150 0.8524
vn 0.0020 -0.2578 0.9662
vn 0.0542 -0.5645 0.8236
vn -0.2013 -0.9795 -0.0015
vn -0.1229 -0.9924 0.0097
vn -0.0923 -0.5091 0.8557
vn -0.0887 -0.2774 0.9567
vn -0.1918 -0.5525 0.8111
vn -0.3622 -0.9288 0.0776
vn -0.3718 -0.9283 0.0052
vn -0.2594 -0.4601 0.8492
vn -0.4862 -0.8699 0.0825
vn -0.5393 -0.8420 0.0099
vn -0.8600 -0.5100 0.0175
vn -0.7764 -0.6297 0.0248
vn -0.8554 -0.5099 0.0910
vn -0.6850 -0.7285 0.0105
vn -0.7068 -0.7028 0.0805
vn -0.6233 -0.7817 0.0224
vn -0.1546 -0.2066 0.9661
vn -0.3768 -0.4632 0.8022
vn -0.6334 -0.7692 0.0845
vn -0.3963 -0.3531 0.8475
vn -0.4167 -0.3123 0.8537
vn -0.2088 -0.1479 0.9667
vn -0.1864 -0.0683 0.9801
vn 0.0321 -0.0054 0.9995
vn 0.0856 -0.0037 0.9963
vn -0.4678 -0.2187 0.8564
vn -0.5652 -0.1608 0.8091
vn -0.9252 -0.3785 0.0287
vn -0.9658 -0.2394 0.0994
vn -0.9708 -0.2385 0.0259
vn -0.5341 -0.0825 0.8414
vn -0.4867 -0.0366 0.8728
vn -0.2734 -0.0028 0.9619
vn -0.5631 0.0391 0.8255
vn -0.9215 0.3868 0.0357
vn -0.9543 0.2939 0.0545
vn -0.9550 0.2945 0.0350
vn -0.5065 0.0921 0.8573
vn -0.1956 0.0507 0.9794
vn -0.5204 0.1436 0.8418
vn 0.0428 -0.0296 0.9986
vn 0.0511 -0.0458 0.9976
vn -0.4549 0.1980 0.8682
vn -0.1877 0.1210 0.9747
vn -0.4505 0.2291 0.8629
vn 0.0320 -0.0444 0.9985
vn -0.1656 0.2049 0.9647
vn -0.4896 0.3186 0.8117
vn -0.4451 0.3586 0.8205
vn -0.7039 0.5890 -0.3970
vn -0.8437 0.5160 -0.1479
vn -0.7631 0.6346 -0.1228
vn 0.5181 -0.8553 0.0039
vn 0.5436 -0.8352 0.0838
vn 0.3972 -0.9175 0.0195
vn -0.6294 0.7746 0.0617
vn -0.7030 0.7100 0.0406
vn -0.6300 0.7755 0.0423
vn -0.5509 0.8336 0.0417
vn -0.3459 0.3426 0.8735
vn -0.3392 0.4117 0.8458
vn -0.5563 -0.0029 -0.8310
vn -0.6970 -0.2061 -0.6868
vn -0.6326 -0.1030 -0.7676
vn -0.1034 0.0283 -0.9942
vn -0.0980 0.0068 -0.9952
vn -0.0996 0.0615 -0.9931
vn -0.1904 0.1662 -0.9675
vn -0.0727 0.0847 -0.9938
vn -0.2230 -0.0472 -0.9737
vn -0.3398 0.6655 -0.6645
vn -0.3444 0.5142 -0.7855
vn -0.5272 0.5445 -0.6524
vn -0.4553 0.7574 -0.4681
vn -0.5787 0.7029 -0.4136
vn -0.3825 0.9057 -0.1826
vn -0.2943 0.8335 -0.4676
vn -0.5213 0.8397 -0.1519
vn -0.6503 0.7452 -0.1479
vn -0.5464 0.8374 0.0148
vn -0.6303 0.7760 0.0226
vn -0.3470 0.3375 -0.8750
vn -0.4764 0.4178 -0.7736
vn -0.7065 0.7075 0.0129
vn -0.7696 0.6381 0.0211
vn -0.7035 0.7106 0.0087
vn -0.3780 0.9258 0.0081
vn 0.2840 0.9351 -0.2121
vn 0.2001 0.9797 0.0093
vn 0.2921 0.9301 0.2225
vn -0.5121 0.2896 -0.8086
vn 0.0063 0.9936 0.1124
vn 0.1038 0.9919 0.0730
vn 0.1040 0.9685 0.2262
vn 0.0051 0.9999 0.0129
vn -0.4340 0.1913 -0.8804
vn -0.5895 0.1613 -0.7915
vn -0.7449 0.4692 -0.4744
vn -0.6375 0.3615 -0.6804
vn -0.8337 0.5520 0.0145
vn -0.8794 0.4758 0.0145
vn -0.8794 0.4758 0.0149
vn -0.8201 0.5722 0.0005
vn -0.9219 0.3874 0.0100
vn -0.9569 0.2467 -0.1530
vn -0.9806 0.1959 0.0041
vn -0.9594 0.2818 0.0135
vn -0.7688 0.6369 0.0579
vn -0.7693 0.6376 0.0409
vn -0.7182 0.2231 -0.6591
vn -0.7980 0.3382 -0.4988
vn -0.8569 0.2270 -0.4627
vn -0.9022 0.3831 -0.1980
vn -0.9506 0.3102 0.0104
vn -0.9216 0.3879 -0.0127
vn -0.9855 0.1055 -0.1328
vn -1.0000 0.0097 -0.0002
vn -0.9946 0.1030 0.0111
vn -0.8282 0.5591 0.0388
vn -0.8785 0.4746 0.0555
vn -0.8790 0.4752 0.0384
vn -0.8834 -0.0577 -0.4650
vn -0.9626 -0.2097 -0.1717
vn -0.9853 -0.0516 -0.1630
vn -0.9797 0.2003 0.0006
vn -0.4639 0.0116 -0.8858
vn -0.5645 -0.1928 -0.8026
vn -0.6172 -0.0201 -0.7866
vn -0.7440 0.0592 -0.6656
vn -0.9079 0.1038 -0.4062
vn -0.9852 -0.1716 -0.0040
vn -0.9969 -0.0790 0.0050
vn -0.8700 -0.2147 -0.4438
vn -0.9122 -0.3540 -0.2063
vn -1.0000 0.0054 -0.0040
vn -0.9946 0.1033 0.0008
vn -0.7313 -0.1338 -0.6688
vn -0.9259 -0.3774 -0.0165
vn -0.9584 -0.2853 0.0009
vn -0.9794 0.1995 0.0319
vn -0.9935 0.1020 0.0502
vn -0.9943 0.1025 0.0308
vn -0.9941 -0.1084 0.0005
vn -0.9788 -0.2041 -0.0151
vn -0.8457 -0.4985 -0.1904
vn -0.8330 -0.5532 -0.0110
vn -0.8908 -0.4543 -0.0059
vn -0.9944 -0.0958 0.0439
vn -0.9934 -0.1089 0.0353
vn -0.9996 0.0046 0.0273
vn -0.6645 -0.5806 -0.4705
vn -0.6600 -0.7274 -0.1879
vn -0.7697 -0.6195 -0.1541
vn -0.9259 -0.3775 -0.0152
vn -0.9585 -0.2850 -0.0094
vn -0.8095 -0.3313 -0.4848
vn -0.6801 -0.2957 -0.6708
vn -0.8770 -0.4803 -0.0120
vn -0.7127 -0.7013 -0.0164
vn -0.7764 -0.6301 -0.0146
vn -0.5239 -0.6916 -0.4973
vn -0.5412 -0.8107 -0.2232
vn -0.4642 -0.3433 -0.8165
vn -0.2527 -0.3653 -0.8959
vn -0.3651 -0.4501 -0.8150
vn -0.7296 -0.4538 -0.5116
vn -0.5913 -0.4067 -0.6964
vn -0.7764 -0.6301 -0.0131
vn -0.8344 -0.5498 -0.0374
vn -0.5601 -0.8278 -0.0331
vn -0.6277 -0.7782 -0.0178
vn -0.9241 -0.3786 0.0518
vn -0.2500 -0.5269 -0.8123
vn -0.4694 -0.5371 -0.7008
vn -0.5601 -0.8278 -0.0313
vn -0.6506 -0.7592 -0.0207
vn -0.7108 -0.7021 -0.0419
vn -0.4204 -0.8856 -0.1975
vn -0.3962 -0.9177 -0.0286
vn -0.4883 -0.8724 -0.0222
vn -0.7758 -0.6304 0.0261
vn -0.2572 -0.8574 -0.4457
vn -0.1313 -0.9717 -0.1963
vn -0.2942 -0.9407 -0.1690
vn -0.0611 -0.4196 -0.9057
vn -0.0773 -0.5897 -0.8039
vn -0.3448 -0.6442 -0.6827
vn -0.3791 -0.7775 -0.5017
vn -0.4623 -0.8863 -0.0267
vn -0.2030 -0.9787 -0.0308
vn -0.3087 -0.9508 -0.0268
vn -0.0875 -0.8851 -0.4571
vn 0.0396 -0.9789 -0.2006
vn -0.1534 -0.7092 -0.6881
vn -0.3740 -0.9265 -0.0420
vn -0.0240 -0.9990 -0.0387
vn -0.1034 -0.9941 -0.0335
vn -0.2805 -0.9594 -0.0311
vn -0.1034 -0.9941 -0.0320
vn -0.2007 -0.9780 -0.0563
vn 0.1714 -0.9843 -0.0412
vn 0.0787 -0.9963 -0.0335
vn 0.2156 -0.8344 -0.5072
vn 0.4072 -0.8888 -0.2106
vn 0.2249 -0.9516 -0.2095
vn 0.1352 -0.3998 -0.9066
vn 0.2650 -0.4973 -0.8261
vn 0.0959 -0.5538 -0.8271
vn 0.0416 -0.8598 -0.5090
vn 0.0536 -0.7070 -0.7052
vn 0.0094 -0.9987 -0.0501
vn 0.3602 -0.9319 -0.0426
vn 0.2717 -0.9617 -0.0355
vn 0.3911 -0.7926 -0.4678
vn 0.5736 -0.7916 -0.2105
vn 0.1080 -0.9934 -0.0392
vn 0.2642 -0.6632 -0.7003
vn 0.2038 -0.9776 -0.0524
vn 0.5557 -0.8303 -0.0429
vn 0.4666 -0.8838 -0.0349
vn 0.0902 -0.9959 0.0033
vn 0.3000 -0.9531 -0.0394
vn 0.3049 -0.3117 -0.8999
vn 0.4065 -0.4112 -0.8159
vn 0.3910 -0.9189 -0.0529
vn 0.7071 -0.7058 -0.0420
vn 0.6409 -0.7668 -0.0360
vn 0.2874 -0.9578 0.0037
vn 0.3001 -0.9539 -0.0047
vn 0.1900 -0.9817 -0.0145
vn 0.6367 -0.5782 -0.5102
vn 0.8005 -0.5508 -0.2362
vn 0.7086 -0.6744 -0.2077
vn 0.5381 -0.8412 -0.0531
vn 0.4664 -0.8834 -0.0451
vn 0.4973 -0.2565 -0.8288
vn 0.5122 -0.6953 -0.5042
vn 0.4318 -0.5628 -0.7049
vn 0.6921 -0.7199 -0.0524
vn 0.6178 -0.7853 -0.0399
vn 0.8280 -0.5589 -0.0466
vn 0.7783 -0.6270 -0.0345
vn 0.5580 -0.4375 -0.7051
vn 0.7592 -0.6497 -0.0385
vn 0.8892 -0.4057 -0.2117
vn 0.9192 -0.3921 -0.0373
vn 0.8725 -0.4876 -0.0324
vn 0.8280 -0.5589 -0.0448
vn 0.4376 -0.0809 -0.8955
vn 0.5699 -0.0814 -0.8176
vn 0.6393 -0.2917 -0.7115
vn 0.7328 -0.4515 -0.5091
vn 0.8865 -0.4614 -0.0357
vn 0.9513 -0.2328 -0.2021
vn 0.9804 -0.1946 -0.0306
vn 0.9509 -0.3080 -0.0291
vn 0.7696 -0.6385 0.0060
vn 0.7697 -0.6383 -0.0134
vn 0.6956 -0.7183 -0.0139
vn 0.6388 -0.7694 0.0074
vn 0.7031 -0.1795 -0.6880
vn 0.7884 -0.3119 -0.5302
vn 0.8499 -0.2003 -0.4875
vn 0.9596 -0.2796 -0.0322
vn 0.9268 -0.3726 -0.0471
vn 0.9785 -0.0546 -0.1991
vn 0.9996 -0.0140 -0.0263
vn 0.9943 -0.1026 -0.0272
vn 0.8670 0.1404 -0.4781
vn 0.9473 0.2602 -0.1868
vn 0.9822 0.0958 -0.1617
vn 0.4358 0.1039 -0.8940
vn 0.5935 0.1145 -0.7967
vn 0.7137 -0.0279 -0.6999
vn 0.8730 -0.0411 -0.4861
vn 0.9944 -0.1027 -0.0257
vn 0.9785 -0.1989 -0.0541
vn 0.9844 0.1748 -0.0214
vn 0.9966 0.0794 -0.0200
vn 0.7275 0.1158 -0.6763
vn 0.9992 0.0106 -0.0386
vn 0.9275 0.3735 -0.0156
vn 0.9621 0.2722 -0.0147
vn 0.7560 0.4477 -0.4775
vn 0.7876 0.5922 -0.1704
vn 0.8854 0.4281 -0.1810
vn 0.9938 0.1089 -0.0230
vn 0.3600 0.2740 -0.8918
vn 0.4023 0.4442 -0.8005
vn 0.5105 0.2841 -0.8115
vn 0.6800 0.2808 -0.6774
vn 0.8385 0.3075 -0.4498
vn 0.9781 0.2053 -0.0334
vn 0.5755 0.6731 -0.4644
vn 0.5249 0.8346 -0.1673
vn 0.6631 0.7297 -0.1669
vn 0.8441 0.5360 -0.0130
vn 0.8841 0.4671 -0.0114
vn 0.6848 0.5873 -0.4314
vn 0.9536 0.3007 -0.0176
vn 0.8842 0.4671 -0.0098
vn 0.9248 0.3786 -0.0388
vn 0.7234 0.6904 -0.0074
vn 0.7849 0.6197 -0.0034
vn 0.5837 0.4469 -0.6780
vn 0.8253 0.5642 -0.0229
vn 0.5749 0.8182 -0.0020
vn 0.6490 0.7608 0.0021
vn 0.8753 0.4826 0.0326
vn 0.4484 0.7613 -0.4684
vn 0.3859 0.9019 -0.1939
vn 0.7661 0.6426 -0.0079
vn 0.4777 0.5785 -0.6612
vn 0.6261 0.7798 -0.0009
vn 0.6998 0.7141 -0.0173
vn 0.3978 0.9175 0.0012
vn 0.4881 0.8727 0.0072
vn 0.3548 0.6398 -0.6817
vn 0.5469 0.8371 -0.0120
vn 0.2261 0.9595 -0.1679
vn 0.1917 0.9814 0.0033
vn 0.2952 0.9553 0.0136
vn 0.7109 0.7030 0.0198
vn 0.6385 0.7684 0.0431
vn 0.6386 0.7692 0.0237
vn 0.4621 0.8868 0.0027
vn 0.3122 0.8247 -0.4716
vn 0.2361 0.5523 -0.7995
vn 0.1921 0.7071 -0.6805
vn 0.2000 0.9798 0.0028
vn 0.2951 0.9555 0.0033
vn 0.3735 0.9276 -0.0072
vn 0.0569 0.9855 -0.1596
vn 0.0026 0.9999 0.0157
vn 0.1170 0.9930 0.0156
vn 0.4745 0.8791 0.0445
vn 0.4627 0.8857 0.0389
vn 0.5600 0.8281 0.0251
vn -0.1199 0.9048 -0.4086
vn -0.2458 0.9574 -0.1518
vn -0.0939 0.9879 -0.1238
vn -0.0547 0.3084 -0.9497
vn -0.1826 0.5887 -0.7874
vn 0.0244 0.6158 -0.7875
vn 0.0410 0.7539 -0.6557
vn 0.1576 0.8516 -0.5000
vn 0.0288 0.8895 -0.4561
vn 0.0875 0.9961 0.0124
vn -0.1744 0.9845 0.0157
vn -0.0929 0.9955 0.0160
vn -0.1416 0.7380 -0.6598
vn -0.0928 0.9955 0.0176
vn 0.0049 0.9999 -0.0099
vn -0.2853 0.9582 0.0221
vn 0.2007 0.9771 0.0702
vn -0.3779 0.9258 0.0099
vn -0.2853 0.9584 0.0118
vn -0.2048 0.9788 0.0032
vn -0.0795 0.9949 0.0614
vn -0.2177 0.4337 -0.8744
vn -0.2023 0.9757 0.0844
vn -0.2838 0.9557 0.0778
vn 0.1607 -0.7079 0.6877
vn 0.2112 -0.7315 0.6483
vn 0.2805 -0.6809 0.6765
vn -0.3750 0.9198 0.1160
vn -0.6304 0.7762 0.0123
vn -0.6165 0.7607 -0.2034
vn -0.1900 0.9817 0.0150
vn -0.2762 0.9330 0.2308
vn -0.7697 0.6383 0.0087
vn -0.7558 0.6292 -0.1812
vn -0.8632 0.4704 -0.1834
vn -0.9328 0.2925 -0.2103
vn -0.9720 -0.0846 -0.2191
vn 0.3555 -0.6564 0.6654
vn -0.9358 -0.2719 -0.2245
vn -0.7586 -0.6075 -0.2354
vn -0.6240 -0.7421 -0.2447
vn -0.2808 0.9379 -0.2038
vn -0.3779 0.9257 0.0160
vn -0.2909 -0.9235 -0.2501
vn -0.1039 -0.9617 -0.2537
vn 0.2738 -0.9264 -0.2584
vn 0.4506 -0.8542 -0.2593
vn 0.7455 -0.6148 -0.2574
vn 0.8521 -0.4572 -0.2550
vn 0.9643 -0.0944 -0.2476
vn 0.9653 0.0961 -0.2429
vn 0.8570 0.4600 -0.2321
vn 0.7566 0.6214 -0.2034
vn 0.6180 0.7544 -0.2214
vn 0.4631 0.8651 -0.1930
vn 0.0973 0.9732 -0.2083
vn -0.4806 0.8767 0.0177
vn -0.5637 0.8260 0.0046
vn -0.4572 0.8659 -0.2028
vn 0.6512 0.7569 0.0552
vn 0.5925 0.8018 0.0776
vn 0.5159 0.8541 0.0662
vn -0.0936 0.9742 -0.2055
vn 0.0292 -0.0762 0.9967
vn 0.0935 -0.1572 0.9831
vn 0.0538 -0.1715 0.9837
vn -0.0951 -0.9062 0.4121
vn -0.0350 -0.7509 0.6595
vn 0.0670 -0.7437 0.6651
vn 0.0560 0.2525 0.9660
vn 0.0175 -0.1783 0.9838
vn -0.2470 -0.9526 0.1778
vn -0.2362 -0.7103 0.6631
vn -0.3028 -0.6501 0.6969
vn -0.4055 -0.6128 0.6783
vn -0.4559 -0.5778 0.6770
vn -0.5681 -0.4716 0.6744
vn -0.5077 -0.4842 0.7126
vn -0.6322 -0.3747 0.6781
vn -0.0809 -0.1457 0.9860
vn -0.1153 -0.1094 0.9873
vn -0.6776 -0.1712 0.7152
vn -0.7125 -0.2310 0.6625
vn -0.6526 -0.2881 0.7008
vn -0.7181 -0.0754 0.6919
vn -0.1252 -0.0663 0.9899
vn -0.6820 0.0881 0.7261
vn -0.7165 0.0410 0.6963
vn -0.6840 0.1941 0.7031
vn -0.6075 0.3280 0.7234
vn -0.6605 0.2391 0.7118
vn -0.7159 0.6530 0.2472
vn -0.5861 0.4208 0.6924
vn -0.4392 0.5813 0.6850
vn -0.5729 0.6792 0.4587
vn -0.3417 0.6384 0.6897
vn -0.1139 0.0828 0.9900
vn -0.0703 0.0944 0.9930
vn -0.2153 0.6938 0.6872
vn -0.2220 0.6390 0.7365
vn -0.0741 0.6871 0.7228
vn -0.0302 0.1308 0.9909
vn 0.0269 -0.0043 0.9996
vn 0.0257 0.7122 0.7015
vn 0.0881 0.7036 0.7051
vn 0.2404 0.6734 0.6991
vn 0.1832 0.6618 0.7269
vn 0.0203 0.1168 0.9930
vn 0.3483 0.6295 0.6945
vn 0.0630 0.1257 0.9901
vn 0.4620 0.5719 0.6779
vn 0.4253 0.5380 0.7278
vn 0.5388 0.4561 0.7083
vn 0.1091 0.0958 0.9894
vn 0.6153 0.3941 0.6827
vn 0.6409 0.3217 0.6969
vn 0.7088 0.1908 0.6791
vn 0.6688 0.2326 0.7061
vn 0.7419 0.0590 0.6679
vn 0.7129 0.1187 0.6911
vn 0.1469 0.0545 0.9876
vn 0.1600 0.0187 0.9869
vn 0.7468 -0.1152 0.6550
vn 0.7463 -0.0317 0.6649
vn 0.1676 -0.0198 0.9857
vn 0.7124 -0.2462 0.6571
vn 0.6842 -0.1949 0.7028
vn 0.6653 -0.3533 0.6577
vn 0.1571 -0.0742 0.9848
vn 0.5279 -0.4741 0.7047
vn 0.6010 -0.4768 0.6415
vn 0.6038 -0.4178 0.6789
vn 0.4832 -0.5731 0.6619
vn 0.1320 -0.1183 0.9842
vn -0.9650 -0.1949 0.1756
vn -0.7884 -0.1080 0.6056
vn -0.9919 -0.0456 0.1183
vn 0.6188 -0.7855 0.0095
vn 0.5363 0.8280 0.1637
vn 0.4767 0.6280 0.6151
vn 0.6589 0.7229 0.2078
vn -0.1067 0.9923 0.0627
vn 0.0169 0.9877 0.1554
vn 0.0772 0.9953 0.0588
vn -0.9069 0.3950 0.1465
vn -0.7008 0.3837 0.6013
vn -0.8335 0.5104 0.2116
vn -0.6859 -0.7266 0.0392
vn -0.5614 -0.8269 0.0327
vn -0.6229 -0.7714 0.1299
vn 0.1875 0.9678 0.1680
vn 0.2524 0.9661 0.0539
vn -0.9776 -0.2053 0.0466
vn 0.3705 0.9226 0.1079
vn -0.8754 -0.4815 0.0424
vn -0.9297 -0.3651 0.0486
vn -0.9252 -0.3770 0.0437
vn -0.5884 -0.8078 0.0357
vn -0.4345 -0.9004 0.0203
vn -0.9902 0.1296 0.0519
vn -0.9863 0.0975 0.1332
vn -0.8691 0.4916 0.0550
vn 0.3030 0.7275 0.6156
vn 0.9953 -0.0947 0.0182
vn 0.9880 -0.0164 0.1538
vn 0.9850 -0.1562 0.0739
vn 0.2426 -0.9701 0.0097
vn 0.3202 -0.9339 0.1587
vn -0.6105 0.7885 0.0751
vn -0.7035 0.6873 0.1811
vn -0.6177 0.7659 0.1784
vn 0.9532 0.3004 0.0349
vn 0.9783 0.1746 0.1118
vn 0.9815 0.1890 0.0308
vn 0.9977 0.0618 0.0270
vn -0.2951 0.9530 0.0681
vn -0.3635 0.9120 0.1901
vn -0.2177 0.9583 0.1850
vn -0.1884 -0.9764 0.1059
vn -0.3531 -0.9290 0.1103
vn 0.9623 -0.2717 0.0141
vn 0.9061 -0.4060 0.1187
vn 0.8934 -0.4488 0.0187
vn 0.7456 -0.6663 0.0157
vn 0.6734 -0.7295 0.1194
vn 0.0613 -0.9981 0.0100
vn -0.0172 -0.9902 0.1388
vn -0.1179 -0.9929 0.0172
vn 0.8104 -0.5782 0.0949
vn 0.8296 -0.5582 0.0147
vn -0.0902 0.9845 0.1504
vn 0.6226 0.5273 0.5782
vn -0.4876 -0.8723 0.0364
vn 0.8116 0.5632 0.1556
vn 0.7176 0.3785 0.5846
vn 0.7447 0.3690 0.5561
vn 0.0223 -0.0247 0.9994
vn 0.0150 -0.0202 0.9997
vn 0.0163 -0.0263 0.9995
vn 0.0117 -0.0218 0.9997
vn 0.0108 -0.0247 0.9996
vn 0.0096 -0.0295 0.9995
vn -0.7635 -0.2795 0.5822
vn -0.7878 0.0660 0.6124
vn -0.4383 0.6557 0.6148
vn 0.9343 0.3254 0.1455
vn 0.7880 0.2198 0.5751
vn 0.8036 0.0391 0.5938
vn 0.4443 -0.7040 0.5540
vn 0.2519 -0.7869 0.5633
vn -0.2629 0.7442 0.6140
vn -0.2488 -0.7896 0.5609
vn -0.0771 0.7846 0.6151
vn 0.7818 -0.1787 0.5973
vn 0.9494 -0.2957 0.1059
vn -0.3873 -0.7313 0.5615
vn -0.4311 -0.7027 0.5660
vn 0.1464 -0.9835 0.1064
vn 0.0735 -0.8201 0.5675
vn 0.7167 -0.3926 0.5764
vn -0.5283 -0.6162 0.5841
vn -0.7468 -0.3318 0.5763
vn -0.6803 -0.4497 0.5788
vn 0.1110 0.7749 0.6223
vn -0.4642 0.8836 0.0606
vn 0.8853 0.4633 0.0411
vn 0.8860 0.4624 0.0342
vn -0.6119 0.5297 0.5874
vn 0.0239 -0.1257 0.9918
vn 0.0157 -0.0397 0.9991
vn 0.0053 -0.0963 0.9953
vn 0.0011 -0.0601 0.9982
vn -0.0142 -0.0733 0.9972
vn -0.0587 -0.1022 0.9930
vn -0.0653 -0.0776 0.9948
vn -0.0294 -0.0352 0.9989
vn -0.0628 -0.0169 0.9979
vn -0.0321 -0.0055 0.9995
vn -0.0345 0.0042 0.9994
vn -0.0470 0.0334 0.9983
vn -0.0211 0.0291 0.9994
vn -0.0010 0.0152 0.9999
vn 0.0285 0.0827 0.9962
vn 0.0358 0.0280 0.9990
vn 0.0380 0.0135 0.9992
vn 0.0296 -0.0118 0.9995
vn 0.0890 -0.0199 0.9958
vn 0.0667 -0.0375 0.9971
vn 0.0797 -0.0580 0.9951
vn 0.0746 -0.0801 0.9940
vn 0.0376 -0.0626 0.9973
vn 0.3616 -0.3712 -0.8552
vn 0.5653 -0.2687 -0.7799
vn 0.4899 -0.1643 -0.8561
vn 0.6190 -0.0602 -0.7831
vn 0.3256 0.0540 -0.9440
vn 0.5769 0.2570 -0.7754
vn 0.2325 0.1441 -0.9619
vn 0.4847 0.3859 -0.7849
vn 0.1632 0.2289 -0.9597
vn 0.2087 0.6195 -0.7567
vn 0.0553 0.2771 -0.9592
vn 0.0078 0.6462 -0.7632
vn -0.0685 0.2973 -0.9523
vn -0.3474 0.5611 -0.7513
vn -0.1781 0.2352 -0.9555
vn -0.4817 0.4269 -0.7653
vn -0.4970 0.2479 -0.8316
vn -0.6387 0.1082 -0.7618
vn -0.5518 0.0065 -0.8339
vn -0.4937 -0.2111 -0.8437
vn -0.4852 -0.4058 -0.7745
vn -0.3539 -0.3896 -0.8503
vn 0.1118 -0.5069 -0.8547
vn 0.3371 -0.5195 -0.7852
vn -0.1550 -0.4978 -0.8533
vn -0.3119 -0.5385 -0.7827
vn -0.1097 -0.5868 -0.8023
vn 0.0439 -0.6468 -0.7614
vn 0.6285 -0.3129 -0.7121
vn 0.5324 -0.4676 -0.7056
vn -0.0287 -0.0363 -0.9989
vn 0.0007 -0.0327 -0.9995
vn -0.6070 -0.2554 -0.7526
vn 0.0613 0.3582 -0.9316
vn -0.0493 -0.0335 -0.9982
vn -0.0556 -0.0225 -0.9982
vn 0.2459 0.4011 -0.8824
vn -0.0705 -0.0153 -0.9974
vn -0.6073 0.2992 -0.7360
vn 0.9943 0.1042 0.0235
vn -0.0808 0.0102 -0.9967
vn -0.0709 -0.0020 -0.9975
vn 0.4095 0.9107 0.0544
vn -0.0759 0.0581 -0.9954
vn -0.0691 0.0519 -0.9963
vn -0.0802 0.0358 -0.9961
vn -0.2117 0.6518 -0.7283
vn 0.5394 -0.8415 0.0282
vn 0.4671 -0.8840 0.0209
vn -0.0396 0.0897 -0.9952
vn -0.0609 0.0707 -0.9956
vn -0.0043 -0.9982 0.0600
vn -0.6488 0.3476 -0.6769
vn -0.5524 0.5019 -0.6656
vn 0.3968 0.5494 -0.7353
vn 0.0185 0.0855 -0.9962
vn -0.0078 0.0958 -0.9954
vn 0.0337 0.0670 -0.9972
vn -0.6351 -0.3477 -0.6897
vn -0.9564 -0.2866 0.0566
vn 0.0417 0.0527 -0.9977
vn -0.4315 -0.1661 -0.8867
vn 0.4661 -0.4011 -0.7886
vn 0.0510 0.0264 -0.9983
vn 0.0137 -0.0310 -0.9994
vn 0.0267 -0.0188 -0.9995
vn 0.0369 -0.0237 -0.9990
vn 0.2221 -0.5964 -0.7714
vn 0.3559 -0.6032 -0.7138
vn -0.0363 -0.7180 -0.6951
vn 0.1083 -0.6938 -0.7120
vn 0.2008 -0.6747 -0.7103
vn -0.1619 -0.6961 -0.6995
vn -0.5358 -0.4764 -0.6972
vn -0.4660 -0.5568 -0.6876
vn -0.0147 0.0250 -0.9996
vn -0.3703 0.6455 -0.6680
vn 0.0679 0.7420 -0.6670
vn 0.3277 0.6605 -0.6755
vn 0.5715 0.4473 -0.6879
vn 0.6346 0.1269 -0.7623
vn 0.6695 0.2566 -0.6970
vn 0.7093 0.0883 -0.6994
vn 0.0365 -0.0505 -0.9981
vn 0.0701 -0.1880 -0.9797
vn 0.0030 -0.0604 -0.9982
vn -0.0185 -0.2057 -0.9784
vn -0.0313 -0.0635 -0.9975
vn -0.0878 0.9695 0.2287
vn 0.0754 0.0270 -0.9968
vn 0.2139 -0.0218 -0.9766
vn 0.0652 0.0015 -0.9979
vn 0.1973 -0.0796 -0.9771
vn 0.0561 -0.0234 -0.9982
vn -0.1418 0.2162 -0.9660
vn -0.0482 0.1059 -0.9932
vn -0.5594 0.1527 -0.8147
vn 0.1544 -0.1318 -0.9792
vn -0.0550 0.2494 -0.9668
vn -0.0166 0.1148 -0.9932
vn -0.1037 -0.1887 -0.9765
vn -0.0631 -0.0482 -0.9968
vn 0.0325 0.2523 -0.9671
vn 0.0091 0.1046 -0.9945
vn -0.1774 -0.1344 -0.9749
vn -0.0888 -0.0269 -0.9957
vn 0.0843 0.2374 -0.9677
vn 0.0417 0.1049 -0.9936
vn 0.1675 0.1682 -0.9714
vn 0.0395 0.0712 -0.9967
vn 0.0734 0.0597 -0.9955
vn 0.2109 0.0652 -0.9753
vn -0.6994 0.7063 0.1095
vn -0.6141 0.7546 0.2312
vn -0.7033 0.7104 0.0272
vn -0.8246 0.5557 0.1060
vn -0.7463 0.6158 0.2527
vn -0.8282 0.5592 0.0374
vn -0.9750 0.1971 0.1024
vn -0.9324 0.2837 0.2240
vn -0.9797 0.2002 0.0066
vn -0.9710 0.1059 -0.2145
vn -0.9952 0.0028 0.0978
vn -0.9708 0.0957 0.2199
vn -1.0000 0.0052 0.0020
vn -0.9354 -0.2846 0.2099
vn -0.9258 -0.3780 0.0037
vn -0.8681 -0.4515 -0.2065
vn -0.8297 -0.5518 0.0841
vn -0.8829 -0.4673 0.0458
vn -0.8581 -0.4604 0.2275
vn -0.8343 -0.5513 -0.0019
vn -0.5567 -0.8273 0.0748
vn -0.6223 -0.7587 0.1927
vn -0.5594 -0.8285 -0.0276
vn -0.4666 -0.8497 -0.2456
vn -0.3851 -0.9202 0.0698
vn -0.4590 -0.8883 0.0169
vn -0.4632 -0.8660 0.1885
vn -0.3877 -0.9213 -0.0297
vn -0.0981 -0.9787 0.1804
vn -0.0053 -0.9997 -0.0254
vn 0.0875 -0.9684 -0.2334
vn 0.1909 -0.9801 0.0544
vn 0.0937 -0.9752 0.2006
vn 0.1899 -0.9814 -0.0281
vn 0.4600 -0.8705 0.1750
vn 0.5509 -0.8336 -0.0412
vn 0.6099 -0.7490 -0.2588
vn 0.7020 -0.7100 0.0553
vn 0.6201 -0.7647 0.1751
vn 0.7030 -0.7100 -0.0405
vn 0.9194 -0.3881 0.0642
vn 0.8639 -0.4708 0.1789
vn 0.9215 -0.3868 -0.0354
vn 0.9260 -0.2812 -0.2518
vn 0.9772 -0.2013 0.0682
vn 0.9607 -0.2775 0.0115
vn 0.9383 -0.2939 0.1824
vn 0.9794 -0.1995 -0.0315
vn 0.9793 0.1870 0.0777
vn 0.9778 0.0861 0.1911
vn 0.9814 0.1905 -0.0218
vn 0.9291 0.2834 -0.2378
vn 0.9237 0.3741 0.0831
vn 0.9529 0.3022 0.0261
vn 0.9414 0.2743 0.1965
vn 0.9256 0.3783 -0.0161
vn 0.7093 0.6993 0.0888
vn 0.7594 0.6084 0.2306
vn 0.7108 0.7034 0.0066
vn 0.5596 0.8234 0.0941
vn 0.6280 0.7485 0.2129
vn 0.5599 0.8285 0.0118
vn 0.4670 0.8508 0.2408
vn 0.3875 0.9217 0.0169
vn 0.8330 0.5470 0.0832
vn 0.8688 0.4520 0.2021
vn 0.8343 0.5513 0.0011
vn 0.9989 -0.0202 0.0421
vn 0.9941 -0.1037 0.0327
vn 0.9767 -0.1057 0.1866
vn 0.9996 -0.0046 -0.0270
vn 0.8268 -0.5596 0.0572
vn 0.7565 -0.6298 0.1766
vn 0.8282 -0.5591 -0.0387
vn 0.3776 -0.9241 0.0590
vn 0.2822 -0.9431 0.1757
vn 0.3775 -0.9251 -0.0411
vn -0.1984 -0.9782 0.0616
vn -0.2764 -0.9609 0.0133
vn -0.2863 -0.9403 0.1841
vn -0.2004 -0.9791 -0.0338
vn -0.7572 -0.6223 0.1988
vn -0.7109 -0.7030 -0.0191
vn -0.9766 -0.1917 0.0970
vn -0.9718 -0.0962 0.2151
vn -0.9818 -0.1899 -0.0029
vn -0.9177 0.3834 0.1046
vn -0.8532 0.4576 0.2503
vn -0.9218 0.3871 0.0228
vn -0.5480 0.8290 0.1119
vn -0.4540 0.8604 0.2315
vn -0.5512 0.8342 0.0164
vn -0.4544 0.8905 0.0214
vn -0.2638 0.4277 0.8646
vn -0.1597 0.5005 0.8509
vn -0.2413 0.4831 0.8417
vn 0.0295 0.5278 0.8489
vn -0.0202 -0.6146 0.7886
vn 0.4213 -0.6257 0.6565
vn 0.7439 0.6665 0.0502
vn 0.8079 0.5871 0.0512
vn -0.2194 0.1299 -0.9670
vn -0.3619 -0.2826 -0.8884
vn 0.3953 -0.1987 -0.8968
vn -0.0380 -0.1772 0.9834
vn -0.1423 -0.0260 0.9895
vn -0.1341 0.0274 0.9906
vn -0.9588 0.2394 0.1527
vn -0.7535 0.2412 0.6116
vn -0.9976 -0.0455 0.0520
vn -0.8487 -0.5158 0.1168
vn -0.7380 -0.6573 0.1527
vn -0.7417 -0.6681 0.0587
vn -0.7821 -0.6218 0.0401
vn -0.9409 0.3342 0.0546
vn -0.7999 0.5951 0.0777
vn 0.7435 0.6646 0.0743
vn 0.3770 -0.9262 0.0024
vn 0.8589 0.5081 0.0641
vn -0.4314 0.8988 0.0773
vn -0.5096 0.8506 0.1292
vn -0.5114 0.8537 0.0984
vn -0.3305 0.9392 0.0929
vn 0.5996 -0.5512 0.5802
vn -0.0941 -0.8122 0.5757
vn 0.0368 -0.0877 0.9955
vn -0.0322 -0.0424 0.9986
vn 0.0045 0.0594 0.9982
vn 0.0742 0.0278 0.9969
vn 0.0739 0.0095 0.9972
vn 0.0645 -0.0070 0.9979
vn -0.0755 0.0248 -0.9968
vn 0.0442 -0.0044 -0.9990
vn 0.0449 0.0051 -0.9990
vn -0.0679 -0.2100 -0.9753
vn -0.3067 -0.6269 -0.7162
vn -0.2526 0.6921 -0.6762
vn -0.1132 0.7322 -0.6716
vn 0.1641 0.7165 -0.6780
vn 0.4327 0.5766 -0.6930
vn 0.7062 -0.0166 -0.7078
vn 0.6973 -0.1741 -0.6954
vn 0.1138 -0.1746 -0.9780
vn 0.0213 -0.2063 -0.9783
vn 0.2203 0.0132 -0.9753
vn -0.0935 0.2451 -0.9650
vn -0.0029 0.2587 -0.9659
vn -0.1533 -0.1651 -0.9743
vn -0.2180 -0.0994 -0.9709
vn 0.1306 0.2064 -0.9697
vn 0.2061 0.1126 -0.9720
vn -0.0161 0.9665 -0.2563
vn -0.2483 0.8929 -0.3757
vn -0.3306 0.8897 -0.3147
vn 0.1852 0.9770 -0.1061
vn 0.0842 0.9564 -0.2796
vn -0.3655 0.8477 -0.3845
vn -0.4847 0.8074 -0.3364
vn -0.7891 0.5373 -0.2976
vn -0.8757 0.4134 -0.2496
vn -0.9459 0.2926 -0.1402
vn -0.6673 0.6382 -0.3841
vn -0.7858 0.5072 -0.3539
vn -0.9193 0.2791 -0.2776
vn -0.6478 0.6817 -0.3400
vn -0.5413 0.7198 -0.4347
vn -0.5278 0.7518 -0.3953
vn -0.4446 0.7800 -0.4405
vn -0.6442 0.6362 -0.4245
vn -0.7455 0.5259 -0.4095
vn -0.8877 0.3217 -0.3293
vn 0.0726 0.9405 -0.3318
vn -0.0827 0.9195 -0.3842
vn -0.0504 0.9386 -0.3413
vn -0.2040 0.8904 -0.4069
vn 0.1762 0.9249 -0.3369
vn -0.0179 0.9178 -0.3966
vn 0.2852 0.9238 -0.2556
vn -0.2027 0.8785 -0.4327
vn -0.3422 0.8321 -0.4365
vn -0.4380 0.8033 -0.4035
vn -0.8688 0.3114 -0.3850
vn -0.5923 0.6643 -0.4560
vn -0.7211 0.5311 -0.4450
vn -0.4841 0.7387 -0.4690
vn -0.3754 0.8008 -0.4667
vn -0.3973 0.7874 -0.4713
vn -0.4912 0.7316 -0.4728
vn -0.6162 0.6387 -0.4608
vn -0.7785 0.4548 -0.4326
vn 0.1767 0.8971 -0.4050
vn -0.0834 0.8893 -0.4497
vn -0.1569 0.8708 -0.4659
vn -0.2649 0.8452 -0.4641
vn -0.2991 0.8273 -0.4755
vn -0.9242 0.1440 -0.3536
vn -0.8130 0.4359 -0.3860
vn -0.5215 0.7409 -0.4232
vn -0.3975 0.8178 -0.4162
vn -0.4558 0.8124 -0.3637
vn -0.6754 0.6250 -0.3914
vn -0.5979 0.7143 -0.3637
vn 0.1637 0.9030 -0.3973
vn -0.0305 0.8971 -0.4408
vn -0.1168 0.9135 -0.3897
vn -0.2552 0.8664 -0.4292
vn -0.3130 0.8752 -0.3690
vn 0.2410 0.8630 -0.4440
vn -0.0759 0.9200 -0.3846
vn 0.4471 0.8071 -0.3856
vn -0.4308 0.6921 -0.5791
vn -0.5002 0.7536 -0.4266
vn -0.2904 0.8367 -0.4644
vn -0.3770 0.8539 -0.3588
vn -0.7425 0.5530 -0.3780
vn -0.5315 0.7699 -0.3533
vn -0.8975 0.1114 -0.4268
vn -0.6768 0.4950 -0.5449
vn -0.9281 0.1257 -0.3506
vn 0.1799 -0.7531 0.6328
vn -0.0762 -0.7650 0.6395
vn -0.0086 -0.8004 0.5994
vn -0.2567 -0.7614 0.5953
vn 0.3100 -0.6881 0.6561
vn 0.1076 -0.7233 0.6821
vn 0.2835 -0.6569 0.6986
vn 0.0945 -0.6635 0.7422
vn 0.4017 -0.6196 0.6744
vn 0.6960 -0.2919 0.6561
vn 0.6088 -0.4840 0.6286
vn 0.7171 -0.3549 0.5998
vn 0.7237 -0.1271 0.6784
vn 0.5723 -0.4416 0.6910
vn 0.3856 -0.5649 0.7295
vn 0.4209 -0.6522 0.6304
vn 0.5849 -0.5506 0.5956
vn 0.0825 -0.8534 0.5147
vn -0.1543 -0.8441 0.5134
vn -0.1633 -0.8712 0.4629
vn 0.2740 -0.8015 0.5315
vn 0.1064 -0.8185 0.5645
vn 0.3426 -0.7144 0.6101
vn 0.3010 -0.7563 0.5808
vn 0.4335 -0.6878 0.5822
vn -0.1320 -0.8023 0.5821
vn 0.8485 -0.2094 0.4861
vn 0.7211 -0.4363 0.5382
vn 0.8657 -0.2425 0.4378
vn 0.7092 -0.3978 0.5821
vn 0.8559 -0.1019 0.5069
vn 0.5813 -0.5947 0.5554
vn 0.3870 -0.7465 0.5413
vn 0.4898 -0.6889 0.5343
vn 0.1971 -0.8935 0.4034
vn 0.0148 -0.9172 0.3982
vn 0.1289 -0.9349 0.3306
vn -0.2948 -0.8877 0.3537
vn -0.1910 -0.9316 0.3091
vn 0.4891 -0.7928 0.3638
vn 0.4211 -0.7990 0.4293
vn 0.3394 -0.8695 0.3589
vn 0.3731 -0.7885 0.4890
vn 0.2997 -0.8241 0.4807
vn 0.3189 -0.8409 0.4373
vn 0.1908 -0.8632 0.4674
vn -0.0117 -0.8951 0.4458
vn 0.6855 -0.5846 0.4341
vn 0.6300 -0.6714 0.3902
vn 0.8045 -0.4699 0.3632
vn 0.9390 -0.2355 0.2507
vn 0.7939 -0.5297 0.2985
vn 0.9418 -0.2887 0.1720
vn 0.6668 -0.5472 0.5059
vn 0.5806 -0.6574 0.4805
vn 0.7739 -0.4510 0.4446
vn 0.9157 -0.2224 0.3347
vn 0.4685 -0.7378 0.4859
vn 0.5197 -0.7327 0.4395
vn 0.1594 -0.9604 0.2287
vn -0.1533 -0.9785 0.1380
vn 0.1576 -0.9773 0.1415
vn -0.1594 -0.9855 0.0573
vn 0.3338 -0.9250 0.1814
vn -0.1299 -0.9604 0.2464
vn 0.4278 -0.8867 0.1757
vn 0.3245 -0.9077 0.2661
vn 0.4302 -0.8475 0.3109
vn 0.9389 -0.3338 0.0843
vn 0.7718 -0.6265 0.1092
vn 0.9451 -0.3268 -0.0017
vn 0.7833 -0.5875 0.2032
vn 0.6287 -0.7119 0.3130
vn 0.6349 -0.7464 0.1995
vn 0.5199 -0.8111 0.2680
vn 0.5116 -0.8389 0.1857
vn 0.4540 -0.8607 0.2305
vn 0.6049 -0.7859 0.1285
vn 0.7646 -0.6425 0.0510
vn 0.9177 -0.3958 -0.0349
vn 0.4831 -0.8684 0.1117
vn 0.5794 -0.8147 -0.0239
vn 0.6047 -0.7943 0.0596
vn 0.8712 -0.4842 -0.0815
vn 0.0179 -0.9988 0.0456
vn 0.3420 -0.9327 0.1143
vn 0.0966 -0.9947 -0.0343
vn 0.4143 -0.9099 0.0191
vn -0.0664 0.9866 -0.1491
vn 0.2297 0.9708 -0.0688
vn 0.7188 0.0973 0.6884
vn 0.6010 -0.1607 0.7829
vn 0.6592 0.2006 0.7247
vn 0.7029 0.6117 0.3629
vn 0.5586 0.7366 0.3812
vn 0.7219 0.5918 0.3587
vn -0.9483 -0.1941 -0.2513
vn -0.8822 -0.3980 -0.2517
vn -0.8065 -0.5763 -0.1323
vn -0.8544 -0.4017 -0.3296
vn -0.5255 -0.8025 -0.2826
vn -0.6660 -0.7175 -0.2043
vn -0.3523 -0.9306 -0.0997
vn -0.4590 -0.8855 -0.0719
vn -0.5444 -0.8380 -0.0378
vn 0.6631 0.7289 -0.1702
vn 0.8094 0.5695 -0.1432
vn 0.4947 0.8064 -0.3241
vn 0.4658 0.8602 -0.2078
vn 0.3931 0.8678 -0.3040
vn 0.7439 0.6678 -0.0275
vn 0.8973 0.4400 0.0355
vn 0.9092 0.3800 0.1700
vn 0.9645 0.0833 0.2504
vn 0.9783 0.1834 0.0963
vn 0.9316 0.0433 0.3610
vn 0.9956 0.0412 0.0846
vn 0.9171 0.3859 -0.1001
vn -0.6121 0.0455 -0.7895
vn -0.6506 -0.4995 -0.5720
vn -0.8085 -0.2640 -0.5259
vn -0.2816 -0.5827 -0.7624
vn -0.3102 0.4448 -0.8402
vn -0.4787 0.2590 -0.8389
vn -0.0190 -0.3260 -0.9452
vn 0.0727 -0.4917 -0.8677
vn 0.1612 -0.9337 -0.3196
vn 0.4449 -0.8808 -0.1620
vn 0.1194 -0.9758 -0.1835
vn 0.5262 0.8428 -0.1134
vn 0.7797 0.6261 -0.0009
vn 0.7703 0.6361 0.0454
vn 0.2681 0.9369 -0.2242
vn 0.2807 0.9354 -0.2151
vn 0.3290 0.9443 -0.0056
vn 0.7084 0.5871 0.3918
vn 0.6757 0.5962 0.4335
vn -0.7561 -0.3942 0.5224
vn -0.7935 -0.2543 0.5529
vn -0.9720 0.1211 0.2015
vn -0.4041 -0.5371 0.7404
vn -0.2477 -0.6850 0.6852
vn -0.5666 0.7764 -0.2760
vn -0.3883 0.8908 -0.2360
vn -0.2234 -0.5111 0.8300
vn -0.7466 0.6345 -0.1998
vn -0.8488 0.4961 -0.1827
vn -0.9094 0.3825 -0.1632
vn -0.9850 -0.0168 -0.1716
vn -0.9278 -0.3705 -0.0447
vn -0.9150 -0.4010 0.0441
vn -0.9720 -0.0247 -0.2338
vn -0.8833 -0.4646 -0.0632
vn -0.9602 -0.0732 -0.2695
vn -0.8867 -0.4433 -0.1313
vn -0.6807 -0.7297 0.0645
vn -0.6680 -0.7253 0.1664
vn -0.4247 -0.8768 0.2256
vn -0.7314 -0.6456 0.2197
vn -0.4869 -0.7954 0.3610
vn 0.8509 0.2608 -0.4560
vn 0.6250 0.4378 -0.6463
vn 0.7479 0.5065 -0.4290
vn 0.0293 0.8131 -0.5814
vn 0.0280 0.8685 -0.4948
vn 0.9327 -0.2334 -0.2750
vn 0.8286 -0.2967 -0.4747
vn 0.6722 -0.6770 -0.2998
vn 0.4380 -0.8273 -0.3518
vn 0.6844 -0.2911 -0.6685
vn 0.2275 0.3136 -0.9219
vn -0.1328 0.7247 -0.6761
vn 0.1549 -0.2496 -0.9559
vn 0.6986 0.6661 -0.2612
vn 0.8640 0.4536 -0.2185
vn 0.4765 0.8023 -0.3596
vn 0.9974 0.0694 -0.0198
vn 0.9927 0.0607 -0.1040
vn 0.8553 0.4338 -0.2834
vn -0.9778 0.1957 0.0744
vn -0.8928 -0.1949 0.4062
vn -0.9640 0.2040 -0.1705
vn -0.9248 0.3589 -0.1263
vn -0.9700 -0.2380 -0.0494
vn 0.5987 0.7925 -0.1166
vn 0.5604 0.8129 0.1588
vn 0.2437 0.9554 -0.1669
vn 0.8202 0.5694 0.0548
vn 0.9259 0.3071 0.2201
vn 0.9129 -0.0265 0.4074
vn 0.8677 0.3575 -0.3453
vn 0.9905 -0.0338 -0.1330
vn 0.9772 -0.0003 -0.2124
vn -0.9652 0.1814 -0.1882
vn -0.8988 0.4274 -0.0978
vn -0.9206 0.3796 -0.0920
vn -0.9658 -0.2569 -0.0355
vn -0.7977 -0.5783 0.1708
vn -0.9823 0.0273 -0.1852
vn -0.4966 -0.7891 0.3615
vn -0.6885 -0.5650 0.4547
vn -0.2597 -0.6930 0.6726
vn -0.9545 -0.1854 0.2336
vn -0.5998 -0.2110 0.7718
vn -0.6070 -0.7945 0.0165
vn -0.3756 -0.9125 0.1622
vn 0.4035 0.5589 0.7245
vn 0.4739 0.5657 0.6748
vn 0.6273 -0.1944 0.7541
vn 0.7766 0.0079 0.6300
vn 0.2297 0.5123 0.8275
vn 0.9122 0.0279 0.4088
vn 0.9175 0.2934 0.2684
vn 0.2095 0.9714 0.1114
vn 0.7309 0.5695 0.3760
vn 0.6842 -0.2494 0.6853
vn -0.2618 -0.7215 0.6410
vn -0.2440 -0.7388 0.6282
vn -0.3601 -0.7821 0.5086
vn -0.7225 -0.6678 0.1791
vn -0.7948 -0.5839 0.1651
vn -0.7580 -0.1445 0.6361
vn -0.6214 -0.5077 0.5968
vn -0.9418 0.2292 0.2460
vn -0.9882 -0.0554 -0.1426
vn -0.9926 0.0958 0.0745
vn -0.7983 -0.5028 0.3316
vn -0.9385 0.2676 0.2180
vn -0.6425 0.0737 0.7627
vn -0.8498 0.5271 -0.0005
vn 0.4234 0.8828 -0.2033
vn 0.8566 0.5138 0.0485
vn 0.7325 0.5643 0.3808
vn 0.8000 -0.2337 0.5527
vn 0.2465 0.9674 -0.0575
vn 0.8679 0.2193 0.4456
vn 0.9124 -0.0449 0.4069
vn 0.5511 -0.1706 0.8168
vn 0.7038 -0.2387 0.6691
vn 0.4217 0.1218 0.8985
vn 0.3282 0.2309 0.9160
vn -0.0184 0.9988 0.0445
vn 0.1292 0.7456 0.6537
vn 0.1292 0.7457 0.6537
vn 0.1404 0.7371 0.6611
vn -0.6022 0.2815 0.7471
vn -0.9155 0.2988 0.2695
vn -0.6316 0.2450 0.7356
vn -0.9518 -0.2956 -0.0823
vn -0.8787 -0.1462 0.4545
vn -0.1682 -0.6940 0.7000
vn -0.2896 -0.8251 0.4852
vn -0.7068 -0.6801 0.1947
vn -0.9096 -0.3184 0.2671
vn -0.9708 -0.1173 0.2094
vn -0.9269 -0.2056 0.3141
vn -0.7494 -0.3541 0.5595
vn -0.8282 0.5580 0.0520
vn -0.5713 0.8105 -0.1296
vn 0.2610 0.9506 0.1680
vn -0.0046 0.9989 0.0461
vn 0.3029 0.8962 0.3242
vn -0.9040 0.2886 0.3155
vn -0.3897 0.9141 0.1120
vn 0.5355 0.1781 0.8255
vn 0.0918 -0.1640 0.9822
vn -0.1652 0.2762 0.9468
vn -0.5949 -0.3009 0.7454
vn -0.6313 0.5757 0.5197
vn 0.9181 0.3650 -0.1548
vn 0.7909 0.5550 -0.2577
vn 0.7557 0.6260 -0.1927
vn 0.9973 0.0633 0.0380
vn 0.9521 0.2519 -0.1731
vn 0.7107 0.6518 -0.2646
vn 0.6295 0.7469 -0.2143
vn 0.2722 0.9437 -0.1882
vn 0.1230 0.9811 -0.1494
vn -0.0232 0.9985 -0.0503
vn 0.4145 0.8691 -0.2699
vn 0.2498 0.9361 -0.2476
vn -0.0152 0.9817 -0.1896
vn 0.4580 0.8607 -0.2224
vn 0.5371 0.7812 -0.3183
vn 0.5682 0.7751 -0.2765
vn 0.6259 0.7099 -0.3230
vn 0.4238 0.8505 -0.3115
vn 0.2855 0.9092 -0.3030
vn 0.0397 0.9705 -0.2380
vn 0.9373 0.2637 -0.2278
vn 0.8711 0.4082 -0.2730
vn 0.8959 0.3799 -0.2302
vn 0.8058 0.5154 -0.2915
vn 0.9570 0.1615 -0.2408
vn 0.8919 0.3477 -0.2892
vn 0.9847 0.0509 -0.1667
vn 0.7973 0.5127 -0.3185
vn 0.7082 0.6297 -0.3192
vn 0.6469 0.7077 -0.2841
vn 0.0411 0.9545 -0.2955
vn 0.4700 0.8134 -0.3426
vn 0.3014 0.8912 -0.3391
vn 0.5765 0.7366 -0.3537
vn 0.6705 0.6538 -0.3508
vn 0.6511 0.6706 -0.3555
vn 0.5679 0.7413 -0.3578
vn 0.4385 0.8283 -0.3489
vn 0.2098 0.9197 -0.3320
vn 0.9370 0.1584 -0.3115
vn 0.8481 0.4053 -0.3413
vn 0.8080 0.4701 -0.3551
vn 0.7484 0.5636 -0.3498
vn 0.7212 0.5911 -0.3611
vn -0.1373 0.9502 -0.2799
vn 0.1766 0.9419 -0.2858
vn 0.5624 0.7683 -0.3058
vn 0.6748 0.6754 -0.2975
vn 0.6461 0.7237 -0.2426
vn 0.4002 0.8732 -0.2781
vn 0.5072 0.8262 -0.2452
vn 0.9376 0.1718 -0.3024
vn 0.8720 0.3571 -0.3347
vn 0.8547 0.4389 -0.2770
vn 0.7684 0.5580 -0.3133
vn 0.7525 0.6097 -0.2492
vn 0.9294 0.0905 -0.3577
vn 0.8738 0.4020 -0.2737
vn 0.9394 -0.1271 -0.3183
vn 0.5599 0.6815 -0.4713
vn 0.5816 0.7525 -0.3089
vn 0.7320 0.5849 -0.3495
vn 0.7105 0.6623 -0.2378
vn 0.3092 0.9122 -0.2689
vn 0.5803 0.7805 -0.2325
vn -0.1528 0.9213 -0.3577
vn 0.2907 0.8471 -0.4448
vn -0.1560 0.9476 -0.2787
vn -0.7043 -0.4695 0.5325
vn -0.8001 -0.2326 0.5529
vn -0.8077 -0.3039 0.5052
vn -0.8521 -0.0572 0.5202
vn -0.6024 -0.5735 0.5552
vn -0.7042 -0.3964 0.5890
vn -0.5855 -0.5425 0.6024
vn -0.6575 -0.3704 0.6561
vn -0.5095 -0.6396 0.5756
vn -0.1146 -0.8096 0.5757
vn -0.3100 -0.7872 0.5331
vn -0.1505 -0.8453 0.5127
vn 0.0317 -0.7829 0.6214
vn -0.2883 -0.7448 0.6018
vn -0.4681 -0.6121 0.6373
vn -0.5301 -0.6641 0.5272
vn -0.3776 -0.7829 0.4944
vn -0.8203 -0.3989 0.4098
vn -0.8892 -0.1726 0.4236
vn -0.9133 -0.1681 0.3710
vn -0.7101 -0.5644 0.4210
vn -0.7840 -0.4149 0.4618
vn -0.6125 -0.6084 0.5047
vn -0.6630 -0.5799 0.4734
vn -0.5552 -0.6830 0.4746
vn -0.8485 -0.1865 0.4952
vn 0.0393 -0.9120 0.4084
vn -0.2204 -0.8694 0.4422
vn 0.0181 -0.9344 0.3558
vn -0.1919 -0.8499 0.4908
vn 0.1412 -0.8865 0.4408
vn -0.4167 -0.7900 0.4498
vn -0.6221 -0.6541 0.4302
vn -0.5336 -0.7320 0.4236
vn -0.8108 -0.5095 0.2881
vn -0.8924 -0.3448 0.2911
vn -0.8658 -0.4517 0.2153
vn -0.9624 -0.0394 0.2686
vn -0.9658 -0.1472 0.2133
vn -0.6167 -0.7488 0.2429
vn -0.6506 -0.6927 0.3112
vn -0.7375 -0.6319 0.2383
vn -0.6616 -0.6497 0.3744
vn -0.7185 -0.5911 0.3665
vn -0.7242 -0.6106 0.3204
vn -0.7899 -0.4998 0.3554
vn -0.8845 -0.3171 0.3424
vn -0.3625 -0.8737 0.3244
vn -0.4586 -0.8452 0.2744
vn -0.2094 -0.9427 0.2599
vn 0.0650 -0.9839 0.1667
vn -0.2636 -0.9458 0.1896
vn 0.0228 -0.9963 0.0825
vn -0.3397 -0.8508 0.4009
vn -0.4694 -0.8024 0.3684
vn -0.2087 -0.9152 0.3446
vn 0.0624 -0.9655 0.2529
vn -0.5824 -0.7231 0.3714
vn -0.5567 -0.7654 0.3229
vn -0.8708 -0.4792 0.1096
vn -0.9827 -0.1819 0.0361
vn -0.8798 -0.4749 0.0213
vn -0.9843 -0.1709 -0.0444
vn -0.7762 -0.6280 0.0563
vn -0.9674 -0.2082 0.1443
vn -0.7088 -0.7037 0.0494
vn -0.7703 -0.6215 0.1429
vn -0.6829 -0.7060 0.1877
vn -0.0130 -0.9999 -0.0095
vn -0.3454 -0.9384 -0.0077
vn 0.0031 -0.9955 -0.0943
vn -0.3130 -0.9455 0.0893
vn -0.4904 -0.8498 0.1933
vn -0.5109 -0.8562 0.0765
vn -0.6155 -0.7749 0.1440
vn -0.6372 -0.7684 0.0598
vn -0.6805 -0.7252 0.1052
vn -0.5517 -0.8340 0.0034
vn -0.3577 -0.9315 -0.0668
vn -0.0680 -0.9887 -0.1333
vn -0.6679 -0.7441 -0.0153
vn -0.5740 -0.8051 -0.1495
vn -0.5537 -0.8301 -0.0658
vn -0.1623 -0.9689 -0.1867
vn -0.9375 -0.3413 -0.0680
vn -0.7749 -0.6320 -0.0116
vn -0.9009 -0.4068 -0.1514
vn -0.7215 -0.6840 -0.1077
vn 0.9191 0.3926 -0.0332
vn 0.9670 -0.1683 0.1913
vn 0.5571 -0.6448 0.5233
vn -0.0217 -0.6902 0.7233
vn 0.3421 -0.6242 0.7024
vn 0.8431 -0.3258 0.4278
vn -0.4720 0.8550 -0.2149
vn -0.6422 0.7273 -0.2421
vn -0.7953 0.5878 -0.1482
vn -0.6297 0.7072 -0.3215
vn -0.9028 0.2643 -0.3393
vn -0.8757 0.4167 -0.2438
vn -0.9823 0.0430 -0.1825
vn -0.9773 0.1555 -0.1436
vn -0.9636 0.2481 -0.0994
vn 0.9181 -0.3757 -0.1262
vn 0.8139 -0.5672 -0.1259
vn 0.9490 -0.1780 -0.2602
vn 0.9800 -0.1441 -0.1371
vn 0.9717 -0.0643 -0.2273
vn 0.8747 -0.4846 0.0037
vn 0.7054 -0.7081 0.0315
vn 0.6411 -0.7511 0.1575
vn 0.3733 -0.9057 0.2007
vn 0.4853 -0.8724 0.0582
vn 0.3152 -0.8977 0.3078
vn 0.3583 -0.9331 0.0296
vn 0.6728 -0.7316 -0.1102
vn -0.0896 0.6646 -0.7418
vn -0.6337 0.5062 -0.5850
vn -0.4681 0.7262 -0.5035
vn -0.5742 0.1492 -0.8050
vn 0.3896 0.5127 -0.7651
vn 0.1594 0.6119 -0.7747
vn -0.2307 0.0009 -0.9730
vn -0.3632 -0.1458 -0.9202
vn -0.7975 -0.4217 -0.4314
vn -0.6683 -0.6867 -0.2859
vn -0.8626 -0.4083 -0.2986
vn 0.9753 -0.2155 -0.0490
vn 0.8450 -0.5343 0.0233
vn 0.8472 -0.5265 0.0709
vn 0.9888 0.0683 -0.1330
vn 0.9904 0.0631 -0.1229
vn 0.8010 -0.4542 0.3900
vn 0.3669 -0.7423 0.5607
vn -0.6644 0.5381 0.5186
vn -0.5478 0.6154 0.5668
vn -0.2228 0.9365 0.2709
vn -0.7022 0.1403 0.6981
vn -0.7851 -0.0495 0.6174
vn 0.5682 0.8085 -0.1530
vn 0.7309 0.6734 -0.1111
vn -0.6261 -0.0300 0.7791
vn 0.3690 0.9257 -0.0828
vn 0.2038 0.9761 -0.0754
vn 0.0754 0.9950 -0.0651
vn -0.3243 0.9391 -0.1138
vn -0.6492 0.7600 -0.0310
vn -0.6814 0.7300 0.0529
vn -0.3220 0.9300 -0.1771
vn -0.7214 0.6897 -0.0626
vn -0.3606 0.9067 -0.2188
vn -0.6967 0.7059 -0.1275
vn -0.9154 0.4019 0.0223
vn -0.9160 0.3819 0.1232
vn -0.9837 0.0985 0.1504
vn -0.8665 0.4622 0.1887
vn -0.9393 0.1706 0.2976
vn 0.5643 -0.6764 -0.4733
vn 0.6731 -0.3891 -0.6289
vn 0.7593 -0.5030 -0.4129
vn 0.8249 0.2868 -0.4871
vn 0.8691 0.2978 -0.3950
vn 0.1106 -0.9286 -0.3542
vn 0.0343 -0.8324 -0.5532
vn -0.3900 -0.8229 -0.4132
vn -0.6037 -0.6455 -0.4678
vn 0.0090 -0.6767 -0.7362
vn 0.4497 -0.0287 -0.8927
vn 0.6968 0.4201 -0.5814
vn -0.1008 -0.1376 -0.9853
vn 0.8786 -0.4209 -0.2256
vn 0.7293 -0.6489 -0.2169
vn 0.9423 -0.1588 -0.2948
vn 0.3945 -0.9162 -0.0708
vn 0.3921 -0.9068 -0.1551
vn 0.7135 -0.6410 -0.2830
vn -0.1434 0.9777 0.1536
vn -0.5118 0.7415 0.4338
vn -0.1165 0.9892 -0.0890
vn 0.0504 0.9982 -0.0329
vn -0.5340 0.8453 -0.0203
vn 0.9520 -0.2996 -0.0621
vn 0.9348 -0.2824 0.2156
vn 0.9931 0.0919 -0.0727
vn 0.8001 -0.5958 0.0697
vn 0.5737 -0.7947 0.1981
vn 0.2394 -0.9068 0.3471
vn 0.6512 -0.6715 -0.3537
vn 0.3050 -0.9323 -0.1943
vn 0.3390 -0.9016 -0.2686
vn -0.1299 0.9855 -0.1092
vn 0.1154 0.9933 0.0041
vn 0.0627 0.9980 0.0059
vn -0.5556 0.8314 -0.0069
vn -0.8207 0.5509 0.1516
vn -0.2807 0.9519 -0.1225
vn -0.9367 0.1818 0.2993
vn -0.7970 0.4259 0.4283
vn -0.7955 -0.0396 0.6047
vn -0.5081 0.8188 0.2673
vn -0.4624 0.4264 0.7774
vn -0.9480 0.3161 -0.0370
vn -0.9956 0.0466 0.0807
vn 0.6508 -0.4825 0.5861
vn -0.0071 -0.7470 0.6648
vn 0.4867 -0.1130 0.8662
vn 0.5163 -0.1043 0.8500
vn 0.5164 -0.1043 0.8500
vn 0.2902 -0.8888 0.3546
vn 0.5539 -0.7958 0.2449
vn 0.7430 -0.5413 0.3937
vn -0.0695 -0.7828 0.6184
vn -0.8203 -0.0438 0.5703
vn -0.8175 -0.1352 0.5598
vn -0.8980 0.0417 0.4379
vn -0.8860 0.4396 0.1475
vn -0.8245 0.5469 0.1453
vn -0.4400 0.6094 0.6596
vn -0.7334 0.3678 0.5717
vn -0.1150 0.9385 0.3255
vn -0.2986 0.9197 0.2548
vn -0.1035 0.9493 0.2968
vn -0.4487 0.8935 -0.0150
vn -0.7457 0.5471 0.3804
vn -0.2079 0.5588 0.8028
vn 0.2168 0.9701 0.1090
vn 0.9870 -0.0974 -0.1275
vn 0.7602 -0.6473 0.0551
vn 0.7381 -0.5450 0.3977
vn -0.0051 -0.8802 0.4746
vn 0.9959 0.0830 0.0370
vn 0.4526 -0.7891 0.4153
vn 0.2220 -0.9121 0.3446
vn -0.0505 -0.6497 0.7585
vn -0.0516 -0.8019 0.5953
vn 0.1750 -0.4417 0.8799
vn 0.2453 -0.3201 0.9151
vn 0.9296 0.3334 0.1574
vn 0.6870 0.0567 0.7245
vn 0.6819 0.0428 0.7302
vn 0.0022 0.5888 0.8083
vn -0.0429 0.9339 0.3550
vn -0.0408 0.6059 0.7945
vn -0.5834 0.8101 -0.0585
vn -0.4655 0.7394 0.4865
vn -0.7688 -0.1287 0.6264
vn -0.9133 -0.0363 0.4057
vn -0.8886 0.4303 0.1586
vn -0.6213 0.7307 0.2830
vn -0.4472 0.8582 0.2519
vn -0.5250 0.7788 0.3433
vn -0.6277 0.5412 0.5596
vn 0.2484 0.9548 0.1633
vn 0.5860 0.8103 -0.0037
vn 0.9652 0.0431 0.2580
vn 0.9340 0.3203 0.1581
vn 0.9142 -0.0283 0.4042
vn -0.0527 0.9155 0.3988
vn 0.7221 0.6500 0.2368
vn 0.2716 -0.5241 0.8072
vn -0.2095 -0.2300 0.9504
vn 0.1233 0.1567 0.9799
vn -0.5431 0.3954 0.7407
vn 0.2890 0.7315 0.6175
vn 0.5969 -0.7409 -0.3079
vn 0.7294 -0.5355 -0.4257
vn 0.7948 -0.4845 -0.3655
vn 0.4512 -0.8786 -0.1564
vn 0.5108 -0.7940 -0.3295
vn 0.7935 -0.4274 -0.4332
vn 0.8645 -0.3239 -0.3843
vn 0.9395 0.0748 -0.3344
vn 0.9333 0.2240 -0.2807
vn 0.9188 0.3583 -0.1657
vn 0.9020 -0.0765 -0.4248
vn 0.9160 0.0985 -0.3889
vn 0.8838 0.3574 -0.3019
vn 0.9154 -0.1243 -0.3830
vn 0.8510 -0.2166 -0.4783
vn 0.8617 -0.2515 -0.4406
vn 0.8117 -0.3238 -0.4862
vn 0.8810 -0.0878 -0.4648
vn 0.8935 0.0609 -0.4450
vn 0.8830 0.3064 -0.3555
vn 0.5080 -0.7725 -0.3810
vn 0.6151 -0.6584 -0.4338
vn 0.6032 -0.6948 -0.3917
vn 0.6918 -0.5598 -0.4562
vn 0.4166 -0.8239 -0.3841
vn 0.5626 -0.6965 -0.4454
vn 0.3336 -0.8932 -0.3017
vn 0.6823 -0.5503 -0.4813
vn 0.7634 -0.4277 -0.4841
vn 0.8225 -0.3471 -0.4506
vn 0.8595 0.3048 -0.4103
vn 0.8502 -0.1547 -0.5032
vn 0.8760 0.0430 -0.4805
vn 0.8182 -0.2699 -0.5076
vn 0.7719 -0.3749 -0.5135
vn 0.8072 -0.2807 -0.5193
vn 0.8624 -0.0971 -0.4968
vn 0.8747 0.1379 -0.4646
vn 0.3963 -0.7999 -0.4506
vn 0.5946 -0.6313 -0.4978
vn 0.6558 -0.5701 -0.4950
vn 0.7092 -0.4838 -0.5128
vn 0.7485 -0.4084 -0.5225
vn 0.8014 0.4695 -0.3706
vn 0.8922 0.1725 -0.4174
vn 0.8490 -0.2512 -0.4649
vn 0.7814 -0.4066 -0.4733
vn 0.8421 -0.3467 -0.4132
vn 0.9000 -0.0610 -0.4315
vn 0.8952 -0.1799 -0.4078
vn 0.4105 -0.7968 -0.4434
vn 0.5364 -0.6883 -0.4883
vn 0.6288 -0.6396 -0.4421
vn 0.6977 -0.4930 -0.5198
vn 0.7598 -0.4926 -0.4244
vn 0.3231 -0.8114 -0.4870
vn 0.6100 -0.6628 -0.4342
vn 0.1290 -0.8967 -0.4235
vn 0.7411 -0.2579 -0.6200
vn 0.8398 -0.2688 -0.4717
vn 0.7242 -0.4622 -0.5117
vn 0.8074 -0.4261 -0.4081
vn 0.9091 0.0366 -0.4149
vn 0.8775 -0.2649 -0.3997
vn 0.7573 0.4812 -0.4416
vn 0.8148 0.0477 -0.5778
vn 0.7933 0.4861 -0.3667
vn -0.5789 0.4587 0.6741
vn -0.3844 0.6257 0.6787
vn -0.4611 0.6133 0.6413
vn -0.2420 0.7358 0.6325
vn -0.6403 0.3264 0.6953
vn -0.5016 0.4780 0.7210
vn -0.5985 0.3167 0.7358
vn -0.4520 0.4369 0.7777
vn -0.6696 0.2154 0.7108
vn -0.7002 -0.2231 0.6781
vn -0.7510 -0.0174 0.6600
vn -0.7580 -0.1846 0.6256
vn -0.6197 -0.3706 0.6918
vn -0.6936 -0.0303 0.7197
vn -0.6210 0.1803 0.7628
vn -0.7066 0.2308 0.6689
vn -0.7745 0.0510 0.6305
vn -0.5689 0.6018 0.5605
vn -0.3769 0.7406 0.5563
vn -0.3885 0.7693 0.5072
vn -0.6870 0.4423 0.5766
vn -0.5642 0.5579 0.6087
vn -0.6841 0.3287 0.6511
vn -0.6783 0.3883 0.6237
vn -0.7404 0.2527 0.6228
vn -0.3658 0.6915 0.6229
vn -0.7766 -0.3760 0.5056
vn -0.8138 -0.1209 0.5684
vn -0.8125 -0.3589 0.4594
vn -0.7789 -0.1454 0.6101
vn -0.7154 -0.4659 0.5207
vn -0.8005 0.0892 0.5926
vn -0.7416 0.3290 0.5847
vn -0.7874 0.2205 0.5756
vn -0.6884 0.5667 0.4528
vn -0.5597 0.6979 0.4469
vn -0.6632 0.6439 0.3816
vn -0.2997 0.8672 0.3976
vn -0.4103 0.8393 0.3566
vn -0.8578 0.3087 0.4109
vn -0.8054 0.3532 0.4760
vn -0.7875 0.4615 0.4086
vn -0.7587 0.3724 0.5345
vn -0.7232 0.4460 0.5273
vn -0.7505 0.4489 0.4851
vn -0.6621 0.5444 0.5150
vn -0.5232 0.6951 0.4930
vn -0.8813 0.0214 0.4721
vn -0.8930 0.1254 0.4323
vn -0.9074 -0.1397 0.3964
vn -0.8736 -0.4029 0.2729
vn -0.9385 -0.0838 0.3349
vn -0.9118 -0.3601 0.1973
vn -0.8407 0.0009 0.5415
vn -0.8416 0.1417 0.5212
vn -0.8683 -0.1386 0.4764
vn -0.8437 -0.4018 0.3559
vn -0.8027 0.2738 0.5297
vn -0.8417 0.2399 0.4836
vn -0.7071 0.6487 0.2816
vn -0.4759 0.8590 0.1887
vn -0.7197 0.6662 0.1954
vn -0.4788 0.8712 0.1083
vn -0.8246 0.5150 0.2343
vn -0.4787 0.8265 0.2961
vn -0.8751 0.4271 0.2275
vn -0.8031 0.5041 0.3178
vn -0.8474 0.3900 0.3604
vn -0.9409 -0.3196 0.1120
vn -0.9885 0.0127 0.1508
vn -0.9450 -0.3260 0.0259
vn -0.9697 -0.0285 0.2428
vn -0.9200 0.1609 0.3573
vn -0.9508 0.1882 0.2460
vn -0.8973 0.3076 0.3166
vn -0.9113 0.3374 0.2359
vn -0.8775 0.3885 0.2812
vn -0.9545 0.2402 0.1768
vn -0.9951 0.0317 0.0935
vn -0.9673 -0.2535 -0.0039
vn -0.9101 0.3809 0.1632
vn -0.9584 0.2841 0.0260
vn -0.9623 0.2495 0.1085
vn -0.9870 -0.1537 -0.0462
vn -0.6270 0.7727 0.0993
vn -0.8385 0.5184 0.1677
vn -0.6897 0.7238 0.0201
vn -0.8854 0.4593 0.0723
vn 0.6533 -0.7295 -0.2025
vn 0.4139 -0.9026 -0.1183
vn -0.4774 -0.5444 0.6898
vn -0.5395 -0.2723 0.7968
vn -0.3654 -0.5901 0.7199
vn -0.1617 -0.9275 0.3370
vn 0.0295 -0.9374 0.3471
vn -0.1890 -0.9234 0.3341
vn 0.6165 0.7465 -0.2506
vn 0.4389 0.8661 -0.2393
vn 0.2745 0.9553 -0.1097
vn 0.4115 0.8546 -0.3166
vn -0.0920 0.9652 -0.2448
vn 0.0741 0.9822 -0.1726
vn -0.2997 0.9526 -0.0534
vn -0.1868 0.9820 -0.0292
vn -0.0889 0.9960 0.0014
vn -0.0803 -0.9761 -0.2020
vn -0.2924 -0.9420 -0.1649
vn 0.0935 -0.9277 -0.3616
vn 0.1543 -0.9562 -0.2487
vn 0.2122 -0.9140 -0.3459
vn -0.1755 -0.9829 -0.0554
vn -0.4339 -0.9007 0.0214
vn -0.4747 -0.8656 0.1591
vn -0.6975 -0.6694 0.2559
vn -0.6531 -0.7510 0.0967
vn -0.6915 -0.6215 0.3680
vn -0.7547 -0.6495 0.0928
vn -0.4884 -0.8655 -0.1109
vn 0.4770 0.3699 -0.7973
vn 0.1810 0.8145 -0.5513
vn 0.4521 0.7251 -0.5196
vn -0.1686 0.6590 -0.7330
vn 0.4831 -0.1285 -0.8661
vn 0.5014 0.1215 -0.8566
vn -0.2248 0.3018 -0.9265
vn -0.3958 0.3727 -0.8393
vn -0.7149 0.6461 -0.2673
vn -0.8990 0.4240 -0.1098
vn -0.7021 0.7002 -0.1296
vn 0.0999 -0.9832 -0.1528
vn -0.2283 -0.9732 -0.0262
vn -0.2129 -0.9769 0.0194
vn 0.3564 -0.8941 -0.2712
vn 0.3459 -0.9010 -0.2619
vn 0.3221 -0.9452 -0.0527
vn -0.1800 -0.9125 0.3673
vn -0.1469 -0.9010 0.4081
vn 0.3741 0.7577 0.5347
vn 0.4909 0.6697 0.5572
vn 0.8479 0.4971 0.1843
vn 0.0181 0.6452 0.7638
vn -0.1983 0.6669 0.7182
vn 0.9124 -0.2511 -0.3232
vn 0.8441 -0.4525 -0.2876
vn -0.1044 0.5100 0.8538
vn 0.9699 -0.0313 -0.2415
vn 0.9658 0.1400 -0.2181
vn 0.9444 0.2660 -0.1931
vn 0.7578 0.6269 -0.1809
vn 0.5003 0.8652 -0.0346
vn 0.4752 0.8781 0.0558
vn 0.7401 0.6273 -0.2424
vn 0.4067 0.9123 -0.0476
vn 0.6995 0.6594 -0.2754
vn 0.4196 0.9002 -0.1167
vn 0.0893 0.9913 0.0963
vn 0.0862 0.9764 0.1980
vn -0.1960 0.9433 0.2677
vn 0.1873 0.9510 0.2462
vn -0.0914 0.9128 0.3980
vn -0.5281 -0.7137 -0.4602
vn -0.2492 -0.7067 -0.6622
vn -0.2947 -0.8443 -0.4476
vn 0.4534 -0.6367 -0.6238
vn 0.4921 -0.6826 -0.5404
vn -0.8891 -0.3820 -0.2522
vn -0.8545 -0.2609 -0.4493
vn -0.9581 0.1284 -0.2559
vn -0.8685 0.3929 -0.3023
vn -0.7455 -0.1695 -0.6446
vn -0.0243 -0.3540 -0.9349
vn 0.5226 -0.4638 -0.7154
vn -0.3151 0.1348 -0.9394
vn -0.1506 -0.9454 -0.2891
vn -0.4098 -0.8818 -0.2333
vn 0.1039 -0.9119 -0.3970
vn -0.7431 -0.6691 -0.0129
vn -0.7483 -0.6563 -0.0966
vn -0.4178 -0.8586 -0.2971
vn 0.8932 0.4466 0.0534
vn 0.5995 0.6894 0.4066
vn 0.8744 0.4462 -0.1903
vn 0.9445 0.2877 -0.1584
vn 0.6183 0.7844 -0.0496
vn 0.0118 -0.9882 -0.1525
vn 0.0658 -0.9905 0.1209
vn 0.3893 -0.8956 -0.2153
vn -0.2928 -0.9556 0.0329
vn -0.5305 -0.8204 0.2132
vn -0.7179 -0.5567 0.4179
vn -0.4772 -0.8040 -0.3547
vn -0.8059 -0.5797 -0.1205
vn -0.7781 -0.5949 -0.2017
vn 0.8635 0.4594 -0.2079
vn 0.9664 0.2218 -0.1301
vn 0.9544 0.2726 -0.1220
vn 0.6005 0.7990 -0.0319
vn 0.2790 0.9407 0.1930
vn 0.7823 0.5910 -0.1968
vn -0.0798 0.9139 0.3980
vn 0.2130 0.8527 0.4770
vn -0.1943 0.6810 0.7060
vn 0.6468 0.7262 0.2330
vn 0.3742 0.5083 0.7756
vn -0.0106 0.9986 0.0526
vn -0.2593 0.9434 0.2069
vn 0.0564 -0.7141 0.6977
vn 0.0032 -0.7612 0.6485
vn -0.5822 -0.2610 0.7701
vn -0.5803 -0.5076 0.6369
vn 0.1688 -0.5740 0.8013
vn -0.6838 -0.5992 0.4164
vn -0.5305 -0.8062 0.2621
vn 0.4376 -0.8971 0.0613
vn -0.2092 -0.9121 0.3527
vn -0.6636 -0.2504 0.7050
vn -0.2115 0.7059 0.6760
vn -0.2978 0.6739 0.6762
vn -0.1770 0.8189 0.5459
vn 0.1536 0.9653 0.2110
vn 0.2731 0.9435 0.1877
vn 0.5340 0.5585 0.6348
vn 0.2013 0.7612 0.6165
vn 0.8925 0.3919 0.2234
vn 0.8057 0.5642 0.1806
vn 0.9017 0.3872 0.1923
vn 0.6913 0.7200 -0.0616
vn 0.3351 0.8490 0.4085
vn 0.5827 0.3112 0.7508
vn 0.9932 0.1097 -0.0377
vn 0.2017 -0.9481 -0.2458
vn -0.3559 -0.9340 0.0300
vn -0.2135 -0.9091 0.3577
vn -0.7506 -0.3294 0.5729
vn 0.3991 -0.9107 -0.1067
vn -0.5296 -0.7237 0.4424
vn -0.7288 -0.5420 0.4185
vn -0.5049 -0.2349 0.8306
vn -0.6731 -0.2702 0.6884
vn -0.2197 -0.3880 0.8951
vn -0.0782 -0.4166 0.9057
vn 0.6311 -0.7757 -0.0093
vn 0.3843 -0.6893 0.6141
vn 0.3706 -0.6898 0.6220
vn 0.6782 0.1234 0.7244
vn 0.9156 0.3201 0.2433
vn 0.6784 0.1706 0.7146
vn 0.5637 0.8224 -0.0764
vn 0.6204 0.6407 0.4523
vn -0.2658 0.6245 0.7344
vn -0.2598 0.8101 0.5256
vn 0.1458 0.9638 0.2234
vn 0.5310 0.8018 0.2741
vn 0.7005 0.6836 0.2050
vn 0.6160 0.7221 0.3148
vn 0.3950 0.7207 0.5697
vn 0.9974 0.0702 0.0132
vn 0.9431 -0.2803 -0.1789
vn 0.3867 -0.9144 0.1196
vn 0.6204 -0.7843 -0.0076
vn 0.3266 -0.9031 0.2788
vn 0.9022 0.3194 0.2899
vn 0.8740 -0.4824 0.0587
vn -0.2777 -0.4998 0.8204
vn -0.1326 0.0373 0.9905
vn 0.3393 -0.1491 0.9288
vn 0.3139 0.5770 0.7540
vn 0.8727 -0.0818 0.4814
vn -0.9488 -0.2981 -0.1046
vn -0.8575 -0.4483 -0.2525
vn -0.7698 -0.6047 -0.2045
vn -0.9929 -0.1178 0.0177
vn -0.9623 -0.2199 -0.1604
vn -0.7348 -0.6183 -0.2789
vn -0.6401 -0.7332 -0.2295
vn -0.3998 -0.8841 -0.2418
vn -0.0553 -0.9745 -0.2176
vn -0.0935 -0.9844 -0.1493
vn -0.4577 -0.8270 -0.3265
vn -0.2624 -0.9248 -0.2756
vn -0.5637 -0.7541 -0.3370
vn -0.6348 -0.7131 -0.2976
vn -0.6582 -0.6714 -0.3406
vn -0.3348 -0.8791 -0.3393
vn -0.0664 -0.9577 -0.2800
vn -0.9685 -0.1174 -0.2197
vn -0.8780 -0.3582 -0.3176
vn -0.9280 -0.2890 -0.2352
vn -0.9887 -0.0331 -0.1462
vn -0.7354 -0.5945 -0.3253
vn -0.0763 -0.9369 -0.3410
vn -0.4998 -0.7849 -0.3663
vn -0.3359 -0.8646 -0.3737
vn -0.6019 -0.7068 -0.3718
vn -0.7007 -0.6125 -0.3659
vn -0.4927 -0.7832 -0.3792
vn -0.2435 -0.8973 -0.3681
vn -0.9497 -0.1133 -0.2918
vn -0.7853 -0.5008 -0.3641
vn -0.7752 -0.5254 -0.3507
vn -0.8311 -0.4658 -0.3039
vn 0.1093 -0.9381 -0.3288
vn -0.3108 -0.8937 -0.3236
vn -0.6627 -0.6511 -0.3699
vn -0.5721 -0.7531 -0.3249
vn -0.7019 -0.6413 -0.3101
vn -0.6707 -0.6952 -0.2587
vn -0.5329 -0.8019 -0.2702
vn -0.9503 -0.1313 -0.2824
vn -0.8816 -0.3375 -0.3299
vn -0.8743 -0.4015 -0.2729
vn -0.7876 -0.5312 -0.3123
vn -0.7761 -0.5761 -0.2566
vn -0.9355 -0.0842 -0.3432
vn -0.8938 -0.3610 -0.2662
vn -0.9384 0.1928 -0.2866
vn -0.6165 -0.6427 -0.4549
vn -0.6144 -0.7391 -0.2759
vn -0.7857 -0.5010 -0.3628
vn -0.7414 -0.6231 -0.2492
vn 0.2389 -0.8085 -0.5379
vn -0.3693 -0.8792 -0.3012
vn -0.3762 -0.8024 -0.4633
vn 0.0514 -0.9451 -0.3226
vn 0.7197 0.4447 0.5332
vn 0.8253 0.1886 0.5323
vn 0.8180 0.2928 0.4951
vn 0.8763 0.0380 0.4802
vn 0.6406 0.5097 0.5743
vn 0.7507 0.2684 0.6036
vn 0.5762 0.5595 0.5957
vn 0.6654 0.3338 0.6677
vn 0.1360 0.7774 0.6142
vn 0.3894 0.7278 0.5645
vn 0.1881 0.8133 0.5505
vn -0.0088 0.7422 0.6702
vn 0.3253 0.7057 0.6294
vn 0.6011 0.5958 0.5326
vn 0.4206 0.7418 0.5223
vn 0.7375 0.5214 0.4292
vn 0.8072 0.3838 0.4485
vn 0.8741 0.3174 0.3678
vn 0.6891 0.5393 0.4840
vn 0.5890 0.6423 0.4904
vn 0.9121 0.1222 0.3914
vn 0.8642 0.1591 0.4774
vn -0.0527 0.8967 0.4394
vn 0.2041 0.8564 0.4742
vn -0.1111 0.9260 0.3608
vn 0.2263 0.8201 0.5256
vn -0.1036 0.8666 0.4882
vn 0.4635 0.7522 0.4684
vn 0.7836 0.5381 0.3105
vn 0.9292 0.2629 0.2596
vn 0.8830 0.4176 0.2141
vn 0.6460 0.7199 0.2537
vn 0.6547 0.6782 0.3339
vn 0.7551 0.6079 0.2454
vn 0.7073 0.5972 0.3783
vn 0.8152 0.4585 0.3538
vn 0.9648 0.0212 0.2621
vn -0.0426 0.9763 0.2123
vn 0.2942 0.9270 0.2328
vn -0.0588 0.9914 0.1165
vn 0.0029 0.9501 0.3118
vn 0.2940 0.8990 0.3245
vn 0.2782 0.8712 0.4046
vn 0.6246 0.6428 0.4434
vn 0.6198 0.6819 0.3885
vn 0.5115 0.7645 0.3922
vn 0.5091 0.8031 0.3094
vn 0.8411 0.5243 0.1328
vn 0.9734 0.2263 0.0349
vn 0.8768 0.4802 0.0244
vn 0.9882 0.1351 -0.0720
vn 0.7447 0.6640 0.0674
vn 0.9912 0.0892 0.0974
vn 0.7095 0.6880 0.1523
vn 0.0642 0.9976 0.0272
vn 0.3812 0.9241 0.0276
vn 0.0458 0.9963 -0.0726
vn 0.3419 0.9312 0.1267
vn 0.5194 0.8256 0.2205
vn 0.5340 0.8380 0.1123
vn 0.6455 0.7476 0.1563
vn 0.6454 0.7609 0.0677
vn 0.4812 0.8761 -0.0300
vn 0.6850 0.7285 -0.0002
vn 0.5960 0.7946 -0.1154
vn 0.0491 0.9779 -0.2033
vn 0.9449 0.3055 -0.1176
vn 0.8009 0.5988 -0.0050
vn 0.7393 0.6665 -0.0957
vn -0.2259 0.6195 0.7518
vn 0.3295 0.6133 0.7179
vn -0.9529 0.1326 0.2728
vn -0.8096 0.3412 0.4776
vn -0.7294 0.5256 0.4378
vn 0.3137 -0.8959 -0.3146
vn 0.5701 -0.7821 -0.2515
vn 0.7438 -0.5651 -0.3570
vn 0.8621 -0.2619 -0.4338
vn 0.8906 -0.3500 -0.2903
vn 0.8322 -0.4969 -0.2459
vn 0.9674 -0.1855 -0.1722
vn 0.9415 -0.3195 -0.1077
vn -0.8966 0.4393 -0.0570
vn -0.7945 0.6044 -0.0591
vn -0.9610 0.1756 -0.2138
vn -0.9788 0.1756 -0.1052
vn -0.8860 0.4625 0.0322
vn -0.6499 0.7443 0.1538
vn -0.4545 0.8800 0.1381
vn -0.5196 0.8544 -0.0000
vn 0.3652 -0.6927 -0.6219
vn 0.6197 -0.1404 -0.7722
vn 0.6729 0.3836 -0.6326
vn -0.3476 -0.6694 -0.6565
vn 0.6724 0.6922 -0.2620
vn 0.8663 0.4134 -0.2804
vn -0.9955 0.0174 -0.0932
vn -0.9913 0.1113 -0.0704
vn -0.9218 0.3867 -0.0268
vn -0.9924 0.0379 0.1168
vn -0.7119 0.5210 0.4709
vn -0.6973 0.4527 0.5557
vn 0.6997 -0.4591 0.5474
vn 0.5449 -0.6470 0.5333
vn 0.5183 -0.7690 0.3742
vn -0.5937 -0.7837 -0.1826
vn -0.8288 -0.5581 -0.0409
vn -0.2336 -0.9687 -0.0836
vn -0.1174 -0.9869 -0.1103
vn 0.3293 -0.9304 -0.1608
vn 0.6726 -0.7323 -0.1060
vn 0.7237 -0.6895 0.0290
vn 0.2617 -0.9353 -0.2383
vn 0.3412 -0.8999 -0.2715
vn 0.6878 -0.7047 -0.1741
vn 0.9188 -0.3941 -0.0219
vn 0.9136 -0.3973 0.0863
vn 0.9862 -0.1048 0.1283
vn 0.9354 -0.2598 0.2398
vn -0.6024 0.7295 -0.3239
vn -0.6668 0.4524 -0.5922
vn -0.7486 0.5616 -0.3525
vn -0.8729 -0.1729 -0.4562
vn -0.0683 0.8968 -0.4372
vn 0.3889 0.8257 -0.4087
vn 0.3407 0.7050 -0.6220
vn -0.5603 0.1111 -0.8208
vn -0.4672 -0.4650 -0.7520
vn -0.6908 -0.3326 -0.6421
vn -0.8770 0.4463 -0.1782
vn -0.7160 0.6802 -0.1570
vn -0.9460 0.1973 -0.2572
vn -0.3513 0.9339 -0.0668
vn -0.6873 0.6891 -0.2296
vn 0.1164 -0.9888 0.0934
vn -0.0243 -0.9873 0.1570
vn 0.5467 -0.7353 0.4005
vn 0.3257 -0.9411 -0.0905
vn -0.0963 -0.9906 -0.0971
vn -0.8827 0.4675 0.0484
vn -0.8798 0.1846 0.4381
vn -0.9956 -0.0790 -0.0497
vn -0.5567 0.7913 0.2528
vn -0.3929 0.8581 0.3305
vn -0.3323 0.9258 -0.1800
vn 0.0629 -0.9765 -0.2063
vn -0.1056 -0.9837 -0.1454
vn 0.4505 -0.8873 -0.0991
vn 0.7987 -0.5957 0.0856
vn 0.9384 -0.2269 0.2605
vn 0.8431 -0.4327 0.3193
vn 0.8189 -0.0670 0.5701
vn 0.5819 -0.7875 0.2031
vn 0.5296 -0.7684 0.3592
vn 0.6511 -0.7559 0.0682
vn -0.5083 0.2991 0.8076
vn -0.4800 0.0803 0.8736
vn -0.5467 0.7965 0.2584
vn -0.2799 0.8759 0.3929
vn -0.4544 0.8290 0.3260
vn -0.9721 -0.0750 0.2223
vn -0.6698 0.6379 0.3800
vn 0.0946 0.7389 0.6671
vn 0.8362 0.0005 0.5484
vn 0.8452 -0.0196 0.5341
vn 0.8656 -0.4937 0.0838
vn 0.7861 -0.1838 0.5902
vn -0.1308 -0.9881 0.0806
vn 0.2797 -0.9390 0.1999
vn 0.0852 -0.9655 0.2462
vn 0.7259 -0.6826 0.0846
vn 0.3904 -0.6224 0.6784
vn 0.1980 -0.6417 0.7410
vn 0.5278 -0.7092 0.4674
vn -0.9895 0.1102 -0.0933
vn -0.4498 0.8462 0.2858
vn 0.0502 0.8457 0.5313
vn -0.8998 0.3794 0.2154
vn -0.2060 0.2712 0.9402
vn 0.2033 0.7254 0.6576
vn 0.1282 0.7872 0.6032
vn -0.9337 -0.3159 0.1683
vn -0.9798 -0.1994 0.0113
vn -0.7175 0.0914 0.6906
vn -0.6708 -0.0368 0.7407
vn 0.6578 -0.7507 -0.0610
vn -0.0987 -0.9486 0.3008
vn 0.0414 -0.9886 0.1451
vn 0.7962 0.1319 0.5905
vn 0.9259 0.0009 0.3778
vn 0.8799 -0.4662 0.0915
vn 0.6507 -0.7138 0.2590
vn 0.6420 -0.6347 0.4302
vn 0.6200 -0.7228 0.3051
vn 0.6586 -0.1778 0.7312
vn -0.9303 -0.0589 0.3620
vn -0.4078 -0.9111 0.0600
vn -0.0245 -0.9477 0.3181
vn -0.6672 -0.6470 0.3690
vn -0.1626 0.5792 0.7988
vn 0.3171 0.2023 0.9266
vn 0.6164 -0.3536 0.7036
vn -0.6861 -0.6076 -0.4001
vn -0.5328 -0.6601 -0.5295
vn -0.3847 -0.7749 -0.5016
vn -0.8196 -0.5170 -0.2471
vn -0.7260 -0.5350 -0.4321
vn -0.3225 -0.7559 -0.5697
vn -0.1924 -0.8303 -0.5231
vn 0.0697 -0.8546 -0.5145
vn 0.3178 -0.8468 -0.4265
vn 0.4185 -0.8469 -0.3280
vn 0.0233 -0.8074 -0.5896
vn 0.2219 -0.8255 -0.5190
vn 0.4894 -0.7665 -0.4159
vn -0.1022 -0.7853 -0.6106
vn -0.1885 -0.7909 -0.5822
vn -0.2229 -0.7521 -0.6202
vn 0.1568 -0.7977 -0.5823
vn 0.4144 -0.7718 -0.4823
vn -0.7024 -0.5293 -0.4759
vn -0.5756 -0.6103 -0.5443
vn -0.7636 -0.4430 -0.4699
vn -0.6188 -0.5611 -0.5497
vn -0.8424 -0.3838 -0.3782
vn -0.4588 -0.6554 -0.5999
vn -0.4599 -0.6724 -0.5800
vn -0.3254 -0.7226 -0.6099
vn 0.4106 -0.7401 -0.5327
vn -0.0281 -0.7768 -0.6291
vn 0.1535 -0.7756 -0.6123
vn -0.1532 -0.7501 -0.6433
vn -0.2794 -0.7150 -0.6409
vn -0.0211 -0.7687 -0.6392
vn 0.2490 -0.7672 -0.5911
vn -0.7415 -0.4094 -0.5315
vn -0.5502 -0.5762 -0.6044
vn -0.4845 -0.6114 -0.6257
vn -0.3902 -0.6695 -0.6321
vn -0.3390 -0.6837 -0.6462
vn 0.5528 -0.6781 -0.4843
vn 0.1791 -0.8055 -0.5650
vn -0.2179 -0.7319 -0.6456
vn -0.1115 -0.7914 -0.6010
vn -0.2790 -0.7530 -0.5959
vn -0.2332 -0.8017 -0.5504
vn -0.0614 -0.8333 -0.5495
vn -0.7368 -0.4241 -0.5265
vn -0.5934 -0.5465 -0.5909
vn -0.5461 -0.6285 -0.5539
vn -0.4031 -0.6895 -0.6018
vn -0.3811 -0.7431 -0.5500
vn -0.7380 -0.3596 -0.5709
vn -0.5828 -0.6036 -0.5441
vn -0.8701 -0.1633 -0.4651
vn -0.1852 -0.6767 -0.7126
vn -0.1613 -0.8112 -0.5620
vn -0.4109 -0.6514 -0.6378
vn -0.3298 -0.7715 -0.5441
vn 0.6796 -0.4783 -0.5563
vn 0.1539 -0.8190 -0.5528
vn 0.1006 -0.7125 -0.6944
vn 0.5636 -0.6721 -0.4802
vn 0.3557 0.5284 0.7709
vn 0.5669 0.3431 0.7489
vn 0.4992 0.4623 0.7329
vn 0.6749 0.2520 0.6935
vn 0.2405 0.5476 0.8014
vn 0.4064 0.4311 0.8056
vn 0.2345 0.5048 0.8308
vn 0.3783 0.3603 0.8526
vn 0.1290 0.5712 0.8106
vn -0.3238 0.5458 0.7728
vn -0.0858 0.6276 0.7738
vn -0.2817 0.6187 0.7334
vn -0.7006 0.2932 0.6506
vn -0.1389 0.5551 0.8201
vn 0.0961 0.5064 0.8569
vn 0.1851 0.6085 0.7717
vn -0.0410 0.6615 0.7488
vn 0.5666 0.5281 0.6326
vn 0.6774 0.3714 0.6349
vn 0.7404 0.3593 0.5680
vn 0.3709 0.6217 0.6898
vn 0.4834 0.5273 0.6988
vn 0.2986 0.6036 0.7393
vn 0.1581 0.6555 0.7384
vn 0.6237 0.3520 0.6979
vn -0.5175 0.6233 0.5862
vn -0.2779 0.6847 0.6737
vn -0.5955 0.6375 0.4889
vn -0.2482 0.6475 0.7205
vn -0.5543 0.5621 0.6139
vn -0.0225 0.7029 0.7110
vn 0.2313 0.6712 0.7043
vn 0.1179 0.7044 0.6999
vn 0.4746 0.6679 0.5732
vn 0.6208 0.5541 0.5545
vn 0.5551 0.6638 0.5012
vn 0.8066 0.3479 0.4779
vn 0.7799 0.4430 0.4421
vn 0.2049 0.8115 0.5472
vn 0.2508 0.7507 0.6112
vn 0.3531 0.7648 0.5389
vn 0.3554 0.7083 0.6099
vn 0.4373 0.6399 0.6319
vn 0.3006 0.6921 0.6562
vn -0.4796 0.7732 0.4148
vn -0.2011 0.8532 0.4812
vn -0.4696 0.8193 0.3291
vn -0.4773 0.7296 0.4897
vn -0.2000 0.8023 0.5624
vn -0.2110 0.7484 0.6288
vn 0.1809 0.7300 0.6591
vn 0.0297 0.7593 0.6500
vn 0.1315 0.7748 0.6184
vn 0.0175 0.8190 0.5735
vn 0.5556 0.7235 0.4097
vn 0.7791 0.5522 0.2967
vn 0.5724 0.7519 0.3271
vn 0.8217 0.5331 0.2015
vn 0.4092 0.8306 0.3778
vn 0.7596 0.5183 0.3930
vn 0.3052 0.8721 0.3825
vn 0.3998 0.7954 0.4555
vn 0.2706 0.8448 0.4617
vn -0.4341 0.8692 0.2367
vn -0.0976 0.9466 0.3073
vn -0.3919 0.9072 0.1530
vn -0.1479 0.9075 0.3931
vn 0.0449 0.8626 0.5039
vn 0.0656 0.9109 0.4074
vn 0.1997 0.8663 0.4579
vn 0.1928 0.9064 0.3758
vn 0.0196 0.9634 0.2673
vn 0.2609 0.9132 0.3131
vn 0.1688 0.9656 0.1978
vn -0.4027 0.9153 0.0099
vn 0.6902 0.6891 0.2207
vn 0.4116 0.8554 0.3144
vn 0.6350 0.7576 0.1511
vn 0.3482 0.9098 0.2259
vn -0.6391 -0.6935 -0.3327
vn -0.9324 -0.3594 0.0372
vn -0.7956 0.0336 0.6049
vn -0.3459 0.3695 0.8624
vn 0.8180 -0.4759 -0.3232
vn 0.9265 -0.2672 -0.2651
vn 0.9804 -0.1475 -0.1304
vn 0.9009 -0.2605 -0.3472
vn 0.9494 0.2444 -0.1971
vn 0.9857 0.0707 -0.1530
vn 0.9099 0.4141 0.0233
vn 0.9592 0.2810 0.0306
vn 0.9865 0.1521 0.0614
vn -0.9765 -0.0034 -0.2156
vn -0.9686 0.2025 -0.1441
vn -0.9058 -0.1422 -0.3992
vn -0.9280 -0.2233 -0.2983
vn -0.8780 -0.2594 -0.4022
vn -0.9963 0.0655 -0.0559
vn -0.9332 0.3467 0.0944
vn -0.9158 0.3424 0.2099
vn -0.8226 0.5364 0.1884
vn -0.7368 0.6482 0.1925
vn -0.9170 0.3948 -0.0574
vn 0.6975 -0.2927 -0.6540
vn 0.8352 -0.1395 -0.5319
vn 0.6477 0.3244 -0.6894
vn 0.4569 0.8163 -0.3535
vn 0.7705 0.5661 -0.2930
vn 0.0884 -0.5298 -0.8435
vn 0.3019 0.9517 0.0567
vn 0.6108 0.7918 -0.0016
vn -0.8963 -0.3311 -0.2951
vn -0.9120 -0.2938 -0.2862
vn -0.9843 -0.0403 -0.1718
vn -0.8993 -0.4175 -0.1301
vn -0.9266 0.0163 0.3758
vn -0.9118 -0.0329 0.4093
vn 0.7585 -0.2867 0.5852
vn 0.7105 -0.4880 0.5071
vn 0.7637 -0.5578 0.3249
vn 0.6296 0.1591 0.7605
vn -0.1317 -0.8705 -0.4742
vn -0.4471 -0.8163 -0.3657
vn 0.5037 0.0157 0.8637
vn 0.4388 -0.8923 -0.1062
vn 0.0891 -0.9158 -0.3915
vn 0.3394 -0.8901 -0.3044
vn 0.3755 -0.8650 -0.3327
vn 0.7099 -0.6435 -0.2862
vn 0.9195 -0.3830 -0.0881
vn 0.9259 -0.3777 0.0016
vn 0.7145 -0.6123 -0.3384
vn 0.9552 -0.2836 -0.0846
vn 0.7419 -0.5635 -0.3635
vn 0.9485 -0.2786 -0.1506
vn 0.9942 0.0176 0.1062
vn 0.9776 -0.0018 0.2106
vn 0.9099 0.2596 0.3234
vn 0.9640 -0.1117 0.2413
vn 0.8909 0.1325 0.4344
vn -0.7491 0.5522 -0.3659
vn -0.7087 0.2778 -0.6485
vn -0.8690 0.2619 -0.4198
vn -0.6277 -0.3773 -0.6809
vn -0.3570 0.9039 -0.2355
vn 0.0099 0.9922 -0.1245
vn 0.0505 0.9304 -0.3631
vn -0.4392 0.1033 -0.8924
vn -0.0991 -0.3750 -0.9217
vn -0.3705 -0.3854 -0.8451
vn -0.9536 0.0832 -0.2894
vn -0.9224 0.3357 -0.1912
vn -0.8885 -0.1448 -0.4354
vn -0.7537 0.6516 0.0857
vn -0.7178 0.6962 0.0091
vn -0.9004 0.3552 -0.2512
vn 0.5123 -0.8495 -0.1258
vn 0.7666 -0.5153 0.3832
vn 0.7188 -0.6596 -0.2196
vn 0.3871 -0.8658 -0.3172
vn -0.9779 -0.1030 -0.1817
vn -0.9124 -0.3328 0.2382
vn -0.8303 -0.4657 -0.3062
vn -0.9840 0.1711 0.0502
vn -0.8529 0.4202 0.3097
vn -0.7564 0.5011 0.4203
vn -0.8409 0.4618 -0.2821
vn -0.6861 0.7250 -0.0607
vn 0.5802 -0.7467 -0.3252
vn 0.3314 -0.9076 -0.2576
vn 0.3887 -0.8916 -0.2321
vn 0.8093 -0.5603 -0.1763
vn 0.9641 -0.2154 0.1550
vn 0.8917 0.1232 0.4354
vn 0.8630 -0.0472 0.5030
vn 0.6590 0.1329 0.7403
vn 0.7940 -0.5979 0.1102
vn 0.7754 -0.5482 0.3135
vn 0.9129 -0.4023 0.0698
vn 0.9099 0.3213 0.2624
vn -0.6983 -0.2585 0.6675
vn -0.7642 -0.1817 0.6188
vn -0.3508 0.4276 0.8331
vn -0.5433 0.4235 0.7249
vn -0.5209 -0.3368 0.7844
vn -0.8813 0.3852 0.2736
vn -0.7012 0.5249 0.4825
vn -0.8240 0.4318 0.3668
vn -0.8458 -0.5319 -0.0418
vn -0.9312 0.1620 0.3266
vn -0.3461 0.4969 0.7958
vn 0.6682 0.1809 0.7217
vn 0.6259 0.2617 0.7347
vn 0.7788 0.2009 0.5942
vn 0.8719 0.1959 0.4488
vn 0.6015 -0.5836 0.5455
vn 0.7747 -0.4761 0.4162
vn 0.7429 -0.0686 0.6658
vn 0.3333 -0.9297 -0.1566
vn 0.6554 -0.7523 0.0667
vn 0.4912 -0.8691 0.0577
vn 0.9424 -0.3128 0.1185
vn 0.9474 -0.3163 -0.0485
vn 0.8790 -0.2946 0.3750
vn 0.5474 -0.6119 0.5709
vn 0.3714 -0.6557 0.6574
vn -0.9256 -0.2472 -0.2866
vn -0.8027 0.4755 0.3600
vn -0.4151 0.5976 0.6859
vn -0.9924 -0.1143 0.0452
vn -0.3132 0.3052 0.8993
vn -0.3661 0.5202 0.7716
vn -0.4985 0.0851 0.8627
vn -0.4327 -0.1237 0.8930
vn -0.6937 -0.7080 -0.1327
vn -0.7683 -0.5808 -0.2691
vn -0.7643 -0.4364 0.4748
vn -0.6611 -0.5638 0.4951
vn 0.9188 -0.3795 -0.1085
vn 0.4197 -0.9057 0.0599
vn 0.5562 0.2148 0.8028
vn 0.7633 0.2722 0.5858
vn 0.9748 -0.0725 0.2111
vn 0.8668 -0.4388 0.2368
vn 0.7609 -0.6392 0.1111
vn 0.8227 -0.5069 0.2571
vn 0.8064 -0.3715 0.4601
vn 0.4116 -0.3874 0.8250
vn 0.1900 -0.9712 -0.1436
vn -0.1974 -0.9142 -0.3539
vn -0.8388 -0.5347 0.1026
vn 0.4229 -0.8933 0.1520
vn -0.3725 -0.9238 -0.0883
vn -0.5382 0.0807 0.8389
vn 0.0107 -0.0258 0.9996
vn -0.1167 -0.5001 0.8581
vn 0.6106 -0.3538 0.7085
vn 0.0191 -0.9425 0.3337
vn -0.8154 0.3057 -0.4916
vn -0.7760 0.0711 -0.6267
vn -0.8134 -0.0130 -0.5815
vn -0.8115 0.4883 -0.3210
vn -0.7654 0.4232 -0.4848
vn -0.7588 -0.0718 -0.6473
vn -0.7750 -0.1806 -0.6056
vn -0.6228 -0.5498 -0.5565
vn -0.5441 -0.6817 -0.4890
vn -0.4899 -0.7929 -0.3623
vn -0.6448 -0.3865 -0.6594
vn -0.5678 -0.5741 -0.5899
vn -0.4067 -0.7802 -0.4753
vn -0.6968 -0.3727 -0.6129
vn -0.6807 -0.2574 -0.6859
vn -0.7305 -0.1713 -0.6611
vn -0.7068 -0.1387 -0.6937
vn -0.5735 -0.4966 -0.6515
vn -0.4401 -0.7148 -0.5436
vn -0.7451 0.3959 -0.5368
vn -0.7529 0.2370 -0.6140
vn -0.7741 0.2698 -0.5726
vn -0.7526 0.1149 -0.6484
vn -0.7012 0.4800 -0.5272
vn -0.7301 0.2989 -0.6145
vn -0.6946 0.5751 -0.4322
vn -0.7337 0.1146 -0.6697
vn -0.7285 -0.0374 -0.6841
vn -0.4092 -0.6954 -0.5908
vn -0.6369 -0.3222 -0.7003
vn -0.5528 -0.4826 -0.6793
vn -0.6704 -0.1989 -0.7149
vn -0.6986 -0.0709 -0.7120
vn -0.6256 -0.3244 -0.7095
vn -0.5029 -0.5637 -0.6553
vn -0.6556 0.4776 -0.5849
vn -0.7062 0.2324 -0.6688
vn -0.7045 0.1584 -0.6918
vn -0.7110 0.0481 -0.7015
vn -0.6983 -0.0035 -0.7158
vn -0.2929 -0.7934 -0.5336
vn -0.5716 -0.5203 -0.6345
vn -0.6843 -0.1331 -0.7169
vn -0.6913 -0.2560 -0.6757
vn -0.7361 -0.0901 -0.6708
vn -0.7618 -0.1543 -0.6292
vn -0.7096 -0.3210 -0.6272
vn -0.6668 0.4665 -0.5812
vn -0.7015 0.2842 -0.6535
vn -0.7551 0.2032 -0.6234
vn -0.7375 0.0495 -0.6735
vn -0.7794 0.0038 -0.6266
vn -0.6065 0.4987 -0.6193
vn -0.7512 0.2471 -0.6121
vn -0.5053 0.7045 -0.4984
vn -0.6142 -0.1346 -0.7776
vn -0.7356 -0.2221 -0.6400
vn -0.7043 0.0750 -0.7059
vn -0.7809 -0.0550 -0.6222
vn -0.2215 -0.7806 -0.5845
vn -0.6011 -0.4997 -0.6237
vn -0.5051 -0.4230 -0.7523
vn -0.2850 -0.8003 -0.5276
vn 0.5563 -0.0934 0.8257
vn 0.4933 -0.3612 0.7913
vn 0.5559 -0.3047 0.7734
vn 0.4465 -0.5426 0.7115
vn 0.5180 0.0234 0.8550
vn 0.4925 -0.1777 0.8519
vn 0.4748 0.0081 0.8801
vn 0.4127 -0.1870 0.8914
vn 0.4859 0.1328 0.8639
vn 0.2584 0.5200 0.8142
vn 0.4388 0.3499 0.8276
vn 0.3449 0.5202 0.7813
vn -0.1302 0.7407 0.6591
vn 0.3460 0.3621 0.8656
vn 0.4092 0.1306 0.9030
vn 0.5486 0.1015 0.8299
vn 0.4919 0.3267 0.8070
vn 0.6688 -0.2700 0.6926
vn 0.5827 -0.4469 0.6788
vn 0.6075 -0.5009 0.6164
vn 0.6549 -0.0454 0.7544
vn 0.6204 -0.2056 0.7568
vn 0.6007 0.0107 0.7994
vn 0.5805 0.1481 0.8007
vn 0.5292 -0.4242 0.7349
vn 0.2806 0.6990 0.6577
vn 0.4386 0.5041 0.7440
vn 0.3297 0.7092 0.6231
vn 0.3872 0.5010 0.7740
vn 0.1779 0.7375 0.6515
vn 0.5407 0.3213 0.7774
vn 0.6311 0.0916 0.7703
vn 0.6084 0.2074 0.7660
vn 0.7546 -0.1221 0.6447
vn 0.7244 -0.3040 0.6187
vn 0.7953 -0.1934 0.5746
vn 0.6369 -0.5626 0.5272
vn 0.7115 -0.4938 0.5000
vn 0.7576 0.1840 0.6263
vn 0.7213 0.1171 0.6827
vn 0.7864 0.0314 0.6170
vn 0.6811 0.0699 0.7288
vn 0.6962 -0.0099 0.7178
vn 0.7296 0.0067 0.6839
vn 0.7082 -0.1192 0.6959
vn 0.5953 0.4334 0.6766
vn 0.6727 0.3577 0.6477
vn 0.5433 0.5875 0.5998
vn 0.3981 0.7964 0.4553
vn 0.6143 0.5643 0.5516
vn 0.4706 0.7893 0.3944
vn 0.5350 0.4212 0.7324
vn 0.6199 0.3076 0.7219
vn 0.4938 0.5574 0.6674
vn 0.3551 0.7714 0.5281
vn 0.6616 0.1762 0.7289
vn 0.6843 0.2301 0.6919
vn 0.8567 -0.1639 0.4891
vn 0.8148 -0.4582 0.3552
vn 0.8973 -0.1635 0.4100
vn 0.8432 -0.4594 0.2791
vn 0.8856 0.0163 0.4641
vn 0.7729 -0.4395 0.4577
vn 0.8744 0.1207 0.4700
vn 0.8430 0.0063 0.5379
vn 0.8238 0.1344 0.5507
vn 0.5397 0.7835 0.3079
vn 0.7522 0.5306 0.3908
vn 0.6060 0.7608 0.2324
vn 0.6921 0.5445 0.4738
vn 0.7320 0.3504 0.5842
vn 0.7986 0.3551 0.4860
vn 0.8061 0.2207 0.5490
vn 0.8532 0.2061 0.4792
vn 0.8469 0.3200 0.4247
vn 0.8249 0.4492 0.3430
vn 0.8943 0.1868 0.4067
vn 0.9093 0.2961 0.2923
vn 0.6333 0.7681 0.0943
vn 0.9071 -0.2945 0.3009
vn 0.9146 0.0273 0.4034
vn 0.9481 -0.2120 0.2368
vn 0.9412 0.1107 0.3191
vn -0.8804 0.2323 -0.4134
vn -0.7446 0.6674 -0.0101
vn -0.3986 0.7048 0.5869
vn 0.0823 0.4576 0.8854
vn -0.0066 -0.9375 -0.3479
vn 0.1984 -0.9377 -0.2853
vn 0.3475 -0.9308 -0.1136
vn 0.2322 -0.9060 -0.3540
vn 0.6753 -0.7216 -0.1523
vn 0.5362 -0.8351 -0.1228
vn 0.7863 -0.6122 0.0834
vn 0.7079 -0.7017 0.0806
vn 0.6310 -0.7709 0.0868
vn -0.4378 0.8672 -0.2373
vn -0.2599 0.9545 -0.1466
vn -0.5096 0.7443 -0.4317
vn -0.6009 0.7237 -0.3394
vn -0.5995 0.6652 -0.4451
vn -0.4016 0.9130 -0.0723
vn -0.1695 0.9829 0.0712
vn -0.1506 0.9646 0.2167
vn 0.1128 0.9189 0.3781
vn 0.0700 0.9756 0.2081
vn 0.1081 0.8661 0.4881
vn 0.2084 0.9491 0.2360
vn -0.0748 0.9964 -0.0408
vn 0.0385 -0.5005 -0.8649
vn 0.4482 -0.7228 -0.5260
vn 0.1759 -0.8037 -0.5684
vn 0.6468 -0.3579 -0.6735
vn 0.6464 -0.1262 -0.7525
vn 0.6709 -0.0176 -0.7414
vn 0.9933 -0.1082 -0.0397
vn 0.9759 0.1638 0.1442
vn 0.9806 -0.1721 0.0937
vn -0.6930 0.6240 -0.3612
vn -0.5967 0.7617 -0.2524
vn -0.4157 0.9091 -0.0270
vn -0.7742 0.6038 -0.1898
vn -0.4532 0.8180 0.3542
vn -0.4928 0.7812 0.3833
vn 0.0461 -0.8185 0.5727
vn -0.1459 -0.8679 0.4748
vn -0.1653 -0.9432 0.2881
vn 0.3616 -0.5008 0.7864
vn -0.7851 -0.2748 -0.5551
vn -0.8531 -0.0739 -0.5165
vn 0.1670 -0.4588 0.8727
vn -0.5703 -0.8015 -0.1801
vn -0.7263 -0.4955 -0.4764
vn -0.6170 -0.6681 -0.4159
vn -0.5438 -0.7458 -0.3848
vn -0.2080 -0.9210 -0.3295
vn 0.1002 -0.9896 -0.1028
vn 0.0993 -0.9950 -0.0129
vn -0.1735 -0.9093 -0.3784
vn 0.2039 -0.9749 -0.0890
vn -0.1153 -0.9101 -0.3981
vn 0.2035 -0.9659 -0.1599
vn 0.4647 -0.8753 0.1339
vn 0.4343 -0.8704 0.2320
vn 0.6220 -0.6914 0.3675
vn 0.3284 -0.9103 0.2518
vn 0.4909 -0.7365 0.4654
vn 0.1710 0.9287 -0.3291
vn -0.0248 0.7718 -0.6354
vn -0.1351 0.9006 -0.4130
vn -0.5602 0.3955 -0.7278
vn 0.6509 0.7428 -0.1569
vn 0.8817 0.4714 -0.0189
vn 0.9722 0.2140 -0.0949
vn 0.8390 0.4521 -0.3028
vn -0.0295 0.4579 -0.8885
vn -0.2890 -0.0651 -0.9551
vn -0.4318 0.1682 -0.8861
vn -0.3440 0.8891 -0.3021
vn -0.1167 0.9768 -0.1797
vn -0.5004 0.7287 -0.4675
vn 0.2136 0.9683 0.1297
vn 0.2731 0.9597 0.0667
vn -0.0819 0.9678 -0.2379
vn -0.4965 -0.8461 -0.1939
vn -0.1320 -0.9273 0.3502
vn -0.2243 -0.9379 -0.2645
vn -0.5510 -0.7384 -0.3888
vn -0.5293 0.8212 -0.2131
vn -0.6542 0.7559 0.0235
vn -0.7678 0.5245 -0.3680
vn -0.3131 0.9487 0.0435
vn -0.0941 0.9528 0.2886
vn 0.1527 0.8237 0.5462
vn 0.0195 0.9624 -0.2709
vn 0.2926 0.9561 0.0135
vn 0.3437 0.9388 -0.0237
vn -0.3555 -0.8535 -0.3810
vn -0.6195 -0.7101 -0.3348
vn -0.5811 -0.7539 -0.3066
vn -0.0989 -0.9727 -0.2099
vn 0.2454 -0.9568 0.1561
vn 0.4830 -0.7416 0.4656
vn 0.3133 -0.7972 0.5160
vn 0.3542 -0.5385 0.7646
vn -0.1661 -0.9835 0.0712
vn -0.1503 -0.9488 0.2780
vn 0.0652 -0.9965 0.0524
vn 0.5582 -0.8214 0.1169
vn 0.6867 -0.6506 0.3243
vn -0.6146 0.4941 0.6150
vn -0.5872 0.5671 0.5776
vn 0.1282 0.4717 0.8724
vn 0.0506 0.6606 0.7491
vn -0.6493 0.3064 0.6961
vn 0.0847 0.8524 0.5161
vn -0.1113 0.9413 0.3186
vn -0.8660 0.4885 -0.1065
vn -0.3666 0.8332 0.4139
vn 0.2142 0.5144 0.8304
vn 0.4024 -0.5238 0.7508
vn 0.4526 -0.4491 0.7704
vn 0.4837 -0.6093 0.6284
vn 0.5364 -0.6905 0.4853
vn -0.2845 -0.8171 0.5015
vn -0.0969 -0.9170 0.3869
vn 0.2231 -0.7049 0.6733
vn -0.6476 -0.7244 -0.2363
vn -0.3625 -0.9319 0.0102
vn -0.5409 -0.8410 -0.0136
vn 0.1530 -0.9821 0.1100
vn 0.1681 -0.9842 -0.0564
vn 0.1153 -0.9236 0.3655
vn -0.3371 -0.7829 0.5229
vn -0.4657 -0.6498 0.6007
vn -0.6219 0.7102 -0.3300
vn -0.0168 0.9350 0.3542
vn -0.4293 0.8363 0.3410
vn 0.2673 0.6455 0.7155
vn -0.5675 0.8233 0.0113
vn 0.0672 0.4015 0.9134
vn 0.2140 0.5479 0.8087
vn -0.2169 0.4784 0.8510
vn -0.3905 0.3057 0.8684
vn -0.9336 0.2866 -0.2151
vn -0.8436 0.4151 -0.3406
vn -0.8397 0.2976 0.4542
vn -0.8310 0.3050 0.4653
vn 0.1048 -0.9869 -0.1228
vn -0.6066 -0.7948 -0.0166
vn 0.3723 -0.4110 0.8322
vn 0.5399 -0.5622 0.6264
vn 0.3708 -0.9009 0.2257
vn -0.0043 -0.9768 0.2140
vn -0.2180 -0.9736 0.0675
vn -0.0866 -0.9701 0.2268
vn 0.0057 -0.8973 0.4413
vn -0.2268 -0.5643 0.7938
vn -0.7521 -0.6174 -0.2306
vn -0.8604 -0.2809 -0.4251
vn -0.9250 0.3268 -0.1939
vn -0.8350 0.5385 0.1136
vn -0.6029 -0.7941 0.0763
vn -0.9768 -0.0971 -0.1911
vn -0.2592 0.4935 0.8302
vn -0.1122 -0.0454 0.9926
vn -0.5753 -0.1505 0.8040
vn -0.0935 -0.7219 0.6857
vn -0.8516 -0.4643 0.2432
vn 0.7062 0.5114 -0.4896
vn 0.5489 0.5701 -0.6113
vn 0.4151 0.6986 -0.5828
vn 0.8420 0.4192 -0.3397
vn 0.7367 0.4338 -0.5187
vn 0.3456 0.6827 -0.6438
vn 0.2266 0.7721 -0.5937
vn -0.0499 0.8269 -0.5602
vn -0.3866 0.8075 -0.4456
vn -0.3388 0.8519 -0.3994
vn 0.0055 0.7654 -0.6435
vn -0.1959 0.8086 -0.5547
vn 0.1265 0.7302 -0.6715
vn 0.2148 0.7293 -0.6496
vn 0.2431 0.6849 -0.6869
vn -0.1275 0.7690 -0.6264
vn -0.3844 0.7753 -0.5011
vn 0.7095 0.4276 -0.5602
vn 0.5858 0.5156 -0.6253
vn 0.7747 0.3193 -0.5458
vn 0.6239 0.4622 -0.6302
vn 0.8428 0.2761 -0.4620
vn 0.4697 0.5679 -0.6759
vn 0.4738 0.5859 -0.6574
vn 0.3425 0.6466 -0.6816
vn -0.3810 0.7392 -0.5554
vn 0.0639 0.7208 -0.6902
vn -0.1284 0.7448 -0.6548
vn 0.1825 0.6887 -0.7017
vn 0.2882 0.6444 -0.7083
vn 0.1925 0.6756 -0.7117
vn 0.0175 0.7271 -0.6863
vn -0.2224 0.7469 -0.6266
vn 0.7294 0.3075 -0.6111
vn 0.5501 0.4815 -0.6823
vn 0.4630 0.5532 -0.6925
vn 0.3954 0.5880 -0.7056
vn 0.3324 0.6147 -0.7153
vn -0.5242 0.6944 -0.4930
vn -0.1476 0.7800 -0.6082
vn 0.1532 0.7316 -0.6643
vn 0.3120 0.6710 -0.6726
vn 0.2646 0.7359 -0.6232
vn 0.0949 0.7857 -0.6113
vn 0.7304 0.3165 -0.6053
vn 0.6001 0.4393 -0.6685
vn 0.5617 0.5281 -0.6369
vn 0.4123 0.6556 -0.6326
vn 0.7224 0.2494 -0.6449
vn 0.5924 0.5082 -0.6252
vn 0.8479 0.0237 -0.5296
vn 0.1914 0.6076 -0.7708
vn 0.1912 0.7535 -0.6291
vn 0.4190 0.5660 -0.7100
vn 0.3563 0.6991 -0.6199
vn -0.6735 0.5032 -0.5414
vn -0.1204 0.7918 -0.5987
vn -0.0878 0.6716 -0.7357
vn -0.5351 0.6898 -0.4877
vn -0.3429 -0.4403 0.8298
vn -0.5377 -0.2376 0.8090
vn -0.4823 -0.3634 0.7970
vn -0.6409 -0.1404 0.7547
vn -0.2318 -0.4645 0.8547
vn -0.3522 -0.3544 0.8663
vn -0.1514 -0.4786 0.8649
vn -0.3165 -0.2974 0.9008
vn 0.3304 -0.5222 0.7862
vn 0.0690 -0.5752 0.8151
vn 0.2790 -0.5932 0.7552
vn 0.7181 -0.3153 0.6204
vn 0.1304 -0.5102 0.8501
vn -0.1790 -0.5348 0.8258
vn 0.0373 -0.6118 0.7902
vn -0.5649 -0.4296 0.7045
vn -0.6585 -0.2626 0.7053
vn -0.7250 -0.2490 0.6422
vn -0.3726 -0.5369 0.7569
vn -0.4750 -0.4318 0.7667
vn -0.2954 -0.5225 0.7998
vn -0.1606 -0.5875 0.7931
vn -0.5987 -0.2443 0.7628
vn 0.5017 -0.6299 0.5929
vn 0.2648 -0.6623 0.7009
vn 0.5706 -0.6578 0.4917
vn 0.2422 -0.6195 0.7467
vn 0.5458 -0.5708 0.6134
vn 0.0123 -0.6536 0.7568
vn -0.2373 -0.5983 0.7653
vn -0.1280 -0.6425 0.7555
vn -0.4993 -0.5723 0.6505
vn -0.6809 -0.4182 0.6012
vn -0.5703 -0.5794 0.5823
vn -0.2356 -0.7505 0.6174
vn -0.2709 -0.6815 0.6798
vn -0.3792 -0.6906 0.6159
vn -0.3711 -0.6296 0.6826
vn -0.4563 -0.5470 0.7018
vn -0.3117 -0.6156 0.7238
vn -0.8033 -0.2264 0.5509
vn 0.4376 -0.7865 0.4358
vn 0.1589 -0.8350 0.5267
vn 0.4171 -0.8369 0.3545
vn 0.4450 -0.7380 0.5073
vn 0.1684 -0.7790 0.6040
vn 0.1893 -0.7222 0.6653
vn -0.1959 -0.6645 0.7211
vn -0.0492 -0.7087 0.7038
vn -0.1540 -0.7164 0.6804
vn -0.0482 -0.7742 0.6311
vn -0.5941 -0.6319 0.4977
vn -0.7937 -0.4667 0.3902
vn -0.6117 -0.6708 0.4193
vn -0.8490 -0.4379 0.2957
vn -0.4529 -0.7612 0.4642
vn -0.8361 -0.3359 0.4336
vn -0.3530 -0.8120 0.4648
vn -0.4346 -0.7220 0.5383
vn -0.3103 -0.7829 0.5392
vn 0.3704 -0.8892 0.2686
vn 0.0346 -0.9293 0.3676
vn 0.3188 -0.9284 0.1909
vn 0.0944 -0.8897 0.4467
vn -0.0846 -0.8194 0.5669
vn -0.1168 -0.8718 0.4758
vn -0.2421 -0.8113 0.5321
vn -0.2451 -0.8572 0.4528
vn -0.0863 -0.9375 0.3371
vn -0.3180 -0.8616 0.3957
vn -0.2400 -0.9300 0.2784
vn 0.3000 -0.9521 0.0586
vn -0.7502 -0.5869 0.3047
vn -0.4623 -0.7898 0.4031
vn -0.7209 -0.6517 0.2359
vn -0.4110 -0.8556 0.3146
vn 0.6719 0.6122 -0.4168
vn 0.9647 0.2592 -0.0458
vn 0.8325 -0.0694 0.5496
vn 0.3743 -0.3423 0.8618
vn -0.7937 0.5293 -0.2998
vn -0.9246 0.3172 -0.2111
vn -0.9701 0.2314 -0.0730
vn -0.9173 0.2854 -0.2778
vn -0.9760 -0.1852 -0.1149
vn -0.9903 -0.1386 0.0076
vn -0.9755 -0.1856 0.1178
vn -0.9854 -0.0672 0.1562
vn 0.9583 -0.1148 -0.2618
vn 0.9335 -0.2971 -0.2009
vn 0.8773 0.0708 -0.4746
vn 0.9142 0.1184 -0.3876
vn 0.9793 -0.1636 -0.1194
vn 0.9025 -0.4271 0.0549
vn 0.8943 -0.4136 0.1707
vn 0.7827 -0.5989 0.1697
vn 0.6876 -0.7014 0.1878
vn 0.8706 -0.4833 -0.0916
vn -0.7154 0.3143 -0.6240
vn -0.8569 0.1832 -0.4819
vn -0.7244 -0.3058 -0.6179
vn -0.5540 -0.7905 -0.2612
vn -0.8384 -0.5081 -0.1975
vn -0.1034 0.4789 -0.8718
vn -0.3814 -0.9128 0.1461
vn -0.6782 -0.7284 0.0978
vn 0.8978 0.2240 -0.3793
vn 0.9107 0.1861 -0.3688
vn 0.9682 -0.0651 -0.2415
vn 0.9210 0.3205 -0.2216
vn 0.9469 -0.0798 0.3113
vn 0.9392 -0.0273 0.3422
vn -0.6899 0.5981 0.4077
vn -0.5498 0.7317 0.4030
vn -0.5011 0.8623 0.0732
vn -0.5812 0.0524 0.8121
vn -0.5824 -0.0481 0.8115
vn 0.1732 0.8160 -0.5515
vn 0.3820 0.7607 -0.5248
vn -0.3643 -0.0329 0.9307
vn -0.1963 0.9034 -0.3813
vn -0.3128 0.8748 -0.3699
vn -0.6616 0.6923 -0.2880
vn -0.8852 0.4623 -0.0521
vn -0.8853 0.4635 0.0379
vn -0.6797 0.6541 -0.3319
vn -0.9293 0.3672 -0.0390
vn -0.7132 0.6065 -0.3514
vn -0.9281 0.3572 -0.1048
vn -0.9785 0.0452 0.2010
vn -0.9548 0.1088 0.2767
vn -0.8907 -0.1705 0.4214
vn -0.9291 0.2186 0.2984
vn -0.8641 -0.0182 0.5031
vn 0.7541 -0.5698 -0.3266
vn 0.6412 -0.3951 -0.6578
vn 0.8110 -0.3850 -0.4405
vn 0.6062 0.2702 -0.7480
vn 0.3200 -0.9231 -0.2132
vn -0.1088 -0.9927 -0.0514
vn -0.1615 -0.9432 -0.2904
vn 0.3597 -0.2031 -0.9107
vn 0.0630 0.3025 -0.9511
vn 0.3392 0.2920 -0.8943
vn 0.9161 -0.1577 -0.3687
vn 0.8713 -0.4339 -0.2294
vn 0.8630 0.0321 -0.5042
vn 0.6961 -0.7134 0.0807
vn 0.6507 -0.7593 0.0101
vn 0.8397 -0.4583 -0.2914
vn -0.4761 0.8729 -0.1063
vn -0.6859 0.6101 0.3967
vn -0.6844 0.7029 -0.1935
vn -0.3301 0.8760 -0.3517
vn 0.9668 -0.0029 -0.2555
vn 0.9541 0.2592 0.1501
vn 0.8435 0.3633 -0.3956
vn 0.9655 -0.2604 -0.0053
vn 0.8324 -0.4783 0.2799
vn 0.7376 -0.5422 0.4025
vn 0.6190 -0.7826 -0.0656
vn -0.5971 0.7457 -0.2956
vn -0.3143 0.8571 -0.4082
vn -0.7626 0.6256 -0.1647
vn -0.9264 0.3160 0.2049
vn -0.8639 -0.0088 0.5035
vn -0.8149 0.1621 0.5565
vn -0.6107 -0.0206 0.7916
vn -0.7858 0.5866 0.1959
vn -0.6969 0.6390 0.3256
vn -0.8650 0.4911 0.1031
vn 0.7670 0.2341 0.5974
vn 0.8219 0.1483 0.5500
vn 0.3724 -0.4034 0.8358
vn 0.5558 -0.4248 0.7146
vn 0.6067 0.3364 0.7202
vn 0.8610 -0.4486 0.2395
vn 0.6853 -0.5565 0.4698
vn 0.8069 -0.4833 0.3396
vn 0.8848 0.4449 -0.1383
vn 0.9347 -0.2282 0.2726
vn 0.3587 -0.4742 0.8040
vn -0.6256 -0.0686 0.7771
vn -0.5899 -0.1520 0.7930
vn -0.7468 -0.0863 0.6594
vn -0.8498 -0.0820 0.5207
vn -0.5036 0.6729 0.5419
vn -0.6950 0.5741 0.4329
vn -0.6815 0.1827 0.7087
vn -0.2588 0.9450 -0.2002
vn -0.5779 0.8141 0.0570
vn -0.4050 0.9139 0.0283
vn -0.8987 0.4083 0.1601
vn -0.9159 0.4013 -0.0060
vn -0.8181 0.4010 0.4122
vn -0.4455 0.6974 0.5614
vn -0.2602 0.7299 0.6321
vn 0.9199 0.1385 -0.3668
vn 0.7813 -0.5251 0.3374
vn 0.4099 -0.5881 0.6972
vn 0.9993 0.0219 -0.0316
vn 0.3511 -0.2739 0.8954
vn 0.3747 -0.5009 0.7802
vn 0.5523 -0.0753 0.8302
vn 0.5080 0.1403 0.8499
vn 0.7428 0.6284 -0.2310
vn 0.7951 0.4860 -0.3627
vn 0.8342 0.3917 0.3881
vn 0.7446 0.5295 0.4064
vn -0.8863 0.4574 -0.0722
vn -0.2430 0.9700 0.0089
vn -0.2256 0.9737 0.0333
vn -0.3978 0.9136 -0.0841
vn -0.5114 -0.1076 0.8526
vn -0.7386 -0.1591 0.6551
vn -0.9456 0.1788 0.2718
vn -0.8033 0.5341 0.2635
vn -0.6896 0.7148 0.1166
vn -0.7519 0.5988 0.2757
vn -0.7326 0.4761 0.4864
vn -0.3117 0.4782 0.8211
vn 0.6974 0.6888 -0.1982
vn 0.9096 0.4050 0.0923
vn 0.0425 0.9347 -0.3530
vn 0.6128 -0.1450 0.7768
vn 0.0887 -0.0832 0.9926
vn -0.0493 -0.4177 0.9073
vn -0.5193 0.6415 0.5646
vn -0.0174 0.8613 0.5079
vn -0.1953 0.9790 0.0592
vn -0.1526 -0.8461 -0.5107
vn -0.0059 -0.7711 -0.6367
vn 0.1822 -0.7672 -0.6149
vn -0.3074 -0.8827 -0.3555
vn -0.2307 -0.8123 -0.5357
vn 0.2154 -0.7042 -0.6766
vn 0.3645 -0.6837 -0.6322
vn 0.5991 -0.5263 -0.6035
vn 0.8265 -0.2765 -0.4904
vn 0.8265 -0.3432 -0.4462
vn 0.5130 -0.5199 -0.6830
vn 0.6888 -0.4096 -0.5981
vn 0.4019 -0.5805 -0.7082
vn 0.3401 -0.6435 -0.6857
vn 0.2875 -0.6310 -0.7205
vn 0.6096 -0.4283 -0.6671
vn 0.7997 -0.2538 -0.5441
vn -0.2178 -0.7872 -0.5770
vn -0.0711 -0.7586 -0.6476
vn -0.3400 -0.7581 -0.5564
vn -0.1361 -0.7482 -0.6494
vn -0.4149 -0.7790 -0.4701
vn 0.0453 -0.7110 -0.7017
vn 0.0561 -0.7272 -0.6841
vn 0.1904 -0.6754 -0.7124
vn 0.7693 -0.2291 -0.5963
vn 0.4526 -0.5243 -0.7213
vn 0.5918 -0.4097 -0.6942
vn 0.3391 -0.5820 -0.7391
vn 0.2196 -0.6363 -0.7395
vn 0.4524 -0.5124 -0.7299
vn 0.6605 -0.3452 -0.6668
vn -0.3193 -0.7155 -0.6214
vn -0.0757 -0.7086 -0.7015
vn -0.0035 -0.6906 -0.7232
vn 0.1058 -0.6736 -0.7315
vn 0.1538 -0.6499 -0.7443
vn 0.8406 -0.0977 -0.5327
vn 0.6323 -0.4222 -0.6496
vn 0.2776 -0.6092 -0.7429
vn 0.3989 -0.5924 -0.7000
vn 0.2460 -0.6708 -0.6997
vn 0.3138 -0.6844 -0.6581
vn 0.4660 -0.5988 -0.6513
vn -0.3134 -0.7227 -0.6161
vn -0.1274 -0.7155 -0.6869
vn -0.0373 -0.7523 -0.6577
vn 0.1098 -0.7010 -0.7046
vn 0.1629 -0.7345 -0.6588
vn -0.3572 -0.6687 -0.6521
vn -0.0811 -0.7582 -0.6470
vn -0.6008 -0.6036 -0.5242
vn 0.2649 -0.5376 -0.8005
vn 0.3748 -0.6443 -0.6667
vn 0.0781 -0.6724 -0.7360
vn 0.2206 -0.7240 -0.6535
vn 0.8075 0.1442 -0.5719
vn 0.6220 -0.4502 -0.6406
vn 0.5079 -0.3848 -0.7707
vn 0.8453 -0.0868 -0.5272
vn -0.0370 0.5263 0.8495
vn 0.2429 0.5235 0.8166
vn 0.1141 0.5727 0.8118
vn 0.3821 0.5307 0.7566
vn -0.1312 0.4633 0.8764
vn 0.0314 0.4701 0.8820
vn -0.1954 0.4156 0.8883
vn 0.0708 0.3941 0.9163
vn -0.5698 0.1055 0.8150
vn -0.4227 0.3280 0.8448
vn -0.5854 0.1929 0.7874
vn -0.7018 -0.3104 0.6412
vn -0.4181 0.2375 0.8768
vn -0.2195 0.4760 0.8516
vn -0.4275 0.3769 0.8217
vn 0.1210 0.6809 0.7223
vn 0.3055 0.6305 0.7135
vn 0.3592 0.6703 0.6493
vn -0.0880 0.6175 0.7816
vn 0.0591 0.6165 0.7851
vn -0.1301 0.5511 0.8243
vn -0.2712 0.5009 0.8219
vn 0.2790 0.5732 0.7705
vn -0.7748 0.0653 0.6288
vn -0.6270 0.2532 0.7367
vn -0.8472 0.0390 0.5298
vn -0.5787 0.2379 0.7801
vn -0.7628 -0.0083 0.6465
vn -0.4411 0.4252 0.7903
vn -0.2263 0.5640 0.7942
vn -0.3348 0.5174 0.7875
vn -0.0287 0.7359 0.6764
vn 0.2062 0.7589 0.6177
vn 0.0131 0.7938 0.6081
vn -0.3420 0.6742 0.6545
vn -0.2655 0.6490 0.7130
vn -0.1986 0.7345 0.6489
vn -0.1581 0.6838 0.7123
vn -0.0388 0.6860 0.7266
vn -0.1881 0.6304 0.7531
vn 0.4263 0.7132 0.5564
vn -0.8478 0.2258 0.4798
vn -0.6828 0.4554 0.5713
vn -0.8727 0.2783 0.4012
vn -0.8155 0.1842 0.5487
vn -0.6464 0.4068 0.6455
vn -0.6180 0.3502 0.7039
vn -0.3043 0.5823 0.7539
vn -0.4394 0.5093 0.7400
vn -0.3723 0.5902 0.7163
vn -0.4898 0.5569 0.6708
vn -0.0110 0.8502 0.5263
vn 0.2419 0.8800 0.4087
vn -0.0297 0.8926 0.4499
vn 0.2971 0.9023 0.3124
vn -0.2035 0.8414 0.5006
vn 0.3665 0.8171 0.4449
vn -0.3098 0.8059 0.5046
vn -0.1854 0.7985 0.5727
vn -0.3160 0.7526 0.5777
vn -0.8808 0.3510 0.3178
vn -0.6694 0.6152 0.4165
vn -0.8757 0.4178 0.2420
vn -0.6799 0.5422 0.4937
vn -0.4991 0.6166 0.6088
vn -0.5176 0.6792 0.5204
vn -0.3843 0.7242 0.5726
vn -0.4182 0.7611 0.4958
vn -0.5916 0.7080 0.3856
vn -0.3726 0.8179 0.4384
vn -0.4810 0.8141 0.3255
vn -0.8851 0.4521 0.1109
vn 0.1222 0.9360 0.3300
vn -0.2199 0.8701 0.4410
vn 0.0527 0.9628 0.2650
vn -0.3065 0.8826 0.3566
vn -0.0590 -0.8901 -0.4520
vn -0.4846 -0.8727 -0.0606
vn -0.6103 -0.5620 0.5583
vn -0.4707 -0.0540 0.8806
vn 0.9207 0.2037 -0.3329
vn 0.8655 0.4429 -0.2340
vn 0.8423 0.5311 -0.0919
vn 0.8349 0.4622 -0.2989
vn 0.5485 0.8287 -0.1118
vn 0.5969 0.8023 0.0080
vn 0.5578 0.8212 0.1206
vn 0.6506 0.7440 0.1527
vn -0.7654 -0.5936 -0.2487
vn -0.8750 -0.4501 -0.1784
vn -0.5857 -0.6593 -0.4716
vn -0.5740 -0.7217 -0.3870
vn -0.8088 -0.5789 -0.1037
vn -0.9348 -0.3451 0.0837
vn -0.9145 -0.3525 0.1986
vn -0.9679 -0.1430 0.2066
vn -0.9733 -0.0040 0.2294
vn -0.9586 -0.2783 -0.0598
vn 0.6990 0.3093 -0.6447
vn 0.7112 0.4973 -0.4969
vn 0.2647 0.7502 -0.6059
vn -0.1843 0.9573 -0.2229
vn 0.2188 0.9597 -0.1762
vn 0.3760 -0.2341 -0.8966
vn -0.3751 0.9070 0.1915
vn -0.0377 0.9906 0.1314
vn -0.4870 -0.7843 -0.3843
vn -0.5226 -0.7673 -0.3717
vn -0.7361 -0.6362 -0.2310
vn -0.4280 -0.8736 -0.2317
vn -0.7081 -0.6285 0.3217
vn -0.6641 -0.6608 0.3497
vn 0.7984 0.1811 0.5743
vn 0.8760 0.0166 0.4820
vn 0.9550 0.0216 0.2958
vn 0.4104 0.4228 0.8079
vn 0.4351 -0.6814 -0.5885
vn 0.1774 -0.8543 -0.4885
vn 0.7642 -0.4819 -0.4287
vn 0.8258 -0.3787 -0.4178
vn 0.9444 -0.0049 -0.3288
vn 0.9478 0.3080 -0.0827
vn 0.9525 0.3043 0.0072
vn 0.9280 0.0362 -0.3708
vn 0.9117 0.4057 -0.0649
vn 0.9168 0.0940 -0.3881
vn 0.9010 0.4140 -0.1300
vn 0.7275 0.6588 0.1915
vn 0.7593 0.5949 0.2639
vn 0.5219 0.7404 0.4236
vn 0.8203 0.4988 0.2799
vn 0.6150 0.6120 0.4973
vn -0.9483 -0.1270 -0.2908
vn -0.7590 -0.1585 -0.6315
vn -0.8617 -0.2936 -0.4138
vn -0.2652 -0.5972 -0.7570
vn -0.8901 0.4262 -0.1618
vn -0.6317 0.7752 0.0004
vn -0.5697 0.7857 -0.2412
vn -0.4357 -0.0845 -0.8961
vn 0.1304 -0.2264 -0.9653
vn -0.0685 -0.4176 -0.9061
vn -0.7708 -0.5301 -0.3534
vn -0.9298 -0.3090 -0.2000
vn -0.6043 -0.6210 -0.4991
vn -0.9924 0.0019 0.1231
vn -0.9961 0.0687 0.0548
vn -0.9276 -0.2674 -0.2608
vn 0.9503 -0.2695 -0.1556
vn 0.8981 -0.4146 -0.1466
vn 0.9321 0.0480 0.3590
vn 0.9720 0.0009 -0.2352
vn 0.8396 -0.3678 -0.3998
vn -0.6915 -0.6784 -0.2483
vn -0.4789 -0.8661 0.1429
vn -0.3506 -0.8429 -0.4083
vn -0.8630 -0.5049 0.0152
vn -0.9124 -0.2665 0.3107
vn -0.8861 -0.1581 0.4358
vn -0.9937 0.1100 -0.0198
vn 0.9367 -0.0881 -0.3388
vn 0.8126 -0.3640 -0.4551
vn 0.9730 0.1098 -0.2028
vn 0.8836 0.4316 0.1815
vn 0.6216 0.6053 0.4972
vn 0.7109 0.4488 0.5414
vn 0.4477 0.4240 0.7873
vn 0.9770 0.1421 0.1591
vn 0.9573 0.0378 0.2865
vn 0.9607 0.2684 0.0710
vn -0.3465 -0.7296 0.5895
vn -0.4480 -0.7071 0.5471
vn -0.5126 -0.0093 0.8586
vn -0.6617 -0.1210 0.7399
vn -0.1560 -0.6911 0.7057
vn -0.9131 -0.3064 0.2689
vn -0.8566 -0.1130 0.5034
vn -0.8955 -0.2467 0.3703
vn -0.3106 -0.9378 -0.1554
vn -0.8067 -0.5145 0.2909
vn -0.5547 0.0512 0.8305
vn 0.4234 0.4687 0.7753
vn 0.3397 0.5013 0.7958
vn 0.4909 0.5713 0.6578
vn 0.5603 0.6460 0.5184
vn 0.8549 -0.1305 0.5020
vn 0.9144 0.0786 0.3971
vn 0.6384 0.3345 0.6932
vn 0.8450 -0.4718 -0.2517
vn 0.9869 -0.1610 0.0098
vn 0.9352 -0.3533 -0.0229
vn 0.9279 0.3487 0.1320
vn 0.9279 0.3712 -0.0336
vn 0.8769 0.2882 0.3847
vn 0.8324 -0.1898 0.5206
vn 0.7285 -0.3468 0.5908
vn -0.5628 -0.7406 -0.3671
vn -0.9073 -0.1991 0.3702
vn -0.6761 0.0980 0.7302
vn -0.6871 -0.7261 -0.0256
vn -0.4031 -0.0868 0.9110
vn -0.5859 0.0593 0.8082
vn -0.4059 -0.3672 0.8369
vn -0.2206 -0.4875 0.8448
vn -0.0844 -0.9623 -0.2587
vn -0.2280 -0.8955 -0.3823
vn -0.2904 -0.8813 0.3728
vn -0.1289 -0.9147 0.3830
vn 0.9442 0.3129 -0.1025
vn 0.8606 -0.5073 -0.0441
vn 0.8520 -0.5231 -0.0198
vn 0.9252 -0.3546 -0.1350
vn 0.3187 0.4122 0.8535
vn 0.4331 0.6166 0.6574
vn 0.8024 0.5394 0.2554
vn 0.9548 0.1892 0.2292
vn 0.9972 -0.0137 0.0738
vn 0.9653 0.1068 0.2384
vn 0.8734 0.1724 0.4554
vn 0.5937 -0.1397 0.7925
vn -0.2982 -0.9544 -0.0124
vn 0.6602 -0.6650 -0.3492
vn 0.8827 -0.4698 0.0087
vn 0.3437 -0.9326 -0.1101
vn -0.4343 -0.3927 0.8106
vn 0.0671 -0.1317 0.9890
vn 0.2615 -0.5667 0.7814
vn 0.6714 0.1075 0.7332
vn -0.2350 0.3107 0.9210
vn 0.4739 -0.5092 0.7184
vn -0.0020 0.7820 -0.6232
vn -0.1211 0.6600 -0.7414
vn -0.3049 0.6176 -0.7250
vn 0.1315 0.8726 -0.4704
vn 0.0829 0.7633 -0.6407
vn -0.3200 0.5410 -0.7778
vn -0.4636 0.4941 -0.7355
vn -0.6601 0.2940 -0.6912
vn -0.8350 0.0177 -0.5500
vn -0.8520 0.0880 -0.5160
vn -0.5700 0.2962 -0.7664
vn -0.7228 0.1621 -0.6717
vn -0.4731 0.3759 -0.7967
vn -0.4279 0.4535 -0.7818
vn -0.3718 0.4485 -0.8128
vn -0.6454 0.1884 -0.7402
vn -0.8007 -0.0056 -0.5991
vn 0.0783 0.7306 -0.6783
vn -0.0542 0.6610 -0.7484
vn 0.2024 0.7325 -0.6500
vn 0.0114 0.6651 -0.7467
vn 0.2656 0.7809 -0.5654
vn -0.1541 0.5819 -0.7985
vn -0.1692 0.5976 -0.7838
vn -0.2872 0.5140 -0.8083
vn -0.7626 -0.0297 -0.6462
vn -0.5097 0.3087 -0.8031
vn -0.6224 0.1708 -0.7638
vn -0.4103 0.3872 -0.8257
vn -0.3056 0.4660 -0.8303
vn -0.5064 0.2960 -0.8099
vn -0.6772 0.0970 -0.7294
vn 0.1953 0.6779 -0.7087
vn -0.0357 0.6065 -0.7943
vn -0.1008 0.5701 -0.8154
vn -0.2033 0.5283 -0.8243
vn -0.2440 0.4931 -0.8351
vn -0.8077 -0.1639 -0.5664
vn -0.6673 0.1799 -0.7228
vn -0.3560 0.4266 -0.8314
vn -0.4733 0.3892 -0.7903
vn -0.3411 0.4989 -0.7967
vn -0.4128 0.5026 -0.7596
vn -0.5431 0.3871 -0.7451
vn 0.1877 0.6843 -0.7047
vn 0.0123 0.6266 -0.7793
vn -0.0852 0.6461 -0.7585
vn -0.2146 0.5576 -0.8019
vn -0.2764 0.5844 -0.7630
vn 0.2443 0.6370 -0.7312
vn -0.0445 0.6629 -0.7474
vn 0.4878 0.6454 -0.5878
vn -0.3247 0.3525 -0.8777
vn -0.4630 0.4491 -0.7641
vn -0.1757 0.5328 -0.8278
vn -0.3308 0.5621 -0.7580
vn -0.7209 -0.3955 -0.5691
vn -0.6639 0.2105 -0.7176
vn -0.5305 0.1550 -0.8334
vn -0.8102 -0.1747 -0.5595
vn 0.0973 -0.3854 0.9176
vn -0.1742 -0.4493 0.8763
vn -0.0377 -0.4689 0.8825
vn -0.3046 -0.4951 0.8137
vn 0.1738 -0.3001 0.9379
vn 0.0164 -0.3420 0.9396
vn 0.2254 -0.2382 0.9447
vn -0.0404 -0.2727 0.9613
vn 0.5280 0.1344 0.8385
vn 0.4307 -0.1090 0.8959
vn 0.5638 0.0497 0.8244
vn 0.5779 0.5419 0.6103
vn 0.4049 -0.0184 0.9142
vn 0.2641 -0.2961 0.9179
vn 0.4474 -0.1584 0.8802
vn -0.0157 -0.5870 0.8095
vn -0.2058 -0.5804 0.7879
vn -0.2457 -0.6394 0.7285
vn 0.1706 -0.4714 0.8653
vn 0.0269 -0.5025 0.8641
vn 0.1948 -0.3921 0.8990
vn 0.3217 -0.3127 0.8937
vn -0.1958 -0.5114 0.8367
vn 0.7306 0.1936 0.6548
vn 0.6204 -0.0061 0.7843
vn 0.8017 0.2216 0.5552
vn 0.5673 0.0038 0.8235
vn 0.7020 0.2644 0.6612
vn 0.4729 -0.2062 0.8566
vn 0.2932 -0.3873 0.8741
vn 0.3893 -0.3192 0.8640
vn 0.1449 -0.6131 0.7766
vn -0.0755 -0.6953 0.7148
vn 0.1207 -0.6874 0.7161
vn 0.4383 -0.4870 0.7555
vn 0.3547 -0.4717 0.8073
vn 0.3119 -0.5777 0.7543
vn 0.2576 -0.5292 0.8085
vn 0.1408 -0.5559 0.8192
vn 0.2729 -0.4655 0.8419
vn -0.2961 -0.7082 0.6409
vn 0.8455 0.0347 0.5329
vn 0.7285 -0.2113 0.6517
vn 0.8859 -0.0212 0.4635
vn 0.8008 0.0769 0.5940
vn 0.6779 -0.1625 0.7169
vn 0.6345 -0.1061 0.7656
vn 0.3756 -0.3932 0.8392
vn 0.4925 -0.2946 0.8190
vn 0.4459 -0.3908 0.8053
vn 0.5560 -0.3387 0.7590
vn 0.1615 -0.7476 0.6442
vn -0.0714 -0.8483 0.5246
vn 0.1934 -0.7947 0.5754
vn -0.1146 -0.8951 0.4309
vn 0.3487 -0.6999 0.6233
vn -0.2087 -0.8104 0.5475
vn 0.4444 -0.6415 0.6253
vn 0.3175 -0.6528 0.6878
vn 0.4345 -0.5789 0.6900
vn 0.9145 -0.1008 0.3918
vn 0.7593 -0.3895 0.5214
vn 0.9286 -0.1766 0.3264
vn 0.7490 -0.3063 0.5875
vn 0.5818 -0.4027 0.7067
vn 0.6187 -0.4709 0.6288
vn 0.4953 -0.5369 0.6829
vn 0.5410 -0.5754 0.6134
vn 0.7053 -0.5005 0.5020
vn 0.5122 -0.6481 0.5635
vn 0.6240 -0.6357 0.4545
vn 0.9531 -0.2254 0.2020
vn 0.0621 -0.8865 0.4585
vn 0.3745 -0.7321 0.5691
vn 0.1396 -0.9057 0.4002
vn 0.4668 -0.7363 0.4899
vn -0.1063 0.8117 -0.5743
vn 0.2882 0.9420 -0.1720
vn 0.4397 0.7534 0.4890
vn 0.3931 0.2753 0.8773
vn -0.8331 -0.4458 -0.3275
vn -0.7339 -0.6511 -0.1933
vn -0.7011 -0.7120 -0.0393
vn -0.6959 -0.6718 -0.2538
vn -0.3494 -0.9370 -0.0069
vn -0.4096 -0.9060 0.1063
vn -0.3743 -0.9004 0.2216
vn -0.4833 -0.8421 0.2393
vn 0.6335 0.7094 -0.3089
vn 0.7669 0.6046 -0.2153
vn 0.4579 0.7029 -0.5443
vn 0.4279 0.7720 -0.4701
vn 0.6701 0.7244 -0.1621
vn 0.8317 0.5518 0.0609
vn 0.8033 0.5699 0.1729
vn 0.8999 0.3806 0.2128
vn 0.9337 0.2506 0.2557
vn 0.8781 0.4732 -0.0706
vn -0.5752 -0.5407 -0.6139
vn -0.5557 -0.7050 -0.4407
vn -0.0594 -0.8649 -0.4984
vn 0.3993 -0.9137 -0.0759
vn 0.0041 -0.9991 -0.0417
vn -0.3620 0.0219 -0.9319
vn 0.5490 -0.7669 0.3323
vn 0.2419 -0.9306 0.2749
vn 0.3294 0.8136 -0.4791
vn 0.3670 0.8067 -0.4631
vn 0.5947 0.7464 -0.2985
vn 0.2434 0.9072 -0.3430
vn 0.5352 0.8074 0.2484
vn 0.4836 0.8326 0.2700
vn -0.7744 -0.2744 0.5701
vn -0.8798 -0.1452 0.4526
vn -0.9443 -0.1927 0.2669
vn -0.3586 -0.3903 0.8480
vn -0.5346 0.4822 -0.6941
vn -0.3268 0.7198 -0.6124
vn -0.8223 0.2381 -0.5169
vn -0.8608 0.1263 -0.4931
vn -0.9013 -0.2490 -0.3544
vn -0.8524 -0.5188 -0.0657
vn -0.8633 -0.5041 0.0225
vn -0.8740 -0.2907 -0.3895
vn -0.7973 -0.6027 -0.0328
vn -0.8496 -0.3464 -0.3978
vn -0.7811 -0.6171 -0.0957
vn -0.5790 -0.7717 0.2630
vn -0.6282 -0.7072 0.3243
vn -0.3753 -0.7736 0.5106
vn -0.7093 -0.6259 0.3244
vn -0.4982 -0.6603 0.5620
vn 0.9148 0.2937 -0.2774
vn 0.7444 0.2362 -0.6246
vn 0.8021 0.4187 -0.4258
vn 0.1764 0.5334 -0.8272
vn 0.9691 -0.2361 -0.0713
vn 0.7825 -0.6085 0.1320
vn 0.7391 -0.6650 -0.1073
vn 0.4614 0.0573 -0.8853
vn -0.1166 0.0595 -0.9914
vn 0.0325 0.2962 -0.9546
vn 0.6588 0.6351 -0.4031
vn 0.8520 0.4775 -0.2145
vn 0.4860 0.6664 -0.5655
vn 0.9601 0.2348 0.1520
vn 0.9823 0.1619 0.0942
vn 0.8626 0.4287 -0.2687
vn -0.9747 0.0286 -0.2217
vn -0.9556 0.1814 -0.2322
vn -0.9201 -0.2046 0.3339
vn -0.9327 -0.2480 -0.2618
vn -0.8729 0.1151 -0.4741
vn 0.5432 0.7749 -0.3231
vn 0.2717 0.9619 0.0301
vn 0.1853 0.8366 -0.5155
vn 0.7316 0.6810 -0.0322
vn 0.8129 0.5015 0.2961
vn 0.8029 0.4079 0.4348
vn 0.9934 0.1114 0.0264
vn -0.9112 -0.1683 -0.3761
vn -0.8424 0.1100 -0.5275
vn -0.9123 -0.3491 -0.2141
vn -0.7795 -0.5883 0.2154
vn -0.5061 -0.6553 0.5608
vn -0.6295 -0.5180 0.5791
vn -0.3934 -0.4025 0.8266
vn -0.9314 -0.3324 0.1485
vn -0.9425 -0.2101 0.2599
vn -0.8829 -0.4626 0.0801
vn 0.1446 0.8610 0.4876
vn 0.2509 0.8560 0.4520
vn 0.4450 0.2384 0.8632
vn 0.5735 0.3634 0.7342
vn -0.0400 0.7973 0.6023
vn 0.8075 0.5347 0.2491
vn 0.7797 0.3669 0.5073
vn 0.7970 0.4868 0.3575
vn 0.1104 0.9535 -0.2804
vn 0.6577 0.7149 0.2373
vn 0.5007 0.1856 0.8455
vn -0.3594 -0.4419 0.8219
vn -0.2721 -0.4521 0.8495
vn -0.3959 -0.5718 0.7186
vn -0.4389 -0.6781 0.5895
vn -0.8921 0.0043 0.4517
vn -0.8987 -0.2251 0.3765
vn -0.5928 -0.3711 0.7148
vn -0.9097 0.2344 -0.3429
vn -0.9971 -0.0620 -0.0435
vn -0.9861 0.1307 -0.1022
vn -0.8375 -0.5246 0.1531
vn -0.8225 -0.5687 -0.0074
vn -0.8162 -0.4209 0.3958
vn -0.8841 0.0689 0.4621
vn -0.8209 0.2531 0.5120
vn 0.4117 0.7904 -0.4535
vn 0.8188 0.4434 0.3647
vn 0.6353 0.1538 0.7568
vn 0.5150 0.8501 -0.1100
vn 0.3183 0.2961 0.9006
vn 0.5343 0.1817 0.8256
vn 0.2652 0.5575 0.7867
vn 0.0583 0.6337 0.7714
vn -0.1089 0.9131 -0.3930
vn 0.0529 0.8638 -0.5011
vn 0.0706 0.9658 0.2494
vn -0.0947 0.9636 0.2499
vn -0.8467 -0.5254 -0.0845
vn -0.9453 0.2932 -0.1433
vn -0.9418 0.3136 -0.1212
vn -0.9698 0.1191 -0.2129
vn -0.2743 -0.3536 0.8943
vn -0.3298 -0.6028 0.7266
vn -0.6816 -0.6644 0.3066
vn -0.9039 -0.3635 0.2253
vn -0.9794 -0.1978 0.0409
vn -0.9324 -0.2850 0.2221
vn -0.8421 -0.2986 0.4490
vn -0.6573 0.1102 0.7455
vn 0.0860 0.9862 -0.1417
vn -0.7651 0.4487 -0.4618
vn -0.9620 0.2591 -0.0863
vn -0.5289 0.8096 -0.2546
vn 0.2891 0.5849 0.7578
vn -0.1544 0.2457 0.9570
vn -0.4247 0.5947 0.6826
vn -0.6762 -0.1538 0.7204
vn 0.2395 -0.1237 0.9630
vn -0.6155 0.4836 0.6223
vn -0.7593 -0.1624 -0.6301
vn -0.5938 -0.2447 -0.7665
vn -0.5166 -0.4128 -0.7502
vn -0.8755 -0.0455 -0.4810
vn -0.7570 -0.0674 -0.6500
vn -0.4510 -0.3971 -0.7993
vn -0.3737 -0.5285 -0.7623
vn -0.1350 -0.6773 -0.7232
vn 0.1725 -0.7933 -0.5838
vn 0.1098 -0.8277 -0.5503
vn -0.1568 -0.5867 -0.7945
vn 0.0074 -0.7100 -0.7042
vn -0.2559 -0.5087 -0.8220
vn -0.3417 -0.4826 -0.8064
vn -0.3490 -0.4255 -0.8350
vn -0.0351 -0.6374 -0.7698
vn 0.1978 -0.7536 -0.6269
vn -0.7498 0.0505 -0.6597
vn -0.5952 -0.1347 -0.7922
vn -0.6847 -0.1020 -0.7216
vn -0.8109 0.0984 -0.5768
vn -0.4343 -0.3563 -0.8273
vn 0.1864 -0.7020 -0.6874
vn -0.1821 -0.5291 -0.8288
vn -0.0229 -0.6100 -0.7921
vn -0.2806 -0.4487 -0.8485
vn -0.3834 -0.3585 -0.8512
vn -0.1704 -0.5228 -0.8352
vn 0.0611 -0.6484 -0.7588
vn -0.7021 0.0825 -0.7073
vn -0.4738 -0.2518 -0.8438
vn -0.4676 -0.2804 -0.8383
vn -0.5456 -0.2415 -0.8025
vn 0.3699 -0.7272 -0.5782
vn -0.0187 -0.6587 -0.7522
vn -0.3428 -0.3947 -0.8525
vn -0.2688 -0.5121 -0.8158
vn -0.4052 -0.4075 -0.8184
vn -0.3930 -0.4798 -0.7845
vn -0.2515 -0.5817 -0.7736
vn -0.7043 0.0623 -0.7072
vn -0.5957 -0.1106 -0.7955
vn -0.6059 -0.1927 -0.7719
vn -0.4947 -0.3005 -0.8155
vn -0.5031 -0.3649 -0.7834
vn -0.6706 0.1290 -0.7305
vn -0.6314 -0.1572 -0.7594
vn -0.7340 0.3580 -0.5772
vn -0.2655 -0.3554 -0.8962
vn -0.3297 -0.5166 -0.7902
vn -0.4748 -0.2525 -0.8431
vn -0.4693 -0.4132 -0.7804
vn 0.5530 -0.5316 -0.6415
vn -0.0825 -0.6506 -0.7549
vn -0.0274 -0.5139 -0.8574
vn 0.3096 -0.7311 -0.6080
vn 0.3142 0.1537 0.9368
vn 0.4707 -0.0951 0.8772
vn 0.4615 0.0183 0.8870
vn 0.5639 -0.2230 0.7951
vn 0.3652 -0.0572 0.9292
vn 0.1871 0.2204 0.9573
vn 0.2557 -0.0162 0.9666
vn -0.2491 0.4460 0.8597
vn 0.0045 0.4037 0.9149
vn -0.1795 0.5012 0.8465
vn -0.3978 0.4011 0.8251
vn -0.0781 0.3614 0.9291
vn 0.2211 0.2831 0.9332
vn 0.0490 0.4316 0.9007
vn 0.4002 0.2472 0.8825
vn 0.4715 0.1093 0.8751
vn 0.5750 0.0773 0.8145
vn 0.3302 0.2423 0.9123
vn 0.2256 0.3424 0.9121
vn 0.6237 -0.1125 0.7735
vn 0.5386 -0.1109 0.8352
vn -0.3557 0.6393 0.6817
vn -0.1374 0.5705 0.8097
vn -0.3770 0.7022 0.6040
vn -0.1355 0.5149 0.8465
vn -0.4184 0.5954 0.6859
vn 0.1093 0.4601 0.8811
vn 0.4910 0.3078 0.8150
vn 0.6785 0.0682 0.7314
vn 0.6373 0.2308 0.7352
vn 0.3700 0.5060 0.7791
vn 0.3479 0.4346 0.8307
vn 0.4852 0.4000 0.7776
vn 0.3858 0.3391 0.8580
vn 0.5105 0.2154 0.8325
vn 0.7404 -0.1551 0.6540
vn -0.2575 0.8040 0.5360
vn 0.0395 0.7273 0.6852
vn -0.2318 0.8581 0.4581
vn -0.2572 0.7363 0.6259
vn 0.0027 0.6644 0.7474
vn -0.0429 0.6073 0.7933
vn 0.2777 0.3596 0.8908
vn 0.2925 0.4180 0.8601
vn 0.1839 0.4992 0.8468
vn 0.2131 0.5684 0.7947
vn 0.6219 0.3641 0.6933
vn 0.8211 0.1239 0.5572
vn 0.7069 0.3658 0.6054
vn 0.8929 0.0838 0.4423
vn 0.5467 0.5246 0.6526
vn 0.8273 -0.0276 0.5611
vn 0.4751 0.5141 0.7141
vn -0.0841 0.8917 0.4447
vn 0.2071 0.8027 0.5592
vn -0.0565 0.9327 0.3561
vn 0.1279 0.7713 0.6235
vn 0.2583 0.6245 0.7370
vn 0.3171 0.6791 0.6620
vn 0.4086 0.5712 0.7119
vn 0.4457 0.6195 0.6462
vn 0.3275 0.7758 0.5394
vn 0.5149 0.6152 0.5970
vn 0.4777 0.7287 0.4908
vn 0.0061 0.9693 0.2457
vn 0.8523 0.2605 0.4535
vn 0.6369 0.4911 0.5943
vn 0.6131 0.5941 0.5207
vn -0.6108 0.2711 0.7440
vn -0.1012 0.2408 0.9653
vn -0.9842 0.0750 -0.1601
vn -0.9737 0.1709 0.1509
vn -0.9088 0.3493 0.2281
vn 0.5330 -0.7077 -0.4637
vn 0.6981 -0.6619 -0.2730
vn 0.8913 -0.4193 -0.1726
vn 0.9909 -0.1204 -0.0609
vn 0.9647 -0.2613 0.0320
vn 0.9124 -0.4090 -0.0168
vn 0.9599 -0.1654 0.2262
vn 0.9259 -0.3118 0.2131
vn -0.8293 0.4851 -0.2773
vn -0.7590 0.6291 -0.1677
vn -0.7837 0.3141 -0.5360
vn -0.8472 0.2708 -0.4571
vn -0.8621 0.4690 -0.1920
vn -0.7419 0.6591 0.1232
vn -0.5788 0.7753 0.2526
vn -0.5728 0.8132 0.1026
vn 0.6873 -0.4006 -0.6059
vn 0.9079 0.1457 -0.3931
vn 0.8260 0.5613 -0.0505
vn 0.0655 -0.3156 -0.9466
vn 0.6232 0.6903 0.3676
vn 0.8398 0.4307 0.3304
vn -0.8467 0.1231 -0.5176
vn -0.8652 0.1989 -0.4604
vn -0.8582 0.4267 -0.2853
vn -0.9388 0.0555 -0.3400
vn -0.9071 0.3304 0.2606
vn -0.9225 0.2325 0.3081
vn 0.4418 -0.6905 0.5728
vn 0.3346 -0.8449 0.4174
vn 0.3965 -0.8888 0.2299
vn -0.3464 -0.5968 -0.7238
vn -0.6468 -0.4333 -0.6276
vn -0.0455 -0.8307 -0.5549
vn 0.0719 -0.8444 -0.5309
vn 0.4827 -0.8007 -0.3548
vn 0.7423 -0.6673 -0.0616
vn 0.7203 -0.6893 0.0780
vn 0.5116 -0.7454 -0.4273
vn 0.7588 -0.6355 -0.1425
vn 0.8778 -0.4133 0.2421
vn 0.8262 -0.4602 0.3250
vn 0.8344 -0.2164 0.5069
vn 0.7605 -0.3995 0.5120
vn -0.4883 0.8381 -0.2433
vn -0.3920 0.7004 -0.5964
vn -0.5841 0.7072 -0.3985
vn -0.5539 0.0903 -0.8277
vn 0.0147 0.9995 -0.0265
vn 0.4180 0.8915 0.1748
vn 0.4843 0.8724 -0.0652
vn -0.1528 0.4763 -0.8659
vn -0.0255 -0.0824 -0.9963
vn -0.2897 0.0085 -0.9571
vn -0.7597 0.5398 -0.3626
vn -0.6561 0.7328 -0.1806
vn -0.7542 0.3505 -0.5553
vn -0.4042 0.9012 0.1565
vn -0.5999 0.7686 -0.2222
vn 0.1907 -0.9457 -0.2631
vn 0.0375 -0.9606 -0.2752
vn 0.4059 -0.8709 0.2772
vn 0.4513 -0.8416 -0.2968
vn 0.0854 -0.8545 -0.5123
vn -0.8668 0.4667 -0.1756
vn -0.9984 0.0494 0.0258
vn -0.8535 0.0176 -0.5208
vn -0.7085 0.6549 0.2631
vn -0.6056 0.6724 0.4256
vn -0.3366 0.9389 0.0714
vn 0.2729 -0.8080 -0.5222
vn 0.0974 -0.8278 -0.5524
vn 0.5591 -0.7977 -0.2260
vn 0.7500 -0.6323 0.1942
vn 0.7498 -0.3783 0.5428
vn 0.6659 -0.5830 0.4656
vn 0.4870 -0.3514 0.7996
vn 0.5305 -0.8399 0.1145
vn 0.4131 -0.8829 0.2233
vn 0.6471 -0.7607 0.0504
vn -0.8449 -0.0235 0.5344
vn -0.8203 -0.2516 0.5136
vn -0.7027 0.6565 0.2741
vn -0.5347 0.6552 0.5337
vn -0.6544 0.6521 0.3828
vn -0.9523 -0.0918 -0.2911
vn -0.8450 0.4710 0.2532
vn -0.3041 0.3922 0.8682
vn 0.5032 -0.2823 0.8167
vn 0.5201 -0.2953 0.8014
vn 0.7971 -0.5435 0.2633
vn 0.4642 -0.4635 0.7548
vn -0.0236 -0.9227 -0.3847
vn 0.2828 -0.9554 -0.0844
vn 0.0929 -0.9849 -0.1457
vn 0.6970 -0.7059 0.1262
vn 0.1305 -0.8711 0.4734
vn -0.0656 -0.9010 0.4288
vn 0.3564 -0.8732 0.3324
vn -0.8534 0.2072 -0.4783
vn -0.6350 0.6838 0.3595
vn -0.2979 0.5480 0.7816
vn -0.9439 0.3193 -0.0845
vn -0.6306 -0.1242 0.7661
vn -0.2015 0.3763 0.9043
vn -0.2525 0.4600 0.8512
vn -0.8633 -0.2915 -0.4120
vn -0.8505 -0.1180 -0.5125
vn -0.9527 -0.1500 0.2642
vn -0.9166 -0.2904 0.2749
vn 0.7091 -0.7035 -0.0479
vn -0.0967 -0.9792 -0.1785
vn -0.0968 -0.9792 -0.1785
vn 0.1014 -0.9615 -0.2556
vn 0.4321 -0.1772 0.8842
vn 0.6577 -0.2182 0.7210
vn 0.8029 -0.5226 0.2868
vn 0.5577 -0.8005 0.2194
vn 0.4646 -0.7981 0.3837
vn 0.5114 -0.8255 0.2389
vn 0.2881 -0.5070 0.8123
vn -0.9785 -0.1373 -0.1540
vn -0.2709 -0.8250 -0.4960
vn -0.0385 -0.9907 -0.1308
vn -0.6713 -0.6934 -0.2618
vn -0.5699 0.2108 0.7942
vn -0.1504 -0.2176 0.9644
vn 0.2855 -0.6527 0.7017
vn 0.7570 -0.0981 -0.6460
vn 0.6171 0.0728 -0.7835
vn 0.6195 0.2311 -0.7502
vn 0.3750 0.6058 -0.7017
vn 0.1294 0.8299 -0.5426
vn 0.2010 0.8363 -0.5101
vn 0.3461 0.5318 -0.7729
vn 0.2494 0.6870 -0.6825
vn 0.4243 0.3963 -0.8142
vn 0.4675 0.3836 -0.7964
vn 0.5064 0.2410 -0.8280
vn 0.2489 0.6067 -0.7549
vn 0.0982 0.7979 -0.5947
vn 0.6626 -0.2938 -0.6889
vn 0.5869 -0.0611 -0.8073
vn 0.6615 -0.1276 -0.7390
vn 0.7027 -0.3655 -0.6104
vn 0.5447 0.2967 -0.7844
vn 0.0554 0.7720 -0.6332
vn 0.3691 0.4321 -0.8228
vn 0.4500 0.2923 -0.8438
vn 0.4170 0.3386 -0.8435
vn 0.3205 0.4959 -0.8070
vn 0.1818 0.6559 -0.7327
vn 0.6057 -0.3058 -0.7346
vn 0.5524 0.0370 -0.8328
vn 0.5136 0.1472 -0.8453
vn 0.4824 0.1985 -0.8532
vn 0.5738 0.0818 -0.8149
vn -0.0782 0.8429 -0.5324
vn 0.2524 0.6424 -0.7236
vn 0.4362 0.4021 -0.8050
vn 0.5162 0.2444 -0.8209
vn 0.5372 0.3207 -0.7801
vn 0.4383 0.4846 -0.7570
vn 0.5992 0.1307 -0.7898
vn 0.6017 -0.1609 -0.7823
vn 0.5583 -0.3328 -0.7600
vn 0.6286 -0.0759 -0.7740
vn 0.5430 -0.5567 -0.6287
vn 0.3481 0.1938 -0.9172
vn 0.4758 0.3955 -0.7856
vn 0.5196 0.0977 -0.8488
vn 0.5806 0.2417 -0.7775
vn 0.0847 0.6685 -0.7389
vn 0.3051 0.6074 -0.7334
vn 0.2620 0.4538 -0.8517
vn -0.0215 0.8253 -0.5643
vn -0.3315 -0.0740 0.9405
vn -0.3833 0.2183 0.8974
vn -0.4176 0.1094 0.9020
vn -0.4282 0.3539 0.8315
vn -0.2991 0.1406 0.9438
vn -0.2387 -0.1846 0.9534
vn -0.2126 0.0595 0.9753
vn 0.4751 -0.6623 0.5793
vn -0.0362 -0.4302 0.9020
vn 0.0253 -0.5695 0.8216
vn -0.2943 -0.2285 0.9280
vn -0.1418 -0.4169 0.8978
vn -0.1917 -0.4289 0.8828
vn -0.4474 -0.1252 0.8855
vn -0.4615 0.0296 0.8867
vn -0.5463 0.1014 0.8314
vn -0.3803 -0.1486 0.9129
vn -0.3213 -0.2806 0.9045
vn -0.5204 0.2972 0.8005
vn -0.4403 0.2689 0.8566
vn 0.0945 -0.7616 0.6412
vn -0.0684 -0.6293 0.7741
vn 0.0403 -0.8158 0.5769
vn -0.0543 -0.5724 0.8182
vn 0.1517 -0.7266 0.6701
vn -0.2587 -0.4315 0.8642
vn -0.5557 -0.1434 0.8189
vn -0.6402 0.1533 0.7528
vn -0.6635 -0.0128 0.7481
vn -0.5193 -0.3704 0.7702
vn -0.4709 -0.3153 0.8239
vn -0.5858 -0.2288 0.7775
vn -0.4693 -0.2143 0.8566
vn -0.5385 -0.0516 0.8411
vn -0.6145 0.3873 0.6873
vn -0.0478 -0.8643 0.5007
vn -0.3052 -0.6970 0.6489
vn -0.1330 -0.8904 0.4353
vn -0.2232 -0.6672 0.7107
vn -0.3765 -0.2757 0.8844
vn -0.4127 -0.3225 0.8519
vn -0.3431 -0.4378 0.8310
vn -0.3973 -0.4880 0.7772
vn -0.7004 -0.1396 0.7000
vn -0.7965 0.1648 0.5818
vn -0.7813 -0.1045 0.6153
vn -0.8500 0.2351 0.4715
vn -0.6922 -0.3142 0.6497
vn -0.7449 0.3071 0.5923
vn -0.6208 -0.3348 0.7089
vn -0.2665 -0.8659 0.4233
vn -0.4834 -0.7044 0.5197
vn -0.2937 -0.9030 0.3136
vn -0.4675 -0.6289 0.6213
vn -0.4570 -0.5157 0.7247
vn -0.5775 -0.4250 0.6971
vn -0.6297 -0.4462 0.6360
vn -0.5864 -0.6230 0.5177
vn -0.6980 -0.4070 0.5891
vn -0.7085 -0.5203 0.4768
vn -0.3675 -0.9073 0.2042
vn -0.8789 0.0559 0.4736
vn -0.7641 -0.2461 0.5963
vn -0.7824 -0.3464 0.5176
vn 0.4767 -0.5207 0.7083
vn 0.0205 -0.3126 0.9497
vn 0.8797 -0.4315 -0.1999
vn 0.8394 -0.5329 0.1069
vn -0.2344 0.8801 -0.4128
vn -0.4010 0.8897 -0.2182
vn -0.6697 0.7327 -0.1210
vn -0.8704 0.4912 -0.0331
vn -0.7936 0.6033 0.0792
vn -0.6902 0.7228 0.0348
vn -0.8218 0.5024 0.2689
vn -0.7352 0.6257 0.2608
vn 0.5790 -0.7462 -0.3286
vn 0.4660 -0.8483 -0.2513
vn 0.5902 -0.5750 -0.5667
vn 0.6733 -0.5450 -0.4997
vn 0.6170 -0.7482 -0.2440
vn 0.4358 -0.8971 0.0726
vn 0.2462 -0.9500 0.1920
vn 0.2221 -0.9736 0.0533
vn -0.7507 0.4673 -0.4670
vn -0.6313 0.6922 -0.3497
vn -0.9894 -0.1342 -0.0561
vn -0.8309 -0.4234 0.3610
vn -0.9340 -0.0997 0.3430
vn 0.7287 -0.3880 -0.5642
vn 0.7028 -0.5174 -0.4882
vn 0.6277 -0.7026 -0.3352
vn 0.8466 -0.3937 -0.3582
vn 0.7308 -0.1997 -0.6527
vn 0.7196 -0.6612 0.2122
vn 0.6059 -0.6252 0.4920
vn -0.1372 0.7742 0.6178
vn 0.0175 0.8850 0.4653
vn -0.0267 0.9590 0.2823
vn 0.5298 0.4417 -0.7241
vn 0.7508 0.1907 -0.6324
vn 0.3458 0.7808 -0.5203
vn 0.2414 0.8378 -0.4898
vn -0.1507 0.9413 -0.3020
vn -0.4359 0.9000 -0.0053
vn -0.4046 0.9046 0.1342
vn -0.1997 0.9050 -0.3757
vn -0.4647 0.8812 -0.0867
vn -0.6517 0.6999 0.2922
vn -0.5847 0.7193 0.3750
vn -0.6811 0.4872 0.5466
vn -0.5433 0.6284 0.5567
vn 0.1306 -0.9459 -0.2969
vn 0.2619 -0.5172 -0.8148
vn 0.2658 -0.8526 -0.4498
vn -0.3920 -0.9174 -0.0685
vn -0.7207 -0.6763 0.1522
vn -0.7794 -0.6209 -0.0841
vn -0.0106 -0.3887 -0.9213
vn -0.1921 -0.1754 -0.9656
vn 0.4396 -0.8237 -0.3582
vn 0.5636 -0.5535 -0.6132
vn 0.0603 -0.9953 0.0762
vn 0.2663 -0.9237 -0.2756
vn 0.1761 0.9606 -0.2152
vn 0.3233 0.9173 -0.2325
vn -0.0413 0.9434 0.3290
vn -0.0955 0.9639 -0.2485
vn 0.2353 0.8284 -0.5083
vn 0.6226 -0.7487 -0.2277
vn 0.9059 -0.4232 -0.0138
vn 0.7736 -0.3099 -0.5527
vn 0.4131 -0.8866 0.2082
vn 0.2816 -0.8684 0.4081
vn -0.0421 -0.9989 0.0186
vn 0.0431 0.8780 -0.4767
vn 0.2126 0.8319 -0.5126
vn -0.2201 0.9604 -0.1707
vn -0.4538 0.8543 0.2536
vn -0.5407 0.6183 0.5704
vn -0.2756 0.9420 0.1915
vn -0.1032 0.9325 0.3462
vn -0.1455 0.8988 0.4136
vn -0.1762 0.9651 0.1935
vn 0.8009 -0.3251 0.5029
vn 0.8639 -0.1038 0.4928
vn 0.4074 -0.8865 0.2194
vn 0.2230 -0.8086 0.5445
vn 0.3663 -0.8701 0.3298
vn 0.8981 -0.2490 -0.3624
vn 0.6088 -0.7675 0.2010
vn -0.3438 0.4069 0.8463
vn -0.3410 0.4457 0.8277
vn -0.5274 0.7887 0.3158
vn -0.6055 0.6302 0.4859
vn -0.1435 0.7419 0.6550
vn 0.3619 0.8518 -0.3788
vn -0.3906 0.9012 0.1879
vn 0.2076 0.8307 0.5166
vn 0.1237 0.7850 0.6070
vn 0.7027 -0.4874 -0.5183
vn 0.3359 -0.8908 0.3060
vn 0.0831 -0.6609 0.7458
vn 0.7513 -0.6463 -0.1334
vn 0.6449 -0.1637 0.7465
vn 0.0611 -0.4724 0.8793
vn 0.0756 -0.5662 0.8208
vn 0.9016 -0.0335 -0.4313
vn 0.8223 -0.1838 -0.5385
vn 0.9435 -0.2343 0.2345
vn 0.9633 -0.0914 0.2525
vn -0.4091 0.9121 0.0250
vn 0.4564 0.8787 -0.1402
vn 0.2649 0.9410 -0.2104
vn -0.3500 0.3197 0.8805
vn -0.3621 0.2555 0.8964
vn -0.5230 0.5497 0.6515
vn -0.1569 0.8951 0.4174
vn -0.1624 0.9410 0.2969
vn 0.9547 -0.2334 -0.1846
vn 0.5534 0.6875 -0.4702
vn 0.4077 0.9087 -0.0898
vn 0.8786 0.4024 -0.2570
vn 0.4626 -0.4521 0.7626
vn 0.2395 0.0929 0.9665
vn -0.0044 0.6736 0.7391
vn -0.4069 0.6767 -0.6136
vn -0.4383 0.4949 -0.7503
vn -0.5745 0.3736 -0.7283
vn -0.3228 0.8237 -0.4661
vn -0.3141 0.7039 -0.6371
vn -0.5416 0.3129 -0.7802
vn -0.6423 0.1993 -0.7401
vn -0.7107 -0.0732 -0.6997
vn -0.7237 -0.4019 -0.5610
vn -0.7742 -0.3526 -0.5256
vn -0.6333 -0.0249 -0.7735
vn -0.6982 -0.2189 -0.6816
vn -0.5898 0.0932 -0.8021
vn -0.5903 0.1829 -0.7862
vn -0.5391 0.2072 -0.8164
vn -0.6440 -0.1563 -0.7489
vn -0.6797 -0.4138 -0.6056
vn -0.2005 0.7324 -0.6507
vn -0.3348 0.5295 -0.7794
vn -0.3283 0.6245 -0.7087
vn -0.1705 0.8049 -0.5685
vn -0.4987 0.3094 -0.8097
vn -0.6360 -0.3872 -0.6675
vn -0.5873 0.0168 -0.8092
vn -0.6150 -0.1596 -0.7722
vn -0.5411 0.1351 -0.8301
vn -0.4862 0.2603 -0.8342
vn -0.5780 0.0076 -0.8160
vn -0.6252 -0.2513 -0.7389
vn -0.1572 0.6967 -0.7000
vn -0.4115 0.3787 -0.8290
vn -0.4367 0.3641 -0.8226
vn -0.4219 0.4501 -0.7871
vn -0.6010 -0.5701 -0.5601
vn -0.6588 -0.1783 -0.7308
vn -0.5084 0.2107 -0.8349
vn -0.5968 0.1045 -0.7956
vn -0.5383 0.2661 -0.7996
vn -0.6023 0.2326 -0.7636
vn -0.6564 0.0669 -0.7514
vn -0.1771 0.6927 -0.6991
vn -0.3121 0.5373 -0.7835
vn -0.3926 0.5222 -0.7571
vn -0.4633 0.3837 -0.7988
vn -0.5261 0.3722 -0.7646
vn -0.1042 0.6809 -0.7250
vn -0.3660 0.5572 -0.7454
vn 0.1001 0.8098 -0.5780
vn -0.4492 0.1490 -0.8809
vn -0.6185 0.1611 -0.7691
vn -0.4125 0.3794 -0.8282
vn -0.5618 0.3255 -0.7606
vn -0.3615 -0.6854 -0.6321
vn -0.6705 -0.1151 -0.7330
vn -0.5270 -0.1259 -0.8405
vn -0.6239 -0.5137 -0.5890
vn 0.2663 -0.2946 0.9178
vn 0.0744 -0.4884 0.8695
vn 0.1789 -0.4516 0.8741
vn -0.0154 -0.6078 0.7940
vn 0.2834 -0.1880 0.9404
vn 0.0896 -0.3724 0.9237
vn 0.3021 -0.1048 0.9475
vn 0.1240 -0.2489 0.9606
vn 0.3791 0.3691 0.8486
vn 0.4171 0.1144 0.9017
vn 0.4522 0.3194 0.8328
vn 0.2902 0.4974 0.8175
vn 0.3524 0.1803 0.9183
vn 0.3679 -0.1316 0.9205
vn 0.4566 0.0804 0.8860
vn 0.3862 -0.3100 0.8688
vn 0.2761 -0.4196 0.8647
vn 0.2748 -0.5277 0.8038
vn 0.3636 -0.2447 0.8988
vn 0.4253 -0.1149 0.8977
vn 0.1072 -0.6313 0.7681
vn 0.0852 -0.5499 0.8309
vn 0.5250 0.5297 0.6662
vn 0.5297 0.3003 0.7933
vn 0.5758 0.5693 0.5868
vn 0.4785 0.2816 0.8317
vn 0.4644 0.5763 0.6725
vn 0.5013 0.0316 0.8647
vn 0.4691 -0.3781 0.7981
vn 0.2945 -0.6288 0.7196
vn 0.4372 -0.5405 0.7188
vn 0.6202 -0.2027 0.7578
vn 0.5472 -0.2035 0.8119
vn 0.5539 -0.3446 0.7580
vn 0.4686 -0.2685 0.8416
vn 0.3876 -0.4246 0.8183
vn 0.0978 -0.7550 0.6484
vn 0.7066 0.4863 0.5140
vn 0.7282 0.1795 0.6614
vn 0.7633 0.4785 0.4341
vn 0.6452 0.4653 0.6059
vn 0.6592 0.1954 0.7261
vn 0.5927 0.2214 0.7744
vn 0.4567 -0.1594 0.8752
vn 0.5157 -0.1557 0.8425
vn 0.5599 -0.0276 0.8281
vn 0.6328 -0.0343 0.7735
vn 0.5580 -0.4854 0.6730
vn 0.3847 -0.7473 0.5418
vn 0.5824 -0.5656 0.5839
vn 0.3642 -0.8275 0.4272
vn 0.6869 -0.3651 0.6283
vn 0.2423 -0.7990 0.5503
vn 0.6575 -0.3002 0.6911
vn 0.8394 0.3479 0.4176
vn 0.8463 0.0429 0.5309
vn 0.8838 0.3343 0.3274
vn 0.7947 0.1088 0.5972
vn 0.6980 -0.0603 0.7135
vn 0.7652 -0.0996 0.6360
vn 0.6917 -0.2196 0.6880
vn 0.7467 -0.2402 0.6203
vn 0.8563 -0.0800 0.5103
vn 0.7618 -0.3072 0.5704
vn 0.8551 -0.2371 0.4611
vn 0.9338 0.2860 0.2151
vn 0.5207 -0.7355 0.4335
vn 0.6802 -0.4610 0.5699
vn 0.7687 -0.4069 0.4935
vn 0.0994 0.6615 0.7433
vn 0.2281 0.1605 0.9603
vn -0.2347 0.9599 -0.1533
vn -0.1257 0.9793 0.1588
vn 0.0664 0.9711 0.2294
vn -0.5293 -0.7202 -0.4485
vn -0.4294 -0.8644 -0.2617
vn -0.1366 -0.9757 -0.1715
vn 0.1821 -0.9807 -0.0706
vn 0.0432 -0.9987 0.0270
vn -0.1151 -0.9932 -0.0165
vn 0.1396 -0.9659 0.2181
vn -0.0105 -0.9776 0.2102
vn 0.2027 0.9380 -0.2811
vn 0.3648 0.9141 -0.1769
vn 0.0447 0.8438 -0.5348
vn -0.0131 0.8910 -0.4538
vn 0.1803 0.9641 -0.1948
vn 0.4084 0.9058 0.1126
vn 0.5727 0.7850 0.2360
vn 0.6056 0.7912 0.0848
vn -0.1950 -0.7740 -0.6024
vn 0.3993 -0.8201 -0.4098
vn 0.7823 -0.6178 -0.0793
vn -0.3133 -0.1544 -0.9370
vn 0.8582 -0.3870 0.3373
vn 0.6750 -0.6717 0.3052
vn -0.1557 0.8462 -0.5096
vn -0.0871 0.8865 -0.4545
vn 0.1380 0.9480 -0.2868
vn -0.2388 0.9156 -0.3235
vn 0.0501 0.9636 0.2625
vn -0.0462 0.9485 0.3133
vn -0.6977 -0.6439 0.3140
vn -0.8098 -0.5075 0.2944
vn -0.8759 -0.4792 -0.0563
vn -0.2014 -0.5276 0.8253
vn -0.6942 0.1548 -0.7030
vn -0.6321 0.4923 -0.5984
vn -0.1457 -0.2878 0.9466
vn -0.8233 -0.2056 -0.5291
vn -0.8009 -0.3216 -0.5051
vn -0.6294 -0.7007 -0.3361
vn -0.4140 -0.9089 -0.0508
vn -0.4369 -0.8950 0.0897
vn -0.5704 -0.7113 -0.4107
vn -0.3815 -0.9148 -0.1328
vn -0.1208 -0.9625 0.2430
vn -0.1782 -0.9277 0.3280
vn 0.0627 -0.8626 0.5020
vn -0.1339 -0.8474 0.5138
vn 0.6430 0.7194 -0.2628
vn 0.5289 0.5873 -0.6127
vn 0.4841 0.7718 -0.4124
vn -0.1092 0.5582 -0.8225
vn 0.9559 0.2879 -0.0580
vn 0.9814 -0.1300 0.1411
vn 0.9752 -0.1981 -0.0991
vn 0.3783 0.2926 -0.8782
vn -0.1201 0.0030 -0.9928
vn -0.1118 0.2822 -0.9528
vn 0.2729 0.8885 -0.3689
vn 0.4941 0.8474 -0.1945
vn 0.0876 0.8268 -0.5557
vn 0.7421 0.6568 0.1337
vn 0.5438 0.8048 -0.2380
vn -0.8525 -0.4664 -0.2359
vn -0.6979 -0.6509 0.2987
vn -0.6758 -0.6833 -0.2764
vn -0.8059 -0.3376 -0.4864
vn 0.1773 0.9679 -0.1783
vn -0.2532 0.9667 0.0379
vn -0.2583 0.8208 -0.5094
vn 0.4192 0.8722 0.2521
vn 0.4724 0.7788 0.4126
vn 0.7955 0.6041 0.0465
vn -0.7053 -0.5023 -0.5003
vn -0.7782 -0.3408 -0.5275
vn -0.5991 -0.7730 -0.2085
vn -0.3697 -0.9066 0.2037
vn -0.1158 -0.8310 0.5441
vn -0.3388 -0.8125 0.4745
vn -0.1607 -0.5732 0.8035
vn -0.6363 -0.7598 0.1336
vn -0.7090 -0.6612 0.2452
vn -0.5279 -0.8468 0.0653
vn -0.2591 0.7965 0.5464
vn -0.4697 0.7042 0.5324
vn 0.4229 0.8672 0.2630
vn 0.4811 0.7057 0.5201
vn 0.4369 0.8194 0.3710
vn -0.3846 0.8811 -0.2750
vn 0.2025 0.9469 0.2498
vn 0.3115 0.4053 0.8595
vn -0.0894 -0.5679 0.8182
vn -0.0972 -0.5878 0.8031
vn -0.2684 -0.9249 0.2692
vn -0.2760 -0.5851 0.7625
vn -0.8994 -0.2547 -0.3553
vn -0.8279 -0.5578 -0.0583
vn -0.9154 -0.3854 -0.1161
vn -0.4581 -0.8780 0.1387
vn -0.7746 -0.3891 0.4986
vn -0.8637 -0.2110 0.4577
vn -0.7132 -0.6046 0.3547
vn -0.0762 0.8778 -0.4729
vn 0.4722 0.8105 0.3465
vn 0.4589 0.4467 0.7681
vn 0.0167 0.9965 -0.0816
vn -0.2825 0.5610 0.7781
vn 0.3285 0.3025 0.8948
vn 0.3911 0.3766 0.8398
vn -0.5521 0.7365 -0.3909
vn -0.3864 0.7770 -0.4969
vn -0.4213 0.8620 0.2818
vn -0.5438 0.7851 0.2963
vn -0.4581 -0.8882 -0.0355
vn -0.9682 -0.2028 -0.1464
vn -0.9682 -0.2028 -0.1465
vn -0.8942 -0.3860 -0.2267
vn -0.0084 -0.4686 0.8834
vn 0.0149 -0.6955 0.7184
vn -0.2461 -0.9242 0.2920
vn -0.5871 -0.7741 0.2368
vn -0.6073 -0.6852 0.4021
vn -0.6242 -0.7376 0.2576
vn -0.3686 -0.4307 0.8238
vn -0.4316 0.8938 -0.1217
vn -0.8585 0.0060 -0.5127
vn 0.0603 0.6076 0.7919
vn -0.1235 0.1662 0.9783
vn -0.7501 -0.4676 0.4676
vn -0.9402 0.0332 0.3391
vn -0.9795 -0.1657 -0.1146
vn 0.1543 -0.7858 0.5989
vn -0.1674 -0.9343 -0.3146
vn 0.6337 0.3544 -0.6876
vn 0.5096 -0.7582 -0.4068
vn 0.6648 -0.2220 -0.7132
vn 0.2337 0.6223 0.7471
vn 0.0923 0.9924 0.0808
vn 0.7556 0.5168 0.4024
vn -0.2685 -0.6004 0.7532
vn -0.5133 -0.4600 0.7245
vn 0.8091 0.1862 0.5574
vn 0.6359 0.7534 0.1675
vn 0.1128 0.7579 0.6426
vn -0.4439 -0.7490 0.4919
vn -0.9163 0.3158 0.2464
vn -0.7405 -0.4527 0.4967
vn -0.9064 -0.1126 -0.4071
vn 0.6011 -0.4202 -0.6797
vn -0.5104 -0.6858 -0.5188
vn 0.0715 -0.6319 -0.7717
vn 0.9487 0.1649 0.2698
vn 0.7585 -0.4232 0.4955
vn 0.5929 -0.0804 0.8013
vn 0.9613 0.2065 0.1825
vn 0.6992 -0.5839 0.4125
vn -0.7184 -0.0090 0.6956
vn -0.6820 0.6049 0.4110
vn -0.6303 0.1477 0.7622
vn 0.3923 -0.7547 0.5259
vn 0.9028 -0.3735 0.2131
vn 0.6940 0.0771 0.7158
vn -0.8929 0.1328 0.4301
vn -0.0253 0.9422 0.3341
vn -0.5803 0.5014 0.6418
vn -0.4564 0.8491 -0.2658
vn -0.3091 -0.6450 -0.6989
vn -0.8846 0.2963 -0.3601
vn -0.6894 -0.2101 -0.6932
vn 0.2300 -0.6601 0.7151
vn 0.5415 -0.8402 0.0285
vn -0.2600 -0.8868 0.3821
vn -0.1270 0.6109 0.7814
vn 0.4141 0.8059 0.4232
vn 0.0578 0.5746 0.8164
vn -0.4991 -0.6653 0.5551
vn -0.0298 -0.9906 0.1336
vn 0.4043 -0.6884 0.6022
vn -0.0913 0.8452 0.5266
vn 0.9257 0.3081 0.2194
vn 0.3006 0.0579 -0.9520
vn 0.2357 0.2642 -0.9352
vn -0.0634 0.7529 0.6551
vn -0.6108 0.4988 -0.6150
vn 0.5293 -0.7077 0.4680
vn -0.4690 0.8177 0.3339
vn -0.9594 -0.1770 0.2196
vn 0.6762 -0.6428 0.3600
vn 0.6491 -0.2087 0.7315
vn -0.1446 -0.9640 -0.2231
vn -0.3888 0.7302 0.5618
vn -0.8725 0.4102 0.2655
vn -0.6463 0.0075 0.7630
vn -0.2138 -0.8811 0.4219
vn 0.1232 -0.5296 0.8393
vn 0.2030 -0.4974 0.8435
vn 0.0667 -0.5498 0.8326
vn 0.0082 -0.9582 0.2861
vn 0.3570 0.4520 -0.8174
vn 0.2023 0.5982 -0.7754
vn -0.6572 0.3286 -0.6783
vn 0.7332 -0.5277 0.4289
vn -0.8326 0.4136 0.3684
vn -0.7871 -0.6137 -0.0621
vn 0.5829 0.0700 0.8095
vn 0.8455 -0.3795 0.3756
vn 0.5688 -0.1211 0.8135
vn 0.3483 -0.8261 -0.4430
vn -0.7505 0.3049 0.5864
vn -0.9909 -0.0952 0.0954
vn -0.6614 -0.5609 0.4979
vn 0.2351 -0.9483 0.2131
vn 0.2251 -0.6225 0.7496
vn 0.1677 -0.6912 0.7030
vn 0.4153 -0.9063 0.0783
vn 0.5869 -0.1458 0.7964
vn 0.6313 0.1269 -0.7651
vn 0.9030 -0.4202 -0.0895
vn 0.0468 0.7506 -0.6591
vn -0.1629 -0.9047 0.3938
vn -0.7255 0.3509 0.5920
vn -0.9005 0.3951 -0.1818
vn -0.3859 0.8418 0.3775
vn 0.2568 -0.5023 0.8257
vn 0.0249 -0.9336 0.3573
vn 0.0817 -0.5790 0.8112
vn -0.5224 -0.6825 -0.5112
vn -0.1136 0.7777 0.6183
vn -0.5547 0.8296 0.0631
vn -0.8521 0.2868 0.4378
vn -0.7447 -0.6551 0.1277
vn -0.5135 -0.5072 0.6922
vn -0.5962 -0.4873 0.6380
vn -0.6110 -0.7917 0.0016
vn -0.4569 -0.4687 -0.7560
vn -0.3132 -0.6258 -0.7143
vn 0.6048 -0.4614 -0.6491
vn -0.6481 0.6222 0.4390
vn 0.8172 -0.4660 0.3393
vn 0.8324 0.5305 -0.1604
vn -0.5243 0.0393 0.8506
vn -0.7771 0.4822 0.4044
vn -0.4927 0.2280 0.8398
vn -0.3046 0.8246 -0.4767
vn 0.7619 -0.3358 0.5539
vn 0.9998 0.0064 0.0199
vn 0.7449 0.5268 0.4093
vn -0.1318 0.9784 0.1596
vn -0.1189 0.9877 0.1019
vn -0.1109 0.6890 0.7162
vn -0.0512 0.7487 0.6609
vn 0.4247 0.9019 0.0783
vn -0.0447 0.6783 -0.7334
vn -0.2555 0.6849 -0.6824
vn -0.7802 -0.0863 -0.6195
vn 0.9160 0.0112 0.4009
vn -0.8904 -0.2662 0.3692
vn -0.2138 -0.9597 -0.1824
vn 0.4321 0.3186 0.8437
vn 0.9055 0.2024 0.3729
vn 0.5437 0.1641 0.8231
vn 0.7798 -0.3459 -0.5217
vn -0.7499 -0.3250 0.5762
vn -0.6963 -0.7172 0.0265
vn -0.1309 -0.9131 0.3861
vn 0.7949 -0.5972 0.1067
vn 0.7901 -0.6111 0.0487
vn 0.5983 -0.4271 0.6780
vn 0.5964 -0.5098 0.6200
vn 0.9015 -0.4326 -0.0115
vn 0.2346 -0.7441 -0.6255
vn 0.4383 -0.6968 -0.5677
vn 0.7798 0.1728 -0.6017
vn -0.9150 -0.1598 0.3705
vn 0.7879 0.5044 0.3533
vn 0.0131 0.9496 -0.3132
vn -0.4044 -0.2896 0.8675
vn -0.8619 -0.3459 0.3708
vn -0.5451 -0.1680 0.8214
vn -0.8025 0.0908 -0.5897
vn 0.6256 0.5579 0.5453
vn 0.5227 0.8506 -0.0569
vn -0.0926 0.9629 0.2533
vn -0.9098 0.4149 -0.0052
vn -0.9045 0.4215 -0.0644
vn -0.7166 0.3713 0.5904
vn -0.7290 0.4437 0.5212
vn -0.9710 0.2164 -0.1014
vn 0.6773 0.4218 -0.6028
vn 0.5854 0.6072 -0.5373
vn -0.4412 0.4208 0.7926
vn -0.3382 0.7481 -0.5710
vn 0.3572 -0.8722 0.3341
vn -0.6695 0.6395 0.3780
vn -0.9266 -0.1843 -0.3278
vn 0.5268 -0.7791 0.3397
vn 0.2836 -0.5346 0.7961
vn 0.0941 -0.7754 -0.6244
vn -0.6868 0.4609 0.5620
vn -0.9455 0.3249 -0.0199
vn -0.9103 -0.2609 0.3213
vn -0.2609 -0.9594 -0.1070
vn -0.1898 -0.8341 0.5179
vn -0.1248 -0.8120 0.5701
vn -0.2345 -0.8459 0.4791
vn 0.0060 -0.9893 -0.1457
vn -0.1879 -0.6058 0.7731
vn 0.0739 0.3039 -0.9499
vn -0.7814 -0.3122 -0.5404
vn -0.7367 0.2677 -0.6210
vn 0.0196 -0.7886 -0.6146
vn -0.0123 0.9081 0.4185
vn 0.1241 -0.4926 0.8613
vn 0.3850 -0.8638 0.3250
vn 0.9034 -0.1432 -0.4042
vn 0.3004 0.7020 -0.6457
vn 0.4719 -0.7151 0.5158
vn 0.7520 -0.6555 -0.0692
vn 0.9472 -0.1188 0.2977
vn 0.6022 0.7947 -0.0758
vn 0.5060 0.6400 0.5782
vn 0.4686 0.6463 0.6023
vn 0.5254 0.6362 0.5650
vn 0.3657 0.9250 -0.1031
vn 0.5857 -0.5161 -0.6249
vn 0.7368 -0.3728 -0.5640
vn 0.2948 0.5449 0.7850
vn 0.5913 0.5503 -0.5895
vn -0.7119 -0.6051 0.3564
vn 0.4202 0.8300 0.3668
vn -0.4663 0.8289 -0.3092
vn -0.5719 -0.7387 0.3567
vn -0.3968 -0.4346 0.8085
vn -0.7316 -0.3216 -0.6010
vn 0.2511 0.7919 0.5566
vn 0.0237 0.9996 -0.0172
vn -0.5123 0.7879 0.3417
vn -0.9965 -0.0405 -0.0733
vn -0.8344 -0.0727 0.5463
vn -0.8344 -0.0727 0.5464
vn -0.7920 -0.1282 0.5969
vn -0.8604 -0.0335 0.5085
vn -0.8748 0.4515 -0.1760
vn -0.0748 -0.1414 0.9871
vn -0.1230 -0.0231 0.9921
vn -0.0811 -0.0975 0.9919
vn -0.0585 0.0197 0.9981
vn 0.0700 -0.0652 0.9954
vn 0.0146 -0.0570 0.9983
vn 0.0453 -0.0794 0.9958
vn 0.0267 -0.0488 0.9985
vn 0.0634 -0.0332 0.9974
vn -0.0452 -0.0638 0.9969
vn -0.0682 -0.0958 0.9931
vn -0.1681 -0.1330 0.9768
vn -0.1113 -0.0333 0.9932
vn -0.0768 -0.0795 0.9939
vn 0.1288 0.0233 0.9914
vn 0.0446 -0.0445 0.9980
vn 0.1189 -0.0502 0.9916
vn 0.0722 -0.0691 0.9950
vn 0.0019 -0.0571 0.9984
vn 0.0163 0.0638 0.9978
vn 0.1305 0.0048 0.9914
vn 0.0299 -0.0557 0.9980
vn 0.0444 -0.0876 0.9952
vn 0.0025 -0.1360 0.9907
vn -0.0116 -0.0874 0.9961
vn 0.0170 -0.1221 0.9924
vn 0.0650 0.0128 0.9978
vn 0.0694 0.1188 0.9905
vn 0.0600 0.0420 0.9973
vn -0.1083 -0.0021 0.9941
vn -0.0919 0.0373 0.9951
vn -0.0309 0.1080 0.9937
vn 0.0369 0.1209 0.9920
vn 0.0465 -0.0813 0.9956
vn 0.1956 0.1449 0.9699
vn 0.0347 -0.1366 0.9900
vn 0.2065 -0.0475 0.9773
vn -0.0555 -0.0759 0.9956
vn -0.0286 -0.0924 0.9953
vn 0.2217 0.1182 0.9679
vn 0.1529 0.1746 0.9727
vn -0.1452 0.0233 0.9891
vn 0.1043 0.0518 0.9932
vn 0.0374 -0.1183 0.9923
vn 0.0863 -0.1590 0.9835
vn 0.1385 0.0495 0.9891
vn 0.0349 0.0445 0.9984
vn 0.0779 0.2103 0.9745
vn -0.0421 0.1001 0.9941
vn 0.0436 -0.0428 0.9981
vn 0.0140 -0.1412 0.9899
vn -0.0364 -0.0403 0.9985
vn 0.0242 -0.0342 0.9991
vn 0.0083 0.0920 0.9957
vn -0.0254 0.0840 0.9961
vn -0.1047 -0.0230 0.9942
vn -0.0458 -0.0887 0.9950
vn 0.0504 0.0791 0.9956
vn -0.0773 0.1546 0.9850
vn -0.1337 0.0840 0.9875
vn -0.0980 0.0538 0.9937
vn 0.0771 -0.1277 0.9888
vn 0.0927 -0.1184 0.9886
vn -0.0273 -0.2102 0.9773
vn -0.0575 -0.1293 0.9899
vn 0.0713 0.0093 0.9974
vn 0.1734 -0.1015 0.9796
vn 0.0110 -0.0021 0.9999
vn 0.2806 0.3435 0.8963
vn -0.0208 0.3230 0.9462
vn 0.0303 -0.0282 0.9991
vn 0.0670 -0.1231 0.9901
vn -0.0703 0.0626 0.9956
vn -0.0018 0.1598 0.9872
vn -0.0349 0.0546 0.9979
vn -0.0162 -0.1009 0.9948
vn 0.0995 0.0905 0.9909
vn -0.0606 -0.1103 0.9920
vn 0.0369 0.1868 0.9817
vn -0.1655 -0.1230 0.9785
vn -0.0642 -0.0050 0.9979
vn -0.3242 -0.0793 0.9427
vn -0.0580 -0.0835 0.9948
vn -0.2503 -0.2221 0.9423
vn 0.2233 0.0117 0.9747
vn -0.3362 0.1480 0.9301
vn 0.1839 -0.0287 0.9825
vn 0.0703 -0.0037 0.9975
vn -0.0761 0.0212 0.9969
vn -0.0326 0.0141 0.9994
vn 0.1519 0.1088 0.9824
vn 0.0671 -0.0682 0.9954
vn -0.1285 0.0064 0.9917
vn 0.0957 0.0133 0.9953
vn 0.1090 -0.1230 0.9864
vn -0.0246 -0.0857 0.9960
vn 0.0992 0.0640 0.9930
vn 0.1475 -0.0606 0.9872
vt 0.626510 0.689998
vt 0.626479 0.689987
vt 0.626511 0.689988
vt 0.626447 0.689997
vt 0.626424 0.689986
vt 0.626448 0.689986
vt 0.626055 0.690061
vt 0.626084 0.690035
vt 0.626056 0.690071
vt 0.626554 0.689999
vt 0.626560 0.690040
vt 0.626546 0.690039
vt 0.626034 0.690112
vt 0.626036 0.690144
vt 0.626031 0.690135
vt 0.626533 0.689989
vt 0.626553 0.689989
vt 0.626056 0.690103
vt 0.626051 0.690164
vt 0.626031 0.690160
vt 0.626033 0.690175
vt 0.626042 0.690189
vt 0.626036 0.690191
vt 0.626065 0.690211
vt 0.626645 0.689986
vt 0.626630 0.690036
vt 0.626630 0.689986
vt 0.626041 0.690206
vt 0.626056 0.690223
vt 0.626048 0.690220
vt 0.626056 0.690234
vt 0.626079 0.690255
vt 0.626070 0.690252
vt 0.626668 0.689986
vt 0.626670 0.689995
vt 0.626092 0.690274
vt 0.626699 0.689986
vt 0.626702 0.689995
vt 0.626124 0.690288
vt 0.626120 0.690292
vt 0.626099 0.690255
vt 0.626153 0.690284
vt 0.626149 0.690302
vt 0.626731 0.689986
vt 0.626759 0.689986
vt 0.626761 0.689996
vt 0.626173 0.690301
vt 0.626180 0.690308
vt 0.626785 0.689986
vt 0.626788 0.689996
vt 0.626209 0.690288
vt 0.626381 0.690276
vt 0.626368 0.690327
vt 0.626369 0.690276
vt 0.626210 0.690301
vt 0.626204 0.690308
vt 0.626220 0.690306
vt 0.626248 0.690292
vt 0.626235 0.690302
vt 0.626274 0.690265
vt 0.626251 0.690297
vt 0.626272 0.690287
vt 0.626283 0.690273
vt 0.626297 0.690269
vt 0.626430 0.690276
vt 0.626461 0.690276
vt 0.626462 0.690286
vt 0.626539 0.690286
vt 0.626516 0.690277
vt 0.626539 0.690277
vt 0.626310 0.690248
vt 0.626314 0.690252
vt 0.626322 0.690204
vt 0.626324 0.690239
vt 0.626337 0.690204
vt 0.626332 0.690226
vt 0.626560 0.690278
vt 0.626546 0.690328
vt 0.626349 0.690182
vt 0.626347 0.690150
vt 0.626353 0.690159
vt 0.626579 0.690278
vt 0.626581 0.690288
vt 0.626352 0.690127
vt 0.626601 0.690279
vt 0.626603 0.690288
vt 0.626088 0.690318
vt 0.626069 0.690309
vt 0.626090 0.690308
vt 0.626052 0.690318
vt 0.626057 0.690359
vt 0.626045 0.690360
vt 0.626339 0.690095
vt 0.626345 0.690096
vt 0.626031 0.690319
vt 0.626051 0.690309
vt 0.626335 0.690074
vt 0.626323 0.690053
vt 0.626317 0.690056
vt 0.626285 0.690022
vt 0.626319 0.690082
vt 0.626284 0.690039
vt 0.626308 0.690035
vt 0.626291 0.690020
vt 0.626111 0.690308
vt 0.626133 0.690308
vt 0.626134 0.690318
vt 0.626271 0.690006
vt 0.626256 0.689999
vt 0.626240 0.689999
vt 0.626242 0.689994
vt 0.626234 0.690308
vt 0.626220 0.690358
vt 0.626220 0.690308
vt 0.626226 0.689989
vt 0.626204 0.689992
vt 0.626211 0.689987
vt 0.626236 0.690011
vt 0.626181 0.690006
vt 0.626195 0.689986
vt 0.626159 0.689995
vt 0.626179 0.689986
vt 0.626127 0.690020
vt 0.626116 0.690012
vt 0.626163 0.689988
vt 0.626148 0.689992
vt 0.626267 0.690564
vt 0.626255 0.690531
vt 0.626274 0.690531
vt 0.626317 0.690557
vt 0.626348 0.690555
vt 0.626338 0.690570
vt 0.626393 0.690036
vt 0.626381 0.689986
vt 0.626395 0.689986
vt 0.626409 0.689986
vt 0.626133 0.689997
vt 0.626118 0.690003
vt 0.626285 0.690482
vt 0.626285 0.690467
vt 0.626295 0.690473
vt 0.626726 0.690458
vt 0.626725 0.690448
vt 0.626739 0.690447
vt 0.626711 0.690441
vt 0.626691 0.690437
vt 0.626699 0.690430
vt 0.626741 0.690457
vt 0.626854 0.690366
vt 0.626826 0.690365
vt 0.626838 0.690333
vt 0.626415 0.690241
vt 0.626394 0.690272
vt 0.626388 0.690241
vt 0.626435 0.690209
vt 0.626444 0.690242
vt 0.626412 0.690209
vt 0.626383 0.690208
vt 0.626405 0.690176
vt 0.626390 0.690176
vt 0.626802 0.690358
vt 0.626813 0.690344
vt 0.626370 0.690241
vt 0.626364 0.690208
vt 0.626377 0.690175
vt 0.626364 0.690175
vt 0.626379 0.690054
vt 0.626435 0.690176
vt 0.626547 0.690052
vt 0.626533 0.690048
vt 0.626547 0.690046
vt 0.626796 0.690327
vt 0.626502 0.690038
vt 0.626517 0.690039
vt 0.626518 0.690045
vt 0.626502 0.690047
vt 0.626781 0.690337
vt 0.626771 0.690312
vt 0.626276 0.690349
vt 0.626276 0.690308
vt 0.626290 0.690326
vt 0.626812 0.690306
vt 0.626262 0.690498
vt 0.626249 0.690498
vt 0.626249 0.690377
vt 0.626262 0.690377
vt 0.626235 0.690498
vt 0.626213 0.690530
vt 0.626205 0.690498
vt 0.626220 0.690498
vt 0.626367 0.690036
vt 0.626368 0.689986
vt 0.626786 0.690290
vt 0.626230 0.690563
vt 0.626203 0.690595
vt 0.626210 0.690563
vt 0.626231 0.690596
vt 0.626249 0.690563
vt 0.626235 0.690530
vt 0.626220 0.690377
vt 0.626235 0.690377
vt 0.626189 0.690530
vt 0.626174 0.690498
vt 0.626190 0.690498
vt 0.626261 0.690308
vt 0.626249 0.690358
vt 0.626248 0.690308
vt 0.626166 0.690563
vt 0.626134 0.690531
vt 0.626166 0.690530
vt 0.626205 0.690376
vt 0.626749 0.690323
vt 0.626718 0.690306
vt 0.626747 0.690306
vt 0.626763 0.690282
vt 0.626179 0.690595
vt 0.626188 0.690563
vt 0.626142 0.690498
vt 0.626158 0.690498
vt 0.626136 0.690563
vt 0.626112 0.690531
vt 0.626173 0.690376
vt 0.626189 0.690376
vt 0.626732 0.690278
vt 0.626111 0.690498
vt 0.626126 0.690498
vt 0.626204 0.690308
vt 0.626189 0.690358
vt 0.626189 0.690308
vt 0.626157 0.690377
vt 0.626148 0.690595
vt 0.626142 0.690377
vt 0.626090 0.690531
vt 0.626083 0.690499
vt 0.626097 0.690498
vt 0.626157 0.690358
vt 0.626157 0.690308
vt 0.626173 0.690308
vt 0.626071 0.690564
vt 0.626052 0.690532
vt 0.626070 0.690531
vt 0.626111 0.690377
vt 0.626126 0.690377
vt 0.626108 0.690564
vt 0.626702 0.690283
vt 0.626096 0.690377
vt 0.626057 0.690499
vt 0.626069 0.690499
vt 0.626050 0.690565
vt 0.626037 0.690532
vt 0.626686 0.690318
vt 0.626673 0.690349
vt 0.626667 0.690332
vt 0.626089 0.690564
vt 0.626096 0.690596
vt 0.626118 0.690595
vt 0.626678 0.690291
vt 0.626069 0.690377
vt 0.626082 0.690377
vt 0.626036 0.690500
vt 0.626046 0.690499
vt 0.626111 0.690358
vt 0.626650 0.690350
vt 0.626655 0.690276
vt 0.626653 0.690308
vt 0.626632 0.690294
vt 0.626035 0.690378
vt 0.626045 0.690378
vt 0.626057 0.690378
vt 0.626589 0.690501
vt 0.626584 0.690468
vt 0.626595 0.690469
vt 0.626069 0.690359
vt 0.626558 0.690533
vt 0.626551 0.690500
vt 0.626570 0.690501
vt 0.626655 0.690381
vt 0.626640 0.690372
vt 0.626632 0.690330
vt 0.626612 0.690316
vt 0.626597 0.690348
vt 0.626604 0.690502
vt 0.626581 0.690534
vt 0.626605 0.690469
vt 0.626607 0.690348
vt 0.626559 0.690468
vt 0.626572 0.690468
vt 0.626539 0.690533
vt 0.626522 0.690500
vt 0.626616 0.690357
vt 0.626302 0.690416
vt 0.626302 0.690457
vt 0.626285 0.690440
vt 0.626585 0.690347
vt 0.626530 0.690467
vt 0.626545 0.690468
vt 0.626573 0.690347
vt 0.626539 0.690564
vt 0.626546 0.690346
vt 0.626560 0.690347
vt 0.626499 0.690467
vt 0.626515 0.690467
vt 0.626489 0.690532
vt 0.626459 0.690499
vt 0.626491 0.690499
vt 0.626654 0.690421
vt 0.626640 0.690434
vt 0.626635 0.690401
vt 0.626518 0.690533
vt 0.626609 0.690394
vt 0.626531 0.690346
vt 0.626467 0.690467
vt 0.626483 0.690467
vt 0.626460 0.690532
vt 0.626428 0.690499
vt 0.626516 0.690346
vt 0.626610 0.690431
vt 0.626505 0.690565
vt 0.626500 0.690346
vt 0.626436 0.690466
vt 0.626452 0.690466
vt 0.626516 0.690327
vt 0.626485 0.690345
vt 0.626667 0.690451
vt 0.626652 0.690461
vt 0.626468 0.690563
vt 0.626469 0.690345
vt 0.626406 0.690466
vt 0.626421 0.690466
vt 0.626485 0.690327
vt 0.626485 0.690277
vt 0.626501 0.690277
vt 0.626404 0.690532
vt 0.626379 0.690499
vt 0.626399 0.690499
vt 0.626437 0.690345
vt 0.626453 0.690345
vt 0.626672 0.690482
vt 0.626431 0.690532
vt 0.626621 0.690460
vt 0.626407 0.690345
vt 0.626422 0.690345
vt 0.626379 0.690466
vt 0.626392 0.690466
vt 0.626437 0.690563
vt 0.626638 0.690485
vt 0.626393 0.690345
vt 0.626361 0.690499
vt 0.626355 0.690466
vt 0.626366 0.690466
vt 0.626380 0.690345
vt 0.626704 0.690480
vt 0.626701 0.690498
vt 0.626660 0.690506
vt 0.626410 0.690564
vt 0.626379 0.690532
vt 0.626368 0.690345
vt 0.626773 0.690209
vt 0.626767 0.690176
vt 0.626780 0.690176
vt 0.626393 0.690327
vt 0.626394 0.690276
vt 0.626408 0.690276
vt 0.626422 0.690327
vt 0.626681 0.690519
vt 0.626784 0.690242
vt 0.626753 0.690273
vt 0.626767 0.690242
vt 0.626652 0.690530
vt 0.626635 0.690517
vt 0.626780 0.690055
vt 0.626797 0.690209
vt 0.626792 0.690177
vt 0.626792 0.690055
vt 0.626746 0.690209
vt 0.626739 0.690176
vt 0.626753 0.690176
vt 0.626714 0.690241
vt 0.626700 0.690208
vt 0.626723 0.690208
vt 0.626735 0.690487
vt 0.626735 0.690504
vt 0.626705 0.690527
vt 0.626732 0.690273
vt 0.626742 0.690241
vt 0.626753 0.690055
vt 0.626767 0.690055
vt 0.626708 0.690176
vt 0.626724 0.690176
vt 0.626729 0.690530
vt 0.626708 0.690273
vt 0.626739 0.690055
vt 0.626676 0.690176
vt 0.626692 0.690176
vt 0.626655 0.690241
vt 0.626637 0.690208
vt 0.626668 0.690208
vt 0.626724 0.690054
vt 0.626769 0.690479
vt 0.626787 0.690489
vt 0.626760 0.690500
vt 0.626760 0.690528
vt 0.626677 0.690272
vt 0.626684 0.690241
vt 0.626708 0.690054
vt 0.626613 0.690241
vt 0.626582 0.690209
vt 0.626608 0.690209
vt 0.626645 0.690176
vt 0.626661 0.690176
vt 0.626633 0.690241
vt 0.626692 0.690054
vt 0.626661 0.690054
vt 0.626676 0.690054
vt 0.626615 0.690176
vt 0.626630 0.690176
vt 0.626647 0.690273
vt 0.626789 0.690517
vt 0.626645 0.690054
vt 0.626587 0.690176
vt 0.626601 0.690176
vt 0.626661 0.690036
vt 0.626565 0.690245
vt 0.626555 0.690212
vt 0.626573 0.690213
vt 0.626630 0.690054
vt 0.626810 0.690504
vt 0.626601 0.690055
vt 0.626615 0.690055
vt 0.626556 0.690179
vt 0.626569 0.690180
vt 0.626624 0.690273
vt 0.626588 0.690242
vt 0.626828 0.690487
vt 0.626575 0.690176
vt 0.626587 0.690055
vt 0.626535 0.690211
vt 0.626529 0.690179
vt 0.626543 0.690179
vt 0.626615 0.689986
vt 0.626601 0.690036
vt 0.626601 0.689986
vt 0.626572 0.690059
vt 0.626548 0.690276
vt 0.626542 0.690244
vt 0.626815 0.690462
vt 0.626845 0.690462
vt 0.626531 0.690057
vt 0.626546 0.690058
vt 0.626559 0.690058
vt 0.626505 0.690211
vt 0.626499 0.690178
vt 0.626514 0.690178
vt 0.626572 0.690040
vt 0.626573 0.689990
vt 0.626588 0.689986
vt 0.626575 0.690037
vt 0.626575 0.689987
vt 0.626473 0.690243
vt 0.626458 0.690209
vt 0.626482 0.690210
vt 0.626816 0.690406
vt 0.626832 0.690393
vt 0.626831 0.690427
vt 0.626856 0.690434
vt 0.626523 0.690244
vt 0.626495 0.690275
vt 0.626502 0.690243
vt 0.626523 0.690276
vt 0.626517 0.690057
vt 0.626467 0.690177
vt 0.626483 0.690177
vt 0.626860 0.690403
vt 0.626464 0.690274
vt 0.626486 0.690056
vt 0.626501 0.690056
vt 0.626451 0.690177
vt 0.626532 0.690039
vt 0.626438 0.690055
vt 0.626454 0.690055
vt 0.626470 0.690056
vt 0.626486 0.690038
vt 0.626812 0.690380
vt 0.626470 0.690037
vt 0.626454 0.690037
vt 0.626295 0.690508
vt 0.626288 0.690502
vt 0.626295 0.690491
vt 0.626438 0.690037
vt 0.626393 0.690054
vt 0.626392 0.690049
vt 0.626470 0.690047
vt 0.626454 0.690044
vt 0.626274 0.690377
vt 0.626276 0.690371
vt 0.626250 0.690370
vt 0.626221 0.690371
vt 0.626157 0.690371
vt 0.626311 0.690587
vt 0.626317 0.690576
vt 0.626126 0.690371
vt 0.626275 0.690498
vt 0.626068 0.690372
vt 0.626044 0.690373
vt 0.626454 0.690050
vt 0.626438 0.690046
vt 0.626574 0.690341
vt 0.626547 0.690341
vt 0.626485 0.690340
vt 0.626453 0.690340
vt 0.626392 0.690339
vt 0.626356 0.690345
vt 0.626366 0.690340
vt 0.626754 0.690049
vt 0.626724 0.690049
vt 0.626660 0.690049
vt 0.626629 0.690048
vt 0.626600 0.690049
vt 0.626573 0.690052
vt 0.626517 0.690051
vt 0.626423 0.690055
vt 0.626408 0.690055
vt 0.626422 0.690049
vt 0.626380 0.690707
vt 0.626389 0.690718
vt 0.626380 0.690728
vt 0.626486 0.690051
vt 0.626084 0.690055
vt 0.626123 0.690039
vt 0.626094 0.690064
vt 0.626074 0.690115
vt 0.626071 0.690103
vt 0.626083 0.690093
vt 0.626042 0.690105
vt 0.626072 0.690129
vt 0.626064 0.690139
vt 0.626070 0.690150
vt 0.626066 0.690169
vt 0.626073 0.690174
vt 0.626080 0.690209
vt 0.626081 0.690196
vt 0.626093 0.690217
vt 0.626283 0.690486
vt 0.626276 0.690480
vt 0.626283 0.690468
vt 0.626311 0.690377
vt 0.626317 0.690351
vt 0.626317 0.690367
vt 0.626317 0.690408
vt 0.626317 0.690384
vt 0.626109 0.690244
vt 0.626284 0.690446
vt 0.626276 0.690436
vt 0.626284 0.690422
vt 0.626316 0.690455
vt 0.626310 0.690422
vt 0.626317 0.690432
vt 0.626207 0.690267
vt 0.626184 0.690274
vt 0.626183 0.690268
vt 0.626228 0.690263
vt 0.626214 0.690273
vt 0.626254 0.690259
vt 0.626241 0.690258
vt 0.626262 0.690246
vt 0.626437 0.690653
vt 0.626431 0.690687
vt 0.626431 0.690663
vt 0.626310 0.690416
vt 0.626303 0.690427
vt 0.626303 0.690403
vt 0.626292 0.690227
vt 0.626334 0.690141
vt 0.626311 0.690193
vt 0.626295 0.690211
vt 0.626305 0.690190
vt 0.626437 0.690581
vt 0.626431 0.690616
vt 0.626431 0.690593
vt 0.626320 0.690157
vt 0.626311 0.690167
vt 0.626313 0.690144
vt 0.626315 0.690112
vt 0.626310 0.690120
vt 0.626303 0.690097
vt 0.626310 0.690432
vt 0.626303 0.690451
vt 0.626395 0.690643
vt 0.626389 0.690674
vt 0.626388 0.690649
vt 0.626388 0.690615
vt 0.626388 0.690632
vt 0.626283 0.690498
vt 0.626276 0.690503
vt 0.626276 0.690486
vt 0.626299 0.690078
vt 0.626275 0.690050
vt 0.626233 0.690033
vt 0.626243 0.690030
vt 0.626246 0.690038
vt 0.626395 0.690570
vt 0.626388 0.690602
vt 0.626388 0.690583
vt 0.626202 0.690019
vt 0.626212 0.690027
vt 0.626188 0.690026
vt 0.626153 0.690032
vt 0.626157 0.690024
vt 0.626170 0.690028
vt 0.626140 0.690037
vt 0.626348 0.690391
vt 0.626352 0.690398
vt 0.626348 0.690408
vt 0.626317 0.690536
vt 0.626358 0.690726
vt 0.626353 0.690714
vt 0.626358 0.690708
vt 0.626431 0.690639
vt 0.626400 0.690617
vt 0.626347 0.690460
vt 0.626352 0.690472
vt 0.626347 0.690474
vt 0.626326 0.690322
vt 0.626333 0.690311
vt 0.626347 0.690319
vt 0.626400 0.690600
vt 0.626400 0.690583
vt 0.626348 0.690373
vt 0.626316 0.690682
vt 0.626316 0.690666
vt 0.626333 0.690678
vt 0.626348 0.690426
vt 0.626316 0.690475
vt 0.626790 0.690546
vt 0.626803 0.690559
vt 0.626778 0.690543
vt 0.626357 0.690610
vt 0.626357 0.690593
vt 0.626317 0.690593
vt 0.626348 0.690582
vt 0.626421 0.690698
vt 0.626400 0.690715
vt 0.626400 0.690702
vt 0.626357 0.690627
vt 0.626421 0.690652
vt 0.626400 0.690669
vt 0.626400 0.690650
vt 0.626316 0.690650
vt 0.626347 0.690642
vt 0.626347 0.690658
vt 0.626358 0.690566
vt 0.626389 0.690565
vt 0.626316 0.690523
vt 0.626347 0.690534
vt 0.626317 0.690616
vt 0.626348 0.690626
vt 0.626326 0.690628
vt 0.626316 0.690495
vt 0.626347 0.690513
vt 0.626316 0.690508
vt 0.626316 0.690638
vt 0.626399 0.690634
vt 0.626353 0.690694
vt 0.626347 0.690672
vt 0.626422 0.690566
vt 0.626400 0.690565
vt 0.626357 0.690683
vt 0.626353 0.690672
vt 0.626357 0.690668
vt 0.626684 0.690546
vt 0.626822 0.690592
vt 0.626628 0.690594
vt 0.626828 0.690683
vt 0.626782 0.690740
vt 0.626695 0.690754
vt 0.626353 0.690375
vt 0.626352 0.690425
vt 0.626395 0.690690
vt 0.626357 0.690651
vt 0.626353 0.690649
vt 0.626353 0.690622
vt 0.626352 0.690552
vt 0.626352 0.690582
vt 0.626395 0.690662
vt 0.626352 0.690654
vt 0.626395 0.690639
vt 0.626353 0.690590
vt 0.626357 0.690579
vt 0.626352 0.690670
vt 0.626348 0.690603
vt 0.626352 0.690609
vt 0.626632 0.690571
vt 0.626654 0.690553
vt 0.626630 0.690578
vt 0.626658 0.690746
vt 0.626680 0.690755
vt 0.626675 0.690755
vt 0.626352 0.690348
vt 0.626395 0.690581
vt 0.626395 0.690612
vt 0.626423 0.690036
vt 0.626379 0.690663
vt 0.626351 0.690490
vt 0.626347 0.690495
vt 0.626615 0.690687
vt 0.626621 0.690685
vt 0.626628 0.690712
vt 0.626642 0.690729
vt 0.626660 0.690744
vt 0.626709 0.690763
vt 0.626761 0.690758
vt 0.626786 0.690746
vt 0.626807 0.690729
vt 0.626822 0.690711
vt 0.626833 0.690691
vt 0.626841 0.690663
vt 0.626841 0.690633
vt 0.626825 0.690586
vt 0.626750 0.690540
vt 0.626684 0.690537
vt 0.626617 0.690602
vt 0.626609 0.690630
vt 0.626795 0.690365
vt 0.626771 0.690354
vt 0.626769 0.690342
vt 0.626752 0.690343
vt 0.626743 0.690333
vt 0.626721 0.690343
vt 0.626715 0.690335
vt 0.626706 0.690349
vt 0.626690 0.690348
vt 0.626679 0.690373
vt 0.626672 0.690369
vt 0.626672 0.690393
vt 0.626662 0.690403
vt 0.626677 0.690430
vt 0.626670 0.690437
vt 0.626685 0.690442
vt 0.626693 0.690463
vt 0.626716 0.690465
vt 0.626725 0.690475
vt 0.626734 0.690467
vt 0.626753 0.690473
vt 0.626765 0.690460
vt 0.626780 0.690459
vt 0.626806 0.690403
vt 0.626792 0.690379
vt 0.626799 0.690435
vt 0.626783 0.690444
vt 0.626794 0.690425
vt 0.626797 0.690410
vt 0.626765 0.690361
vt 0.626777 0.690372
vt 0.626750 0.690464
vt 0.626810 0.690435
vt 0.626795 0.690459
vt 0.626697 0.690455
vt 0.626724 0.690036
vt 0.626390 0.690737
vt 0.626353 0.690286
vt 0.626683 0.690468
vt 0.626671 0.690411
vt 0.626437 0.690327
vt 0.626453 0.690327
vt 0.626531 0.690328
vt 0.626703 0.690448
vt 0.626693 0.690356
vt 0.626692 0.690334
vt 0.626754 0.690454
vt 0.626126 0.690358
vt 0.626714 0.690325
vt 0.626783 0.690366
vt 0.626305 0.690473
vt 0.626295 0.690462
vt 0.626305 0.690457
vt 0.626786 0.690415
vt 0.626787 0.690406
vt 0.626305 0.690488
vt 0.626295 0.690473
vt 0.626277 0.690520
vt 0.626277 0.690503
vt 0.626283 0.690511
vt 0.626762 0.690450
vt 0.626771 0.690443
vt 0.626734 0.690404
vt 0.626290 0.690346
vt 0.626300 0.690358
vt 0.626290 0.690364
vt 0.626290 0.690308
vt 0.626300 0.690328
vt 0.626290 0.690328
vt 0.626691 0.690373
vt 0.626300 0.690368
vt 0.626301 0.690353
vt 0.626310 0.690351
vt 0.626300 0.690323
vt 0.626310 0.690335
vt 0.626300 0.690338
vt 0.626300 0.690308
vt 0.626310 0.690325
vt 0.626773 0.690386
vt 0.626787 0.690395
vt 0.626777 0.690403
vt 0.626775 0.690419
vt 0.626486 0.690044
vt 0.626741 0.690361
vt 0.626756 0.690356
vt 0.626753 0.690365
vt 0.626763 0.690372
vt 0.626684 0.690423
vt 0.626692 0.690414
vt 0.626712 0.690453
vt 0.626681 0.690403
vt 0.626691 0.690398
vt 0.626777 0.690435
vt 0.626766 0.690434
vt 0.626685 0.690382
vt 0.626695 0.690385
vt 0.626752 0.690444
vt 0.626702 0.690375
vt 0.626710 0.690356
vt 0.626712 0.690367
vt 0.626724 0.690362
vt 0.626736 0.690351
vt 0.626379 0.690036
vt 0.626392 0.690043
vt 0.626378 0.690045
vt 0.626365 0.690048
vt 0.626262 0.690358
vt 0.626274 0.690359
vt 0.626276 0.690364
vt 0.626263 0.690368
vt 0.626205 0.690358
vt 0.626221 0.690365
vt 0.626205 0.690367
vt 0.626189 0.690371
vt 0.626173 0.690358
vt 0.626189 0.690365
vt 0.626173 0.690367
vt 0.626125 0.690365
vt 0.626110 0.690368
vt 0.626095 0.690371
vt 0.626082 0.690359
vt 0.626096 0.690359
vt 0.626095 0.690364
vt 0.626081 0.690368
vt 0.626035 0.690360
vt 0.626043 0.690367
vt 0.626033 0.690369
vt 0.626598 0.690342
vt 0.626609 0.690339
vt 0.626585 0.690329
vt 0.626597 0.690329
vt 0.626598 0.690336
vt 0.626587 0.690338
vt 0.626547 0.690335
vt 0.626532 0.690337
vt 0.626517 0.690339
vt 0.626500 0.690327
vt 0.626517 0.690333
vt 0.626501 0.690336
vt 0.626453 0.690333
vt 0.626437 0.690336
vt 0.626421 0.690339
vt 0.626407 0.690327
vt 0.626421 0.690333
vt 0.626406 0.690336
vt 0.626357 0.690327
vt 0.626366 0.690333
vt 0.626805 0.690044
vt 0.626794 0.690046
vt 0.626792 0.690037
vt 0.626782 0.690050
vt 0.626767 0.690037
vt 0.626780 0.690037
vt 0.626782 0.690044
vt 0.626769 0.690046
vt 0.626708 0.690036
vt 0.626724 0.690043
vt 0.626709 0.690045
vt 0.626692 0.690049
vt 0.626676 0.690036
vt 0.626692 0.690036
vt 0.626692 0.690043
vt 0.626676 0.690045
vt 0.626615 0.690036
vt 0.626629 0.690042
vt 0.626614 0.690045
vt 0.626587 0.690037
vt 0.626600 0.690043
vt 0.626586 0.690046
vt 0.626573 0.690046
vt 0.626561 0.690049
vt 0.626573 0.690049
vt 0.626645 0.690036
vt 0.626660 0.690043
vt 0.626644 0.690045
vt 0.626739 0.690036
vt 0.626753 0.690036
vt 0.626754 0.690043
vt 0.626740 0.690045
vt 0.626380 0.690327
vt 0.626392 0.690333
vt 0.626378 0.690336
vt 0.626469 0.690327
vt 0.626485 0.690334
vt 0.626469 0.690336
vt 0.626560 0.690328
vt 0.626573 0.690329
vt 0.626574 0.690335
vt 0.626561 0.690337
vt 0.626068 0.690366
vt 0.626055 0.690369
vt 0.626142 0.690358
vt 0.626157 0.690365
vt 0.626141 0.690367
vt 0.626235 0.690358
vt 0.626250 0.690364
vt 0.626236 0.690367
vt 0.626408 0.690036
vt 0.626422 0.690043
vt 0.626407 0.690045
vt 0.626354 0.690336
vt 0.626420 0.690176
vt 0.626105 0.690011
vt 0.626274 0.690308
vt 0.626074 0.690037
vt 0.626092 0.690020
vt 0.626041 0.690090
vt 0.626803 0.689987
vt 0.626342 0.690205
vt 0.626031 0.690310
vt 0.626283 0.690446
vt 0.626276 0.690462
vt 0.626367 0.690697
vt 0.626379 0.690686
vt 0.626428 0.690274
vt 0.626366 0.690054
vt 0.626260 0.690595
vt 0.626599 0.690535
vt 0.626285 0.690364
vt 0.626300 0.690397
vt 0.626285 0.690416
vt 0.626607 0.690329
vt 0.626363 0.690532
vt 0.626603 0.690273
vt 0.626575 0.690055
vt 0.626310 0.690550
vt 0.626310 0.690335
vt 0.626148 0.690267
vt 0.626437 0.690702
vt 0.626283 0.690349
vt 0.626283 0.690387
vt 0.626276 0.690373
vt 0.626305 0.690383
vt 0.626310 0.690368
vt 0.626310 0.690403
vt 0.626395 0.690681
vt 0.626394 0.690607
vt 0.626283 0.690408
vt 0.626276 0.690422
vt 0.626276 0.690387
vt 0.626347 0.690442
vt 0.626352 0.690452
vt 0.626348 0.690351
vt 0.626316 0.690314
vt 0.626347 0.690331
vt 0.626431 0.690574
vt 0.626316 0.690331
vt 0.626326 0.690340
vt 0.626337 0.690484
vt 0.626316 0.690492
vt 0.626389 0.690697
vt 0.626431 0.690720
vt 0.626421 0.690676
vt 0.626400 0.690687
vt 0.626410 0.690728
vt 0.626431 0.690708
vt 0.626347 0.690495
vt 0.626395 0.690716
vt 0.626619 0.690590
vt 0.626352 0.690635
vt 0.626352 0.690525
vt 0.626641 0.690733
vt 0.626643 0.690558
vt 0.626352 0.690502
vt 0.626690 0.690762
vt 0.626347 0.690308
vt 0.626352 0.690325
vt 0.626609 0.690660
vt 0.626738 0.690763
vt 0.626836 0.690611
vt 0.626757 0.690534
vt 0.626734 0.690530
vt 0.626711 0.690531
vt 0.626736 0.690341
vt 0.626796 0.690394
vt 0.626784 0.690385
vt 0.626783 0.690425
vt 0.626295 0.690483
vt 0.626295 0.690457
vt 0.626295 0.690509
vt 0.626295 0.690488
vt 0.626305 0.690503
vt 0.626305 0.690493
vt 0.626300 0.690348
vt 0.626300 0.690338
vt 0.626300 0.690318
vt 0.626697 0.690365
vt 0.626310 0.690315
vt 0.626746 0.690352
vt 0.626295 0.690522
vt 0.626285 0.690512
vt 0.626681 0.690413
vt 0.626682 0.690392
vt 0.626725 0.690352
vt 0.626365 0.690041
vt 0.626805 0.690050
vt 0.626574 0.690042
vt 0.626310 0.690631
vt 0.626353 0.690045
vt 0.233507 0.055783
vt 0.216580 0.054726
vt 0.236927 0.051034
vt 0.227398 0.062238
vt 0.220769 0.063271
vt 0.217377 0.049883
vt 0.229261 0.044791
vt 0.212300 0.032755
vt 0.197133 0.025777
vt 0.206235 0.027144
vt 0.189794 0.034235
vt 0.188000 0.028578
vt 0.186982 0.024266
vt 0.217603 0.036964
vt 0.182280 0.039749
vt 0.213238 0.039703
vt 0.183212 0.046340
vt 0.165691 0.033170
vt 0.156335 0.029378
vt 0.153479 0.024732
vt 0.192964 0.068607
vt 0.186791 0.065127
vt 0.213677 0.059267
vt 0.191118 0.058011
vt 0.154643 0.076016
vt 0.154988 0.070254
vt 0.193623 0.071788
vt 0.157629 0.062930
vt 0.183248 0.053059
vt 0.213812 0.044251
vt 0.129171 0.026146
vt 0.131054 0.037657
vt 0.127449 0.031383
vt 0.130598 0.045203
vt 0.131986 0.053192
vt 0.095020 0.055133
vt 0.094291 0.047817
vt 0.093287 0.039044
vt 0.096274 0.032481
vt 0.128705 0.077893
vt 0.131540 0.071739
vt 0.094944 0.068444
vt 0.130808 0.062466
vt 0.096005 0.062365
vt 0.081122 0.031704
vt 0.073131 0.036172
vt 0.077673 0.045655
vt 0.074359 0.055931
vt 0.059089 0.052989
vt 0.066528 0.039392
vt 0.061105 0.044244
vt 0.078645 0.075055
vt 0.092050 0.073864
vt 0.067151 0.069534
vt 0.078986 0.065324
vt 0.061541 0.063222
vt 0.033060 0.065945
vt 0.037656 0.064368
vt 0.046773 0.070497
vt 0.024931 0.055576
vt 0.030220 0.053158
vt 0.028723 0.059755
vt 0.036238 0.057933
vt 0.034475 0.047401
vt 0.038106 0.051133
vt 0.032654 0.046374
vt 0.026448 0.050961
vt 0.046387 0.041332
vt 0.313877 0.037452
vt 0.309970 0.029964
vt 0.323861 0.028835
vt 0.319655 0.025129
vt 0.305618 0.043500
vt 0.294867 0.038557
vt 0.292735 0.045716
vt 0.283473 0.044874
vt 0.296877 0.050313
vt 0.302725 0.062542
vt 0.307899 0.055985
vt 0.308345 0.064718
vt 0.289954 0.054665
vt 0.292467 0.054098
vt 0.282809 0.047133
vt 0.316275 0.050782
vt 0.331203 0.058438
vt 0.364990 0.025901
vt 0.346659 0.022064
vt 0.366323 0.020475
vt 0.361322 0.034159
vt 0.346682 0.027738
vt 0.327376 0.044656
vt 0.342866 0.037792
vt 0.342049 0.051408
vt 0.331359 0.023127
vt 0.347334 0.069648
vt 0.359705 0.067423
vt 0.370611 0.071087
vt 0.335825 0.066460
vt 0.321481 0.066961
vt 0.356928 0.060667
vt 0.362154 0.045962
vt 0.363970 0.055637
vt 0.406419 0.028587
vt 0.401285 0.022358
vt 0.423140 0.025116
vt 0.383877 0.017496
vt 0.407683 0.019064
vt 0.418278 0.049679
vt 0.402000 0.044920
vt 0.421614 0.035687
vt 0.383601 0.043185
vt 0.381810 0.035687
vt 0.406023 0.035553
vt 0.382141 0.028467
vt 0.380024 0.022269
vt 0.392492 0.065030
vt 0.407004 0.061396
vt 0.402755 0.067812
vt 0.405692 0.071308
vt 0.424858 0.065003
vt 0.429187 0.068435
vt 0.369184 0.065190
vt 0.381174 0.060682
vt 0.381712 0.068519
vt 0.388151 0.072317
vt 0.381981 0.051706
vt 0.403474 0.054580
vt 0.442513 0.027653
vt 0.449372 0.022554
vt 0.463908 0.028599
vt 0.468428 0.025693
vt 0.462129 0.033816
vt 0.431478 0.021628
vt 0.461575 0.041247
vt 0.439061 0.032718
vt 0.433514 0.042211
vt 0.448777 0.064615
vt 0.463160 0.058401
vt 0.465142 0.061189
vt 0.443725 0.062233
vt 0.429212 0.059282
vt 0.450828 0.056388
vt 0.437258 0.052652
vt 0.462172 0.049812
vt 0.444668 0.041831
vt 0.475046 0.051301
vt 0.486189 0.053179
vt 0.481485 0.056596
vt 0.487041 0.043142
vt 0.501365 0.046583
vt 0.491239 0.049310
vt 0.496601 0.051214
vt 0.488176 0.030997
vt 0.486649 0.035172
vt 0.498384 0.032810
vt 0.499521 0.038474
vt 0.241309 0.052033
vt 0.240069 0.055587
vt 0.288651 0.054621
vt 0.282485 0.048346
vt 0.285653 0.053255
vt 0.288438 0.055868
vt 0.079463 0.030075
vt 0.054257 0.036236
vt 0.076623 0.029087
vt 0.033041 0.045178
vt 0.029428 0.046234
vt 0.040435 0.040988
vt 0.492682 0.029502
vt 0.470114 0.021028
vt 0.472387 0.023851
vt 0.457396 0.020323
vt 0.490114 0.026992
vt 0.144411 0.082815
vt 0.127136 0.085319
vt 0.120822 0.082083
vt 0.163120 0.078906
vt 0.138549 0.080634
vt 0.162916 0.082531
vt 0.146843 0.085371
vt 0.370383 0.075639
vt 0.380071 0.074073
vt 0.387723 0.076971
vt 0.400743 0.074911
vt 0.405090 0.076859
vt 0.366300 0.073443
vt 0.421728 0.071999
vt 0.429002 0.072979
vt 0.023524 0.051677
vt 0.024166 0.049858
vt 0.027229 0.048798
vt 0.020947 0.052815
vt 0.022782 0.055707
vt 0.021667 0.054656
vt 0.020521 0.054899
vt 0.511354 0.037037
vt 0.506825 0.040220
vt 0.504939 0.035586
vt 0.502902 0.032138
vt 0.210302 0.068531
vt 0.226507 0.066553
vt 0.210689 0.069929
vt 0.209235 0.066761
vt 0.226653 0.065866
vt 0.231049 0.060633
vt 0.299036 0.063068
vt 0.299291 0.061838
vt 0.239823 0.037382
vt 0.242643 0.039773
vt 0.238218 0.038432
vt 0.291200 0.036651
vt 0.288271 0.039157
vt 0.287294 0.038742
vt 0.293507 0.037162
vt 0.238750 0.042789
vt 0.245824 0.047366
vt 0.282499 0.044525
vt 0.237498 0.039583
vt 0.227684 0.035908
vt 0.217881 0.031098
vt 0.158488 0.020810
vt 0.142430 0.018350
vt 0.157914 0.018040
vt 0.139841 0.021696
vt 0.125692 0.019796
vt 0.119907 0.023241
vt 0.100483 0.023722
vt 0.403861 0.011710
vt 0.422363 0.015233
vt 0.387996 0.013919
vt 0.408380 0.016105
vt 0.371773 0.012131
vt 0.370802 0.013814
vt 0.365203 0.016746
vt 0.027813 0.064970
vt 0.026463 0.062597
vt 0.029284 0.062862
vt 0.505259 0.049654
vt 0.501677 0.049759
vt 0.510056 0.046380
vt 0.508600 0.044940
vt 0.511614 0.039581
vt 0.512665 0.042562
vt 0.022139 0.059112
vt 0.023792 0.059380
vt 0.020734 0.058360
vt 0.097566 0.081817
vt 0.078980 0.080514
vt 0.072771 0.077775
vt 0.104631 0.084601
vt 0.441269 0.069292
vt 0.451736 0.068917
vt 0.456224 0.065715
vt 0.477384 0.061469
vt 0.225587 0.031825
vt 0.226191 0.030869
vt 0.213526 0.026996
vt 0.220679 0.027191
vt 0.212305 0.026006
vt 0.193657 0.074923
vt 0.209050 0.070483
vt 0.206007 0.070547
vt 0.341112 0.073458
vt 0.372580 0.077187
vt 0.340879 0.072507
vt 0.338836 0.071401
vt 0.035585 0.068351
vt 0.054938 0.074790
vt 0.472528 0.061548
vt 0.489173 0.055889
vt 0.497784 0.053645
vt 0.201815 0.020384
vt 0.204255 0.021396
vt 0.204295 0.024421
vt 0.183536 0.020707
vt 0.187687 0.019331
vt 0.187160 0.021870
vt 0.343064 0.016274
vt 0.340111 0.018076
vt 0.320031 0.022576
vt 0.323686 0.021521
vt 0.320914 0.021134
vt 0.322472 0.020632
vt 0.450757 0.017132
vt 0.443209 0.018090
vt 0.431544 0.018940
vt 0.428776 0.013957
vt 0.302023 0.064394
vt 0.301650 0.064988
vt 0.303613 0.066308
vt 0.305513 0.067287
vt 0.305849 0.067095
vt 0.321691 0.069013
vt 0.229119 0.063162
vt 0.228104 0.065633
vt 0.303743 0.066716
vt 0.308788 0.026927
vt 0.309333 0.024752
vt 0.315300 0.024408
vt 0.312185 0.023545
vt 0.317097 0.022748
vt 0.303138 0.028634
vt 0.305769 0.027168
vt 0.302672 0.029975
vt 0.223196 0.029247
vt 0.218130 0.026076
vt 0.220238 0.026090
vt 0.217736 0.025298
vt 0.221994 0.026800
vt 0.310378 0.023640
vt 0.306005 0.025941
vt 0.307804 0.024751
vt 0.220861 0.029090
vt 0.204789 0.073978
vt 0.205659 0.074659
vt 0.193978 0.076270
vt 0.324022 0.070341
vt 0.323112 0.070155
vt 0.329039 0.069795
vt 0.207873 0.072875
vt 0.329691 0.073071
vt 0.326311 0.071984
vt 0.329783 0.072418
vt 0.324442 0.069519
vt 0.326925 0.071501
vt 0.210110 0.070940
vt 0.206802 0.023564
vt 0.205999 0.024164
vt 0.205500 0.020927
vt 0.198461 0.019836
vt 0.208598 0.025252
vt 0.325523 0.018293
vt 0.329363 0.017753
vt 0.200217 0.019250
vt 0.203899 0.019832
vt 0.327253 0.017217
vt 0.325067 0.017494
vt 0.330940 0.016639
vt 0.247271 0.044737
vt 0.245821 0.045214
vt 0.243027 0.053104
vt 0.246921 0.048394
vt 0.248713 0.048359
vt 0.248862 0.044917
vt 0.248932 0.046668
vt 0.281208 0.048136
vt 0.281339 0.046201
vt 0.280533 0.046490
vt 0.281400 0.044458
vt 0.233507 0.055783
vt 0.216580 0.054726
vt 0.236927 0.051034
vt 0.227896 0.061918
vt 0.220769 0.063270
vt 0.217377 0.049883
vt 0.229261 0.044791
vt 0.212300 0.032755
vt 0.197133 0.025776
vt 0.206235 0.027144
vt 0.189794 0.034235
vt 0.188000 0.028578
vt 0.186982 0.024266
vt 0.217603 0.036964
vt 0.182280 0.039749
vt 0.213237 0.039703
vt 0.183211 0.046340
vt 0.165690 0.033170
vt 0.156335 0.029378
vt 0.153479 0.024732
vt 0.192964 0.068607
vt 0.186790 0.065127
vt 0.213677 0.059267
vt 0.191117 0.058011
vt 0.154643 0.076016
vt 0.154987 0.070255
vt 0.193623 0.071788
vt 0.157629 0.062930
vt 0.183248 0.053058
vt 0.213812 0.044251
vt 0.129171 0.026146
vt 0.131054 0.037657
vt 0.127449 0.031383
vt 0.130597 0.045203
vt 0.131986 0.053192
vt 0.095020 0.055133
vt 0.094291 0.047817
vt 0.093287 0.039044
vt 0.096274 0.032481
vt 0.128705 0.077893
vt 0.131540 0.071740
vt 0.094944 0.068444
vt 0.130808 0.062466
vt 0.096005 0.062365
vt 0.081122 0.031704
vt 0.073131 0.036172
vt 0.077673 0.045655
vt 0.074359 0.055930
vt 0.059089 0.052989
vt 0.066528 0.039392
vt 0.061105 0.044244
vt 0.078644 0.075055
vt 0.092050 0.073864
vt 0.067151 0.069534
vt 0.078986 0.065324
vt 0.061541 0.063222
vt 0.033060 0.065945
vt 0.037656 0.064368
vt 0.046773 0.070497
vt 0.024931 0.055576
vt 0.030220 0.053158
vt 0.028723 0.059755
vt 0.036238 0.057933
vt 0.034475 0.047401
vt 0.038106 0.051133
vt 0.032654 0.046374
vt 0.026448 0.050961
vt 0.046387 0.041332
vt 0.313877 0.037452
vt 0.309970 0.029964
vt 0.323861 0.028835
vt 0.319655 0.025129
vt 0.305619 0.043500
vt 0.294867 0.038557
vt 0.292734 0.045716
vt 0.283473 0.044874
vt 0.296877 0.050313
vt 0.302725 0.062542
vt 0.307899 0.055985
vt 0.308346 0.064718
vt 0.289853 0.054561
vt 0.292468 0.054098
vt 0.282809 0.047133
vt 0.316275 0.050782
vt 0.331203 0.058438
vt 0.364990 0.025901
vt 0.346659 0.022064
vt 0.366323 0.020475
vt 0.361322 0.034159
vt 0.346682 0.027739
vt 0.327377 0.044656
vt 0.342866 0.037792
vt 0.342049 0.051408
vt 0.331359 0.023127
vt 0.347334 0.069648
vt 0.359705 0.067423
vt 0.370611 0.071087
vt 0.335825 0.066460
vt 0.321481 0.066961
vt 0.356927 0.060667
vt 0.362154 0.045963
vt 0.363970 0.055637
vt 0.406419 0.028587
vt 0.401285 0.022358
vt 0.423140 0.025116
vt 0.383877 0.017496
vt 0.418278 0.049679
vt 0.402000 0.044920
vt 0.421614 0.035687
vt 0.383601 0.043185
vt 0.381810 0.035687
vt 0.406023 0.035553
vt 0.382141 0.028467
vt 0.380024 0.022269
vt 0.392492 0.065030
vt 0.407004 0.061396
vt 0.402755 0.067812
vt 0.405692 0.071308
vt 0.424858 0.065003
vt 0.429187 0.068434
vt 0.369184 0.065190
vt 0.381174 0.060682
vt 0.381712 0.068519
vt 0.388151 0.072317
vt 0.381981 0.051706
vt 0.403474 0.054580
vt 0.442513 0.027653
vt 0.449372 0.022554
vt 0.463908 0.028599
vt 0.468428 0.025693
vt 0.462129 0.033816
vt 0.431478 0.021628
vt 0.461575 0.041247
vt 0.439061 0.032718
vt 0.433514 0.042211
vt 0.448777 0.064615
vt 0.463160 0.058401
vt 0.465142 0.061189
vt 0.443725 0.062233
vt 0.429212 0.059282
vt 0.450828 0.056388
vt 0.437257 0.052652
vt 0.462172 0.049812
vt 0.444668 0.041831
vt 0.475046 0.051301
vt 0.486189 0.053179
vt 0.481485 0.056596
vt 0.487041 0.043142
vt 0.501365 0.046583
vt 0.491239 0.049310
vt 0.496601 0.051214
vt 0.488176 0.030997
vt 0.486649 0.035172
vt 0.498384 0.032810
vt 0.499521 0.038474
vt 0.241309 0.052033
vt 0.240069 0.055587
vt 0.288651 0.054621
vt 0.282485 0.048346
vt 0.285652 0.053255
vt 0.079463 0.030075
vt 0.054257 0.036236
vt 0.076623 0.029087
vt 0.033041 0.045178
vt 0.029428 0.046234
vt 0.040435 0.040988
vt 0.492682 0.029502
vt 0.470114 0.021028
vt 0.472387 0.023851
vt 0.457396 0.020323
vt 0.490114 0.026992
vt 0.144410 0.082815
vt 0.127136 0.085319
vt 0.120822 0.082083
vt 0.163120 0.078906
vt 0.138549 0.080634
vt 0.162916 0.082531
vt 0.146842 0.085371
vt 0.370383 0.075639
vt 0.380071 0.074073
vt 0.387723 0.076971
vt 0.400743 0.074911
vt 0.366300 0.073443
vt 0.421728 0.071999
vt 0.429002 0.072979
vt 0.023524 0.051677
vt 0.024166 0.049858
vt 0.027229 0.048798
vt 0.020947 0.052815
vt 0.022782 0.055707
vt 0.021667 0.054656
vt 0.020521 0.054899
vt 0.511354 0.037037
vt 0.506825 0.040220
vt 0.504939 0.035586
vt 0.502902 0.032138
vt 0.210302 0.068531
vt 0.210689 0.069929
vt 0.209235 0.066761
vt 0.226653 0.065866
vt 0.231478 0.060984
vt 0.298832 0.062739
vt 0.298718 0.061289
vt 0.239823 0.037382
vt 0.242643 0.039774
vt 0.238218 0.038432
vt 0.291200 0.036651
vt 0.288272 0.039157
vt 0.287294 0.038742
vt 0.293507 0.037161
vt 0.238750 0.042789
vt 0.245824 0.047366
vt 0.282498 0.044525
vt 0.237498 0.039583
vt 0.227684 0.035908
vt 0.217881 0.031098
vt 0.158488 0.020810
vt 0.142430 0.018350
vt 0.157914 0.018040
vt 0.139841 0.021696
vt 0.125692 0.019796
vt 0.119907 0.023241
vt 0.100483 0.023722
vt 0.403861 0.011710
vt 0.422363 0.015233
vt 0.387996 0.013919
vt 0.408380 0.016105
vt 0.371773 0.012131
vt 0.370802 0.013814
vt 0.365203 0.016746
vt 0.027813 0.064970
vt 0.026463 0.062597
vt 0.029284 0.062862
vt 0.505259 0.049654
vt 0.501677 0.049759
vt 0.510056 0.046380
vt 0.508600 0.044940
vt 0.511614 0.039581
vt 0.512665 0.042562
vt 0.022139 0.059112
vt 0.023792 0.059380
vt 0.020734 0.058360
vt 0.097566 0.081817
vt 0.078980 0.080514
vt 0.072771 0.077775
vt 0.104631 0.084601
vt 0.441269 0.069292
vt 0.451737 0.068917
vt 0.456224 0.065715
vt 0.477384 0.061469
vt 0.225587 0.031825
vt 0.226191 0.030869
vt 0.213526 0.026996
vt 0.220679 0.027191
vt 0.212305 0.026006
vt 0.193657 0.074923
vt 0.206007 0.070547
vt 0.341112 0.073458
vt 0.372580 0.077187
vt 0.340879 0.072507
vt 0.338836 0.071401
vt 0.035585 0.068351
vt 0.054938 0.074790
vt 0.489173 0.055889
vt 0.497784 0.053645
vt 0.201815 0.020384
vt 0.204255 0.021396
vt 0.204295 0.024421
vt 0.187687 0.019331
vt 0.187160 0.021870
vt 0.343064 0.016274
vt 0.340111 0.018076
vt 0.320031 0.022576
vt 0.323686 0.021521
vt 0.320914 0.021134
vt 0.322472 0.020632
vt 0.450757 0.017132
vt 0.443209 0.018090
vt 0.431544 0.018940
vt 0.428776 0.013957
vt 0.301772 0.064132
vt 0.303613 0.066308
vt 0.301900 0.065262
vt 0.305513 0.067287
vt 0.305849 0.067095
vt 0.228104 0.065633
vt 0.303743 0.066716
vt 0.308789 0.026927
vt 0.309333 0.024752
vt 0.315300 0.024408
vt 0.312185 0.023545
vt 0.317097 0.022748
vt 0.303138 0.028634
vt 0.305769 0.027168
vt 0.302672 0.029975
vt 0.223196 0.029247
vt 0.219156 0.026083
vt 0.221994 0.026800
vt 0.310378 0.023640
vt 0.306005 0.025941
vt 0.307804 0.024751
vt 0.220861 0.029090
vt 0.217736 0.025298
vt 0.204789 0.073978
vt 0.205659 0.074659
vt 0.193978 0.076270
vt 0.324022 0.070341
vt 0.323112 0.070155
vt 0.329039 0.069795
vt 0.207873 0.072875
vt 0.329691 0.073071
vt 0.326311 0.071984
vt 0.329783 0.072418
vt 0.324442 0.069519
vt 0.326925 0.071501
vt 0.210110 0.070940
vt 0.206802 0.023564
vt 0.205999 0.024164
vt 0.205500 0.020927
vt 0.198461 0.019836
vt 0.208598 0.025252
vt 0.325523 0.018293
vt 0.329363 0.017753
vt 0.200217 0.019250
vt 0.203899 0.019832
vt 0.327253 0.017217
vt 0.325067 0.017494
vt 0.330940 0.016639
vt 0.247271 0.044737
vt 0.245821 0.045214
vt 0.243027 0.053104
vt 0.246921 0.048394
vt 0.248713 0.048359
vt 0.248862 0.044917
vt 0.248932 0.046668
vt 0.281208 0.048136
vt 0.281339 0.046201
vt 0.280533 0.046490
vt 0.281400 0.044458
vt 0.233507 0.055783
vt 0.216580 0.054726
vt 0.236927 0.051034
vt 0.227398 0.062238
vt 0.220769 0.063270
vt 0.217377 0.049883
vt 0.229261 0.044791
vt 0.212300 0.032755
vt 0.197133 0.025777
vt 0.206236 0.027144
vt 0.189794 0.034235
vt 0.188000 0.028578
vt 0.186983 0.024266
vt 0.217603 0.036964
vt 0.182280 0.039749
vt 0.213237 0.039703
vt 0.183211 0.046340
vt 0.165690 0.033170
vt 0.156335 0.029378
vt 0.153479 0.024732
vt 0.192964 0.068607
vt 0.186790 0.065127
vt 0.213676 0.059267
vt 0.191117 0.058011
vt 0.154643 0.076016
vt 0.154987 0.070255
vt 0.193623 0.071788
vt 0.157629 0.062930
vt 0.183248 0.053058
vt 0.213812 0.044251
vt 0.129171 0.026146
vt 0.131054 0.037657
vt 0.127449 0.031383
vt 0.131017 0.045274
vt 0.131986 0.053192
vt 0.094691 0.049520
vt 0.093287 0.039044
vt 0.096274 0.032481
vt 0.128705 0.077893
vt 0.131540 0.071739
vt 0.088665 0.069257
vt 0.130808 0.062466
vt 0.095553 0.058784
vt 0.081122 0.031704
vt 0.073131 0.036172
vt 0.077673 0.045655
vt 0.076391 0.059069
vt 0.059089 0.052989
vt 0.066528 0.039392
vt 0.061105 0.044244
vt 0.078644 0.075055
vt 0.092050 0.073864
vt 0.067151 0.069534
vt 0.094253 0.066143
vt 0.061541 0.063222
vt 0.033060 0.065945
vt 0.037656 0.064368
vt 0.046773 0.070497
vt 0.024931 0.055576
vt 0.030220 0.053158
vt 0.028723 0.059755
vt 0.036238 0.057933
vt 0.034475 0.047401
vt 0.038106 0.051133
vt 0.032654 0.046374
vt 0.026448 0.050961
vt 0.046387 0.041332
vt 0.313877 0.037452
vt 0.309971 0.029964
vt 0.323861 0.028835
vt 0.319655 0.025129
vt 0.305618 0.043500
vt 0.294867 0.038557
vt 0.292735 0.045716
vt 0.283473 0.044874
vt 0.296877 0.050313
vt 0.307899 0.055985
vt 0.308345 0.064718
vt 0.289954 0.054665
vt 0.292467 0.054097
vt 0.282809 0.047133
vt 0.316275 0.050782
vt 0.331203 0.058437
vt 0.364990 0.025901
vt 0.346659 0.022064
vt 0.366323 0.020475
vt 0.361322 0.034159
vt 0.346682 0.027739
vt 0.327377 0.044656
vt 0.342866 0.037792
vt 0.342049 0.051408
vt 0.331359 0.023127
vt 0.347334 0.069648
vt 0.359705 0.067423
vt 0.370611 0.071087
vt 0.335825 0.066460
vt 0.321481 0.066961
vt 0.356928 0.060667
vt 0.362154 0.045963
vt 0.363970 0.055637
vt 0.406419 0.028587
vt 0.401285 0.022358
vt 0.423140 0.025116
vt 0.383877 0.017496
vt 0.407683 0.019064
vt 0.418278 0.049679
vt 0.402001 0.044920
vt 0.421614 0.035687
vt 0.383601 0.043185
vt 0.381810 0.035687
vt 0.406023 0.035553
vt 0.382141 0.028467
vt 0.380024 0.022269
vt 0.392492 0.065030
vt 0.407004 0.061396
vt 0.402755 0.067812
vt 0.405692 0.071308
vt 0.424858 0.065003
vt 0.429187 0.068434
vt 0.369184 0.065190
vt 0.381174 0.060682
vt 0.381712 0.068519
vt 0.388151 0.072317
vt 0.381981 0.051706
vt 0.403474 0.054580
vt 0.442513 0.027653
vt 0.449372 0.022554
vt 0.463908 0.028599
vt 0.468428 0.025693
vt 0.462129 0.033816
vt 0.431478 0.021628
vt 0.439061 0.032718
vt 0.433514 0.042210
vt 0.448777 0.064615
vt 0.463160 0.058401
vt 0.465142 0.061189
vt 0.443725 0.062233
vt 0.429212 0.059282
vt 0.450828 0.056388
vt 0.437258 0.052652
vt 0.462172 0.049812
vt 0.444668 0.041831
vt 0.475046 0.051301
vt 0.486189 0.053179
vt 0.481485 0.056596
vt 0.487041 0.043142
vt 0.501365 0.046583
vt 0.491239 0.049310
vt 0.496601 0.051214
vt 0.488176 0.030997
vt 0.486649 0.035172
vt 0.498384 0.032810
vt 0.241309 0.052033
vt 0.240069 0.055587
vt 0.288651 0.054621
vt 0.282485 0.048346
vt 0.285652 0.053255
vt 0.288438 0.055868
vt 0.079463 0.030075
vt 0.054257 0.036236
vt 0.076623 0.029087
vt 0.033041 0.045178
vt 0.029428 0.046234
vt 0.040435 0.040988
vt 0.492682 0.029502
vt 0.470114 0.021028
vt 0.472387 0.023851
vt 0.457396 0.020323
vt 0.490114 0.026992
vt 0.144410 0.082815
vt 0.127136 0.085319
vt 0.120822 0.082083
vt 0.163120 0.078906
vt 0.138549 0.080634
vt 0.162916 0.082531
vt 0.370383 0.075639
vt 0.380071 0.074073
vt 0.387723 0.076971
vt 0.405090 0.076859
vt 0.366300 0.073443
vt 0.421728 0.071999
vt 0.429002 0.072979
vt 0.023524 0.051677
vt 0.024166 0.049858
vt 0.027229 0.048798
vt 0.020947 0.052815
vt 0.022782 0.055707
vt 0.021667 0.054656
vt 0.020521 0.054899
vt 0.511354 0.037037
vt 0.506825 0.040220
vt 0.502902 0.032138
vt 0.210302 0.068531
vt 0.226507 0.066553
vt 0.210689 0.069929
vt 0.209235 0.066761
vt 0.226653 0.065866
vt 0.231049 0.060633
vt 0.299036 0.063068
vt 0.299291 0.061839
vt 0.239823 0.037382
vt 0.242643 0.039773
vt 0.238218 0.038432
vt 0.291200 0.036651
vt 0.288271 0.039157
vt 0.287294 0.038742
vt 0.293507 0.037162
vt 0.238750 0.042789
vt 0.245824 0.047366
vt 0.282499 0.044525
vt 0.237498 0.039583
vt 0.227684 0.035908
vt 0.217881 0.031098
vt 0.158488 0.020810
vt 0.142430 0.018350
vt 0.139841 0.021696
vt 0.125692 0.019796
vt 0.119907 0.023241
vt 0.100483 0.023722
vt 0.403861 0.011710
vt 0.422362 0.015233
vt 0.387996 0.013919
vt 0.408380 0.016105
vt 0.371773 0.012131
vt 0.370802 0.013814
vt 0.365203 0.016746
vt 0.027813 0.064970
vt 0.026463 0.062597
vt 0.029284 0.062862
vt 0.505259 0.049654
vt 0.501677 0.049759
vt 0.511614 0.039581
vt 0.512665 0.042562
vt 0.022139 0.059112
vt 0.023792 0.059380
vt 0.020734 0.058360
vt 0.097566 0.081817
vt 0.078980 0.080514
vt 0.072772 0.077775
vt 0.104631 0.084601
vt 0.441269 0.069292
vt 0.451736 0.068917
vt 0.456224 0.065715
vt 0.477384 0.061469
vt 0.225587 0.031825
vt 0.226191 0.030869
vt 0.213526 0.026996
vt 0.220679 0.027191
vt 0.212305 0.026006
vt 0.193657 0.074923
vt 0.206007 0.070547
vt 0.341112 0.073458
vt 0.372580 0.077187
vt 0.340879 0.072507
vt 0.338836 0.071401
vt 0.035585 0.068351
vt 0.054938 0.074790
vt 0.472528 0.061548
vt 0.489173 0.055889
vt 0.497784 0.053645
vt 0.201815 0.020384
vt 0.204255 0.021396
vt 0.204295 0.024421
vt 0.183536 0.020707
vt 0.187687 0.019331
vt 0.187160 0.021870
vt 0.340111 0.018076
vt 0.320031 0.022576
vt 0.323686 0.021521
vt 0.320914 0.021134
vt 0.322472 0.020632
vt 0.450757 0.017132
vt 0.443209 0.018090
vt 0.431544 0.018940
vt 0.428776 0.013957
vt 0.302023 0.064394
vt 0.301650 0.064988
vt 0.303613 0.066308
vt 0.305848 0.067095
vt 0.321692 0.069013
vt 0.229119 0.063162
vt 0.228104 0.065633
vt 0.303744 0.066716
vt 0.308788 0.026927
vt 0.309333 0.024752
vt 0.315300 0.024408
vt 0.312185 0.023545
vt 0.317097 0.022748
vt 0.303138 0.028634
vt 0.305769 0.027168
vt 0.302672 0.029975
vt 0.223196 0.029247
vt 0.219156 0.026083
vt 0.221994 0.026800
vt 0.310378 0.023640
vt 0.306005 0.025941
vt 0.307804 0.024751
vt 0.220861 0.029090
vt 0.217736 0.025298
vt 0.204789 0.073978
vt 0.205659 0.074659
vt 0.193978 0.076270
vt 0.324022 0.070341
vt 0.323112 0.070155
vt 0.329039 0.069795
vt 0.207873 0.072875
vt 0.329691 0.073071
vt 0.326311 0.071984
vt 0.329783 0.072418
vt 0.324442 0.069519
vt 0.326925 0.071501
vt 0.206802 0.023564
vt 0.205999 0.024164
vt 0.205500 0.020927
vt 0.198461 0.019836
vt 0.208598 0.025252
vt 0.329363 0.017753
vt 0.200217 0.019250
vt 0.203899 0.019832
vt 0.327253 0.017217
vt 0.325067 0.017494
vt 0.330940 0.016639
vt 0.247271 0.044737
vt 0.245821 0.045214
vt 0.243027 0.053104
vt 0.246921 0.048394
vt 0.248713 0.048359
vt 0.248862 0.044917
vt 0.248932 0.046668
vt 0.281339 0.046201
vt 0.280533 0.046490
vt 0.237298 0.053961
vt 0.215914 0.055767
vt 0.236927 0.051033
vt 0.227398 0.062238
vt 0.220768 0.063271
vt 0.217377 0.049882
vt 0.229261 0.044791
vt 0.215951 0.035653
vt 0.192666 0.025112
vt 0.205062 0.025497
vt 0.180381 0.033820
vt 0.188000 0.028578
vt 0.182280 0.039749
vt 0.213479 0.041615
vt 0.183211 0.046340
vt 0.156336 0.029378
vt 0.153479 0.024732
vt 0.154643 0.076016
vt 0.144168 0.070940
vt 0.191690 0.067889
vt 0.193623 0.071788
vt 0.183248 0.053059
vt 0.129171 0.026146
vt 0.131055 0.037657
vt 0.127449 0.031383
vt 0.130597 0.045203
vt 0.131986 0.053192
vt 0.093287 0.039044
vt 0.096274 0.032481
vt 0.128705 0.077893
vt 0.095299 0.066411
vt 0.130808 0.062466
vt 0.172761 0.060707
vt 0.081122 0.031704
vt 0.070063 0.037668
vt 0.094646 0.051373
vt 0.077673 0.045655
vt 0.074359 0.055931
vt 0.059089 0.052989
vt 0.061105 0.044244
vt 0.078644 0.075055
vt 0.092050 0.073864
vt 0.067151 0.069534
vt 0.078986 0.065324
vt 0.061541 0.063222
vt 0.033060 0.065945
vt 0.037656 0.064368
vt 0.046773 0.070497
vt 0.024931 0.055576
vt 0.032808 0.052494
vt 0.029040 0.061509
vt 0.036238 0.057933
vt 0.030044 0.047540
vt 0.034475 0.047401
vt 0.026448 0.050961
vt 0.034672 0.044708
vt 0.313876 0.037452
vt 0.309970 0.029964
vt 0.325173 0.030296
vt 0.316566 0.024617
vt 0.305619 0.043500
vt 0.293863 0.037526
vt 0.294642 0.047832
vt 0.282933 0.044680
vt 0.302725 0.062541
vt 0.307900 0.055985
vt 0.308346 0.064718
vt 0.289253 0.054641
vt 0.292467 0.054098
vt 0.321612 0.047837
vt 0.331203 0.058438
vt 0.361322 0.034159
vt 0.346682 0.027738
vt 0.373747 0.023786
vt 0.342866 0.037792
vt 0.342050 0.051408
vt 0.354397 0.021439
vt 0.331359 0.023127
vt 0.341281 0.070897
vt 0.359705 0.067423
vt 0.374297 0.072251
vt 0.335825 0.066460
vt 0.321481 0.066961
vt 0.356927 0.060667
vt 0.406260 0.031379
vt 0.404098 0.020910
vt 0.423140 0.025116
vt 0.418278 0.049679
vt 0.402832 0.050371
vt 0.421614 0.035687
vt 0.382651 0.039210
vt 0.382141 0.028467
vt 0.383877 0.017496
vt 0.424858 0.065003
vt 0.429187 0.068434
vt 0.388151 0.072317
vt 0.398698 0.066712
vt 0.375812 0.066951
vt 0.363155 0.051293
vt 0.381981 0.051706
vt 0.381174 0.060682
vt 0.407004 0.061396
vt 0.441299 0.029435
vt 0.449372 0.022554
vt 0.463908 0.028599
vt 0.468428 0.025693
vt 0.461840 0.037689
vt 0.431501 0.020679
vt 0.438661 0.042035
vt 0.448777 0.064615
vt 0.463160 0.058401
vt 0.475085 0.058395
vt 0.443725 0.062233
vt 0.450828 0.056388
vt 0.437258 0.052652
vt 0.467987 0.050484
vt 0.488744 0.051222
vt 0.487041 0.043142
vt 0.501365 0.046583
vt 0.499843 0.050285
vt 0.494422 0.032106
vt 0.486649 0.035172
vt 0.499521 0.038474
vt 0.285652 0.053255
vt 0.282624 0.047826
vt 0.288438 0.055868
vt 0.054257 0.036236
vt 0.077471 0.029382
vt 0.026370 0.048340
vt 0.040436 0.040988
vt 0.470114 0.021028
vt 0.472387 0.023851
vt 0.448881 0.018983
vt 0.491514 0.028361
vt 0.144411 0.082815
vt 0.130443 0.081297
vt 0.163120 0.078906
vt 0.162916 0.082531
vt 0.146843 0.085371
vt 0.400743 0.074911
vt 0.377119 0.076157
vt 0.425237 0.072472
vt 0.023524 0.051677
vt 0.020709 0.053978
vt 0.511499 0.038456
vt 0.506825 0.040220
vt 0.504939 0.035586
vt 0.505859 0.033300
vt 0.209938 0.067927
vt 0.226590 0.066163
vt 0.210229 0.070734
vt 0.231049 0.060633
vt 0.299036 0.063068
vt 0.300718 0.063174
vt 0.239823 0.037382
vt 0.242643 0.039774
vt 0.238218 0.038432
vt 0.289634 0.037991
vt 0.238750 0.042789
vt 0.246443 0.047946
vt 0.234803 0.038574
vt 0.218608 0.030608
vt 0.158488 0.020810
vt 0.132493 0.019208
vt 0.157914 0.018040
vt 0.139841 0.021696
vt 0.119907 0.023241
vt 0.100483 0.023722
vt 0.397041 0.011587
vt 0.422363 0.015233
vt 0.408380 0.016105
vt 0.365203 0.016746
vt 0.371456 0.012680
vt 0.030564 0.066167
vt 0.026463 0.062597
vt 0.502613 0.051067
vt 0.510056 0.046380
vt 0.512665 0.042562
vt 0.021495 0.058767
vt 0.022115 0.055078
vt 0.023792 0.059380
vt 0.097566 0.081817
vt 0.078980 0.080514
vt 0.072771 0.077775
vt 0.450663 0.067045
vt 0.451736 0.068917
vt 0.477384 0.061469
vt 0.225898 0.031332
vt 0.212847 0.026445
vt 0.193808 0.075556
vt 0.209050 0.070483
vt 0.206007 0.070547
vt 0.341112 0.073458
vt 0.366300 0.073443
vt 0.054938 0.074790
vt 0.483977 0.057656
vt 0.201069 0.020262
vt 0.204833 0.021179
vt 0.186279 0.021587
vt 0.187687 0.019331
vt 0.343064 0.016274
vt 0.340111 0.018076
vt 0.318437 0.022670
vt 0.323686 0.021521
vt 0.320914 0.021134
vt 0.322472 0.020632
vt 0.428776 0.013957
vt 0.301650 0.064988
vt 0.303680 0.066516
vt 0.305513 0.067287
vt 0.305849 0.067095
vt 0.321691 0.069012
vt 0.229119 0.063162
vt 0.308788 0.026927
vt 0.309333 0.024752
vt 0.312185 0.023545
vt 0.304653 0.028179
vt 0.223196 0.029247
vt 0.219156 0.026083
vt 0.221994 0.026800
vt 0.310378 0.023640
vt 0.306005 0.025941
vt 0.307804 0.024751
vt 0.217736 0.025298
vt 0.204789 0.073978
vt 0.205659 0.074659
vt 0.329039 0.069795
vt 0.207873 0.072875
vt 0.323836 0.070303
vt 0.324442 0.069519
vt 0.326483 0.071849
vt 0.206449 0.023827
vt 0.208598 0.025252
vt 0.325523 0.018293
vt 0.327930 0.017389
vt 0.200217 0.019250
vt 0.203899 0.019832
vt 0.325067 0.017494
vt 0.330940 0.016639
vt 0.241576 0.054322
vt 0.248713 0.048359
vt 0.246716 0.044919
vt 0.248862 0.044917
vt 0.248932 0.046668
vt 0.281208 0.048136
vt 0.280770 0.046405
vt 0.281400 0.044458
vt 0.233507 0.055783
vt 0.215915 0.055767
vt 0.236927 0.051034
vt 0.227398 0.062238
vt 0.220769 0.063271
vt 0.217377 0.049883
vt 0.229261 0.044791
vt 0.215951 0.035653
vt 0.197133 0.025777
vt 0.206235 0.027144
vt 0.180381 0.033819
vt 0.188000 0.028578
vt 0.186983 0.024266
vt 0.182280 0.039749
vt 0.213479 0.041615
vt 0.183211 0.046340
vt 0.156335 0.029378
vt 0.153479 0.024732
vt 0.192964 0.068607
vt 0.186791 0.065127
vt 0.154643 0.076016
vt 0.154987 0.070254
vt 0.193623 0.071788
vt 0.157629 0.062930
vt 0.191118 0.058011
vt 0.183248 0.053058
vt 0.129172 0.026146
vt 0.131055 0.037657
vt 0.127449 0.031383
vt 0.130598 0.045203
vt 0.131986 0.053192
vt 0.093287 0.039044
vt 0.096274 0.032481
vt 0.128705 0.077893
vt 0.131540 0.071739
vt 0.094944 0.068444
vt 0.130808 0.062466
vt 0.096006 0.062365
vt 0.081122 0.031704
vt 0.070063 0.037668
vt 0.094646 0.051373
vt 0.077673 0.045655
vt 0.074359 0.055931
vt 0.059089 0.052989
vt 0.061106 0.044244
vt 0.078645 0.075055
vt 0.092050 0.073864
vt 0.067151 0.069534
vt 0.078986 0.065324
vt 0.061541 0.063222
vt 0.033060 0.065945
vt 0.037656 0.064368
vt 0.046773 0.070497
vt 0.024931 0.055576
vt 0.032808 0.052494
vt 0.029040 0.061509
vt 0.036238 0.057933
vt 0.030044 0.047540
vt 0.034475 0.047401
vt 0.026448 0.050961
vt 0.046387 0.041332
vt 0.313877 0.037452
vt 0.309970 0.029964
vt 0.325173 0.030296
vt 0.319655 0.025129
vt 0.305619 0.043500
vt 0.294867 0.038557
vt 0.292735 0.045716
vt 0.283473 0.044874
vt 0.296877 0.050313
vt 0.302725 0.062542
vt 0.307899 0.055985
vt 0.308346 0.064718
vt 0.289253 0.054641
vt 0.292467 0.054097
vt 0.282809 0.047133
vt 0.321612 0.047837
vt 0.331203 0.058437
vt 0.373747 0.023786
vt 0.346659 0.022064
vt 0.366323 0.020475
vt 0.361322 0.034159
vt 0.346682 0.027738
vt 0.342866 0.037792
vt 0.342050 0.051409
vt 0.331359 0.023127
vt 0.341280 0.070897
vt 0.359705 0.067423
vt 0.374297 0.072251
vt 0.335825 0.066460
vt 0.321480 0.066961
vt 0.356928 0.060667
vt 0.362154 0.045963
vt 0.363970 0.055637
vt 0.406419 0.028587
vt 0.401285 0.022358
vt 0.423140 0.025116
vt 0.383877 0.017496
vt 0.407683 0.019064
vt 0.418278 0.049679
vt 0.402000 0.044920
vt 0.421614 0.035687
vt 0.406023 0.035553
vt 0.382141 0.028466
vt 0.382651 0.039210
vt 0.405692 0.071308
vt 0.424858 0.065003
vt 0.429187 0.068434
vt 0.388151 0.072317
vt 0.398698 0.066712
vt 0.375813 0.066951
vt 0.381980 0.051706
vt 0.381174 0.060682
vt 0.403474 0.054580
vt 0.407004 0.061396
vt 0.442513 0.027653
vt 0.449372 0.022554
vt 0.463908 0.028599
vt 0.468428 0.025693
vt 0.462129 0.033816
vt 0.431478 0.021628
vt 0.461575 0.041247
vt 0.439061 0.032718
vt 0.438661 0.042035
vt 0.463160 0.058401
vt 0.475085 0.058395
vt 0.443725 0.062233
vt 0.429212 0.059282
vt 0.437257 0.052652
vt 0.467987 0.050484
vt 0.488744 0.051222
vt 0.487041 0.043142
vt 0.499843 0.050285
vt 0.488176 0.030997
vt 0.486649 0.035172
vt 0.498384 0.032810
vt 0.241309 0.052033
vt 0.241576 0.054322
vt 0.285652 0.053255
vt 0.282485 0.048346
vt 0.288438 0.055868
vt 0.079464 0.030075
vt 0.054257 0.036236
vt 0.076623 0.029087
vt 0.033041 0.045178
vt 0.029428 0.046234
vt 0.040435 0.040988
vt 0.492682 0.029502
vt 0.470114 0.021028
vt 0.472387 0.023851
vt 0.448881 0.018983
vt 0.490114 0.026992
vt 0.144410 0.082815
vt 0.127136 0.085319
vt 0.120822 0.082083
vt 0.163120 0.078906
vt 0.138549 0.080634
vt 0.162916 0.082531
vt 0.146843 0.085371
vt 0.370383 0.075639
vt 0.387723 0.076971
vt 0.405090 0.076859
vt 0.421728 0.071999
vt 0.023524 0.051677
vt 0.024166 0.049858
vt 0.020709 0.053977
vt 0.511499 0.038456
vt 0.506825 0.040220
vt 0.504939 0.035586
vt 0.502902 0.032138
vt 0.209938 0.067927
vt 0.226590 0.066163
vt 0.210229 0.070734
vt 0.231049 0.060633
vt 0.299036 0.063068
vt 0.299291 0.061839
vt 0.239823 0.037382
vt 0.242643 0.039774
vt 0.238218 0.038432
vt 0.289634 0.037991
vt 0.293507 0.037162
vt 0.238750 0.042789
vt 0.246443 0.047946
vt 0.282499 0.044525
vt 0.237498 0.039583
vt 0.227684 0.035908
vt 0.218608 0.030608
vt 0.158488 0.020810
vt 0.142430 0.018350
vt 0.157914 0.018040
vt 0.139841 0.021696
vt 0.119907 0.023241
vt 0.100483 0.023722
vt 0.422363 0.015233
vt 0.387996 0.013919
vt 0.408380 0.016105
vt 0.371773 0.012131
vt 0.370802 0.013814
vt 0.365203 0.016746
vt 0.027813 0.064970
vt 0.026463 0.062597
vt 0.510056 0.046380
vt 0.508600 0.044940
vt 0.021495 0.058767
vt 0.022115 0.055078
vt 0.023792 0.059380
vt 0.097566 0.081817
vt 0.078980 0.080514
vt 0.072771 0.077775
vt 0.104631 0.084601
vt 0.441269 0.069292
vt 0.451736 0.068917
vt 0.456224 0.065715
vt 0.477384 0.061469
vt 0.225898 0.031332
vt 0.212847 0.026445
vt 0.220679 0.027191
vt 0.193657 0.074923
vt 0.209050 0.070483
vt 0.206007 0.070547
vt 0.341112 0.073458
vt 0.372579 0.077187
vt 0.340879 0.072507
vt 0.366300 0.073443
vt 0.035585 0.068351
vt 0.054938 0.074790
vt 0.483977 0.057656
vt 0.497784 0.053645
vt 0.201815 0.020384
vt 0.204255 0.021396
vt 0.204295 0.024421
vt 0.186278 0.021587
vt 0.187687 0.019331
vt 0.343064 0.016274
vt 0.340111 0.018076
vt 0.318437 0.022670
vt 0.323686 0.021521
vt 0.320914 0.021134
vt 0.322472 0.020632
vt 0.431544 0.018940
vt 0.428776 0.013957
vt 0.302023 0.064394
vt 0.301650 0.064988
vt 0.303680 0.066516
vt 0.305849 0.067095
vt 0.321692 0.069013
vt 0.229119 0.063162
vt 0.308789 0.026927
vt 0.309333 0.024752
vt 0.315300 0.024408
vt 0.312185 0.023545
vt 0.303138 0.028634
vt 0.305769 0.027168
vt 0.302672 0.029975
vt 0.223196 0.029247
vt 0.219156 0.026083
vt 0.221994 0.026800
vt 0.306005 0.025941
vt 0.307804 0.024751
vt 0.217736 0.025298
vt 0.204789 0.073978
vt 0.205659 0.074659
vt 0.193978 0.076270
vt 0.329039 0.069795
vt 0.207873 0.072875
vt 0.324442 0.069519
vt 0.326925 0.071501
vt 0.323836 0.070303
vt 0.198461 0.019836
vt 0.206449 0.023827
vt 0.208598 0.025252
vt 0.325523 0.018293
vt 0.327930 0.017389
vt 0.200217 0.019250
vt 0.205500 0.020927
vt 0.325067 0.017494
vt 0.330940 0.016639
vt 0.247271 0.044737
vt 0.245821 0.045214
vt 0.248713 0.048359
vt 0.248862 0.044917
vt 0.248932 0.046668
vt 0.281208 0.048136
vt 0.281339 0.046200
vt 0.280533 0.046490
vt 0.281400 0.044458
vt 0.233507 0.055783
vt 0.216580 0.054726
vt 0.236927 0.051033
vt 0.227398 0.062238
vt 0.220768 0.063271
vt 0.217377 0.049882
vt 0.229262 0.044791
vt 0.212300 0.032755
vt 0.197133 0.025777
vt 0.206236 0.027144
vt 0.180381 0.033819
vt 0.188000 0.028578
vt 0.186982 0.024266
vt 0.217603 0.036964
vt 0.182280 0.039749
vt 0.213479 0.041615
vt 0.183211 0.046340
vt 0.156335 0.029378
vt 0.153479 0.024732
vt 0.192964 0.068607
vt 0.186791 0.065128
vt 0.213677 0.059267
vt 0.191117 0.058011
vt 0.154643 0.076016
vt 0.154987 0.070255
vt 0.193623 0.071788
vt 0.157629 0.062930
vt 0.183248 0.053058
vt 0.129171 0.026146
vt 0.131054 0.037657
vt 0.127449 0.031383
vt 0.130598 0.045203
vt 0.131986 0.053192
vt 0.093287 0.039044
vt 0.096274 0.032481
vt 0.128705 0.077893
vt 0.131540 0.071739
vt 0.094944 0.068444
vt 0.130808 0.062466
vt 0.096005 0.062365
vt 0.081122 0.031704
vt 0.070063 0.037668
vt 0.094645 0.051373
vt 0.077673 0.045655
vt 0.074359 0.055930
vt 0.059089 0.052989
vt 0.061105 0.044244
vt 0.078644 0.075055
vt 0.092050 0.073864
vt 0.067151 0.069534
vt 0.078986 0.065324
vt 0.061540 0.063222
vt 0.033060 0.065945
vt 0.037656 0.064368
vt 0.046773 0.070497
vt 0.024931 0.055576
vt 0.032808 0.052494
vt 0.029040 0.061509
vt 0.036238 0.057933
vt 0.032654 0.046374
vt 0.034475 0.047401
vt 0.046387 0.041332
vt 0.313877 0.037452
vt 0.309970 0.029964
vt 0.323862 0.028835
vt 0.319655 0.025129
vt 0.305619 0.043500
vt 0.294867 0.038557
vt 0.292735 0.045716
vt 0.283473 0.044874
vt 0.296877 0.050313
vt 0.302725 0.062541
vt 0.307900 0.055985
vt 0.308346 0.064718
vt 0.289253 0.054641
vt 0.292467 0.054098
vt 0.282809 0.047133
vt 0.321612 0.047837
vt 0.331203 0.058438
vt 0.373747 0.023786
vt 0.346659 0.022064
vt 0.366323 0.020475
vt 0.361322 0.034159
vt 0.346682 0.027739
vt 0.342865 0.037792
vt 0.342050 0.051409
vt 0.331359 0.023127
vt 0.347334 0.069648
vt 0.359705 0.067423
vt 0.370611 0.071087
vt 0.335825 0.066460
vt 0.321481 0.066961
vt 0.356928 0.060667
vt 0.362154 0.045963
vt 0.363970 0.055637
vt 0.406419 0.028587
vt 0.401285 0.022358
vt 0.423140 0.025116
vt 0.383877 0.017496
vt 0.407683 0.019064
vt 0.418278 0.049679
vt 0.402001 0.044920
vt 0.421614 0.035687
vt 0.383601 0.043185
vt 0.381809 0.035687
vt 0.406023 0.035553
vt 0.382141 0.028466
vt 0.392492 0.065030
vt 0.407004 0.061396
vt 0.402755 0.067812
vt 0.405692 0.071308
vt 0.424858 0.065003
vt 0.369184 0.065190
vt 0.381174 0.060682
vt 0.381712 0.068519
vt 0.388151 0.072317
vt 0.381981 0.051706
vt 0.403474 0.054580
vt 0.442513 0.027653
vt 0.449372 0.022554
vt 0.468428 0.025693
vt 0.462129 0.033816
vt 0.431478 0.021628
vt 0.461575 0.041247
vt 0.439061 0.032718
vt 0.438661 0.042035
vt 0.448777 0.064615
vt 0.475085 0.058395
vt 0.443725 0.062233
vt 0.429212 0.059282
vt 0.450828 0.056388
vt 0.437258 0.052652
vt 0.462171 0.049812
vt 0.475046 0.051301
vt 0.488744 0.051222
vt 0.487041 0.043142
vt 0.501365 0.046583
vt 0.488176 0.030997
vt 0.486649 0.035172
vt 0.498384 0.032810
vt 0.241309 0.052033
vt 0.241576 0.054323
vt 0.282485 0.048346
vt 0.288438 0.055868
vt 0.079464 0.030075
vt 0.054257 0.036236
vt 0.076623 0.029087
vt 0.033041 0.045178
vt 0.029428 0.046234
vt 0.040435 0.040988
vt 0.492682 0.029502
vt 0.470114 0.021028
vt 0.472387 0.023851
vt 0.457397 0.020323
vt 0.490114 0.026992
vt 0.144411 0.082815
vt 0.120822 0.082083
vt 0.163120 0.078906
vt 0.138549 0.080634
vt 0.162916 0.082531
vt 0.146843 0.085371
vt 0.370383 0.075639
vt 0.380071 0.074073
vt 0.387723 0.076971
vt 0.405090 0.076859
vt 0.429002 0.072979
vt 0.023524 0.051677
vt 0.024166 0.049858
vt 0.027229 0.048798
vt 0.020947 0.052815
vt 0.022115 0.055078
vt 0.020521 0.054899
vt 0.511354 0.037037
vt 0.506825 0.040220
vt 0.504939 0.035586
vt 0.209938 0.067927
vt 0.226590 0.066163
vt 0.210689 0.069929
vt 0.231049 0.060633
vt 0.299036 0.063068
vt 0.299291 0.061838
vt 0.239823 0.037382
vt 0.242643 0.039774
vt 0.238218 0.038432
vt 0.289634 0.037991
vt 0.293507 0.037162
vt 0.238750 0.042789
vt 0.245824 0.047366
vt 0.282499 0.044525
vt 0.237498 0.039583
vt 0.227684 0.035908
vt 0.218608 0.030608
vt 0.158488 0.020810
vt 0.142430 0.018350
vt 0.157914 0.018040
vt 0.139841 0.021696
vt 0.125692 0.019796
vt 0.119907 0.023241
vt 0.100483 0.023722
vt 0.422363 0.015233
vt 0.387996 0.013919
vt 0.408380 0.016105
vt 0.371773 0.012131
vt 0.370802 0.013814
vt 0.365203 0.016746
vt 0.027813 0.064970
vt 0.505259 0.049654
vt 0.510056 0.046380
vt 0.508600 0.044940
vt 0.511614 0.039581
vt 0.021495 0.058767
vt 0.023792 0.059380
vt 0.097566 0.081817
vt 0.078980 0.080514
vt 0.072771 0.077775
vt 0.104631 0.084601
vt 0.441269 0.069292
vt 0.456224 0.065715
vt 0.477384 0.061469
vt 0.225898 0.031332
vt 0.212847 0.026445
vt 0.220679 0.027191
vt 0.193657 0.074923
vt 0.209050 0.070483
vt 0.206007 0.070547
vt 0.341112 0.073458
vt 0.372580 0.077187
vt 0.340879 0.072507
vt 0.338836 0.071401
vt 0.035585 0.068351
vt 0.054938 0.074790
vt 0.489173 0.055889
vt 0.497784 0.053645
vt 0.201815 0.020384
vt 0.204255 0.021396
vt 0.204295 0.024421
vt 0.186279 0.021587
vt 0.187687 0.019331
vt 0.343064 0.016274
vt 0.340111 0.018076
vt 0.318437 0.022670
vt 0.323686 0.021521
vt 0.320914 0.021134
vt 0.322472 0.020632
vt 0.450757 0.017132
vt 0.443209 0.018090
vt 0.302023 0.064394
vt 0.301650 0.064988
vt 0.303613 0.066308
vt 0.305513 0.067287
vt 0.305849 0.067095
vt 0.321691 0.069012
vt 0.229119 0.063162
vt 0.303743 0.066716
vt 0.308789 0.026927
vt 0.309333 0.024752
vt 0.315300 0.024408
vt 0.312185 0.023545
vt 0.303138 0.028634
vt 0.305769 0.027168
vt 0.302672 0.029975
vt 0.223196 0.029247
vt 0.219156 0.026083
vt 0.221994 0.026800
vt 0.310378 0.023640
vt 0.306005 0.025941
vt 0.307804 0.024751
vt 0.204789 0.073978
vt 0.205659 0.074659
vt 0.193978 0.076270
vt 0.323112 0.070155
vt 0.329039 0.069795
vt 0.207873 0.072875
vt 0.324442 0.069519
vt 0.326925 0.071501
vt 0.210110 0.070940
vt 0.198461 0.019836
vt 0.206449 0.023827
vt 0.208598 0.025252
vt 0.325523 0.018293
vt 0.327930 0.017389
vt 0.200217 0.019250
vt 0.205500 0.020927
vt 0.325067 0.017494
vt 0.330940 0.016639
vt 0.247271 0.044737
vt 0.245822 0.045214
vt 0.246921 0.048394
vt 0.248713 0.048359
vt 0.248862 0.044917
vt 0.248932 0.046668
vt 0.281208 0.048136
vt 0.281339 0.046201
vt 0.280533 0.046490
vt 0.233507 0.055783
vt 0.215914 0.055767
vt 0.236927 0.051033
vt 0.227398 0.062238
vt 0.220768 0.063271
vt 0.217377 0.049883
vt 0.229261 0.044791
vt 0.215952 0.035654
vt 0.192666 0.025112
vt 0.205062 0.025497
vt 0.180381 0.033819
vt 0.188000 0.028578
vt 0.182280 0.039749
vt 0.213479 0.041615
vt 0.183211 0.046340
vt 0.156335 0.029378
vt 0.153479 0.024732
vt 0.192964 0.068607
vt 0.186790 0.065128
vt 0.154643 0.076016
vt 0.154987 0.070255
vt 0.193623 0.071788
vt 0.157630 0.062930
vt 0.191118 0.058011
vt 0.183248 0.053059
vt 0.129171 0.026146
vt 0.131054 0.037657
vt 0.127448 0.031383
vt 0.131017 0.045274
vt 0.131987 0.053192
vt 0.094691 0.049520
vt 0.093287 0.039044
vt 0.096274 0.032481
vt 0.128705 0.077893
vt 0.131540 0.071739
vt 0.089247 0.068933
vt 0.130808 0.062466
vt 0.095554 0.058784
vt 0.081122 0.031704
vt 0.070063 0.037668
vt 0.077673 0.045655
vt 0.076391 0.059069
vt 0.059089 0.052989
vt 0.061105 0.044244
vt 0.078645 0.075055
vt 0.092050 0.073864
vt 0.067150 0.069534
vt 0.061541 0.063222
vt 0.033060 0.065945
vt 0.037656 0.064368
vt 0.046773 0.070497
vt 0.024931 0.055576
vt 0.032808 0.052494
vt 0.029040 0.061509
vt 0.036238 0.057933
vt 0.030044 0.047540
vt 0.034475 0.047401
vt 0.026448 0.050961
vt 0.046387 0.041332
vt 0.313876 0.037452
vt 0.309971 0.029964
vt 0.325173 0.030296
vt 0.319655 0.025129
vt 0.305618 0.043500
vt 0.294867 0.038557
vt 0.294642 0.047832
vt 0.283473 0.044874
vt 0.302725 0.062542
vt 0.307900 0.055985
vt 0.308346 0.064718
vt 0.289253 0.054641
vt 0.292468 0.054098
vt 0.321612 0.047837
vt 0.331203 0.058438
vt 0.373747 0.023786
vt 0.346659 0.022064
vt 0.366323 0.020475
vt 0.361321 0.034159
vt 0.346682 0.027738
vt 0.342866 0.037792
vt 0.342050 0.051409
vt 0.331359 0.023127
vt 0.341281 0.070897
vt 0.359705 0.067423
vt 0.374297 0.072251
vt 0.335825 0.066460
vt 0.321480 0.066961
vt 0.356928 0.060667
vt 0.362154 0.045963
vt 0.363970 0.055637
vt 0.406419 0.028587
vt 0.404098 0.020910
vt 0.423140 0.025116
vt 0.418278 0.049679
vt 0.402000 0.044920
vt 0.421614 0.035687
vt 0.406023 0.035553
vt 0.382141 0.028467
vt 0.382651 0.039210
vt 0.383877 0.017496
vt 0.405692 0.071308
vt 0.424858 0.065003
vt 0.388151 0.072317
vt 0.398698 0.066712
vt 0.375812 0.066951
vt 0.381980 0.051706
vt 0.381174 0.060682
vt 0.403474 0.054580
vt 0.407004 0.061396
vt 0.442513 0.027653
vt 0.463908 0.028599
vt 0.462129 0.033816
vt 0.431502 0.020679
vt 0.461575 0.041247
vt 0.439061 0.032718
vt 0.438661 0.042035
vt 0.448777 0.064615
vt 0.443725 0.062233
vt 0.429212 0.059282
vt 0.450828 0.056388
vt 0.437258 0.052652
vt 0.467987 0.050485
vt 0.488744 0.051222
vt 0.487041 0.043142
vt 0.501365 0.046583
vt 0.488176 0.030997
vt 0.486649 0.035172
vt 0.498384 0.032810
vt 0.499521 0.038474
vt 0.241160 0.052404
vt 0.241576 0.054322
vt 0.285652 0.053255
vt 0.282485 0.048346
vt 0.288438 0.055868
vt 0.079463 0.030075
vt 0.054257 0.036236
vt 0.076623 0.029087
vt 0.033041 0.045178
vt 0.029428 0.046234
vt 0.040436 0.040988
vt 0.491514 0.028361
vt 0.470114 0.021028
vt 0.472387 0.023851
vt 0.448881 0.018983
vt 0.144410 0.082815
vt 0.127136 0.085319
vt 0.130443 0.081297
vt 0.163120 0.078906
vt 0.162916 0.082531
vt 0.146842 0.085371
vt 0.370383 0.075639
vt 0.387723 0.076971
vt 0.400743 0.074911
vt 0.405090 0.076859
vt 0.421728 0.071999
vt 0.429002 0.072979
vt 0.023524 0.051677
vt 0.024166 0.049858
vt 0.020709 0.053978
vt 0.511499 0.038456
vt 0.504939 0.035586
vt 0.502902 0.032138
vt 0.209938 0.067927
vt 0.226590 0.066163
vt 0.210229 0.070734
vt 0.231049 0.060633
vt 0.299036 0.063068
vt 0.299291 0.061839
vt 0.239823 0.037382
vt 0.242643 0.039774
vt 0.238218 0.038432
vt 0.289634 0.037991
vt 0.293507 0.037162
vt 0.238722 0.042748
vt 0.245042 0.047862
vt 0.281618 0.044542
vt 0.234803 0.038574
vt 0.218608 0.030608
vt 0.158488 0.020810
vt 0.142430 0.018350
vt 0.157914 0.018040
vt 0.139841 0.021696
vt 0.125692 0.019796
vt 0.119907 0.023241
vt 0.100483 0.023722
vt 0.422362 0.015233
vt 0.387996 0.013919
vt 0.408380 0.016105
vt 0.370802 0.013814
vt 0.365203 0.016746
vt 0.030564 0.066167
vt 0.026463 0.062597
vt 0.510056 0.046380
vt 0.508600 0.044940
vt 0.021495 0.058767
vt 0.022115 0.055078
vt 0.023792 0.059380
vt 0.097566 0.081817
vt 0.078980 0.080514
vt 0.072771 0.077775
vt 0.104631 0.084601
vt 0.441269 0.069292
vt 0.456224 0.065715
vt 0.477384 0.061469
vt 0.225898 0.031332
vt 0.212847 0.026445
vt 0.220679 0.027191
vt 0.209050 0.070483
vt 0.206007 0.070547
vt 0.341112 0.073458
vt 0.340880 0.072507
vt 0.366300 0.073443
vt 0.054938 0.074790
vt 0.201815 0.020384
vt 0.204255 0.021396
vt 0.186279 0.021587
vt 0.187687 0.019331
vt 0.343064 0.016274
vt 0.340111 0.018076
vt 0.318437 0.022670
vt 0.323686 0.021521
vt 0.320914 0.021134
vt 0.428776 0.013957
vt 0.302023 0.064394
vt 0.301650 0.064988
vt 0.305513 0.067287
vt 0.305849 0.067095
vt 0.321691 0.069013
vt 0.229119 0.063162
vt 0.308788 0.026927
vt 0.309333 0.024752
vt 0.315300 0.024408
vt 0.312185 0.023545
vt 0.303138 0.028634
vt 0.305769 0.027168
vt 0.302672 0.029975
vt 0.219156 0.026083
vt 0.221994 0.026800
vt 0.310378 0.023640
vt 0.306005 0.025941
vt 0.307804 0.024751
vt 0.217736 0.025298
vt 0.204789 0.073978
vt 0.205659 0.074659
vt 0.193978 0.076270
vt 0.329039 0.069795
vt 0.207873 0.072875
vt 0.324442 0.069519
vt 0.326925 0.071501
vt 0.326311 0.071984
vt 0.323836 0.070303
vt 0.198461 0.019836
vt 0.206449 0.023827
vt 0.208598 0.025252
vt 0.327930 0.017389
vt 0.200217 0.019250
vt 0.203899 0.019832
vt 0.325067 0.017494
vt 0.330940 0.016639
vt 0.247113 0.047761
vt 0.248713 0.048359
vt 0.245933 0.044964
vt 0.281208 0.048136
vt 0.280810 0.046391
vt 0.282809 0.047133
vt 0.249042 0.044975
vt 0.249204 0.046663
vt 0.247637 0.044626
vt 0.233507 0.055783
vt 0.215915 0.055767
vt 0.236927 0.051033
vt 0.227398 0.062238
vt 0.220768 0.063271
vt 0.217377 0.049882
vt 0.229261 0.044791
vt 0.215951 0.035653
vt 0.192666 0.025112
vt 0.205062 0.025497
vt 0.180381 0.033819
vt 0.188000 0.028578
vt 0.182280 0.039749
vt 0.213479 0.041615
vt 0.183210 0.046340
vt 0.156335 0.029378
vt 0.153479 0.024732
vt 0.192964 0.068607
vt 0.186790 0.065127
vt 0.154643 0.076016
vt 0.154988 0.070254
vt 0.193623 0.071788
vt 0.157629 0.062930
vt 0.191118 0.058011
vt 0.183248 0.053059
vt 0.129171 0.026146
vt 0.131055 0.037657
vt 0.127449 0.031383
vt 0.130598 0.045203
vt 0.131987 0.053192
vt 0.093287 0.039044
vt 0.096274 0.032481
vt 0.128706 0.077893
vt 0.131540 0.071739
vt 0.094944 0.068444
vt 0.130808 0.062466
vt 0.096005 0.062365
vt 0.081122 0.031704
vt 0.070063 0.037668
vt 0.094645 0.051373
vt 0.077673 0.045655
vt 0.074359 0.055931
vt 0.059089 0.052989
vt 0.061105 0.044244
vt 0.078644 0.075055
vt 0.092050 0.073864
vt 0.067151 0.069534
vt 0.078986 0.065324
vt 0.061540 0.063222
vt 0.033060 0.065945
vt 0.037656 0.064368
vt 0.046773 0.070497
vt 0.024931 0.055576
vt 0.032808 0.052494
vt 0.029040 0.061509
vt 0.036238 0.057933
vt 0.030044 0.047540
vt 0.034475 0.047401
vt 0.026448 0.050961
vt 0.046387 0.041332
vt 0.313877 0.037452
vt 0.309970 0.029964
vt 0.325173 0.030296
vt 0.319655 0.025129
vt 0.305619 0.043500
vt 0.294867 0.038557
vt 0.294642 0.047832
vt 0.282933 0.044680
vt 0.302725 0.062542
vt 0.307899 0.055985
vt 0.308345 0.064718
vt 0.289253 0.054641
vt 0.292467 0.054097
vt 0.321612 0.047837
vt 0.331203 0.058438
vt 0.373747 0.023786
vt 0.346659 0.022064
vt 0.366323 0.020475
vt 0.361322 0.034159
vt 0.346682 0.027738
vt 0.342866 0.037792
vt 0.342049 0.051409
vt 0.331359 0.023127
vt 0.341281 0.070897
vt 0.359705 0.067423
vt 0.374297 0.072251
vt 0.335825 0.066460
vt 0.356928 0.060667
vt 0.362154 0.045963
vt 0.363970 0.055637
vt 0.406419 0.028587
vt 0.404098 0.020910
vt 0.423140 0.025116
vt 0.418278 0.049679
vt 0.402000 0.044920
vt 0.421614 0.035687
vt 0.406023 0.035553
vt 0.382141 0.028467
vt 0.382651 0.039210
vt 0.383877 0.017496
vt 0.405692 0.071308
vt 0.424858 0.065003
vt 0.388151 0.072317
vt 0.398698 0.066712
vt 0.375812 0.066951
vt 0.381981 0.051706
vt 0.381174 0.060682
vt 0.403474 0.054580
vt 0.407004 0.061396
vt 0.442513 0.027653
vt 0.449372 0.022554
vt 0.463908 0.028599
vt 0.468428 0.025693
vt 0.462129 0.033816
vt 0.431502 0.020679
vt 0.461575 0.041247
vt 0.439061 0.032718
vt 0.438661 0.042035
vt 0.463160 0.058401
vt 0.475085 0.058395
vt 0.443725 0.062233
vt 0.429212 0.059282
vt 0.450828 0.056388
vt 0.437258 0.052652
vt 0.467987 0.050484
vt 0.488744 0.051222
vt 0.487041 0.043142
vt 0.488176 0.030997
vt 0.486649 0.035172
vt 0.498384 0.032810
vt 0.499521 0.038474
vt 0.241309 0.052033
vt 0.241575 0.054322
vt 0.285652 0.053255
vt 0.282485 0.048346
vt 0.288438 0.055868
vt 0.079463 0.030075
vt 0.054257 0.036236
vt 0.076623 0.029087
vt 0.033041 0.045178
vt 0.029428 0.046234
vt 0.040436 0.040988
vt 0.470114 0.021028
vt 0.472387 0.023851
vt 0.448881 0.018983
vt 0.144410 0.082815
vt 0.127136 0.085319
vt 0.130444 0.081297
vt 0.163120 0.078906
vt 0.162916 0.082531
vt 0.370383 0.075639
vt 0.387723 0.076971
vt 0.400743 0.074911
vt 0.405090 0.076859
vt 0.429002 0.072979
vt 0.023524 0.051677
vt 0.024166 0.049858
vt 0.020709 0.053978
vt 0.511499 0.038456
vt 0.504939 0.035586
vt 0.209938 0.067927
vt 0.226590 0.066163
vt 0.210229 0.070734
vt 0.231049 0.060633
vt 0.299036 0.063068
vt 0.239823 0.037382
vt 0.242643 0.039774
vt 0.238218 0.038432
vt 0.289634 0.037991
vt 0.293507 0.037162
vt 0.238750 0.042789
vt 0.246443 0.047946
vt 0.234803 0.038574
vt 0.218608 0.030608
vt 0.158488 0.020810
vt 0.142430 0.018350
vt 0.157914 0.018040
vt 0.139841 0.021696
vt 0.125692 0.019796
vt 0.119907 0.023241
vt 0.100483 0.023722
vt 0.403861 0.011710
vt 0.422363 0.015233
vt 0.387996 0.013919
vt 0.408380 0.016105
vt 0.371773 0.012131
vt 0.370802 0.013814
vt 0.365203 0.016746
vt 0.030564 0.066167
vt 0.026463 0.062597
vt 0.502613 0.051067
vt 0.512665 0.042562
vt 0.021495 0.058767
vt 0.022115 0.055078
vt 0.023792 0.059380
vt 0.097566 0.081817
vt 0.078980 0.080514
vt 0.072771 0.077775
vt 0.104631 0.084601
vt 0.441269 0.069292
vt 0.451737 0.068917
vt 0.456224 0.065715
vt 0.477384 0.061469
vt 0.225898 0.031332
vt 0.212847 0.026445
vt 0.220679 0.027191
vt 0.193657 0.074923
vt 0.209050 0.070483
vt 0.206007 0.070547
vt 0.372579 0.077187
vt 0.054938 0.074790
vt 0.483977 0.057656
vt 0.201815 0.020384
vt 0.204255 0.021396
vt 0.186279 0.021587
vt 0.187687 0.019331
vt 0.343064 0.016274
vt 0.340111 0.018076
vt 0.318437 0.022670
vt 0.323686 0.021522
vt 0.320914 0.021134
vt 0.322472 0.020632
vt 0.428776 0.013957
vt 0.302023 0.064394
vt 0.301650 0.064988
vt 0.303680 0.066516
vt 0.305849 0.067095
vt 0.321691 0.069013
vt 0.229119 0.063162
vt 0.308788 0.026927
vt 0.309333 0.024752
vt 0.315300 0.024408
vt 0.312185 0.023545
vt 0.303138 0.028634
vt 0.305769 0.027168
vt 0.302672 0.029975
vt 0.223196 0.029247
vt 0.219156 0.026083
vt 0.221994 0.026800
vt 0.310378 0.023640
vt 0.306005 0.025941
vt 0.307804 0.024751
vt 0.204789 0.073978
vt 0.193978 0.076270
vt 0.329039 0.069795
vt 0.207873 0.072875
vt 0.324442 0.069519
vt 0.326925 0.071501
vt 0.326311 0.071984
vt 0.323836 0.070303
vt 0.198461 0.019836
vt 0.206449 0.023827
vt 0.208598 0.025252
vt 0.325523 0.018293
vt 0.327930 0.017389
vt 0.200217 0.019250
vt 0.203899 0.019832
vt 0.205500 0.020927
vt 0.325067 0.017494
vt 0.330940 0.016639
vt 0.248713 0.048359
vt 0.246716 0.044920
vt 0.248862 0.044917
vt 0.248932 0.046668
vt 0.281208 0.048136
vt 0.281339 0.046201
vt 0.280533 0.046490
vt 0.281400 0.044458
vt 0.282809 0.047133
vt 0.233507 0.055783
vt 0.215914 0.055767
vt 0.236928 0.051033
vt 0.227398 0.062238
vt 0.220769 0.063271
vt 0.217377 0.049882
vt 0.229261 0.044791
vt 0.215951 0.035653
vt 0.192666 0.025112
vt 0.205062 0.025497
vt 0.180381 0.033819
vt 0.188000 0.028578
vt 0.182280 0.039749
vt 0.213479 0.041615
vt 0.183211 0.046340
vt 0.156335 0.029378
vt 0.153479 0.024732
vt 0.192964 0.068607
vt 0.186790 0.065127
vt 0.154643 0.076016
vt 0.154987 0.070255
vt 0.193623 0.071788
vt 0.157630 0.062930
vt 0.191118 0.058011
vt 0.183248 0.053059
vt 0.129172 0.026146
vt 0.131055 0.037657
vt 0.127449 0.031383
vt 0.130597 0.045203
vt 0.131986 0.053192
vt 0.093287 0.039044
vt 0.096274 0.032481
vt 0.128705 0.077893
vt 0.131540 0.071740
vt 0.094944 0.068444
vt 0.130808 0.062466
vt 0.096005 0.062365
vt 0.081122 0.031704
vt 0.070063 0.037668
vt 0.094646 0.051373
vt 0.077673 0.045655
vt 0.074359 0.055931
vt 0.059090 0.052989
vt 0.061105 0.044244
vt 0.078644 0.075055
vt 0.092050 0.073864
vt 0.067150 0.069534
vt 0.078986 0.065324
vt 0.061540 0.063222
vt 0.033060 0.065945
vt 0.037656 0.064368
vt 0.046773 0.070497
vt 0.024931 0.055576
vt 0.032808 0.052494
vt 0.029040 0.061509
vt 0.036238 0.057933
vt 0.030044 0.047540
vt 0.034475 0.047401
vt 0.026448 0.050961
vt 0.046387 0.041332
vt 0.313876 0.037452
vt 0.309970 0.029964
vt 0.325173 0.030296
vt 0.319655 0.025129
vt 0.305619 0.043500
vt 0.294867 0.038557
vt 0.294642 0.047833
vt 0.282933 0.044680
vt 0.302725 0.062542
vt 0.307899 0.055985
vt 0.308346 0.064718
vt 0.289253 0.054641
vt 0.292467 0.054097
vt 0.321612 0.047837
vt 0.331202 0.058438
vt 0.373747 0.023786
vt 0.346659 0.022064
vt 0.366323 0.020476
vt 0.361322 0.034159
vt 0.346682 0.027739
vt 0.342865 0.037792
vt 0.342050 0.051408
vt 0.331359 0.023127
vt 0.341281 0.070897
vt 0.359705 0.067423
vt 0.374297 0.072251
vt 0.335825 0.066460
vt 0.321481 0.066961
vt 0.356928 0.060667
vt 0.362154 0.045963
vt 0.363971 0.055637
vt 0.406419 0.028587
vt 0.404098 0.020910
vt 0.423140 0.025116
vt 0.418278 0.049679
vt 0.402001 0.044920
vt 0.421614 0.035687
vt 0.406023 0.035553
vt 0.382141 0.028466
vt 0.383877 0.017496
vt 0.405692 0.071308
vt 0.424858 0.065003
vt 0.388151 0.072317
vt 0.398698 0.066712
vt 0.375812 0.066951
vt 0.381981 0.051706
vt 0.381174 0.060682
vt 0.403474 0.054580
vt 0.407004 0.061396
vt 0.449372 0.022554
vt 0.463908 0.028599
vt 0.468428 0.025693
vt 0.431501 0.020679
vt 0.461575 0.041247
vt 0.439061 0.032718
vt 0.438661 0.042035
vt 0.463160 0.058401
vt 0.475085 0.058395
vt 0.429212 0.059282
vt 0.450828 0.056388
vt 0.437258 0.052652
vt 0.467987 0.050485
vt 0.488744 0.051222
vt 0.487041 0.043142
vt 0.499843 0.050285
vt 0.488176 0.030997
vt 0.486649 0.035172
vt 0.499521 0.038474
vt 0.241309 0.052033
vt 0.241576 0.054323
vt 0.285652 0.053255
vt 0.288438 0.055867
vt 0.079463 0.030075
vt 0.054257 0.036236
vt 0.076623 0.029087
vt 0.029428 0.046234
vt 0.040436 0.040988
vt 0.491514 0.028361
vt 0.470114 0.021028
vt 0.472387 0.023851
vt 0.448881 0.018983
vt 0.144410 0.082815
vt 0.127136 0.085319
vt 0.130443 0.081297
vt 0.163120 0.078906
vt 0.146842 0.085371
vt 0.370383 0.075639
vt 0.387723 0.076971
vt 0.405090 0.076859
vt 0.429002 0.072979
vt 0.023524 0.051677
vt 0.024166 0.049858
vt 0.020709 0.053978
vt 0.511499 0.038456
vt 0.506825 0.040220
vt 0.209938 0.067927
vt 0.226590 0.066163
vt 0.210229 0.070734
vt 0.231049 0.060633
vt 0.299036 0.063068
vt 0.299291 0.061839
vt 0.239823 0.037382
vt 0.242643 0.039773
vt 0.238218 0.038432
vt 0.289634 0.037991
vt 0.293507 0.037162
vt 0.238750 0.042789
vt 0.246443 0.047946
vt 0.234803 0.038574
vt 0.218608 0.030608
vt 0.158488 0.020810
vt 0.142430 0.018350
vt 0.157914 0.018040
vt 0.139841 0.021696
vt 0.125692 0.019796
vt 0.119907 0.023241
vt 0.100483 0.023722
vt 0.403861 0.011710
vt 0.422363 0.015233
vt 0.387996 0.013919
vt 0.408380 0.016105
vt 0.371773 0.012131
vt 0.370802 0.013814
vt 0.365203 0.016746
vt 0.030564 0.066167
vt 0.026463 0.062597
vt 0.502613 0.051067
vt 0.510056 0.046380
vt 0.021495 0.058767
vt 0.022115 0.055078
vt 0.023792 0.059380
vt 0.097566 0.081817
vt 0.072771 0.077775
vt 0.451737 0.068917
vt 0.477384 0.061469
vt 0.225898 0.031332
vt 0.212847 0.026445
vt 0.220679 0.027191
vt 0.193657 0.074923
vt 0.209050 0.070483
vt 0.206007 0.070547
vt 0.341112 0.073458
vt 0.372580 0.077187
vt 0.366300 0.073443
vt 0.054938 0.074790
vt 0.483977 0.057656
vt 0.201815 0.020384
vt 0.204255 0.021396
vt 0.186279 0.021587
vt 0.187687 0.019331
vt 0.343064 0.016274
vt 0.340111 0.018076
vt 0.318437 0.022670
vt 0.323686 0.021521
vt 0.320914 0.021134
vt 0.322472 0.020632
vt 0.428776 0.013957
vt 0.302023 0.064394
vt 0.301650 0.064988
vt 0.303680 0.066516
vt 0.305513 0.067287
vt 0.305849 0.067095
vt 0.321692 0.069013
vt 0.308788 0.026927
vt 0.309333 0.024752
vt 0.315300 0.024408
vt 0.312185 0.023545
vt 0.305769 0.027168
vt 0.302672 0.029975
vt 0.223196 0.029247
vt 0.219156 0.026083
vt 0.221994 0.026800
vt 0.310378 0.023640
vt 0.306005 0.025941
vt 0.307804 0.024751
vt 0.204789 0.073978
vt 0.205659 0.074659
vt 0.193978 0.076270
vt 0.329039 0.069795
vt 0.207873 0.072875
vt 0.324442 0.069519
vt 0.323836 0.070303
vt 0.198461 0.019836
vt 0.206449 0.023827
vt 0.208598 0.025252
vt 0.325523 0.018293
vt 0.327930 0.017389
vt 0.200217 0.019250
vt 0.203899 0.019832
vt 0.205500 0.020927
vt 0.325067 0.017494
vt 0.330940 0.016639
vt 0.248713 0.048359
vt 0.246716 0.044920
vt 0.248932 0.046668
vt 0.281208 0.048136
vt 0.281339 0.046201
vt 0.280533 0.046490
vt 0.282809 0.047133
vt 0.237298 0.053961
vt 0.215914 0.055767
vt 0.236927 0.051033
vt 0.227398 0.062238
vt 0.220769 0.063271
vt 0.217377 0.049882
vt 0.229261 0.044791
vt 0.215952 0.035654
vt 0.192666 0.025112
vt 0.205062 0.025497
vt 0.180381 0.033819
vt 0.188000 0.028578
vt 0.182280 0.039749
vt 0.213479 0.041615
vt 0.183211 0.046340
vt 0.156335 0.029378
vt 0.153478 0.024732
vt 0.154643 0.076016
vt 0.144168 0.070940
vt 0.191690 0.067889
vt 0.193623 0.071788
vt 0.183248 0.053058
vt 0.129171 0.026146
vt 0.131054 0.037657
vt 0.127449 0.031383
vt 0.130597 0.045203
vt 0.131986 0.053192
vt 0.093287 0.039044
vt 0.096274 0.032482
vt 0.128705 0.077893
vt 0.095299 0.066411
vt 0.130808 0.062466
vt 0.172762 0.060707
vt 0.081123 0.031704
vt 0.070063 0.037668
vt 0.094645 0.051373
vt 0.077673 0.045655
vt 0.074359 0.055930
vt 0.059089 0.052989
vt 0.061106 0.044244
vt 0.078644 0.075055
vt 0.092050 0.073864
vt 0.067151 0.069534
vt 0.078986 0.065324
vt 0.061541 0.063222
vt 0.033060 0.065945
vt 0.037656 0.064368
vt 0.046774 0.070497
vt 0.024931 0.055576
vt 0.032808 0.052494
vt 0.029040 0.061509
vt 0.036238 0.057933
vt 0.030044 0.047540
vt 0.034475 0.047401
vt 0.026448 0.050961
vt 0.034672 0.044708
vt 0.309055 0.040983
vt 0.309971 0.029964
vt 0.325173 0.030296
vt 0.316565 0.024617
vt 0.293862 0.037526
vt 0.294642 0.047832
vt 0.282933 0.044680
vt 0.302725 0.062542
vt 0.307900 0.055985
vt 0.308346 0.064718
vt 0.289253 0.054641
vt 0.292467 0.054098
vt 0.321612 0.047837
vt 0.331203 0.058437
vt 0.361322 0.034159
vt 0.346682 0.027738
vt 0.373747 0.023786
vt 0.342866 0.037792
vt 0.342049 0.051409
vt 0.354397 0.021439
vt 0.331359 0.023127
vt 0.341281 0.070897
vt 0.359705 0.067423
vt 0.374297 0.072251
vt 0.335826 0.066460
vt 0.321480 0.066961
vt 0.356927 0.060667
vt 0.406260 0.031379
vt 0.404098 0.020910
vt 0.423140 0.025116
vt 0.418278 0.049679
vt 0.402832 0.050371
vt 0.421614 0.035687
vt 0.382651 0.039210
vt 0.382141 0.028467
vt 0.383877 0.017496
vt 0.405692 0.071308
vt 0.424858 0.065003
vt 0.429187 0.068435
vt 0.388151 0.072317
vt 0.398698 0.066712
vt 0.375812 0.066951
vt 0.363155 0.051293
vt 0.381980 0.051706
vt 0.381174 0.060682
vt 0.407004 0.061396
vt 0.441299 0.029435
vt 0.463908 0.028599
vt 0.468428 0.025693
vt 0.461840 0.037689
vt 0.431502 0.020679
vt 0.438661 0.042035
vt 0.448777 0.064615
vt 0.463160 0.058401
vt 0.443725 0.062233
vt 0.429212 0.059282
vt 0.450828 0.056388
vt 0.437258 0.052652
vt 0.467987 0.050484
vt 0.488744 0.051222
vt 0.487041 0.043142
vt 0.501365 0.046583
vt 0.499843 0.050285
vt 0.494422 0.032106
vt 0.486649 0.035172
vt 0.499521 0.038474
vt 0.285652 0.053255
vt 0.282624 0.047826
vt 0.288438 0.055868
vt 0.054257 0.036236
vt 0.077471 0.029382
vt 0.026370 0.048340
vt 0.470114 0.021028
vt 0.472387 0.023851
vt 0.448881 0.018983
vt 0.491514 0.028361
vt 0.144410 0.082815
vt 0.130443 0.081296
vt 0.163120 0.078906
vt 0.162916 0.082531
vt 0.377119 0.076157
vt 0.425236 0.072472
vt 0.023524 0.051677
vt 0.020709 0.053978
vt 0.506825 0.040220
vt 0.505859 0.033300
vt 0.209938 0.067927
vt 0.226590 0.066163
vt 0.210229 0.070734
vt 0.231049 0.060633
vt 0.300718 0.063174
vt 0.239823 0.037382
vt 0.242643 0.039774
vt 0.238218 0.038432
vt 0.289634 0.037991
vt 0.238750 0.042789
vt 0.246443 0.047946
vt 0.234803 0.038574
vt 0.218608 0.030608
vt 0.158488 0.020810
vt 0.132494 0.019208
vt 0.157914 0.018040
vt 0.132045 0.022300
vt 0.100483 0.023722
vt 0.397041 0.011587
vt 0.422363 0.015233
vt 0.387996 0.013919
vt 0.408380 0.016105
vt 0.365203 0.016746
vt 0.371456 0.012680
vt 0.030564 0.066167
vt 0.026463 0.062597
vt 0.502613 0.051067
vt 0.510056 0.046380
vt 0.022115 0.055078
vt 0.023792 0.059380
vt 0.097566 0.081817
vt 0.078980 0.080514
vt 0.072771 0.077775
vt 0.104631 0.084601
vt 0.451737 0.068917
vt 0.225898 0.031332
vt 0.212847 0.026445
vt 0.220679 0.027191
vt 0.193808 0.075556
vt 0.209050 0.070483
vt 0.206007 0.070547
vt 0.340880 0.072507
vt 0.366300 0.073443
vt 0.054938 0.074790
vt 0.483977 0.057656
vt 0.201069 0.020262
vt 0.204833 0.021179
vt 0.186278 0.021587
vt 0.343064 0.016274
vt 0.340111 0.018076
vt 0.318437 0.022670
vt 0.323686 0.021521
vt 0.322472 0.020632
vt 0.428776 0.013957
vt 0.303680 0.066516
vt 0.305513 0.067287
vt 0.305848 0.067096
vt 0.308789 0.026927
vt 0.309333 0.024752
vt 0.312185 0.023545
vt 0.304653 0.028179
vt 0.219156 0.026083
vt 0.221994 0.026800
vt 0.310378 0.023640
vt 0.306005 0.025941
vt 0.217736 0.025298
vt 0.204789 0.073978
vt 0.205659 0.074659
vt 0.329039 0.069795
vt 0.207873 0.072875
vt 0.326483 0.071849
vt 0.206449 0.023827
vt 0.208598 0.025252
vt 0.325523 0.018293
vt 0.327930 0.017389
vt 0.200217 0.019250
vt 0.325067 0.017494
vt 0.330940 0.016639
vt 0.241576 0.054322
vt 0.248713 0.048359
vt 0.246716 0.044919
vt 0.248862 0.044917
vt 0.248932 0.046668
vt 0.281208 0.048136
vt 0.280770 0.046405
vt 0.281400 0.044458
vt 0.237298 0.053961
vt 0.215915 0.055767
vt 0.236928 0.051033
vt 0.215951 0.035653
vt 0.192666 0.025112
vt 0.205062 0.025497
vt 0.180381 0.033820
vt 0.188000 0.028578
vt 0.182280 0.039749
vt 0.213479 0.041615
vt 0.183232 0.050042
vt 0.140568 0.030472
vt 0.153479 0.024732
vt 0.154643 0.076016
vt 0.144168 0.070940
vt 0.191691 0.067889
vt 0.193623 0.071788
vt 0.222666 0.047617
vt 0.129172 0.026146
vt 0.131054 0.037657
vt 0.131475 0.049009
vt 0.094691 0.049520
vt 0.093287 0.039044
vt 0.096274 0.032482
vt 0.128705 0.077893
vt 0.089247 0.068933
vt 0.130808 0.062466
vt 0.095554 0.058784
vt 0.172761 0.060707
vt 0.081122 0.031704
vt 0.070063 0.037668
vt 0.077673 0.045655
vt 0.076391 0.059069
vt 0.059089 0.052989
vt 0.061105 0.044244
vt 0.063510 0.065438
vt 0.081917 0.074764
vt 0.033060 0.065945
vt 0.037656 0.064368
vt 0.046773 0.070497
vt 0.024333 0.057574
vt 0.032808 0.052494
vt 0.029040 0.061509
vt 0.036238 0.057933
vt 0.030044 0.047540
vt 0.034475 0.047401
vt 0.024658 0.051399
vt 0.034672 0.044708
vt 0.309055 0.040983
vt 0.309970 0.029963
vt 0.325173 0.030296
vt 0.316566 0.024617
vt 0.293863 0.037526
vt 0.294642 0.047832
vt 0.282933 0.044680
vt 0.289253 0.054641
vt 0.292467 0.054098
vt 0.307005 0.064199
vt 0.321612 0.047837
vt 0.307900 0.055985
vt 0.331203 0.058438
vt 0.361322 0.034159
vt 0.346682 0.027738
vt 0.373746 0.023786
vt 0.342866 0.037792
vt 0.342049 0.051408
vt 0.354397 0.021439
vt 0.331358 0.023127
vt 0.341281 0.070897
vt 0.359705 0.067423
vt 0.379055 0.072274
vt 0.335825 0.066460
vt 0.321481 0.066961
vt 0.356928 0.060667
vt 0.406260 0.031379
vt 0.404098 0.020910
vt 0.423141 0.025116
vt 0.418278 0.049679
vt 0.402832 0.050371
vt 0.421614 0.035687
vt 0.382651 0.039210
vt 0.382141 0.028467
vt 0.383877 0.017496
vt 0.405692 0.071308
vt 0.424858 0.065003
vt 0.429186 0.068435
vt 0.398698 0.066712
vt 0.363155 0.051293
vt 0.381980 0.051706
vt 0.381174 0.060682
vt 0.407004 0.061396
vt 0.441299 0.029435
vt 0.449372 0.022554
vt 0.463908 0.028599
vt 0.468428 0.025693
vt 0.461840 0.037689
vt 0.431501 0.020679
vt 0.438660 0.042035
vt 0.448777 0.064615
vt 0.463160 0.058401
vt 0.475085 0.058395
vt 0.447939 0.058765
vt 0.429212 0.059282
vt 0.437257 0.052652
vt 0.467987 0.050484
vt 0.488744 0.051222
vt 0.487040 0.043142
vt 0.494422 0.032106
vt 0.486649 0.035172
vt 0.499521 0.038474
vt 0.285652 0.053255
vt 0.282624 0.047826
vt 0.288438 0.055868
vt 0.054257 0.036236
vt 0.077471 0.029382
vt 0.026370 0.048340
vt 0.040436 0.040988
vt 0.470114 0.021028
vt 0.472387 0.023851
vt 0.448881 0.018983
vt 0.144411 0.082815
vt 0.130443 0.081297
vt 0.163120 0.078906
vt 0.162916 0.082531
vt 0.146843 0.085371
vt 0.377119 0.076157
vt 0.425237 0.072472
vt 0.020709 0.053977
vt 0.506825 0.040219
vt 0.504939 0.035586
vt 0.505859 0.033300
vt 0.209938 0.067927
vt 0.226590 0.066163
vt 0.231049 0.060633
vt 0.225797 0.062487
vt 0.299036 0.063068
vt 0.300718 0.063174
vt 0.239823 0.037382
vt 0.242643 0.039774
vt 0.238218 0.038432
vt 0.289634 0.037991
vt 0.238750 0.042789
vt 0.246443 0.047946
vt 0.234803 0.038574
vt 0.218608 0.030608
vt 0.158488 0.020810
vt 0.132493 0.019208
vt 0.157914 0.018040
vt 0.132045 0.022300
vt 0.100483 0.023722
vt 0.397041 0.011587
vt 0.422362 0.015233
vt 0.387996 0.013919
vt 0.408380 0.016105
vt 0.365203 0.016746
vt 0.371456 0.012680
vt 0.030564 0.066167
vt 0.026463 0.062597
vt 0.502613 0.051067
vt 0.510056 0.046380
vt 0.512665 0.042562
vt 0.021495 0.058767
vt 0.022115 0.055078
vt 0.083942 0.080862
vt 0.072771 0.077775
vt 0.104631 0.084601
vt 0.451736 0.068917
vt 0.477384 0.061469
vt 0.225898 0.031332
vt 0.212847 0.026445
vt 0.221432 0.026967
vt 0.193808 0.075556
vt 0.209050 0.070483
vt 0.340879 0.072507
vt 0.054938 0.074790
vt 0.483977 0.057656
vt 0.201069 0.020262
vt 0.204833 0.021179
vt 0.186279 0.021587
vt 0.187687 0.019331
vt 0.343064 0.016274
vt 0.340111 0.018076
vt 0.318437 0.022670
vt 0.322919 0.020960
vt 0.428776 0.013957
vt 0.305513 0.067287
vt 0.305849 0.067095
vt 0.321692 0.069013
vt 0.229119 0.063162
vt 0.308788 0.026927
vt 0.309333 0.024752
vt 0.312185 0.023545
vt 0.304653 0.028179
vt 0.223196 0.029247
vt 0.310378 0.023640
vt 0.306005 0.025941
vt 0.307804 0.024751
vt 0.219156 0.026083
vt 0.204789 0.073978
vt 0.205659 0.074659
vt 0.329039 0.069795
vt 0.207873 0.072875
vt 0.324442 0.069519
vt 0.326483 0.071849
vt 0.206449 0.023827
vt 0.208598 0.025252
vt 0.325523 0.018293
vt 0.329007 0.017121
vt 0.241576 0.054322
vt 0.248713 0.048359
vt 0.246716 0.044919
vt 0.248862 0.044917
vt 0.248932 0.046668
vt 0.281208 0.048136
vt 0.280770 0.046405
vt 0.237009 0.054237
vt 0.215915 0.055767
vt 0.236928 0.051033
vt 0.227398 0.062238
vt 0.220768 0.063270
vt 0.217377 0.049883
vt 0.229262 0.044791
vt 0.215952 0.035653
vt 0.192666 0.025112
vt 0.205062 0.025497
vt 0.180380 0.033819
vt 0.188000 0.028578
vt 0.182280 0.039749
vt 0.213479 0.041615
vt 0.183211 0.046340
vt 0.156335 0.029378
vt 0.153479 0.024732
vt 0.154643 0.076016
vt 0.144168 0.070940
vt 0.191690 0.067889
vt 0.193623 0.071788
vt 0.183248 0.053059
vt 0.129171 0.026146
vt 0.131054 0.037657
vt 0.127449 0.031383
vt 0.130598 0.045203
vt 0.131986 0.053192
vt 0.093287 0.039044
vt 0.096275 0.032481
vt 0.128705 0.077893
vt 0.095299 0.066411
vt 0.130808 0.062466
vt 0.172761 0.060707
vt 0.081122 0.031704
vt 0.070063 0.037668
vt 0.094645 0.051373
vt 0.077673 0.045655
vt 0.074359 0.055931
vt 0.059089 0.052989
vt 0.061105 0.044244
vt 0.078644 0.075055
vt 0.092050 0.073864
vt 0.067150 0.069534
vt 0.078986 0.065324
vt 0.061541 0.063222
vt 0.033060 0.065945
vt 0.037656 0.064368
vt 0.046774 0.070497
vt 0.024931 0.055576
vt 0.032808 0.052494
vt 0.029040 0.061509
vt 0.036238 0.057933
vt 0.030044 0.047540
vt 0.034475 0.047401
vt 0.026448 0.050961
vt 0.034672 0.044708
vt 0.313877 0.037452
vt 0.309970 0.029964
vt 0.325173 0.030296
vt 0.316566 0.024617
vt 0.305618 0.043500
vt 0.293862 0.037526
vt 0.294642 0.047832
vt 0.283473 0.044874
vt 0.302725 0.062542
vt 0.307899 0.055985
vt 0.308346 0.064718
vt 0.292467 0.054098
vt 0.321612 0.047837
vt 0.331203 0.058438
vt 0.361322 0.034159
vt 0.346682 0.027738
vt 0.373747 0.023786
vt 0.342866 0.037792
vt 0.342049 0.051409
vt 0.354396 0.021439
vt 0.331359 0.023127
vt 0.341281 0.070897
vt 0.359705 0.067423
vt 0.374297 0.072251
vt 0.335825 0.066460
vt 0.321481 0.066961
vt 0.356928 0.060667
vt 0.406260 0.031379
vt 0.404098 0.020910
vt 0.423140 0.025116
vt 0.418278 0.049679
vt 0.402832 0.050370
vt 0.421614 0.035687
vt 0.382651 0.039210
vt 0.382141 0.028466
vt 0.383877 0.017496
vt 0.405692 0.071308
vt 0.424858 0.065003
vt 0.398698 0.066712
vt 0.375812 0.066951
vt 0.363155 0.051293
vt 0.381981 0.051706
vt 0.381174 0.060682
vt 0.407004 0.061396
vt 0.441299 0.029435
vt 0.449372 0.022554
vt 0.463908 0.028599
vt 0.468428 0.025693
vt 0.461840 0.037689
vt 0.431501 0.020679
vt 0.438661 0.042035
vt 0.448777 0.064615
vt 0.463160 0.058401
vt 0.443725 0.062233
vt 0.429212 0.059282
vt 0.437258 0.052652
vt 0.467987 0.050484
vt 0.487040 0.043142
vt 0.499843 0.050285
vt 0.486649 0.035172
vt 0.499521 0.038474
vt 0.285653 0.053255
vt 0.282624 0.047826
vt 0.288438 0.055868
vt 0.054257 0.036236
vt 0.077471 0.029382
vt 0.026370 0.048340
vt 0.040435 0.040988
vt 0.470114 0.021028
vt 0.491514 0.028361
vt 0.144410 0.082815
vt 0.127136 0.085319
vt 0.130443 0.081297
vt 0.163120 0.078906
vt 0.162916 0.082531
vt 0.146842 0.085371
vt 0.400743 0.074911
vt 0.377119 0.076157
vt 0.405090 0.076859
vt 0.425236 0.072472
vt 0.023524 0.051677
vt 0.020709 0.053978
vt 0.506825 0.040220
vt 0.504939 0.035586
vt 0.505859 0.033300
vt 0.209938 0.067927
vt 0.226590 0.066163
vt 0.210229 0.070734
vt 0.231049 0.060633
vt 0.300718 0.063174
vt 0.239823 0.037382
vt 0.242643 0.039773
vt 0.238218 0.038432
vt 0.289634 0.037991
vt 0.238722 0.042748
vt 0.246472 0.047792
vt 0.281618 0.044542
vt 0.234803 0.038574
vt 0.218608 0.030608
vt 0.158488 0.020810
vt 0.132493 0.019208
vt 0.132045 0.022300
vt 0.100483 0.023722
vt 0.397041 0.011587
vt 0.422363 0.015233
vt 0.387996 0.013919
vt 0.365203 0.016746
vt 0.371456 0.012680
vt 0.030564 0.066167
vt 0.026463 0.062597
vt 0.502613 0.051067
vt 0.512665 0.042562
vt 0.021495 0.058767
vt 0.022115 0.055078
vt 0.023792 0.059380
vt 0.097566 0.081817
vt 0.078981 0.080514
vt 0.072772 0.077775
vt 0.104631 0.084601
vt 0.450663 0.067045
vt 0.451736 0.068917
vt 0.477384 0.061469
vt 0.225898 0.031332
vt 0.212847 0.026445
vt 0.220679 0.027191
vt 0.193808 0.075556
vt 0.206007 0.070547
vt 0.341112 0.073458
vt 0.372579 0.077187
vt 0.340880 0.072507
vt 0.054938 0.074790
vt 0.483977 0.057656
vt 0.201069 0.020262
vt 0.204833 0.021179
vt 0.186279 0.021587
vt 0.187687 0.019331
vt 0.343064 0.016274
vt 0.340111 0.018076
vt 0.318437 0.022670
vt 0.323686 0.021521
vt 0.322472 0.020632
vt 0.428776 0.013957
vt 0.303680 0.066516
vt 0.305513 0.067287
vt 0.305849 0.067095
vt 0.321692 0.069013
vt 0.308789 0.026927
vt 0.312185 0.023545
vt 0.304653 0.028179
vt 0.223196 0.029247
vt 0.219156 0.026083
vt 0.221994 0.026800
vt 0.310378 0.023640
vt 0.307804 0.024751
vt 0.204789 0.073978
vt 0.205659 0.074659
vt 0.329039 0.069795
vt 0.324442 0.069519
vt 0.206449 0.023827
vt 0.208598 0.025252
vt 0.325523 0.018293
vt 0.327930 0.017389
vt 0.200217 0.019250
vt 0.203899 0.019832
vt 0.330940 0.016639
vt 0.241576 0.054322
vt 0.248713 0.048359
vt 0.245933 0.044964
vt 0.280810 0.046391
vt 0.249042 0.044975
vt 0.249204 0.046663
vt 0.247637 0.044626
vt 0.327978 0.033422
vt 0.244664 0.053137
vt 0.507990 0.034137
vt 0.387077 0.011409
vt 0.023697 0.062165
vt 0.212840 0.025312
vt 0.322702 0.019164
vt 0.228498 0.065541
vt 0.208654 0.073375
vt 0.327977 0.033422
vt 0.244664 0.053137
vt 0.507990 0.034137
vt 0.387077 0.011409
vt 0.023697 0.062165
vt 0.212840 0.025312
vt 0.322702 0.019164
vt 0.228986 0.063063
vt 0.229698 0.062823
vt 0.228498 0.065541
vt 0.208654 0.073375
vt 0.327978 0.033422
vt 0.244664 0.053137
vt 0.507990 0.034137
vt 0.387077 0.011409
vt 0.023697 0.062165
vt 0.212840 0.025312
vt 0.322702 0.019164
vt 0.228498 0.065541
vt 0.287294 0.038742
vt 0.023697 0.062165
vt 0.212840 0.025312
vt 0.303138 0.028634
vt 0.322702 0.019164
vt 0.450757 0.017132
vt 0.228296 0.065588
vt 0.329720 0.072863
vt 0.208654 0.073375
vt 0.244664 0.053137
vt 0.507990 0.034137
vt 0.287294 0.038742
vt 0.387077 0.011409
vt 0.023697 0.062165
vt 0.212840 0.025312
vt 0.322702 0.019164
vt 0.450757 0.017132
vt 0.228296 0.065588
vt 0.329720 0.072863
vt 0.208654 0.073375
vt 0.244664 0.053137
vt 0.327977 0.033422
vt 0.387077 0.011409
vt 0.023697 0.062165
vt 0.322702 0.019164
vt 0.228498 0.065541
vt 0.228104 0.065633
vt 0.329720 0.072863
vt 0.208654 0.073375
vt 0.244664 0.053137
vt 0.507990 0.034137
vt 0.287294 0.038742
vt 0.387077 0.011409
vt 0.023697 0.062165
vt 0.212840 0.025312
vt 0.322702 0.019164
vt 0.450757 0.017132
vt 0.228296 0.065588
vt 0.329720 0.072863
vt 0.208654 0.073375
vt 0.244664 0.053137
vt 0.507990 0.034137
vt 0.287294 0.038743
vt 0.387077 0.011409
vt 0.023697 0.062165
vt 0.212840 0.025312
vt 0.322702 0.019164
vt 0.228296 0.065588
vt 0.329720 0.072863
vt 0.208654 0.073375
vt 0.244664 0.053137
vt 0.507990 0.034137
vt 0.287294 0.038742
vt 0.023697 0.062165
vt 0.212840 0.025312
vt 0.322702 0.019164
vt 0.329720 0.072863
vt 0.208654 0.073375
vt 0.244664 0.053136
vt 0.287294 0.038742
vt 0.023697 0.062165
vt 0.212840 0.025312
vt 0.303138 0.028634
vt 0.322702 0.019164
vt 0.450757 0.017132
vt 0.228296 0.065588
vt 0.329720 0.072863
vt 0.208654 0.073375
vt 0.244664 0.053137
vt 0.375812 0.066951
vt 0.287294 0.038742
vt 0.212840 0.025312
vt 0.303138 0.028634
vt 0.322702 0.019164
vt 0.450757 0.017132
vt 0.228296 0.065588
vt 0.329720 0.072863
vt 0.208654 0.073375
vt 0.202582 0.019624
vt 0.244664 0.053136
vt 0.287294 0.038742
vt 0.023697 0.062165
vt 0.303138 0.028634
vt 0.322702 0.019164
vt 0.450757 0.017132
vt 0.228296 0.065588
vt 0.208654 0.073375
vt 0.244664 0.053137
vt 0.158503 0.552907
vt 0.159416 0.552637
vt 0.158819 0.553420
vt 0.159088 0.551638
vt 0.158472 0.551065
vt 0.159063 0.550831
vt 0.157338 0.549549
vt 0.157767 0.550262
vt 0.157236 0.550118
vt 0.157572 0.551362
vt 0.157128 0.551511
vt 0.157522 0.551168
vt 0.159933 0.552976
vt 0.159170 0.553954
vt 0.154829 0.550374
vt 0.155300 0.551272
vt 0.154658 0.551252
vt 0.155760 0.552697
vt 0.155835 0.551914
vt 0.156146 0.552360
vt 0.154249 0.550114
vt 0.158075 0.549747
vt 0.158203 0.550587
vt 0.155997 0.553784
vt 0.156856 0.554719
vt 0.155660 0.554388
vt 0.156326 0.549069
vt 0.157334 0.548367
vt 0.157373 0.548942
vt 0.159683 0.551676
vt 0.159616 0.550667
vt 0.158566 0.552007
vt 0.158582 0.551578
vt 0.155321 0.552085
vt 0.158075 0.551830
vt 0.158229 0.552439
vt 0.157856 0.552111
vt 0.156984 0.553452
vt 0.156922 0.554080
vt 0.157564 0.551705
vt 0.158093 0.551545
vt 0.158970 0.552304
vt 0.155457 0.550592
vt 0.155810 0.551326
vt 0.157624 0.552806
vt 0.155973 0.550775
vt 0.155888 0.550026
vt 0.156253 0.550406
vt 0.159114 0.549807
vt 0.158678 0.550184
vt 0.157752 0.553349
vt 0.157023 0.552914
vt 0.156492 0.549689
vt 0.158338 0.549206
vt 0.157610 0.550627
vt 0.157854 0.550882
vt 0.156357 0.553165
vt 0.156672 0.550193
vt 0.159508 0.549461
vt 0.160120 0.550541
vt 0.156575 0.552699
vt 0.155211 0.553169
vt 0.154710 0.552302
vt 0.156337 0.551300
vt 0.156501 0.550862
vt 0.155460 0.549560
vt 0.157479 0.552336
vt 0.157989 0.551234
vt 0.156646 0.550677
vt 0.157076 0.552413
vt 0.154681 0.553624
vt 0.156741 0.552306
vt 0.158531 0.548699
vt 0.156466 0.552080
vt 0.157914 0.553957
vt 0.157250 0.550545
vt 0.156303 0.551754
vt 0.156881 0.550601
vt 0.156715 0.551631
vt 0.156795 0.551797
vt 0.156798 0.551205
vt 0.157410 0.551028
vt 0.156723 0.551413
vt 0.157459 0.551842
vt 0.156897 0.551082
vt 0.157290 0.551938
vt 0.157100 0.551967
vt 0.157039 0.551019
vt 0.156928 0.551916
vt 0.157592 0.551547
vt 0.157234 0.550982
vt 0.160264 0.551779
vt 0.155013 0.549136
vt 0.154070 0.552543
vt 0.158088 0.554567
vt 0.156093 0.548524
vt 0.153929 0.551300
s 1
f 365/1/1 366/2/2 345/3/3
f 367/4/4 246/5/5 344/6/6
f 366/7/7 100/8/8 248/9/9
f 74/10/10 708/11/11 167/12/12
f 364/13/13 101/14/14 574/15/15
f 364/16/16 574/17/17 74/10/10
f 101/14/14 377/18/18 621/19/19
f 574/15/15 101/14/14 75/20/20
f 363/21/21 101/14/14 251/22/22
f 363/21/21 251/22/22 76/23/23
f 251/22/22 621/19/19 622/24/24
f 361/25/25 173/26/26 77/27/27
f 362/28/28 252/29/29 77/30/30
f 361/31/31 102/32/32 575/33/33
f 361/25/25 575/34/34 78/35/35
f 575/33/33 102/32/32 576/36/36
f 78/35/35 576/37/37 79/38/38
f 576/36/36 102/32/32 103/39/39
f 576/36/36 103/39/39 80/40/40
f 103/39/39 378/41/41 623/42/42
f 80/40/40 103/39/39 577/43/43
f 80/44/44 577/45/45 81/46/46
f 577/43/43 103/39/39 259/47/47
f 577/43/43 259/47/47 578/48/48
f 81/46/46 578/49/49 82/50/50
f 259/47/47 623/42/42 624/51/51
f 360/52/52 185/53/53 83/54/54
f 578/48/48 261/55/55 83/56/56
f 360/57/57 104/58/58 84/59/59
f 104/58/58 624/51/51 625/60/60
f 359/61/61 104/58/58 85/62/62
f 85/62/62 104/58/58 105/63/63
f 85/62/62 105/63/63 579/64/64
f 85/65/65 579/66/66 86/67/67
f 357/68/68 88/69/69 346/70/70
f 579/64/64 105/63/63 264/71/71
f 579/64/64 264/71/71 87/72/72
f 264/71/71 625/60/60 626/73/73
f 358/74/74 265/75/75 88/76/76
f 356/77/77 197/78/78 357/68/68
f 356/79/79 106/80/80 580/81/81
f 356/77/77 580/82/82 89/83/83
f 580/81/81 106/80/80 581/84/84
f 89/83/83 581/85/85 90/86/86
f 355/87/87 92/88/88 347/89/89
f 91/90/90 714/91/91 203/92/92
f 581/84/84 106/80/80 107/93/93
f 581/84/84 107/93/93 582/94/94
f 90/95/86 582/96/95 91/90/90
f 582/94/94 107/93/93 92/97/96
f 347/98/97 107/93/93 108/99/98
f 109/100/99 380/101/100 627/102/101
f 354/103/102 108/99/98 109/100/99
f 354/103/102 109/100/99 583/104/103
f 354/105/104 583/106/105 93/107/106
f 583/104/103 109/100/99 94/108/107
f 353/109/108 109/100/99 272/110/109
f 353/109/108 272/110/109 95/111/110
f 351/112/111 215/113/112 96/114/113
f 352/115/114 275/116/115 96/117/116
f 275/116/115 381/118/117 628/119/118
f 351/120/119 276/121/120 97/122/121
f 276/121/120 382/123/122 278/124/123
f 350/125/124 276/121/120 98/126/125
f 70/127/126 587/128/127 293/129/128
f 402/130/129 118/131/130 630/132/131
f 220/133/132 349/134/133 99/135/134
f 348/136/135 220/133/132 99/135/134
f 349/137/136 278/124/123 99/138/137
f 584/139/138 494/140/139 656/141/140
f 584/142/138 149/143/141 148/144/142
f 150/145/143 667/146/144 151/147/145
f 584/142/138 148/144/142 494/148/146
f 618/149/147 140/150/148 277/151/149
f 21/152/150 277/153/149 73/154/151
f 21/152/150 619/155/152 24/156/153
f 279/157/154 73/154/151 294/158/155
f 295/159/156 294/158/155 72/160/157
f 493/161/158 139/162/159 140/150/148
f 73/154/151 277/153/149 70/163/126
f 294/158/155 70/163/126 293/164/128
f 296/165/160 293/164/128 69/166/161
f 69/166/161 750/167/162 296/165/160
f 279/157/154 343/168/163 619/155/152
f 546/169/164 533/170/165 223/171/166
f 493/161/158 274/172/167 139/162/159
f 585/173/168 165/174/169 529/175/170
f 529/175/170 530/176/171 585/173/168
f 274/172/167 652/177/172 138/178/173
f 277/179/149 297/180/174 70/181/126
f 139/162/159 586/182/175 277/151/149
f 298/183/176 587/128/127 67/184/177
f 298/183/176 216/185/178 749/186/179
f 300/187/180 216/185/178 67/184/177
f 292/188/181 301/189/182 65/190/183
f 349/134/133 219/191/184 98/192/185
f 586/182/175 138/178/173 273/193/186
f 299/194/187 273/195/186 66/196/188
f 586/197/175 299/194/187 297/198/174
f 588/199/189 66/196/188 292/188/181
f 300/187/180 292/188/181 65/190/183
f 300/187/180 214/200/190 748/201/191
f 291/202/192 303/203/193 63/204/194
f 350/205/195 217/206/196 97/207/197
f 302/208/198 590/209/199 589/210/200
f 65/190/183 747/211/201 214/200/190
f 651/212/202 136/213/203 137/214/204
f 273/193/186 138/178/173 271/215/205
f 66/196/188 271/216/205 64/217/206
f 292/188/181 64/217/206 291/202/192
f 301/189/182 291/202/192 63/204/194
f 63/204/194 747/211/201 301/189/182
f 589/210/200 305/218/207 62/219/208
f 304/220/209 592/221/210 590/209/199
f 63/204/194 746/222/211 212/223/212
f 271/215/205 137/214/204 270/224/213
f 271/216/205 302/208/198 64/217/206
f 303/203/193 589/210/200 62/219/208
f 62/219/208 746/222/211 303/203/193
f 590/209/199 307/225/214 61/226/215
f 352/227/216 213/228/217 95/229/218
f 305/218/207 210/230/219 62/219/208
f 270/231/213 304/220/209 302/208/198
f 305/218/207 590/209/199 61/226/215
f 61/226/215 745/232/220 305/218/207
f 290/233/221 309/234/222 60/235/223
f 211/236/224 93/107/106 94/237/225
f 353/238/226 211/236/224 94/237/225
f 59/239/227 595/240/228 289/241/229
f 61/226/215 744/242/230 208/243/231
f 64/217/206 589/210/200 291/202/192
f 270/231/213 306/244/232 304/220/209
f 136/213/203 591/245/233 270/224/213
f 309/234/222 206/246/234 60/235/223
f 592/221/210 306/244/232 290/233/221
f 307/225/214 290/233/221 60/235/223
f 60/235/223 744/242/230 307/225/214
f 289/241/229 310/247/235 58/248/236
f 57/249/237 596/250/238 595/240/228
f 269/251/239 490/252/240 268/253/241
f 308/254/242 593/255/243 59/239/227
f 591/256/233 308/254/242 306/244/232
f 136/213/203 593/257/243 591/245/233
f 290/233/221 59/239/227 289/241/229
f 309/234/222 289/241/229 58/248/236
f 309/234/222 204/258/244 743/259/245
f 595/240/228 311/260/246 56/261/247
f 692/262/248 355/87/87 354/105/104
f 310/247/235 204/258/244 58/248/236
f 268/253/241 490/252/240 135/263/249
f 59/264/227 594/265/250 57/266/237
f 269/251/239 594/265/250 593/257/243
f 56/261/247 741/267/251 202/268/252
f 310/247/235 595/240/228 56/261/247
f 310/247/235 202/268/252 742/269/253
f 288/270/254 312/271/255 54/272/256
f 205/273/257 91/90/90 92/88/88
f 355/87/87 205/273/257 92/88/88
f 53/274/258 597/275/259 287/276/260
f 489/277/261 134/278/262 135/263/249
f 594/265/250 135/263/249 267/279/263
f 57/266/237 267/279/263 55/280/264
f 312/271/255 200/281/265 54/272/256
f 596/282/238 55/283/264 288/270/254
f 311/284/246 288/270/254 54/272/256
f 54/272/256 741/285/251 311/284/246
f 287/276/260 313/286/266 52/287/267
f 51/288/268 599/289/269 597/275/259
f 267/279/263 135/263/249 266/290/270
f 55/291/264 266/292/270 53/293/258
f 288/270/254 53/274/258 287/276/260
f 312/271/255 287/276/260 52/287/267
f 52/287/267 740/294/271 312/271/255
f 597/275/259 315/295/272 50/296/273
f 313/286/266 198/297/274 52/287/267
f 53/274/258 266/298/270 51/288/268
f 313/286/266 597/275/259 50/296/273
f 313/286/266 196/299/275 739/300/276
f 599/289/269 317/301/277 49/302/278
f 316/303/279 601/304/280 600/305/281
f 315/295/272 196/299/275 50/296/273
f 650/306/282 262/307/283 133/308/284
f 266/298/270 314/309/285 51/288/268
f 134/278/262 598/310/286 266/290/270
f 315/295/272 599/289/269 49/302/278
f 49/302/278 738/311/287 315/295/272
f 600/305/281 319/312/288 48/313/289
f 318/314/290 603/315/291 601/304/280
f 317/301/277 194/316/292 49/302/278
f 598/310/286 133/308/284 263/317/293
f 598/318/286 316/303/279 314/309/285
f 317/301/277 600/305/281 48/313/289
f 48/313/289 737/319/294 317/301/277
f 601/304/280 321/320/295 47/321/296
f 357/68/68 195/322/297 88/69/69
f 319/312/288 192/323/298 48/313/289
f 262/307/283 488/324/299 132/325/300
f 263/326/293 318/314/290 316/303/279
f 319/312/288 601/304/280 47/321/296
f 47/321/296 736/327/301 319/312/288
f 603/315/291 323/328/302 46/329/303
f 193/330/304 86/67/67 87/331/305
f 358/332/306 193/330/304 87/331/305
f 322/333/307 606/334/308 605/335/309
f 47/321/296 735/336/310 190/337/311
f 314/309/285 600/305/281 599/289/269
f 488/324/299 258/338/312 132/325/300
f 263/326/293 320/339/313 318/314/290
f 262/307/283 602/340/314 263/317/293
f 46/329/303 734/341/315 188/342/316
f 321/320/295 603/315/291 46/329/303
f 321/320/295 188/342/316 735/336/310
f 605/335/309 325/343/317 45/344/318
f 602/345/314 322/333/307 320/339/313
f 132/325/300 604/346/319 602/340/314
f 323/328/302 605/335/309 45/344/318
f 323/328/302 186/347/320 734/341/315
f 286/348/321 327/349/322 44/350/323
f 45/344/318 733/351/324 186/347/320
f 258/338/312 487/352/325 255/353/326
f 604/346/319 258/338/312 260/354/327
f 604/355/319 324/356/328 322/333/307
f 327/349/322 184/357/329 44/350/323
f 606/334/308 324/356/328 286/348/321
f 325/343/317 286/348/321 44/350/323
f 44/350/323 733/351/324 325/343/317
f 285/358/330 328/359/331 42/360/332
f 187/361/333 360/52/52 84/362/334
f 359/363/335 187/361/333 84/362/334
f 189/364/336 359/363/335 85/65/65
f 260/354/327 255/353/326 257/365/337
f 326/366/338 257/367/337 43/368/339
f 260/354/327 326/369/338 324/370/328
f 328/359/331 182/371/340 42/360/332
f 286/372/321 43/368/339 285/358/330
f 327/373/322 285/358/330 42/360/332
f 42/360/332 732/374/341 327/373/322
f 284/375/342 329/376/343 40/377/344
f 39/378/345 607/379/346 283/380/347
f 255/353/326 648/381/348 131/382/349
f 257/365/337 255/353/326 256/383/350
f 43/368/339 256/384/350 41/385/351
f 285/358/330 41/385/351 284/375/342
f 328/359/331 284/375/342 40/377/344
f 328/359/331 180/386/352 731/387/353
f 283/380/347 330/388/354 38/389/355
f 329/376/343 180/386/352 40/377/344
f 256/383/350 131/382/349 254/390/356
f 41/385/351 254/391/356 39/378/345
f 284/375/342 39/378/345 283/380/347
f 329/376/343 283/380/347 38/389/355
f 38/389/355 730/392/357 329/376/343
f 320/339/313 605/335/309 603/315/291
f 607/379/346 331/393/358 36/394/359
f 35/395/360 610/396/361 608/397/362
f 330/388/354 178/398/363 38/389/355
f 486/399/364 129/400/365 130/401/366
f 254/390/356 131/382/349 253/402/367
f 39/378/345 253/403/367 37/404/368
f 330/388/354 607/379/346 36/394/359
f 36/394/359 729/405/369 330/388/354
f 333/406/370 614/407/371 612/408/372
f 608/397/362 332/409/373 34/410/374
f 33/411/375 612/408/372 610/396/361
f 331/393/358 176/412/376 36/394/359
f 37/404/368 253/403/367 35/395/360
f 331/393/358 608/397/362 34/410/374
f 331/393/358 174/413/377 728/414/378
f 610/396/361 334/415/379 32/416/380
f 332/409/373 174/413/377 34/410/374
f 35/395/360 609/417/381 33/411/375
f 130/401/366 609/418/381 253/402/367
f 332/409/373 610/396/361 32/416/380
f 32/416/380 727/419/382 332/409/373
f 612/408/372 336/420/383 31/421/384
f 175/422/385 361/25/25 78/35/35
f 335/423/386 616/424/387 614/425/371
f 334/415/379 172/426/388 32/416/380
f 37/404/368 608/397/362 607/379/346
f 609/417/381 333/406/370 33/411/375
f 129/400/365 611/427/389 609/418/381
f 336/420/383 170/428/390 31/421/384
f 334/415/379 612/408/372 31/421/384
f 31/421/384 726/429/391 334/415/379
f 614/425/371 338/430/392 30/431/393
f 611/432/389 335/433/386 333/406/370
f 129/400/365 613/434/394 611/427/389
f 336/420/383 614/407/371 30/435/393
f 30/435/393 725/436/395 336/420/383
f 282/437/396 340/438/397 29/439/398
f 362/440/399 171/441/400 76/442/401
f 338/430/392 168/443/402 30/431/393
f 613/444/394 337/445/403 335/423/386
f 128/446/404 615/447/405 613/434/394
f 29/439/398 723/448/406 166/449/407
f 616/424/387 337/445/403 282/437/396
f 338/430/392 282/437/396 29/439/398
f 29/439/398 724/450/408 338/430/392
f 281/451/409 341/452/410 27/453/411
f 169/454/412 74/10/10 75/455/413
f 363/456/414 169/457/412 75/458/413
f 26/459/415 617/460/416 280/461/417
f 171/441/400 363/456/414 76/442/401
f 647/462/418 245/463/419 127/464/420
f 615/447/405 127/464/420 249/465/421
f 339/466/422 249/467/421 28/468/423
f 615/469/405 339/466/422 337/445/403
f 341/452/410 164/470/424 27/453/411
f 282/437/396 28/468/423 281/451/409
f 340/438/397 281/451/409 27/453/411
f 27/453/411 723/448/406 340/438/397
f 280/461/417 342/471/425 25/472/426
f 24/156/153 619/155/152 617/460/416
f 249/465/421 127/464/420 247/473/427
f 28/468/423 247/474/427 26/459/415
f 281/451/409 26/459/415 280/461/417
f 341/452/410 280/461/417 25/472/426
f 341/452/410 162/475/428 722/476/429
f 617/460/416 343/168/163 23/477/430
f 706/478/431 365/1/1 364/16/16
f 342/471/425 162/475/428 25/472/426
f 23/477/430 719/479/432 161/480/433
f 26/459/415 247/474/427 24/156/153
f 342/471/425 617/460/416 23/477/430
f 23/477/430 721/481/434 342/471/425
f 365/1/1 163/482/435 366/2/2
f 245/463/419 646/483/436 140/150/148
f 245/463/419 618/149/147 247/473/427
f 367/4/4 718/484/437 68/485/438
f 384/486/439 368/487/440 383/488/441
f 367/4/4 68/485/438 707/489/442
f 244/490/443 750/167/162 573/491/444
f 531/492/445 221/493/446 718/484/437
f 218/494/447 749/186/179 240/495/448
f 216/185/178 748/201/191 502/496/449
f 214/200/190 747/211/201 570/497/450
f 210/230/219 745/232/220 569/498/451
f 368/499/440 402/130/452 383/500/441
f 208/243/231 744/242/230 567/501/453
f 69/502/161 749/186/179 218/494/447
f 204/258/244 742/269/253 565/503/454
f 202/268/252 741/267/251 563/504/455
f 544/505/456 532/506/457 221/493/446
f 198/297/274 739/300/276 562/507/458
f 196/299/275 738/311/287 560/508/459
f 192/323/298 736/327/301 558/509/460
f 190/337/311 735/336/310 556/510/461
f 186/347/320 733/351/324 555/511/462
f 184/357/329 732/512/341 553/513/463
f 180/386/352 730/392/357 552/514/464
f 178/398/363 729/405/369 550/515/465
f 174/413/377 727/419/382 549/516/466
f 172/426/388 726/429/391 523/517/467
f 170/428/390 725/436/395 224/518/468
f 168/443/402 724/450/408 526/519/469
f 166/449/407 723/448/406 546/169/164
f 164/470/424 722/476/429 222/520/470
f 243/521/471 720/522/472 241/523/473
f 397/524/474 408/525/475 114/526/476
f 162/475/428 721/481/434 545/527/477
f 293/129/128 298/183/176 69/502/161
f 620/528/478 20/529/479 368/530/480
f 629/531/481 369/532/482 110/533/483
f 250/534/484 377/18/18 101/14/14
f 278/124/123 382/123/122 100/8/8
f 620/528/478 369/532/485 377/18/18
f 419/535/486 369/532/482 629/531/481
f 370/536/487 419/535/486 112/537/488
f 251/22/22 622/24/24 252/29/29
f 1/538/489 112/537/488 404/539/490
f 252/29/29 378/41/41 102/32/32
f 3/540/491 404/539/490 406/541/492
f 3/540/491 406/541/492 407/542/493
f 622/24/24 1/538/494 3/540/495
f 388/543/496 371/544/497 387/545/498
f 371/546/497 407/547/493 387/548/498
f 622/24/24 3/540/495 378/41/41
f 389/549/499 371/546/497 388/550/496
f 378/41/41 3/540/495 371/551/500
f 390/552/501 372/553/502 389/554/499
f 391/555/503 372/556/502 390/557/501
f 259/47/47 624/51/51 261/55/55
f 392/558/504 373/559/505 391/560/503
f 261/55/55 624/51/51 104/58/58
f 413/561/506 6/562/507 392/558/504
f 8/563/508 413/561/506 415/564/509
f 8/563/508 415/564/509 417/565/510
f 625/60/60 6/562/511 8/563/512
f 264/71/71 626/73/73 265/75/75
f 9/566/513 417/567/510 418/568/514
f 9/569/513 418/570/514 113/571/515
f 625/60/60 8/563/512 9/572/516
f 265/75/75 379/573/517 106/80/80
f 10/574/518 113/575/515 403/576/519
f 11/577/520 403/578/519 405/579/521
f 626/73/73 9/572/516 10/574/522
f 11/580/520 405/581/521 396/582/523
f 626/73/73 10/574/522 11/580/524
f 626/73/73 11/580/524 379/573/517
f 374/583/525 396/582/523 408/584/526
f 374/583/525 408/584/526 409/585/527
f 379/573/517 11/580/524 374/583/528
f 379/573/517 374/583/528 380/101/100
f 14/586/529 409/587/527 410/570/530
f 375/588/531 410/589/530 411/590/532
f 115/591/533 375/588/531 400/592/534
f 375/593/531 411/594/532 400/595/534
f 627/102/101 14/596/535 375/597/536
f 412/598/537 15/599/538 115/600/533
f 272/110/109 381/118/117 275/116/115
f 627/102/101 15/599/539 381/118/117
f 275/116/115 628/119/118 276/121/120
f 17/601/540 412/602/537 414/603/541
f 17/604/540 414/605/541 416/606/542
f 381/118/117 15/599/539 17/604/543
f 116/607/544 376/608/545 401/609/546
f 376/608/545 416/606/542 401/609/546
f 117/610/547 376/608/545 116/607/544
f 628/119/118 17/604/543 376/608/548
f 628/119/118 376/608/548 382/123/122
f 423/611/549 635/612/550 424/613/551
f 117/614/552 118/131/130 402/130/129
f 432/615/553 640/616/554 433/617/555
f 432/615/553 397/524/474 114/526/476
f 113/618/556 455/619/557 403/578/558
f 425/620/559 465/621/560 426/622/561
f 385/623/562 631/624/563 456/625/564
f 403/578/558 430/626/565 405/579/566
f 424/613/551 388/550/567 423/611/549
f 405/579/566 430/626/565 431/627/568
f 407/547/569 437/628/570 387/548/571
f 404/629/572 112/630/573 631/631/563
f 390/557/574 424/613/551 440/632/575
f 392/633/576 425/620/559 426/622/561
f 432/634/553 468/635/577 640/636/554
f 412/602/578 435/637/579 436/638/580
f 388/550/567 437/628/570 423/611/549
f 384/639/581 630/132/131 445/640/582
f 393/641/583 427/642/584 447/643/585
f 411/590/586 443/644/587 400/592/588
f 115/591/589 435/637/579 412/602/578
f 395/645/590 428/646/591 429/647/592
f 419/648/486 420/649/593 421/650/594
f 412/602/578 436/638/580 414/603/595
f 414/603/595 449/651/596 416/652/597
f 116/653/598 453/654/599 117/614/552
f 110/655/600 451/656/601 111/657/602
f 416/658/597 452/659/603 401/660/604
f 110/655/600 111/657/602 629/661/481
f 111/657/602 420/649/593 419/648/486
f 419/648/486 421/650/594 112/630/573
f 629/661/481 111/657/602 419/648/486
f 113/618/556 429/647/592 454/662/605
f 433/617/555 640/616/554 641/663/606
f 112/630/573 421/650/594 422/664/607
f 114/665/476 431/627/568 432/666/553
f 434/667/608 642/668/609 439/669/610
f 458/670/611 124/671/612 126/672/613
f 124/671/612 123/673/614 126/672/613
f 123/673/614 122/674/615 126/672/613
f 122/674/615 121/675/616 126/672/613
f 433/617/555 641/663/606 434/667/608
f 423/611/549 634/676/617 635/612/550
f 434/667/608 641/663/606 642/668/609
f 424/613/551 635/612/550 636/677/618
f 427/642/584 467/678/619 447/643/585
f 441/679/620 642/668/609 643/680/621
f 443/644/587 643/680/621 644/681/622
f 445/640/582 471/682/623 632/683/624
f 428/646/591 637/684/625 429/647/592
f 420/649/593 460/685/626 421/650/594
f 429/647/592 638/686/627 454/662/605
f 436/638/580 469/687/628 446/688/629
f 630/132/131 118/131/130 445/640/582
f 421/650/594 461/689/630 422/664/631
f 448/690/632 632/683/624 633/691/633
f 449/692/596 469/693/628 645/694/634
f 422/695/631 462/696/635 456/697/564
f 437/628/636 463/698/637 634/676/617
f 430/626/565 468/699/577 431/627/568
f 428/646/591 467/678/619 637/684/625
f 429/647/592 637/684/625 638/686/627
f 455/619/557 638/686/627 639/700/638
f 71/701/639 348/136/135 246/5/5
f 431/627/568 468/699/577 432/666/553
f 399/702/640 434/667/608 439/669/641
f 435/637/579 469/687/628 436/638/580
f 424/613/551 636/677/618 440/632/575
f 426/622/561 466/703/642 427/704/584
f 633/705/643 120/706/644 459/707/645
f 459/707/645 120/706/644 460/708/646
f 460/708/646 120/706/644 121/675/616
f 460/708/646 121/675/616 461/709/647
f 461/709/647 121/675/616 462/696/648
f 462/696/648 121/675/616 463/710/649
f 635/711/650 121/675/616 122/674/615
f 636/712/651 122/674/615 464/713/652
f 464/713/652 123/673/614 465/714/653
f 465/714/653 123/673/614 466/715/654
f 466/715/654 123/673/614 467/716/655
f 637/717/656 123/673/614 124/671/612
f 639/718/657 124/671/612 468/635/658
f 640/636/659 124/671/612 125/719/660
f 644/720/661 458/670/611 469/693/662
f 645/694/663 126/672/613 470/721/664
f 470/721/664 126/672/613 471/722/665
f 483/723/666 16/724/667 482/725/668
f 482/725/668 660/726/669 481/727/670
f 481/727/670 13/728/671 480/729/672
f 121/675/616 120/706/644 126/672/613
f 480/729/672 12/730/673 479/731/674
f 479/731/674 498/732/675 478/733/676
f 478/733/676 497/734/677 477/735/678
f 477/735/678 7/736/679 476/737/680
f 476/737/680 5/738/681 475/739/682
f 475/739/682 657/740/683 474/741/684
f 474/741/684 656/742/140 473/743/685
f 473/743/685 655/744/686 142/745/687
f 472/746/688 19/747/689 483/723/666
f 141/748/690 496/749/691 654/750/692
f 472/746/688 654/750/692 653/751/693
f 671/752/694 16/724/667 674/753/695
f 706/478/431 74/10/10 167/12/12
f 647/462/418 141/748/696 472/746/697
f 473/743/685 2/754/698 655/744/686
f 484/755/699 127/464/420 128/446/404
f 473/743/685 656/742/140 2/754/698
f 485/756/700 142/745/701 141/748/696
f 485/756/700 141/748/696 484/755/699
f 173/26/26 362/440/399 77/27/27
f 485/756/702 128/446/404 129/400/365
f 486/399/703 142/745/701 485/756/700
f 475/739/682 4/757/704 657/740/683
f 179/758/705 79/38/38 80/44/44
f 648/381/706 473/743/707 486/399/703
f 648/381/348 130/401/366 131/382/349
f 475/739/682 5/738/681 4/757/704
f 114/526/476 408/525/475 396/759/708
f 476/737/680 7/736/679 5/738/681
f 185/53/53 82/760/50 83/54/54
f 649/761/709 475/739/710 487/352/711
f 477/735/678 497/734/677 658/762/712
f 698/763/713 86/67/67 191/764/714
f 650/306/715 476/737/680 488/324/716
f 696/765/717 357/68/68 197/78/78
f 665/766/718 4/757/704 667/146/719
f 479/731/674 12/730/673 659/767/720
f 489/277/261 133/308/284 134/278/262
f 480/729/672 13/728/671 12/730/673
f 203/92/92 90/95/86 91/90/90
f 490/252/721 478/733/676 489/277/722
f 491/768/723 479/731/674 490/252/721
f 685/769/724 2/754/698 494/148/139
f 692/262/248 93/107/106 209/770/725
f 482/725/668 16/724/667 660/726/669
f 492/771/726 479/731/674 491/768/723
f 492/771/727 269/251/239 136/213/203
f 483/723/666 18/772/728 16/724/667
f 651/212/729 480/729/672 492/771/726
f 215/113/112 352/227/216 96/114/113
f 483/723/666 19/747/689 18/772/728
f 651/212/202 137/214/204 138/178/173
f 414/603/595 436/638/580 446/688/629
f 68/485/438 718/484/437 221/493/446
f 646/483/730 483/723/731 493/161/732
f 495/773/733 679/774/734 19/775/689
f 653/751/693 673/776/735 670/777/736
f 653/778/693 668/779/737 495/773/733
f 653/780/693 676/781/738 673/782/735
f 655/744/686 685/769/724 683/783/739
f 655/744/686 681/784/740 496/749/691
f 655/744/686 2/754/698 685/769/724
f 148/144/142 149/143/141 661/785/741
f 658/786/712 672/787/742 7/788/679
f 498/789/675 680/790/743 497/791/677
f 659/767/720 684/792/744 498/732/675
f 659/793/720 12/794/673 687/795/745
f 499/796/746 662/797/747 13/798/671
f 660/799/669 664/800/748 499/796/746
f 143/801/749 668/802/750 144/803/751
f 144/803/751 673/776/752 145/804/753
f 143/801/749 144/803/751 661/785/741
f 718/484/437 163/482/435 543/805/754
f 158/806/755 669/807/756 159/808/757
f 159/808/757 671/752/758 160/809/759
f 151/147/145 672/810/760 152/811/761
f 149/143/141 663/812/762 150/145/143
f 160/809/759 674/753/763 143/801/749
f 152/811/761 677/813/764 153/814/765
f 145/804/753 678/815/766 146/816/767
f 153/814/765 682/817/768 154/818/769
f 146/816/767 683/783/770 147/819/771
f 154/818/769 684/792/772 155/820/773
f 147/819/771 494/148/146 148/144/142
f 155/820/773 687/821/774 156/822/775
f 156/822/775 687/821/774 157/823/776
f 157/823/776 664/824/777 158/806/755
f 294/158/155 296/165/160 72/160/157
f 688/825/778 220/133/132 242/826/779
f 242/826/779 542/827/780 688/825/778
f 240/828/448 542/827/780 750/167/162
f 689/829/781 219/830/184 572/831/782
f 572/831/782 503/832/783 689/829/781
f 690/833/784 215/113/112 239/834/785
f 239/834/785 541/835/786 690/833/784
f 238/836/787 541/835/786 747/211/201
f 691/837/788 213/228/217 505/838/789
f 505/838/789 506/839/790 691/837/788
f 692/262/248 209/770/725 237/840/791
f 237/840/791 540/841/792 692/262/248
f 236/842/793 540/841/792 744/242/230
f 693/843/794 207/844/795 566/845/796
f 566/845/796 508/846/797 693/843/794
f 694/847/798 203/92/92 235/848/799
f 235/848/799 539/849/800 694/847/798
f 234/850/801 539/851/800 741/285/251
f 695/852/802 201/853/803 510/854/804
f 510/854/804 511/855/805 695/852/802
f 696/765/717 197/78/78 233/856/806
f 233/856/806 538/857/807 696/765/717
f 232/858/808 538/857/807 738/311/287
f 697/859/809 195/322/297 559/860/810
f 559/860/810 513/861/811 697/859/809
f 698/763/713 191/764/714 231/862/812
f 231/862/812 537/863/813 698/763/713
f 230/864/814 537/863/813 735/336/310
f 699/865/815 189/364/336 515/866/816
f 515/866/816 516/867/817 699/865/815
f 700/868/818 185/53/53 229/869/819
f 229/870/819 536/871/820 700/872/818
f 228/873/821 536/871/820 732/374/341
f 701/874/822 183/875/823 518/876/824
f 518/876/824 519/877/825 701/874/822
f 702/878/826 179/758/705 227/879/827
f 227/879/827 535/880/828 702/878/826
f 226/881/829 535/880/828 729/405/369
f 703/882/830 177/883/831 521/884/832
f 521/884/832 522/885/833 703/882/830
f 704/886/834 173/26/26 225/887/835
f 225/887/835 534/888/836 704/886/834
f 224/518/468 534/888/836 726/429/391
f 705/889/837 171/441/400 525/890/838
f 525/890/838 527/891/839 705/889/837
f 706/478/431 167/12/12 223/171/166
f 223/171/166 533/170/165 706/478/431
f 222/520/470 533/170/165 723/448/406
f 241/523/473 532/506/457 719/479/432
f 719/479/432 243/521/471 241/523/473
f 707/489/442 68/485/438 221/493/446
f 221/493/446 532/506/457 707/489/442
f 297/198/174 588/199/189 587/128/127
f 110/655/483 368/499/440 384/639/439
f 544/505/456 531/492/445 721/481/434
f 545/527/477 530/176/171 722/476/429
f 708/11/11 169/454/412 547/892/840
f 547/892/840 528/893/841 708/11/11
f 546/169/164 528/893/841 724/450/408
f 526/894/469 527/891/839 725/436/395
f 709/895/842 175/422/385 548/896/843
f 548/896/843 524/897/844 709/895/842
f 523/517/467 524/897/844 727/419/382
f 549/516/466 522/885/833 728/414/378
f 710/898/845 181/899/846 551/900/847
f 551/900/847 520/901/848 710/898/845
f 550/515/465 520/901/848 730/392/357
f 552/514/464 519/877/825 731/387/353
f 711/902/849 187/361/333 554/903/850
f 554/903/850 517/904/851 711/902/849
f 553/513/463 517/904/851 733/351/324
f 555/511/462 516/867/817 734/341/315
f 712/905/852 193/330/304 557/906/853
f 557/906/853 514/907/854 712/905/852
f 556/510/461 514/907/854 736/327/301
f 558/509/460 513/861/811 737/319/294
f 713/908/855 199/909/856 561/910/857
f 561/910/857 512/911/858 713/908/855
f 560/508/459 512/911/858 739/300/276
f 562/507/458 511/855/805 740/294/271
f 714/91/91 205/273/257 564/912/859
f 564/912/859 509/913/860 714/91/91
f 563/504/455 509/913/860 742/269/253
f 565/503/454 508/846/797 743/259/245
f 715/914/861 211/236/224 568/915/862
f 568/915/862 507/916/863 715/914/861
f 567/501/453 507/916/863 745/232/220
f 569/498/451 506/839/790 746/222/211
f 716/917/864 217/206/196 571/918/865
f 571/918/865 504/919/866 716/917/864
f 570/497/450 504/919/866 748/201/191
f 502/496/449 503/832/783 749/186/179
f 717/920/867 71/701/639 500/921/868
f 500/921/868 501/922/869 717/920/867
f 573/491/444 501/922/869 720/522/472
f 573/491/444 542/827/780 242/826/779
f 569/498/451 507/916/863 568/915/862
f 565/503/454 509/913/860 564/912/859
f 562/507/458 512/911/858 561/910/857
f 558/509/460 514/907/854 557/906/853
f 555/511/462 517/904/851 554/903/850
f 552/514/464 520/901/848 551/900/847
f 549/516/466 524/897/844 548/896/843
f 545/527/477 531/492/445 543/805/754
f 587/128/127 300/187/180 67/184/177
f 550/515/465 535/880/828 227/879/827
f 553/513/463 536/923/820 229/869/819
f 556/510/461 537/863/813 231/862/812
f 560/508/459 538/857/807 233/856/806
f 567/501/453 540/841/792 237/840/791
f 570/497/450 541/835/786 239/834/785
f 243/521/471 295/159/156 720/522/472
f 176/412/376 728/414/378 226/881/829
f 182/371/340 731/387/353 228/873/821
f 188/342/316 734/341/315 230/864/814
f 194/316/292 737/319/294 232/858/808
f 200/281/265 740/294/271 234/850/801
f 206/246/234 743/259/245 236/842/793
f 212/223/212 746/222/211 238/836/787
f 100/8/8 382/123/122 620/528/478
f 719/479/432 22/924/870 243/521/471
f 720/522/472 72/160/157 244/490/443
f 367/4/4 71/701/639 246/5/5
f 248/9/9 377/18/18 250/534/484
f 72/160/157 750/167/162 244/490/443
f 100/8/8 348/925/871 278/124/123
f 177/883/831 78/35/35 79/38/38
f 183/875/823 81/46/46 82/50/50
f 195/322/297 358/332/306 88/69/69
f 201/853/803 89/83/83 90/86/86
f 213/228/217 353/238/226 95/229/218
f 219/830/184 350/205/195 98/926/185
f 217/206/196 351/112/111 97/207/197
f 199/909/856 356/77/77 89/83/83
f 81/46/46 710/898/845 80/44/44
f 366/2/2 367/4/4 344/6/6
f 248/9/9 620/528/478 377/18/18
f 344/927/872 246/928/873 100/8/8
f 248/9/9 100/8/8 620/528/478
f 364/16/16 365/1/1 345/3/3
f 366/7/7 344/927/872 100/8/8
f 345/929/874 366/7/7 248/9/9
f 345/929/874 248/9/9 250/534/484
f 364/13/13 345/929/874 250/534/484
f 364/13/13 250/534/484 101/14/14
f 74/10/10 574/17/17 75/455/413
f 251/22/22 101/14/14 621/19/19
f 363/21/21 75/20/20 101/14/14
f 361/25/25 709/895/842 173/26/26
f 362/28/28 76/23/23 251/22/22
f 362/28/28 251/22/22 252/29/29
f 361/31/31 77/30/30 252/29/29
f 361/31/31 252/29/29 102/32/32
f 78/35/35 575/34/34 576/37/37
f 103/39/39 102/32/32 378/41/41
f 80/44/44 710/898/845 179/758/705
f 79/38/38 576/37/37 80/44/44
f 259/47/47 103/39/39 623/42/42
f 81/46/46 577/45/45 578/49/49
f 360/52/52 711/902/849 185/53/53
f 578/48/48 259/47/47 261/55/55
f 82/50/50 578/49/49 83/930/54
f 360/57/57 83/56/56 261/55/55
f 360/57/57 261/55/55 104/58/58
f 359/61/61 84/59/59 104/58/58
f 105/63/63 104/58/58 625/60/60
f 86/67/67 712/905/852 191/764/714
f 264/71/71 105/63/63 625/60/60
f 86/67/67 579/66/66 87/331/305
f 357/68/68 346/70/70 356/77/77
f 358/74/74 87/72/72 264/71/71
f 358/74/74 264/71/71 265/75/75
f 356/77/77 713/908/855 197/78/78
f 346/931/875 88/76/76 265/75/75
f 356/79/79 346/931/875 265/75/75
f 356/79/79 265/75/75 106/80/80
f 89/83/83 580/82/82 581/85/85
f 107/93/93 106/80/80 379/573/517
f 90/95/86 581/932/85 582/96/95
f 354/105/104 355/87/87 347/89/89
f 91/90/90 582/96/95 92/88/88
f 108/99/98 107/93/93 380/101/100
f 347/98/97 92/97/96 107/93/93
f 109/100/99 108/99/98 380/101/100
f 93/107/106 715/914/861 209/770/725
f 354/103/102 347/98/97 108/99/98
f 93/107/106 583/106/105 94/237/225
f 272/110/109 109/100/99 381/118/117
f 353/109/108 94/108/107 109/100/99
f 351/112/111 716/917/864 215/113/112
f 352/115/114 95/111/110 272/110/109
f 352/115/114 272/110/109 275/116/115
f 351/120/119 96/117/116 275/116/115
f 351/120/119 275/116/115 276/121/120
f 350/125/124 97/122/121 276/121/120
f 70/127/126 297/198/174 587/128/127
f 117/933/547 402/545/452 20/934/876
f 220/133/132 688/825/778 349/134/133
f 438/935/877 398/936/878 397/524/474
f 348/136/135 717/920/867 220/133/132
f 349/137/136 98/126/125 276/121/120
f 349/137/136 276/121/120 278/124/123
f 348/925/871 99/138/137 278/124/123
f 140/150/148 646/483/436 493/161/158
f 150/145/143 665/766/879 667/146/144
f 21/152/150 618/937/147 277/153/149
f 21/152/150 279/157/154 619/155/152
f 279/157/154 21/152/150 73/154/151
f 295/159/156 279/157/154 294/158/155
f 295/159/156 22/924/870 279/157/154
f 140/150/148 139/162/159 277/151/149
f 294/158/155 73/154/151 70/163/126
f 296/165/160 294/158/155 293/164/128
f 69/166/161 218/938/447 750/167/162
f 279/157/154 22/924/870 343/168/163
f 493/161/158 652/177/172 274/172/167
f 585/173/168 543/805/754 163/482/435
f 543/805/754 585/173/168 530/176/171
f 277/939/149 586/197/175 297/198/174
f 139/162/159 274/172/167 586/182/175
f 298/183/176 67/184/177 216/185/178
f 300/187/180 748/201/191 216/185/178
f 349/134/133 688/825/778 219/191/184
f 586/182/175 274/172/167 138/178/173
f 299/194/187 586/197/175 273/195/186
f 588/199/189 299/194/187 66/196/188
f 300/187/180 588/199/189 292/188/181
f 300/187/180 65/190/183 214/200/190
f 291/202/192 589/210/200 303/203/193
f 350/205/195 689/829/781 217/206/196
f 302/208/198 304/220/209 590/209/199
f 65/190/183 301/189/182 747/211/201
f 66/196/188 273/195/186 271/216/205
f 292/188/181 66/196/188 64/217/206
f 301/189/182 292/188/181 291/202/192
f 63/204/194 212/223/212 747/211/201
f 589/210/200 590/209/199 305/218/207
f 304/220/209 306/244/232 592/221/210
f 63/204/194 303/203/193 746/222/211
f 136/213/203 651/212/202 492/771/727
f 302/208/198 271/216/205 270/231/213
f 138/178/173 137/214/204 271/215/205
f 62/219/208 210/230/219 746/222/211
f 590/209/199 592/221/210 307/225/214
f 352/227/216 690/833/784 213/228/217
f 305/218/207 745/232/220 210/230/219
f 137/214/204 136/213/203 270/224/213
f 61/226/215 208/243/231 745/232/220
f 211/236/224 715/914/861 93/107/106
f 353/238/226 691/837/788 211/236/224
f 61/226/215 307/225/214 744/242/230
f 64/217/206 302/208/198 589/210/200
f 270/231/213 591/256/233 306/244/232
f 309/234/222 743/259/245 206/246/234
f 307/225/214 592/221/210 290/233/221
f 60/235/223 206/246/234 744/242/230
f 289/241/229 595/240/228 310/247/235
f 269/251/239 492/771/727 491/768/880
f 269/251/239 491/768/880 490/252/240
f 591/256/233 593/255/243 308/254/242
f 136/213/203 269/251/239 593/257/243
f 290/233/221 308/254/242 59/239/227
f 309/234/222 290/233/221 289/241/229
f 309/234/222 58/248/236 204/258/244
f 595/240/228 596/250/238 311/260/246
f 692/262/248 207/844/795 355/87/87
f 310/247/235 742/269/253 204/258/244
f 594/265/250 269/251/239 268/253/241
f 593/257/243 594/265/250 59/264/227
f 56/261/247 311/260/246 741/267/251
f 595/240/228 59/239/227 57/249/237
f 310/247/235 56/261/247 202/268/252
f 205/273/257 714/91/91 91/90/90
f 355/87/87 693/843/794 205/273/257
f 207/844/795 693/843/794 355/87/87
f 594/265/250 268/253/241 135/263/249
f 57/266/237 594/265/250 267/279/263
f 312/271/255 740/294/271 200/281/265
f 596/282/238 57/940/237 55/283/264
f 311/284/246 596/282/238 288/270/254
f 54/272/256 200/281/265 741/285/251
f 287/276/260 597/275/259 313/286/266
f 135/263/249 490/252/240 489/277/261
f 51/288/268 314/309/285 599/289/269
f 55/941/264 267/942/263 266/943/270
f 288/270/254 55/283/264 53/274/258
f 312/271/255 288/270/254 287/276/260
f 52/287/267 198/297/274 740/294/271
f 597/275/259 599/289/269 315/295/272
f 694/944/798 201/853/803 90/86/86
f 313/286/266 739/300/276 198/297/274
f 135/263/249 134/278/262 266/290/270
f 597/275/259 53/274/258 51/288/268
f 313/286/266 50/296/273 196/299/275
f 599/289/269 600/305/281 317/301/277
f 695/852/802 199/909/856 89/83/83
f 316/303/279 318/314/290 601/304/280
f 315/295/272 738/311/287 196/299/275
f 266/298/270 598/318/286 314/309/285
f 134/278/262 133/308/284 598/310/286
f 49/302/278 194/316/292 738/311/287
f 600/305/281 601/304/280 319/312/288
f 318/314/290 320/339/313 603/315/291
f 317/301/277 737/319/294 194/316/292
f 316/303/279 598/318/286 263/326/293
f 48/313/289 192/323/298 737/319/294
f 601/304/280 603/315/291 321/320/295
f 357/68/68 696/765/717 195/322/297
f 319/312/288 736/327/301 192/323/298
f 262/307/283 650/306/282 488/324/299
f 133/308/284 262/307/283 263/317/293
f 47/321/296 190/337/311 736/327/301
f 603/315/291 605/335/309 323/328/302
f 193/330/304 712/905/852 86/67/67
f 358/332/306 697/859/809 193/330/304
f 322/333/307 324/356/328 606/334/308
f 47/321/296 321/320/295 735/336/310
f 314/309/285 316/303/279 600/305/281
f 488/324/299 649/761/881 258/338/312
f 602/340/314 262/307/283 132/325/300
f 263/326/293 602/345/314 320/339/313
f 46/329/303 323/328/302 734/341/315
f 321/320/295 46/329/303 188/342/316
f 605/335/309 606/334/308 325/343/317
f 324/356/328 326/945/338 286/348/321
f 602/345/314 604/355/319 322/333/307
f 323/328/302 45/344/318 186/347/320
f 85/65/65 698/763/713 189/364/336
f 45/344/318 325/343/317 733/351/324
f 258/338/312 649/761/881 487/352/325
f 324/370/328 604/346/319 260/354/327
f 132/325/300 258/338/312 604/346/319
f 327/349/322 732/512/341 184/357/329
f 325/343/317 606/334/308 286/348/321
f 44/350/323 184/357/329 733/351/324
f 187/361/333 711/902/849 360/52/52
f 359/363/335 699/865/815 187/361/333
f 189/364/336 699/865/815 359/363/335
f 487/352/325 648/381/348 255/353/326
f 260/354/327 258/338/312 255/353/326
f 326/369/338 260/354/327 257/365/337
f 328/359/331 731/387/353 182/371/340
f 286/372/321 326/366/338 43/368/339
f 327/373/322 286/372/321 285/358/330
f 42/360/332 182/371/340 732/374/341
f 43/368/339 257/367/337 256/384/350
f 285/358/330 43/368/339 41/385/351
f 328/359/331 285/358/330 284/375/342
f 328/359/331 40/377/344 180/386/352
f 306/244/232 308/254/242 290/233/221
f 283/380/347 607/379/346 330/388/354
f 700/872/818 183/875/823 82/50/50
f 329/376/343 730/392/357 180/386/352
f 256/383/350 255/353/326 131/382/349
f 41/385/351 256/384/350 254/391/356
f 284/375/342 41/385/351 39/378/345
f 329/376/343 284/375/342 283/380/347
f 38/389/355 178/398/363 730/392/357
f 320/339/313 322/333/307 605/335/309
f 607/379/346 608/397/362 331/393/358
f 81/46/46 701/874/822 181/899/846
f 330/388/354 729/405/369 178/398/363
f 39/378/345 254/391/356 253/403/367
f 607/379/346 39/378/345 37/404/368
f 36/394/359 176/412/376 729/405/369
f 333/406/370 335/433/386 614/407/371
f 608/397/362 610/396/361 332/409/373
f 130/401/366 648/381/348 486/399/364
f 33/411/375 333/406/370 612/408/372
f 331/393/358 728/414/378 176/412/376
f 131/382/349 130/401/366 253/402/367
f 608/397/362 37/404/368 35/395/360
f 331/393/358 34/410/374 174/413/377
f 610/396/361 612/408/372 334/415/379
f 702/878/826 177/883/831 79/38/38
f 332/409/373 727/419/382 174/413/377
f 129/400/365 486/399/364 485/756/702
f 253/403/367 609/417/381 35/395/360
f 130/401/366 129/400/365 609/418/381
f 610/396/361 35/395/360 33/411/375
f 32/416/380 172/426/388 727/419/382
f 612/408/372 614/407/371 336/420/383
f 175/422/385 709/895/842 361/25/25
f 703/882/830 175/422/385 78/35/35
f 335/423/386 337/445/403 616/424/387
f 334/415/379 726/429/391 172/426/388
f 609/417/381 611/432/389 333/406/370
f 336/420/383 725/436/395 170/428/390
f 31/421/384 170/428/390 726/429/391
f 614/425/371 616/424/387 338/430/392
f 337/445/403 339/466/422 282/437/396
f 128/446/404 485/756/702 484/755/699
f 611/432/389 613/946/394 335/433/386
f 129/400/365 128/446/404 613/434/394
f 30/435/393 168/947/402 725/436/395
f 362/440/399 704/886/834 171/441/400
f 338/430/392 724/450/408 168/443/402
f 613/444/394 615/469/405 337/445/403
f 29/439/398 340/438/397 723/448/406
f 338/430/392 616/424/387 282/437/396
f 29/439/398 166/449/407 724/450/408
f 169/454/412 708/11/11 74/10/10
f 363/456/414 705/889/837 169/457/412
f 171/441/400 705/889/837 363/456/414
f 339/466/422 615/469/405 249/467/421
f 128/446/404 127/464/420 615/447/405
f 341/452/410 722/476/429 164/470/424
f 282/437/396 339/466/422 28/468/423
f 340/438/397 282/437/396 281/451/409
f 27/453/411 164/470/424 723/448/406
f 280/461/417 617/460/416 342/471/425
f 28/468/423 249/467/421 247/474/427
f 281/451/409 28/468/423 26/459/415
f 341/452/410 281/451/409 280/461/417
f 341/452/410 25/472/426 162/475/428
f 617/460/416 619/155/152 343/168/163
f 706/478/431 165/174/169 365/1/1
f 342/471/425 721/481/434 162/475/428
f 23/477/430 343/168/163 719/479/432
f 127/464/420 245/463/419 247/473/427
f 617/460/416 26/459/415 24/156/153
f 23/477/430 161/480/433 721/481/434
f 365/1/1 585/173/168 163/482/435
f 618/149/147 245/463/419 140/150/148
f 247/474/427 618/937/147 24/156/153
f 367/4/4 366/2/2 718/484/437
f 218/938/447 240/828/448 750/167/162
f 214/200/190 570/497/450 748/201/191
f 208/243/231 567/501/453 745/232/220
f 202/268/252 563/504/455 742/269/253
f 368/499/440 20/948/876 402/130/452
f 69/502/161 298/183/176 749/186/179
f 196/299/275 560/508/459 739/300/276
f 190/337/311 556/510/461 736/327/301
f 184/357/329 553/513/463 733/351/324
f 178/398/363 550/515/465 730/392/357
f 172/426/388 523/517/467 727/419/382
f 244/490/443 573/491/444 720/522/472
f 293/129/128 587/128/127 298/183/176
f 620/528/478 382/123/122 20/529/479
f 620/528/478 368/530/480 369/532/485
f 419/535/486 370/536/487 369/532/482
f 112/537/488 1/538/489 370/536/487
f 377/18/18 369/532/485 370/536/882
f 621/19/19 377/18/18 370/536/882
f 621/19/19 370/536/882 1/538/494
f 252/29/29 622/24/24 378/41/41
f 3/540/491 1/538/489 404/539/490
f 622/24/24 621/19/19 1/538/494
f 371/546/497 3/949/491 407/547/493
f 389/549/499 372/556/502 371/546/497
f 378/41/41 371/551/500 372/950/883
f 391/560/503 373/559/505 372/950/502
f 623/42/42 378/41/41 372/950/883
f 392/558/504 6/562/507 373/559/505
f 623/42/42 372/950/883 373/559/884
f 624/51/51 623/42/42 373/559/884
f 624/51/51 373/559/884 6/562/511
f 8/563/508 6/562/507 413/561/506
f 625/60/60 624/51/51 6/562/511
f 9/566/513 8/951/508 417/567/510
f 265/75/75 626/73/73 379/573/517
f 10/952/518 9/953/513 113/954/515
f 626/73/73 625/60/60 9/572/516
f 11/580/520 10/574/518 403/576/519
f 107/93/93 379/573/517 380/101/100
f 374/583/525 11/580/520 396/582/523
f 409/955/527 14/956/529 374/957/525
f 380/101/100 374/583/528 14/596/535
f 109/100/99 627/102/101 381/118/117
f 375/588/531 14/958/529 410/589/530
f 115/591/533 15/959/538 375/588/531
f 627/102/101 380/101/100 14/596/535
f 627/102/101 375/597/536 15/599/539
f 17/604/540 15/599/538 412/598/537
f 276/121/120 628/119/118 382/123/122
f 376/608/545 17/604/540 416/606/542
f 628/119/118 381/118/117 17/604/543
f 117/960/547 20/961/876 376/962/545
f 382/123/122 376/608/548 20/529/479
f 618/937/147 21/152/150 24/156/153
f 442/963/885 636/677/618 464/964/886
f 117/614/552 453/654/599 118/131/130
f 432/615/553 433/617/555 397/524/474
f 113/618/556 454/662/605 455/619/557
f 425/620/559 464/964/886 465/621/560
f 403/578/558 455/619/557 430/626/565
f 112/630/573 422/664/607 631/631/563
f 424/613/551 389/549/887 388/550/567
f 407/547/569 119/965/888 437/628/570
f 404/966/572 631/624/563 385/623/562
f 385/623/562 456/625/564 457/967/889
f 396/968/708 405/579/566 431/627/568
f 411/590/586 399/702/640 441/679/620
f 406/969/890 404/966/572 385/623/562
f 406/969/890 385/623/562 386/970/891
f 386/970/891 457/967/889 119/965/888
f 115/591/589 400/592/588 443/644/587
f 407/547/569 406/969/890 386/970/891
f 390/557/574 389/549/887 424/613/551
f 392/633/576 391/555/892 425/620/559
f 397/524/474 433/617/555 438/935/877
f 444/971/893 413/972/506 392/633/576
f 409/973/894 408/525/475 397/524/474
f 409/973/894 397/524/474 398/936/878
f 398/936/878 438/935/877 434/667/608
f 384/639/581 383/500/895 630/132/131
f 393/641/583 413/974/506 427/642/584
f 410/589/896 409/973/894 398/936/878
f 410/589/896 398/936/878 399/702/640
f 399/702/640 439/669/641 441/679/620
f 110/655/600 384/639/581 448/690/632
f 390/557/574 440/632/575 442/963/885
f 411/590/586 410/589/896 399/702/640
f 411/590/586 441/679/620 443/644/587
f 394/975/897 393/641/583 450/976/898
f 391/555/892 442/963/885 425/620/559
f 116/653/598 401/660/604 452/659/603
f 115/591/589 443/644/587 435/637/579
f 395/645/590 394/975/897 428/646/591
f 392/633/576 426/622/561 444/971/893
f 383/500/895 402/130/129 630/132/131
f 413/974/506 444/977/893 427/642/584
f 384/639/581 445/640/582 448/690/632
f 415/978/509 413/974/506 393/641/583
f 414/603/595 446/688/629 449/651/596
f 116/653/598 452/659/603 453/654/599
f 393/641/583 447/643/585 450/976/898
f 110/655/600 448/690/632 451/656/601
f 417/567/899 415/978/509 393/641/583
f 417/567/899 393/641/583 394/975/897
f 416/658/597 449/979/596 452/659/603
f 394/975/897 450/976/898 428/646/591
f 111/657/602 451/656/601 420/649/593
f 418/568/900 417/567/899 394/975/897
f 418/568/900 394/975/897 395/645/590
f 113/618/556 395/645/590 429/647/592
f 114/665/476 396/968/708 431/627/568
f 113/618/556 418/568/900 395/645/590
f 407/547/569 386/970/891 119/965/888
f 388/550/567 387/548/571 437/628/570
f 124/671/612 458/670/611 125/719/660
f 423/611/549 437/628/636 634/676/617
f 438/935/877 433/617/555 434/667/608
f 427/642/584 466/980/642 467/678/619
f 441/679/620 439/669/610 642/668/609
f 442/963/885 440/632/575 636/677/618
f 443/644/587 441/679/620 643/680/621
f 445/640/582 118/131/130 471/682/623
f 425/620/559 442/963/885 464/964/886
f 452/981/603 645/694/634 470/721/901
f 435/637/579 443/644/587 644/681/622
f 420/649/593 459/982/902 460/685/626
f 444/971/893 426/622/561 427/704/584
f 453/654/599 470/983/901 471/682/623
f 451/656/601 633/691/633 459/982/902
f 421/984/594 460/708/626 461/709/630
f 448/690/632 445/640/582 632/683/624
f 449/692/596 446/985/629 469/693/628
f 450/976/898 447/643/585 467/678/619
f 422/695/631 461/709/630 462/696/635
f 437/628/636 119/965/888 463/698/637
f 451/656/601 448/690/632 633/691/633
f 430/626/565 639/700/638 468/699/577
f 452/659/603 449/979/596 645/986/634
f 118/131/130 453/654/599 471/682/623
f 428/646/591 450/976/898 467/678/619
f 420/649/593 451/656/601 459/982/902
f 453/654/599 452/659/603 470/983/901
f 457/987/889 462/696/635 463/710/637
f 455/619/557 454/662/605 638/686/627
f 71/701/639 717/920/867 348/136/135
f 430/626/565 455/619/557 639/700/638
f 631/624/563 422/988/607 456/625/564
f 457/967/889 456/625/564 462/989/635
f 119/965/888 457/967/889 463/698/637
f 399/702/640 398/936/878 434/667/608
f 386/970/891 385/623/562 457/967/889
f 435/637/579 644/681/622 469/687/628
f 426/622/561 465/621/560 466/703/642
f 632/990/903 471/722/665 120/706/644
f 633/705/643 632/990/903 120/706/644
f 634/991/904 463/710/649 121/675/616
f 635/711/650 634/991/904 121/675/616
f 636/712/651 635/711/650 122/674/615
f 464/713/652 122/674/615 123/673/614
f 637/717/656 467/716/655 123/673/614
f 638/992/905 637/717/656 124/671/612
f 639/718/657 638/992/905 124/671/612
f 640/636/659 468/635/658 124/671/612
f 641/993/906 640/636/659 125/719/660
f 642/994/907 641/993/906 125/719/660
f 643/995/908 642/994/907 125/719/660
f 643/995/908 125/719/660 458/670/611
f 644/720/661 643/995/908 458/670/611
f 469/693/662 458/670/611 126/672/613
f 645/694/663 469/693/662 126/672/613
f 471/722/665 126/672/613 120/706/644
f 391/555/892 390/557/574 442/963/885
f 481/727/670 660/726/669 499/996/746
f 481/727/670 499/996/746 13/728/671
f 479/731/674 659/767/720 498/732/675
f 478/733/676 498/732/675 497/734/677
f 477/735/678 658/762/712 7/736/679
f 474/741/684 657/740/683 656/742/140
f 142/745/687 655/744/686 496/749/691
f 472/746/688 653/751/693 495/997/733
f 472/746/688 495/997/733 19/747/689
f 141/748/690 142/745/687 496/749/691
f 646/483/730 647/462/418 472/746/697
f 646/483/730 472/746/697 483/723/731
f 472/746/688 141/748/690 654/750/692
f 706/478/431 364/16/16 74/10/10
f 647/462/418 484/755/699 141/748/696
f 484/755/699 647/462/418 127/464/420
f 173/26/26 704/886/834 362/440/399
f 687/795/745 13/798/671 662/797/747
f 486/399/703 473/743/707 142/745/701
f 179/758/705 702/878/826 79/38/38
f 648/381/706 474/741/909 473/743/707
f 648/381/706 487/352/711 474/741/909
f 185/53/53 700/868/818 82/760/50
f 487/352/711 475/739/710 474/741/909
f 649/761/709 488/324/716 475/739/710
f 698/763/713 85/65/65 86/67/67
f 488/324/716 476/737/680 475/739/710
f 667/146/719 7/736/679 672/810/742
f 650/306/715 477/735/678 476/737/680
f 650/306/715 489/277/722 477/735/678
f 489/277/261 650/306/282 133/308/284
f 489/277/722 478/733/676 477/735/678
f 203/92/92 694/847/798 90/95/86
f 490/252/721 479/731/674 478/733/676
f 692/262/248 354/105/104 93/107/106
f 492/771/726 480/729/672 479/731/674
f 651/212/729 481/727/670 480/729/672
f 215/113/112 690/833/784 352/227/216
f 651/212/729 652/177/910 482/725/911
f 651/212/729 482/725/911 481/727/670
f 652/177/172 651/212/202 138/178/173
f 652/177/910 493/161/732 483/723/731
f 652/177/910 483/723/731 482/725/911
f 674/753/695 19/747/689 679/998/734
f 145/804/753 673/776/752 676/999/912
f 495/773/733 668/779/737 679/774/734
f 653/778/693 670/1000/736 668/779/737
f 653/751/693 654/750/692 676/999/738
f 654/750/692 496/749/691 676/999/738
f 496/749/691 678/815/913 676/999/738
f 496/749/691 681/784/740 678/815/913
f 655/744/686 683/783/739 681/784/740
f 2/1001/698 656/141/140 494/140/139
f 657/488/683 584/139/138 656/141/140
f 4/757/704 5/738/681 667/146/719
f 657/1002/683 4/1003/704 663/1004/762
f 657/740/683 663/812/762 584/142/138
f 5/738/681 7/736/679 667/146/719
f 4/1003/704 665/1005/718 663/1004/762
f 658/786/712 675/1006/914 672/787/742
f 658/786/712 497/791/677 677/1007/915
f 658/786/712 677/1007/915 675/1006/914
f 497/791/677 680/790/743 677/1007/915
f 498/789/675 682/1008/916 680/790/743
f 498/732/675 684/792/744 682/817/916
f 12/794/673 13/798/671 687/795/745
f 659/767/720 686/1009/917 684/792/744
f 659/767/720 687/821/745 686/1009/917
f 499/796/746 664/800/748 662/797/747
f 660/799/669 666/1010/918 664/800/748
f 16/724/667 18/772/728 674/753/695
f 660/726/669 16/724/667 669/807/919
f 660/726/669 669/807/919 666/1011/918
f 18/486/728 19/1012/689 674/1013/695
f 16/724/667 671/752/694 669/807/919
f 143/801/749 679/998/920 668/802/750
f 144/803/751 668/802/750 670/777/921
f 144/803/751 670/777/921 673/776/752
f 145/804/753 661/785/741 144/803/751
f 146/816/767 661/785/741 145/804/753
f 204/258/244 565/503/454 743/259/245
f 147/819/771 661/785/741 146/816/767
f 148/144/142 661/785/741 147/819/771
f 150/145/143 661/785/741 149/143/141
f 174/413/377 549/516/466 728/414/378
f 151/147/145 661/785/741 150/145/143
f 152/811/761 661/785/741 151/147/145
f 192/323/298 558/509/460 737/319/294
f 153/814/765 661/785/741 152/811/761
f 154/818/769 661/785/741 153/814/765
f 155/820/773 661/785/741 154/818/769
f 212/223/212 238/836/787 747/211/201
f 156/822/775 661/785/741 155/820/773
f 157/823/776 661/785/741 156/822/775
f 158/806/755 661/785/741 157/823/776
f 159/808/757 661/785/741 158/806/755
f 160/809/759 661/785/741 159/808/757
f 186/347/320 555/511/462 734/341/315
f 143/801/749 661/785/741 160/809/759
f 158/806/755 666/1011/922 669/807/756
f 159/808/757 669/807/756 671/752/758
f 151/147/145 667/146/144 672/810/760
f 160/809/759 671/752/758 674/753/763
f 152/811/761 672/810/760 675/1014/923
f 149/143/141 584/142/138 663/812/762
f 152/811/761 675/1014/923 677/813/764
f 145/804/753 676/999/912 678/815/766
f 143/801/749 674/753/763 679/998/920
f 153/814/765 677/813/764 680/1015/924
f 146/816/767 678/815/766 681/784/925
f 153/814/765 680/1015/924 682/817/768
f 146/816/767 681/784/925 683/783/770
f 154/818/769 682/817/768 684/792/772
f 147/819/771 683/783/770 685/769/926
f 155/820/773 684/792/772 686/1009/927
f 198/297/274 562/507/458 740/294/271
f 147/819/771 685/769/926 494/148/146
f 180/386/352 552/514/464 731/387/353
f 155/820/773 686/1009/927 687/821/774
f 150/145/143 663/812/762 665/766/879
f 157/823/776 687/821/774 662/1016/928
f 157/823/776 662/1016/928 664/824/777
f 168/947/402 526/894/469 725/436/395
f 158/806/755 664/824/777 666/1011/922
f 688/825/778 572/1017/782 219/191/184
f 572/1017/782 688/825/778 542/827/780
f 573/491/444 750/167/162 542/827/780
f 241/523/473 500/921/868 532/506/457
f 689/829/781 571/918/865 217/206/196
f 210/230/219 569/498/451 746/222/211
f 573/491/444 242/826/779 501/922/869
f 571/918/865 689/829/781 503/832/783
f 690/833/784 505/838/789 213/228/217
f 505/838/789 690/833/784 541/835/786
f 570/497/450 747/211/201 541/835/786
f 206/246/234 236/842/793 744/242/230
f 691/837/788 568/915/862 211/236/224
f 570/497/450 239/834/785 504/919/866
f 568/915/862 691/837/788 506/839/790
f 692/262/248 566/845/796 207/844/795
f 566/845/796 692/262/248 540/841/792
f 567/501/453 744/242/230 540/841/792
f 200/281/265 234/850/801 741/285/251
f 693/843/794 564/912/859 205/273/257
f 567/501/453 237/840/791 507/916/863
f 564/912/859 693/843/794 508/846/797
f 694/944/798 510/854/804 201/853/803
f 510/854/804 694/944/798 539/851/800
f 563/504/455 741/267/251 539/849/800
f 194/316/292 232/858/808 738/311/287
f 695/852/802 561/910/857 199/909/856
f 563/504/455 235/848/799 509/913/860
f 561/910/857 695/852/802 511/855/805
f 696/765/717 559/860/810 195/322/297
f 559/860/810 696/765/717 538/857/807
f 560/508/459 738/311/287 538/857/807
f 188/342/316 230/864/814 735/336/310
f 697/859/809 557/906/853 193/330/304
f 560/508/459 233/856/806 512/911/858
f 557/906/853 697/859/809 513/861/811
f 698/763/713 515/866/816 189/364/336
f 515/866/816 698/763/713 537/863/813
f 556/510/461 735/336/310 537/863/813
f 182/371/340 228/873/821 732/374/341
f 699/865/815 554/903/850 187/361/333
f 556/510/461 231/862/812 514/907/854
f 554/903/850 699/865/815 516/867/817
f 700/872/818 518/876/824 183/875/823
f 518/876/824 700/872/818 536/871/820
f 553/1018/463 732/374/341 536/871/820
f 176/412/376 226/881/829 729/405/369
f 701/874/822 551/900/847 181/899/846
f 553/513/463 229/869/819 517/904/851
f 551/900/847 701/874/822 519/877/825
f 702/878/826 521/884/832 177/883/831
f 521/884/832 702/878/826 535/880/828
f 550/515/465 729/405/369 535/880/828
f 170/428/390 224/518/468 726/429/391
f 703/882/830 548/896/843 175/422/385
f 550/515/465 227/879/827 520/901/848
f 548/896/843 703/882/830 522/885/833
f 704/886/834 525/890/838 171/441/400
f 164/470/424 222/520/470 723/448/406
f 525/890/838 704/886/834 534/888/836
f 523/517/467 726/429/391 534/888/836
f 705/889/837 547/1019/840 169/457/412
f 162/475/428 545/527/477 722/476/429
f 547/1019/840 705/889/837 527/891/839
f 706/478/431 529/175/170 165/174/169
f 529/175/170 706/478/431 533/170/165
f 546/169/164 223/171/166 528/893/841
f 546/169/164 723/448/406 533/170/165
f 571/918/865 502/496/449 504/919/866
f 544/505/456 719/479/432 532/506/457
f 719/479/432 544/505/456 161/480/433
f 707/489/442 500/921/868 71/701/639
f 216/185/178 502/496/449 749/186/179
f 500/921/868 707/489/442 532/506/457
f 297/198/174 299/194/187 588/199/189
f 110/655/483 369/1020/482 368/499/440
f 544/505/456 221/493/446 531/492/445
f 545/527/477 543/805/754 530/176/171
f 545/527/477 721/481/434 531/492/445
f 222/520/470 722/476/429 530/176/171
f 708/11/11 223/171/166 167/12/12
f 161/480/433 544/505/456 721/481/434
f 223/171/166 708/11/11 528/893/841
f 526/519/469 724/450/408 528/893/841
f 224/518/468 725/436/395 527/891/839
f 709/895/842 225/887/835 173/26/26
f 166/449/407 546/169/164 724/450/408
f 225/887/835 709/895/842 524/897/844
f 549/516/466 548/896/843 522/885/833
f 549/516/466 727/419/382 524/897/844
f 226/881/829 728/414/378 522/885/833
f 710/898/845 227/879/827 179/758/705
f 227/879/827 710/898/845 520/901/848
f 552/514/464 551/900/847 519/877/825
f 552/514/464 730/392/357 520/901/848
f 228/873/821 731/387/353 519/877/825
f 711/902/849 229/869/819 185/53/53
f 229/869/819 711/902/849 517/904/851
f 555/511/462 554/903/850 516/867/817
f 555/511/462 733/351/324 517/904/851
f 230/864/814 734/341/315 516/867/817
f 712/905/852 231/862/812 191/764/714
f 231/862/812 712/905/852 514/907/854
f 558/509/460 557/906/853 513/861/811
f 558/509/460 736/327/301 514/907/854
f 232/858/808 737/319/294 513/861/811
f 713/908/855 233/856/806 197/78/78
f 233/856/806 713/908/855 512/911/858
f 562/507/458 561/910/857 511/855/805
f 562/507/458 739/300/276 512/911/858
f 234/850/801 740/294/271 511/855/805
f 714/91/91 235/848/799 203/92/92
f 235/848/799 714/91/91 509/913/860
f 565/503/454 564/912/859 508/846/797
f 565/503/454 742/269/253 509/913/860
f 236/842/793 743/259/245 508/846/797
f 715/914/861 237/840/791 209/770/725
f 237/840/791 715/914/861 507/916/863
f 569/498/451 568/915/862 506/839/790
f 569/498/451 745/232/220 507/916/863
f 238/836/787 746/222/211 506/839/790
f 716/917/864 239/834/785 215/113/112
f 239/834/785 716/917/864 504/919/866
f 502/496/449 748/201/191 504/919/866
f 240/495/448 749/186/179 503/832/783
f 717/920/867 242/826/779 220/133/132
f 242/826/779 717/920/867 501/922/869
f 241/523/473 720/522/472 501/922/869
f 501/922/869 500/921/868 241/523/473
f 503/832/783 502/496/449 571/918/865
f 572/1017/782 240/828/448 503/1021/783
f 238/836/787 505/838/789 541/835/786
f 506/839/790 505/838/789 238/836/787
f 566/845/796 236/842/793 508/846/797
f 234/850/801 510/854/804 539/851/800
f 511/855/805 510/854/804 234/850/801
f 559/860/810 232/858/808 513/861/811
f 230/864/814 515/866/816 537/863/813
f 516/867/817 515/866/816 230/864/814
f 228/873/821 518/876/824 536/871/820
f 519/877/825 518/876/824 228/873/821
f 226/881/829 521/884/832 535/880/828
f 547/892/840 526/519/469 528/893/841
f 522/885/833 521/884/832 226/881/829
f 224/518/468 525/890/838 534/888/836
f 524/897/844 523/517/467 225/887/835
f 527/891/839 525/890/838 224/518/468
f 527/891/839 526/894/469 547/1019/840
f 222/520/470 529/175/170 533/170/165
f 530/176/171 529/175/170 222/520/470
f 531/492/445 718/484/437 543/805/754
f 587/128/127 588/199/189 300/187/180
f 235/848/799 563/504/455 539/849/800
f 243/521/471 22/924/870 295/159/156
f 719/479/432 343/168/163 22/924/870
f 720/522/472 295/159/156 72/160/157
f 225/887/835 523/517/467 534/888/836
f 538/857/807 232/858/808 559/860/810
f 540/841/792 236/842/793 566/845/796
f 542/827/780 240/828/448 572/1017/782
f 367/4/4 707/489/442 71/701/639
f 72/160/157 296/165/160 750/167/162
f 647/462/418 646/483/436 245/463/419
f 100/8/8 246/928/873 348/925/871
f 365/1/1 165/174/169 585/173/168
f 177/883/831 703/882/830 78/35/35
f 183/875/823 701/874/822 81/46/46
f 195/322/297 697/859/809 358/332/306
f 201/853/803 695/852/802 89/83/83
f 213/228/217 691/837/788 353/238/226
f 219/830/184 689/829/781 350/205/195
f 217/206/196 716/917/864 351/112/111
f 199/909/856 713/908/855 356/77/77
f 81/46/46 181/899/846 710/898/845
f 163/482/435 718/484/437 366/2/2
f 998/1022/929 874/1023/930 870/1024/931
f 945/1025/932 1037/1026/933 998/1022/929
f 870/1024/931 789/1027/934 760/1028/935
f 792/1029/936 781/1030/937 978/1031/938
f 792/1029/936 871/1032/939 999/1033/940
f 999/1033/940 782/1034/941 781/1030/937
f 772/1035/942 1000/1036/943 871/1032/939
f 791/1037/944 802/1038/945 1000/1036/943
f 871/1032/939 1000/1036/943 757/1039/946
f 999/1033/940 1001/1040/947 784/1041/948
f 999/1033/940 757/1039/946 1001/1040/947
f 780/1042/949 872/1043/950 788/1044/951
f 788/1044/951 768/1045/952 874/1023/930
f 1003/1046/953 793/1047/954 780/1042/949
f 967/1048/955 1003/1046/953 780/1042/949
f 872/1043/950 1004/1049/956 768/1045/952
f 873/1050/957 790/1051/958 789/1027/934
f 874/1023/930 873/1050/957 789/1027/934
f 1001/1040/947 752/1052/959 784/1041/948
f 757/1039/946 875/1053/960 1001/1040/947
f 875/1053/960 876/1054/961 1001/1040/947
f 1000/1036/943 1002/1055/962 875/1053/960
f 802/1038/945 804/1056/963 1002/1055/962
f 803/1057/964 794/1058/965 1002/1055/962
f 1002/1055/962 758/1059/966 875/1053/960
f 876/1054/961 1005/1060/967 752/1052/959
f 875/1053/960 758/1059/966 876/1054/961
f 783/1061/968 793/1047/954 1003/1046/953
f 877/1062/969 1004/1049/956 793/1047/954
f 769/1063/970 878/1064/971 877/1062/969
f 1007/1065/972 804/1056/963 878/1064/971
f 804/1056/963 802/1038/945 873/1050/957
f 1004/1049/956 878/1064/971 873/1050/957
f 1005/1060/967 1052/1066/973 752/1052/959
f 758/1059/966 795/1067/974 1005/1060/967
f 803/1057/964 879/1068/975 794/1058/965
f 794/1058/965 879/1068/975 758/1059/966
f 761/1069/976 805/1070/977 879/1068/975
f 879/1068/975 796/1071/978 758/1059/966
f 879/1068/975 797/1072/979 796/1071/978
f 785/1073/980 1006/1074/981 783/1061/968
f 798/1075/982 880/1076/983 1006/1074/981
f 759/1077/984 761/1069/976 880/1076/983
f 880/1076/983 803/1057/964 1007/1065/972
f 786/1078/985 881/1079/986 1049/1080/987
f 800/1081/988 1010/1082/989 1008/1083/990
f 806/1084/991 805/1070/977 759/1077/984
f 881/1079/986 798/1075/982 785/1073/980
f 881/1079/986 759/1077/984 798/1075/982
f 882/1085/992 883/1086/993 1010/1082/989
f 1009/1087/994 882/1085/992 799/1088/995
f 755/1089/996 795/1067/974 882/1085/992
f 882/1085/992 797/1072/979 883/1086/993
f 883/1086/993 805/1070/977 806/1084/991
f 799/1088/995 1010/1082/989 800/1081/988
f 1011/1090/997 811/1091/998 828/1092/999
f 828/1092/999 811/1091/998 754/1093/1000
f 884/1094/1001 885/1095/1002 1011/1090/997
f 1011/1090/997 885/1095/1002 811/1091/998
f 840/1096/1003 997/1097/1004 885/1095/1002
f 764/1098/1005 840/1096/1003 884/1094/1001
f 775/1099/1006 1012/1100/1007 809/1101/1008
f 810/1102/1009 988/1103/1010 775/1099/1006
f 992/1104/1011 840/1096/1003 764/1098/1005
f 764/1098/1005 884/1094/1001 826/1105/1012
f 1012/1100/1007 826/1105/1012 1014/1106/1013
f 831/1107/1014 887/1108/1015 815/1109/1016
f 763/1110/1017 888/1111/1018 831/1107/1014
f 827/1112/1019 1011/1090/997 886/1113/1020
f 842/1114/1021 827/1112/1019 886/1113/1020
f 888/1111/1018 828/1092/999 887/1108/1015
f 814/1115/1022 828/1092/999 754/1093/1000
f 812/1116/1023 889/1117/1024 818/1118/1025
f 812/1116/1023 1013/1119/1026 889/1117/1024
f 813/1120/1027 809/1101/1008 1013/1119/1026
f 1012/1100/1007 1014/1106/1013 1013/1119/1026
f 1013/1119/1026 1014/1106/1013 889/1117/1024
f 1014/1106/1013 842/1114/1021 770/1121/1028
f 826/1105/1012 827/1112/1019 842/1114/1021
f 842/1114/1021 841/1122/1029 830/1123/1030
f 834/1124/1031 891/1125/1032 835/1126/1033
f 891/1125/1032 819/1127/1034 820/1128/1035
f 833/1129/1036 843/1130/1037 897/1131/1038
f 844/1132/1039 1016/1133/1040 1015/1134/1041
f 1015/1134/1041 890/1135/1042 834/1124/1031
f 844/1132/1039 763/1110/1017 1016/1133/1040
f 1016/1133/1040 763/1110/1017 890/1135/1042
f 890/1135/1042 1017/1136/1043 891/1125/1032
f 890/1135/1042 831/1107/1014 1017/1136/1043
f 1017/1136/1043 815/1109/1016 819/1127/1034
f 892/1137/1044 895/1138/1045 1018/1139/1046
f 816/1140/1047 832/1141/1048 822/1142/1049
f 829/1143/1050 893/1144/1051 1019/1145/1052
f 817/1146/1053 1018/1139/1046 816/1140/1047
f 818/1118/1025 1019/1145/1052 817/1146/1053
f 889/1117/1024 829/1143/1050 1019/1145/1052
f 1019/1145/1052 892/1137/1044 1018/1139/1046
f 830/1123/1030 894/1147/1054 893/1144/1051
f 770/1121/1028 830/1123/1030 893/1144/1051
f 841/1122/1029 844/1132/1039 894/1147/1054
f 893/1144/1051 894/1147/1054 1020/1148/1055
f 1020/1148/1055 843/1130/1037 833/1129/1036
f 895/1138/1045 1020/1148/1055 833/1129/1036
f 893/1144/1051 1020/1148/1055 895/1138/1045
f 894/1147/1054 843/1130/1037 1020/1148/1055
f 898/1149/1056 808/1150/1057 1023/1151/1058
f 1023/1151/1058 808/1150/1057 753/1152/1059
f 1026/1153/1060 898/1149/1056 1023/1151/1058
f 898/1149/1056 807/1154/1061 808/1150/1057
f 846/1155/1062 896/1156/1063 1026/1153/1060
f 1021/1157/1064 897/1131/1038 896/1156/1063
f 896/1156/1063 835/1126/1033 898/1149/1056
f 897/1131/1038 834/1124/1031 835/1126/1033
f 835/1126/1033 820/1128/1035 807/1154/1061
f 821/1158/1065 836/1159/1066 824/1160/1067
f 899/1161/1068 900/1162/1069 902/1163/1070
f 822/1142/1049 899/1161/1068 821/1158/1065
f 832/1141/1048 895/1138/1045 900/1162/1069
f 901/1164/1071 833/1129/1036 1021/1157/1064
f 900/1162/1069 833/1129/1036 901/1164/1071
f 1022/1165/1072 845/1166/1073 846/1155/1062
f 902/1163/1070 901/1164/1071 1022/1165/1072
f 901/1164/1071 1021/1157/1064 845/1166/1073
f 903/1167/1074 905/1168/1075 836/1159/1066
f 824/1160/1067 836/1159/1066 823/1169/1076
f 846/1155/1062 847/1170/1077 1022/1165/1072
f 1022/1165/1072 903/1167/1074 902/1163/1070
f 847/1170/1077 838/1171/1078 904/1172/1079
f 847/1170/1077 904/1172/1079 903/1167/1074
f 904/1172/1079 839/1173/1080 905/1168/1075
f 903/1167/1074 904/1172/1079 905/1168/1075
f 905/1168/1075 839/1173/1080 823/1169/1076
f 1024/1174/1081 906/1175/1082 1023/1151/1058
f 906/1175/1082 1026/1153/1060 1023/1151/1058
f 837/1176/1083 906/1175/1082 1024/1174/1081
f 1025/1177/1084 847/1170/1077 906/1175/1082
f 906/1175/1082 846/1155/1062 1026/1153/1060
f 756/1178/1085 765/1179/1086 998/1022/929
f 908/1180/1087 995/1181/1088 810/1102/1009
f 1027/1182/1089 995/1181/1088 908/1180/1087
f 810/1102/1009 995/1181/1088 988/1103/1010
f 765/1183/1090 1027/1182/1091 908/1180/1092
f 940/1184/1093 910/1185/1094 941/1186/1095
f 1052/1066/973 910/1185/1094 940/1184/1093
f 848/1187/1096 1036/1188/1097 909/1189/1098
f 755/1089/996 848/1187/1096 910/1185/1094
f 1028/1190/1099 837/1176/1083 1024/1174/1081
f 910/1191/1094 1029/1192/1100 849/1193/1101
f 910/1191/1094 909/1194/1098 1029/1192/1100
f 909/1194/1098 1028/1190/1099 1029/1192/1100
f 1029/1192/1100 1024/1174/1081 753/1152/1059
f 1032/1195/1102 771/1196/1103 1030/1197/1104
f 850/1198/1105 1032/1195/1102 1031/1199/1106
f 1003/1046/953 1031/1199/1106 783/1061/968
f 850/1198/1105 851/1200/1107 1032/1195/1102
f 851/1200/1107 1033/1201/1108 1032/1195/1102
f 1048/1202/1109 1034/1203/1110 1033/1204/1108
f 1034/1203/1110 817/1146/1053 911/1205/1111
f 1033/1204/1108 911/1205/1111 771/1206/1103
f 852/1207/1112 818/1118/1025 1034/1203/1110
f 911/1205/1111 816/1140/1047 853/1208/1113
f 911/1205/1111 853/1208/1113 1046/1209/1114
f 912/1210/1115 915/1211/1116 1035/1212/1117
f 799/1088/995 1035/1212/1117 1009/1087/994
f 912/1210/1115 913/1213/1118 915/1211/1116
f 1035/1212/1117 1036/1188/1097 848/1187/1096
f 1035/1212/1117 848/1187/1096 1009/1087/994
f 800/1081/988 912/1210/1115 799/1088/995
f 857/1214/1119 858/1215/1120 912/1210/1115
f 858/1215/1121 859/1216/1122 913/1213/1118
f 913/1217/1123 860/1218/1124 914/1219/1125
f 1036/1220/1097 914/1219/1125 837/1176/1083
f 914/1219/1125 1025/1177/1084 837/1176/1083
f 856/1221/1126 948/1222/1127 855/1223/1128
f 751/1224/1129 774/1225/1130 856/1221/1126
f 998/1022/929 916/1226/1131 945/1025/932
f 916/1227/1132 908/1180/1092 917/1228/1133
f 945/1025/932 774/1225/1130 1037/1026/933
f 1037/1026/933 774/1225/1130 751/1224/1129
f 866/1229/1134 918/1230/1135 865/1231/1136
f 866/1232/1134 1038/1233/1137 918/1234/1135
f 866/1232/1134 825/1235/1138 1038/1233/1137
f 1038/1233/1137 825/1235/1138 997/1097/1004
f 870/1024/931 1039/1236/1139 989/1237/1140
f 1038/1233/1137 997/1097/1004 986/1238/1141
f 865/1231/1136 787/1239/1142 919/1240/1143
f 787/1239/1142 772/1035/942 919/1240/1143
f 787/1239/1142 1039/1236/1139 772/1035/942
f 1039/1236/1139 760/1028/935 772/1035/942
f 760/1028/935 790/1051/958 791/1037/944
f 760/1028/935 789/1027/934 790/1051/958
f 919/1240/1143 772/1035/942 792/1029/936
f 792/1029/936 978/1031/938 779/1241/1144
f 864/1242/1145 924/1243/1146 923/1244/1147
f 784/1041/948 920/1245/1148 864/1242/1145
f 920/1245/1148 921/1246/1149 924/1243/1146
f 752/1052/959 861/1247/1150 920/1245/1148
f 861/1247/1150 944/1248/1151 921/1246/1149
f 921/1249/1149 1053/1250/1152 922/1251/1153
f 922/1251/1153 862/1252/1154 819/1127/1034
f 923/1253/1147 922/1251/1153 1040/1254/1155
f 863/1255/1156 819/1127/1034 815/1109/1016
f 1040/1254/1155 922/1251/1153 863/1255/1156
f 1042/1256/1157 1041/1257/1158 786/1078/1159
f 1041/1257/1160 801/1258/1161 786/1078/985
f 1042/1259/1157 869/1260/1162 925/1261/1163
f 869/1260/1162 838/1171/1078 926/1262/1164
f 926/1262/1164 860/1218/1124 859/1263/1165
f 925/1261/1163 926/1262/1164 766/1264/1166
f 838/1171/1078 1025/1177/1084 860/1218/1124
f 927/1265/1167 857/1214/1119 1043/1266/1168
f 1041/1257/1160 1008/1083/990 801/1258/1161
f 927/1265/1167 1043/1266/1168 1041/1257/1158
f 927/1265/1167 766/1267/1169 858/1215/1121
f 1043/1266/1168 800/1081/988 1008/1083/990
f 1045/1268/1170 773/1269/1171 1044/1270/1172
f 1030/1197/1104 1045/1268/1170 1044/1270/1172
f 783/1061/968 1044/1270/1172 785/1073/980
f 771/1196/1103 1046/1271/1114 1045/1268/1170
f 853/1208/1113 822/1142/1049 928/1272/1173
f 1046/1209/1114 928/1272/1173 773/1273/1171
f 773/1273/1171 1047/1274/1174 767/1275/1175
f 928/1272/1173 821/1158/1065 1047/1274/1174
f 919/1240/1143 929/1276/1176 865/1231/1136
f 865/1231/1136 930/1277/1177 866/1229/1134
f 779/1241/1144 952/1278/1178 950/1279/1179
f 978/1031/938 953/1280/1180 952/1278/1178
f 850/1198/1105 933/1281/1181 851/1200/1107
f 780/1042/949 751/1224/1129 967/1048/955
f 856/1221/1126 964/1282/1182 962/1283/1183
f 965/1284/1184 1048/1202/1109 851/1285/1107
f 935/1286/1185 852/1207/1112 1048/1202/1109
f 935/1286/1185 966/1287/1186 852/1207/1112
f 966/1287/1186 812/1116/1023 852/1207/1112
f 1049/1080/987 937/1288/1187 786/1078/1159
f 785/1073/980 1044/1270/1172 1049/1080/987
f 1044/1270/1172 767/1289/1175 1049/1080/987
f 1050/1290/1188 823/1169/1076 936/1291/1189
f 1047/1274/1174 824/1160/1067 1050/1290/1188
f 936/1291/1189 839/1173/1080 869/1260/1162
f 767/1275/1175 936/1291/1189 937/1292/1187
f 781/1030/937 782/1034/941 982/1293/1190
f 781/1030/937 982/1293/1190 979/1294/1191
f 781/1030/937 776/1295/1192 978/1031/938
f 784/1041/948 864/1242/1145 782/1034/941
f 938/1296/1193 923/1244/1147 984/1297/1194
f 864/1242/1145 938/1296/1193 976/1298/1195
f 863/1255/1156 815/1109/1016 887/1108/1015
f 984/1299/1194 863/1255/1156 939/1300/1196
f 868/1301/1197 985/1302/1198 754/1093/1000
f 867/1303/1199 1051/1304/1200 868/1301/1197
f 752/1052/959 1052/1066/973 861/1247/1150
f 940/1184/1093 941/1186/1095 944/1248/1151
f 941/1305/1095 849/1193/1101 943/1306/1201
f 849/1193/1101 753/1152/1059 808/1150/1057
f 942/1307/1202 808/1150/1057 807/1154/1061
f 943/1306/1201 808/1150/1057 942/1307/1202
f 944/1308/1151 943/1306/1201 1053/1250/1152
f 862/1252/1154 807/1154/1061 820/1128/1035
f 917/1228/1133 1055/1309/1203 1056/1310/1204
f 917/1228/1133 1056/1310/1204 916/1227/1132
f 775/1099/1006 1055/1309/1205 917/1228/1206
f 1055/1309/1203 1054/1311/1207 1056/1310/1204
f 948/1312/1127 946/1313/1208 854/1314/1209
f 916/1226/1131 1056/1315/1210 945/1025/932
f 947/1316/1211 948/1222/1127 774/1225/1130
f 948/1312/1127 947/1317/1211 946/1313/1208
f 775/1099/1006 809/1101/1008 1054/1311/1212
f 951/1318/1213 961/1319/1214 954/1320/1215
f 954/1320/1215 958/1321/1216 931/1322/1217
f 930/1323/1177 956/1324/1218 932/1325/1219
f 825/1235/1138 932/1325/1219 951/1318/1213
f 754/1093/1000 954/1320/1215 868/1301/1197
f 868/1301/1197 931/1322/1217 867/1303/1199
f 929/1276/1176 955/1326/1220 930/1277/1177
f 779/1241/1144 955/1326/1220 929/1276/1176
f 811/1091/998 954/1320/1215 754/1093/1000
f 950/1279/1179 957/1327/1221 960/1328/1222
f 957/1327/1221 958/1329/1216 960/1328/1223
f 950/1279/1179 960/1328/1222 959/1330/1224
f 960/1331/1223 958/1321/1216 961/1319/1214
f 955/1332/1220 959/1333/1225 956/1324/1218
f 949/1334/1226 950/1279/1179 955/1326/1220
f 958/1329/1216 957/1327/1221 953/1280/1180
f 972/1335/1227 973/1336/1228 965/1337/1184
f 854/1314/1209 934/1338/1229 855/1339/1128
f 1013/1119/1026 812/1116/1023 963/1340/1230
f 971/1341/1231 973/1336/1228 972/1335/1227
f 973/1342/1228 970/1343/1232 968/1344/1233
f 1057/1345/1234 969/1346/1235 970/1343/1236
f 934/1338/1237 1057/1345/1234 970/1343/1236
f 1057/1345/1234 963/1340/1230 969/1346/1235
f 964/1282/1238 971/1341/1231 962/1283/1183
f 934/1347/1239 971/1341/1240 964/1282/1241
f 975/1348/1242 1058/1349/1243 981/1350/1244
f 984/1297/1194 977/1351/1245 938/1296/1193
f 782/1034/941 976/1298/1195 982/1293/1190
f 867/1352/1199 1058/1349/1243 975/1348/1246
f 978/1031/938 1058/1349/1243 867/1352/1199
f 985/1302/1198 974/1353/1247 814/1115/1022
f 814/1115/1022 980/1354/1248 887/1108/1015
f 982/1293/1190 777/1355/1249 983/1356/1250
f 979/1294/1251 982/1293/1190 981/1350/1252
f 983/1357/1250 974/1353/1253 981/1358/1252
f 939/1300/1196 777/1359/1249 984/1299/1194
f 980/1354/1248 777/1359/1249 939/1300/1196
f 1051/1304/1200 974/1353/1247 985/1302/1198
f 976/1298/1195 977/1351/1245 982/1293/1190
f 987/1360/1254 778/1361/1255 1039/1236/1139
f 907/1362/1256 993/1363/1257 994/1364/1258
f 865/1231/1136 987/1360/1254 787/1239/1142
f 996/1365/1259 987/1360/1254 865/1231/1136
f 990/1366/1260 994/1364/1258 993/1363/1257
f 994/1367/1261 991/1368/1262 995/1181/1088
f 990/1369/1263 991/1368/1262 994/1367/1261
f 996/1370/1264 986/1238/1141 991/1368/1262
f 986/1238/1141 992/1104/1011 991/1368/1262
f 986/1238/1141 997/1097/1004 992/1104/1011
f 996/1370/1264 991/1368/1262 990/1369/1263
f 996/1365/1259 990/1366/1265 987/1360/1254
f 756/1178/1085 989/1237/1140 993/1363/1257
f 1305/1371/1266 1182/1372/1267 1178/1373/1268
f 1224/1374/1269 1344/1375/1270 1305/1371/1266
f 1178/1373/1268 1097/1376/1271 1068/1377/1272
f 1100/1378/1273 1089/1379/1274 1285/1380/1275
f 1100/1378/1273 1179/1381/1276 1306/1382/1277
f 1306/1382/1277 1090/1383/1278 1089/1379/1274
f 1080/1384/1279 1307/1385/1280 1179/1381/1276
f 1099/1386/1281 1110/1387/1282 1307/1385/1280
f 1179/1381/1276 1307/1385/1280 1065/1388/1283
f 1306/1382/1277 1308/1389/1284 1092/1390/1285
f 1306/1382/1277 1065/1388/1283 1308/1389/1284
f 1088/1391/1286 1180/1392/1287 1096/1393/1288
f 1096/1393/1288 1076/1394/1289 1182/1372/1267
f 1310/1395/1290 1101/1396/1291 1088/1391/1286
f 1274/1397/1292 1310/1395/1290 1088/1391/1286
f 1180/1392/1287 1311/1398/1293 1076/1394/1289
f 1181/1399/1294 1098/1400/1295 1097/1376/1271
f 1182/1372/1267 1181/1399/1294 1097/1376/1271
f 1308/1389/1284 1060/1401/1296 1092/1390/1285
f 1065/1388/1283 1183/1402/1297 1308/1389/1284
f 1183/1402/1297 1184/1403/1298 1308/1389/1284
f 1307/1385/1280 1309/1404/1299 1183/1402/1297
f 1110/1387/1282 1112/1405/1300 1309/1404/1299
f 1111/1406/1301 1102/1407/1302 1309/1404/1299
f 1309/1404/1299 1066/1408/1303 1183/1402/1297
f 1184/1403/1298 1312/1409/1304 1060/1401/1296
f 1183/1402/1297 1066/1408/1303 1184/1403/1298
f 1091/1410/1305 1101/1396/1291 1310/1395/1290
f 1185/1411/1306 1311/1398/1293 1101/1396/1291
f 1077/1412/1307 1186/1413/1308 1185/1411/1306
f 1314/1414/1309 1112/1405/1300 1186/1413/1308
f 1112/1405/1300 1110/1387/1282 1181/1399/1294
f 1311/1398/1293 1186/1413/1308 1181/1399/1294
f 1312/1409/1304 1359/1415/1310 1060/1401/1296
f 1066/1408/1303 1103/1416/1311 1312/1409/1304
f 1111/1406/1301 1187/1417/1312 1102/1407/1302
f 1102/1407/1302 1187/1417/1312 1066/1408/1303
f 1069/1418/1313 1113/1419/1314 1187/1417/1312
f 1187/1417/1312 1104/1420/1315 1066/1408/1303
f 1187/1417/1312 1105/1421/1316 1104/1420/1315
f 1093/1422/1317 1313/1423/1318 1091/1410/1305
f 1106/1424/1319 1188/1425/1320 1313/1423/1318
f 1067/1426/1321 1069/1418/1313 1188/1425/1320
f 1188/1425/1320 1111/1406/1301 1314/1414/1309
f 1094/1427/1322 1189/1428/1323 1356/1429/1324
f 1108/1430/1325 1317/1431/1326 1315/1432/1327
f 1114/1433/1328 1113/1419/1314 1067/1426/1321
f 1189/1428/1323 1106/1424/1319 1093/1422/1317
f 1189/1428/1323 1067/1426/1321 1106/1424/1319
f 1190/1434/1329 1191/1435/1330 1317/1431/1326
f 1316/1436/1331 1190/1434/1329 1107/1437/1332
f 1063/1438/1333 1103/1416/1311 1190/1434/1329
f 1190/1434/1329 1105/1421/1316 1191/1435/1330
f 1191/1435/1330 1113/1419/1314 1114/1433/1328
f 1107/1437/1332 1317/1431/1326 1108/1430/1325
f 1318/1439/1334 1119/1440/1335 1136/1441/1336
f 1136/1441/1336 1119/1440/1335 1062/1442/1337
f 1192/1443/1338 1193/1444/1339 1318/1439/1334
f 1318/1439/1334 1193/1444/1339 1119/1440/1335
f 1148/1445/1340 1304/1446/1341 1193/1444/1339
f 1072/1447/1342 1148/1445/1340 1192/1443/1338
f 1083/1448/1343 1319/1449/1344 1117/1450/1345
f 1118/1451/1346 1295/1452/1347 1083/1448/1343
f 1299/1453/1348 1148/1445/1340 1072/1447/1342
f 1072/1447/1342 1192/1443/1338 1134/1454/1349
f 1319/1449/1344 1134/1454/1349 1321/1455/1350
f 1139/1456/1351 1195/1457/1352 1123/1458/1353
f 1071/1459/1354 1196/1460/1355 1139/1456/1351
f 1135/1461/1356 1318/1439/1334 1194/1462/1357
f 1150/1463/1358 1135/1461/1356 1194/1462/1357
f 1196/1460/1355 1136/1441/1336 1195/1457/1352
f 1122/1464/1359 1136/1441/1336 1062/1442/1337
f 1120/1465/1360 1197/1466/1361 1126/1467/1362
f 1120/1465/1360 1320/1468/1363 1197/1466/1361
f 1121/1469/1364 1117/1450/1345 1320/1468/1363
f 1319/1449/1344 1321/1455/1350 1320/1468/1363
f 1320/1468/1363 1321/1455/1350 1197/1466/1361
f 1321/1455/1350 1150/1463/1358 1078/1470/1365
f 1134/1454/1349 1135/1461/1356 1150/1463/1358
f 1150/1463/1358 1149/1471/1366 1138/1472/1367
f 1142/1473/1368 1199/1474/1369 1143/1475/1370
f 1199/1474/1369 1127/1476/1371 1128/1128/1372
f 1141/1477/1373 1151/1478/1374 1205/1479/1375
f 1152/1480/1376 1323/1481/1377 1322/1482/1378
f 1322/1482/1378 1198/1483/1379 1142/1473/1368
f 1152/1480/1376 1071/1459/1354 1323/1481/1377
f 1323/1481/1377 1071/1459/1354 1198/1483/1379
f 1198/1483/1379 1324/1484/1380 1199/1474/1369
f 1198/1483/1379 1139/1456/1351 1324/1484/1380
f 1324/1484/1380 1123/1458/1353 1127/1476/1371
f 1200/1485/1381 1203/1486/1382 1325/1487/1383
f 1124/1488/1384 1140/1489/1385 1130/1490/1386
f 1137/1491/1387 1201/1492/1388 1326/1493/1389
f 1125/1494/1390 1325/1487/1383 1124/1488/1384
f 1126/1467/1362 1326/1493/1389 1125/1494/1390
f 1197/1466/1361 1137/1491/1387 1326/1493/1389
f 1326/1493/1389 1200/1485/1381 1325/1487/1383
f 1138/1472/1367 1202/1495/1391 1201/1492/1388
f 1078/1470/1365 1138/1472/1367 1201/1492/1388
f 1149/1471/1366 1152/1480/1376 1202/1495/1391
f 1201/1492/1388 1202/1495/1391 1327/1496/1392
f 1327/1496/1392 1151/1478/1374 1141/1477/1373
f 1203/1486/1382 1327/1496/1392 1141/1477/1373
f 1201/1492/1388 1327/1496/1392 1203/1486/1382
f 1202/1495/1391 1151/1478/1374 1327/1496/1392
f 1206/1497/1393 1116/1498/1394 1330/1499/1395
f 1330/1499/1395 1116/1498/1394 1061/1500/1396
f 1333/1501/1397 1206/1497/1393 1330/1499/1395
f 1206/1497/1393 1115/1502/1398 1116/1498/1394
f 1154/1503/1399 1204/1504/1400 1333/1501/1397
f 1328/1505/1401 1205/1479/1375 1204/1504/1400
f 1204/1504/1400 1143/1475/1370 1206/1497/1393
f 1205/1479/1375 1142/1473/1368 1143/1475/1370
f 1143/1475/1370 1128/1128/1372 1115/1502/1398
f 1129/1506/1402 1144/1507/1403 1132/1508/1404
f 1207/1509/1405 1208/1510/1406 1210/1511/1407
f 1130/1490/1386 1207/1509/1405 1129/1506/1402
f 1140/1489/1385 1203/1486/1382 1208/1510/1406
f 1209/1512/1408 1141/1477/1373 1328/1505/1401
f 1208/1510/1406 1141/1477/1373 1209/1512/1408
f 1329/1513/1409 1153/1514/1410 1154/1503/1399
f 1210/1511/1407 1209/1512/1408 1329/1513/1409
f 1209/1512/1408 1328/1505/1401 1153/1514/1410
f 1211/1515/1411 1213/1516/1412 1144/1507/1403
f 1132/1508/1404 1144/1507/1403 1131/1517/1413
f 1154/1503/1399 1155/1518/1414 1329/1513/1409
f 1329/1513/1409 1211/1515/1411 1210/1511/1407
f 1155/1518/1414 1146/1519/1415 1212/1520/1416
f 1155/1518/1414 1212/1520/1416 1211/1515/1411
f 1212/1520/1416 1147/1521/1417 1213/1516/1412
f 1211/1515/1411 1212/1520/1416 1213/1516/1412
f 1213/1516/1412 1147/1521/1417 1131/1517/1413
f 1331/1522/1418 1214/1523/1419 1330/1499/1395
f 1214/1523/1419 1333/1501/1397 1330/1499/1395
f 1145/1524/1420 1214/1523/1419 1331/1522/1418
f 1332/1525/1421 1155/1518/1414 1214/1523/1419
f 1214/1523/1419 1154/1503/1399 1333/1501/1397
f 1064/1526/1422 1073/1527/1423 1305/1371/1266
f 1216/1528/1424 1302/1529/1425 1118/1451/1346
f 1334/1530/1426 1302/1529/1425 1216/1528/1424
f 1118/1451/1346 1302/1529/1425 1295/1452/1347
f 1073/1183/1423 1334/1530/1427 1216/1528/1424
f 1249/1531/1428 1218/1532/1429 1250/1533/1430
f 1359/1415/1310 1218/1532/1429 1249/1531/1428
f 1156/1534/1431 1343/1535/1432 1217/1536/1433
f 1063/1438/1333 1156/1534/1431 1218/1532/1429
f 1335/1537/1434 1145/1524/1420 1331/1522/1418
f 1218/1538/1429 1336/1539/1435 1157/1540/1436
f 1218/1538/1429 1217/1541/1433 1336/1539/1435
f 1217/1541/1433 1335/1537/1434 1336/1539/1435
f 1336/1539/1435 1331/1522/1418 1061/1500/1396
f 1339/1542/1437 1079/1543/1438 1337/1544/1439
f 1158/1545/1440 1339/1542/1437 1338/1546/1441
f 1310/1395/1290 1338/1546/1441 1091/1410/1305
f 1158/1545/1440 1159/1547/1442 1339/1542/1437
f 1159/1547/1442 1340/1548/1443 1339/1542/1437
f 1355/1549/1444 1341/1550/1445 1340/1551/1443
f 1341/1550/1445 1125/1494/1390 1219/1552/1446
f 1340/1551/1443 1219/1552/1446 1079/1206/1438
f 1160/1553/1447 1126/1467/1362 1341/1550/1445
f 1219/1552/1446 1124/1488/1384 1161/1554/1448
f 1219/1552/1446 1161/1554/1448 1353/1555/1449
f 1220/1556/1450 1223/1557/1451 1342/1558/1452
f 1107/1437/1332 1342/1558/1452 1316/1436/1331
f 1220/1556/1450 1221/1559/1453 1223/1557/1451
f 1342/1558/1452 1343/1535/1432 1156/1534/1431
f 1342/1558/1452 1156/1534/1431 1316/1436/1331
f 1108/1430/1325 1220/1556/1450 1107/1437/1332
f 1165/1560/1454 1166/1561/1455 1220/1556/1450
f 1166/1561/1456 1167/1562/1457 1221/1559/1453
f 1221/1563/1458 1168/1564/1459 1222/1565/1460
f 1343/1566/1432 1222/1565/1460 1145/1524/1420
f 1222/1565/1460 1332/1525/1421 1145/1524/1420
f 1164/1567/1461 1256/1222/1462 1163/1568/1463
f 1059/1569/1464 1082/1570/1465 1164/1567/1461
f 1073/1527/1423 1225/1571/1466 1224/1374/1269
f 1225/1572/1466 1216/1528/1424 1226/1573/1467
f 1226/1573/1467 1118/1451/1346 1083/1448/1343
f 1224/1374/1269 1082/1570/1465 1344/1375/1270
f 1344/1375/1270 1082/1570/1465 1059/1569/1464
f 1174/1574/1468 1227/1575/1469 1173/1576/1470
f 1174/1577/1468 1345/1578/1471 1227/1579/1469
f 1174/1577/1468 1133/1580/1472 1345/1578/1471
f 1345/1578/1471 1133/1580/1472 1304/1446/1341
f 1178/1373/1268 1346/1581/1473 1296/1582/1474
f 1345/1578/1471 1304/1446/1341 1293/1583/1475
f 1173/1576/1470 1095/1584/1476 1228/1585/1477
f 1095/1584/1476 1080/1384/1279 1228/1585/1477
f 1095/1584/1476 1346/1581/1473 1080/1384/1279
f 1346/1581/1473 1068/1377/1272 1080/1384/1279
f 1068/1377/1272 1098/1400/1295 1099/1386/1281
f 1068/1377/1272 1097/1376/1271 1098/1400/1295
f 1228/1585/1477 1080/1384/1279 1100/1378/1273
f 1100/1378/1273 1285/1380/1275 1087/1586/1478
f 1172/1587/1479 1233/1588/1480 1232/1589/1481
f 1092/1390/1285 1229/1590/1482 1172/1587/1479
f 1229/1590/1482 1230/1591/1483 1233/1588/1480
f 1060/1401/1296 1169/1592/1484 1229/1590/1482
f 1169/1592/1484 1253/1593/1485 1230/1591/1483
f 1230/1594/1483 1360/1595/1486 1231/1596/1487
f 1231/1596/1487 1170/1597/1488 1127/1476/1371
f 1232/1598/1481 1231/1596/1487 1347/1599/1489
f 1171/1600/1490 1127/1476/1371 1123/1458/1353
f 1347/1599/1489 1231/1596/1487 1171/1600/1490
f 1349/1601/1491 1348/1602/1492 1094/1427/1493
f 1348/1602/1494 1109/1603/1495 1094/1427/1322
f 1349/1604/1491 1177/1605/1496 1234/1606/1497
f 1177/1605/1496 1146/1519/1415 1235/1607/1498
f 1235/1607/1498 1168/1564/1459 1167/1608/1499
f 1234/1606/1497 1235/1607/1498 1074/1609/1500
f 1146/1519/1415 1332/1525/1421 1168/1564/1459
f 1236/1610/1501 1165/1560/1454 1350/1611/1502
f 1348/1602/1494 1315/1432/1327 1109/1603/1495
f 1236/1610/1501 1350/1611/1502 1348/1602/1492
f 1236/1610/1501 1074/1612/1503 1166/1561/1456
f 1350/1611/1502 1108/1430/1325 1315/1432/1327
f 1352/1613/1504 1081/1614/1505 1351/1615/1506
f 1337/1544/1439 1352/1613/1504 1351/1615/1506
f 1091/1410/1305 1351/1615/1506 1093/1422/1317
f 1079/1543/1438 1353/1616/1449 1352/1613/1504
f 1161/1554/1448 1130/1490/1386 1237/1617/1507
f 1353/1555/1449 1237/1617/1507 1081/1618/1505
f 1081/1618/1505 1354/1619/1508 1075/1620/1509
f 1237/1617/1507 1129/1506/1402 1354/1619/1508
f 1228/1585/1477 1238/1621/1510 1173/1576/1470
f 1173/1576/1470 1239/1622/1511 1174/1574/1468
f 1087/1586/1478 1260/1623/1512 1258/1624/1513
f 1285/1380/1275 1261/1625/1514 1260/1623/1512
f 1158/1545/1440 1242/1626/1515 1159/1547/1442
f 1088/1391/1286 1059/1569/1464 1274/1397/1292
f 1164/1567/1461 1271/1282/1516 1269/1627/1517
f 1272/1628/1518 1355/1549/1444 1159/1629/1442
f 1244/1630/1519 1160/1553/1447 1355/1549/1444
f 1244/1630/1519 1273/1631/1520 1160/1553/1447
f 1273/1631/1520 1120/1465/1360 1160/1553/1447
f 1356/1429/1324 1246/1632/1521 1094/1427/1493
f 1093/1422/1317 1351/1615/1506 1356/1429/1324
f 1351/1615/1506 1075/1633/1509 1356/1429/1324
f 1357/1290/1522 1131/1517/1413 1245/1634/1523
f 1354/1619/1508 1132/1508/1404 1357/1290/1522
f 1245/1634/1523 1147/1521/1417 1177/1605/1496
f 1075/1620/1509 1245/1634/1523 1246/1635/1521
f 1089/1379/1274 1090/1383/1278 1289/1636/1524
f 1089/1379/1274 1289/1636/1524 1286/1637/1525
f 1089/1379/1274 1084/1638/1526 1285/1380/1275
f 1092/1390/1285 1172/1587/1479 1090/1383/1278
f 1247/1296/1527 1232/1589/1481 1291/1639/1528
f 1172/1587/1479 1247/1296/1527 1283/1640/1529
f 1171/1600/1490 1123/1458/1353 1195/1457/1352
f 1291/1641/1528 1171/1600/1490 1248/1642/1530
f 1176/1643/1531 1292/1644/1532 1062/1442/1337
f 1175/1645/1533 1358/1646/1534 1176/1643/1531
f 1060/1401/1296 1359/1415/1310 1169/1592/1484
f 1249/1531/1428 1250/1533/1430 1253/1593/1485
f 1250/1647/1430 1157/1540/1436 1252/1648/1535
f 1157/1540/1436 1061/1500/1396 1116/1498/1394
f 1251/1649/1536 1116/1498/1394 1115/1502/1398
f 1252/1648/1535 1116/1498/1394 1251/1649/1536
f 1253/1650/1485 1252/1648/1535 1360/1595/1486
f 1170/1597/1488 1115/1502/1398 1128/1128/1372
f 1226/1573/1467 1362/1651/1537 1225/1572/1466
f 1083/1448/1343 1362/1651/1538 1226/1573/1467
f 1362/1651/1539 1361/1652/1540 1363/1653/1541
f 1256/1654/1462 1254/1655/1542 1162/1314/1543
f 1255/1656/1544 1256/1222/1462 1082/1570/1465
f 1256/1654/1462 1255/1657/1544 1254/1655/1542
f 1083/1448/1343 1117/1450/1345 1361/1652/1545
f 1259/1658/1546 1268/1659/1547 1262/1660/1548
f 1262/1660/1548 1266/1661/1549 1240/1662/1550
f 1239/1663/1511 1264/1664/1551 1241/1665/1552
f 1133/1580/1472 1241/1665/1552 1259/1658/1546
f 1062/1442/1337 1262/1660/1548 1176/1643/1531
f 1176/1643/1531 1240/1662/1550 1175/1645/1533
f 1238/1621/1510 1263/1666/1553 1239/1622/1511
f 1087/1586/1478 1263/1666/1553 1238/1621/1510
f 1119/1440/1335 1262/1660/1548 1062/1442/1337
f 1258/1624/1513 1265/1667/1554 1267/1668/1555
f 1265/1669/1556 1266/1661/1549 1268/1659/1557
f 1263/1670/1553 1267/1671/1558 1264/1664/1551
f 1257/1672/1559 1258/1624/1513 1263/1666/1553
f 1266/1673/1549 1265/1667/1556 1261/1625/1514
f 1279/1674/1560 1280/1675/1561 1272/1676/1518
f 1162/1314/1543 1243/1677/1562 1163/1678/1463
f 1320/1468/1363 1120/1465/1360 1270/1679/1563
f 1278/1680/1564 1280/1675/1561 1279/1674/1560
f 1280/1681/1561 1277/1682/1565 1275/1683/1566
f 1364/1684/1567 1276/1685/1568 1277/1682/1569
f 1243/1677/1570 1364/1684/1567 1277/1682/1569
f 1364/1684/1567 1270/1679/1563 1276/1685/1568
f 1271/1282/1571 1278/1680/1564 1269/1627/1517
f 1243/1686/1572 1278/1680/1572 1271/1282/1573
f 1282/1687/1574 1365/1688/1575 1288/1689/1576
f 1291/1639/1528 1284/1690/1577 1247/1296/1527
f 1090/1383/1278 1283/1640/1529 1289/1636/1524
f 1175/1691/1533 1365/1688/1575 1282/1687/1578
f 1285/1380/1275 1365/1688/1575 1175/1691/1533
f 1292/1644/1532 1281/1692/1579 1122/1464/1359
f 1122/1464/1359 1287/1693/1580 1195/1457/1352
f 1289/1636/1524 1085/1694/1581 1290/1695/1582
f 1286/1637/1583 1289/1636/1524 1288/1689/1584
f 1290/1696/1582 1281/1692/1585 1288/1697/1584
f 1248/1642/1530 1085/1698/1581 1291/1641/1528
f 1287/1693/1580 1085/1698/1581 1248/1642/1530
f 1358/1646/1534 1281/1692/1579 1292/1644/1532
f 1283/1640/1529 1284/1690/1577 1289/1636/1524
f 1294/1699/1586 1086/1700/1587 1346/1581/1473
f 1215/1701/1588 1300/1702/1589 1301/1703/1590
f 1173/1576/1470 1294/1699/1586 1095/1584/1476
f 1303/1704/1591 1294/1699/1586 1173/1576/1470
f 1297/1705/1592 1301/1703/1590 1300/1702/1589
f 1301/1706/1593 1298/1707/1594 1302/1529/1425
f 1297/1708/1595 1298/1707/1594 1301/1706/1593
f 1303/1709/1596 1293/1583/1475 1298/1707/1594
f 1293/1583/1475 1299/1453/1348 1298/1707/1594
f 1293/1583/1475 1304/1446/1341 1299/1453/1348
f 1303/1709/1596 1298/1707/1594 1297/1708/1595
f 1303/1704/1591 1297/1705/1597 1294/1699/1586
f 1064/1526/1422 1296/1582/1474 1300/1702/1589
f 1610/1710/1598 1487/1711/1599 1483/1712/1600
f 1558/1713/1601 1650/1714/1602 1610/1710/1598
f 1483/1712/1600 1403/1715/1603 1375/1716/1604
f 1406/1717/1605 1395/1718/1606 1590/1719/1607
f 1406/1717/1605 1484/1720/1608 1611/1721/1609
f 1611/1721/1609 1396/1722/1610 1395/1718/1606
f 1386/1723/1611 1612/1724/1612 1484/1720/1608
f 1405/1725/1613 1416/1726/1614 1612/1724/1612
f 1484/1720/1608 1612/1724/1612 1372/1727/1615
f 1611/1721/1609 1613/1728/1616 1398/1729/1617
f 1611/1721/1609 1372/1727/1615 1613/1728/1616
f 1394/1730/1618 1485/1731/1619 1402/1732/1620
f 1402/1732/1620 1383/1733/1621 1487/1711/1599
f 1615/1734/1622 1407/1735/1623 1394/1730/1618
f 1579/1736/1624 1615/1734/1622 1394/1730/1618
f 1485/1731/1619 1616/1737/1625 1383/1733/1621
f 1486/1738/1626 1404/1739/1627 1403/1715/1603
f 1487/1711/1599 1486/1738/1626 1403/1715/1603
f 1613/1728/1616 1367/1740/1628 1398/1729/1617
f 1372/1727/1615 1488/1741/1629 1613/1728/1616
f 1488/1741/1629 1489/1742/1630 1613/1728/1616
f 1612/1724/1612 1614/1743/1631 1488/1741/1629
f 1416/1726/1614 1417/1744/1632 1614/1743/1631
f 1408/1745/1633 1373/1746/1634 1488/1741/1629
f 1489/1742/1630 1617/1747/1635 1367/1740/1628
f 1488/1741/1629 1373/1746/1634 1489/1742/1630
f 1397/1748/1636 1407/1735/1623 1615/1734/1622
f 1490/1749/1637 1616/1737/1625 1407/1735/1623
f 1493/1750/1638 1491/1751/1639 1490/1749/1637
f 1620/1752/1640 1417/1744/1632 1491/1751/1639
f 1417/1744/1632 1416/1726/1614 1486/1738/1626
f 1616/1737/1625 1491/1751/1639 1486/1738/1626
f 1617/1747/1635 1665/1753/1641 1367/1740/1628
f 1373/1746/1634 1409/1754/1642 1617/1747/1635
f 1408/1745/1633 1492/1755/1643 1373/1746/1634
f 1376/1756/1644 1418/1757/1645 1492/1755/1643
f 1492/1755/1643 1410/1758/1646 1373/1746/1634
f 1492/1755/1643 1411/1759/1647 1410/1758/1646
f 1399/1760/1648 1618/1761/1649 1397/1748/1636
f 1412/1762/1650 1493/1750/1638 1618/1761/1649
f 1493/1750/1638 1376/1756/1644 1619/1763/1651
f 1374/1764/1652 1376/1756/1644 1493/1750/1638
f 1376/1756/1644 1620/1752/1640 1619/1763/1651
f 1376/1756/1644 1408/1745/1633 1620/1752/1640
f 1400/1765/1653 1494/1766/1654 1662/1767/1655
f 1414/1768/1656 1623/1769/1657 1621/1770/1658
f 1419/1771/1659 1418/1757/1645 1374/1764/1652
f 1494/1766/1654 1412/1762/1650 1399/1760/1648
f 1494/1766/1654 1374/1764/1652 1412/1762/1650
f 1495/1772/1660 1496/1773/1661 1623/1769/1657
f 1622/1774/1662 1495/1772/1660 1413/1775/1663
f 1370/1776/1664 1409/1754/1642 1495/1772/1660
f 1495/1772/1660 1411/1759/1647 1496/1773/1661
f 1496/1773/1661 1418/1757/1645 1419/1771/1659
f 1413/1775/1663 1623/1769/1657 1414/1768/1656
f 1624/1777/1665 1424/1778/1666 1441/1779/1667
f 1441/1779/1667 1424/1778/1666 1369/1780/1668
f 1497/1781/1669 1498/1782/1670 1624/1777/1665
f 1624/1777/1665 1498/1782/1670 1424/1778/1666
f 1453/1783/1671 1609/1784/1672 1498/1782/1670
f 1379/1785/1673 1453/1783/1671 1497/1781/1669
f 1389/1448/1674 1625/1786/1675 1422/1787/1676
f 1423/1788/1677 1600/1789/1678 1389/1448/1674
f 1604/1790/1679 1453/1783/1671 1379/1785/1673
f 1379/1785/1673 1497/1781/1669 1439/1791/1680
f 1625/1786/1675 1439/1791/1680 1627/1792/1681
f 1444/1793/1682 1500/1794/1683 1428/1795/1684
f 1378/1796/1685 1501/1797/1686 1444/1793/1682
f 1440/1798/1687 1624/1777/1665 1499/1799/1688
f 1455/1800/1689 1440/1798/1687 1499/1799/1688
f 1501/1797/1686 1441/1779/1667 1500/1794/1683
f 1427/1801/1690 1441/1779/1667 1369/1780/1668
f 1425/1802/1691 1502/1803/1692 1431/1804/1693
f 1425/1802/1691 1626/1805/1694 1502/1803/1692
f 1426/1806/1695 1422/1787/1676 1626/1805/1694
f 1625/1786/1675 1627/1792/1681 1626/1805/1694
f 1626/1805/1694 1627/1792/1681 1502/1803/1692
f 1627/1792/1681 1455/1800/1689 1384/1807/1696
f 1439/1791/1680 1440/1798/1687 1455/1800/1689
f 1455/1800/1689 1454/1808/1697 1443/1809/1698
f 1447/1810/1699 1504/1811/1700 1448/1812/1701
f 1504/1811/1700 1432/1813/1702 1433/1814/1703
f 1446/1815/1704 1456/1816/1705 1510/1817/1706
f 1457/1818/1707 1629/1819/1708 1628/1820/1709
f 1628/1820/1709 1503/1821/1710 1447/1810/1699
f 1457/1818/1707 1378/1796/1685 1629/1819/1708
f 1629/1819/1708 1378/1796/1685 1503/1821/1710
f 1503/1821/1710 1630/1822/1711 1504/1811/1700
f 1503/1821/1710 1444/1793/1682 1630/1822/1711
f 1630/1822/1711 1428/1795/1684 1432/1813/1702
f 1505/1823/1712 1508/1824/1713 1631/1825/1714
f 1429/1826/1715 1445/1827/1716 1435/1828/1717
f 1442/1829/1718 1506/1830/1719 1632/1831/1720
f 1430/1832/1721 1631/1825/1714 1429/1826/1715
f 1431/1804/1693 1632/1831/1720 1430/1832/1721
f 1502/1803/1692 1442/1829/1718 1632/1831/1720
f 1632/1831/1720 1505/1823/1712 1631/1825/1714
f 1443/1809/1698 1507/1833/1722 1506/1830/1719
f 1384/1807/1696 1443/1809/1698 1506/1830/1719
f 1454/1808/1697 1457/1818/1707 1507/1833/1722
f 1506/1830/1719 1507/1833/1722 1633/1834/1723
f 1633/1834/1723 1456/1816/1705 1446/1815/1704
f 1508/1824/1713 1633/1834/1723 1446/1815/1704
f 1506/1830/1719 1633/1834/1723 1508/1824/1713
f 1507/1833/1722 1456/1816/1705 1633/1834/1723
f 1511/1835/1724 1421/1836/1725 1636/1837/1726
f 1636/1837/1726 1421/1836/1725 1368/1838/1727
f 1639/1839/1728 1511/1835/1724 1636/1837/1726
f 1511/1835/1724 1420/1840/1729 1421/1836/1725
f 1459/1503/1730 1509/1841/1731 1639/1839/1728
f 1634/1842/1732 1510/1817/1706 1509/1841/1731
f 1509/1841/1731 1448/1812/1701 1511/1835/1724
f 1510/1817/1706 1447/1810/1699 1448/1812/1701
f 1448/1812/1701 1433/1814/1703 1420/1840/1729
f 1434/1843/1733 1449/1844/1734 1437/1845/1735
f 1512/1846/1736 1513/1847/1737 1515/1848/1738
f 1435/1828/1717 1512/1846/1736 1434/1843/1733
f 1445/1827/1716 1508/1824/1713 1513/1847/1737
f 1514/1849/1739 1446/1815/1704 1634/1842/1732
f 1513/1847/1737 1446/1815/1704 1514/1849/1739
f 1635/1850/1740 1458/1851/1741 1459/1503/1730
f 1515/1848/1738 1514/1849/1739 1635/1850/1740
f 1514/1849/1739 1634/1842/1732 1458/1851/1741
f 1516/1852/1742 1518/1853/1743 1449/1844/1734
f 1437/1845/1735 1449/1844/1734 1436/1854/1744
f 1459/1503/1730 1460/1855/1745 1635/1850/1740
f 1635/1850/1740 1516/1852/1742 1515/1848/1738
f 1460/1855/1745 1451/1856/1746 1517/1857/1747
f 1460/1855/1745 1517/1857/1747 1516/1852/1742
f 1517/1857/1747 1452/1858/1748 1518/1853/1743
f 1516/1852/1742 1517/1857/1747 1518/1853/1743
f 1518/1853/1743 1452/1858/1748 1436/1854/1744
f 1637/1859/1749 1519/1860/1750 1636/1837/1726
f 1519/1860/1750 1639/1839/1728 1636/1837/1726
f 1450/1861/1751 1519/1860/1750 1637/1859/1749
f 1638/1177/1752 1460/1855/1745 1519/1860/1750
f 1519/1860/1750 1459/1503/1730 1639/1839/1728
f 1371/1862/1753 1380/1863/1754 1610/1710/1598
f 1521/1864/1755 1607/1865/1756 1423/1788/1677
f 1640/1866/1757 1607/1865/1756 1521/1864/1755
f 1423/1788/1677 1607/1865/1756 1600/1789/1678
f 1380/1867/1758 1640/1866/1759 1521/1864/1760
f 1553/1868/1761 1523/1869/1762 1554/1870/1763
f 1665/1753/1641 1523/1869/1762 1553/1868/1761
f 1461/1871/1764 1649/1872/1765 1522/1873/1766
f 1370/1776/1664 1461/1871/1764 1523/1869/1762
f 1641/1874/1767 1450/1861/1751 1637/1859/1749
f 1523/1875/1762 1642/1876/1768 1462/1877/1769
f 1523/1875/1762 1522/1878/1766 1642/1876/1768
f 1522/1878/1766 1641/1874/1767 1642/1876/1768
f 1642/1876/1768 1637/1859/1749 1368/1838/1727
f 1645/1879/1770 1385/1880/1771 1643/1881/1772
f 1463/1882/1773 1645/1879/1770 1644/1883/1774
f 1615/1734/1622 1644/1883/1774 1397/1748/1636
f 1463/1882/1773 1464/1884/1775 1645/1879/1770
f 1464/1884/1775 1646/1201/1776 1645/1879/1770
f 1661/1885/1777 1647/1886/1778 1646/1887/1776
f 1647/1886/1778 1430/1832/1721 1524/1205/1779
f 1646/1887/1776 1524/1205/1779 1385/1888/1771
f 1465/1889/1780 1431/1804/1693 1647/1886/1778
f 1524/1205/1779 1429/1826/1715 1466/1890/1781
f 1524/1205/1779 1466/1890/1781 1659/1891/1782
f 1525/1892/1783 1528/1893/1784 1648/1894/1785
f 1413/1775/1663 1648/1894/1785 1622/1774/1662
f 1525/1892/1783 1526/1895/1786 1528/1893/1784
f 1648/1894/1785 1649/1872/1765 1461/1871/1764
f 1648/1894/1785 1461/1871/1764 1622/1774/1662
f 1414/1768/1656 1525/1892/1783 1413/1775/1663
f 1470/1896/1787 1471/1897/1788 1525/1892/1783
f 1471/1897/1789 1472/1898/1790 1526/1895/1786
f 1526/1899/1791 1473/1900/1792 1527/1565/1793
f 1649/1901/1765 1527/1565/1793 1450/1861/1751
f 1527/1565/1793 1638/1177/1752 1450/1861/1751
f 1469/1902/1794 1561/1903/1795 1468/1904/1796
f 1366/1905/1797 1388/1906/1798 1469/1902/1794
f 1610/1710/1598 1529/1907/1799 1558/1713/1601
f 1529/1908/1800 1521/1864/1760 1530/1909/1801
f 1558/1713/1601 1388/1906/1798 1650/1714/1602
f 1650/1714/1602 1388/1906/1798 1366/1905/1797
f 1479/1910/1802 1531/1911/1803 1478/1912/1804
f 1479/1913/1802 1651/1914/1805 1531/1915/1803
f 1479/1913/1802 1438/1916/1806 1651/1914/1805
f 1651/1914/1805 1438/1916/1806 1609/1784/1672
f 1483/1712/1600 1652/1917/1807 1601/1918/1808
f 1651/1914/1805 1609/1784/1672 1598/1919/1809
f 1478/1912/1804 1401/1920/1810 1532/1921/1811
f 1401/1920/1810 1386/1723/1611 1532/1921/1811
f 1401/1920/1810 1652/1917/1807 1386/1723/1611
f 1652/1917/1807 1375/1716/1604 1386/1723/1611
f 1375/1716/1604 1404/1739/1627 1405/1725/1613
f 1375/1716/1604 1403/1715/1603 1404/1739/1627
f 1532/1921/1811 1386/1723/1611 1406/1717/1605
f 1406/1717/1605 1590/1719/1607 1393/1922/1812
f 1477/1923/1813 1537/1924/1814 1536/1589/1815
f 1398/1729/1617 1533/1925/1816 1477/1923/1813
f 1533/1925/1816 1534/1926/1817 1537/1924/1814
f 1367/1740/1628 1474/1927/1818 1533/1925/1816
f 1474/1927/1818 1557/1928/1819 1534/1926/1817
f 1534/1929/1817 1666/1930/1820 1535/1931/1821
f 1535/1931/1821 1475/1932/1822 1432/1813/1702
f 1536/1933/1815 1535/1931/1821 1653/1934/1823
f 1476/1935/1824 1432/1813/1702 1428/1795/1684
f 1653/1934/1823 1535/1931/1821 1476/1935/1824
f 1655/1936/1825 1654/1937/1826 1400/1765/1827
f 1654/1937/1828 1415/1938/1829 1400/1765/1653
f 1655/1939/1825 1482/1940/1830 1538/1606/1831
f 1482/1940/1830 1451/1856/1746 1539/1262/1832
f 1539/1262/1832 1473/1900/1792 1472/1941/1833
f 1538/1606/1831 1539/1262/1832 1381/1942/1834
f 1451/1856/1746 1638/1177/1752 1473/1900/1792
f 1540/1943/1835 1470/1896/1787 1656/1944/1836
f 1654/1937/1828 1621/1770/1658 1415/1938/1829
f 1540/1943/1835 1656/1944/1836 1654/1937/1826
f 1540/1943/1835 1381/1945/1837 1471/1897/1789
f 1656/1944/1836 1414/1768/1656 1621/1770/1658
f 1658/1946/1838 1387/1947/1839 1657/1948/1840
f 1643/1881/1772 1658/1946/1838 1657/1948/1840
f 1397/1748/1636 1657/1948/1840 1399/1760/1648
f 1385/1880/1771 1659/1949/1782 1658/1946/1838
f 1466/1890/1781 1435/1828/1717 1541/1950/1841
f 1659/1891/1782 1541/1950/1841 1387/1951/1839
f 1387/1951/1839 1660/1952/1842 1382/1953/1843
f 1541/1950/1841 1434/1843/1733 1660/1952/1842
f 1532/1921/1811 1542/1954/1844 1478/1912/1804
f 1478/1912/1804 1543/1955/1845 1479/1910/1802
f 1393/1922/1812 1565/1956/1846 1563/1957/1847
f 1590/1719/1607 1566/1958/1848 1565/1956/1846
f 1463/1882/1773 1546/1959/1849 1464/1884/1775
f 1394/1730/1618 1366/1905/1797 1579/1736/1624
f 1469/1902/1794 1576/1282/1850 1574/1960/1851
f 1577/1961/1852 1661/1885/1777 1464/1962/1775
f 1548/1963/1853 1465/1889/1780 1661/1885/1777
f 1548/1963/1853 1578/1964/1854 1465/1889/1780
f 1578/1964/1854 1425/1802/1691 1465/1889/1780
f 1662/1767/1655 1550/1965/1855 1400/1765/1827
f 1399/1760/1648 1657/1948/1840 1662/1767/1655
f 1657/1948/1840 1382/1966/1843 1662/1767/1655
f 1663/1967/1856 1436/1854/1744 1549/1968/1857
f 1660/1952/1842 1437/1845/1735 1663/1967/1856
f 1549/1968/1857 1452/1858/1748 1482/1940/1830
f 1382/1953/1843 1549/1968/1857 1550/1969/1855
f 1395/1718/1606 1396/1722/1610 1594/1970/1858
f 1395/1718/1606 1594/1970/1858 1591/1971/1859
f 1395/1718/1606 1390/1972/1860 1590/1719/1607
f 1398/1729/1617 1477/1923/1813 1396/1722/1610
f 1551/1973/1861 1536/1589/1815 1596/1974/1862
f 1477/1923/1813 1551/1973/1861 1588/1975/1863
f 1476/1935/1824 1428/1795/1684 1500/1794/1683
f 1596/1641/1862 1476/1935/1824 1552/1976/1864
f 1481/1977/1865 1597/1978/1866 1369/1780/1668
f 1480/1979/1867 1664/1980/1868 1481/1977/1865
f 1367/1740/1628 1665/1753/1641 1474/1927/1818
f 1553/1868/1761 1554/1870/1763 1557/1928/1819
f 1554/1981/1763 1462/1877/1769 1556/1982/1869
f 1462/1877/1769 1368/1838/1727 1421/1836/1725
f 1555/1983/1870 1421/1836/1725 1420/1840/1729
f 1556/1982/1869 1421/1836/1725 1555/1983/1870
f 1557/1984/1819 1556/1982/1869 1666/1930/1820
f 1475/1932/1822 1420/1840/1729 1433/1814/1703
f 1530/1909/1801 1668/1985/1871 1669/1986/1872
f 1530/1909/1801 1669/1986/1872 1529/1908/1800
f 1389/1448/1674 1668/1985/1873 1530/1909/1874
f 1668/1985/1871 1667/1987/1875 1669/1986/1872
f 1561/1654/1795 1559/1988/1876 1467/1989/1877
f 1529/1907/1799 1669/1990/1878 1558/1713/1601
f 1560/1991/1879 1561/1903/1795 1388/1906/1798
f 1561/1654/1795 1560/1992/1879 1559/1988/1876
f 1389/1448/1674 1422/1787/1676 1667/1987/1880
f 1564/1993/1881 1573/1994/1882 1567/1995/1883
f 1567/1995/1883 1571/1996/1884 1544/1997/1885
f 1543/1998/1845 1569/1999/1886 1545/2000/1887
f 1438/1916/1806 1545/2000/1887 1564/1993/1881
f 1369/1780/1668 1567/1995/1883 1481/1977/1865
f 1481/1977/1865 1544/1997/1885 1480/1979/1867
f 1542/1954/1844 1568/2001/1888 1543/1955/1845
f 1393/1922/1812 1568/2001/1888 1542/1954/1844
f 1424/1778/1666 1567/1995/1883 1369/1780/1668
f 1563/1957/1847 1570/2002/1889 1572/2003/1890
f 1570/2004/1891 1571/1996/1884 1573/1994/1892
f 1568/2005/1888 1572/2006/1893 1569/1999/1886
f 1562/2007/1894 1563/1957/1847 1568/2001/1888
f 1571/2008/1884 1570/2002/1891 1566/1958/1848
f 1584/2009/1895 1585/2010/1896 1577/2011/1852
f 1467/1989/1877 1547/2012/1897 1468/2013/1796
f 1626/1805/1694 1425/1802/1691 1575/2014/1898
f 1583/2015/1899 1585/2010/1896 1584/2009/1895
f 1585/2016/1896 1582/2017/1900 1580/2018/1901
f 1670/2019/1902 1581/2020/1903 1582/2017/1904
f 1547/2012/1905 1670/2019/1902 1582/2017/1904
f 1670/2019/1902 1575/2014/1898 1581/2020/1903
f 1576/1282/1906 1583/2015/1899 1574/1960/1851
f 1547/1347/1907 1583/2015/1907 1576/1282/1908
f 1587/2021/1909 1671/2022/1910 1593/2023/1911
f 1596/1974/1862 1589/2024/1912 1551/1973/1861
f 1396/1722/1610 1588/1975/1863 1594/1970/1858
f 1480/2025/1867 1671/2022/1910 1587/2021/1913
f 1590/1719/1607 1671/2022/1910 1480/2025/1867
f 1597/1978/1866 1586/1353/1914 1427/1801/1690
f 1427/1801/1690 1592/2026/1915 1500/1794/1683
f 1594/1970/1858 1391/2027/1916 1595/2028/1917
f 1591/1971/1918 1594/1970/1858 1593/2023/1919
f 1595/2029/1917 1586/1353/1920 1593/2030/1919
f 1552/1976/1864 1391/2031/1916 1596/1641/1862
f 1592/2026/1915 1391/2031/1916 1552/1976/1864
f 1664/1980/1868 1586/1353/1914 1597/1978/1866
f 1588/1975/1863 1589/2024/1912 1594/1970/1858
f 1599/2032/1921 1392/2033/1922 1652/1917/1807
f 1520/2034/1923 1605/2035/1924 1606/2036/1925
f 1478/1912/1804 1599/2032/1921 1401/1920/1810
f 1608/2037/1926 1599/2032/1921 1478/1912/1804
f 1602/2038/1927 1606/2036/1925 1605/2035/1924
f 1606/1367/1928 1603/2039/1929 1607/1865/1756
f 1602/2040/1930 1603/2039/1929 1606/1367/1928
f 1608/1370/1931 1598/1919/1809 1603/2039/1929
f 1598/1919/1809 1604/1790/1679 1603/2039/1929
f 1598/1919/1809 1609/1784/1672 1604/1790/1679
f 1608/1370/1931 1603/2039/1929 1602/2040/1930
f 1608/2037/1926 1602/2038/1932 1599/2032/1921
f 1371/1862/1753 1601/1918/1808 1605/2035/1924
f 1674/2041/1933 1765/2042/1934 1762/2043/1935
f 1816/2044/1936 1881/2045/1937 1674/2041/1933
f 1762/2043/1935 1699/2046/1938 1678/2047/1939
f 1701/2048/1940 1693/2049/1941 1690/2050/1942
f 1701/2048/1940 1675/2051/1943 1853/2052/1944
f 1701/2048/1940 1854/2053/1945 1675/2051/1943
f 1700/2054/1946 1708/2055/1947 1854/2053/1945
f 1853/2052/1944 1855/2056/1948 1695/2057/1949
f 1853/2052/1944 1675/2051/1943 1855/2056/1948
f 1857/2058/1950 1768/2059/1951 1763/2060/1952
f 1834/2061/1953 1857/2058/1950 1763/2060/1952
f 1764/2062/1954 1700/2054/1946 1699/2046/1938
f 1765/2042/1934 1764/2062/1954 1699/2046/1938
f 1855/2056/1948 1672/2063/1955 1695/2057/1949
f 1675/2051/1943 1766/2064/1956 1855/2056/1948
f 1766/2064/1956 1767/2065/1957 1855/2056/1948
f 1854/2053/1945 1856/2066/1958 1766/2064/1956
f 1708/2055/1947 1709/2067/1959 1856/2066/1958
f 1856/2066/1958 1676/2068/1960 1766/2064/1956
f 1767/2065/1957 1859/2069/1961 1672/2063/1955
f 1766/2064/1956 1676/2068/1960 1767/2065/1957
f 1694/2070/1962 1768/2059/1951 1857/2058/1950
f 1861/2071/1963 1769/2072/1964 1768/2059/1951
f 1861/2071/1963 1709/2067/1959 1769/2072/1964
f 1709/2067/1959 1708/2055/1947 1764/2062/1954
f 1858/2073/1965 1769/2072/1964 1764/2062/1954
f 1859/2069/1961 1890/2074/1966 1672/2063/1955
f 1676/2068/1960 1703/2075/1967 1859/2069/1961
f 1702/2076/1968 1770/2077/1969 1676/2068/1960
f 1679/2078/1970 1710/2079/1971 1770/2077/1969
f 1770/2077/1969 1703/2075/1967 1676/2068/1960
f 1770/2077/1969 1704/2080/1972 1703/2075/1967
f 1696/2081/1973 1860/2082/1974 1694/2070/1962
f 1705/2083/1975 1771/2084/1976 1860/2082/1974
f 1677/2085/1977 1679/2078/1970 1771/2084/1976
f 1771/2084/1976 1702/2076/1968 1861/2071/1963
f 1697/2086/1978 1772/2087/1979 1888/2088/1980
f 1707/2089/1981 1774/2090/1982 1862/2091/1983
f 1711/2092/1984 1710/2079/1971 1677/2085/1977
f 1772/2087/1979 1705/2083/1975 1696/2081/1973
f 1772/2087/1979 1677/2085/1977 1705/2083/1975
f 1863/2093/1985 1773/2094/1986 1706/2095/1987
f 1743/2096/1988 1703/2075/1967 1773/2094/1986
f 1773/2094/1986 1704/2080/1972 1774/2090/1982
f 1774/2090/1982 1710/2079/1971 1711/2092/1984
f 1706/2095/1987 1774/2090/1982 1707/2089/1981
f 1864/2097/1989 1716/2098/1990 1729/2099/1991
f 1729/2099/1991 1716/2098/1990 1823/2100/1992
f 1775/2101/1993 1727/2102/1994 1864/2097/1989
f 1864/2097/1989 1727/2102/1994 1716/2098/1990
f 1681/2103/1995 1846/2104/1996 1727/2102/1994
f 1689/2105/1997 1865/2106/1998 1714/2107/1999
f 1715/2108/2000 1847/2109/2001 1689/2105/1997
f 1681/2103/1995 1775/2101/1993 1728/2110/2002
f 1865/2106/1998 1728/2110/2002 1867/2111/2003
f 1680/2112/2004 1778/2113/2005 1731/2114/2006
f 1728/2110/2002 1864/2097/1989 1776/2115/2007
f 1740/2116/2008 1728/2110/2002 1776/2115/2007
f 1778/2113/2005 1729/2099/1991 1777/2117/2009
f 1718/2118/2010 1729/2099/1991 1823/2100/1992
f 1833/2119/2011 1779/2120/2012 1721/2121/2013
f 1833/2119/2011 1866/2122/2014 1779/2120/2012
f 1717/2123/2015 1714/2107/1999 1866/2122/2014
f 1865/2106/1998 1867/2111/2003 1866/2122/2014
f 1866/2122/2014 1867/2111/2003 1779/2120/2012
f 1867/2111/2003 1740/2116/2008 1685/2124/2016
f 1734/2125/2017 1723/2126/2018 1735/2127/2019
f 1733/2128/2020 1868/2129/2021 1785/2130/2022
f 1741/2131/2023 1680/2112/2004 1780/2132/2024
f 1780/2132/2024 1731/2114/2006 1723/2126/2018
f 1731/2114/2006 1777/2117/2009 1722/2133/2025
f 1719/1140/2026 1732/2134/2027 1725/2135/2028
f 1720/2136/2029 1781/2137/2030 1719/1140/2026
f 1721/2121/2013 1730/2138/2031 1720/2136/2029
f 1739/2139/2032 1783/2140/2033 1782/2141/2034
f 1685/2124/2016 1739/2139/2032 1782/2141/2034
f 1739/2139/2032 1741/2131/2023 1783/2140/2033
f 1782/2141/2034 1783/2140/2033 1868/2129/2021
f 1784/2142/2035 1868/2129/2021 1733/2128/2020
f 1782/2141/2034 1868/2129/2021 1784/2142/2035
f 1786/2143/2036 1713/2144/2037 1870/2145/2038
f 1870/2145/2038 1713/2144/2037 1673/2146/2039
f 1873/2147/2040 1786/2143/2036 1870/2145/2038
f 1786/2143/2036 1712/2148/2041 1713/2144/2037
f 1869/2149/2042 1785/2130/2022 1786/2143/2036
f 1785/2130/2022 1734/2125/2017 1735/2127/2019
f 1735/2127/2019 1723/2126/2018 1712/2148/2041
f 1724/2150/2043 1736/2151/2044 1726/2152/2045
f 1787/2153/2046 1788/1847/2047 1790/2154/2048
f 1725/2135/2028 1787/2153/2046 1724/2150/2043
f 1732/2134/2027 1784/2142/2035 1788/1847/2047
f 1789/2155/2049 1733/2128/2020 1869/2149/2042
f 1788/1847/2047 1733/2128/2020 1789/2155/2049
f 1791/2156/2050 1869/2149/2042 1873/2147/2040
f 1790/2154/2048 1789/2155/2049 1791/2156/2050
f 1791/2156/2050 1792/2157/2051 1736/2151/2044
f 1873/2147/2040 1742/2158/2052 1791/2156/2050
f 1742/2158/2052 1737/2159/2053 1792/2157/2051
f 1742/2158/2052 1792/2157/2051 1791/2156/2050
f 1792/2157/2051 1738/2160/2054 1726/2152/2045
f 1871/2161/2055 1793/2162/2056 1870/2145/2038
f 1793/2162/2056 1873/2147/2040 1870/2145/2038
f 1872/2163/2057 1742/2158/2052 1793/2162/2056
f 1874/2164/2058 1849/2165/2059 1715/2108/2000
f 1715/2108/2000 1849/2165/2059 1847/2109/2001
f 1682/2166/2060 1874/2164/2061 1715/2108/2062
f 1890/2074/1966 1794/2167/2063 1814/2168/2064
f 1743/2096/2065 1880/2169/2066 1875/2170/2067
f 1794/2171/2068 1876/2172/2069 1744/2173/2070
f 1794/2171/2068 1875/2174/2067 1876/2172/2069
f 1876/2172/2069 1871/2161/2055 1673/2146/2039
f 1878/2175/2071 1686/1880/2072 1877/2176/2073
f 1745/2177/2074 1878/2175/2071 1877/2176/2073
f 1857/2058/1950 1877/2176/2073 1694/2070/1962
f 1745/2177/2074 1746/2178/2075 1878/2175/2071
f 1746/2178/2075 1879/2179/2076 1878/2175/2071
f 1721/2121/2013 1720/2136/2029 1795/2180/2077
f 1879/2181/2076 1795/2180/2077 1686/1888/2072
f 1795/2180/2077 1719/1140/2026 1748/2182/2078
f 1796/2183/2079 1880/2169/2066 1863/2093/1985
f 1796/2183/2080 1753/2184/2081 1880/2169/2066
f 1863/2093/1985 1880/2169/2066 1743/2096/2065
f 1707/2089/1981 1796/2183/2082 1706/2095/1987
f 1753/2185/2081 1754/2186/2083 1797/2187/2084
f 1880/2188/2066 1797/2187/2084 1871/2161/2055
f 1797/2187/2084 1872/2163/2057 1871/2161/2055
f 1751/2189/2085 1688/2190/2086 1750/2191/2087
f 1674/2041/1933 1798/2192/2088 1816/2044/1936
f 1798/2193/2089 1715/2108/2062 1892/2194/2090
f 1816/2044/1936 1688/2190/2086 1881/2045/1937
f 1881/2045/1937 1688/2190/2086 1751/2189/2085
f 1760/2195/2091 1799/2196/2092 1759/2197/2093
f 1760/2198/2091 1727/2102/1994 1846/2104/1996
f 1762/2043/1935 1882/2199/2094 1850/2200/2095
f 1698/2201/2096 1882/2199/2094 1701/2048/1940
f 1882/2199/2094 1678/2047/1939 1701/2048/1940
f 1678/2047/1939 1699/2046/1938 1700/2054/1946
f 1701/2048/1940 1690/2050/1942 1819/2202/2097
f 1758/2203/2098 1801/2204/2099 1803/2205/2100
f 1695/2057/1949 1800/2206/2101 1758/2203/2098
f 1672/2063/1955 1755/2207/2102 1800/2206/2101
f 1755/2207/2102 1815/2208/2103 1801/2204/2099
f 1801/2209/2099 1891/2210/2104 1802/1251/2105
f 1802/1251/2105 1756/2211/2106 1722/2133/2025
f 1757/2212/2107 1722/2133/2025 1777/2117/2009
f 1803/2213/2100 1802/1251/2105 1757/2212/2107
f 1811/2214/2108 1883/2215/2109 1697/2086/2110
f 1883/2215/2111 1862/2091/1983 1697/2086/1978
f 1811/2216/2108 1738/2160/2054 1804/2217/2112
f 1738/2160/2054 1737/2159/2053 1805/1262/2113
f 1805/1262/2113 1754/2186/2083 1753/2185/2081
f 1804/2217/2112 1805/1262/2113 1683/2218/2114
f 1737/2159/2053 1872/2163/2057 1754/2186/2083
f 1683/2219/2115 1752/2220/2116 1884/2221/2117
f 1683/2219/2115 1884/2221/2117 1883/2215/2109
f 1884/2221/2117 1707/2089/1981 1862/2091/1983
f 1886/2222/2118 1687/2223/2119 1885/2224/2120
f 1877/2176/2073 1886/2222/2118 1885/2224/2120
f 1694/2070/1962 1885/2224/2120 1696/2081/1973
f 1686/1880/2072 1748/1949/2078 1886/2222/2118
f 1748/2182/2078 1725/2135/2028 1887/2225/2121
f 1748/2182/2078 1887/2225/2121 1687/2226/2119
f 1687/2226/2119 1887/2225/2121 1684/2227/2122
f 1698/2201/2096 1806/2228/2123 1759/2197/2124
f 1759/2197/2093 1806/2228/2125 1760/2195/2091
f 1819/2202/2097 1822/2229/2126 1820/1624/2127
f 1745/2177/2074 1832/2230/2128 1746/2178/2075
f 1763/2060/1952 1751/2189/2085 1834/2061/1953
f 1751/2189/2085 1831/2231/2129 1829/2232/2130
f 1832/2233/2128 1879/2181/2076 1746/1629/2075
f 1809/1630/2131 1747/2234/2132 1879/2181/2076
f 1809/1630/2131 1833/2119/2011 1747/2234/2132
f 1888/2088/1980 1811/2214/2108 1697/2086/2110
f 1696/2081/1973 1885/2224/2120 1888/2088/1980
f 1885/2224/2120 1684/2235/2122 1888/2088/1980
f 1887/2225/2121 1726/2152/2045 1810/2236/2133
f 1684/2227/2122 1810/2236/2133 1811/2216/2108
f 1693/2049/1941 1843/2237/2134 1841/2238/2135
f 1695/2057/1949 1758/2203/2098 1693/2049/1941
f 1812/2239/2136 1803/2205/2100 1844/2240/2137
f 1844/2241/2137 1757/2212/2107 1813/2242/2138
f 1807/2243/2139 1845/2244/2140 1823/2100/1992
f 1761/2245/2141 1889/2246/2142 1807/2243/2143
f 1672/2063/1955 1890/2074/1966 1755/2207/2102
f 1744/2173/2070 1673/2146/2039 1713/2144/2037
f 1744/2173/2070 1713/2144/2037 1712/2148/2041
f 1815/2247/2103 1744/2173/2070 1891/2210/2104
f 1756/2211/2106 1712/2148/2041 1723/2126/2018
f 1892/2194/2090 1893/2248/2144 1798/2193/2089
f 1892/2194/2090 1818/2249/2145 1893/2248/2144
f 1688/2250/2146 1817/2251/2147 1749/2252/2148
f 1798/2192/2088 1893/2253/2149 1816/2044/1936
f 1688/2250/2146 1818/2249/2150 1817/2251/2147
f 1689/2105/1997 1714/2107/1999 1818/2249/2151
f 1821/2254/2152 1828/2255/2153 1823/2100/1992
f 1823/2100/1992 1826/2256/2154 1807/2243/2139
f 1727/2102/1994 1808/2257/2155 1821/2254/2152
f 1819/2202/2097 1824/2258/2156 1806/2228/2123
f 1820/1624/2127 1825/2259/2157 1827/2260/2158
f 1825/2261/2159 1826/2256/2154 1828/2255/2153
f 1824/2262/2160 1827/2263/2161 1808/2257/2162
f 1819/2202/2097 1820/1624/2127 1824/2258/2156
f 1826/2264/2154 1825/2259/2159 1822/2229/2126
f 1838/2265/2163 1835/2266/2164 1832/2230/2128
f 1866/2122/2014 1833/2119/2011 1830/2267/2165
f 1837/2268/2166 1835/2266/2164 1838/2265/2163
f 1750/2269/2167 1894/2270/2167 1836/2271/2167
f 1894/2270/2168 1830/2267/2165 1836/2271/2169
f 1831/2231/2170 1837/2268/2171 1829/2232/2130
f 1750/2191/2172 1837/2268/2173 1831/2231/2129
f 1844/2240/2137 1843/2237/2174 1812/2239/2136
f 1693/2049/1941 1812/2239/2136 1843/2237/2134
f 1690/2050/2175 1840/2272/2175 1761/2273/2176
f 1845/2244/2140 1839/2274/2177 1718/2118/2010
f 1718/2118/2010 1842/2275/2178 1777/2117/2009
f 1843/2237/2174 1691/2276/2179 1842/2277/2180
f 1842/2275/2180 1839/2274/2181 1841/2278/2182
f 1813/2242/2138 1691/2279/2179 1844/2241/2137
f 1842/2275/2178 1691/2279/2179 1813/2242/2138
f 1889/2246/2183 1839/2274/2177 1845/2244/2140
f 1682/2280/2060 1850/2200/2095 1851/2281/2184
f 1759/2197/2124 1692/2282/2185 1698/2201/2096
f 1852/2283/2186 1692/2282/2185 1759/2197/2124
f 1848/2284/2187 1851/2281/2184 1850/2200/2095
f 1851/2285/2188 1848/2286/2189 1849/2165/2059
f 1852/2287/2190 1846/2104/1996 1848/2286/2189
f 1846/2104/1996 1849/2165/2059 1848/2286/2189
f 1852/2283/2186 1848/2284/2187 1692/2282/2185
f 2110/2288/2191 2001/2289/2192 1998/2290/2193
f 2064/2291/2194 2141/2292/2195 2110/2288/2191
f 1998/2290/2193 1928/2293/2196 1903/2294/2197
f 1930/2295/2198 1921/2296/2199 2092/2297/2200
f 1930/2295/2198 1900/2298/2201 2111/2299/2202
f 2111/2299/2202 1922/2300/2203 1921/2296/2199
f 1930/2295/2198 2112/2301/2204 1900/2298/2201
f 1929/2302/2205 1938/2303/2206 2112/2301/2204
f 2111/2299/2202 2113/2304/2207 1924/2305/2208
f 2111/2299/2202 1900/2298/2201 2113/2304/2207
f 1920/2306/2209 1999/2307/2210 2001/2289/2192
f 2115/2308/2211 1931/2309/2212 1920/2306/2209
f 2083/2310/2213 2115/2308/2211 1920/2306/2209
f 1999/2307/2210 2116/2311/2214 1910/2312/2215
f 2000/2313/2216 1929/2302/2205 1928/2293/2196
f 2001/2289/2192 2000/2313/2216 1928/2293/2196
f 2113/2304/2207 1895/2314/2217 1924/2305/2208
f 1900/2298/2201 2002/2315/2218 2113/2304/2207
f 2002/2315/2218 2003/2316/2219 2113/2304/2207
f 2112/2301/2204 2114/2317/2220 2002/2315/2218
f 1938/2303/2206 1939/2318/2221 2114/2317/2220
f 2114/2317/2220 1901/2319/2222 2002/2315/2218
f 2003/2316/2219 2117/2320/2223 1895/2314/2217
f 2002/2315/2218 1901/2319/2222 2003/2316/2219
f 1923/2321/2224 1931/2309/2212 2115/2308/2211
f 2004/2322/2225 2116/2311/2214 1931/2309/2212
f 1911/2323/2226 2005/2324/2227 2004/2322/2225
f 2119/2325/2228 1939/2318/2221 2005/2324/2227
f 1939/2318/2221 1938/2303/2206 2000/2313/2216
f 2116/2311/2214 2005/2324/2227 2000/2313/2216
f 2117/2320/2223 2154/2326/2229 1895/2314/2217
f 1901/2319/2222 1933/2327/2230 2117/2320/2223
f 1932/2328/2231 2006/2329/2232 1901/2319/2222
f 1904/2330/2233 1940/2331/2234 2006/2329/2232
f 2006/2329/2232 1933/2327/2230 1901/2319/2222
f 2006/2329/2232 1934/2332/2235 1933/2327/2230
f 1925/2333/2236 2118/2334/2237 1923/2321/2224
f 1935/2335/2238 2007/2336/2239 2118/2334/2237
f 1902/2337/2240 1904/2330/2233 2007/2336/2239
f 2007/2336/2239 1932/2328/2231 2119/2325/2228
f 1926/2338/2241 2008/2339/2242 2152/2340/2243
f 1937/2341/2244 2010/2342/2245 2120/2343/2246
f 1941/2344/2247 1940/2331/2234 1902/2337/2240
f 2008/2339/2242 1935/2335/2238 1925/2333/2236
f 2008/2339/2242 1902/2337/2240 1935/2335/2238
f 2121/2345/2248 2009/2346/2249 1936/2347/2250
f 1898/2348/2251 1933/2327/2230 2009/2346/2249
f 2009/2346/2249 1934/2332/2235 2010/2342/2245
f 2010/2342/2245 1940/2331/2234 1941/2344/2247
f 1936/2347/2250 2010/2342/2245 1937/2341/2244
f 2122/2349/2252 1946/2350/2253 1960/2351/2254
f 1960/2351/2254 1946/2350/2253 1897/2352/2255
f 2011/2353/2256 2012/2354/2257 2122/2349/2252
f 2122/2349/2252 2012/2354/2257 1946/2350/2253
f 1972/2355/2258 2109/2356/2259 2012/2354/2257
f 1906/2357/2260 1972/2355/2258 2011/2353/2256
f 1916/2358/2261 2123/2359/2262 1944/2360/2263
f 1945/2361/2264 2101/2362/2265 1916/2358/2261
f 2104/2363/2266 1972/2355/2258 1906/2357/2260
f 1906/2357/2260 2011/2353/2256 1959/2364/2267
f 2123/2359/2262 1959/2364/2267 2125/2365/2268
f 1963/2366/2269 2014/2367/2270 1949/2368/2271
f 1905/2369/2272 2015/2370/2273 1963/2366/2269
f 1959/2364/2267 2122/2349/2252 2013/2371/2274
f 1974/2372/2275 1959/2364/2267 2013/2371/2274
f 2015/2370/2273 1960/2351/2254 2014/2367/2270
f 1948/2373/2276 1960/2351/2254 1897/2352/2255
f 2082/2374/2277 2016/2375/2278 1952/2376/2279
f 2082/2374/2277 2124/2377/2280 2016/2375/2278
f 1947/2378/2281 1944/2360/2263 2124/2377/2280
f 2123/2359/2262 2125/2365/2268 2124/2377/2280
f 2124/2377/2280 2125/2365/2268 2016/2375/2278
f 2125/2365/2268 1974/2372/2275 1912/2379/2282
f 1974/2372/2275 1973/2380/2283 1962/2381/2284
f 1966/2382/2285 2018/2383/2286 1967/2384/2287
f 2018/2383/2286 1953/2385/2288 1954/2386/2289
f 1965/2387/2290 1975/2388/2291 2024/2389/2292
f 2126/2390/2293 2017/2391/2294 1966/2382/2285
f 1976/2392/2295 1905/2369/2272 2017/2391/2294
f 2017/2391/2294 1963/2366/2269 2018/2383/2286
f 1963/2366/2269 1949/2368/2271 1953/2385/2288
f 1950/2393/2296 1964/2394/2297 1956/2395/2298
f 1951/2396/2299 2019/2397/2300 1950/2393/2296
f 1952/2376/2279 1961/2398/2301 1951/2396/2299
f 1962/2381/2284 2021/2399/2302 2020/2400/2303
f 1912/2379/2282 1962/2381/2284 2020/2400/2303
f 1973/2380/2283 1976/2392/2295 2021/2399/2302
f 2020/2400/2303 2021/2399/2302 2127/2401/2304
f 2127/2401/2304 1975/2388/2291 1965/2387/2290
f 2022/2402/2305 2127/2401/2304 1965/2387/2290
f 2020/2400/2303 2127/2401/2304 2022/2402/2305
f 2021/2399/2302 1975/2388/2291 2127/2401/2304
f 2025/2403/2306 1943/2404/2307 2129/2405/2308
f 2129/2405/2308 1943/2404/2307 1896/2406/2309
f 2132/2407/2310 2025/2403/2306 2129/2405/2308
f 2025/2403/2306 1942/2408/2311 1943/2404/2307
f 1977/2409/2312 2023/2410/2313 2132/2407/2310
f 2128/2411/2314 2024/2389/2292 2023/2410/2313
f 2023/2410/2313 1967/2384/2287 2025/2403/2306
f 2024/2389/2292 1966/2382/2285 1967/2384/2287
f 1967/2384/2287 1954/2386/2289 1942/2408/2311
f 1955/1158/2315 1968/2412/2316 1957/2413/2317
f 2026/2414/2318 2027/2415/2319 2029/1848/2320
f 1956/2395/2298 2026/2414/2318 1955/1158/2315
f 1964/2394/2297 2022/2402/2305 2027/2415/2319
f 2028/2416/2321 1965/2387/2290 2128/2411/2314
f 2027/2415/2319 1965/2387/2290 2028/2416/2321
f 2030/2417/2322 2128/2411/2314 1977/2409/2312
f 2029/1848/2320 2028/2416/2321 2030/2417/2322
f 2030/2417/2322 2031/2418/2323 1968/2412/2316
f 1977/2409/2312 1978/2419/2324 2030/2417/2322
f 1978/2419/2324 1970/2159/2325 2031/2418/2323
f 1978/2419/2324 2031/2418/2323 2030/2417/2322
f 2031/2418/2323 1971/2420/2326 1957/2413/2317
f 2130/2421/2327 2032/2422/2328 2129/2405/2308
f 2032/2422/2328 2132/2407/2310 2129/2405/2308
f 1969/2423/2329 2032/2422/2328 2130/2421/2327
f 2131/1177/2330 1978/2419/2324 2032/2422/2328
f 2032/2422/2328 1977/2409/2312 2132/2407/2310
f 1899/2424/2331 1907/2425/2332 2110/2288/2191
f 2133/2426/2333 2107/2427/2334 1945/2361/2264
f 1945/2361/2264 2107/2427/2334 2101/2362/2265
f 1907/2428/2332 2133/2426/2333 1945/2361/2264
f 2060/2429/2335 2034/2430/2336 2061/2431/2337
f 2154/2326/2229 2034/2430/2336 2060/2429/2335
f 1979/2432/2338 2140/2433/2339 2033/2434/2340
f 1898/2348/2251 1979/2432/2338 2034/2430/2336
f 2134/2435/2341 1969/2423/2329 2130/2421/2327
f 2034/2436/2336 2135/2437/2342 1980/2438/2343
f 2034/2436/2336 2033/2439/2340 2135/2437/2342
f 2033/2439/2340 2134/2435/2341 2135/2437/2342
f 2135/2437/2342 2130/2421/2327 1896/2406/2309
f 2138/2440/2344 1913/2441/2345 2136/2442/2346
f 1981/2443/2347 2138/2440/2344 2137/2444/2348
f 2115/2308/2211 2137/2444/2348 1923/2321/2224
f 1981/2443/2347 1982/2445/2349 2138/2440/2344
f 1982/2445/2349 2139/2446/2350 2138/2440/2344
f 2151/2447/2351 1952/2376/2279 2139/2448/2350
f 1952/2376/2279 1951/2396/2299 2035/2180/2352
f 2139/2448/2350 2035/2180/2352 1913/2449/2345
f 2035/2180/2352 1950/2393/2296 1984/2450/2353
f 2035/2180/2352 1984/2450/2353 2149/1209/2354
f 2036/2451/2355 2038/2452/2356 2121/2345/2248
f 2036/2451/2357 1989/2453/2358 2038/2452/2359
f 2121/2345/2248 2140/2433/2339 1979/2432/2338
f 1937/2341/2244 2036/2451/2360 1936/2347/2250
f 1989/2454/2358 1990/2455/2361 2037/2456/2362
f 2140/2457/2339 2037/2456/2362 1969/2423/2329
f 2037/2456/2362 2131/1177/2330 1969/2423/2329
f 1987/2458/2363 1915/2459/2364 1986/2460/2365
f 2110/2288/2191 2039/2461/2366 2064/2291/2194
f 2039/2462/2367 1945/2361/2264 2040/2463/2368
f 2064/2291/2194 1915/2459/2364 2141/2292/2195
f 2141/2292/2195 1915/2459/2364 1987/2458/2363
f 1996/2464/2369 2041/2465/2370 1995/2466/2371
f 1996/2467/2369 1958/2468/2372 2109/2356/2259
f 1998/2290/2193 2142/2469/2373 2105/2470/2374
f 1996/2467/2369 2109/2356/2259 2099/2471/2375
f 1995/2466/2376 1927/2472/2377 2042/2473/2378
f 1927/2472/2377 1930/2295/2198 2042/2473/2378
f 1927/2472/2377 2142/2469/2373 1930/2295/2198
f 2142/2469/2373 1903/2294/2197 1930/2295/2198
f 1903/2294/2197 1928/2293/2196 1929/2302/2205
f 1930/2295/2198 2092/2297/2200 2067/2474/2379
f 1994/2475/2380 2047/2476/2381 2046/2477/2382
f 1924/2305/2208 2043/2478/2383 1994/2475/2380
f 2043/2478/2383 2044/1591/2384 2047/2476/2381
f 1895/2314/2217 1991/2479/2385 2043/2478/2383
f 1991/2479/2385 2063/2480/2386 2044/1591/2384
f 2044/1594/2384 2155/2481/2387 2045/2482/2388
f 2045/2482/2388 1992/2483/2389 1953/2385/2288
f 2046/2484/2382 2045/2482/2388 2143/2485/2390
f 1993/2486/2391 1953/2385/2288 1949/2368/2271
f 2143/2485/2390 2045/2482/2388 1993/2486/2391
f 2145/2487/2392 2144/2488/2393 1926/2338/2394
f 2144/2488/2395 2120/2343/2246 1926/2338/2241
f 2145/1604/2392 1971/2420/2326 2048/2489/2396
f 1971/2420/2326 1970/2159/2325 2049/2490/2397
f 2049/2490/2397 1990/2455/2361 1989/2454/2358
f 2048/2489/2396 2049/2490/2397 1908/1609/2398
f 1970/2159/2325 2131/1177/2330 1990/2455/2361
f 1908/2491/2399 1988/2492/2400 2146/2493/2401
f 1908/2491/2399 2146/2493/2401 2144/2488/2393
f 2146/2493/2401 1937/2341/2244 2120/2343/2246
f 2148/2494/2402 1914/2495/2403 2147/2496/2404
f 2136/2442/2346 2148/2494/2402 2147/2496/2404
f 1923/2321/2224 2147/2496/2404 1925/2333/2236
f 1913/2441/2345 2149/2497/2354 2148/2494/2402
f 1984/2450/2353 1956/2395/2298 2050/2498/2405
f 2149/1209/2354 2050/2498/2405 1914/2499/2403
f 1914/2499/2403 2150/2500/2406 1909/2501/2407
f 2050/2498/2405 1955/1158/2315 2150/2500/2406
f 2042/2473/2378 2051/2502/2408 1995/2466/2376
f 1995/2466/2371 2051/2502/2409 1996/2464/2369
f 2067/2474/2379 2070/2503/2410 2068/2504/2411
f 1981/2443/2347 2054/2505/2412 1982/2445/2349
f 1920/2306/2209 1987/2458/2363 2083/2310/2213
f 1987/2458/2363 2080/2506/2413 2078/2507/2414
f 2081/2508/2415 2151/2447/2351 1982/2509/2349
f 2055/2510/2416 1983/2511/2417 2151/2447/2351
f 2055/2510/2416 2082/2374/2277 1983/2511/2417
f 2152/2340/2243 2057/2512/2418 1926/2338/2394
f 1925/2333/2236 2147/2496/2404 2152/2340/2243
f 2147/2496/2404 1909/2513/2407 2152/2340/2243
f 2150/2500/2406 1957/2413/2317 2056/2514/2419
f 1909/2501/2407 2056/2514/2419 2057/2515/2418
f 1921/2296/2199 1922/2300/2203 2096/2516/2420
f 1921/2296/2199 2096/2516/2420 2093/2517/2421
f 1921/2296/2199 1917/2518/2422 2092/2297/2200
f 1924/2305/2208 1994/2475/2380 1922/2300/2203
f 2058/2519/2423 2046/2477/2382 2097/2520/2424
f 1993/2486/2391 1949/2368/2271 2014/2367/2270
f 2097/2521/2424 1993/2486/2391 2059/2522/2425
f 2052/2523/2426 2098/2524/2427 1897/2352/2255
f 1997/2525/2428 2153/2526/2429 2052/2523/2430
f 1895/2314/2217 2154/2326/2229 1991/2479/2385
f 2060/2429/2335 2061/2431/2337 2063/2480/2386
f 1980/2438/2343 1896/2406/2309 1943/2404/2307
f 2062/2527/2431 1943/2404/2307 1942/2408/2311
f 1980/2438/2343 1943/2404/2307 2062/2527/2431
f 2063/2528/2386 1980/2438/2343 2155/2481/2387
f 1992/2483/2389 1942/2408/2311 1954/2386/2289
f 2040/2463/2368 2156/2529/2432 2157/2530/2433
f 2040/2463/2368 2157/2530/2433 2039/2462/2367
f 1916/2358/2261 2156/2529/2434 2040/2463/2435
f 2156/2529/2432 2066/2531/2436 2157/2530/2433
f 1915/1654/2437 2065/2532/2438 1985/2533/2439
f 2039/2461/2366 2157/2534/2440 2064/2291/2194
f 1915/1654/2437 2066/2531/2441 2065/2532/2438
f 1916/2358/2261 1944/2360/2263 2066/2531/2442
f 2069/2535/2443 2077/2536/2444 2071/2537/2445
f 2071/2537/2445 2075/2538/2446 2052/2523/2426
f 2051/2539/2409 2073/2540/2447 2053/2541/2448
f 1958/2468/2372 2053/2541/2449 2069/2535/2443
f 1897/2352/2255 2071/2537/2445 2052/2523/2426
f 2067/2474/2379 2072/2542/2450 2051/2502/2408
f 1946/2350/2253 2071/2537/2445 1897/2352/2255
f 2068/2504/2411 2074/2543/2451 2076/2544/2452
f 2074/1669/2453 2075/2538/2454 2077/2536/2455
f 2072/2545/2456 2076/2546/2457 2073/2540/2447
f 2067/2474/2379 2068/2504/2411 2072/2542/2450
f 2075/2547/2454 2074/2543/2453 2070/2503/2410
f 2088/2548/2458 2084/2549/2459 2081/2550/2415
f 2124/2377/2280 2082/2374/2277 2079/2551/2460
f 2087/2552/2461 2084/2549/2459 2088/2548/2458
f 2158/2553/2462 2085/2554/2463 2086/2017/2464
f 1986/2555/2465 2158/2553/2462 2086/2017/2464
f 2158/2553/2462 2079/2551/2460 2085/2554/2463
f 2080/2506/2466 2087/2552/2467 2078/2507/2414
f 1986/2460/2468 2087/2552/2469 2080/2506/2413
f 2097/2520/2424 2091/2556/2470 2058/2519/2423
f 1922/2300/2203 2058/2519/2423 2096/2516/2420
f 2092/2297/2200 2090/2557/2471 1997/2558/2428
f 2098/2524/2427 2089/2559/2472 1948/2373/2276
f 1948/2373/2276 2094/2560/2473 2014/2367/2270
f 2096/2516/2420 1918/2561/2474 2094/1695/2475
f 2093/2517/2476 2096/2516/2420 2095/2562/2477
f 2094/2560/2475 2089/2559/2478 2095/2563/2477
f 2059/2522/2425 1918/2564/2474 2097/2521/2424
f 2094/2560/2473 1918/2564/2474 2059/2522/2425
f 2153/2526/2479 2089/2559/2472 2098/2524/2427
f 2058/2519/2423 2091/2556/2470 2096/2516/2420
f 2100/2565/2480 1919/2566/2481 2142/2469/2373
f 1907/2425/2332 2105/2470/2374 2106/2567/2482
f 1995/2466/2376 2100/2565/2480 1927/2472/2377
f 2108/2568/2483 2100/2565/2480 1995/2466/2376
f 2102/2569/2484 2106/2567/2482 2105/2470/2374
f 2106/2570/2485 2103/2571/2486 2107/2427/2334
f 2102/2572/2487 2103/2571/2486 2106/2570/2485
f 2108/2573/2488 2099/2471/2375 2103/2571/2486
f 2099/2471/2375 2104/2363/2266 2103/2571/2486
f 2099/2471/2375 2109/2356/2259 2104/2363/2266
f 2108/2573/2488 2103/2571/2486 2102/2572/2487
f 2108/2568/2483 2102/2569/2489 2100/2565/2480
f 2382/2574/2490 2269/2575/2491 2266/2576/2492
f 2335/2577/2493 2419/2578/2494 2382/2574/2490
f 2266/2576/2492 2195/2579/2495 2167/2580/2496
f 2197/2581/2497 2187/2582/2498 2363/2583/2499
f 2197/2581/2497 2164/2584/2500 2383/2585/2501
f 2383/2585/2501 2188/2586/2502 2187/2582/2498
f 2179/2587/2503 2384/2588/2504 2164/2584/2500
f 2196/2589/2505 2205/2590/2506 2384/2588/2504
f 2383/2585/2501 2385/2591/2507 2190/2592/2508
f 2383/2585/2501 2164/2584/2500 2385/2591/2507
f 2186/2593/2509 2267/2594/2510 2194/2595/2511
f 2194/2595/2511 2175/2596/2512 2269/2575/2491
f 2387/2597/2513 2198/2598/2514 2186/2593/2509
f 2354/2599/2515 2387/2597/2513 2186/2593/2509
f 2267/2594/2510 2388/2600/2516 2175/2596/2512
f 2268/2601/2517 2196/2589/2505 2195/2579/2495
f 2269/2575/2491 2268/2601/2517 2195/2579/2495
f 2385/2591/2507 2159/2602/2518 2190/2592/2508
f 2164/2584/2500 2270/2603/2519 2385/2591/2507
f 2270/2603/2519 2271/2604/2520 2385/2591/2507
f 2384/2588/2504 2386/2605/2521 2270/2603/2519
f 2205/2590/2506 2206/2606/2522 2386/2605/2521
f 2386/2605/2521 2165/2607/2523 2270/2603/2519
f 2271/2604/2520 2389/2608/2524 2159/2602/2518
f 2270/2603/2519 2165/2607/2523 2271/2604/2520
f 2189/2609/2525 2198/2598/2514 2387/2597/2513
f 2272/2610/2526 2388/2600/2516 2198/2598/2514
f 2176/2611/2527 2273/2612/2528 2272/2610/2526
f 2391/2613/2529 2206/2606/2522 2273/2612/2528
f 2206/2606/2522 2205/2590/2506 2268/2601/2517
f 2388/2600/2516 2273/2612/2528 2268/2601/2517
f 2389/2608/2524 2433/2614/2530 2159/2602/2518
f 2165/2607/2523 2200/2615/2531 2389/2608/2524
f 2199/2616/2532 2274/2617/2533 2165/2607/2523
f 2168/2618/2534 2207/2619/2535 2274/2617/2533
f 2274/2617/2533 2200/2615/2531 2165/2607/2523
f 2274/2617/2533 2201/2620/2536 2200/2615/2531
f 2191/2621/2537 2390/2622/2538 2189/2609/2525
f 2202/2623/2539 2275/2624/2540 2390/2622/2538
f 2166/2625/2541 2168/2618/2534 2275/2624/2540
f 2275/2624/2540 2199/2616/2532 2391/2613/2529
f 2192/2626/2542 2276/2627/2543 2430/2628/2544
f 2204/2629/2545 2278/2630/2546 2392/2631/2547
f 2208/2632/2548 2207/2619/2535 2166/2625/2541
f 2276/2627/2543 2202/2623/2539 2191/2621/2537
f 2276/2627/2543 2166/2625/2541 2202/2623/2539
f 2393/2633/2549 2277/2634/2550 2203/2095/2551
f 2162/2635/2552 2200/2615/2531 2277/2634/2550
f 2277/2634/2550 2201/2620/2536 2278/2630/2546
f 2278/2630/2546 2207/2619/2535 2208/2632/2548
f 2203/2095/2551 2278/2630/2546 2204/2629/2545
f 2394/2636/2553 2213/2637/2554 2228/2638/2555
f 2228/2638/2555 2213/2637/2554 2161/2639/2556
f 2279/2640/2557 2280/2641/2558 2394/2636/2553
f 2394/2636/2553 2280/2641/2558 2213/2637/2554
f 2240/2642/2559 2381/2643/2560 2280/2641/2558
f 2171/2644/2561 2240/2642/2559 2279/2640/2557
f 2182/2645/2562 2395/2646/2563 2211/2647/2564
f 2212/2648/2565 2372/2649/2566 2182/2645/2562
f 2376/2650/2567 2240/2642/2559 2171/2644/2561
f 2171/2644/2561 2279/2640/2557 2227/2651/2568
f 2395/2646/2563 2227/2651/2568 2397/2652/2569
f 2231/2653/2570 2282/2654/2571 2217/2655/2572
f 2170/2656/2573 2283/2657/2574 2231/2653/2570
f 2227/2651/2568 2394/2636/2553 2281/2658/2575
f 2242/2659/2576 2227/2651/2568 2281/2658/2575
f 2283/2657/2574 2228/2638/2555 2282/2654/2571
f 2216/2660/2577 2228/2638/2555 2161/2639/2556
f 2214/2661/2578 2284/2662/2579 2220/2663/2580
f 2214/2661/2578 2396/2664/2581 2284/2662/2579
f 2215/2665/2582 2211/2647/2564 2396/2664/2581
f 2395/2646/2563 2397/2652/2569 2396/2664/2581
f 2396/2664/2581 2397/2652/2569 2284/2662/2579
f 2397/2652/2569 2242/2659/2576 2177/2666/2583
f 2242/2659/2576 2241/2667/2584 2230/2668/2585
f 2234/2669/2586 2286/2670/2587 2235/2671/2588
f 2286/2670/2587 2221/2672/2589 2222/2673/2590
f 2233/2674/2591 2243/2675/2592 2292/2676/2593
f 2244/2677/2594 2399/2678/2595 2398/2679/2596
f 2398/2679/2596 2285/2680/2597 2234/2669/2586
f 2244/2677/2594 2170/2656/2573 2399/2678/2595
f 2399/2678/2595 2170/2656/2573 2285/2680/2597
f 2285/2680/2597 2231/2653/2570 2286/2670/2587
f 2231/2653/2570 2217/2655/2572 2221/2672/2589
f 2287/2681/2598 2290/2682/2599 2400/2683/2600
f 2218/2684/2601 2232/2685/2602 2224/1142/2603
f 2229/2686/2604 2288/2687/2605 2401/2688/2606
f 2219/2689/2607 2400/2683/2600 2218/2684/2601
f 2220/2663/2580 2401/2688/2606 2219/2689/2607
f 2284/2662/2579 2229/2686/2604 2401/2688/2606
f 2401/2688/2606 2287/2681/2598 2400/2683/2600
f 2230/2668/2585 2289/2690/2608 2288/2687/2605
f 2177/2666/2583 2230/2668/2585 2288/2687/2605
f 2241/2667/2584 2244/2677/2594 2289/2690/2608
f 2288/2687/2605 2289/2690/2608 2402/2691/2609
f 2402/2691/2609 2243/2675/2592 2233/2674/2591
f 2290/2682/2599 2402/2691/2609 2233/2674/2591
f 2288/2687/2605 2402/2691/2609 2290/2682/2599
f 2289/2690/2608 2243/2675/2592 2402/2691/2609
f 2293/2692/2610 2210/2693/2611 2405/1499/2612
f 2405/1499/2612 2210/2693/2611 2160/2694/2613
f 2408/2695/2614 2293/2692/2610 2405/1499/2612
f 2293/2692/2610 2209/2696/2615 2210/2693/2611
f 2245/2697/2616 2291/2698/2617 2408/2695/2614
f 2403/2699/2618 2292/2676/2593 2291/2698/2617
f 2291/2698/2617 2235/2671/2588 2293/2692/2610
f 2292/2676/2593 2234/2669/2586 2235/2671/2588
f 2235/2671/2588 2222/2673/2590 2209/2696/2615
f 2223/2700/2619 2236/1159/2620 2225/2701/2621
f 2294/2702/2622 2295/2703/2623 2297/2704/2624
f 2224/1142/2603 2294/2702/2622 2223/2700/2619
f 2232/2685/2602 2290/2682/2599 2295/2703/2623
f 2296/2705/2625 2233/2674/2591 2403/2699/2618
f 2295/2703/2623 2233/2674/2591 2296/2705/2625
f 2404/2706/2626 2403/2699/2618 2245/2697/2616
f 2297/2704/2624 2296/2705/2625 2404/2706/2626
f 2298/2707/2627 2299/2708/2628 2236/1159/2620
f 2245/2697/2616 2246/2709/2629 2404/2706/2626
f 2404/2706/2626 2298/2707/2627 2297/2704/2624
f 2246/2709/2629 2238/2710/2630 2299/2708/2628
f 2246/2709/2629 2299/2708/2628 2298/2707/2627
f 2299/2708/2628 2239/2420/2631 2225/2701/2621
f 2406/2711/2632 2300/2712/2633 2405/1499/2612
f 2300/2712/2633 2408/2695/2614 2405/1499/2612
f 2237/2713/2634 2300/2712/2633 2406/2711/2632
f 2407/1525/2635 2246/2709/2629 2300/2712/2633
f 2300/2712/2633 2245/2697/2616 2408/2695/2614
f 2163/2714/2636 2172/2715/2637 2382/2574/2490
f 2409/1866/2638 2379/2716/2639 2212/2648/2565
f 2212/2648/2565 2379/2716/2639 2372/2649/2566
f 2172/2717/2637 2409/1866/2638 2212/2648/2565
f 2330/2718/2640 2302/2719/2641 2331/2720/2642
f 2433/2614/2530 2302/2719/2641 2330/2718/2640
f 2247/2721/2643 2418/2722/2644 2301/2723/2645
f 2162/2635/2552 2247/2721/2643 2302/2719/2641
f 2410/2724/2646 2237/2713/2634 2406/2711/2632
f 2302/2725/2641 2411/2726/2647 2248/2727/2648
f 2302/2725/2641 2301/2728/2645 2411/2726/2647
f 2301/2728/2645 2410/2724/2646 2411/2726/2647
f 2411/2726/2647 2406/2711/2632 2160/2694/2613
f 2414/2729/2649 2178/1196/2650 2412/2730/2651
f 2249/2731/2652 2414/2729/2649 2413/2732/2653
f 2387/2597/2513 2413/2732/2653 2189/2609/2525
f 2249/2731/2652 2250/2733/2654 2414/2729/2649
f 2250/2733/2654 2415/2734/2655 2414/2729/2649
f 2429/2735/2656 2416/2736/2657 2415/2737/2655
f 2416/2736/2657 2219/2689/2607 2303/2180/2658
f 2415/2737/2655 2303/2180/2658 2178/2738/2650
f 2251/1553/2659 2220/2663/2580 2416/2736/2657
f 2303/2180/2658 2218/2684/2601 2252/1208/2660
f 2303/2180/2658 2252/1208/2660 2427/2739/2661
f 2304/2740/2662 2307/2741/2663 2417/2742/2664
f 2203/2095/2551 2417/2742/2664 2393/2633/2549
f 2304/2740/2662 2305/2743/2665 2307/2741/2663
f 2417/2742/2664 2418/2722/2644 2247/2721/2643
f 2417/2742/2664 2247/2721/2643 2393/2633/2549
f 2204/2629/2545 2304/2740/2662 2203/2095/2551
f 2256/2744/2666 2257/2745/2667 2305/2743/2665
f 2305/2746/2668 2258/2747/2669 2306/2748/2670
f 2418/1566/2644 2306/2748/2670 2237/2713/2634
f 2306/2748/2670 2407/1525/2635 2237/2713/2634
f 2255/2749/2671 2181/2750/2672 2254/2751/2673
f 2382/2574/2490 2308/2752/2674 2335/2577/2493
f 2308/2753/2675 2212/2648/2565 2309/2754/2676
f 2335/2577/2493 2181/2750/2672 2419/2578/2494
f 2419/2578/2494 2181/2750/2672 2255/2749/2671
f 2264/2755/2677 2310/2756/2678 2263/2757/2679
f 2264/2758/2677 2226/2759/2680 2381/2643/2560
f 2266/2576/2492 2420/2760/2681 2373/2761/2682
f 2264/2758/2677 2381/2643/2560 2370/2762/2683
f 2263/2757/2684 2193/2763/2685 2311/2764/2686
f 2193/2763/2685 2179/2587/2503 2311/2764/2686
f 2193/2763/2685 2420/2760/2681 2179/2587/2503
f 2420/2760/2681 2167/2580/2496 2179/2587/2503
f 2167/2580/2496 2195/2579/2495 2196/2589/2505
f 2311/2764/2686 2179/2587/2503 2197/2581/2497
f 2197/2581/2497 2363/2583/2499 2338/2765/2687
f 2262/2766/2688 2316/2767/2689 2315/2768/2690
f 2190/2592/2508 2312/2769/2691 2262/2766/2688
f 2312/2769/2691 2313/2770/2692 2316/2767/2689
f 2159/2602/2518 2259/2771/2693 2312/2769/2691
f 2259/2771/2693 2334/2772/2694 2313/2770/2692
f 2313/1594/2692 2434/2773/2695 2314/2774/2696
f 2314/2774/2696 2260/2775/2697 2221/2672/2589
f 2315/2776/2690 2314/2774/2696 2421/2777/2698
f 2261/2778/2699 2221/2672/2589 2217/2655/2572
f 2421/2777/2698 2314/2774/2696 2261/2778/2699
f 2423/2779/2700 2422/1257/2701 2192/2626/2702
f 2422/1257/2703 2392/2631/2547 2192/2626/2542
f 2423/2780/2700 2239/2420/2631 2317/2781/2704
f 2239/2420/2631 2238/2710/2630 2318/2782/2705
f 2318/2782/2705 2258/2747/2669 2257/2783/2706
f 2317/2781/2704 2318/2782/2705 2173/1609/2707
f 2238/2710/2630 2407/1525/2635 2258/2747/2669
f 2173/2784/2708 2256/2744/2709 2424/2785/2710
f 2173/2784/2708 2424/2785/2710 2422/1257/2701
f 2424/2785/2710 2204/2629/2545 2392/2631/2547
f 2426/2786/2711 2180/2787/2712 2425/2788/2713
f 2412/2730/2651 2426/2786/2711 2425/2788/2713
f 2189/2609/2525 2425/2788/2713 2191/2621/2537
f 2178/1196/2650 2427/2789/2661 2426/2786/2711
f 2252/1208/2660 2224/1142/2603 2319/2790/2714
f 2427/2739/2661 2319/2790/2714 2180/1951/2712
f 2180/1951/2712 2428/2791/2715 2174/2792/2716
f 2319/2790/2714 2223/2700/2619 2428/2791/2715
f 2311/2764/2686 2320/2793/2717 2263/2757/2684
f 2263/2757/2679 2320/2793/2718 2264/2755/2677
f 2338/2765/2687 2341/2794/2719 2339/2795/2720
f 2249/2731/2652 2323/2796/2721 2250/2733/2654
f 2186/2593/2509 2255/2749/2671 2354/2599/2515
f 2255/2749/2671 2351/2797/2722 2349/2798/2723
f 2352/2799/2724 2429/2735/2656 2250/2800/2654
f 2325/2801/2725 2251/1553/2659 2429/2735/2656
f 2325/2801/2725 2353/2802/2726 2251/1553/2659
f 2353/2802/2726 2214/2661/2578 2251/1553/2659
f 2430/2628/2544 2327/2803/2727 2192/2626/2702
f 2191/2621/2537 2425/2788/2713 2430/2628/2544
f 2425/2788/2713 2174/2804/2716 2430/2628/2544
f 2431/1290/2728 2225/2701/2621 2326/2805/2729
f 2428/2791/2715 2225/2701/2621 2431/1290/2728
f 2174/2792/2716 2326/2805/2729 2327/2806/2727
f 2187/2582/2498 2188/2586/2502 2367/2807/2730
f 2187/2582/2498 2367/2807/2730 2364/2808/2731
f 2187/2582/2498 2183/2809/2732 2363/2583/2499
f 2190/2592/2508 2262/2766/2688 2188/2586/2502
f 2328/2810/2733 2315/2768/2690 2368/2811/2734
f 2261/2778/2699 2217/2655/2572 2282/2654/2571
f 2368/2812/2734 2261/2778/2699 2329/2813/2735
f 2321/2814/2736 2369/2815/2737 2161/2639/2556
f 2265/2816/2738 2432/2817/2739 2321/2814/2740
f 2159/2602/2518 2433/2614/2530 2259/2771/2693
f 2330/2718/2640 2331/2720/2642 2334/2772/2694
f 2331/2818/2642 2248/2727/2648 2333/2819/2741
f 2248/2727/2648 2160/2694/2613 2210/2693/2611
f 2332/2527/2742 2210/2693/2611 2209/2696/2615
f 2333/2819/2741 2210/2693/2611 2332/2527/2742
f 2334/1984/2694 2333/2819/2741 2434/2773/2695
f 2260/2775/2697 2209/2696/2615 2222/2673/2590
f 2309/2754/2676 2436/2820/2743 2437/2821/2744
f 2309/2754/2676 2437/2821/2744 2308/2753/2675
f 2182/2645/2562 2436/2820/2745 2309/2754/2746
f 2436/2820/2743 2435/2822/2747 2437/2821/2744
f 2181/2823/2672 2336/2824/2748 2253/2825/2749
f 2308/2752/2674 2437/2826/2750 2335/2577/2493
f 2181/2823/2672 2337/2827/2751 2336/2824/2748
f 2182/2645/2562 2211/2647/2564 2435/2822/2752
f 2340/2828/2753 2348/2829/2754 2342/2830/2755
f 2342/2830/2755 2346/2831/2756 2321/2814/2736
f 2320/2832/2718 2344/2833/2757 2322/2834/2758
f 2226/2759/2680 2322/2834/2759 2340/2828/2753
f 2161/2639/2556 2342/2830/2755 2321/2814/2736
f 2338/2765/2687 2343/2835/2760 2320/2793/2717
f 2213/2637/2554 2342/2830/2755 2161/2639/2556
f 2339/2795/2720 2345/2836/2761 2347/2837/2762
f 2345/2838/2763 2346/2831/2764 2348/2829/2765
f 2343/2839/2766 2347/2840/2767 2344/2833/2757
f 2338/2765/2687 2339/2795/2720 2343/2835/2760
f 2346/2547/2764 2345/2836/2763 2341/2794/2719
f 2359/2841/2768 2355/2842/2769 2352/2843/2724
f 2253/2825/2749 2324/1338/2770 2254/2844/2673
f 2396/2664/2581 2214/2661/2578 2350/2845/2771
f 2358/2846/2772 2355/2842/2769 2359/2841/2768
f 2438/2847/2773 2356/2848/2774 2357/2017/2775
f 2324/1338/2776 2438/2847/2773 2357/2017/2775
f 2438/2847/2773 2350/2845/2771 2356/2848/2774
f 2351/2797/2777 2358/2846/2778 2349/2798/2723
f 2324/2849/2779 2358/2846/2779 2351/2797/2780
f 2368/2811/2734 2362/2850/2781 2328/2810/2733
f 2188/2586/2502 2328/2810/2733 2367/2807/2730
f 2363/2583/2499 2361/2851/2782 2265/2852/2738
f 2369/2815/2737 2360/2853/2783 2216/2660/2577
f 2216/2660/2577 2365/2854/2784 2282/2654/2571
f 2367/2807/2730 2184/2855/2785 2365/2028/2786
f 2364/2808/2787 2367/2807/2730 2366/2856/2788
f 2365/2854/2786 2360/2853/2789 2366/2857/2788
f 2329/2813/2735 2184/2858/2785 2368/2812/2734
f 2365/2854/2784 2184/2858/2785 2329/2813/2735
f 2432/2817/2790 2360/2853/2783 2369/2815/2737
f 2328/2810/2733 2362/2850/2781 2367/2807/2730
f 2371/2859/2791 2185/2860/2792 2420/2760/2681
f 2172/2715/2637 2377/2861/2793 2378/2862/2794
f 2263/2757/2684 2371/2859/2791 2193/2763/2685
f 2380/2863/2795 2371/2859/2791 2263/2757/2684
f 2374/2864/2796 2378/2862/2794 2377/2861/2793
f 2378/2865/2797 2375/2866/2798 2379/2716/2639
f 2374/2867/2799 2375/2866/2798 2378/2865/2797
f 2380/1370/2800 2370/2762/2683 2375/2866/2798
f 2370/2762/2683 2376/2650/2567 2375/2866/2798
f 2370/2762/2683 2381/2643/2560 2376/2650/2567
f 2380/1370/2800 2375/2866/2798 2374/2867/2799
f 2380/2863/2795 2374/2864/2801 2371/2859/2791
f 2163/2714/2636 2373/2761/2682 2377/2861/2793
f 2643/2868/2802 2541/2869/2803 2538/2870/2804
f 2600/2871/2805 2674/2872/2806 2643/2868/2802
f 2538/2870/2804 2469/2873/2807 2446/2874/2808
f 2471/2875/2809 2463/2876/2810 2459/2877/2811
f 2471/2875/2809 2443/2878/2812 2644/2879/2813
f 2471/2875/2809 2645/2880/2814 2443/2878/2812
f 2470/2881/2815 2479/2882/2816 2645/2880/2814
f 2644/2879/2813 2646/2883/2817 2465/2884/2818
f 2644/2879/2813 2443/2878/2812 2646/2883/2817
f 2462/2885/2819 2539/2886/2820 2541/2869/2803
f 2648/2887/2821 2472/2888/2822 2462/2885/2819
f 2619/2889/2823 2648/2887/2821 2462/2885/2819
f 2539/2886/2820 2649/2890/2824 2453/2891/2825
f 2540/2892/2826 2470/2881/2815 2469/2873/2807
f 2541/2869/2803 2540/2892/2826 2469/2873/2807
f 2646/2883/2817 2439/2893/2827 2465/2884/2818
f 2443/2878/2812 2542/2894/2828 2646/2883/2817
f 2542/2894/2828 2543/2895/2829 2646/2883/2817
f 2645/2880/2814 2647/2896/2830 2542/2894/2828
f 2479/2882/2816 2480/2897/2831 2647/2896/2830
f 2473/2898/2832 2444/2899/2833 2542/2894/2828
f 2543/2895/2829 2650/2900/2834 2439/2893/2827
f 2542/2894/2828 2444/2899/2833 2543/2895/2829
f 2464/2901/2835 2472/2888/2822 2648/2887/2821
f 2544/2902/2836 2649/2890/2824 2472/2888/2822
f 2547/2903/2837 2545/2904/2838 2544/2902/2836
f 2652/2905/2839 2480/2897/2831 2545/2904/2838
f 2480/2897/2831 2479/2882/2816 2540/2892/2826
f 2649/2890/2824 2545/2904/2838 2540/2892/2826
f 2650/2900/2834 2686/2906/2840 2439/2893/2827
f 2444/2899/2833 2474/2907/2841 2650/2900/2834
f 2473/2898/2832 2546/2908/2842 2444/2899/2833
f 2447/2909/2843 2481/2910/2844 2546/2908/2842
f 2546/2908/2842 2474/2907/2841 2444/2899/2833
f 2546/2908/2842 2475/2911/2845 2474/2907/2841
f 2466/2912/2846 2651/2913/2847 2464/2901/2835
f 2476/2914/2848 2547/2903/2837 2651/2913/2847
f 2445/2915/2849 2447/2909/2843 2547/2903/2837
f 2447/2909/2843 2652/2905/2839 2547/2903/2837
f 2447/2909/2843 2473/2898/2832 2652/2905/2839
f 2467/2916/2850 2548/2917/2851 2684/2918/2852
f 2478/2919/2853 2550/2920/2854 2653/2921/2855
f 2482/2922/2856 2481/2910/2844 2445/2915/2849
f 2548/2917/2851 2476/2914/2848 2466/2912/2846
f 2548/2917/2851 2445/2915/2849 2476/2914/2848
f 2654/2923/2857 2549/2924/2858 2477/2925/2859
f 2442/2926/2860 2474/2907/2841 2549/2924/2858
f 2549/2924/2858 2475/2911/2845 2550/2920/2854
f 2550/2920/2854 2481/2910/2844 2482/2922/2856
f 2477/2925/2859 2550/2920/2854 2478/2919/2853
f 2655/2927/2861 2487/2928/2862 2501/2929/2863
f 2501/2929/2863 2487/2928/2862 2441/2930/2864
f 2551/2931/2865 2552/2932/2866 2655/2927/2861
f 2655/2927/2861 2552/2932/2866 2487/2928/2862
f 2449/2933/2867 2642/2934/2868 2552/2932/2866
f 2458/2935/2869 2656/2936/2870 2485/2937/2871
f 2486/2938/2872 2635/2939/2873 2458/2935/2869
f 2449/2933/2867 2551/2931/2865 2500/2940/2874
f 2656/2936/2870 2500/2940/2874 2658/2941/2875
f 2504/2942/2876 2554/2943/2877 2490/2944/2878
f 2448/2945/2879 2555/2946/2880 2504/2942/2876
f 2500/2940/2874 2655/2927/2861 2553/2947/2881
f 2514/2948/2882 2500/2940/2874 2553/2947/2881
f 2555/2946/2880 2501/2929/2863 2554/2943/2877
f 2489/2949/2883 2501/2929/2863 2441/2930/2864
f 2618/2950/2884 2556/2951/2885 2493/2952/2886
f 2618/2950/2884 2657/2953/2887 2556/2951/2885
f 2488/2954/2888 2485/2937/2871 2657/2953/2887
f 2656/2936/2870 2658/2941/2875 2657/2953/2887
f 2657/2953/2887 2658/2941/2875 2556/2951/2885
f 2658/2941/2875 2514/2948/2882 2454/2955/2889
f 2514/2948/2882 2513/2956/2890 2503/2957/2891
f 2507/2958/2892 2495/2959/2893 2508/2960/2894
f 2506/2961/2895 2515/2962/2896 2563/2963/2897
f 2659/2964/2898 2557/2965/2899 2507/2958/2892
f 2516/2966/2900 2448/2945/2879 2557/2965/2899
f 2557/2965/2899 2504/2942/2876 2495/2959/2893
f 2504/2942/2876 2490/2944/2878 2494/2967/2901
f 2491/2968/2902 2505/2969/2903 2497/1828/2904
f 2492/2970/2905 2558/2971/2906 2491/2968/2902
f 2493/2952/2886 2502/2972/2907 2492/2970/2905
f 2503/2957/2891 2560/2973/2908 2559/2974/2909
f 2454/2955/2889 2503/2957/2891 2559/2974/2909
f 2513/2956/2890 2516/2966/2900 2560/2973/2908
f 2559/2974/2909 2560/2973/2908 2660/2975/2910
f 2660/2975/2910 2515/2962/2896 2506/2961/2895
f 2561/2976/2911 2660/2975/2910 2506/2961/2895
f 2559/2974/2909 2660/2975/2910 2561/2976/2911
f 2560/2973/2908 2515/2962/2896 2660/2975/2910
f 2564/2977/2912 2484/1836/2913 2662/2978/2914
f 2662/2978/2914 2484/1836/2913 2440/1152/2915
f 2665/2979/2916 2564/2977/2912 2662/2978/2914
f 2564/2977/2912 2483/2980/2917 2484/1836/2913
f 2517/2981/2918 2562/2982/2919 2665/2979/2916
f 2661/2983/2920 2563/2963/2897 2562/2982/2919
f 2562/2982/2919 2508/2960/2894 2564/2977/2912
f 2563/2963/2897 2507/2958/2892 2508/2960/2894
f 2508/2960/2894 2495/2959/2893 2483/2980/2917
f 2496/2984/2921 2509/1159/2922 2498/2701/2923
f 2565/2985/2924 2566/2986/2925 2568/2987/2926
f 2497/1828/2904 2565/2985/2924 2496/2984/2921
f 2505/2969/2903 2561/2976/2911 2566/2986/2925
f 2567/2988/2927 2506/2961/2895 2661/2983/2920
f 2566/2986/2925 2506/2961/2895 2567/2988/2927
f 2569/2989/2928 2661/2983/2920 2517/2981/2918
f 2568/2987/2926 2567/2988/2927 2569/2989/2928
f 2569/2989/2928 2570/2990/2929 2509/1159/2922
f 2517/2981/2918 2518/2991/2930 2569/2989/2928
f 2518/2991/2930 2511/2992/2931 2570/2990/2929
f 2518/2991/2930 2570/2990/2929 2569/2989/2928
f 2570/2990/2929 2512/2160/2932 2498/2701/2923
f 2663/2993/2933 2571/2994/2934 2662/2978/2914
f 2571/2994/2934 2665/2979/2916 2662/2978/2914
f 2510/2995/2935 2571/2994/2934 2663/2993/2933
f 2664/2996/2936 2518/2991/2930 2571/2994/2934
f 2571/2994/2934 2517/2981/2918 2665/2979/2916
f 2666/2997/2937 2450/2998/2938 2643/2868/2802
f 2667/2999/2939 2640/3000/2940 2486/2938/2872
f 2486/2938/2872 2640/3000/2940 2635/2939/2873
f 2450/3001/2938 2667/2999/2939 2486/2938/2872
f 2597/3002/2941 2572/3003/2942 2598/3004/2943
f 2686/2906/2840 2572/3003/2942 2597/3002/2941
f 2519/3005/2944 2673/3006/2945 2668/3007/2946
f 2442/2926/2860 2519/3005/2944 2572/3003/2942
f 2668/3008/2946 2510/2995/2935 2663/2993/2933
f 2572/3009/2942 2669/3010/2947 2520/3011/2948
f 2572/3009/2942 2668/3008/2946 2669/3010/2947
f 2669/3010/2947 2663/2993/2933 2440/1152/2915
f 2671/3012/2949 2455/3013/2950 2670/3014/2951
f 2521/3015/2952 2671/3012/2949 2670/3014/2951
f 2648/2887/2821 2670/3014/2951 2464/2901/2835
f 2521/3015/2952 2522/3016/2953 2671/3012/2949
f 2522/3016/2953 2672/3017/2954 2671/3012/2949
f 2683/3018/2955 2493/2952/2886 2672/3019/2954
f 2493/2952/2886 2492/2970/2905 2573/3020/2956
f 2672/3019/2954 2573/3020/2956 2455/3021/2950
f 2573/3020/2956 2491/2968/2902 2524/3022/2957
f 2573/3020/2956 2524/3022/2957 2681/3023/2958
f 2574/3024/2959 2576/3025/2960 2654/2923/2857
f 2574/3024/2961 2529/3026/2962 2576/3025/2963
f 2654/2923/2857 2673/3006/2945 2519/3005/2944
f 2478/2919/2853 2574/3024/2964 2477/2925/2859
f 2529/3027/2962 2530/2747/2965 2575/3028/2966
f 2673/3029/2945 2575/3028/2966 2510/2995/2935
f 2575/3028/2966 2664/2996/2936 2510/2995/2935
f 2527/3030/2967 2457/3031/2968 2526/3032/2969
f 2643/2868/2802 2577/3033/2970 2600/2871/2805
f 2577/3034/2971 2486/2938/2872 2578/3035/2972
f 2600/2871/2805 2457/3031/2968 2674/2872/2806
f 2674/2872/2806 2457/3031/2968 2527/3030/2967
f 2536/3036/2973 2579/3037/2974 2535/3038/2975
f 2536/3039/2976 2499/3040/2977 2642/2934/2868
f 2538/2870/2804 2675/3041/2978 2691/3042/2979
f 2536/3039/2976 2642/2934/2868 2641/3043/2980
f 2468/3044/2981 2675/3041/2978 2471/2875/2809
f 2675/3041/2978 2446/2874/2808 2471/2875/2809
f 2446/2874/2808 2469/2873/2807 2470/2881/2815
f 2471/2875/2809 2459/2877/2811 2603/3045/2982
f 2534/3046/2983 2584/3047/2984 2583/3048/2985
f 2465/2884/2818 2580/3049/2986 2534/3046/2983
f 2580/3049/2986 2581/3050/2987 2584/3047/2984
f 2439/2893/2827 2531/3051/2988 2580/3049/2986
f 2531/3051/2988 2599/3052/2989 2581/3050/2987
f 2581/1929/2987 2687/3053/2990 2582/3054/2991
f 2582/3054/2991 2532/3055/2992 2494/2967/2901
f 2583/1598/2985 2582/3054/2991 2676/3056/2993
f 2533/3057/2994 2494/2967/2901 2490/2944/2878
f 2676/3056/2993 2582/3054/2991 2533/3057/2994
f 2594/3058/2995 2677/3059/2996 2467/2916/2997
f 2677/3059/2998 2653/2921/2855 2467/2916/2850
f 2594/2216/2995 2512/2160/2932 2585/3060/2999
f 2512/2160/2932 2511/2992/2931 2586/3061/3000
f 2586/3061/3000 2530/2747/2965 2529/3027/2962
f 2585/3060/2999 2586/3061/3000 2451/2218/3001
f 2511/2992/2931 2664/2996/2936 2530/2747/2965
f 2451/3062/3002 2528/3063/3003 2678/3064/3004
f 2451/3062/3002 2678/3064/3004 2677/3059/2996
f 2678/3064/3004 2478/2919/2853 2653/2921/2855
f 2680/3065/3005 2456/3066/3006 2679/3067/3007
f 2670/3014/2951 2680/3065/3005 2679/3067/3007
f 2464/2901/2835 2679/3067/3007 2466/2912/2846
f 2455/3013/2950 2681/3068/2958 2680/3065/3005
f 2524/3022/2957 2497/1828/2904 2587/3069/3008
f 2681/3023/2958 2587/3069/3008 2456/1618/3006
f 2456/1618/3006 2682/3070/3009 2452/3071/3010
f 2587/3069/3008 2496/2984/2921 2682/3070/3009
f 2468/3044/2981 2588/3072/3011 2535/3038/2975
f 2535/3038/2975 2588/3072/3012 2536/3036/2973
f 2603/3045/2982 2606/3073/3013 2604/3074/3014
f 2521/3015/2952 2591/1281/3015 2522/3016/2953
f 2462/2885/2819 2527/3030/2967 2619/2889/2823
f 2527/3030/2967 2616/3075/3016 2614/3076/3017
f 2617/3077/3018 2683/3018/2955 2522/2800/2953
f 2592/3078/3019 2523/3079/3020 2683/3018/2955
f 2592/3078/3019 2618/2950/2884 2523/3079/3020
f 2684/2918/2852 2594/3058/2995 2467/2916/2997
f 2466/2912/2846 2679/3067/3007 2684/2918/2852
f 2679/3067/3007 2452/3080/3010 2684/2918/2852
f 2682/3070/3009 2498/2701/2923 2593/2236/3021
f 2452/3071/3010 2593/2236/3021 2594/2216/2995
f 2463/2876/2810 2631/3081/3022 2628/3082/3023
f 2465/2884/2818 2534/3046/2983 2463/2876/2810
f 2595/3083/3024 2583/3048/2985 2632/3084/3025
f 2533/3057/2994 2490/2944/2878 2554/2943/2877
f 2632/3085/3025 2533/3057/2994 2596/3086/3026
f 2589/3087/3027 2633/3088/3028 2441/2930/2864
f 2537/3089/3029 2685/1304/3030 2589/3087/3031
f 2439/2893/2827 2686/2906/2840 2531/3051/2988
f 2597/3002/2941 2598/3004/2943 2599/3052/2989
f 2520/3011/2948 2440/1152/2915 2484/1836/2913
f 2520/3011/2948 2484/1836/2913 2483/2980/2917
f 2599/3090/2989 2520/3011/2948 2687/3053/2990
f 2532/3055/2992 2483/2980/2917 2495/2959/2893
f 2578/3035/2972 2688/3091/3032 2689/3092/3033
f 2578/3035/2972 2689/3092/3033 2577/3034/2971
f 2458/2935/2869 2688/3091/3034 2578/3035/3035
f 2688/3091/3032 2602/2249/3036 2689/3092/3033
f 2457/3093/3037 2601/3094/3038 2525/3095/3039
f 2577/3033/2970 2689/3096/3040 2600/2871/2805
f 2457/3093/3037 2602/2249/3041 2601/3094/3038
f 2458/2935/2869 2485/2937/2871 2602/2249/3042
f 2605/3097/3043 2613/3098/3044 2607/3099/3045
f 2607/3099/3045 2611/3100/3046 2589/3087/3027
f 2588/3101/3012 2609/3102/3047 2590/3103/3048
f 2499/3040/2977 2590/3103/3049 2605/3097/3043
f 2441/2930/2864 2607/3099/3045 2589/3087/3027
f 2603/3045/2982 2608/2835/3050 2588/3072/3011
f 2487/2928/2862 2607/3099/3045 2441/2930/2864
f 2604/3074/3014 2610/3104/3051 2612/3105/3052
f 2610/3106/3053 2611/3100/3054 2613/3098/3055
f 2608/3107/3056 2612/3108/3057 2609/3102/3047
f 2603/3045/2982 2604/3074/3014 2608/2835/3050
f 2611/3109/3054 2610/3104/3053 2606/3073/3013
f 2624/3110/3058 2620/3111/3059 2617/3112/3018
f 2657/2953/2887 2618/2950/2884 2615/3113/3060
f 2623/3114/3061 2620/3111/3059 2624/3110/3058
f 2690/3115/3062 2621/3116/3063 2622/3117/3064
f 2526/3118/3065 2690/3115/3062 2622/3117/3064
f 2690/3115/3062 2615/3113/3060 2621/3116/3063
f 2616/3075/3066 2623/3114/3067 2614/3076/3017
f 2526/3032/3068 2623/3114/3069 2616/3075/3016
f 2632/3084/3025 2627/3119/3070 2595/3083/3024
f 2463/2876/2810 2595/3083/3024 2631/3081/3022
f 2459/2877/3071 2626/3120/3072 2537/3121/3073
f 2633/3088/3028 2625/2853/3074 2489/2949/2883
f 2489/2949/2883 2629/3122/3075 2554/2943/2877
f 2631/3081/3022 2460/3123/3076 2629/3124/3077
f 2628/3082/3078 2631/3081/3022 2630/2562/3079
f 2629/3122/3077 2625/2853/3080 2630/3125/3079
f 2596/3086/3026 2460/3126/3076 2632/3085/3025
f 2629/3122/3075 2460/3126/3076 2596/3086/3026
f 2685/1304/3081 2625/2853/3074 2633/3088/3028
f 2595/3083/3024 2627/3119/3070 2631/3081/3022
f 2450/2998/2938 2636/3127/3082 2639/3128/3083
f 2666/2997/2937 2691/3042/2979 2636/3127/3082
f 2535/3038/2975 2461/3129/3084 2468/3044/2981
f 2639/3130/3085 2637/3131/3086 2640/3000/2940
f 2641/3043/2980 2638/3132/3087 2637/3131/3086
f 2641/3043/2980 2642/2934/2868 2638/3132/3087
f 2641/3133/3088 2637/3134/3089 2634/3135/3090
f 2691/3042/2979 2461/3129/3084 2636/3127/3082
f 2898/3136/3091 2796/3137/3092 2793/3138/3093
f 2855/3139/3094 2928/3140/3095 2898/3136/3091
f 2793/3138/3093 2724/3141/3096 2700/3142/3097
f 2726/3143/3098 2718/3144/3099 2714/3145/3100
f 2726/3143/3098 2697/3146/3101 2899/3147/3102
f 2726/3143/3098 2900/3148/3103 2697/3146/3101
f 2725/3149/3104 2734/3150/3105 2900/3148/3103
f 2899/3147/3102 2901/3151/3106 2720/3152/3107
f 2899/3147/3102 2697/3146/3101 2901/3151/3106
f 2717/3153/3108 2794/3154/3109 2796/3137/3092
f 2903/3155/3110 2727/3156/3111 2717/3153/3108
f 2874/3157/3112 2903/3155/3110 2717/3153/3108
f 2794/3154/3109 2904/3158/3113 2707/3159/3114
f 2795/3160/3115 2725/3149/3104 2724/3141/3096
f 2796/3137/3092 2795/3160/3115 2724/3141/3096
f 2901/3151/3106 2692/3161/3116 2720/3152/3107
f 2697/3146/3101 2797/3162/3117 2901/3151/3106
f 2797/3162/3117 2798/3163/3118 2901/3151/3106
f 2900/3148/3103 2902/3164/3119 2797/3162/3117
f 2734/3150/3105 2735/3165/3120 2902/3164/3119
f 2902/3164/3119 2698/3166/3121 2797/3162/3117
f 2798/3163/3118 2905/3167/3122 2692/3161/3116
f 2797/3162/3117 2698/3166/3121 2798/3163/3118
f 2719/3168/3123 2727/3156/3111 2903/3155/3110
f 2799/3169/3124 2904/3158/3113 2727/3156/3111
f 2708/3170/3125 2800/3171/3126 2799/3169/3124
f 2907/3172/3127 2735/3165/3120 2800/3171/3126
f 2735/3165/3120 2734/3150/3105 2795/3160/3115
f 2904/3158/3113 2800/3171/3126 2795/3160/3115
f 2905/3167/3122 2940/3173/3128 2692/3161/3116
f 2698/3166/3121 2729/3174/3129 2905/3167/3122
f 2728/3175/3130 2801/3176/3131 2698/3166/3121
f 2701/3177/3132 2736/3178/3133 2801/3176/3131
f 2801/3176/3131 2729/3174/3129 2698/3166/3121
f 2801/3176/3131 2730/3179/3134 2729/3174/3129
f 2721/3180/3135 2906/3181/3136 2719/3168/3123
f 2731/3182/3137 2802/3183/3138 2906/3181/3136
f 2699/3184/3139 2701/3177/3132 2802/3183/3138
f 2802/3183/3138 2728/3175/3130 2907/3172/3127
f 2722/3185/3140 2803/3186/3141 2938/3187/3142
f 2733/3188/3143 2805/3189/3144 2908/3190/3145
f 2737/3191/3146 2736/3178/3133 2699/3184/3139
f 2803/3186/3141 2731/3182/3137 2721/3180/3135
f 2803/3186/3141 2699/3184/3139 2731/3182/3137
f 2909/3192/3147 2804/3193/3148 2732/3194/3149
f 2695/3195/3150 2729/3174/3129 2804/3193/3148
f 2804/3193/3148 2730/3179/3134 2805/3189/3144
f 2805/3189/3144 2736/3178/3133 2737/3191/3146
f 2732/3194/3149 2805/3189/3144 2733/3188/3143
f 2910/3196/3151 2742/3197/3152 2756/3198/3153
f 2756/3198/3153 2742/3197/3152 2694/3199/3154
f 2806/3200/3155 2807/3201/3156 2910/3196/3151
f 2910/3196/3151 2807/3201/3156 2742/3197/3152
f 2703/3202/3157 2889/3203/3158 2807/3201/3156
f 2713/3204/3159 2911/3205/3160 2740/3206/3161
f 2741/3207/3162 2890/3208/3163 2713/3204/3159
f 2703/3202/3157 2806/3200/3155 2755/3209/3164
f 2911/3205/3160 2755/3209/3164 2913/3210/3165
f 2759/3211/3166 2809/3212/3167 2745/3213/3168
f 2702/3214/3169 2810/3215/3170 2759/3211/3166
f 2755/3209/3164 2910/3196/3151 2808/3216/3171
f 2769/3217/3172 2755/3209/3164 2808/3216/3171
f 2810/3215/3170 2756/3198/3153 2809/3212/3167
f 2744/3218/3173 2756/3198/3153 2694/3199/3154
f 2873/3219/3174 2811/3220/3175 2748/3221/3176
f 2873/3219/3174 2912/3222/3177 2811/3220/3175
f 2743/1120/3178 2740/3206/3161 2912/3222/3177
f 2911/3205/3160 2913/3210/3165 2912/3222/3177
f 2912/3222/3177 2913/3210/3165 2811/3220/3175
f 2913/3210/3165 2769/3217/3172 2709/3223/3179
f 2769/3217/3172 2768/3224/3180 2758/3225/3181
f 2762/3226/3182 2750/3227/3183 2763/3228/3184
f 2761/3229/3185 2770/3230/3186 2818/3231/3187
f 2914/3232/3188 2812/3233/3189 2762/3226/3182
f 2771/3234/3190 2702/3214/3169 2812/3233/3189
f 2812/3233/3189 2759/3211/3166 2750/3227/3183
f 2759/3211/3166 2745/3213/3168 2749/3235/3191
f 2746/3236/3192 2760/3237/3193 2752/2395/3194
f 2747/3238/3195 2813/3239/3196 2746/3236/3192
f 2748/3221/3176 2757/3240/3197 2747/3238/3195
f 2758/3225/3181 2815/3241/3198 2814/3242/3199
f 2709/3223/3179 2758/3225/3181 2814/3242/3199
f 2768/3224/3180 2771/3234/3190 2815/3241/3198
f 2814/3242/3199 2815/3241/3198 2915/3243/3200
f 2915/3243/3200 2770/3230/3186 2761/3229/3185
f 2816/3244/3201 2915/3243/3200 2761/3229/3185
f 2814/3242/3199 2915/3243/3200 2816/3244/3201
f 2815/3241/3198 2770/3230/3186 2915/3243/3200
f 2819/3245/3202 2739/3246/3203 2917/3247/3204
f 2917/3247/3204 2739/3246/3203 2693/3248/3205
f 2920/3249/3206 2819/3245/3202 2917/3247/3204
f 2819/3245/3202 2738/3250/3207 2739/3246/3203
f 2772/3251/3208 2817/3252/3209 2920/3249/3206
f 2916/3253/3210 2818/3231/3187 2817/3252/3209
f 2817/3252/3209 2763/3228/3184 2819/3245/3202
f 2818/3231/3187 2762/3226/3182 2763/3228/3184
f 2763/3228/3184 2750/3227/3183 2738/3250/3207
f 2751/1506/3211 2764/3254/3212 2753/3255/3213
f 2820/3256/3214 2821/3257/3215 2823/3258/3216
f 2752/2395/3194 2820/3256/3214 2751/1506/3211
f 2760/3237/3193 2816/3244/3201 2821/3257/3215
f 2822/3259/3217 2761/3229/3185 2916/3253/3210
f 2821/3257/3215 2761/3229/3185 2822/3259/3217
f 2824/3260/3218 2916/3253/3210 2772/3251/3208
f 2823/3258/3216 2822/3259/3217 2824/3260/3218
f 2824/3260/3218 2825/3261/3219 2764/3254/3212
f 2772/3251/3208 2773/3262/3220 2824/3260/3218
f 2773/3262/3220 2766/1519/3221 2825/3261/3219
f 2773/3262/3220 2825/3261/3219 2824/3260/3218
f 2825/3261/3219 2767/2420/3222 2753/3255/3213
f 2918/3263/3223 2826/3264/3224 2917/3247/3204
f 2826/3264/3224 2920/3249/3206 2917/3247/3204
f 2765/3265/3225 2826/3264/3224 2918/3263/3223
f 2919/3266/3226 2773/3262/3220 2826/3264/3224
f 2826/3264/3224 2772/3251/3208 2920/3249/3206
f 2696/3267/3227 2704/3268/3228 2898/3136/3091
f 2921/3269/3229 2896/3270/3230 2741/3207/3162
f 2741/3207/3162 2896/3270/3230 2890/3208/3163
f 2704/3271/3228 2921/3269/3229 2741/3207/3162
f 2852/3272/3231 2827/3273/3232 2853/3274/3233
f 2940/3173/3128 2827/3273/3232 2852/3272/3231
f 2774/3275/3234 2927/3276/3235 2922/3277/3236
f 2695/3195/3150 2774/3275/3234 2827/3273/3232
f 2922/2174/3236 2765/3265/3225 2918/3263/3223
f 2827/3278/3232 2923/3279/3237 2775/3280/3238
f 2827/3278/3232 2922/2174/3236 2923/3279/3237
f 2923/3279/3237 2918/3263/3223 2693/3248/3205
f 2925/3281/3239 2710/3282/3240 2924/3283/3241
f 2776/3284/3242 2925/3281/3239 2924/3283/3241
f 2903/3155/3110 2924/3283/3241 2719/3168/3123
f 2776/3284/3242 2777/3285/3243 2925/3281/3239
f 2777/3285/3243 2926/1201/3244 2925/3281/3239
f 2937/3286/3245 2748/3221/3176 2926/3287/3244
f 2748/3221/3176 2747/3238/3195 2828/3288/3246
f 2926/3287/3244 2828/3288/3246 2710/3289/3240
f 2828/3288/3246 2746/3236/3192 2779/3022/3247
f 2828/3288/3246 2779/3022/3247 2935/3290/3248
f 2829/3291/3249 2831/3292/3250 2909/3192/3147
f 2829/3291/3251 2784/3293/3252 2831/3292/3253
f 2909/3192/3147 2927/3276/3235 2774/3275/3234
f 2733/3188/3143 2829/3291/3254 2732/3194/3149
f 2784/3294/3252 2785/2455/3255 2830/3295/3256
f 2927/1220/3235 2830/3295/3256 2765/3265/3225
f 2830/3295/3256 2919/3266/3226 2765/3265/3225
f 2782/3296/3257 2712/3297/3258 2781/3298/3259
f 2898/3136/3091 2832/3299/3260 2855/3139/3094
f 2832/3300/3261 2741/3207/3162 2833/3035/3262
f 2855/3139/3094 2712/3297/3258 2928/3140/3095
f 2928/3140/3095 2712/3297/3258 2782/3296/3257
f 2791/3301/3263 2834/3302/3264 2790/3303/3265
f 2791/3304/3263 2754/3305/3266 2889/3203/3158
f 2793/3138/3093 2929/3306/3267 2894/3307/3268
f 2723/3308/3269 2929/3306/3267 2726/3143/3098
f 2929/3306/3267 2700/3142/3097 2726/3143/3098
f 2700/3142/3097 2724/3141/3096 2725/3149/3104
f 2726/3143/3098 2714/3145/3100 2858/3309/3270
f 2789/3310/3271 2839/3311/3272 2838/3312/3273
f 2720/3152/3107 2835/3313/3274 2789/3310/3271
f 2835/3313/3274 2836/3314/3275 2839/3311/3272
f 2692/3161/3116 2786/3315/3276 2835/3313/3274
f 2786/3315/3276 2854/3316/3277 2836/3314/3275
f 2836/3317/3275 2941/3318/3278 2837/3319/3279
f 2837/3319/3279 2787/3320/3280 2749/3235/3191
f 2838/3321/3273 2837/3319/3279 2930/3322/3281
f 2788/3323/3282 2749/3235/3191 2745/3213/3168
f 2930/3322/3281 2837/3319/3279 2788/3323/3282
f 2849/3324/3283 2931/3325/3284 2722/3185/3285
f 2931/3325/3286 2908/3190/3145 2722/3185/3140
f 2849/3326/3283 2767/2420/3222 2840/1606/3287
f 2767/2420/3222 2766/1519/3221 2841/3061/3288
f 2841/3061/3288 2785/2455/3255 2784/3294/3252
f 2840/1606/3287 2841/3061/3288 2705/3327/3289
f 2766/1519/3221 2919/3266/3226 2785/2455/3255
f 2705/3328/3290 2783/3329/3291 2932/3330/3292
f 2705/3328/3290 2932/3330/3292 2931/3325/3284
f 2932/3330/3292 2733/3188/3143 2908/3190/3145
f 2934/3331/3293 2711/3332/3294 2933/3333/3295
f 2924/3283/3241 2934/3331/3293 2933/3333/3295
f 2719/3168/3123 2933/3333/3295 2721/3180/3135
f 2710/3282/3240 2935/3334/3248 2934/3331/3293
f 2779/3022/3247 2752/2395/3194 2842/3335/3296
f 2935/3290/3248 2842/3335/3296 2711/3336/3294
f 2711/3336/3294 2936/3337/3297 2706/3338/3298
f 2842/3335/3296 2751/1506/3211 2936/3337/3297
f 2723/3308/3269 2843/3339/3299 2790/3303/3300
f 2790/3303/3265 2843/3339/3301 2791/3301/3263
f 2858/3309/3270 2861/3340/3302 2859/3341/3303
f 2776/3284/3242 2846/3342/3304 2777/3285/3243
f 2717/3153/3108 2782/3296/3257 2874/3157/3112
f 2782/3296/3257 2871/3343/3305 2869/3344/3306
f 2872/1284/3307 2937/3286/3245 2777/3345/3243
f 2847/3078/3308 2778/3079/3309 2937/3286/3245
f 2847/3078/3308 2873/3219/3174 2778/3079/3309
f 2938/3187/3142 2849/3324/3283 2722/3185/3285
f 2721/3180/3135 2933/3333/3295 2938/3187/3142
f 2933/3333/3295 2706/3346/3298 2938/3187/3142
f 2936/3337/3297 2753/3255/3213 2848/3347/3310
f 2706/3338/3298 2848/3347/3310 2849/3326/3283
f 2718/3144/3099 2886/3348/3311 2883/3349/3312
f 2720/3152/3107 2789/3310/3271 2718/3144/3099
f 2850/3350/3313 2838/3312/3273 2887/3351/3314
f 2788/3323/3282 2745/3213/3168 2809/3212/3167
f 2887/3352/3314 2788/3323/3282 2851/3353/3315
f 2844/3354/3316 2888/3355/3317 2694/3199/3154
f 2792/3356/3318 2939/3357/3319 2844/3354/3320
f 2692/3161/3116 2940/3173/3128 2786/3315/3276
f 2852/3272/3231 2853/3274/3233 2854/3316/3277
f 2775/3280/3238 2693/3248/3205 2739/3246/3203
f 2775/3280/3238 2739/3246/3203 2738/3250/3207
f 2854/3358/3277 2775/3280/3238 2941/3318/3278
f 2787/3320/3280 2738/3250/3207 2750/3227/3183
f 2833/3035/3262 2942/3359/3321 2943/3360/3322
f 2833/3035/3262 2943/3360/3322 2832/3300/3261
f 2713/3204/3159 2942/3359/3323 2833/3035/3324
f 2942/3359/3321 2857/3361/3325 2943/3360/3322
f 2712/2823/3326 2856/3362/3327 2780/3363/3328
f 2832/3299/3260 2943/3364/3329 2855/3139/3094
f 2712/2823/3326 2857/3361/3330 2856/3362/3327
f 2713/3204/3159 2740/3206/3161 2857/3361/3331
f 2860/3365/3332 2868/3366/3333 2862/3367/3334
f 2862/3367/3334 2866/3368/3335 2844/3354/3316
f 2843/3369/3301 2864/3370/3336 2845/3371/3337
f 2754/3305/3266 2845/3371/3338 2860/3365/3332
f 2694/3199/3154 2862/3367/3334 2844/3354/3316
f 2858/3309/3270 2863/3372/3339 2843/3339/3299
f 2742/3197/3152 2862/3367/3334 2694/3199/3154
f 2859/3341/3303 2865/3373/3340 2867/3374/3341
f 2865/3375/3342 2866/3368/3343 2868/3366/3344
f 2863/3376/3345 2867/3377/3346 2864/3370/3336
f 2858/3309/3270 2859/3341/3303 2863/3372/3339
f 2866/1673/3343 2865/3373/3342 2861/3340/3302
f 2879/3378/3347 2875/1675/3348 2872/3379/3307
f 2912/3222/3177 2873/3219/3174 2870/3380/3349
f 2878/3381/3350 2875/1675/3348 2879/3378/3347
f 2944/3382/3351 2876/3383/3352 2877/3384/3353
f 2781/3385/3354 2944/3382/3351 2877/3384/3353
f 2944/3382/3351 2870/3380/3349 2876/3383/3352
f 2871/3343/3355 2878/3381/3356 2869/3344/3306
f 2781/3298/3357 2878/3381/3358 2871/3343/3305
f 2887/3351/3314 2882/3386/3359 2850/3350/3313
f 2718/3144/3099 2850/3350/3313 2886/3348/3311
f 2714/3145/3360 2881/3387/3361 2792/3388/3362
f 2888/3355/3317 2880/3389/3363 2744/3218/3173
f 2744/3218/3173 2884/3390/3364 2809/3212/3167
f 2886/3348/3311 2715/3391/3365 2884/3392/3366
f 2883/3349/3367 2886/3348/3311 2885/3393/3368
f 2884/3390/3366 2880/3389/3369 2885/3394/3368
f 2851/3353/3315 2715/3395/3365 2887/3352/3314
f 2884/3390/3364 2715/3395/3365 2851/3353/3315
f 2939/3357/3370 2880/3389/3363 2888/3355/3317
f 2850/3350/3313 2882/3386/3359 2886/3348/3311
f 2704/3268/3228 2894/3307/3268 2895/3396/3371
f 2790/3303/3300 2716/3397/3372 2723/3308/3269
f 2897/3398/3373 2716/3397/3372 2790/3303/3300
f 2891/3399/3374 2895/3396/3371 2894/3307/3268
f 2895/3400/3375 2892/3401/3376 2896/3270/3230
f 2891/3402/3377 2892/3401/3376 2895/3400/3375
f 2897/3403/3378 2889/3203/3158 2892/3401/3376
f 2889/3203/3158 2893/3404/3379 2892/3401/3376
f 2897/3403/3380 2892/3401/3376 2891/3402/3377
f 2897/3398/3373 2891/3399/3374 2716/3397/3372
f 3151/3405/3381 3049/3406/3382 3046/3407/3383
f 3108/3408/3384 3181/3409/3385 3151/3405/3381
f 3046/3407/3383 2977/3410/3386 2953/3411/3387
f 2979/3412/3388 2971/3413/3389 2967/3414/3390
f 2979/3412/3388 2950/3415/3391 3152/3416/3392
f 2979/3412/3388 3153/3417/3393 2950/3415/3391
f 2978/3418/3394 2987/3419/3395 3153/3417/3393
f 3152/3416/3392 3154/3420/3396 2973/3421/3397
f 3152/3416/3392 2950/3415/3391 3154/3420/3396
f 2970/3422/3398 3047/3423/3399 3049/3406/3382
f 3156/3424/3400 2980/3425/3401 2970/3422/3398
f 3127/3426/3402 3156/3424/3400 2970/3422/3398
f 3047/3423/3399 3157/3427/3403 2960/3428/3404
f 3048/3429/3405 2978/3418/3394 2977/3410/3386
f 3049/3406/3382 3048/3429/3405 2977/3410/3386
f 3154/3420/3396 2945/3430/3406 2973/3421/3397
f 2950/3415/3391 3050/3431/3407 3154/3420/3396
f 3050/3431/3407 3051/3432/3408 3154/3420/3396
f 3153/3417/3393 3155/3433/3409 3050/3431/3407
f 2987/3419/3395 2988/3434/3410 3155/3433/3409
f 3155/3433/3409 2951/3435/3411 3050/3431/3407
f 3051/3432/3408 3158/3436/3412 2945/3430/3406
f 3050/3431/3407 2951/3435/3411 3051/3432/3408
f 2972/3437/3413 2980/3425/3401 3156/3424/3400
f 3052/3438/3414 3157/3427/3403 2980/3425/3401
f 2961/3439/3415 3053/3440/3416 3052/3438/3414
f 3160/3441/3417 2988/3434/3410 3053/3440/3416
f 2988/3434/3410 2987/3419/3395 3048/3429/3405
f 3157/3427/3403 3053/3440/3416 3048/3429/3405
f 3158/3436/3412 3193/3442/3418 2945/3430/3406
f 2951/3435/3411 2982/3443/3419 3158/3436/3412
f 2981/3444/3420 3054/3445/3421 2951/3435/3411
f 2954/3446/3422 2989/3447/3423 3054/3445/3421
f 3054/3445/3421 2982/3443/3419 2951/3435/3411
f 3054/3445/3421 2983/3448/3424 2982/3443/3419
f 2974/3449/3425 3159/3450/3426 2972/3437/3413
f 2984/3451/3427 3055/3452/3428 3159/3450/3426
f 2952/3453/3429 2954/3446/3422 3055/3452/3428
f 3055/3452/3428 2981/3444/3420 3160/3441/3417
f 2975/3454/3430 3056/3455/3431 3191/3456/3432
f 2986/3457/3433 3058/3458/3434 3161/3459/3435
f 2990/3460/3436 2989/3447/3423 2952/3453/3429
f 3056/3455/3431 2984/3451/3427 2974/3449/3425
f 3056/3455/3431 2952/3453/3429 2984/3451/3427
f 3162/3461/3437 3057/3462/3438 2985/3463/3439
f 2948/3464/3440 2982/3443/3419 3057/3462/3438
f 3057/3462/3438 2983/3448/3424 3058/3458/3434
f 3058/3458/3434 2989/3447/3423 2990/3460/3436
f 2985/3463/3439 3058/3458/3434 2986/3457/3433
f 3163/3465/3441 2995/3466/3442 3009/3467/3443
f 3009/3467/3443 2995/3466/3442 2947/3468/3444
f 3059/3469/3445 3060/3470/3446 3163/3465/3441
f 3163/3465/3441 3060/3470/3446 2995/3466/3442
f 2956/3471/3447 3142/3472/3448 3060/3470/3446
f 2966/3473/3449 3164/3474/3450 2993/3475/3451
f 2994/3476/3452 3143/3477/3453 2966/3473/3449
f 2956/3471/3447 3059/3469/3445 3008/3478/3454
f 3164/3474/3450 3008/3478/3454 3166/3479/3455
f 3012/3480/3456 3062/3481/3457 2998/3482/3458
f 2955/3483/3459 3063/3484/3460 3012/3480/3456
f 3008/3478/3454 3163/3465/3441 3061/3485/3461
f 3022/3486/3462 3008/3478/3454 3061/3485/3461
f 3063/3484/3460 3009/3467/3443 3062/3481/3457
f 2997/3487/3463 3009/3467/3443 2947/3468/3444
f 3126/3488/3464 3064/3489/3465 3001/3490/3466
f 3126/3488/3464 3165/3491/3467 3064/3489/3465
f 2996/3492/3468 2993/3475/3451 3165/3491/3467
f 3164/3474/3450 3166/3479/3455 3165/3491/3467
f 3165/3491/3467 3166/3479/3455 3064/3489/3465
f 3166/3479/3455 3022/3486/3462 2962/3493/3469
f 3022/3486/3462 3021/3494/3470 3011/3495/3471
f 3015/3496/3472 3003/3497/3473 3016/3498/3474
f 3014/3499/3475 3023/3500/3476 3071/3501/3477
f 3167/3502/3478 3065/3503/3479 3015/3496/3472
f 3024/2392/3480 2955/3483/3459 3065/3503/3479
f 3065/3503/3479 3012/3480/3456 3003/3497/3473
f 3012/3480/3456 2998/3482/3458 3002/3504/3481
f 2999/3505/3482 3013/3506/3483 3005/1490/3484
f 3000/3507/3485 3066/3508/3486 2999/3505/3482
f 3001/3490/3466 3010/3509/3487 3000/3507/3485
f 3011/3495/3471 3068/3510/3488 3067/3511/3489
f 2962/3493/3469 3011/3495/3471 3067/3511/3489
f 3021/3494/3470 3024/2392/3480 3068/3510/3488
f 3067/3511/3489 3068/3510/3488 3168/3512/3490
f 3168/3512/3490 3023/3500/3476 3014/3499/3475
f 3069/3513/3491 3168/3512/3490 3014/3499/3475
f 3067/3511/3489 3168/3512/3490 3069/3513/3491
f 3068/3510/3488 3023/3500/3476 3168/3512/3490
f 3072/2692/3492 2992/3514/3493 3170/3515/3494
f 3170/3515/3494 2992/3514/3493 2946/3516/3495
f 3173/2695/3496 3072/2692/3492 3170/3515/3494
f 3072/2692/3492 2991/3517/3497 2992/3514/3493
f 3025/3518/3498 3070/3519/3499 3173/2695/3496
f 3169/3520/3500 3071/3501/3477 3070/3519/3499
f 3070/3519/3499 3016/3498/3474 3072/2692/3492
f 3071/3501/3477 3015/3496/3472 3016/3498/3474
f 3016/3498/3474 3003/3497/3473 2991/3517/3497
f 3004/1843/3501 3017/3521/3502 3006/3522/3503
f 3073/1846/3504 3074/3523/3505 3076/3524/3506
f 3005/1490/3484 3073/1846/3504 3004/1843/3501
f 3013/3506/3483 3069/3513/3491 3074/3523/3505
f 3075/3525/3507 3014/3499/3475 3169/3520/3500
f 3074/3523/3505 3014/3499/3475 3075/3525/3507
f 3077/3526/3508 3169/3520/3500 3025/3518/3498
f 3076/3524/3506 3075/3525/3507 3077/3526/3508
f 3077/3526/3508 3078/3527/3509 3017/3521/3502
f 3025/3518/3498 3026/3528/3510 3077/3526/3508
f 3026/3528/3510 3019/2159/3511 3078/3527/3509
f 3026/3528/3510 3078/3527/3509 3077/3526/3508
f 3078/3527/3509 3020/3529/3512 3006/3522/3503
f 3171/3530/3513 3079/3531/3514 3170/3515/3494
f 3079/3531/3514 3173/2695/3496 3170/3515/3494
f 3018/3265/3515 3079/3531/3514 3171/3530/3513
f 3172/3532/3516 3026/3528/3510 3079/3531/3514
f 3079/3531/3514 3025/3518/3498 3173/2695/3496
f 2949/3533/3517 2957/3534/3518 3151/3405/3381
f 3174/3535/3519 3149/1529/3520 2994/3476/3452
f 2994/3476/3452 3149/1529/3520 3143/3477/3453
f 2957/3536/3518 3174/3535/3519 2994/3476/3452
f 3105/3537/3521 3080/3538/3522 3106/3539/3523
f 3193/3442/3418 3080/3538/3522 3105/3537/3521
f 3027/1187/3524 3180/3540/3525 3175/3541/3526
f 2948/3464/3440 3027/1187/3524 3080/3538/3522
f 3175/3542/3526 3018/3265/3515 3171/3530/3513
f 3080/3543/3522 3176/3544/3527 3028/3545/3528
f 3080/3543/3522 3175/3542/3526 3176/3544/3527
f 3176/3544/3527 3171/3530/3513 2946/3516/3495
f 3178/3546/3529 2963/3547/3530 3177/3548/3531
f 3029/3549/3532 3178/3546/3529 3177/3548/3531
f 3156/3424/3400 3177/3548/3531 2972/3437/3413
f 3029/3549/3532 3030/2733/3533 3178/3546/3529
f 3030/2733/3533 3179/3550/3534 3178/3546/3529
f 3190/3551/3535 3001/3490/3466 3179/3552/3534
f 3001/3490/3466 3000/3507/3485 3081/1205/3536
f 3179/3552/3534 3081/1205/3536 2963/3553/3530
f 3081/1205/3536 2999/3505/3482 3032/1208/3537
f 3081/1205/3536 3032/1208/3537 3188/3554/3538
f 3082/3555/3539 3084/3556/3540 3162/3461/3437
f 3082/3555/3541 3037/3557/3542 3084/3556/3543
f 3162/3461/3437 3180/3540/3525 3027/1187/3524
f 2986/3457/3433 3082/3555/3544 2985/3463/3439
f 3037/3558/3542 3038/3559/3545 3083/1219/3546
f 3180/1566/3525 3083/1219/3546 3018/3265/3515
f 3083/1219/3546 3172/3532/3516 3018/3265/3515
f 3035/3560/3547 2965/3561/3548 3034/3562/3549
f 3151/3405/3381 3085/3563/3550 3108/3408/3384
f 3085/3564/3551 2994/3476/3452 3086/3565/3552
f 3108/3408/3384 2965/3561/3548 3181/3409/3385
f 3181/3409/3385 2965/3561/3548 3035/3560/3547
f 3044/3566/3553 3087/3567/3554 3043/3568/3555
f 3044/3569/3553 3007/3570/3556 3142/3472/3448
f 3046/3407/3383 3182/3571/3557 3147/3572/3558
f 2976/3573/3559 3182/3571/3557 2979/3412/3388
f 3182/3571/3557 2953/3411/3387 2979/3412/3388
f 2953/3411/3387 2977/3410/3386 2978/3418/3394
f 2979/3412/3388 2967/3414/3390 3111/3574/3560
f 3042/3575/3561 3092/3576/3562 3091/3577/3563
f 2973/3421/3397 3088/3578/3564 3042/3575/3561
f 3088/3578/3564 3089/3579/3565 3092/3576/3562
f 2945/3430/3406 3039/3580/3566 3088/3578/3564
f 3039/3580/3566 3107/3581/3567 3089/3579/3565
f 3089/3582/3565 3194/3583/3568 3090/3584/3569
f 3090/3584/3569 3040/3585/3570 3002/3504/3481
f 3091/3586/3563 3090/3584/3569 3183/3587/3571
f 3041/3588/3572 3002/3504/3481 2998/3482/3458
f 3183/3587/3571 3090/3584/3569 3041/3588/3572
f 3102/3589/3573 3184/3590/3574 2975/3454/3575
f 3184/3590/3576 3161/3459/3435 2975/3454/3430
f 3102/3591/3573 3020/3529/3512 3093/3592/3577
f 3020/3529/3512 3019/2159/3511 3094/2490/3578
f 3094/2490/3578 3038/3559/3545 3037/3558/3542
f 3093/3592/3577 3094/2490/3578 2958/1264/3579
f 3019/2159/3511 3172/3532/3516 3038/3559/3545
f 2958/3593/3580 3036/3594/3581 3185/3595/3582
f 2958/3593/3580 3185/3595/3582 3184/3590/3574
f 3185/3595/3582 2986/3457/3433 3161/3459/3435
f 3187/3596/3583 2964/1614/3584 3186/3597/3585
f 3177/3548/3531 3187/3596/3583 3186/3597/3585
f 2972/3437/3413 3186/3597/3585 2974/3449/3425
f 2963/3547/3530 3188/1949/3538 3187/3596/3583
f 3032/1208/3537 3005/1490/3484 3095/3069/3586
f 3188/3554/3538 3095/3069/3586 2964/3598/3584
f 2964/3598/3584 3189/3070/3587 2959/3599/3588
f 3095/3069/3586 3004/1843/3501 3189/3070/3587
f 2976/3573/3559 3096/3600/3589 3043/3568/3590
f 3043/3568/3555 3096/3600/3591 3044/3566/3553
f 3111/3574/3560 3114/3601/3592 3112/3602/3593
f 3029/3549/3532 3099/3603/3594 3030/2733/3533
f 2970/3422/3398 3035/3560/3547 3127/3426/3402
f 3035/3560/3547 3124/3604/3595 3122/3605/3596
f 3125/3606/3597 3190/3551/3535 3030/3607/3533
f 3100/3078/3598 3031/3608/3599 3190/3551/3535
f 3100/3078/3598 3126/3488/3464 3031/3608/3599
f 3191/3456/3432 3102/3589/3573 2975/3454/3575
f 2974/3449/3425 3186/3597/3585 3191/3456/3432
f 3186/3597/3585 2959/3609/3588 3191/3456/3432
f 3189/3070/3587 3006/3522/3503 3101/3610/3600
f 2959/3599/3588 3101/3610/3600 3102/3591/3573
f 2971/3413/3389 3139/3611/3601 3136/3612/3602
f 2973/3421/3397 3042/3575/3561 2971/3413/3389
f 3103/3613/3603 3091/3577/3563 3140/3614/3604
f 3041/3588/3572 2998/3482/3458 3062/3481/3457
f 3140/3615/3604 3041/3588/3572 3104/3616/3605
f 3097/3617/3606 3141/3618/3607 2947/3468/3444
f 3045/3619/3608 3192/3620/3609 3097/3617/3610
f 2945/3430/3406 3193/3442/3418 3039/3580/3566
f 3105/3537/3521 3106/3539/3523 3107/3581/3567
f 3028/3545/3528 2946/3516/3495 2992/3514/3493
f 3028/3545/3528 2992/3514/3493 2991/3517/3497
f 3107/3621/3567 3028/3545/3528 3194/3583/3568
f 3040/3585/3570 2991/3517/3497 3003/3497/3473
f 3086/3565/3552 3195/3622/3611 3196/3623/3612
f 3086/3565/3552 3196/3623/3612 3085/3564/3551
f 2966/3473/3449 3195/3622/3613 3086/3565/3614
f 3195/3622/3611 3110/3624/3615 3196/3623/3612
f 2965/3625/3616 3109/3626/3617 3033/3627/3618
f 3085/3563/3550 3196/3096/3619 3108/3408/3384
f 2965/3625/3616 3110/3624/3620 3109/3626/3617
f 2966/3473/3449 2993/3475/3451 3110/3624/3621
f 3113/3628/3622 3121/3629/3623 3115/3630/3624
f 3115/3630/3624 3119/3631/3625 3097/3617/3606
f 3096/1323/3591 3117/3632/3626 3098/3633/3627
f 3007/3570/3556 3098/3633/3628 3113/3628/3622
f 2947/3468/3444 3115/3630/3624 3097/3617/3606
f 3111/3574/3560 3116/3634/3629 3096/3600/3589
f 2995/3466/3442 3115/3630/3624 2947/3468/3444
f 3112/3602/3593 3118/3635/3630 3120/3636/3631
f 3118/3637/3632 3119/3631/3633 3121/3629/3634
f 3116/3638/3635 3120/3639/3636 3117/3632/3626
f 3111/3574/3560 3112/3602/3593 3116/3634/3629
f 3119/2547/3633 3118/3635/3632 3114/3601/3592
f 3132/3640/3637 3128/3641/3638 3125/3642/3597
f 3165/3491/3467 3126/3488/3464 3123/3643/3639
f 3131/3644/3640 3128/3641/3638 3132/3640/3637
f 3197/3645/3641 3129/2554/3642 3130/2017/3643
f 3034/3646/3644 3197/3645/3641 3130/2017/3643
f 3197/3645/3641 3123/3643/3639 3129/2554/3642
f 3124/3604/3645 3131/3644/3646 3122/3605/3596
f 3034/3562/3647 3131/3644/3648 3124/3604/3595
f 3140/3614/3604 3135/3647/3649 3103/3613/3603
f 2971/3413/3389 3103/3613/3603 3139/3611/3601
f 2967/3414/3650 3134/3648/3651 3045/3649/3652
f 3141/3618/3607 3133/3650/3653 2997/3487/3463
f 2997/3487/3463 3137/3651/3654 3062/3481/3457
f 3139/3611/3601 2968/3652/3655 3137/3653/3656
f 3136/3612/3657 3139/3611/3601 3138/3654/3658
f 3137/3651/3656 3133/3650/3659 3138/3655/3658
f 3104/3616/3605 2968/3656/3655 3140/3615/3604
f 3137/3651/3654 2968/3656/3655 3104/3616/3605
f 3192/3620/3660 3133/3650/3653 3141/3618/3607
f 3103/3613/3603 3135/3647/3649 3139/3611/3601
f 2957/3534/3518 3147/3572/3558 3148/3657/3661
f 3043/3568/3590 2969/3658/3662 2976/3573/3559
f 3150/1365/3663 2969/3658/3662 3043/3568/3590
f 3144/3659/3664 3148/3657/3661 3147/3572/3558
f 3148/3660/3665 3145/3661/3666 3149/1529/3520
f 3144/3662/3667 3145/3661/3666 3148/3660/3665
f 3150/1709/3668 3142/3472/3448 3145/3661/3666
f 3142/3472/3448 3146/3663/3669 3145/3661/3666
f 3150/1709/3670 3145/3661/3666 3144/3662/3667
f 3150/1365/3663 3144/3659/3664 2969/3658/3662
f 3200/3664/3671 3290/3665/3672 3287/3666/3673
f 3341/3667/3674 3405/3668/3675 3200/3664/3671
f 3287/3666/3673 3225/3669/3676 3204/3670/3677
f 3227/3671/3678 3219/3672/3679 3216/3673/3680
f 3227/3671/3678 3201/3674/3681 3378/3675/3682
f 3227/3671/3678 3379/3676/3683 3201/3674/3681
f 3226/3677/3684 3234/3678/3685 3379/3676/3683
f 3378/3675/3682 3380/3679/3686 3221/3680/3687
f 3378/3675/3682 3201/3674/3681 3380/3679/3686
f 3382/3681/3688 3293/3682/3689 3288/3683/3690
f 3359/3684/3691 3382/3681/3688 3288/3683/3690
f 3289/3685/3692 3226/3677/3684 3225/3669/3676
f 3290/3665/3672 3289/3685/3692 3225/3669/3676
f 3380/3679/3686 3198/3686/3693 3221/3680/3687
f 3201/3674/3681 3291/3687/3694 3380/3679/3686
f 3291/3687/3694 3292/3688/3695 3380/3679/3686
f 3379/3676/3683 3381/3689/3696 3291/3687/3694
f 3234/3678/3685 3235/3690/3697 3381/3689/3696
f 3381/3689/3696 3202/3691/3698 3291/3687/3694
f 3292/3688/3695 3384/3692/3699 3198/3686/3693
f 3291/3687/3694 3202/3691/3698 3292/3688/3695
f 3220/3693/3700 3293/3682/3689 3382/3681/3688
f 3386/3694/3701 3294/3695/3702 3293/3682/3689
f 3386/3694/3701 3235/3690/3697 3294/3695/3702
f 3235/3690/3697 3234/3678/3685 3289/3685/3692
f 3383/3696/3703 3294/3695/3702 3289/3685/3692
f 3384/3692/3699 3414/3697/3704 3198/3686/3693
f 3202/3691/3698 3229/3698/3705 3384/3692/3699
f 3228/3699/3706 3295/3700/3707 3202/3691/3698
f 3205/3701/3708 3236/3702/3709 3295/3700/3707
f 3295/3700/3707 3229/3698/3705 3202/3691/3698
f 3295/3700/3707 3230/3703/3710 3229/3698/3705
f 3222/3704/3711 3385/3705/3712 3220/3693/3700
f 3231/3706/3713 3296/3707/3714 3385/3705/3712
f 3203/3708/3715 3205/3701/3708 3296/3707/3714
f 3296/3707/3714 3228/3699/3706 3386/3694/3701
f 3223/3709/3716 3297/3710/3717 3412/3711/3718
f 3233/3712/3719 3299/3713/3720 3387/3714/3721
f 3237/3715/3722 3236/3702/3709 3203/3708/3715
f 3297/3710/3717 3231/3706/3713 3222/3704/3711
f 3297/3710/3717 3203/3708/3715 3231/3706/3713
f 3388/3716/3723 3298/3717/3724 3232/3718/3725
f 3269/3719/3726 3229/3698/3705 3298/3717/3724
f 3298/3717/3724 3230/3703/3710 3299/3713/3720
f 3299/3713/3720 3236/3702/3709 3237/3715/3722
f 3232/3718/3725 3299/3713/3720 3233/3712/3719
f 3300/3720/3727 3242/3721/3728 3255/3722/3729
f 3255/3722/3729 3242/3721/3728 3348/3723/3730
f 3300/3720/3727 3253/3724/3731 3242/3721/3728
f 3207/3725/3732 3371/3726/3733 3253/3724/3731
f 3215/3727/3734 3389/3728/3735 3240/3729/3736
f 3241/3730/3737 3372/3731/3738 3215/3727/3734
f 3207/3725/3732 3300/3720/3727 3254/3732/3739
f 3389/3728/3735 3254/3732/3739 3391/3733/3740
f 3206/3734/3741 3303/3735/3742 3257/3736/3743
f 3254/3732/3739 3300/3720/3727 3301/3737/3744
f 3266/3738/3745 3254/3732/3739 3301/3737/3744
f 3303/3735/3742 3255/3722/3729 3302/3739/3746
f 3244/3740/3747 3255/3722/3729 3348/3723/3730
f 3358/3741/3748 3304/3742/3749 3247/3743/3750
f 3358/3741/3748 3390/3744/3751 3304/3742/3749
f 3243/3745/3752 3240/3729/3736 3390/3744/3751
f 3389/3728/3735 3391/3733/3740 3390/3744/3751
f 3390/3744/3751 3391/3733/3740 3304/3742/3749
f 3391/3733/3740 3266/3738/3745 3211/3746/3753
f 3260/3747/3754 3249/3748/3755 3261/3749/3756
f 3259/3750/3757 3392/3751/3758 3310/3752/3759
f 3267/3753/3760 3206/3734/3741 3305/3754/3761
f 3305/3754/3761 3257/3736/3743 3249/3748/3755
f 3257/3736/3743 3302/3739/3746 3248/3755/3762
f 3245/3756/3763 3258/3757/3764 3251/3758/3765
f 3246/3759/3766 3306/3760/3767 3245/3756/3763
f 3247/3743/3750 3256/3761/3768 3246/3759/3766
f 3265/3762/3769 3308/3763/3770 3307/3764/3771
f 3211/3746/3753 3265/3762/3769 3307/3764/3771
f 3265/3762/3769 3267/3753/3760 3308/3763/3770
f 3307/3764/3771 3308/3763/3770 3392/3751/3758
f 3309/3765/3772 3392/3751/3758 3259/3750/3757
f 3307/3764/3771 3392/3751/3758 3309/3765/3772
f 3311/3766/3773 3239/1836/3774 3394/3767/3775
f 3394/3767/3775 3239/1836/3774 3199/3768/3776
f 3397/3769/3777 3311/3766/3773 3394/3767/3775
f 3311/3766/3773 3238/3770/3778 3239/1836/3774
f 3393/3771/3779 3310/3752/3759 3311/3766/3773
f 3310/3752/3759 3260/3747/3754 3261/3749/3756
f 3261/3749/3756 3249/3748/3755 3238/3770/3778
f 3250/3772/3780 3262/3773/3781 3252/2413/3782
f 3312/3774/3783 3313/3775/3784 3315/3776/3785
f 3251/3758/3765 3312/3774/3783 3250/3772/3780
f 3258/3757/3764 3309/3765/3772 3313/3775/3784
f 3314/3777/3786 3259/3750/3757 3393/3771/3779
f 3313/3775/3784 3259/3750/3757 3314/3777/3786
f 3316/3778/3787 3393/3771/3779 3397/3769/3777
f 3315/3776/3785 3314/3777/3786 3316/3778/3787
f 3316/3778/3787 3317/3779/3788 3262/3773/3781
f 3397/3769/3777 3268/3780/3789 3316/3778/3787
f 3268/3780/3789 3263/3781/3790 3317/3779/3788
f 3268/3780/3789 3317/3779/3788 3316/3778/3787
f 3317/3779/3788 3264/3782/3791 3252/2413/3782
f 3395/3783/3792 3318/3784/3793 3394/3767/3775
f 3318/3784/3793 3397/3769/3777 3394/3767/3775
f 3396/3785/3794 3268/3780/3789 3318/3784/3793
f 3398/3786/3795 3374/3787/3796 3241/3730/3737
f 3241/3730/3737 3374/3787/3796 3372/3731/3738
f 3208/3788/3797 3398/3786/3798 3241/3730/3799
f 3414/3697/3704 3319/3789/3800 3339/3790/3801
f 3269/3719/3802 3404/3791/3803 3399/2434/3804
f 3319/3792/3805 3400/3793/3806 3270/3794/3807
f 3319/3792/3805 3399/3795/3804 3400/3793/3806
f 3400/3793/3806 3395/3783/3792 3199/3768/3776
f 3402/3796/3808 3212/1196/3809 3401/3797/3810
f 3271/3798/3811 3402/3796/3808 3401/3797/3810
f 3382/3681/3688 3401/3797/3810 3220/3693/3700
f 3271/3798/3811 3272/3799/3812 3402/3796/3808
f 3272/3799/3812 3403/1201/3813 3402/3796/3808
f 3247/3743/3750 3246/3759/3766 3320/1205/3814
f 3403/3800/3813 3320/1205/3814 3212/3021/3809
f 3320/1205/3814 3245/3756/3763 3274/3801/3815
f 3321/3802/3816 3404/3791/3803 3388/3716/3723
f 3321/3802/3817 3279/3803/3818 3404/3791/3803
f 3388/3716/3723 3404/3791/3803 3269/3719/3802
f 3233/3712/3719 3321/3802/3819 3232/3718/3725
f 3279/2454/3818 3280/3804/3820 3322/2748/3821
f 3404/3805/3803 3322/2748/3821 3395/3783/3792
f 3322/2748/3821 3396/3785/3794 3395/3783/3792
f 3277/3806/3822 3214/3807/3823 3276/3808/3824
f 3200/3664/3671 3323/3809/3825 3341/3667/3674
f 3323/1908/3826 3241/3730/3799 3416/3810/3827
f 3341/3667/3674 3214/3807/3823 3405/3668/3675
f 3405/3668/3675 3214/3807/3823 3277/3806/3822
f 3285/3811/3828 3324/3812/3829 3284/3813/3830
f 3285/3814/3828 3253/3724/3731 3371/3726/3733
f 3287/3666/3673 3406/3815/3831 3375/3816/3832
f 3224/3817/3833 3406/3815/3831 3227/3671/3678
f 3406/3815/3831 3204/3670/3677 3227/3671/3678
f 3204/3670/3677 3225/3669/3676 3226/3677/3684
f 3227/3671/3678 3216/3673/3680 3344/3818/3834
f 3283/3819/3835 3326/3820/3836 3328/3821/3837
f 3221/3680/3687 3325/3822/3838 3283/3819/3835
f 3325/3822/3838 3340/3823/3839 3326/3820/3836
f 3326/3824/3836 3415/3825/3840 3327/3826/3841
f 3327/3826/3841 3281/3827/3842 3248/3755/3762
f 3282/3828/3843 3248/3755/3762 3302/3739/3746
f 3328/3829/3837 3327/3826/3841 3282/3828/3843
f 3336/3830/3844 3407/3831/3845 3223/3709/3846
f 3407/3831/3847 3387/3714/3721 3223/3709/3716
f 3336/3832/3844 3264/3782/3791 3329/3833/3848
f 3264/3782/3791 3263/3781/3790 3330/2490/3849
f 3330/2490/3849 3280/3804/3820 3279/2454/3818
f 3329/3833/3848 3330/2490/3849 3209/3327/3850
f 3263/3781/3790 3396/3785/3794 3280/3804/3820
f 3209/2784/3851 3278/3834/3852 3408/3835/3853
f 3209/2784/3851 3408/3835/3853 3407/3831/3845
f 3408/3835/3853 3233/3712/3719 3387/3714/3721
f 3410/3836/3854 3213/3837/3855 3409/3838/3856
f 3401/3797/3810 3410/3836/3854 3409/3838/3856
f 3220/3693/3700 3409/3838/3856 3222/3704/3711
f 3212/1196/3809 3274/3839/3815 3410/3836/3854
f 3274/3801/3815 3251/3758/3765 3411/2225/3857
f 3274/3801/3815 3411/2225/3857 3213/3840/3855
f 3213/3840/3855 3411/2225/3857 3210/2227/3858
f 3224/3817/3833 3331/3841/3859 3284/3813/3860
f 3284/3813/3830 3331/3841/3861 3285/3811/3828
f 3344/3818/3834 3347/3842/3862 3345/3843/3863
f 3271/3798/3811 3357/3844/3864 3272/3799/3812
f 3288/3683/3690 3277/3806/3822 3359/3684/3691
f 3277/3806/3822 3356/3845/3865 3354/3846/3866
f 3357/2799/3864 3403/3800/3813 3272/2509/3812
f 3334/3847/3867 3273/3848/3868 3403/3800/3813
f 3334/3847/3867 3358/3741/3748 3273/3848/3868
f 3412/3711/3718 3336/3830/3844 3223/3709/3846
f 3222/3704/3711 3409/3838/3856 3412/3711/3718
f 3409/3838/3856 3210/3849/3858 3412/3711/3718
f 3411/2225/3857 3252/2413/3782 3335/3850/3869
f 3210/2227/3858 3335/3850/3869 3336/3832/3844
f 3219/3672/3679 3368/3851/3870 3366/3852/3871
f 3221/3680/3687 3283/3819/3835 3219/3672/3679
f 3337/3853/3872 3328/3821/3837 3369/2520/3873
f 3369/3854/3873 3282/3828/3843 3338/3855/3874
f 3332/3856/3875 3370/3857/3876 3348/3723/3730
f 3286/1645/3877 3413/3858/3878 3332/3856/3879
f 3198/3686/3693 3414/3697/3704 3325/3822/3838
f 3270/3794/3807 3199/3768/3776 3239/1836/3774
f 3270/3794/3807 3239/1836/3774 3238/3770/3778
f 3340/3859/3839 3270/3794/3807 3415/3825/3840
f 3281/3827/3842 3238/3770/3778 3249/3748/3755
f 3416/3810/3827 3417/1986/3880 3323/1908/3826
f 3416/3810/3827 3343/3860/3881 3417/1986/3880
f 3214/3861/3882 3342/3862/3883 3275/1314/3884
f 3323/3809/3825 3417/2534/3885 3341/3667/3674
f 3214/3861/3882 3343/3860/3886 3342/3862/3883
f 3215/3727/3734 3240/3729/3736 3343/3860/3887
f 3346/3863/3888 3353/3864/3889 3348/3723/3730
f 3348/3723/3730 3351/3865/3890 3332/3856/3875
f 3253/3724/3731 3333/3866/3891 3346/3863/3888
f 3344/3818/3834 3349/1326/3892 3331/3841/3859
f 3345/3843/3863 3350/3867/3893 3352/3868/3894
f 3350/3869/3895 3351/3865/3890 3353/3864/3889
f 3349/3870/3896 3352/2546/3897 3333/3866/3898
f 3344/3818/3834 3345/3843/3863 3349/1326/3892
f 3351/3871/3890 3350/3867/3895 3347/3842/3862
f 3363/3872/3899 3360/3873/3900 3357/3844/3864
f 3390/3744/3751 3358/3741/3748 3355/3874/3901
f 3362/3875/3902 3360/3873/3900 3363/3872/3899
f 3276/2555/3903 3418/1345/3903 3361/3876/3903
f 3418/1345/3904 3355/3874/3901 3361/3876/3905
f 3356/3845/3906 3362/3875/3907 3354/3846/3866
f 3276/3808/3908 3362/3875/3909 3356/3845/3865
f 3369/2520/3873 3368/3851/3910 3337/3853/3872
f 3219/3672/3679 3337/3853/3872 3368/3851/3870
f 3216/3673/3911 3365/3877/3912 3286/3878/3913
f 3370/3857/3876 3364/3879/3914 3244/3740/3747
f 3244/3740/3747 3367/3880/3915 3302/3739/3746
f 3368/3851/3910 3217/3881/3916 3367/1695/3917
f 3367/3880/3917 3364/3879/3918 3366/3882/3919
f 3338/3855/3874 3217/3883/3916 3369/3854/3873
f 3367/3880/3915 3217/3883/3916 3338/3855/3874
f 3413/3858/3920 3364/3879/3914 3370/3857/3876
f 3208/3884/3797 3375/3816/3832 3376/3885/3921
f 3284/3813/3860 3218/3886/3922 3224/3817/3833
f 3377/3887/3923 3218/3886/3922 3284/3813/3860
f 3373/3888/3924 3376/3885/3921 3375/3816/3832
f 3376/3889/3925 3373/3890/3926 3374/3787/3796
f 3377/3891/3927 3371/3726/3733 3373/3890/3926
f 3371/3726/3733 3374/3787/3796 3373/3890/3926
f 3377/3887/3923 3373/3888/3924 3218/3886/3922
f 3421/3892/3928 3503/3893/3929 3501/3894/3930
f 3443/3895/3931 3437/3896/3932 3434/3897/3933
f 3443/3895/3931 3422/3898/3934 3587/3899/3935
f 3443/3895/3931 3588/3900/3936 3422/3898/3934
f 3442/3901/3937 3449/3902/3938 3588/3900/3936
f 3587/3899/3935 3589/3903/3939 3439/3904/3940
f 3587/3899/3935 3422/3898/3934 3589/3903/3939
f 3590/3905/3941 3505/3906/3942 3502/3907/3943
f 3569/3908/3944 3590/3905/3941 3502/3907/3943
f 3449/3902/3938 3442/3901/3937 3424/3909/3945
f 3503/3893/3929 3449/3902/3938 3424/3909/3945
f 3589/3903/3939 3419/3910/3946 3439/3904/3940
f 3422/3898/3934 3504/3911/3947 3589/3903/3939
f 3588/3900/3936 3450/3912/3948 3504/3911/3947
f 3444/3913/3949 3423/3914/3950 3504/3911/3947
f 3589/3903/3939 3592/3915/3951 3419/3910/3946
f 3504/3911/3947 3423/3914/3950 3589/3903/3939
f 3438/3916/3952 3505/3906/3942 3590/3905/3941
f 3508/3917/3953 3506/3918/3954 3505/3906/3942
f 3594/3919/3955 3450/3912/3948 3506/3918/3954
f 3591/3920/3956 3506/3918/3954 3449/3902/3938
f 3592/3915/3951 3619/3921/3957 3419/3910/3946
f 3423/3914/3950 3445/3922/3958 3592/3915/3951
f 3444/3913/3949 3507/3923/3959 3423/3914/3950
f 3425/3924/3960 3451/3925/3961 3507/3923/3959
f 3507/3923/3959 3445/3922/3958 3423/3914/3950
f 3507/3923/3959 3446/3926/3962 3445/3922/3958
f 3447/3927/3963 3508/3917/3953 3593/3928/3964
f 3447/3927/3963 3425/3924/3960 3508/3917/3953
f 3425/3924/3960 3594/3919/3955 3508/3917/3953
f 3425/3924/3960 3444/3913/3949 3594/3919/3955
f 3440/3929/3965 3509/3930/3966 3618/3931/3967
f 3448/3932/3968 3511/3933/3969 3595/3934/3970
f 3452/3935/3971 3451/3925/3961 3447/3927/3963
f 3509/3930/3966 3447/3927/3963 3593/3928/3964
f 3596/3936/3972 3510/3937/3973 3532/3938/3974
f 3483/3939/3975 3445/3922/3958 3510/3937/3973
f 3510/3937/3973 3446/3926/3962 3511/3933/3969
f 3511/3933/3969 3451/3925/3961 3452/3935/3971
f 3532/3938/3974 3511/3933/3969 3448/3932/3968
f 3512/3940/3976 3457/3941/3977 3469/3942/3978
f 3469/3942/3978 3457/3941/3977 3558/3943/3979
f 3512/3940/3976 3467/3944/3980 3457/3941/3977
f 3427/3945/3981 3580/3946/3982 3467/3944/3980
f 3456/3947/3983 3581/3948/3984 3455/3949/3985
f 3427/3945/3981 3512/3940/3976 3468/3950/3986
f 3597/3951/3987 3468/3950/3986 3599/3952/3988
f 3426/3953/3989 3515/3954/3990 3471/3955/3991
f 3468/3950/3986 3512/3940/3976 3513/3956/3992
f 3480/3957/3993 3468/3950/3986 3513/3956/3992
f 3515/3954/3990 3469/3942/3978 3514/3958/3994
f 3459/3959/3995 3469/3942/3978 3558/3943/3979
f 3568/3960/3996 3516/3961/3997 3461/3962/3998
f 3568/3960/3996 3598/3963/3999 3516/3961/3997
f 3458/3964/4000 3455/3949/3985 3598/3963/3999
f 3597/3951/3987 3599/3952/3988 3598/3963/3999
f 3598/3963/3999 3599/3952/3988 3516/3961/3997
f 3599/3952/3988 3480/3957/3993 3431/3965/4001
f 3474/3966/4002 3463/3967/4003 3475/3968/4004
f 3473/3969/4005 3600/3970/4006 3522/3971/4007
f 3481/3972/4008 3426/3953/3989 3517/3973/4009
f 3517/3973/4009 3471/3955/3991 3463/3967/4003
f 3471/3955/3991 3514/3958/3994 3462/3974/4010
f 3460/3975/4011 3472/3976/4012 3465/3977/4013
f 3461/3962/3998 3518/3978/4014 3460/3975/4011
f 3479/3979/4015 3520/3980/4016 3519/3981/4017
f 3431/3965/4001 3479/3979/4015 3519/3981/4017
f 3479/3979/4015 3481/3972/4008 3520/3980/4016
f 3519/3981/4017 3520/3980/4016 3600/3970/4006
f 3521/3982/4018 3600/3970/4006 3473/3969/4005
f 3519/3981/4017 3600/3970/4006 3521/3982/4018
f 3523/3983/4019 3454/3984/4020 3602/3985/4021
f 3602/3985/4021 3454/3984/4020 3420/3986/4022
f 3605/3987/4023 3523/3983/4019 3602/3985/4021
f 3523/3983/4019 3453/3988/4024 3454/3984/4020
f 3601/3989/4025 3522/3971/4007 3523/3983/4019
f 3522/3971/4007 3474/3966/4002 3475/3968/4004
f 3475/3968/4004 3463/3967/4003 3453/3988/4024
f 3464/3990/4026 3476/3991/4027 3466/3992/4028
f 3465/3977/4013 3524/3993/4029 3464/3990/4026
f 3472/3976/4012 3521/3982/4018 3525/3994/4030
f 3526/3995/4031 3473/3969/4005 3601/3989/4025
f 3525/3994/4030 3473/3969/4005 3526/3995/4031
f 3527/3996/4032 3601/3989/4025 3605/3987/4023
f 3524/3993/4029 3526/3995/4031 3527/3996/4032
f 3527/3996/4032 3528/3997/4033 3476/3991/4027
f 3605/3987/4023 3482/3998/4034 3527/3996/4032
f 3482/3998/4034 3477/2159/4035 3528/3997/4033
f 3482/3998/4034 3528/3997/4033 3527/3996/4032
f 3528/3997/4033 3478/2160/4036 3466/3992/4028
f 3603/3999/4037 3529/4000/4038 3602/3985/4021
f 3529/4000/4038 3605/3987/4023 3602/3985/4021
f 3604/4001/4039 3482/3998/4034 3529/4000/4038
f 3606/4002/4040 3583/4003/4041 3456/3947/3983
f 3456/3947/3983 3583/4003/4041 3581/3948/3984
f 3428/4004/4042 3606/4002/4043 3456/3947/3983
f 3619/3921/3957 3530/4005/4044 3550/4006/4045
f 3483/3939/4046 3612/4007/4047 3607/4008/4048
f 3530/4009/4049 3608/4010/4050 3484/4011/4051
f 3530/4009/4049 3607/2174/4048 3608/4010/4050
f 3608/4010/4050 3603/3999/4037 3420/3986/4022
f 3610/4012/4052 3432/2441/4053 3609/4013/4054
f 3485/4014/4055 3610/4012/4052 3609/4013/4054
f 3590/3905/3941 3609/4013/4054 3438/3916/3952
f 3485/4014/4055 3486/4015/4056 3610/4012/4052
f 3486/4015/4056 3611/4016/4057 3610/4012/4052
f 3611/4017/4057 3531/1205/4058 3432/3021/4053
f 3531/1205/4058 3460/3975/4011 3488/4018/4059
f 3532/3938/4060 3612/4007/4047 3596/3936/4061
f 3532/3938/4060 3493/4019/4062 3612/4007/4047
f 3596/3936/4061 3612/4007/4047 3483/3939/4046
f 3493/2454/4062 3494/4020/4063 3533/4021/4064
f 3612/4022/4047 3533/4021/4064 3603/3999/4037
f 3533/4021/4064 3604/4001/4039 3603/3999/4037
f 3491/4023/4065 3433/4024/4066 3490/3032/4067
f 3421/3892/3928 3534/4025/4068 3552/4026/4069
f 3534/4027/4070 3456/3947/3983 3621/4028/4071
f 3552/4026/4069 3433/4024/4066 3491/4023/4065
f 3499/4029/4072 3535/4030/4073 3498/4031/4074
f 3499/4032/4072 3467/3944/3980 3580/3946/3982
f 3501/3894/3930 3613/4033/4075 3584/4034/4076
f 3441/4035/4077 3613/4033/4075 3443/3895/3931
f 3613/4033/4075 3424/3909/3945 3443/3895/3931
f 3443/3895/3931 3434/3897/3933 3555/4036/4078
f 3497/4037/4079 3537/4038/4080 3539/4039/4081
f 3439/3904/3940 3536/4040/4082 3497/4037/4079
f 3536/4040/4082 3551/4041/4083 3537/4038/4080
f 3537/4042/4080 3620/4043/4084 3538/4044/4085
f 3538/4044/4085 3495/4045/4086 3462/3974/4010
f 3496/4046/4087 3462/3974/4010 3514/3958/3994
f 3539/4047/4081 3538/4044/4085 3496/4046/4087
f 3547/4048/4088 3614/4049/4089 3440/3929/4090
f 3614/4049/4089 3595/3934/3970 3440/3929/3965
f 3547/4050/4088 3478/2160/4036 3540/4051/4091
f 3478/2160/4036 3477/2159/4035 3541/2490/4092
f 3541/2490/4092 3494/4020/4063 3493/2454/4062
f 3540/4051/4091 3541/2490/4092 3429/4052/4093
f 3477/2159/4035 3604/4001/4039 3494/4020/4063
f 3429/4053/4094 3492/4054/4095 3448/3932/3968
f 3429/4053/4094 3448/3932/3968 3614/4049/4089
f 3609/4013/4054 3616/4055/4096 3615/4056/4097
f 3438/3916/3952 3615/4056/4097 3593/3928/3964
f 3432/2441/4053 3488/4057/4059 3616/4055/4096
f 3488/4018/4059 3465/3977/4013 3617/2225/4098
f 3488/4018/4059 3617/2225/4098 3616/4058/4096
f 3616/4058/4096 3617/2225/4098 3430/4059/4099
f 3441/4035/4077 3542/4060/4100 3498/4031/4101
f 3498/4031/4074 3542/4060/4102 3499/4029/4072
f 3555/4036/4078 3557/4061/4103 3562/4062/4104
f 3485/4014/4055 3567/4063/4105 3486/4015/4056
f 3502/3907/3943 3491/4023/4065 3569/3908/3944
f 3491/4023/4065 3566/4064/4106 3564/3344/4107
f 3567/2233/4105 3611/4017/4057 3486/1629/4056
f 3545/4065/4108 3487/2234/4109 3611/4017/4057
f 3545/4065/4108 3568/3960/3996 3487/2234/4109
f 3618/3931/3967 3547/4048/4088 3440/3929/4090
f 3593/3928/3964 3615/4056/4097 3618/3931/3967
f 3615/4056/4097 3430/4066/4099 3618/3931/3967
f 3617/2225/4098 3466/3992/4028 3546/4067/4110
f 3430/4059/4099 3546/4067/4110 3547/4050/4088
f 3437/3896/3932 3577/4068/4111 3576/4069/4112
f 3439/3904/3940 3497/4037/4079 3437/3896/3932
f 3548/4070/4113 3539/4039/4081 3578/4071/4114
f 3578/4072/4114 3496/4046/4087 3549/4073/4115
f 3543/4074/4116 3579/4075/4117 3558/3943/4118
f 3500/3356/4119 3579/4075/4117 3543/4074/4116
f 3419/3910/3946 3619/3921/3957 3536/4040/4082
f 3484/4011/4051 3420/3986/4022 3454/3984/4020
f 3484/4011/4051 3454/3984/4020 3453/3988/4024
f 3551/4076/4083 3484/4011/4051 3620/4043/4084
f 3495/4045/4086 3453/3988/4024 3463/3967/4003
f 3621/4028/4071 3622/1986/4120 3534/4027/4070
f 3621/4028/4071 3554/3860/4121 3622/1986/4120
f 3433/4077/4122 3553/4078/4123 3489/4079/4124
f 3534/4025/4068 3622/4080/4125 3552/4026/4069
f 3433/4077/4122 3554/3860/4126 3553/4078/4123
f 3556/4081/4127 3563/4082/4128 3558/3943/3979
f 3558/3943/3979 3561/4083/4129 3543/4074/4130
f 3467/3944/3980 3544/4084/4131 3556/4081/4127
f 3555/4036/4078 3559/4085/4132 3542/4060/4100
f 3560/4086/4133 3561/4083/4129 3563/4082/4128
f 3559/4087/4134 3562/4088/4135 3544/4084/4131
f 3555/4036/4078 3562/4062/4104 3559/4085/4132
f 3561/2008/4129 3560/4089/4133 3557/4061/4103
f 3573/4090/4136 3570/4091/4137 3567/4063/4105
f 3598/3963/3999 3568/3960/3996 3565/4092/4138
f 3572/4093/4139 3570/4091/4137 3573/4090/4136
f 3490/2555/4140 3623/4094/4140 3571/4095/4140
f 3623/4094/4141 3565/4092/4138 3571/4095/4142
f 3566/4064/4143 3572/4093/4144 3564/3344/4107
f 3490/3032/4145 3572/4093/4146 3566/4064/4106
f 3578/4071/4114 3577/4068/4147 3548/4070/4113
f 3437/3896/3932 3548/4070/4113 3577/4068/4111
f 3434/3897/4148 3575/4096/4148 3500/4097/4149
f 3579/4075/4150 3574/4098/4151 3459/3959/3995
f 3459/3959/3995 3435/4099/4152 3514/3958/3994
f 3435/4099/4152 3574/4098/4153 3576/1697/4154
f 3549/4073/4115 3435/4099/4152 3578/4072/4114
f 3428/4100/4042 3584/4034/4076 3585/4101/4155
f 3498/4031/4101 3436/4102/4156 3441/4035/4077
f 3586/4103/4157 3436/4102/4156 3498/4031/4101
f 3582/4104/4158 3585/4101/4155 3584/4034/4076
f 3585/4105/4159 3582/4106/4160 3583/4003/4041
f 3586/1709/4161 3580/3946/3982 3582/4106/4160
f 3580/3946/3982 3583/4003/4041 3582/4106/4160
f 3586/4103/4157 3582/4104/4158 3436/4102/4156
f 3825/4107/4162 3715/4108/4163 3712/4109/4164
f 3766/4110/4165 3833/4111/4166 3825/4107/4162
f 3712/4109/4164 3650/4112/4167 3629/4113/4168
f 3652/4114/4169 3644/4115/4170 3641/4116/4171
f 3652/4114/4169 3626/4117/4172 3804/4118/4173
f 3652/4114/4169 3805/4119/4174 3626/4117/4172
f 3651/4120/4175 3659/4121/4176 3805/4119/4174
f 3804/4118/4173 3806/4122/4177 3646/4123/4178
f 3804/4118/4173 3626/4117/4172 3806/4122/4177
f 3808/4124/4179 3718/4125/4180 3713/4126/4181
f 3784/4127/4182 3808/4124/4179 3713/4126/4181
f 3714/4128/4183 3651/4120/4175 3650/4112/4167
f 3715/4108/4163 3714/4128/4183 3650/4112/4167
f 3806/4122/4177 3624/4129/4184 3646/4123/4178
f 3626/4117/4172 3716/4130/4185 3806/4122/4177
f 3716/4130/4185 3717/4131/4186 3806/4122/4177
f 3805/4119/4174 3807/4132/4187 3716/4130/4185
f 3659/4121/4176 3660/4133/4188 3807/4132/4187
f 3807/4132/4187 3627/4134/4189 3716/4130/4185
f 3717/4131/4186 3810/4135/4190 3624/4129/4184
f 3716/4130/4185 3627/4134/4189 3717/4131/4186
f 3645/4136/4191 3718/4125/4180 3808/4124/4179
f 3812/4137/4192 3719/4138/4193 3718/4125/4180
f 3812/4137/4192 3660/4133/4188 3719/4138/4193
f 3660/4133/4188 3659/4121/4176 3714/4128/4183
f 3809/4139/4194 3719/4138/4193 3714/4128/4183
f 3810/4135/4190 3842/4140/4195 3624/4129/4184
f 3627/4134/4189 3654/4141/4196 3810/4135/4190
f 3653/4142/4197 3720/4143/4198 3627/4134/4189
f 3630/4144/4199 3661/4145/4200 3720/4143/4198
f 3720/4143/4198 3654/4141/4196 3627/4134/4189
f 3720/4143/4198 3655/4146/4201 3654/4141/4196
f 3647/4147/4202 3811/4148/4203 3645/4136/4191
f 3656/4149/4204 3721/4150/4205 3811/4148/4203
f 3628/4151/4206 3630/4144/4199 3721/4150/4205
f 3721/4150/4205 3653/4142/4197 3812/4137/4192
f 3648/4152/4207 3722/4153/4208 3840/4154/4209
f 3658/4155/4210 3724/4156/4211 3813/4157/4212
f 3662/4158/4213 3661/4145/4200 3628/4151/4206
f 3722/4153/4208 3656/4149/4204 3647/4147/4202
f 3722/4153/4208 3628/4151/4206 3656/4149/4204
f 3814/4159/4214 3723/4160/4215 3657/4161/4216
f 3694/4162/4217 3654/4141/4196 3723/4160/4215
f 3723/4160/4215 3655/4146/4201 3724/4156/4211
f 3724/4156/4211 3661/4145/4200 3662/4158/4213
f 3657/4161/4216 3724/4156/4211 3658/4155/4210
f 3815/4163/4218 3667/4164/4219 3680/4165/4220
f 3680/4165/4220 3667/4164/4219 3773/4166/4221
f 3725/4167/4222 3678/4168/4223 3815/4163/4218
f 3815/4163/4218 3678/4168/4223 3667/4164/4219
f 3632/4169/4224 3803/4170/4225 3678/4168/4223
f 3640/4171/4226 3816/4172/4227 3665/4173/4228
f 3666/2938/4229 3797/4174/4230 3640/4171/4226
f 3632/4169/4224 3725/4167/4222 3679/4175/4231
f 3816/4172/4227 3679/4175/4231 3818/4176/4232
f 3631/4177/4233 3728/4178/4234 3682/4179/4235
f 3679/4175/4231 3815/4163/4218 3726/4180/4236
f 3691/4181/4237 3679/4175/4231 3726/4180/4236
f 3728/4178/4234 3680/4165/4220 3727/4182/4238
f 3669/4183/4239 3680/4165/4220 3773/4166/4221
f 3783/4184/4240 3729/4185/4241 3672/4186/4242
f 3783/4184/4240 3817/4187/4243 3729/4185/4241
f 3668/4188/4244 3665/4173/4228 3817/4187/4243
f 3816/4172/4227 3818/4176/4232 3817/4187/4243
f 3817/4187/4243 3818/4176/4232 3729/4185/4241
f 3818/4176/4232 3691/4181/4237 3636/4189/4245
f 3685/4190/4246 3674/4191/4247 3686/4192/4248
f 3684/4193/4249 3819/4194/4250 3735/4195/4251
f 3692/4196/4252 3631/4177/4233 3730/4197/4253
f 3730/4197/4253 3682/4179/4235 3674/4191/4247
f 3682/4179/4235 3727/4182/4238 3673/4198/4254
f 3670/4199/4255 3683/4200/4256 3676/2135/4257
f 3671/3759/4258 3731/4201/4259 3670/4199/4255
f 3672/4186/4242 3681/4202/4260 3671/3759/4258
f 3690/4203/4261 3733/4204/4262 3732/4205/4263
f 3636/4189/4245 3690/4203/4261 3732/4205/4263
f 3690/4203/4261 3692/4196/4252 3733/4204/4262
f 3732/4205/4263 3733/4204/4262 3819/4194/4250
f 3734/4206/4264 3819/4194/4250 3684/4193/4249
f 3732/4205/4263 3819/4194/4250 3734/4206/4264
f 3736/4207/4265 3664/4208/4266 3821/4209/4267
f 3821/4209/4267 3664/4208/4266 3625/4210/4268
f 3824/4211/4269 3736/4207/4265 3821/4209/4267
f 3736/4207/4265 3663/4212/4270 3664/4208/4266
f 3820/4213/4271 3735/4195/4251 3736/4207/4265
f 3735/4195/4251 3685/4190/4246 3686/4192/4248
f 3686/4192/4248 3674/4191/4247 3663/4212/4270
f 3675/4214/4272 3687/4215/4273 3677/3255/4274
f 3737/4216/4275 3738/4217/4276 3740/1848/4277
f 3676/2135/4257 3737/4216/4275 3675/4214/4272
f 3683/4200/4256 3734/4206/4264 3738/4217/4276
f 3739/4218/4278 3684/4193/4249 3820/4213/4271
f 3738/4217/4276 3684/4193/4249 3739/4218/4278
f 3741/4219/4279 3820/4213/4271 3824/4211/4269
f 3740/1848/4277 3739/4218/4278 3741/4219/4279
f 3741/4219/4279 3742/3527/4280 3687/4215/4273
f 3824/4211/4269 3693/4220/4281 3741/4219/4279
f 3693/4220/4281 3688/1171/4282 3742/3527/4280
f 3693/4220/4281 3742/3527/4280 3741/4219/4279
f 3742/3527/4280 3689/4221/4283 3677/3255/4274
f 3822/3783/4284 3743/4222/4285 3821/4209/4267
f 3743/4222/4285 3824/4211/4269 3821/4209/4267
f 3823/4223/4286 3693/4220/4281 3743/4222/4285
f 3826/4224/4287 3800/4225/4288 3666/2938/4229
f 3666/2938/4229 3800/4225/4288 3797/4174/4230
f 3633/4226/4289 3826/4224/4290 3666/2938/4291
f 3842/4140/4195 3744/4227/4292 3764/4228/4293
f 3694/4162/4294 3832/4229/4295 3827/4230/4296
f 3744/4231/4297 3828/1192/4298 3695/3545/4299
f 3744/4231/4297 3827/4232/4296 3828/1192/4298
f 3828/1192/4298 3822/3783/4284 3625/4210/4268
f 3830/4233/4300 3637/4234/4301 3829/4235/4302
f 3696/4236/4303 3830/4233/4300 3829/4235/4302
f 3808/4124/4179 3829/4235/4302 3645/4136/4191
f 3696/4236/4303 3697/4237/4304 3830/4233/4300
f 3697/4237/4304 3831/4238/4305 3830/4233/4300
f 3672/4186/4242 3671/3759/4258 3745/4239/4306
f 3831/4240/4305 3745/4239/4306 3637/4241/4301
f 3745/4239/4306 3670/4199/4255 3699/4242/4307
f 3746/4243/4308 3832/4229/4295 3814/4159/4214
f 3746/4243/4309 3704/4244/4310 3832/4229/4295
f 3814/4159/4214 3832/4229/4295 3694/4162/4294
f 3658/4155/4210 3746/4243/4311 3657/4161/4216
f 3704/2454/4310 3705/4245/4312 3747/4246/4313
f 3832/4247/4295 3747/4246/4313 3822/3783/4284
f 3747/4246/4313 3823/4223/4286 3822/3783/4284
f 3702/4248/4314 3639/4249/4315 3701/4250/4316
f 3825/4107/4162 3748/4251/4317 3766/4110/4165
f 3748/3564/4318 3666/2938/4291 3844/4252/4319
f 3766/4110/4165 3639/4249/4315 3833/4111/4166
f 3833/4111/4166 3639/4249/4315 3702/4248/4314
f 3710/4253/4320 3749/4254/4321 3709/4255/4322
f 3710/4256/4323 3678/4168/4223 3803/4170/4225
f 3712/4109/4164 3834/4257/4324 3798/4258/4325
f 3710/4256/4323 3803/4170/4225 3802/4259/4326
f 3649/4260/4327 3834/4257/4324 3652/4114/4169
f 3834/4257/4324 3629/4113/4168 3652/4114/4169
f 3629/4113/4168 3650/4112/4167 3651/4120/4175
f 3652/4114/4169 3641/4116/4171 3769/4261/4328
f 3708/4262/4329 3751/4263/4330 3753/3048/4331
f 3646/4123/4178 3750/4264/4332 3708/4262/4329
f 3750/4264/4332 3765/4265/4333 3751/4263/4330
f 3751/4266/4330 3843/4267/4334 3752/4268/4335
f 3752/4268/4335 3706/4045/4336 3673/4198/4254
f 3707/4269/4337 3673/4198/4254 3727/4182/4238
f 3753/4270/4331 3752/4268/4335 3707/4269/4337
f 3761/4271/4338 3835/4272/4339 3648/4152/4340
f 3835/4272/4341 3813/4157/4212 3648/4152/4207
f 3761/4273/4338 3689/4221/4283 3754/2489/4342
f 3689/4221/4283 3688/1171/4282 3755/1262/4343
f 3755/1262/4343 3705/4245/4312 3704/2454/4310
f 3754/2489/4342 3755/1262/4343 3634/4274/4344
f 3688/1171/4282 3823/4223/4286 3705/4245/4312
f 3634/4275/4345 3703/4276/4346 3836/4277/4347
f 3634/4275/4345 3836/4277/4347 3835/4272/4339
f 3836/4277/4347 3658/4155/4210 3813/4157/4212
f 3838/4278/4348 3638/4279/4349 3837/4280/4350
f 3829/4235/4302 3838/4278/4348 3837/4280/4350
f 3645/4136/4191 3837/4280/4350 3647/4147/4202
f 3637/4234/4301 3699/4281/4307 3838/4278/4348
f 3699/4242/4307 3676/2135/4257 3839/4282/4351
f 3699/4242/4307 3839/4282/4351 3638/4283/4349
f 3638/4283/4349 3839/4282/4351 3635/4284/4352
f 3649/4260/4327 3756/4285/4353 3709/4255/4322
f 3709/4255/4322 3756/4285/4354 3710/4253/4320
f 3769/4261/4328 3772/4286/4355 3770/4287/4356
f 3696/4236/4303 3782/4288/4357 3697/4237/4304
f 3713/4126/4181 3702/4248/4314 3784/4127/4182
f 3702/4248/4314 3781/3343/4358 3779/4289/4359
f 3782/4290/4357 3831/4240/4305 3697/4291/4304
f 3759/4292/4360 3698/1553/4361 3831/4240/4305
f 3759/4292/4360 3783/4184/4240 3698/1553/4361
f 3840/4154/4209 3761/4271/4338 3648/4152/4340
f 3647/4147/4202 3837/4280/4350 3840/4154/4209
f 3837/4280/4350 3635/4293/4352 3840/4154/4209
f 3839/4282/4351 3677/3255/4274 3760/4294/4362
f 3635/4284/4352 3760/4294/4362 3761/4273/4338
f 3644/4115/4170 3793/4295/4363 3791/4296/4364
f 3646/4123/4178 3708/4262/4329 3644/4115/4170
f 3762/4297/4365 3753/3048/4331 3794/4298/4366
f 3794/4299/4366 3707/4269/4337 3763/4300/4367
f 3757/4301/4368 3795/4302/4369 3773/4166/4221
f 3711/1645/4370 3841/4303/4371 3757/4301/4372
f 3624/4129/4184 3842/4140/4195 3750/4264/4332
f 3695/3545/4299 3625/4210/4268 3664/4208/4266
f 3695/3545/4299 3664/4208/4266 3663/4212/4270
f 3765/4304/4333 3695/3545/4299 3843/4267/4334
f 3706/4045/4336 3663/4212/4270 3674/4191/4247
f 3844/4252/4319 3845/1310/4373 3748/3564/4318
f 3844/4252/4319 3768/4305/4374 3845/1310/4373
f 3639/4306/4375 3767/4307/4376 3700/4308/4377
f 3748/4251/4317 3845/1315/4378 3766/4110/4165
f 3639/4306/4375 3768/4305/4379 3767/4307/4376
f 3640/4171/4226 3665/4173/4228 3768/4305/4380
f 3771/4309/4381 3778/3366/4382 3773/4166/4221
f 3773/4166/4221 3776/4310/4383 3757/4301/4368
f 3678/4168/4223 3758/4311/4384 3771/4309/4381
f 3769/4261/4328 3774/4312/4385 3756/4285/4353
f 3770/4287/4356 3775/4313/4386 3777/4314/4387
f 3775/4315/4388 3776/4310/4383 3778/3366/4382
f 3774/2262/4389 3777/4316/4390 3758/4311/4391
f 3769/4261/4328 3770/4287/4356 3774/4312/4385
f 3776/1673/4383 3775/4313/4388 3772/4286/4355
f 3788/4317/4392 3785/4318/4393 3782/4288/4357
f 3817/4187/4243 3783/4184/4240 3780/4319/4394
f 3787/1341/4395 3785/4318/4393 3788/4317/4392
f 3701/2269/4396 3846/4320/4396 3786/4095/4396
f 3846/4320/4397 3780/4319/4394 3786/4095/4398
f 3781/3343/4399 3787/1341/4400 3779/4289/4359
f 3701/4250/4401 3787/1341/4402 3781/3343/4358
f 3794/4298/4366 3793/4295/4403 3762/4297/4365
f 3644/4115/4170 3762/4297/4365 3793/4295/4363
f 3641/4116/4404 3790/4321/4405 3711/4322/4406
f 3795/4302/4369 3789/4323/4407 3669/4183/4239
f 3669/4183/4239 3792/4324/4408 3727/4182/4238
f 3793/4295/4403 3642/4325/4409 3792/4326/4410
f 3792/4324/4410 3789/4323/4411 3791/2030/4412
f 3763/4300/4367 3642/4327/4409 3794/4299/4366
f 3792/4324/4408 3642/4327/4409 3763/4300/4367
f 3841/4303/4413 3789/4323/4407 3795/4302/4369
f 3633/4328/4289 3798/4258/4325 3801/4329/4414
f 3709/4255/4322 3643/4330/4415 3649/4260/4327
f 3801/3130/4416 3799/4331/4417 3800/4225/4288
f 3802/4259/4326 3800/4225/4288 3799/4331/4417
f 3802/4259/4326 3803/4170/4225 3800/4225/4288
f 3802/4332/4418 3799/4333/4419 3796/4334/4420
f 756/1178/1085 998/1022/929 870/1024/931
f 751/1224/1129 780/1042/949 1037/1026/933
f 1037/1026/933 780/1042/949 788/1044/951
f 998/1022/929 788/1044/951 874/1023/930
f 998/1022/929 1037/1026/933 788/1044/951
f 870/1024/931 874/1023/930 789/1027/934
f 792/1029/936 999/1033/940 781/1030/937
f 792/1029/936 772/1035/942 871/1032/939
f 772/1035/942 791/1037/944 1000/1036/943
f 791/1037/944 790/1051/958 802/1038/945
f 999/1033/940 871/1032/939 757/1039/946
f 782/1034/941 999/1033/940 784/1041/948
f 788/1044/951 872/1043/950 768/1045/952
f 780/1042/949 793/1047/954 872/1043/950
f 872/1043/950 793/1047/954 1004/1049/956
f 768/1045/952 1004/1049/956 873/1050/957
f 873/1050/957 802/1038/945 790/1051/958
f 874/1023/930 768/1045/952 873/1050/957
f 1001/1040/947 876/1054/961 752/1052/959
f 757/1039/946 1000/1036/943 875/1053/960
f 1000/1036/943 802/1038/945 1002/1055/962
f 804/1056/963 803/1057/964 1002/1055/962
f 1002/1055/962 794/1058/965 758/1059/966
f 876/1054/961 758/1059/966 1005/1060/967
f 783/1061/968 877/1062/969 793/1047/954
f 877/1062/969 878/1064/971 1004/1049/956
f 783/1061/968 1006/1074/981 877/1062/969
f 1006/1074/981 769/1063/970 877/1062/969
f 1007/1065/972 803/1057/964 804/1056/963
f 769/1063/970 1007/1065/972 878/1064/971
f 873/1050/957 878/1064/971 804/1056/963
f 1005/1060/967 795/1067/974 1052/1066/973
f 803/1057/964 761/1069/976 879/1068/975
f 879/1068/975 805/1070/977 797/1072/979
f 758/1059/966 796/1071/978 795/1067/974
f 1006/1074/981 880/1076/983 769/1063/970
f 785/1073/980 798/1075/982 1006/1074/981
f 798/1075/982 759/1077/984 880/1076/983
f 759/1077/984 805/1070/977 761/1069/976
f 769/1063/970 880/1076/983 1007/1065/972
f 880/1076/983 761/1069/976 803/1057/964
f 786/1078/985 801/1258/1161 881/1079/986
f 801/1258/1161 1008/1083/990 881/1079/986
f 1008/1083/990 1010/1082/989 806/1084/991
f 881/1079/986 1008/1083/990 806/1084/991
f 881/1079/986 806/1084/991 759/1077/984
f 1049/1080/987 881/1079/986 785/1073/980
f 1009/1087/994 755/1089/996 882/1085/992
f 882/1085/992 795/1067/974 796/1071/978
f 882/1085/992 796/1071/978 797/1072/979
f 755/1089/996 1052/1066/973 795/1067/974
f 883/1086/993 797/1072/979 805/1070/977
f 799/1088/995 882/1085/992 1010/1082/989
f 1010/1082/989 883/1086/993 806/1084/991
f 827/1112/1019 884/1094/1001 1011/1090/997
f 884/1094/1001 840/1096/1003 885/1095/1002
f 840/1096/1003 992/1104/1011 997/1097/1004
f 811/1091/998 885/1095/1002 825/1235/1138
f 885/1095/1002 997/1097/1004 825/1235/1138
f 775/1099/1006 988/1103/1010 1012/1100/1007
f 988/1103/1010 764/1098/1005 1012/1100/1007
f 988/1103/1010 992/1104/1011 764/1098/1005
f 1012/1100/1007 764/1098/1005 826/1105/1012
f 826/1105/1012 884/1094/1001 827/1112/1019
f 831/1107/1014 888/1111/1018 887/1108/1015
f 763/1110/1017 886/1113/1020 888/1111/1018
f 841/1122/1029 886/1113/1020 763/1110/1017
f 841/1122/1029 842/1114/1021 886/1113/1020
f 886/1113/1020 1011/1090/997 762/4335/4421
f 888/1111/1018 762/4335/4421 828/1092/999
f 886/1113/1020 762/4335/4421 888/1111/1018
f 762/4335/4421 1011/1090/997 828/1092/999
f 814/1115/1022 887/1108/1015 828/1092/999
f 889/1117/1024 770/1121/1028 829/1143/1050
f 889/1117/1024 1014/1106/1013 770/1121/1028
f 809/1101/1008 1012/1100/1007 1013/1119/1026
f 1014/1106/1013 826/1105/1012 842/1114/1021
f 770/1121/1028 842/1114/1021 830/1123/1030
f 835/1126/1033 891/1125/1032 820/1128/1035
f 834/1124/1031 890/1135/1042 891/1125/1032
f 843/1130/1037 844/1132/1039 1015/1134/1041
f 897/1131/1038 843/1130/1037 1015/1134/1041
f 1015/1134/1041 1016/1133/1040 890/1135/1042
f 844/1132/1039 841/1122/1029 763/1110/1017
f 891/1125/1032 1017/1136/1043 819/1127/1034
f 890/1135/1042 763/1110/1017 831/1107/1014
f 1017/1136/1043 831/1107/1014 815/1109/1016
f 816/1140/1047 1018/1139/1046 832/1141/1048
f 892/1137/1044 893/1144/1051 895/1138/1045
f 832/1141/1048 1018/1139/1046 895/1138/1045
f 1019/1145/1052 893/1144/1051 892/1137/1044
f 817/1146/1053 1019/1145/1052 1018/1139/1046
f 818/1118/1025 889/1117/1024 1019/1145/1052
f 829/1143/1050 770/1121/1028 893/1144/1051
f 830/1123/1030 841/1122/1029 894/1147/1054
f 894/1147/1054 844/1132/1039 843/1130/1037
f 1026/1153/1060 896/1156/1063 898/1149/1056
f 846/1155/1062 845/1166/1073 896/1156/1063
f 845/1166/1073 1021/1157/1064 896/1156/1063
f 1021/1157/1064 833/1129/1036 897/1131/1038
f 897/1131/1038 1015/1134/1041 834/1124/1031
f 898/1149/1056 835/1126/1033 807/1154/1061
f 896/1156/1063 897/1131/1038 835/1126/1033
f 836/1159/1066 899/1161/1068 902/1163/1070
f 821/1158/1065 899/1161/1068 836/1159/1066
f 822/1142/1049 832/1141/1048 899/1161/1068
f 899/1161/1068 832/1141/1048 900/1162/1069
f 900/1162/1069 895/1138/1045 833/1129/1036
f 1022/1165/1072 901/1164/1071 845/1166/1073
f 902/1163/1070 900/1162/1069 901/1164/1071
f 902/1163/1070 903/1167/1074 836/1159/1066
f 823/1169/1076 836/1159/1066 905/1168/1075
f 1022/1165/1072 847/1170/1077 903/1167/1074
f 847/1170/1077 1025/1177/1084 838/1171/1078
f 904/1172/1079 838/1171/1078 839/1173/1080
f 753/1152/1059 1024/1174/1081 1023/1151/1058
f 837/1176/1083 1025/1177/1084 906/1175/1082
f 906/1175/1082 847/1170/1077 846/1155/1062
f 756/1178/1085 907/1362/1256 765/1179/1086
f 907/1362/1256 1027/4336/1091 765/1179/1090
f 1027/1182/1089 994/1367/1261 995/1181/1088
f 988/1103/1010 995/1181/1088 992/1104/1011
f 1052/1066/973 755/1089/996 910/1185/1094
f 910/1185/1094 848/1187/1096 909/1189/1098
f 755/1089/996 1009/1087/994 848/1187/1096
f 909/1194/1098 1036/1220/1097 1028/1190/1099
f 1028/1190/1099 1036/1220/1097 837/1176/1083
f 1029/1192/1100 1028/1190/1099 1024/1174/1081
f 783/1061/968 1031/1199/1106 1030/1197/1104
f 1031/1199/1106 1032/1195/1102 1030/1197/1104
f 1003/1046/953 850/1198/1105 1031/1199/1106
f 1032/1195/1102 1033/1201/1108 771/1196/1103
f 1033/1204/1108 1034/1203/1110 911/1205/1111
f 851/1285/1107 1048/1202/1109 1033/1204/1108
f 1048/1202/1109 852/1207/1112 1034/1203/1110
f 1034/1203/1110 818/1118/1025 817/1146/1053
f 771/1206/1103 911/1205/1111 1046/1209/1114
f 911/1205/1111 817/1146/1053 816/1140/1047
f 799/1088/995 912/1210/1115 1035/1212/1117
f 1035/1212/1117 915/1211/1116 1036/1188/1097
f 800/1081/988 857/1214/1119 912/1210/1115
f 858/1215/1121 766/1267/1169 859/1216/1122
f 912/1210/1115 858/1215/1121 913/1213/1118
f 913/1217/1123 859/1263/1165 860/1218/1124
f 914/1219/1125 860/1218/1124 1025/1177/1084
f 1036/1220/1097 915/4337/4422 914/1219/1125
f 915/4337/4422 913/1217/1123 914/1219/1125
f 856/1221/1126 774/1225/1130 948/1222/1127
f 998/1022/929 765/1179/1086 916/1226/1131
f 917/1228/1206 908/1180/1087 810/1102/1009
f 916/1227/1132 765/1183/1090 908/1180/1092
f 917/1228/1206 810/1102/1009 775/1099/1006
f 918/1234/1135 1038/1233/1137 996/1370/1264
f 989/1237/1140 1039/1236/1139 778/1361/1255
f 996/1370/1264 1038/1233/1137 986/1238/1141
f 1039/1236/1139 870/1024/931 760/1028/935
f 772/1035/942 760/1028/935 791/1037/944
f 779/1241/1144 919/1240/1143 792/1029/936
f 864/1242/1145 920/1245/1148 924/1243/1146
f 784/1041/948 752/1052/959 920/1245/1148
f 920/1245/1148 861/1247/1150 921/1246/1149
f 922/1251/1153 1053/1250/1152 862/1252/1154
f 921/1249/1149 944/1308/1151 1053/1250/1152
f 819/1127/1034 862/1252/1154 820/1128/1035
f 923/1253/1147 924/4338/1146 922/1251/1153
f 924/4338/1146 921/1249/1149 922/1251/1153
f 863/1255/1156 922/1251/1153 819/1127/1034
f 1042/1256/1157 925/4339/4423 1041/1257/1158
f 925/4339/4423 927/1265/1167 1041/1257/1158
f 925/1261/1163 869/1260/1162 926/1262/1164
f 869/1260/1162 839/1173/1080 838/1171/1078
f 926/1262/1164 838/1171/1078 860/1218/1124
f 766/1264/4424 926/1262/1164 859/1263/1165
f 1043/1266/1168 857/1214/1119 800/1081/988
f 1041/1257/1160 1043/1266/1168 1008/1083/990
f 927/1265/4425 925/4339/1163 766/1267/1166
f 927/1265/1167 858/1215/1121 857/1214/1119
f 783/1061/968 1030/1197/1104 1044/1270/1172
f 1030/1197/1104 771/1196/1103 1045/1268/1170
f 1045/1268/1170 1046/1271/1114 773/1269/1171
f 1046/1209/1114 853/1208/1113 928/1272/1173
f 853/1208/1113 816/1140/1047 822/1142/1049
f 773/1273/1171 928/1272/1173 1047/1274/1174
f 928/1272/1173 822/1142/1049 821/1158/1065
f 1047/1274/1174 821/1158/1065 824/1160/1067
f 865/1231/1136 929/1276/1176 930/1277/1177
f 919/1240/1143 779/1241/1144 929/1276/1176
f 779/1241/1144 978/1031/938 952/1278/1178
f 949/1334/1226 779/1241/1144 950/1279/1179
f 978/1031/938 867/1352/1199 953/1280/1180
f 867/1352/1199 931/4340/1217 953/1280/1180
f 866/1232/1134 930/1323/1177 932/1325/1219
f 866/1232/1134 932/1325/1219 825/1235/1138
f 1003/1046/953 967/1048/955 850/1198/1105
f 850/1198/1105 967/1048/955 933/1281/1181
f 851/1200/1107 933/1281/1181 965/1337/1184
f 967/1048/955 751/1224/1129 962/1283/1183
f 967/1048/955 962/1283/1183 972/1335/1227
f 856/1221/1126 855/1223/1128 964/1282/1182
f 855/1223/1128 934/1347/1229 964/1282/1182
f 751/1224/1129 856/1221/1126 962/1283/1183
f 965/1284/1184 935/1286/1185 1048/1202/1109
f 852/1207/1112 812/1116/1023 818/1118/1025
f 1049/1080/987 767/1289/1175 937/1288/1187
f 786/1078/1159 937/1288/1187 1042/1256/1157
f 1044/1270/1172 773/1269/1171 767/1289/1175
f 1050/1290/1188 824/1160/1067 823/1169/1076
f 767/1275/1175 1050/1290/1188 936/1291/1189
f 767/1275/1175 1047/1274/1174 1050/1290/1188
f 936/1291/1189 823/1169/1076 839/1173/1080
f 937/1292/1187 869/1260/1162 1042/1259/1157
f 937/1292/1187 936/1291/1189 869/1260/1162
f 776/1295/1192 781/1030/937 979/1294/1191
f 864/1242/1145 923/1244/1147 938/1296/1193
f 782/1034/941 864/1242/1145 976/1298/1195
f 984/1299/1194 1040/1254/1155 863/1255/1156
f 984/1299/1194 923/1253/1147 1040/1254/1155
f 939/1300/1196 863/1255/1156 887/1108/1015
f 868/1301/1197 1051/1304/1200 985/1302/1198
f 867/1303/1199 975/4341/1246 1051/1304/1200
f 861/1247/1150 940/1184/1093 944/1248/1151
f 861/1247/1150 1052/1066/973 940/1184/1093
f 943/1306/1201 849/1193/1101 808/1150/1057
f 941/1305/1095 910/1191/1094 849/1193/1101
f 849/1193/1101 1029/1192/1100 753/1152/1059
f 1053/1250/1152 943/1306/1201 942/1307/1202
f 944/1308/1151 941/1305/1095 943/1306/1201
f 862/1252/1154 942/1307/1202 807/1154/1061
f 862/1252/1154 1053/1250/1152 942/1307/1202
f 1055/1309/1205 775/1099/1006 1054/1311/1212
f 809/1101/1008 813/1120/1027 946/1313/1208
f 855/1339/1128 948/1312/1127 854/1314/1209
f 813/1120/1027 854/1314/1209 946/1313/1208
f 1056/1315/1204 1054/4342/1207 947/1316/4426
f 1056/1315/1210 947/1316/4427 945/1025/932
f 946/1313/1208 947/1317/1211 1054/1311/4428
f 1054/1311/1212 809/1101/1008 946/1313/1208
f 945/1025/932 947/1316/4427 774/1225/1130
f 954/1320/1215 961/1319/1214 958/1321/1216
f 930/1323/1177 955/1332/1220 956/1324/1218
f 951/1318/1213 932/1325/1219 956/1324/4429
f 868/1301/1197 954/1320/1215 931/1322/1217
f 779/1241/1144 949/1334/1226 955/1326/1220
f 811/1091/998 825/1235/1138 951/1318/1213
f 811/1091/998 951/1318/1213 954/1320/1215
f 959/1333/4430 960/1331/1223 961/1319/1214
f 961/1319/1214 956/1324/4429 959/1333/4430
f 951/1318/1213 956/1324/4429 961/1319/1214
f 955/1326/1220 950/1279/1179 959/1330/1224
f 952/1278/1178 953/1280/1180 957/1327/1221
f 931/4340/1217 958/1329/1216 953/1280/1180
f 950/1279/1179 952/1278/1178 957/1327/1221
f 933/1281/1181 972/1335/1227 965/1337/1184
f 966/1287/1186 935/1286/1185 968/1344/1233
f 968/1344/1233 935/1286/1185 973/1342/1228
f 965/1284/1184 973/1342/1228 935/1286/1185
f 967/1048/955 972/1335/1227 933/1281/1181
f 854/1314/1209 1057/1345/4431 934/1338/1229
f 813/1120/1027 1057/1345/4431 854/1314/1209
f 813/1120/1027 963/1340/1230 1057/1345/4431
f 1013/1119/1026 963/1340/1230 813/1120/1027
f 963/1340/1230 812/1116/1023 966/1287/1186
f 971/1341/1231 970/4343/4432 973/1336/1228
f 968/1344/1233 970/1343/1232 969/1346/1235
f 962/1283/1183 971/1341/1231 972/1335/1227
f 934/1347/1239 970/4343/4433 971/1341/1240
f 969/1346/1235 963/1340/1230 968/1344/1233
f 963/1340/1230 966/1287/1186 968/1344/1233
f 981/1350/1244 1058/1349/1243 979/1294/1191
f 1058/1349/1243 776/1295/1192 979/1294/1191
f 887/1108/1015 980/1354/1248 939/1300/1196
f 976/1298/1195 938/1296/1193 977/1351/1245
f 978/1031/938 776/1295/1192 1058/1349/1243
f 814/1115/1022 754/1093/1000 985/1302/1198
f 814/1115/1022 974/1353/1247 980/1354/1248
f 982/1293/1190 977/1351/1245 777/1355/1249
f 981/1350/1252 982/1293/1190 983/1356/1250
f 777/1359/1249 980/1354/1248 983/1357/4434
f 983/1357/4434 980/1354/1248 974/1353/1247
f 1051/1304/1200 981/1358/1244 974/1353/1247
f 975/4341/1242 981/1358/1244 1051/1304/1200
f 984/1297/1194 777/1355/1249 977/1351/1245
f 907/1362/1256 756/1178/1085 993/1363/1257
f 1027/4336/1091 907/1362/1256 994/1364/1258
f 756/1178/1085 870/1024/931 989/1237/1140
f 918/1230/4435 996/1365/1259 865/1231/1136
f 787/1239/1142 987/1360/1254 1039/1236/1139
f 989/1237/1140 990/1366/1260 993/1363/1257
f 989/1237/1140 778/1361/1255 990/1366/1260
f 995/1181/1088 991/1368/1262 992/1104/1011
f 987/1360/1254 990/1366/1260 778/1361/1255
f 1064/1526/1422 1305/1371/1266 1178/1373/1268
f 1059/1569/1464 1088/1391/1286 1344/1375/1270
f 1344/1375/1270 1088/1391/1286 1096/1393/1288
f 1305/1371/1266 1096/1393/1288 1182/1372/1267
f 1305/1371/1266 1344/1375/1270 1096/1393/1288
f 1178/1373/1268 1182/1372/1267 1097/1376/1271
f 1100/1378/1273 1306/1382/1277 1089/1379/1274
f 1100/1378/1273 1080/1384/1279 1179/1381/1276
f 1080/1384/1279 1099/1386/1281 1307/1385/1280
f 1099/1386/1281 1098/1400/1295 1110/1387/1282
f 1306/1382/1277 1179/1381/1276 1065/1388/1283
f 1090/1383/1278 1306/1382/1277 1092/1390/1285
f 1096/1393/1288 1180/1392/1287 1076/1394/1289
f 1088/1391/1286 1101/1396/1291 1180/1392/1287
f 1180/1392/1287 1101/1396/1291 1311/1398/1293
f 1076/1394/1289 1311/1398/1293 1181/1399/1294
f 1181/1399/1294 1110/1387/1282 1098/1400/1295
f 1182/1372/1267 1076/1394/1289 1181/1399/1294
f 1308/1389/1284 1184/1403/1298 1060/1401/1296
f 1065/1388/1283 1307/1385/1280 1183/1402/1297
f 1307/1385/1280 1110/1387/1282 1309/1404/1299
f 1112/1405/1300 1111/1406/1301 1309/1404/1299
f 1309/1404/1299 1102/1407/1302 1066/1408/1303
f 1184/1403/1298 1066/1408/1303 1312/1409/1304
f 1091/1410/1305 1185/1411/1306 1101/1396/1291
f 1185/1411/1306 1186/1413/1308 1311/1398/1293
f 1091/1410/1305 1313/1423/1318 1185/1411/1306
f 1313/1423/1318 1077/1412/1307 1185/1411/1306
f 1314/1414/1309 1111/1406/1301 1112/1405/1300
f 1077/1412/1307 1314/1414/1309 1186/1413/1308
f 1181/1399/1294 1186/1413/1308 1112/1405/1300
f 1312/1409/1304 1103/1416/1311 1359/1415/1310
f 1111/1406/1301 1069/1418/1313 1187/1417/1312
f 1187/1417/1312 1113/1419/1314 1105/1421/1316
f 1066/1408/1303 1104/1420/1315 1103/1416/1311
f 1313/1423/1318 1188/1425/1320 1077/1412/1307
f 1093/1422/1317 1106/1424/1319 1313/1423/1318
f 1106/1424/1319 1067/1426/1321 1188/1425/1320
f 1067/1426/1321 1113/1419/1314 1069/1418/1313
f 1077/1412/1307 1188/1425/1320 1314/1414/1309
f 1188/1425/1320 1069/1418/1313 1111/1406/1301
f 1094/1427/1322 1109/1603/1495 1189/1428/1323
f 1109/1603/1495 1315/1432/1327 1189/1428/1323
f 1315/1432/1327 1317/1431/1326 1114/1433/1328
f 1189/1428/1323 1315/1432/1327 1114/1433/1328
f 1189/1428/1323 1114/1433/1328 1067/1426/1321
f 1356/1429/1324 1189/1428/1323 1093/1422/1317
f 1316/1436/1331 1063/1438/1333 1190/1434/1329
f 1190/1434/1329 1103/1416/1311 1104/1420/1315
f 1190/1434/1329 1104/1420/1315 1105/1421/1316
f 1063/1438/1333 1359/1415/1310 1103/1416/1311
f 1191/1435/1330 1105/1421/1316 1113/1419/1314
f 1107/1437/1332 1190/1434/1329 1317/1431/1326
f 1317/1431/1326 1191/1435/1330 1114/1433/1328
f 1135/1461/1356 1192/1443/1338 1318/1439/1334
f 1192/1443/1338 1148/1445/1340 1193/1444/1339
f 1148/1445/1340 1299/1453/1348 1304/1446/1341
f 1119/1440/1335 1193/1444/1339 1133/1580/1472
f 1193/1444/1339 1304/1446/1341 1133/1580/1472
f 1083/1448/1343 1295/1452/1347 1319/1449/1344
f 1295/1452/1347 1072/1447/1342 1319/1449/1344
f 1295/1452/1347 1299/1453/1348 1072/1447/1342
f 1319/1449/1344 1072/1447/1342 1134/1454/1349
f 1134/1454/1349 1192/1443/1338 1135/1461/1356
f 1139/1456/1351 1196/1460/1355 1195/1457/1352
f 1071/1459/1354 1194/1462/1357 1196/1460/1355
f 1149/1471/1366 1194/1462/1357 1071/1459/1354
f 1149/1471/1366 1150/1463/1358 1194/1462/1357
f 1194/1462/1357 1318/1439/1334 1070/4344/4436
f 1196/1460/1355 1070/4344/4436 1136/1441/1336
f 1194/1462/1357 1070/4344/4436 1196/1460/1355
f 1070/4344/4436 1318/1439/1334 1136/1441/1336
f 1122/1464/1359 1195/1457/1352 1136/1441/1336
f 1197/1466/1361 1078/1470/1365 1137/1491/1387
f 1197/1466/1361 1321/1455/1350 1078/1470/1365
f 1117/1450/1345 1319/1449/1344 1320/1468/1363
f 1321/1455/1350 1134/1454/1349 1150/1463/1358
f 1078/1470/1365 1150/1463/1358 1138/1472/1367
f 1143/1475/1370 1199/1474/1369 1128/1128/1372
f 1142/1473/1368 1198/1483/1379 1199/1474/1369
f 1151/1478/1374 1152/1480/1376 1322/1482/1378
f 1205/1479/1375 1151/1478/1374 1322/1482/1378
f 1322/1482/1378 1323/1481/1377 1198/1483/1379
f 1152/1480/1376 1149/1471/1366 1071/1459/1354
f 1199/1474/1369 1324/1484/1380 1127/1476/1371
f 1198/1483/1379 1071/1459/1354 1139/1456/1351
f 1324/1484/1380 1139/1456/1351 1123/1458/1353
f 1124/1488/1384 1325/1487/1383 1140/1489/1385
f 1200/1485/1381 1201/1492/1388 1203/1486/1382
f 1140/1489/1385 1325/1487/1383 1203/1486/1382
f 1326/1493/1389 1201/1492/1388 1200/1485/1381
f 1125/1494/1390 1326/1493/1389 1325/1487/1383
f 1126/1467/1362 1197/1466/1361 1326/1493/1389
f 1137/1491/1387 1078/1470/1365 1201/1492/1388
f 1138/1472/1367 1149/1471/1366 1202/1495/1391
f 1202/1495/1391 1152/1480/1376 1151/1478/1374
f 1333/1501/1397 1204/1504/1400 1206/1497/1393
f 1154/1503/1399 1153/1514/1410 1204/1504/1400
f 1153/1514/1410 1328/1505/1401 1204/1504/1400
f 1328/1505/1401 1141/1477/1373 1205/1479/1375
f 1205/1479/1375 1322/1482/1378 1142/1473/1368
f 1206/1497/1393 1143/1475/1370 1115/1502/1398
f 1204/1504/1400 1205/1479/1375 1143/1475/1370
f 1144/1507/1403 1207/1509/1405 1210/1511/1407
f 1129/1506/1402 1207/1509/1405 1144/1507/1403
f 1130/1490/1386 1140/1489/1385 1207/1509/1405
f 1207/1509/1405 1140/1489/1385 1208/1510/1406
f 1208/1510/1406 1203/1486/1382 1141/1477/1373
f 1329/1513/1409 1209/1512/1408 1153/1514/1410
f 1210/1511/1407 1208/1510/1406 1209/1512/1408
f 1210/1511/1407 1211/1515/1411 1144/1507/1403
f 1131/1517/1413 1144/1507/1403 1213/1516/1412
f 1329/1513/1409 1155/1518/1414 1211/1515/1411
f 1155/1518/1414 1332/1525/1421 1146/1519/1415
f 1212/1520/1416 1146/1519/1415 1147/1521/1417
f 1061/1500/1396 1331/1522/1418 1330/1499/1395
f 1145/1524/1420 1332/1525/1421 1214/1523/1419
f 1214/1523/1419 1155/1518/1414 1154/1503/1399
f 1064/1526/1422 1215/1701/1588 1073/1527/1423
f 1215/1701/1588 1334/4345/1427 1073/1527/1423
f 1334/1530/1426 1301/1706/1593 1302/1529/1425
f 1295/1452/1347 1302/1529/1425 1299/1453/1348
f 1359/1415/1310 1063/1438/1333 1218/1532/1429
f 1218/1532/1429 1156/1534/1431 1217/1536/1433
f 1063/1438/1333 1316/1436/1331 1156/1534/1431
f 1217/1541/1433 1343/1566/1432 1335/1537/1434
f 1335/1537/1434 1343/1566/1432 1145/1524/1420
f 1336/1539/1435 1335/1537/1434 1331/1522/1418
f 1091/1410/1305 1338/1546/1441 1337/1544/1439
f 1338/1546/1441 1339/1542/1437 1337/1544/1439
f 1310/1395/1290 1158/1545/1440 1338/1546/1441
f 1339/1542/1437 1340/1548/1443 1079/1543/1438
f 1340/1551/1443 1341/1550/1445 1219/1552/1446
f 1159/1629/1442 1355/1549/1444 1340/1551/1443
f 1355/1549/1444 1160/1553/1447 1341/1550/1445
f 1341/1550/1445 1126/1467/1362 1125/1494/1390
f 1079/1206/1438 1219/1552/1446 1353/1555/1449
f 1219/1552/1446 1125/1494/1390 1124/1488/1384
f 1107/1437/1332 1220/1556/1450 1342/1558/1452
f 1342/1558/1452 1223/1557/1451 1343/1535/1432
f 1108/1430/1325 1165/1560/1454 1220/1556/1450
f 1166/1561/1456 1074/1612/1503 1167/1562/1457
f 1220/1556/1450 1166/1561/1456 1221/1559/1453
f 1221/1563/1458 1167/1608/1499 1168/1564/1459
f 1222/1565/1460 1168/1564/1459 1332/1525/1421
f 1343/1566/1432 1223/4346/4437 1222/1565/1460
f 1223/4346/4437 1221/1563/1458 1222/1565/1460
f 1164/1567/1461 1082/1570/1465 1256/1222/1462
f 1305/1371/1266 1073/1527/1423 1224/1374/1269
f 1226/1573/1467 1216/1528/1424 1118/1451/1346
f 1225/1572/1466 1073/1183/1423 1216/1528/1424
f 1227/1579/1469 1345/1578/1471 1303/1709/1596
f 1296/1582/1474 1346/1581/1473 1086/1700/1587
f 1303/1709/1596 1345/1578/1471 1293/1583/1475
f 1346/1581/1473 1178/1373/1268 1068/1377/1272
f 1080/1384/1279 1068/1377/1272 1099/1386/1281
f 1087/1586/1478 1228/1585/1477 1100/1378/1273
f 1172/1587/1479 1229/1590/1482 1233/1588/1480
f 1092/1390/1285 1060/1401/1296 1229/1590/1482
f 1229/1590/1482 1169/1592/1484 1230/1591/1483
f 1231/1596/1487 1360/1595/1486 1170/1597/1488
f 1230/1594/1483 1253/1650/1485 1360/1595/1486
f 1127/1476/1371 1170/1597/1488 1128/1128/1372
f 1232/1598/1481 1233/4347/1480 1231/1596/1487
f 1233/4347/1480 1230/1594/1483 1231/1596/1487
f 1171/1600/1490 1231/1596/1487 1127/1476/1371
f 1349/1601/1491 1234/4348/4438 1348/1602/1492
f 1234/4348/4438 1236/1610/1501 1348/1602/1492
f 1234/1606/1497 1177/1605/1496 1235/1607/1498
f 1177/1605/1496 1147/1521/1417 1146/1519/1415
f 1235/1607/1498 1146/1519/1415 1168/1564/1459
f 1074/1609/4439 1235/1607/1498 1167/1608/1499
f 1350/1611/1502 1165/1560/1454 1108/1430/1325
f 1348/1602/1494 1350/1611/1502 1315/1432/1327
f 1236/1610/4440 1234/4348/1497 1074/1612/1500
f 1236/1610/1501 1166/1561/1456 1165/1560/1454
f 1091/1410/1305 1337/1544/1439 1351/1615/1506
f 1337/1544/1439 1079/1543/1438 1352/1613/1504
f 1352/1613/1504 1353/1616/1449 1081/1614/1505
f 1353/1555/1449 1161/1554/1448 1237/1617/1507
f 1161/1554/1448 1124/1488/1384 1130/1490/1386
f 1081/1618/1505 1237/1617/1507 1354/1619/1508
f 1237/1617/1507 1130/1490/1386 1129/1506/1402
f 1354/1619/1508 1129/1506/1402 1132/1508/1404
f 1173/1576/1470 1238/1621/1510 1239/1622/1511
f 1228/1585/1477 1087/1586/1478 1238/1621/1510
f 1087/1586/1478 1285/1380/1275 1260/1623/1512
f 1257/1672/1559 1087/1586/1478 1258/1624/1513
f 1285/1380/1275 1175/1691/1533 1261/1625/1514
f 1175/1691/1533 1240/4349/1550 1261/1625/1514
f 1174/1577/1468 1239/1663/1511 1241/1665/1552
f 1174/1577/1468 1241/1665/1552 1133/1580/1472
f 1310/1395/1290 1274/1397/1292 1158/1545/1440
f 1158/1545/1440 1274/1397/1292 1242/1626/1515
f 1159/1547/1442 1242/1626/1515 1272/1676/1518
f 1274/1397/1292 1059/1569/1464 1269/1627/1517
f 1274/1397/1292 1269/1627/1517 1279/1674/1560
f 1164/1567/1461 1163/1568/1463 1271/1282/1516
f 1163/1568/1463 1243/1686/1562 1271/1282/1516
f 1059/1569/1464 1164/1567/1461 1269/1627/1517
f 1272/1628/1518 1244/1630/1519 1355/1549/1444
f 1160/1553/1447 1120/1465/1360 1126/1467/1362
f 1356/1429/1324 1075/1633/1509 1246/1632/1521
f 1094/1427/1493 1246/1632/1521 1349/1601/1491
f 1351/1615/1506 1081/1614/1505 1075/1633/1509
f 1357/1290/1522 1132/1508/1404 1131/1517/1413
f 1075/1620/1509 1357/1290/1522 1245/1634/1523
f 1075/1620/1509 1354/1619/1508 1357/1290/1522
f 1245/1634/1523 1131/1517/1413 1147/1521/1417
f 1246/1635/1521 1177/1605/1496 1349/1604/1491
f 1246/1635/1521 1245/1634/1523 1177/1605/1496
f 1084/1638/1526 1089/1379/1274 1286/1637/1525
f 1172/1587/1479 1232/1589/1481 1247/1296/1527
f 1090/1383/1278 1172/1587/1479 1283/1640/1529
f 1291/1641/1528 1347/1599/1489 1171/1600/1490
f 1291/1641/1528 1232/1598/1481 1347/1599/1489
f 1248/1642/1530 1171/1600/1490 1195/1457/1352
f 1176/1643/1531 1358/1646/1534 1292/1644/1532
f 1175/1645/1533 1282/4350/1578 1358/1646/1534
f 1169/1592/1484 1249/1531/1428 1253/1593/1485
f 1169/1592/1484 1359/1415/1310 1249/1531/1428
f 1252/1648/1535 1157/1540/1436 1116/1498/1394
f 1250/1647/1430 1218/1538/1429 1157/1540/1436
f 1157/1540/1436 1336/1539/1435 1061/1500/1396
f 1360/1595/1486 1252/1648/1535 1251/1649/1536
f 1253/1650/1485 1250/1647/1430 1252/1648/1535
f 1170/1597/1488 1251/1649/1536 1115/1502/1398
f 1170/1597/1488 1360/1595/1486 1251/1649/1536
f 1362/1651/1538 1083/1448/1343 1361/1652/1545
f 1117/1450/1345 1121/1469/1364 1254/1655/1542
f 1163/1678/1463 1256/1654/1462 1162/1314/1543
f 1121/1469/1364 1162/1314/1543 1254/1655/1542
f 1224/1374/1269 1225/1571/1466 1363/4351/4441
f 1225/1571/1466 1362/4352/1537 1363/4351/4442
f 1363/4351/1541 1361/4353/1540 1255/1656/4443
f 1363/4351/4441 1255/1656/4444 1224/1374/1269
f 1254/1655/1542 1255/1657/1544 1361/1652/4445
f 1361/1652/1545 1117/1450/1345 1254/1655/1542
f 1224/1374/1269 1255/1656/4444 1082/1570/1465
f 1262/1660/1548 1268/1659/1547 1266/1661/1549
f 1239/1663/1511 1263/1670/1553 1264/1664/1551
f 1259/1658/1546 1241/1665/1552 1264/1664/4446
f 1176/1643/1531 1262/1660/1548 1240/1662/1550
f 1087/1586/1478 1257/1672/1559 1263/1666/1553
f 1119/1440/1335 1133/1580/1472 1259/1658/1546
f 1119/1440/1335 1259/1658/1546 1262/1660/1548
f 1267/1671/4447 1265/1669/1556 1268/1659/1557
f 1268/1659/1547 1264/1664/4446 1267/1671/4448
f 1259/1658/1546 1264/1664/4446 1268/1659/1547
f 1263/1666/1553 1258/1624/1513 1267/1668/1555
f 1260/1623/1512 1261/1625/1514 1265/1667/1556
f 1240/4349/1550 1266/1673/1549 1261/1625/1514
f 1258/1624/1513 1260/1623/1512 1265/1667/1556
f 1242/1626/1515 1279/1674/1560 1272/1676/1518
f 1273/1631/1520 1244/1630/1519 1275/1683/1566
f 1275/1683/1566 1244/1630/1519 1280/1681/1561
f 1272/1628/1518 1280/1681/1561 1244/1630/1519
f 1274/1397/1292 1279/1674/1560 1242/1626/1515
f 1162/1314/1543 1364/1684/4449 1243/1677/1562
f 1121/1469/1364 1364/1684/4449 1162/1314/1543
f 1121/1469/1364 1270/1679/1563 1364/1684/4449
f 1320/1468/1363 1270/1679/1563 1121/1469/1364
f 1270/1679/1563 1120/1465/1360 1273/1631/1520
f 1278/1680/1564 1277/4354/4450 1280/1675/1561
f 1275/1683/1566 1277/1682/1565 1276/1685/1568
f 1269/1627/1517 1278/1680/1564 1279/1674/1560
f 1243/1686/1572 1277/4354/4451 1278/1680/1572
f 1276/1685/1568 1270/1679/1563 1275/1683/1566
f 1270/1679/1563 1273/1631/1520 1275/1683/1566
f 1288/1689/1576 1365/1688/1575 1286/1637/1525
f 1365/1688/1575 1084/1638/1526 1286/1637/1525
f 1195/1457/1352 1287/1693/1580 1248/1642/1530
f 1283/1640/1529 1247/1296/1527 1284/1690/1577
f 1285/1380/1275 1084/1638/1526 1365/1688/1575
f 1122/1464/1359 1062/1442/1337 1292/1644/1532
f 1122/1464/1359 1281/1692/1579 1287/1693/1580
f 1289/1636/1524 1284/1690/1577 1085/1694/1581
f 1288/1689/1584 1289/1636/1524 1290/1695/1582
f 1085/1698/1581 1287/1693/1580 1290/1696/4452
f 1290/1696/4452 1287/1693/1580 1281/1692/1579
f 1358/1646/1534 1288/1697/1576 1281/1692/1579
f 1282/4350/1574 1288/1697/1576 1358/1646/1534
f 1291/1639/1528 1085/1694/1581 1284/1690/1577
f 1215/1701/1588 1064/1526/1422 1300/1702/1589
f 1334/4345/1427 1215/1701/1588 1301/1703/1590
f 1064/1526/1422 1178/1373/1268 1296/1582/1474
f 1227/1575/4453 1303/1704/1591 1173/1576/1470
f 1095/1584/1476 1294/1699/1586 1346/1581/1473
f 1296/1582/1474 1297/1705/1592 1300/1702/1589
f 1296/1582/1474 1086/1700/1587 1297/1705/1592
f 1302/1529/1425 1298/1707/1594 1299/1453/1348
f 1294/1699/1586 1297/1705/1592 1086/1700/1587
f 1371/1862/1753 1610/1710/1598 1483/1712/1600
f 1366/1905/1797 1394/1730/1618 1650/1714/1602
f 1650/1714/1602 1394/1730/1618 1402/1732/1620
f 1610/1710/1598 1402/1732/1620 1487/1711/1599
f 1610/1710/1598 1650/1714/1602 1402/1732/1620
f 1483/1712/1600 1487/1711/1599 1403/1715/1603
f 1406/1717/1605 1611/1721/1609 1395/1718/1606
f 1406/1717/1605 1386/1723/1611 1484/1720/1608
f 1386/1723/1611 1405/1725/1613 1612/1724/1612
f 1405/1725/1613 1404/1739/1627 1416/1726/1614
f 1611/1721/1609 1484/1720/1608 1372/1727/1615
f 1396/1722/1610 1611/1721/1609 1398/1729/1617
f 1402/1732/1620 1485/1731/1619 1383/1733/1621
f 1394/1730/1618 1407/1735/1623 1485/1731/1619
f 1485/1731/1619 1407/1735/1623 1616/1737/1625
f 1383/1733/1621 1616/1737/1625 1486/1738/1626
f 1486/1738/1626 1416/1726/1614 1404/1739/1627
f 1487/1711/1599 1383/1733/1621 1486/1738/1626
f 1613/1728/1616 1489/1742/1630 1367/1740/1628
f 1372/1727/1615 1612/1724/1612 1488/1741/1629
f 1612/1724/1612 1416/1726/1614 1614/1743/1631
f 1614/1743/1631 1408/1745/1633 1488/1741/1629
f 1417/1744/1632 1408/1745/1633 1614/1743/1631
f 1489/1742/1630 1373/1746/1634 1617/1747/1635
f 1397/1748/1636 1490/1749/1637 1407/1735/1623
f 1490/1749/1637 1491/1751/1639 1616/1737/1625
f 1397/1748/1636 1618/1761/1649 1490/1749/1637
f 1618/1761/1649 1493/1750/1638 1490/1749/1637
f 1493/1750/1638 1619/1763/1651 1491/1751/1639
f 1619/1763/1651 1620/1752/1640 1491/1751/1639
f 1620/1752/1640 1408/1745/1633 1417/1744/1632
f 1486/1738/1626 1491/1751/1639 1417/1744/1632
f 1617/1747/1635 1409/1754/1642 1665/1753/1641
f 1408/1745/1633 1376/1756/1644 1492/1755/1643
f 1492/1755/1643 1418/1757/1645 1411/1759/1647
f 1373/1746/1634 1410/1758/1646 1409/1754/1642
f 1399/1760/1648 1412/1762/1650 1618/1761/1649
f 1412/1762/1650 1374/1764/1652 1493/1750/1638
f 1374/1764/1652 1418/1757/1645 1376/1756/1644
f 1400/1765/1653 1415/1938/1829 1494/1766/1654
f 1415/1938/1829 1621/1770/1658 1494/1766/1654
f 1621/1770/1658 1623/1769/1657 1419/1771/1659
f 1494/1766/1654 1621/1770/1658 1419/1771/1659
f 1494/1766/1654 1419/1771/1659 1374/1764/1652
f 1662/1767/1655 1494/1766/1654 1399/1760/1648
f 1622/1774/1662 1370/1776/1664 1495/1772/1660
f 1495/1772/1660 1409/1754/1642 1410/1758/1646
f 1495/1772/1660 1410/1758/1646 1411/1759/1647
f 1370/1776/1664 1665/1753/1641 1409/1754/1642
f 1496/1773/1661 1411/1759/1647 1418/1757/1645
f 1413/1775/1663 1495/1772/1660 1623/1769/1657
f 1623/1769/1657 1496/1773/1661 1419/1771/1659
f 1440/1798/1687 1497/1781/1669 1624/1777/1665
f 1497/1781/1669 1453/1783/1671 1498/1782/1670
f 1453/1783/1671 1604/1790/1679 1609/1784/1672
f 1424/1778/1666 1498/1782/1670 1438/1916/1806
f 1498/1782/1670 1609/1784/1672 1438/1916/1806
f 1389/1448/1674 1600/1789/1678 1625/1786/1675
f 1600/1789/1678 1379/1785/1673 1625/1786/1675
f 1600/1789/1678 1604/1790/1679 1379/1785/1673
f 1625/1786/1675 1379/1785/1673 1439/1791/1680
f 1439/1791/1680 1497/1781/1669 1440/1798/1687
f 1444/1793/1682 1501/1797/1686 1500/1794/1683
f 1378/1796/1685 1499/1799/1688 1501/1797/1686
f 1454/1808/1697 1499/1799/1688 1378/1796/1685
f 1454/1808/1697 1455/1800/1689 1499/1799/1688
f 1499/1799/1688 1624/1777/1665 1377/4355/4454
f 1501/1797/1686 1377/4355/4454 1441/1779/1667
f 1499/1799/1688 1377/4355/4454 1501/1797/1686
f 1377/4355/4454 1624/1777/1665 1441/1779/1667
f 1427/1801/1690 1500/1794/1683 1441/1779/1667
f 1502/1803/1692 1384/1807/1696 1442/1829/1718
f 1502/1803/1692 1627/1792/1681 1384/1807/1696
f 1422/1787/1676 1625/1786/1675 1626/1805/1694
f 1627/1792/1681 1439/1791/1680 1455/1800/1689
f 1384/1807/1696 1455/1800/1689 1443/1809/1698
f 1448/1812/1701 1504/1811/1700 1433/1814/1703
f 1447/1810/1699 1503/1821/1710 1504/1811/1700
f 1456/1816/1705 1457/1818/1707 1628/1820/1709
f 1510/1817/1706 1456/1816/1705 1628/1820/1709
f 1628/1820/1709 1629/1819/1708 1503/1821/1710
f 1457/1818/1707 1454/1808/1697 1378/1796/1685
f 1504/1811/1700 1630/1822/1711 1432/1813/1702
f 1503/1821/1710 1378/1796/1685 1444/1793/1682
f 1630/1822/1711 1444/1793/1682 1428/1795/1684
f 1429/1826/1715 1631/1825/1714 1445/1827/1716
f 1505/1823/1712 1506/1830/1719 1508/1824/1713
f 1445/1827/1716 1631/1825/1714 1508/1824/1713
f 1632/1831/1720 1506/1830/1719 1505/1823/1712
f 1430/1832/1721 1632/1831/1720 1631/1825/1714
f 1431/1804/1693 1502/1803/1692 1632/1831/1720
f 1442/1829/1718 1384/1807/1696 1506/1830/1719
f 1443/1809/1698 1454/1808/1697 1507/1833/1722
f 1507/1833/1722 1457/1818/1707 1456/1816/1705
f 1639/1839/1728 1509/1841/1731 1511/1835/1724
f 1459/1503/1730 1458/1851/1741 1509/1841/1731
f 1458/1851/1741 1634/1842/1732 1509/1841/1731
f 1634/1842/1732 1446/1815/1704 1510/1817/1706
f 1510/1817/1706 1628/1820/1709 1447/1810/1699
f 1511/1835/1724 1448/1812/1701 1420/1840/1729
f 1509/1841/1731 1510/1817/1706 1448/1812/1701
f 1449/1844/1734 1512/1846/1736 1515/1848/1738
f 1434/1843/1733 1512/1846/1736 1449/1844/1734
f 1435/1828/1717 1445/1827/1716 1512/1846/1736
f 1512/1846/1736 1445/1827/1716 1513/1847/1737
f 1513/1847/1737 1508/1824/1713 1446/1815/1704
f 1635/1850/1740 1514/1849/1739 1458/1851/1741
f 1515/1848/1738 1513/1847/1737 1514/1849/1739
f 1515/1848/1738 1516/1852/1742 1449/1844/1734
f 1436/1854/1744 1449/1844/1734 1518/1853/1743
f 1635/1850/1740 1460/1855/1745 1516/1852/1742
f 1460/1855/1745 1638/1177/1752 1451/1856/1746
f 1517/1857/1747 1451/1856/1746 1452/1858/1748
f 1368/1838/1727 1637/1859/1749 1636/1837/1726
f 1450/1861/1751 1638/1177/1752 1519/1860/1750
f 1519/1860/1750 1460/1855/1745 1459/1503/1730
f 1371/1862/1753 1520/2034/1923 1380/1863/1754
f 1520/2034/1923 1640/4356/1759 1380/1863/1758
f 1640/1866/1757 1606/1367/1928 1607/1865/1756
f 1600/1789/1678 1607/1865/1756 1604/1790/1679
f 1665/1753/1641 1370/1776/1664 1523/1869/1762
f 1523/1869/1762 1461/1871/1764 1522/1873/1766
f 1370/1776/1664 1622/1774/1662 1461/1871/1764
f 1522/1878/1766 1649/1901/1765 1641/1874/1767
f 1641/1874/1767 1649/1901/1765 1450/1861/1751
f 1642/1876/1768 1641/1874/1767 1637/1859/1749
f 1397/1748/1636 1644/1883/1774 1643/1881/1772
f 1644/1883/1774 1645/1879/1770 1643/1881/1772
f 1615/1734/1622 1463/1882/1773 1644/1883/1774
f 1645/1879/1770 1646/1201/1776 1385/1880/1771
f 1646/1887/1776 1647/1886/1778 1524/1205/1779
f 1464/1962/1775 1661/1885/1777 1646/1887/1776
f 1661/1885/1777 1465/1889/1780 1647/1886/1778
f 1647/1886/1778 1431/1804/1693 1430/1832/1721
f 1385/1888/1771 1524/1205/1779 1659/1891/1782
f 1524/1205/1779 1430/1832/1721 1429/1826/1715
f 1413/1775/1663 1525/1892/1783 1648/1894/1785
f 1648/1894/1785 1528/1893/1784 1649/1872/1765
f 1414/1768/1656 1470/1896/1787 1525/1892/1783
f 1471/1897/1789 1381/1945/1837 1472/1898/1790
f 1525/1892/1783 1471/1897/1789 1526/1895/1786
f 1526/1899/1791 1472/1941/1833 1473/1900/1792
f 1527/1565/1793 1473/1900/1792 1638/1177/1752
f 1649/1901/1765 1528/4357/4455 1527/1565/1793
f 1528/4357/4455 1526/1899/1791 1527/1565/1793
f 1469/1902/1794 1388/1906/1798 1561/1903/1795
f 1610/1710/1598 1380/1863/1754 1529/1907/1799
f 1530/1909/1874 1521/1864/1755 1423/1788/1677
f 1529/1908/1800 1380/1867/1758 1521/1864/1760
f 1530/1909/1874 1423/1788/1677 1389/1448/1674
f 1531/1915/1803 1651/1914/1805 1608/1370/1931
f 1601/1918/1808 1652/1917/1807 1392/2033/1922
f 1608/1370/1931 1651/1914/1805 1598/1919/1809
f 1652/1917/1807 1483/1712/1600 1375/1716/1604
f 1386/1723/1611 1375/1716/1604 1405/1725/1613
f 1393/1922/1812 1532/1921/1811 1406/1717/1605
f 1477/1923/1813 1533/1925/1816 1537/1924/1814
f 1398/1729/1617 1367/1740/1628 1533/1925/1816
f 1533/1925/1816 1474/1927/1818 1534/1926/1817
f 1535/1931/1821 1666/1930/1820 1475/1932/1822
f 1534/1929/1817 1557/1984/1819 1666/1930/1820
f 1432/1813/1702 1475/1932/1822 1433/1814/1703
f 1536/1933/1815 1537/4358/1814 1535/1931/1821
f 1537/4358/1814 1534/1929/1817 1535/1931/1821
f 1476/1935/1824 1535/1931/1821 1432/1813/1702
f 1655/1936/1825 1538/4359/4456 1654/1937/1826
f 1538/4359/4456 1540/1943/1835 1654/1937/1826
f 1538/1606/1831 1482/1940/1830 1539/1262/1832
f 1482/1940/1830 1452/1858/1748 1451/1856/1746
f 1539/1262/1832 1451/1856/1746 1473/1900/1792
f 1381/1942/4457 1539/1262/1832 1472/1941/1833
f 1656/1944/1836 1470/1896/1787 1414/1768/1656
f 1654/1937/1828 1656/1944/1836 1621/1770/1658
f 1540/1943/4458 1538/4359/1831 1381/1945/1834
f 1540/1943/1835 1471/1897/1789 1470/1896/1787
f 1397/1748/1636 1643/1881/1772 1657/1948/1840
f 1643/1881/1772 1385/1880/1771 1658/1946/1838
f 1658/1946/1838 1659/1949/1782 1387/1947/1839
f 1659/1891/1782 1466/1890/1781 1541/1950/1841
f 1466/1890/1781 1429/1826/1715 1435/1828/1717
f 1387/1951/1839 1541/1950/1841 1660/1952/1842
f 1541/1950/1841 1435/1828/1717 1434/1843/1733
f 1660/1952/1842 1434/1843/1733 1437/1845/1735
f 1478/1912/1804 1542/1954/1844 1543/1955/1845
f 1532/1921/1811 1393/1922/1812 1542/1954/1844
f 1393/1922/1812 1590/1719/1607 1565/1956/1846
f 1562/2007/1894 1393/1922/1812 1563/1957/1847
f 1590/1719/1607 1480/2025/1867 1566/1958/1848
f 1480/2025/1867 1544/4360/1885 1566/1958/1848
f 1479/1913/1802 1543/1998/1845 1545/2000/1887
f 1479/1913/1802 1545/2000/1887 1438/1916/1806
f 1615/1734/1622 1579/1736/1624 1463/1882/1773
f 1463/1882/1773 1579/1736/1624 1546/1959/1849
f 1464/1884/1775 1546/1959/1849 1577/2011/1852
f 1579/1736/1624 1366/1905/1797 1574/1960/1851
f 1579/1736/1624 1574/1960/1851 1584/2009/1895
f 1469/1902/1794 1468/1904/1796 1576/1282/1850
f 1468/1904/1796 1547/1347/1897 1576/1282/1850
f 1366/1905/1797 1469/1902/1794 1574/1960/1851
f 1577/1961/1852 1548/1963/1853 1661/1885/1777
f 1465/1889/1780 1425/1802/1691 1431/1804/1693
f 1662/1767/1655 1382/1966/1843 1550/1965/1855
f 1400/1765/1827 1550/1965/1855 1655/1936/1825
f 1657/1948/1840 1387/1947/1839 1382/1966/1843
f 1663/1967/1856 1437/1845/1735 1436/1854/1744
f 1382/1953/1843 1663/1967/1856 1549/1968/1857
f 1382/1953/1843 1660/1952/1842 1663/1967/1856
f 1549/1968/1857 1436/1854/1744 1452/1858/1748
f 1550/1969/1855 1482/1940/1830 1655/1939/1825
f 1550/1969/1855 1549/1968/1857 1482/1940/1830
f 1390/1972/1860 1395/1718/1606 1591/1971/1859
f 1477/1923/1813 1536/1589/1815 1551/1973/1861
f 1396/1722/1610 1477/1923/1813 1588/1975/1863
f 1596/1641/1862 1653/1934/1823 1476/1935/1824
f 1596/1641/1862 1536/1933/1815 1653/1934/1823
f 1552/1976/1864 1476/1935/1824 1500/1794/1683
f 1481/1977/1865 1664/1980/1868 1597/1978/1866
f 1480/1979/1867 1587/4361/1913 1664/1980/1868
f 1474/1927/1818 1553/1868/1761 1557/1928/1819
f 1474/1927/1818 1665/1753/1641 1553/1868/1761
f 1556/1982/1869 1462/1877/1769 1421/1836/1725
f 1554/1981/1763 1523/1875/1762 1462/1877/1769
f 1462/1877/1769 1642/1876/1768 1368/1838/1727
f 1666/1930/1820 1556/1982/1869 1555/1983/1870
f 1557/1984/1819 1554/1981/1763 1556/1982/1869
f 1475/1932/1822 1555/1983/1870 1420/1840/1729
f 1475/1932/1822 1666/1930/1820 1555/1983/1870
f 1668/1985/1873 1389/1448/1674 1667/1987/1880
f 1422/1787/1676 1426/1806/1695 1559/1988/1876
f 1468/2013/1796 1561/1654/1795 1467/1989/1877
f 1426/1806/1695 1467/1989/1877 1559/1988/1876
f 1669/1990/1872 1667/4362/1875 1560/1991/4459
f 1669/1990/1878 1560/1991/4460 1558/1713/1601
f 1559/1988/1876 1560/1992/1879 1667/1987/4461
f 1667/1987/1880 1422/1787/1676 1559/1988/1876
f 1558/1713/1601 1560/1991/4460 1388/1906/1798
f 1567/1995/1883 1573/1994/1882 1571/1996/1884
f 1543/1998/1845 1568/2005/1888 1569/1999/1886
f 1564/1993/1881 1545/2000/1887 1569/1999/4462
f 1481/1977/1865 1567/1995/1883 1544/1997/1885
f 1393/1922/1812 1562/2007/1894 1568/2001/1888
f 1424/1778/1666 1438/1916/1806 1564/1993/1881
f 1424/1778/1666 1564/1993/1881 1567/1995/1883
f 1572/2006/4463 1570/2004/1891 1573/1994/1892
f 1573/1994/1882 1569/1999/4462 1572/2006/4464
f 1564/1993/1881 1569/1999/4462 1573/1994/1882
f 1568/2001/1888 1563/1957/1847 1572/2003/1890
f 1565/1956/1846 1566/1958/1848 1570/2002/1891
f 1544/4360/1885 1571/2008/1884 1566/1958/1848
f 1563/1957/1847 1565/1956/1846 1570/2002/1891
f 1546/1959/1849 1584/2009/1895 1577/2011/1852
f 1578/1964/1854 1548/1963/1853 1580/2018/1901
f 1580/2018/1901 1548/1963/1853 1585/2016/1896
f 1577/1961/1852 1585/2016/1896 1548/1963/1853
f 1579/1736/1624 1584/2009/1895 1546/1959/1849
f 1467/1989/1877 1670/2019/4465 1547/2012/1897
f 1426/1806/1695 1670/2019/4465 1467/1989/1877
f 1426/1806/1695 1575/2014/1898 1670/2019/4465
f 1626/1805/1694 1575/2014/1898 1426/1806/1695
f 1575/2014/1898 1425/1802/1691 1578/1964/1854
f 1583/2015/1899 1582/4354/4466 1585/2010/1896
f 1580/2018/1901 1582/2017/1900 1581/2020/1903
f 1574/1960/1851 1583/2015/1899 1584/2009/1895
f 1547/1347/1907 1582/4354/4467 1583/2015/1907
f 1581/2020/1903 1575/2014/1898 1580/2018/1901
f 1575/2014/1898 1578/1964/1854 1580/2018/1901
f 1593/2023/1911 1671/2022/1910 1591/1971/1859
f 1671/2022/1910 1390/1972/1860 1591/1971/1859
f 1500/1794/1683 1592/2026/1915 1552/1976/1864
f 1588/1975/1863 1551/1973/1861 1589/2024/1912
f 1590/1719/1607 1390/1972/1860 1671/2022/1910
f 1427/1801/1690 1369/1780/1668 1597/1978/1866
f 1427/1801/1690 1586/1353/1914 1592/2026/1915
f 1594/1970/1858 1589/2024/1912 1391/2027/1916
f 1593/2023/1919 1594/1970/1858 1595/2028/1917
f 1391/2031/1916 1592/2026/1915 1595/2029/4468
f 1595/2029/4468 1592/2026/1915 1586/1353/1914
f 1664/1980/1868 1593/2030/1911 1586/1353/1914
f 1587/4361/1909 1593/2030/1911 1664/1980/1868
f 1596/1974/1862 1391/2027/1916 1589/2024/1912
f 1520/2034/1923 1371/1862/1753 1605/2035/1924
f 1640/4356/1759 1520/2034/1923 1606/2036/1925
f 1371/1862/1753 1483/1712/1600 1601/1918/1808
f 1531/1911/4469 1608/2037/1926 1478/1912/1804
f 1401/1920/1810 1599/2032/1921 1652/1917/1807
f 1601/1918/1808 1602/2038/1927 1605/2035/1924
f 1601/1918/1808 1392/2033/1922 1602/2038/1927
f 1607/1865/1756 1603/2039/1929 1604/1790/1679
f 1599/2032/1921 1602/2038/1927 1392/2033/1922
f 1751/2189/2085 1763/2060/1952 1881/2045/1937
f 1881/2045/1937 1763/2060/1952 1765/2042/1934
f 1674/2041/1933 1881/2045/1937 1765/2042/1934
f 1762/2043/1935 1765/2042/1934 1699/2046/1938
f 1701/2048/1940 1853/2052/1944 1693/2049/1941
f 1701/2048/1940 1700/2054/1946 1854/2053/1945
f 1693/2049/1941 1853/2052/1944 1695/2057/1949
f 1765/2042/1934 1763/2060/1952 1858/2073/1965
f 1763/2060/1952 1768/2059/1951 1858/2073/1965
f 1764/2062/1954 1708/2055/1947 1700/2054/1946
f 1765/2042/1934 1858/2073/1965 1764/2062/1954
f 1855/2056/1948 1767/2065/1957 1672/2063/1955
f 1675/2051/1943 1854/2053/1945 1766/2064/1956
f 1854/2053/1945 1708/2055/1947 1856/2066/1958
f 1709/2067/1959 1702/2076/1968 1856/2066/1958
f 1856/2066/1958 1702/2076/1968 1676/2068/1960
f 1767/2065/1957 1676/2068/1960 1859/2069/1961
f 1768/2059/1951 1769/2072/1964 1858/2073/1965
f 1694/2070/1962 1860/2082/1974 1768/2059/1951
f 1860/2082/1974 1861/2071/1963 1768/2059/1951
f 1861/2071/1963 1702/2076/1968 1709/2067/1959
f 1764/2062/1954 1769/2072/1964 1709/2067/1959
f 1859/2069/1961 1703/2075/1967 1890/2074/1966
f 1702/2076/1968 1679/2078/1970 1770/2077/1969
f 1770/2077/1969 1710/2079/1971 1704/2080/1972
f 1860/2082/1974 1771/2084/1976 1861/2071/1963
f 1696/2081/1973 1705/2083/1975 1860/2082/1974
f 1705/2083/1975 1677/2085/1977 1771/2084/1976
f 1677/2085/1977 1710/2079/1971 1679/2078/1970
f 1771/2084/1976 1679/2078/1970 1702/2076/1968
f 1697/2086/1978 1862/2091/1983 1772/2087/1979
f 1862/2091/1983 1774/2090/1982 1711/2092/1984
f 1772/2087/1979 1862/2091/1983 1711/2092/1984
f 1772/2087/1979 1711/2092/1984 1677/2085/1977
f 1888/2088/1980 1772/2087/1979 1696/2081/1973
f 1863/2093/1985 1743/2096/1988 1773/2094/1986
f 1773/2094/1986 1703/2075/1967 1704/2080/1972
f 1743/2096/1988 1890/2074/1966 1703/2075/1967
f 1774/2090/1982 1704/2080/1972 1710/2079/1971
f 1706/2095/1987 1773/2094/1986 1774/2090/1982
f 1728/2110/2002 1775/2101/1993 1864/2097/1989
f 1775/2101/1993 1681/2103/1995 1727/2102/1994
f 1681/2103/1995 1849/2165/2059 1846/2104/1996
f 1689/2105/1997 1847/2109/2001 1865/2106/1998
f 1847/2109/2001 1681/2103/1995 1865/2106/1998
f 1847/2109/2001 1849/2165/2059 1681/2103/1995
f 1865/2106/1998 1681/2103/1995 1728/2110/2002
f 1731/2114/2006 1778/2113/2005 1777/2117/2009
f 1680/2112/2004 1776/2115/2007 1778/2113/2005
f 1739/2139/2032 1776/2115/2007 1680/2112/2004
f 1739/2139/2032 1740/2116/2008 1776/2115/2007
f 1776/2115/2007 1864/2097/1989 1729/2099/1991
f 1776/2115/2007 1729/2099/1991 1778/2113/2005
f 1718/2118/2010 1777/2117/2009 1729/2099/1991
f 1779/2120/2012 1685/2124/2016 1730/2138/2031
f 1779/2120/2012 1867/2111/2003 1685/2124/2016
f 1714/2107/1999 1865/2106/1998 1866/2122/2014
f 1867/2111/2003 1728/2110/2002 1740/2116/2008
f 1685/2124/2016 1740/2116/2008 1739/2139/2032
f 1734/2125/2017 1780/2132/2024 1723/2126/2018
f 1868/2129/2021 1741/2131/2023 1734/2125/2017
f 1785/2130/2022 1868/2129/2021 1734/2125/2017
f 1734/2125/2017 1741/2131/2023 1780/2132/2024
f 1741/2131/2023 1739/2139/2032 1680/2112/2004
f 1723/2126/2018 1731/2114/2006 1722/2133/2025
f 1780/2132/2024 1680/2112/2004 1731/2114/2006
f 1719/1140/2026 1781/2137/2030 1732/2134/2027
f 1781/2137/2030 1782/2141/2034 1784/2142/2035
f 1732/2134/2027 1781/2137/2030 1784/2142/2035
f 1730/2138/2031 1782/2141/2034 1781/2137/2030
f 1720/2136/2029 1730/2138/2031 1781/2137/2030
f 1721/2121/2013 1779/2120/2012 1730/2138/2031
f 1730/2138/2031 1685/2124/2016 1782/2141/2034
f 1783/2140/2033 1741/2131/2023 1868/2129/2021
f 1873/2147/2040 1869/2149/2042 1786/2143/2036
f 1869/2149/2042 1733/2128/2020 1785/2130/2022
f 1786/2143/2036 1735/2127/2019 1712/2148/2041
f 1786/2143/2036 1785/2130/2022 1735/2127/2019
f 1736/2151/2044 1787/2153/2046 1790/2154/2048
f 1724/2150/2043 1787/2153/2046 1736/2151/2044
f 1725/2135/2028 1732/2134/2027 1787/2153/2046
f 1787/2153/2046 1732/2134/2027 1788/1847/2047
f 1788/1847/2047 1784/2142/2035 1733/2128/2020
f 1791/2156/2050 1789/2155/2049 1869/2149/2042
f 1790/2154/2048 1788/1847/2047 1789/2155/2049
f 1790/2154/2048 1791/2156/2050 1736/2151/2044
f 1726/2152/2045 1736/2151/2044 1792/2157/2051
f 1742/2158/2052 1872/2163/2057 1737/2159/2053
f 1792/2157/2051 1737/2159/2053 1738/2160/2054
f 1673/2146/2039 1871/2161/2055 1870/2145/2038
f 1871/2161/2055 1872/2163/2057 1793/2162/2056
f 1793/2162/2056 1742/2158/2052 1873/2147/2040
f 1874/2164/2058 1851/2285/2188 1849/2165/2059
f 1890/2074/1966 1743/2096/1988 1794/2167/2063
f 1794/2167/2068 1743/2096/2065 1875/2170/2067
f 1875/2174/2067 1880/2188/2066 1871/2161/2055
f 1876/2172/2069 1875/2174/2067 1871/2161/2055
f 1857/2058/1950 1745/2177/2074 1877/2176/2073
f 1878/2175/2071 1879/2179/2076 1686/1880/2072
f 1879/2181/2076 1721/2121/2013 1795/2180/2077
f 1879/2181/2076 1747/2234/2132 1721/2121/2013
f 1686/1888/2072 1795/2180/2077 1748/2182/2078
f 1795/2180/2077 1720/2136/2029 1719/1140/2026
f 1706/2095/1987 1796/2183/2079 1863/2093/1985
f 1707/2089/1981 1752/2220/2116 1796/2183/2082
f 1752/2220/4470 1683/2219/4471 1753/2184/2081
f 1796/2183/2080 1752/2220/4470 1753/2184/2081
f 1797/2187/2084 1754/2186/2083 1872/2163/2057
f 1880/2188/2066 1753/2185/2081 1797/2187/2084
f 1674/2041/1933 1682/2280/2060 1798/2192/2088
f 1798/2193/2089 1682/2166/2060 1715/2108/2062
f 1892/2194/4472 1715/2108/2000 1689/2105/1997
f 1799/4363/2092 1760/2198/2091 1852/2287/2190
f 1850/2200/2095 1882/2199/2094 1692/2282/2185
f 1852/2287/2190 1760/2198/2091 1846/2104/1996
f 1882/2199/2094 1762/2043/1935 1678/2047/1939
f 1701/2048/1940 1678/2047/1939 1700/2054/1946
f 1819/2202/2097 1698/2201/2096 1701/2048/1940
f 1758/2203/2098 1800/2206/2101 1801/2204/2099
f 1695/2057/1949 1672/2063/1955 1800/2206/2101
f 1800/2206/2101 1755/2207/2102 1801/2204/2099
f 1802/1251/2105 1891/2210/2104 1756/2211/2106
f 1801/2209/2099 1815/2247/2103 1891/2210/2104
f 1722/2133/2025 1756/2211/2106 1723/2126/2018
f 1803/2213/2100 1801/2209/2099 1802/1251/2105
f 1757/2212/2107 1802/1251/2105 1722/2133/2025
f 1811/2214/2108 1804/4364/4473 1883/2215/2109
f 1804/4364/4473 1683/2219/2115 1883/2215/2109
f 1804/2217/2112 1738/2160/2054 1805/1262/2113
f 1805/1262/2113 1737/2159/2053 1754/2186/2083
f 1683/2218/2114 1805/1262/2113 1753/2185/2081
f 1884/2221/2117 1752/2220/2116 1707/2089/1981
f 1883/2215/2111 1884/2221/2117 1862/2091/1983
f 1694/2070/1962 1877/2176/2073 1885/2224/2120
f 1877/2176/2073 1686/1880/2072 1886/2222/2118
f 1886/2222/2118 1748/1949/2078 1687/2223/2119
f 1748/2182/2078 1719/1140/2026 1725/2135/2028
f 1887/2225/2121 1725/2135/2028 1724/2150/2043
f 1887/2225/2121 1724/2150/2043 1726/2152/2045
f 1698/2201/2096 1819/2202/2097 1806/2228/2123
f 1819/2202/2097 1690/2050/1942 1822/2229/2126
f 1690/2050/1942 1761/2273/2141 1822/2229/2126
f 1761/2273/2141 1807/4365/2143 1822/2229/2126
f 1760/2198/2091 1806/4366/2125 1808/2257/2162
f 1760/2198/2091 1808/2257/2155 1727/2102/1994
f 1857/2058/1950 1834/2061/1953 1745/2177/2074
f 1745/2177/2074 1834/2061/1953 1832/2230/2128
f 1834/2061/1953 1751/2189/2085 1829/2232/2130
f 1834/2061/1953 1829/2232/2130 1838/2265/2163
f 1751/2189/2085 1750/2191/2172 1831/2231/2129
f 1832/2233/2128 1809/1630/2131 1879/2181/2076
f 1747/2234/2132 1833/2119/2011 1721/2121/2013
f 1888/2088/1980 1684/2235/2122 1811/2214/2108
f 1885/2224/2120 1687/2223/2119 1684/2235/2122
f 1684/2227/2122 1887/2225/2121 1810/2236/2133
f 1810/2236/2133 1726/2152/2045 1738/2160/2054
f 1811/2216/2108 1810/2236/2133 1738/2160/2054
f 1690/2050/1942 1693/2049/1941 1841/2238/2135
f 1758/2203/2098 1803/2205/2100 1812/2239/2136
f 1693/2049/1941 1758/2203/2098 1812/2239/2136
f 1844/2241/2137 1803/2213/2100 1757/2212/2107
f 1813/2242/2138 1757/2212/2107 1777/2117/2009
f 1807/2243/2139 1889/2246/2183 1845/2244/2140
f 1761/2245/2141 1840/4367/4474 1889/2246/2142
f 1755/2207/2102 1814/2168/2064 1815/2208/2103
f 1755/2207/2102 1890/2074/1966 1814/2168/2064
f 1814/4368/2064 1794/2171/2068 1744/2173/2070
f 1744/2173/2070 1876/2172/2069 1673/2146/2039
f 1891/2210/2104 1744/2173/2070 1712/2148/2041
f 1815/2247/2103 1814/4368/2064 1744/2173/2070
f 1756/2211/2106 1891/2210/2104 1712/2148/2041
f 1892/2194/4472 1689/2105/1997 1818/2249/2151
f 1714/2107/1999 1717/2123/2015 1817/2251/2147
f 1750/2269/4475 1688/2250/2146 1749/2252/2148
f 1717/2123/2015 1749/2252/2148 1817/2251/2147
f 1893/2253/2149 1818/4369/4476 1816/2044/1936
f 1818/2249/2151 1714/2107/1999 1817/2251/2147
f 1816/2044/1936 1818/4369/4476 1688/2190/2086
f 1823/2100/1992 1828/2255/2153 1826/2256/2154
f 1806/4366/2125 1824/2262/2160 1808/2257/2162
f 1716/2098/1990 1727/2102/1994 1821/2254/2152
f 1716/2098/1990 1821/2254/2152 1823/2100/1992
f 1827/2263/4477 1825/2261/2159 1828/2255/2153
f 1828/2255/2153 1808/2257/2155 1827/2263/4478
f 1821/2254/2152 1808/2257/2155 1828/2255/2153
f 1824/2258/2156 1820/1624/2127 1827/2260/2158
f 1807/4365/2143 1826/2264/2154 1822/2229/2126
f 1820/1624/2127 1822/2229/2126 1825/2259/4479
f 1833/2119/2011 1809/1630/2131 1835/4370/2164
f 1832/2233/2128 1835/4370/2164 1809/1630/2131
f 1834/2061/1953 1838/2265/2163 1832/2230/2128
f 1749/2252/2148 1894/2270/4480 1750/2269/4475
f 1717/2123/2015 1894/2270/4480 1749/2252/2148
f 1717/2123/2015 1830/2267/2165 1894/2270/4480
f 1866/2122/2014 1830/2267/2165 1717/2123/2015
f 1837/2268/2166 1836/4371/4481 1835/2266/2164
f 1829/2232/2130 1837/2268/2171 1838/2265/2163
f 1750/2191/2172 1836/4371/4482 1837/2268/2173
f 1836/2271/2169 1830/2267/2165 1835/4370/2164
f 1830/2267/2165 1833/2119/2011 1835/4370/2164
f 1840/2272/2175 1690/2050/2175 1841/2238/4483
f 1777/2117/2009 1842/2275/2178 1813/2242/2138
f 1718/2118/2010 1823/2100/1992 1845/2244/2140
f 1718/2118/2010 1839/2274/2177 1842/2275/2178
f 1841/2238/2182 1843/2237/2174 1842/2277/2180
f 1889/2246/4484 1841/2278/4484 1839/2274/4485
f 1840/4367/4486 1841/2278/4484 1889/2246/4484
f 1844/2240/2137 1691/2276/2179 1843/2237/2174
f 1682/2280/2060 1674/2041/1933 1850/2200/2095
f 1874/4372/2061 1682/2280/2060 1851/2281/2184
f 1674/2041/1933 1762/2043/1935 1850/2200/2095
f 1799/2196/4487 1852/2283/2186 1759/2197/2124
f 1698/2201/2096 1692/2282/2185 1882/2199/2094
f 1850/2200/2095 1692/2282/2185 1848/2284/2187
f 1899/2424/2331 2110/2288/2191 1998/2290/2193
f 1987/2458/2363 1920/2306/2209 2141/2292/2195
f 2141/2292/2195 1920/2306/2209 2001/2289/2192
f 2110/2288/2191 2141/2292/2195 2001/2289/2192
f 1998/2290/2193 2001/2289/2192 1928/2293/2196
f 1930/2295/2198 2111/2299/2202 1921/2296/2199
f 1930/2295/2198 1929/2302/2205 2112/2301/2204
f 1922/2300/2203 2111/2299/2202 1924/2305/2208
f 2001/2289/2192 1999/2307/2210 1910/2312/2215
f 1920/2306/2209 1931/2309/2212 1999/2307/2210
f 1999/2307/2210 1931/2309/2212 2116/2311/2214
f 1910/2312/2215 2116/2311/2214 2000/2313/2216
f 2000/2313/2216 1938/2303/2206 1929/2302/2205
f 2001/2289/2192 1910/2312/2215 2000/2313/2216
f 2113/2304/2207 2003/2316/2219 1895/2314/2217
f 1900/2298/2201 2112/2301/2204 2002/2315/2218
f 2112/2301/2204 1938/2303/2206 2114/2317/2220
f 1939/2318/2221 1932/2328/2231 2114/2317/2220
f 2114/2317/2220 1932/2328/2231 1901/2319/2222
f 2003/2316/2219 1901/2319/2222 2117/2320/2223
f 1923/2321/2224 2004/2322/2225 1931/2309/2212
f 2004/2322/2225 2005/2324/2227 2116/2311/2214
f 1923/2321/2224 2118/2334/2237 2004/2322/2225
f 2118/2334/2237 1911/2323/2226 2004/2322/2225
f 2119/2325/2228 1932/2328/2231 1939/2318/2221
f 1911/2323/2226 2119/2325/2228 2005/2324/2227
f 2000/2313/2216 2005/2324/2227 1939/2318/2221
f 2117/2320/2223 1933/2327/2230 2154/2326/2229
f 1932/2328/2231 1904/2330/2233 2006/2329/2232
f 2006/2329/2232 1940/2331/2234 1934/2332/2235
f 2118/2334/2237 2007/2336/2239 1911/2323/2226
f 1925/2333/2236 1935/2335/2238 2118/2334/2237
f 1935/2335/2238 1902/2337/2240 2007/2336/2239
f 1902/2337/2240 1940/2331/2234 1904/2330/2233
f 1911/2323/2226 2007/2336/2239 2119/2325/2228
f 2007/2336/2239 1904/2330/2233 1932/2328/2231
f 1926/2338/2241 2120/2343/2246 2008/2339/2242
f 2120/2343/2246 2010/2342/2245 1941/2344/2247
f 2008/2339/2242 2120/2343/2246 1941/2344/2247
f 2008/2339/2242 1941/2344/2247 1902/2337/2240
f 2152/2340/2243 2008/2339/2242 1925/2333/2236
f 2121/2345/2248 1898/2348/2251 2009/2346/2249
f 2009/2346/2249 1933/2327/2230 1934/2332/2235
f 1898/2348/2251 2154/2326/2229 1933/2327/2230
f 2010/2342/2245 1934/2332/2235 1940/2331/2234
f 1936/2347/2250 2009/2346/2249 2010/2342/2245
f 1959/2364/2267 2011/2353/2256 2122/2349/2252
f 2011/2353/2256 1972/2355/2258 2012/2354/2257
f 1972/2355/2258 2104/2363/2266 2109/2356/2259
f 1946/2350/2253 2012/2354/2257 1958/2468/2372
f 2012/2354/2257 2109/2356/2259 1958/2468/2372
f 1916/2358/2261 2101/2362/2265 2123/2359/2262
f 2101/2362/2265 1906/2357/2260 2123/2359/2262
f 2101/2362/2265 2104/2363/2266 1906/2357/2260
f 2123/2359/2262 1906/2357/2260 1959/2364/2267
f 1963/2366/2269 2015/2370/2273 2014/2367/2270
f 1905/2369/2272 2013/2371/2274 2015/2370/2273
f 1973/2380/2283 2013/2371/2274 1905/2369/2272
f 1973/2380/2283 1974/2372/2275 2013/2371/2274
f 2013/2371/2274 2122/2349/2252 1960/2351/2254
f 2013/2371/2274 1960/2351/2254 2015/2370/2273
f 1948/2373/2276 2014/2367/2270 1960/2351/2254
f 2016/2375/2278 1912/2379/2282 1961/2398/2301
f 2016/2375/2278 2125/2365/2268 1912/2379/2282
f 1944/2360/2263 2123/2359/2262 2124/2377/2280
f 2125/2365/2268 1959/2364/2267 1974/2372/2275
f 1912/2379/2282 1974/2372/2275 1962/2381/2284
f 1967/2384/2287 2018/2383/2286 1954/2386/2289
f 1966/2382/2285 2017/2391/2294 2018/2383/2286
f 1975/2388/2291 1976/2392/2295 2126/2390/2293
f 2024/2389/2292 1975/2388/2291 2126/2390/2293
f 2126/2390/2293 1976/2392/2295 2017/2391/2294
f 1976/2392/2295 1973/2380/2283 1905/2369/2272
f 2018/2383/2286 1963/2366/2269 1953/2385/2288
f 2017/2391/2294 1905/2369/2272 1963/2366/2269
f 1950/2393/2296 2019/2397/2300 1964/2394/2297
f 2019/2397/2300 2020/2400/2303 2022/2402/2305
f 1964/2394/2297 2019/2397/2300 2022/2402/2305
f 1961/2398/2301 2020/2400/2303 2019/2397/2300
f 1951/2396/2299 1961/2398/2301 2019/2397/2300
f 1952/2376/2279 2016/2375/2278 1961/2398/2301
f 1961/2398/2301 1912/2379/2282 2020/2400/2303
f 1962/2381/2284 1973/2380/2283 2021/2399/2302
f 2021/2399/2302 1976/2392/2295 1975/2388/2291
f 2132/2407/2310 2023/2410/2313 2025/2403/2306
f 1977/2409/2312 2128/2411/2314 2023/2410/2313
f 2128/2411/2314 1965/2387/2290 2024/2389/2292
f 2024/2389/2292 2126/2390/2293 1966/2382/2285
f 2025/2403/2306 1967/2384/2287 1942/2408/2311
f 2023/2410/2313 2024/2389/2292 1967/2384/2287
f 1968/2412/2316 2026/2414/2318 2029/1848/2320
f 1955/1158/2315 2026/2414/2318 1968/2412/2316
f 1956/2395/2298 1964/2394/2297 2026/2414/2318
f 2026/2414/2318 1964/2394/2297 2027/2415/2319
f 2027/2415/2319 2022/2402/2305 1965/2387/2290
f 2030/2417/2322 2028/2416/2321 2128/2411/2314
f 2029/1848/2320 2027/2415/2319 2028/2416/2321
f 2029/1848/2320 2030/2417/2322 1968/2412/2316
f 1957/2413/2317 1968/2412/2316 2031/2418/2323
f 1978/2419/2324 2131/1177/2330 1970/2159/2325
f 2031/2418/2323 1970/2159/2325 1971/2420/2326
f 1896/2406/2309 2130/2421/2327 2129/2405/2308
f 1969/2423/2329 2131/1177/2330 2032/2422/2328
f 2032/2422/2328 1978/2419/2324 1977/2409/2312
f 2133/2426/2333 2106/2570/2485 2107/2427/2334
f 2101/2362/2265 2107/2427/2334 2104/2363/2266
f 2154/2326/2229 1898/2348/2251 2034/2430/2336
f 2034/2430/2336 1979/2432/2338 2033/2434/2340
f 1898/2348/2251 2121/2345/2248 1979/2432/2338
f 2033/2439/2340 2140/2457/2339 2134/2435/2341
f 2134/2435/2341 2140/2457/2339 1969/2423/2329
f 2135/2437/2342 2134/2435/2341 2130/2421/2327
f 1923/2321/2224 2137/2444/2348 2136/2442/2346
f 2137/2444/2348 2138/2440/2344 2136/2442/2346
f 2115/2308/2211 1981/2443/2347 2137/2444/2348
f 2138/2440/2344 2139/2446/2350 1913/2441/2345
f 2139/2448/2350 1952/2376/2279 2035/2180/2352
f 1982/2509/2349 2151/2447/2351 2139/2448/2350
f 2151/2447/2351 1983/2511/2417 1952/2376/2279
f 1913/2449/2345 2035/2180/2352 2149/1209/2354
f 2035/2180/2352 1951/2396/2299 1950/2393/2296
f 1936/2347/2250 2036/2451/2355 2121/2345/2248
f 2121/2345/2248 2038/2452/2356 2140/2433/2339
f 1937/2341/2244 1988/2492/2400 2036/2451/2360
f 1988/2492/4488 1908/2491/4489 1989/2453/2358
f 2036/2451/2357 1988/2492/4488 1989/2453/2358
f 2037/2456/2362 1990/2455/2361 2131/1177/2330
f 2140/2457/2339 2038/4373/2359 2037/2456/2362
f 2038/4373/2359 1989/2454/2358 2037/2456/2362
f 2110/2288/2191 1907/2425/2332 2039/2461/2366
f 2039/2462/2367 1907/2428/2332 1945/2361/2264
f 2040/2463/2435 1945/2361/2264 1916/2358/2261
f 2041/4374/2370 1996/2467/2369 2108/2573/2488
f 2105/2470/2374 2142/2469/2373 1919/2566/2481
f 2108/2573/2488 1996/2467/2369 2099/2471/2375
f 2142/2469/2373 1998/2290/2193 1903/2294/2197
f 1930/2295/2198 1903/2294/2197 1929/2302/2205
f 2067/2474/2379 2042/2473/2378 1930/2295/2198
f 1994/2475/2380 2043/2478/2383 2047/2476/2381
f 1924/2305/2208 1895/2314/2217 2043/2478/2383
f 2043/2478/2383 1991/2479/2385 2044/1591/2384
f 2045/2482/2388 2155/2481/2387 1992/2483/2389
f 2044/1594/2384 2063/2528/2386 2155/2481/2387
f 1953/2385/2288 1992/2483/2389 1954/2386/2289
f 2046/2484/2382 2047/4375/2381 2045/2482/2388
f 2047/4375/2381 2044/1594/2384 2045/2482/2388
f 1993/2486/2391 2045/2482/2388 1953/2385/2288
f 2145/2487/2392 2048/4376/4490 2144/2488/2393
f 2048/4376/4490 1908/2491/2399 2144/2488/2393
f 2048/2489/2396 1971/2420/2326 2049/2490/2397
f 2049/2490/2397 1970/2159/2325 1990/2455/2361
f 1908/1609/2398 2049/2490/2397 1989/2454/2358
f 2146/2493/2401 1988/2492/2400 1937/2341/2244
f 2144/2488/2395 2146/2493/2401 2120/2343/2246
f 1923/2321/2224 2136/2442/2346 2147/2496/2404
f 2136/2442/2346 1913/2441/2345 2148/2494/2402
f 2148/2494/2402 2149/2497/2354 1914/2495/2403
f 2149/1209/2354 1984/2450/2353 2050/2498/2405
f 1984/2450/2353 1950/2393/2296 1956/2395/2298
f 1914/2499/2403 2050/2498/2405 2150/2500/2406
f 2050/2498/2405 1956/2395/2298 1955/1158/2315
f 2150/2500/2406 1955/1158/2315 1957/2413/2317
f 2042/2473/2378 2067/2474/2379 2051/2502/2408
f 2067/2474/2379 2092/2297/2200 2070/2503/2410
f 2092/2297/2200 1997/2558/2428 2070/2503/2410
f 1997/2558/2428 2052/4377/2430 2070/2503/2410
f 1996/2467/2369 2051/2539/2409 2053/2541/2448
f 1996/2467/2369 2053/2541/2449 1958/2468/2372
f 2115/2308/2211 2083/2310/2213 1981/2443/2347
f 1981/2443/2347 2083/2310/2213 2054/2505/2412
f 1982/2445/2349 2054/2505/2412 2081/2550/2415
f 2083/2310/2213 1987/2458/2363 2078/2507/2414
f 2083/2310/2213 2078/2507/2414 2088/2548/2458
f 1987/2458/2363 1986/2460/2468 2080/2506/2413
f 2081/2508/2415 2055/2510/2416 2151/2447/2351
f 1983/2511/2417 2082/2374/2277 1952/2376/2279
f 2152/2340/2243 1909/2513/2407 2057/2512/2418
f 1926/2338/2394 2057/2512/2418 2145/2487/2392
f 2147/2496/2404 1914/2495/2403 1909/2513/2407
f 1909/2501/2407 2150/2500/2406 2056/2514/2419
f 2056/2514/2419 1957/2413/2317 1971/2420/2326
f 2057/2515/2418 1971/2420/2326 2145/1604/2392
f 2057/2515/2418 2056/2514/2419 1971/2420/2326
f 1917/2518/2422 1921/2296/2199 2093/2517/2421
f 1994/2475/2380 2046/2477/2382 2058/2519/2423
f 1922/2300/2203 1994/2475/2380 2058/2519/2423
f 2097/2521/2424 2143/2485/2390 1993/2486/2391
f 2097/2521/2424 2046/2484/2382 2143/2485/2390
f 2059/2522/2425 1993/2486/2391 2014/2367/2270
f 2052/2523/2426 2153/2526/2479 2098/2524/2427
f 1997/2525/2428 2090/4378/4491 2153/2526/2429
f 1991/2479/2385 2060/2429/2335 2063/2480/2386
f 1991/2479/2385 2154/2326/2229 2060/2429/2335
f 2061/4379/2337 2034/2436/2336 1980/2438/2343
f 1980/2438/2343 2135/2437/2342 1896/2406/2309
f 2155/2481/2387 1980/2438/2343 2062/2527/2431
f 2063/2528/2386 2061/4379/2337 1980/2438/2343
f 1992/2483/2389 2062/2527/2431 1942/2408/2311
f 1992/2483/2389 2155/2481/2387 2062/2527/2431
f 2156/2529/2434 1916/2358/2261 2066/2531/2442
f 1944/2360/2263 1947/2378/2281 2065/2532/2438
f 1986/2555/4492 1915/1654/2437 1985/2533/2439
f 1947/2378/2281 1985/2533/2439 2065/2532/2438
f 2157/2534/2440 2066/4380/4493 2064/2291/2194
f 2066/2531/2442 1944/2360/2263 2065/2532/2438
f 2064/2291/2194 2066/4380/4493 1915/2459/2364
f 2071/2537/2445 2077/2536/2444 2075/2538/2446
f 2051/2539/2409 2072/2545/2456 2073/2540/2447
f 2069/2535/2443 2053/2541/2449 2073/2540/4494
f 1946/2350/2253 1958/2468/2372 2069/2535/2443
f 1946/2350/2253 2069/2535/2443 2071/2537/2445
f 2076/2546/4495 2074/1669/2453 2077/2536/2455
f 2077/2536/2444 2073/2540/4494 2076/2546/4496
f 2069/2535/2443 2073/2540/4494 2077/2536/2444
f 2072/2542/2450 2068/2504/2411 2076/2544/2452
f 2052/4377/2430 2075/2547/2454 2070/2503/2410
f 2068/2504/2411 2070/2503/2410 2074/2543/4497
f 2054/2505/2412 2088/2548/2458 2081/2550/2415
f 2082/2374/2277 2055/2510/2416 2084/4381/2459
f 2081/2508/2415 2084/4381/2459 2055/2510/2416
f 2083/2310/2213 2088/2548/2458 2054/2505/2412
f 1985/2533/2439 2158/2553/4498 1986/2555/4492
f 1947/2378/2281 2158/2553/4498 1985/2533/2439
f 1947/2378/2281 2079/2551/2460 2158/2553/4498
f 2124/2377/2280 2079/2551/2460 1947/2378/2281
f 2087/2552/2461 2086/4382/4499 2084/2549/2459
f 2084/4381/2459 2086/2017/2464 2085/2554/2463
f 2078/2507/2414 2087/2552/2467 2088/2548/2458
f 1986/2460/2468 2086/4382/4500 2087/2552/2469
f 2085/2554/2463 2079/2551/2460 2084/4381/2459
f 2079/2551/2460 2082/2374/2277 2084/4381/2459
f 2095/2562/4501 2090/2557/2471 2093/2517/2421
f 2090/2557/2471 1917/2518/2422 2093/2517/2421
f 2014/2367/2270 2094/2560/2473 2059/2522/2425
f 2092/2297/2200 1917/2518/2422 2090/2557/2471
f 1948/2373/2276 1897/2352/2255 2098/2524/2427
f 1948/2373/2276 2089/2559/2472 2094/2560/2473
f 2096/2516/2420 2091/2556/2470 1918/2561/2474
f 2095/2562/2477 2096/2516/2420 2094/1695/2475
f 2153/2526/2479 2095/2563/4502 2089/2559/2472
f 2090/4378/4503 2095/2563/4502 2153/2526/2479
f 2097/2520/2424 1918/2561/2474 2091/2556/2470
f 1907/2425/2332 1899/2424/2331 2105/2470/2374
f 2133/4383/2333 1907/2425/2332 2106/2567/2482
f 1899/2424/2331 1998/2290/2193 2105/2470/2374
f 2041/2465/4504 2108/2568/2483 1995/2466/2376
f 1927/2472/2377 2100/2565/2480 2142/2469/2373
f 2105/2470/2374 1919/2566/2481 2102/2569/2484
f 2107/2427/2334 2103/2571/2486 2104/2363/2266
f 2100/2565/2480 2102/2569/2484 1919/2566/2481
f 2163/2714/2636 2382/2574/2490 2266/2576/2492
f 2255/2749/2671 2186/2593/2509 2419/2578/2494
f 2419/2578/2494 2186/2593/2509 2194/2595/2511
f 2382/2574/2490 2194/2595/2511 2269/2575/2491
f 2382/2574/2490 2419/2578/2494 2194/2595/2511
f 2266/2576/2492 2269/2575/2491 2195/2579/2495
f 2197/2581/2497 2383/2585/2501 2187/2582/2498
f 2197/2581/2497 2179/2587/2503 2164/2584/2500
f 2179/2587/2503 2196/2589/2505 2384/2588/2504
f 2188/2586/2502 2383/2585/2501 2190/2592/2508
f 2194/2595/2511 2267/2594/2510 2175/2596/2512
f 2186/2593/2509 2198/2598/2514 2267/2594/2510
f 2267/2594/2510 2198/2598/2514 2388/2600/2516
f 2175/2596/2512 2388/2600/2516 2268/2601/2517
f 2268/2601/2517 2205/2590/2506 2196/2589/2505
f 2269/2575/2491 2175/2596/2512 2268/2601/2517
f 2385/2591/2507 2271/2604/2520 2159/2602/2518
f 2164/2584/2500 2384/2588/2504 2270/2603/2519
f 2384/2588/2504 2205/2590/2506 2386/2605/2521
f 2206/2606/2522 2199/2616/2532 2386/2605/2521
f 2386/2605/2521 2199/2616/2532 2165/2607/2523
f 2271/2604/2520 2165/2607/2523 2389/2608/2524
f 2189/2609/2525 2272/2610/2526 2198/2598/2514
f 2272/2610/2526 2273/2612/2528 2388/2600/2516
f 2189/2609/2525 2390/2622/2538 2272/2610/2526
f 2390/2622/2538 2176/2611/2527 2272/2610/2526
f 2391/2613/2529 2199/2616/2532 2206/2606/2522
f 2176/2611/2527 2391/2613/2529 2273/2612/2528
f 2268/2601/2517 2273/2612/2528 2206/2606/2522
f 2389/2608/2524 2200/2615/2531 2433/2614/2530
f 2199/2616/2532 2168/2618/2534 2274/2617/2533
f 2274/2617/2533 2207/2619/2535 2201/2620/2536
f 2390/2622/2538 2275/2624/2540 2176/2611/2527
f 2191/2621/2537 2202/2623/2539 2390/2622/2538
f 2202/2623/2539 2166/2625/2541 2275/2624/2540
f 2166/2625/2541 2207/2619/2535 2168/2618/2534
f 2176/2611/2527 2275/2624/2540 2391/2613/2529
f 2275/2624/2540 2168/2618/2534 2199/2616/2532
f 2192/2626/2542 2392/2631/2547 2276/2627/2543
f 2392/2631/2547 2278/2630/2546 2208/2632/2548
f 2276/2627/2543 2392/2631/2547 2208/2632/2548
f 2276/2627/2543 2208/2632/2548 2166/2625/2541
f 2430/2628/2544 2276/2627/2543 2191/2621/2537
f 2393/2633/2549 2162/2635/2552 2277/2634/2550
f 2277/2634/2550 2200/2615/2531 2201/2620/2536
f 2162/2635/2552 2433/2614/2530 2200/2615/2531
f 2278/2630/2546 2201/2620/2536 2207/2619/2535
f 2203/2095/2551 2277/2634/2550 2278/2630/2546
f 2227/2651/2568 2279/2640/2557 2394/2636/2553
f 2279/2640/2557 2240/2642/2559 2280/2641/2558
f 2240/2642/2559 2376/2650/2567 2381/2643/2560
f 2213/2637/2554 2280/2641/2558 2226/2759/2680
f 2280/2641/2558 2381/2643/2560 2226/2759/2680
f 2182/2645/2562 2372/2649/2566 2395/2646/2563
f 2372/2649/2566 2171/2644/2561 2395/2646/2563
f 2372/2649/2566 2376/2650/2567 2171/2644/2561
f 2395/2646/2563 2171/2644/2561 2227/2651/2568
f 2231/2653/2570 2283/2657/2574 2282/2654/2571
f 2170/2656/2573 2281/2658/2575 2283/2657/2574
f 2241/2667/2584 2281/2658/2575 2170/2656/2573
f 2241/2667/2584 2242/2659/2576 2281/2658/2575
f 2281/2658/2575 2394/2636/2553 2169/4384/4505
f 2283/2657/2574 2169/4384/4505 2228/2638/2555
f 2281/2658/2575 2169/4384/4505 2283/2657/2574
f 2169/4384/4505 2394/2636/2553 2228/2638/2555
f 2216/2660/2577 2282/2654/2571 2228/2638/2555
f 2284/2662/2579 2177/2666/2583 2229/2686/2604
f 2284/2662/2579 2397/2652/2569 2177/2666/2583
f 2211/2647/2564 2395/2646/2563 2396/2664/2581
f 2397/2652/2569 2227/2651/2568 2242/2659/2576
f 2177/2666/2583 2242/2659/2576 2230/2668/2585
f 2235/2671/2588 2286/2670/2587 2222/2673/2590
f 2234/2669/2586 2285/2680/2597 2286/2670/2587
f 2243/2675/2592 2244/2677/2594 2398/2679/2596
f 2292/2676/2593 2243/2675/2592 2398/2679/2596
f 2398/2679/2596 2399/2678/2595 2285/2680/2597
f 2244/2677/2594 2241/2667/2584 2170/2656/2573
f 2286/2670/2587 2231/2653/2570 2221/2672/2589
f 2285/2680/2597 2170/2656/2573 2231/2653/2570
f 2218/2684/2601 2400/2683/2600 2232/2685/2602
f 2287/2681/2598 2288/2687/2605 2290/2682/2599
f 2232/2685/2602 2400/2683/2600 2290/2682/2599
f 2401/2688/2606 2288/2687/2605 2287/2681/2598
f 2219/2689/2607 2401/2688/2606 2400/2683/2600
f 2220/2663/2580 2284/2662/2579 2401/2688/2606
f 2229/2686/2604 2177/2666/2583 2288/2687/2605
f 2230/2668/2585 2241/2667/2584 2289/2690/2608
f 2289/2690/2608 2244/2677/2594 2243/2675/2592
f 2408/2695/2614 2291/2698/2617 2293/2692/2610
f 2245/2697/2616 2403/2699/2618 2291/2698/2617
f 2403/2699/2618 2233/2674/2591 2292/2676/2593
f 2292/2676/2593 2398/2679/2596 2234/2669/2586
f 2293/2692/2610 2235/2671/2588 2209/2696/2615
f 2291/2698/2617 2292/2676/2593 2235/2671/2588
f 2236/1159/2620 2294/2702/2622 2297/2704/2624
f 2223/2700/2619 2294/2702/2622 2236/1159/2620
f 2224/1142/2603 2232/2685/2602 2294/2702/2622
f 2294/2702/2622 2232/2685/2602 2295/2703/2623
f 2295/2703/2623 2290/2682/2599 2233/2674/2591
f 2404/2706/2626 2296/2705/2625 2403/2699/2618
f 2297/2704/2624 2295/2703/2623 2296/2705/2625
f 2297/2704/2624 2298/2707/2627 2236/1159/2620
f 2225/2701/2621 2236/1159/2620 2299/2708/2628
f 2404/2706/2626 2246/2709/2629 2298/2707/2627
f 2246/2709/2629 2407/1525/2635 2238/2710/2630
f 2299/2708/2628 2238/2710/2630 2239/2420/2631
f 2160/2694/2613 2406/2711/2632 2405/1499/2612
f 2237/2713/2634 2407/1525/2635 2300/2712/2633
f 2300/2712/2633 2246/2709/2629 2245/2697/2616
f 2409/1866/2638 2378/2865/2797 2379/2716/2639
f 2372/2649/2566 2379/2716/2639 2376/2650/2567
f 2433/2614/2530 2162/2635/2552 2302/2719/2641
f 2302/2719/2641 2247/2721/2643 2301/2723/2645
f 2162/2635/2552 2393/2633/2549 2247/2721/2643
f 2301/2728/2645 2418/1566/2644 2410/2724/2646
f 2410/2724/2646 2418/1566/2644 2237/2713/2634
f 2411/2726/2647 2410/2724/2646 2406/2711/2632
f 2189/2609/2525 2413/2732/2653 2412/2730/2651
f 2413/2732/2653 2414/2729/2649 2412/2730/2651
f 2387/2597/2513 2249/2731/2652 2413/2732/2653
f 2414/2729/2649 2415/2734/2655 2178/1196/2650
f 2415/2737/2655 2416/2736/2657 2303/2180/2658
f 2250/2800/2654 2429/2735/2656 2415/2737/2655
f 2429/2735/2656 2251/1553/2659 2416/2736/2657
f 2416/2736/2657 2220/2663/2580 2219/2689/2607
f 2178/2738/2650 2303/2180/2658 2427/2739/2661
f 2303/2180/2658 2219/2689/2607 2218/2684/2601
f 2203/2095/2551 2304/2740/2662 2417/2742/2664
f 2417/2742/2664 2307/2741/2663 2418/2722/2644
f 2204/2629/2545 2256/2744/2709 2304/2740/2662
f 2256/2744/2666 2173/2784/4506 2257/2745/2667
f 2304/2740/2662 2256/2744/2666 2305/2743/2665
f 2305/2746/2668 2257/2783/2706 2258/2747/2669
f 2306/2748/2670 2258/2747/2669 2407/1525/2635
f 2418/1566/2644 2307/4346/4507 2306/2748/2670
f 2307/4346/4507 2305/2746/2668 2306/2748/2670
f 2382/2574/2490 2172/2715/2637 2308/2752/2674
f 2308/2753/2675 2172/2717/2637 2212/2648/2565
f 2309/2754/2746 2212/2648/2565 2182/2645/2562
f 2310/1579/2678 2264/2758/2677 2380/1370/2800
f 2373/2761/2682 2420/2760/2681 2185/2860/2792
f 2380/1370/2800 2264/2758/2677 2370/2762/2683
f 2420/2760/2681 2266/2576/2492 2167/2580/2496
f 2179/2587/2503 2167/2580/2496 2196/2589/2505
f 2338/2765/2687 2311/2764/2686 2197/2581/2497
f 2262/2766/2688 2312/2769/2691 2316/2767/2689
f 2190/2592/2508 2159/2602/2518 2312/2769/2691
f 2312/2769/2691 2259/2771/2693 2313/2770/2692
f 2314/2774/2696 2434/2773/2695 2260/2775/2697
f 2313/1594/2692 2334/1984/2694 2434/2773/2695
f 2221/2672/2589 2260/2775/2697 2222/2673/2590
f 2315/2776/2690 2316/4385/2689 2314/2774/2696
f 2316/4385/2689 2313/1594/2692 2314/2774/2696
f 2261/2778/2699 2314/2774/2696 2221/2672/2589
f 2423/2779/2700 2317/4386/4508 2422/1257/2701
f 2317/4386/4508 2173/2784/2708 2422/1257/2701
f 2317/2781/2704 2239/2420/2631 2318/2782/2705
f 2318/2782/2705 2238/2710/2630 2258/2747/2669
f 2173/1609/2707 2318/2782/2705 2257/2783/2706
f 2424/2785/2710 2256/2744/2709 2204/2629/2545
f 2422/1257/2703 2424/2785/2710 2392/2631/2547
f 2189/2609/2525 2412/2730/2651 2425/2788/2713
f 2412/2730/2651 2178/1196/2650 2426/2786/2711
f 2426/2786/2711 2427/2789/2661 2180/2787/2712
f 2427/2739/2661 2252/1208/2660 2319/2790/2714
f 2252/1208/2660 2218/2684/2601 2224/1142/2603
f 2180/1951/2712 2319/2790/2714 2428/2791/2715
f 2319/2790/2714 2224/1142/2603 2223/2700/2619
f 2428/2791/2715 2223/2700/2619 2225/2701/2621
f 2311/2764/2686 2338/2765/2687 2320/2793/2717
f 2338/2765/2687 2363/2583/2499 2341/2794/2719
f 2363/2583/2499 2265/2852/2738 2341/2794/2719
f 2265/2852/2738 2321/4340/2740 2341/2794/2719
f 2264/2758/2677 2320/2832/2718 2322/2834/2758
f 2264/2758/2677 2322/2834/2759 2226/2759/2680
f 2387/2597/2513 2354/2599/2515 2249/2731/2652
f 2249/2731/2652 2354/2599/2515 2323/2796/2721
f 2250/2733/2654 2323/2796/2721 2352/2843/2724
f 2354/2599/2515 2255/2749/2671 2349/2798/2723
f 2354/2599/2515 2349/2798/2723 2359/2841/2768
f 2255/2749/2671 2254/2751/2673 2351/2797/2722
f 2254/2751/2673 2324/2849/2770 2351/2797/2722
f 2352/2799/2724 2325/2801/2725 2429/2735/2656
f 2251/1553/2659 2214/2661/2578 2220/2663/2580
f 2430/2628/2544 2174/2804/2716 2327/2803/2727
f 2192/2626/2702 2327/2803/2727 2423/2779/2700
f 2425/2788/2713 2180/2787/2712 2174/2804/2716
f 2174/2792/2716 2431/1290/2728 2326/2805/2729
f 2174/2792/2716 2428/2791/2715 2431/1290/2728
f 2326/2805/2729 2225/2701/2621 2239/2420/2631
f 2327/2806/2727 2239/2420/2631 2423/2780/2700
f 2327/2806/2727 2326/2805/2729 2239/2420/2631
f 2183/2809/2732 2187/2582/2498 2364/2808/2731
f 2262/2766/2688 2315/2768/2690 2328/2810/2733
f 2188/2586/2502 2262/2766/2688 2328/2810/2733
f 2368/2812/2734 2421/2777/2698 2261/2778/2699
f 2368/2812/2734 2315/2776/2690 2421/2777/2698
f 2329/2813/2735 2261/2778/2699 2282/2654/2571
f 2321/2814/2736 2432/2817/2790 2369/2815/2737
f 2265/2816/2738 2361/4387/4509 2432/2817/2739
f 2259/2771/2693 2330/2718/2640 2334/2772/2694
f 2259/2771/2693 2433/2614/2530 2330/2718/2640
f 2333/2819/2741 2248/2727/2648 2210/2693/2611
f 2331/2818/2642 2302/2725/2641 2248/2727/2648
f 2248/2727/2648 2411/2726/2647 2160/2694/2613
f 2434/2773/2695 2333/2819/2741 2332/2527/2742
f 2334/1984/2694 2331/2818/2642 2333/2819/2741
f 2260/2775/2697 2332/2527/2742 2209/2696/2615
f 2260/2775/2697 2434/2773/2695 2332/2527/2742
f 2436/2820/2745 2182/2645/2562 2435/2822/2752
f 2211/2647/2564 2215/2665/2582 2336/2824/2748
f 2254/2844/2673 2181/2823/2672 2253/2825/2749
f 2215/2665/2582 2253/2825/2749 2336/2824/2748
f 2437/2826/2744 2435/4388/2747 2337/4389/4510
f 2437/2826/2750 2337/4389/4511 2335/2577/2493
f 2336/2824/2748 2337/2827/2751 2435/2822/4512
f 2435/2822/2752 2211/2647/2564 2336/2824/2748
f 2335/2577/2493 2337/4389/4511 2181/2750/2672
f 2342/2830/2755 2348/2829/2754 2346/2831/2756
f 2320/2832/2718 2343/2839/2766 2344/2833/2757
f 2340/2828/2753 2322/2834/2759 2344/2833/4513
f 2213/2637/2554 2226/2759/2680 2340/2828/2753
f 2213/2637/2554 2340/2828/2753 2342/2830/2755
f 2347/2840/4514 2345/2838/2763 2348/2829/2765
f 2348/2829/2754 2344/2833/4513 2347/2840/4515
f 2340/2828/2753 2344/2833/4513 2348/2829/2754
f 2343/2835/2760 2339/2795/2720 2347/2837/2762
f 2321/4340/2740 2346/2547/2764 2341/2794/2719
f 2339/2795/2720 2341/2794/2719 2345/2836/4516
f 2323/2796/2721 2359/2841/2768 2352/2843/2724
f 2353/2802/2726 2325/2801/2725 2355/4390/2769
f 2352/2799/2724 2355/4390/2769 2325/2801/2725
f 2354/2599/2515 2359/2841/2768 2323/2796/2721
f 2253/2825/2749 2438/2847/4517 2324/1338/2770
f 2215/2665/2582 2438/2847/4517 2253/2825/2749
f 2215/2665/2582 2350/2845/2771 2438/2847/4517
f 2396/2664/2581 2350/2845/2771 2215/2665/2582
f 2350/2845/2771 2214/2661/2578 2353/2802/2726
f 2358/2846/2772 2357/4391/4518 2355/2842/2769
f 2355/4390/2769 2357/2017/2775 2356/2848/2774
f 2349/2798/2723 2358/2846/2778 2359/2841/2768
f 2324/2849/2779 2357/4391/4519 2358/2846/2779
f 2356/2848/2774 2350/2845/2771 2355/4390/2769
f 2350/2845/2771 2353/2802/2726 2355/4390/2769
f 2366/2856/4520 2361/2851/2782 2364/2808/2731
f 2361/2851/2782 2183/2809/2732 2364/2808/2731
f 2282/2654/2571 2365/2854/2784 2329/2813/2735
f 2363/2583/2499 2183/2809/2732 2361/2851/2782
f 2216/2660/2577 2161/2639/2556 2369/2815/2737
f 2216/2660/2577 2360/2853/2783 2365/2854/2784
f 2367/2807/2730 2362/2850/2781 2184/2855/2785
f 2366/2856/2788 2367/2807/2730 2365/2028/2786
f 2432/2817/2790 2366/2857/4521 2360/2853/2783
f 2361/4387/4522 2366/2857/4521 2432/2817/2790
f 2368/2811/2734 2184/2855/2785 2362/2850/2781
f 2172/2715/2637 2163/2714/2636 2377/2861/2793
f 2409/4392/2638 2172/2715/2637 2378/2862/2794
f 2163/2714/2636 2266/2576/2492 2373/2761/2682
f 2310/2756/4523 2380/2863/2795 2263/2757/2684
f 2193/2763/2685 2371/2859/2791 2420/2760/2681
f 2373/2761/2682 2374/2864/2796 2377/2861/2793
f 2373/2761/2682 2185/2860/2792 2374/2864/2796
f 2379/2716/2639 2375/2866/2798 2376/2650/2567
f 2371/2859/2791 2374/2864/2796 2185/2860/2792
f 2666/2997/2937 2643/2868/2802 2538/2870/2804
f 2527/3030/2967 2462/2885/2819 2674/2872/2806
f 2674/2872/2806 2462/2885/2819 2541/2869/2803
f 2643/2868/2802 2674/2872/2806 2541/2869/2803
f 2538/2870/2804 2541/2869/2803 2469/2873/2807
f 2471/2875/2809 2644/2879/2813 2463/2876/2810
f 2471/2875/2809 2470/2881/2815 2645/2880/2814
f 2463/2876/2810 2644/2879/2813 2465/2884/2818
f 2541/2869/2803 2539/2886/2820 2453/2891/2825
f 2462/2885/2819 2472/2888/2822 2539/2886/2820
f 2539/2886/2820 2472/2888/2822 2649/2890/2824
f 2453/2891/2825 2649/2890/2824 2540/2892/2826
f 2540/2892/2826 2479/2882/2816 2470/2881/2815
f 2541/2869/2803 2453/2891/2825 2540/2892/2826
f 2646/2883/2817 2543/2895/2829 2439/2893/2827
f 2443/2878/2812 2645/2880/2814 2542/2894/2828
f 2645/2880/2814 2479/2882/2816 2647/2896/2830
f 2647/2896/2830 2473/2898/2832 2542/2894/2828
f 2480/2897/2831 2473/2898/2832 2647/2896/2830
f 2543/2895/2829 2444/2899/2833 2650/2900/2834
f 2464/2901/2835 2544/2902/2836 2472/2888/2822
f 2544/2902/2836 2545/2904/2838 2649/2890/2824
f 2464/2901/2835 2651/2913/2847 2544/2902/2836
f 2651/2913/2847 2547/2903/2837 2544/2902/2836
f 2547/2903/2837 2652/2905/2839 2545/2904/2838
f 2652/2905/2839 2473/2898/2832 2480/2897/2831
f 2540/2892/2826 2545/2904/2838 2480/2897/2831
f 2650/2900/2834 2474/2907/2841 2686/2906/2840
f 2473/2898/2832 2447/2909/2843 2546/2908/2842
f 2546/2908/2842 2481/2910/2844 2475/2911/2845
f 2466/2912/2846 2476/2914/2848 2651/2913/2847
f 2476/2914/2848 2445/2915/2849 2547/2903/2837
f 2445/2915/2849 2481/2910/2844 2447/2909/2843
f 2467/2916/2850 2653/2921/2855 2548/2917/2851
f 2653/2921/2855 2550/2920/2854 2482/2922/2856
f 2548/2917/2851 2653/2921/2855 2482/2922/2856
f 2548/2917/2851 2482/2922/2856 2445/2915/2849
f 2684/2918/2852 2548/2917/2851 2466/2912/2846
f 2654/2923/2857 2442/2926/2860 2549/2924/2858
f 2549/2924/2858 2474/2907/2841 2475/2911/2845
f 2442/2926/2860 2686/2906/2840 2474/2907/2841
f 2550/2920/2854 2475/2911/2845 2481/2910/2844
f 2477/2925/2859 2549/2924/2858 2550/2920/2854
f 2500/2940/2874 2551/2931/2865 2655/2927/2861
f 2551/2931/2865 2449/2933/2867 2552/2932/2866
f 2449/2933/2867 2638/3132/3087 2642/2934/2868
f 2487/2928/2862 2552/2932/2866 2499/3040/2977
f 2552/2932/2866 2642/2934/2868 2499/3040/2977
f 2458/2935/2869 2635/2939/2873 2656/2936/2870
f 2635/2939/2873 2449/2933/2867 2656/2936/2870
f 2635/2939/2873 2638/3132/3087 2449/2933/2867
f 2656/2936/2870 2449/2933/2867 2500/2940/2874
f 2504/2942/2876 2555/2946/2880 2554/2943/2877
f 2448/2945/2879 2553/2947/2881 2555/2946/2880
f 2513/2956/2890 2553/2947/2881 2448/2945/2879
f 2513/2956/2890 2514/2948/2882 2553/2947/2881
f 2553/2947/2881 2655/2927/2861 2501/2929/2863
f 2553/2947/2881 2501/2929/2863 2555/2946/2880
f 2489/2949/2883 2554/2943/2877 2501/2929/2863
f 2556/2951/2885 2454/2955/2889 2502/2972/2907
f 2556/2951/2885 2658/2941/2875 2454/2955/2889
f 2485/2937/2871 2656/2936/2870 2657/2953/2887
f 2658/2941/2875 2500/2940/2874 2514/2948/2882
f 2454/2955/2889 2514/2948/2882 2503/2957/2891
f 2507/2958/2892 2557/2965/2899 2495/2959/2893
f 2515/2962/2896 2516/2966/2900 2659/2964/2898
f 2563/2963/2897 2515/2962/2896 2659/2964/2898
f 2659/2964/2898 2516/2966/2900 2557/2965/2899
f 2516/2966/2900 2513/2956/2890 2448/2945/2879
f 2495/2959/2893 2504/2942/2876 2494/2967/2901
f 2557/2965/2899 2448/2945/2879 2504/2942/2876
f 2491/2968/2902 2558/2971/2906 2505/2969/2903
f 2558/2971/2906 2559/2974/2909 2561/2976/2911
f 2505/2969/2903 2558/2971/2906 2561/2976/2911
f 2502/2972/2907 2559/2974/2909 2558/2971/2906
f 2492/2970/2905 2502/2972/2907 2558/2971/2906
f 2493/2952/2886 2556/2951/2885 2502/2972/2907
f 2502/2972/2907 2454/2955/2889 2559/2974/2909
f 2503/2957/2891 2513/2956/2890 2560/2973/2908
f 2560/2973/2908 2516/2966/2900 2515/2962/2896
f 2665/2979/2916 2562/2982/2919 2564/2977/2912
f 2517/2981/2918 2661/2983/2920 2562/2982/2919
f 2661/2983/2920 2506/2961/2895 2563/2963/2897
f 2563/2963/2897 2659/2964/2898 2507/2958/2892
f 2564/2977/2912 2508/2960/2894 2483/2980/2917
f 2562/2982/2919 2563/2963/2897 2508/2960/2894
f 2509/1159/2922 2565/2985/2924 2568/2987/2926
f 2496/2984/2921 2565/2985/2924 2509/1159/2922
f 2497/1828/2904 2505/2969/2903 2565/2985/2924
f 2565/2985/2924 2505/2969/2903 2566/2986/2925
f 2566/2986/2925 2561/2976/2911 2506/2961/2895
f 2569/2989/2928 2567/2988/2927 2661/2983/2920
f 2568/2987/2926 2566/2986/2925 2567/2988/2927
f 2568/2987/2926 2569/2989/2928 2509/1159/2922
f 2498/2701/2923 2509/1159/2922 2570/2990/2929
f 2518/2991/2930 2664/2996/2936 2511/2992/2931
f 2570/2990/2929 2511/2992/2931 2512/2160/2932
f 2440/1152/2915 2663/2993/2933 2662/2978/2914
f 2510/2995/2935 2664/2996/2936 2571/2994/2934
f 2571/2994/2934 2518/2991/2930 2517/2981/2918
f 2667/2999/2939 2639/3130/3085 2640/3000/2940
f 2635/2939/2873 2640/3000/2940 2638/3132/3087
f 2686/2906/2840 2442/2926/2860 2572/3003/2942
f 2572/3003/2942 2519/3005/2944 2668/3007/2946
f 2442/2926/2860 2654/2923/2857 2519/3005/2944
f 2668/3008/2946 2673/3029/2945 2510/2995/2935
f 2669/3010/2947 2668/3008/2946 2663/2993/2933
f 2648/2887/2821 2521/3015/2952 2670/3014/2951
f 2671/3012/2949 2672/3017/2954 2455/3013/2950
f 2672/3019/2954 2493/2952/2886 2573/3020/2956
f 2522/2800/2953 2683/3018/2955 2672/3019/2954
f 2683/3018/2955 2523/3079/3020 2493/2952/2886
f 2455/3021/2950 2573/3020/2956 2681/3023/2958
f 2573/3020/2956 2492/2970/2905 2491/2968/2902
f 2477/2925/2859 2574/3024/2959 2654/2923/2857
f 2654/2923/2857 2576/3025/2960 2673/3006/2945
f 2478/2919/2853 2528/3063/3003 2574/3024/2964
f 2528/3063/4524 2451/3062/4525 2529/3026/2962
f 2574/3024/2961 2528/3063/4524 2529/3026/2962
f 2575/3028/2966 2530/2747/2965 2664/2996/2936
f 2673/3029/2945 2576/4393/2963 2575/3028/2966
f 2576/4393/2963 2529/3027/2962 2575/3028/2966
f 2643/2868/2802 2450/2998/2938 2577/3033/2970
f 2577/3034/2971 2450/3001/2938 2486/2938/2872
f 2578/3035/3035 2486/2938/2872 2458/2935/2869
f 2579/4394/2974 2536/3039/2973 2641/3043/3088
f 2691/3042/2979 2675/3041/2978 2461/3129/3084
f 2675/3041/2978 2538/2870/2804 2446/2874/2808
f 2471/2875/2809 2446/2874/2808 2470/2881/2815
f 2603/3045/2982 2468/3044/2981 2471/2875/2809
f 2534/3046/2983 2580/3049/2986 2584/3047/2984
f 2465/2884/2818 2439/2893/2827 2580/3049/2986
f 2580/3049/2986 2531/3051/2988 2581/3050/2987
f 2582/3054/2991 2687/3053/2990 2532/3055/2992
f 2581/1929/2987 2599/3090/2989 2687/3053/2990
f 2494/2967/2901 2532/3055/2992 2495/2959/2893
f 2583/1598/2985 2584/4395/2984 2582/3054/2991
f 2584/4395/2984 2581/1929/2987 2582/3054/2991
f 2533/3057/2994 2582/3054/2991 2494/2967/2901
f 2594/3058/2995 2585/4396/4526 2677/3059/2996
f 2585/4396/4526 2451/3062/3002 2677/3059/2996
f 2585/3060/2999 2512/2160/2932 2586/3061/3000
f 2586/3061/3000 2511/2992/2931 2530/2747/2965
f 2451/2218/3001 2586/3061/3000 2529/3027/2962
f 2678/3064/3004 2528/3063/3003 2478/2919/2853
f 2677/3059/2998 2678/3064/3004 2653/2921/2855
f 2464/2901/2835 2670/3014/2951 2679/3067/3007
f 2670/3014/2951 2455/3013/2950 2680/3065/3005
f 2680/3065/3005 2681/3068/2958 2456/3066/3006
f 2681/3023/2958 2524/3022/2957 2587/3069/3008
f 2524/3022/2957 2491/2968/2902 2497/1828/2904
f 2456/1618/3006 2587/3069/3008 2682/3070/3009
f 2587/3069/3008 2497/1828/2904 2496/2984/2921
f 2682/3070/3009 2496/2984/2921 2498/2701/2923
f 2468/3044/2981 2603/3045/2982 2588/3072/3011
f 2603/3045/2982 2459/2877/2811 2606/3073/3013
f 2459/2877/2811 2537/3121/3029 2606/3073/3013
f 2537/3121/3029 2589/4397/3031 2606/3073/3013
f 2536/3039/2973 2588/3101/3012 2590/3103/3048
f 2536/3039/2976 2590/3103/3049 2499/3040/2977
f 2648/2887/2821 2619/2889/2823 2521/3015/2952
f 2521/3015/2952 2619/2889/2823 2591/1281/3015
f 2522/3016/2953 2591/1281/3015 2617/3112/3018
f 2619/2889/2823 2527/3030/2967 2614/3076/3017
f 2619/2889/2823 2614/3076/3017 2624/3110/3058
f 2527/3030/2967 2526/3032/3068 2616/3075/3016
f 2617/3077/3018 2592/3078/3019 2683/3018/2955
f 2523/3079/3020 2618/2950/2884 2493/2952/2886
f 2684/2918/2852 2452/3080/3010 2594/3058/2995
f 2679/3067/3007 2456/3066/3006 2452/3080/3010
f 2452/3071/3010 2682/3070/3009 2593/2236/3021
f 2593/2236/3021 2498/2701/2923 2512/2160/2932
f 2594/2216/2995 2593/2236/3021 2512/2160/2932
f 2459/2877/2811 2463/2876/2810 2628/3082/3023
f 2534/3046/2983 2583/3048/2985 2595/3083/3024
f 2463/2876/2810 2534/3046/2983 2595/3083/3024
f 2632/3085/3025 2676/3056/2993 2533/3057/2994
f 2632/3085/3025 2583/1598/2985 2676/3056/2993
f 2596/3086/3026 2533/3057/2994 2554/2943/2877
f 2589/3087/3027 2685/1304/3081 2633/3088/3028
f 2537/3089/3029 2626/4398/4527 2685/1304/3030
f 2531/3051/2988 2597/3002/2941 2599/3052/2989
f 2531/3051/2988 2686/2906/2840 2597/3002/2941
f 2598/4399/2943 2572/3009/2942 2520/3011/2948
f 2520/3011/2948 2669/3010/2947 2440/1152/2915
f 2687/3053/2990 2520/3011/2948 2483/2980/2917
f 2599/3090/2989 2598/4399/2943 2520/3011/2948
f 2532/3055/2992 2687/3053/2990 2483/2980/2917
f 2688/3091/3034 2458/2935/2869 2602/2249/3042
f 2485/2937/2871 2488/2954/2888 2601/3094/3038
f 2526/3118/4528 2457/3093/3037 2525/3095/3039
f 2488/2954/2888 2525/3095/3039 2601/3094/3038
f 2689/3096/3040 2602/4400/4529 2600/2871/2805
f 2602/2249/3042 2485/2937/2871 2601/3094/3038
f 2600/2871/2805 2602/4400/4529 2457/3031/2968
f 2607/3099/3045 2613/3098/3044 2611/3100/3046
f 2588/3101/3012 2608/3107/3056 2609/3102/3047
f 2605/3097/3043 2590/3103/3049 2609/3102/4530
f 2487/2928/2862 2499/3040/2977 2605/3097/3043
f 2487/2928/2862 2605/3097/3043 2607/3099/3045
f 2612/3108/4531 2610/3106/3053 2613/3098/3055
f 2613/3098/3044 2609/3102/4530 2612/3108/4532
f 2605/3097/3043 2609/3102/4530 2613/3098/3044
f 2608/2835/3050 2604/3074/3014 2612/3105/3052
f 2589/4397/3031 2611/3109/3054 2606/3073/3013
f 2604/3074/3014 2606/3073/3013 2610/3104/4533
f 2591/1281/3015 2624/3110/3058 2617/3112/3018
f 2618/2950/2884 2592/3078/3019 2620/4401/3059
f 2617/3077/3018 2620/4401/3059 2592/3078/3019
f 2619/2889/2823 2624/3110/3058 2591/1281/3015
f 2525/3095/3039 2690/3115/4534 2526/3118/4528
f 2488/2954/2888 2690/3115/4534 2525/3095/3039
f 2488/2954/2888 2615/3113/3060 2690/3115/4534
f 2657/2953/2887 2615/3113/3060 2488/2954/2888
f 2623/3114/3061 2622/4402/4535 2620/3111/3059
f 2620/4401/3059 2622/3117/3064 2621/3116/3063
f 2614/3076/3017 2623/3114/3067 2624/3110/3058
f 2526/3032/3068 2622/4402/4536 2623/3114/3069
f 2621/3116/3063 2615/3113/3060 2620/4401/3059
f 2615/3113/3060 2618/2950/2884 2620/4401/3059
f 2630/2562/4537 2626/3120/3072 2628/3082/4538
f 2626/3120/3072 2459/2877/3071 2628/3082/4538
f 2554/2943/2877 2629/3122/3075 2596/3086/3026
f 2489/2949/2883 2441/2930/2864 2633/3088/3028
f 2489/2949/2883 2625/2853/3074 2629/3122/3075
f 2631/3081/3022 2627/3119/3070 2460/3123/3076
f 2630/2562/3079 2631/3081/3022 2629/3124/3077
f 2685/1304/3081 2630/3125/4539 2625/2853/3074
f 2626/4398/4540 2630/3125/4539 2685/1304/3081
f 2632/3084/3025 2460/3123/3076 2627/3119/3070
f 2450/2998/2938 2666/2997/2937 2636/3127/3082
f 2667/4403/2939 2450/2998/2938 2639/3128/3083
f 2666/2997/2937 2538/2870/2804 2691/3042/2979
f 2535/3038/2975 2634/3135/3090 2461/3129/3084
f 2579/3037/2974 2634/3135/3090 2535/3038/2975
f 2579/3037/2974 2641/3133/3088 2634/3135/3090
f 2468/3044/2981 2461/3129/3084 2675/3041/2978
f 2636/3127/3082 2637/3134/4541 2639/3128/3083
f 2640/3000/2940 2637/3131/3086 2638/3132/3087
f 2634/3135/3090 2636/3127/3082 2461/3129/3084
f 2634/3135/3090 2637/3134/4541 2636/3127/3082
f 2696/3267/3227 2898/3136/3091 2793/3138/3093
f 2782/3296/3257 2717/3153/3108 2928/3140/3095
f 2928/3140/3095 2717/3153/3108 2796/3137/3092
f 2898/3136/3091 2928/3140/3095 2796/3137/3092
f 2793/3138/3093 2796/3137/3092 2724/3141/3096
f 2726/3143/3098 2899/3147/3102 2718/3144/3099
f 2726/3143/3098 2725/3149/3104 2900/3148/3103
f 2718/3144/3099 2899/3147/3102 2720/3152/3107
f 2796/3137/3092 2794/3154/3109 2707/3159/3114
f 2717/3153/3108 2727/3156/3111 2794/3154/3109
f 2794/3154/3109 2727/3156/3111 2904/3158/3113
f 2707/3159/3114 2904/3158/3113 2795/3160/3115
f 2795/3160/3115 2734/3150/3105 2725/3149/3104
f 2796/3137/3092 2707/3159/3114 2795/3160/3115
f 2901/3151/3106 2798/3163/3118 2692/3161/3116
f 2697/3146/3101 2900/3148/3103 2797/3162/3117
f 2900/3148/3103 2734/3150/3105 2902/3164/3119
f 2735/3165/3120 2728/3175/3130 2902/3164/3119
f 2902/3164/3119 2728/3175/3130 2698/3166/3121
f 2798/3163/3118 2698/3166/3121 2905/3167/3122
f 2719/3168/3123 2799/3169/3124 2727/3156/3111
f 2799/3169/3124 2800/3171/3126 2904/3158/3113
f 2719/3168/3123 2906/3181/3136 2799/3169/3124
f 2906/3181/3136 2708/3170/3125 2799/3169/3124
f 2907/3172/3127 2728/3175/3130 2735/3165/3120
f 2708/3170/3125 2907/3172/3127 2800/3171/3126
f 2795/3160/3115 2800/3171/3126 2735/3165/3120
f 2905/3167/3122 2729/3174/3129 2940/3173/3128
f 2728/3175/3130 2701/3177/3132 2801/3176/3131
f 2801/3176/3131 2736/3178/3133 2730/3179/3134
f 2906/3181/3136 2802/3183/3138 2708/3170/3125
f 2721/3180/3135 2731/3182/3137 2906/3181/3136
f 2731/3182/3137 2699/3184/3139 2802/3183/3138
f 2699/3184/3139 2736/3178/3133 2701/3177/3132
f 2708/3170/3125 2802/3183/3138 2907/3172/3127
f 2802/3183/3138 2701/3177/3132 2728/3175/3130
f 2722/3185/3140 2908/3190/3145 2803/3186/3141
f 2908/3190/3145 2805/3189/3144 2737/3191/3146
f 2803/3186/3141 2908/3190/3145 2737/3191/3146
f 2803/3186/3141 2737/3191/3146 2699/3184/3139
f 2938/3187/3142 2803/3186/3141 2721/3180/3135
f 2909/3192/3147 2695/3195/3150 2804/3193/3148
f 2804/3193/3148 2729/3174/3129 2730/3179/3134
f 2695/3195/3150 2940/3173/3128 2729/3174/3129
f 2805/3189/3144 2730/3179/3134 2736/3178/3133
f 2732/3194/3149 2804/3193/3148 2805/3189/3144
f 2755/3209/3164 2806/3200/3155 2910/3196/3151
f 2806/3200/3155 2703/3202/3157 2807/3201/3156
f 2703/3202/3157 2893/3404/3379 2889/3203/3158
f 2742/3197/3152 2807/3201/3156 2754/3305/3266
f 2807/3201/3156 2889/3203/3158 2754/3305/3266
f 2713/3204/3159 2890/3208/3163 2911/3205/3160
f 2890/3208/3163 2703/3202/3157 2911/3205/3160
f 2890/3208/3163 2893/3404/3379 2703/3202/3157
f 2911/3205/3160 2703/3202/3157 2755/3209/3164
f 2759/3211/3166 2810/3215/3170 2809/3212/3167
f 2702/3214/3169 2808/3216/3171 2810/3215/3170
f 2768/3224/3180 2808/3216/3171 2702/3214/3169
f 2768/3224/3180 2769/3217/3172 2808/3216/3171
f 2808/3216/3171 2910/3196/3151 2756/3198/3153
f 2808/3216/3171 2756/3198/3153 2810/3215/3170
f 2744/3218/3173 2809/3212/3167 2756/3198/3153
f 2811/3220/3175 2709/3223/3179 2757/3240/3197
f 2811/3220/3175 2913/3210/3165 2709/3223/3179
f 2740/3206/3161 2911/3205/3160 2912/3222/3177
f 2913/3210/3165 2755/3209/3164 2769/3217/3172
f 2709/3223/3179 2769/3217/3172 2758/3225/3181
f 2762/3226/3182 2812/3233/3189 2750/3227/3183
f 2770/3230/3186 2771/3234/3190 2914/3232/3188
f 2818/3231/3187 2770/3230/3186 2914/3232/3188
f 2914/3232/3188 2771/3234/3190 2812/3233/3189
f 2771/3234/3190 2768/3224/3180 2702/3214/3169
f 2750/3227/3183 2759/3211/3166 2749/3235/3191
f 2812/3233/3189 2702/3214/3169 2759/3211/3166
f 2746/3236/3192 2813/3239/3196 2760/3237/3193
f 2813/3239/3196 2814/3242/3199 2816/3244/3201
f 2760/3237/3193 2813/3239/3196 2816/3244/3201
f 2757/3240/3197 2814/3242/3199 2813/3239/3196
f 2747/3238/3195 2757/3240/3197 2813/3239/3196
f 2748/3221/3176 2811/3220/3175 2757/3240/3197
f 2757/3240/3197 2709/3223/3179 2814/3242/3199
f 2758/3225/3181 2768/3224/3180 2815/3241/3198
f 2815/3241/3198 2771/3234/3190 2770/3230/3186
f 2920/3249/3206 2817/3252/3209 2819/3245/3202
f 2772/3251/3208 2916/3253/3210 2817/3252/3209
f 2916/3253/3210 2761/3229/3185 2818/3231/3187
f 2818/3231/3187 2914/3232/3188 2762/3226/3182
f 2819/3245/3202 2763/3228/3184 2738/3250/3207
f 2817/3252/3209 2818/3231/3187 2763/3228/3184
f 2764/3254/3212 2820/3256/3214 2823/3258/3216
f 2751/1506/3211 2820/3256/3214 2764/3254/3212
f 2752/2395/3194 2760/3237/3193 2820/3256/3214
f 2820/3256/3214 2760/3237/3193 2821/3257/3215
f 2821/3257/3215 2816/3244/3201 2761/3229/3185
f 2824/3260/3218 2822/3259/3217 2916/3253/3210
f 2823/3258/3216 2821/3257/3215 2822/3259/3217
f 2823/3258/3216 2824/3260/3218 2764/3254/3212
f 2753/3255/3213 2764/3254/3212 2825/3261/3219
f 2773/3262/3220 2919/3266/3226 2766/1519/3221
f 2825/3261/3219 2766/1519/3221 2767/2420/3222
f 2693/3248/3205 2918/3263/3223 2917/3247/3204
f 2765/3265/3225 2919/3266/3226 2826/3264/3224
f 2826/3264/3224 2773/3262/3220 2772/3251/3208
f 2921/3269/3229 2895/3400/3375 2896/3270/3230
f 2890/3208/3163 2896/3270/3230 2893/3404/3379
f 2940/3173/3128 2695/3195/3150 2827/3273/3232
f 2827/3273/3232 2774/3275/3234 2922/3277/3236
f 2695/3195/3150 2909/3192/3147 2774/3275/3234
f 2922/2174/3236 2927/1220/3235 2765/3265/3225
f 2923/3279/3237 2922/2174/3236 2918/3263/3223
f 2903/3155/3110 2776/3284/3242 2924/3283/3241
f 2925/3281/3239 2926/1201/3244 2710/3282/3240
f 2926/3287/3244 2748/3221/3176 2828/3288/3246
f 2777/3345/3243 2937/3286/3245 2926/3287/3244
f 2937/3286/3245 2778/3079/3309 2748/3221/3176
f 2710/3289/3240 2828/3288/3246 2935/3290/3248
f 2828/3288/3246 2747/3238/3195 2746/3236/3192
f 2732/3194/3149 2829/3291/3249 2909/3192/3147
f 2909/3192/3147 2831/3292/3250 2927/3276/3235
f 2733/3188/3143 2783/3329/3291 2829/3291/3254
f 2783/3329/4542 2705/3328/4543 2784/3293/3252
f 2829/3291/3251 2783/3329/4542 2784/3293/3252
f 2830/3295/3256 2785/2455/3255 2919/3266/3226
f 2927/1220/3235 2831/4404/3253 2830/3295/3256
f 2831/4404/3253 2784/3294/3252 2830/3295/3256
f 2898/3136/3091 2704/3268/3228 2832/3299/3260
f 2832/3300/3261 2704/3271/3228 2741/3207/3162
f 2833/3035/3324 2741/3207/3162 2713/3204/3159
f 2834/4405/3264 2791/3304/3263 2897/3403/3378
f 2894/3307/3268 2929/3306/3267 2716/3397/3372
f 2897/3403/3378 2791/3304/3263 2889/3203/3158
f 2929/3306/3267 2793/3138/3093 2700/3142/3097
f 2726/3143/3098 2700/3142/3097 2725/3149/3104
f 2858/3309/3270 2723/3308/3269 2726/3143/3098
f 2789/3310/3271 2835/3313/3274 2839/3311/3272
f 2720/3152/3107 2692/3161/3116 2835/3313/3274
f 2835/3313/3274 2786/3315/3276 2836/3314/3275
f 2837/3319/3279 2941/3318/3278 2787/3320/3280
f 2836/3317/3275 2854/3358/3277 2941/3318/3278
f 2749/3235/3191 2787/3320/3280 2750/3227/3183
f 2838/3321/3273 2839/4406/3272 2837/3319/3279
f 2839/4406/3272 2836/3317/3275 2837/3319/3279
f 2788/3323/3282 2837/3319/3279 2749/3235/3191
f 2849/3324/3283 2840/4407/4544 2931/3325/3284
f 2840/4407/4544 2705/3328/3290 2931/3325/3284
f 2840/1606/3287 2767/2420/3222 2841/3061/3288
f 2841/3061/3288 2766/1519/3221 2785/2455/3255
f 2705/3327/3289 2841/3061/3288 2784/3294/3252
f 2932/3330/3292 2783/3329/3291 2733/3188/3143
f 2931/3325/3286 2932/3330/3292 2908/3190/3145
f 2719/3168/3123 2924/3283/3241 2933/3333/3295
f 2924/3283/3241 2710/3282/3240 2934/3331/3293
f 2934/3331/3293 2935/3334/3248 2711/3332/3294
f 2935/3290/3248 2779/3022/3247 2842/3335/3296
f 2779/3022/3247 2746/3236/3192 2752/2395/3194
f 2711/3336/3294 2842/3335/3296 2936/3337/3297
f 2842/3335/3296 2752/2395/3194 2751/1506/3211
f 2936/3337/3297 2751/1506/3211 2753/3255/3213
f 2723/3308/3269 2858/3309/3270 2843/3339/3299
f 2858/3309/3270 2714/3145/3100 2861/3340/3302
f 2714/3145/3100 2792/3388/3318 2861/3340/3302
f 2792/3388/3318 2844/4408/3320 2861/3340/3302
f 2791/3304/3263 2843/3369/3301 2845/3371/3337
f 2791/3304/3263 2845/3371/3338 2754/3305/3266
f 2903/3155/3110 2874/3157/3112 2776/3284/3242
f 2776/3284/3242 2874/3157/3112 2846/3342/3304
f 2777/3285/3243 2846/3342/3304 2872/3379/3307
f 2874/3157/3112 2782/3296/3257 2869/3344/3306
f 2874/3157/3112 2869/3344/3306 2879/3378/3347
f 2782/3296/3257 2781/3298/3357 2871/3343/3305
f 2872/1284/3307 2847/3078/3308 2937/3286/3245
f 2778/3079/3309 2873/3219/3174 2748/3221/3176
f 2938/3187/3142 2706/3346/3298 2849/3324/3283
f 2933/3333/3295 2711/3332/3294 2706/3346/3298
f 2706/3338/3298 2936/3337/3297 2848/3347/3310
f 2848/3347/3310 2753/3255/3213 2767/2420/3222
f 2849/3326/3283 2848/3347/3310 2767/2420/3222
f 2714/3145/3100 2718/3144/3099 2883/3349/3312
f 2789/3310/3271 2838/3312/3273 2850/3350/3313
f 2718/3144/3099 2789/3310/3271 2850/3350/3313
f 2887/3352/3314 2930/3322/3281 2788/3323/3282
f 2887/3352/3314 2838/3321/3273 2930/3322/3281
f 2851/3353/3315 2788/3323/3282 2809/3212/3167
f 2844/3354/3316 2939/3357/3370 2888/3355/3317
f 2792/3356/3318 2881/4409/4545 2939/3357/3319
f 2786/3315/3276 2852/3272/3231 2854/3316/3277
f 2786/3315/3276 2940/3173/3128 2852/3272/3231
f 2853/4368/3233 2827/3278/3232 2775/3280/3238
f 2775/3280/3238 2923/3279/3237 2693/3248/3205
f 2941/3318/3278 2775/3280/3238 2738/3250/3207
f 2854/3358/3277 2853/4368/3233 2775/3280/3238
f 2787/3320/3280 2941/3318/3278 2738/3250/3207
f 2942/3359/3323 2713/3204/3159 2857/3361/3331
f 2740/3206/3161 2743/1120/3178 2856/3362/3327
f 2781/3385/4546 2712/2823/3326 2780/3363/3328
f 2743/1120/3178 2780/3363/3328 2856/3362/3327
f 2943/3364/3329 2857/4410/4547 2855/3139/3094
f 2857/3361/3331 2740/3206/3161 2856/3362/3327
f 2855/3139/3094 2857/4410/4547 2712/3297/3258
f 2862/3367/3334 2868/3366/3333 2866/3368/3335
f 2843/3369/3301 2863/3376/3345 2864/3370/3336
f 2860/3365/3332 2845/3371/3338 2864/3370/4548
f 2742/3197/3152 2754/3305/3266 2860/3365/3332
f 2742/3197/3152 2860/3365/3332 2862/3367/3334
f 2867/3377/4549 2865/3375/3342 2868/3366/3344
f 2868/3366/3333 2864/3370/4548 2867/3377/4550
f 2860/3365/3332 2864/3370/4548 2868/3366/3333
f 2863/3372/3339 2859/3341/3303 2867/3374/3341
f 2844/4408/3320 2866/1673/3343 2861/3340/3302
f 2859/3341/3303 2861/3340/3302 2865/3373/4551
f 2846/3342/3304 2879/3378/3347 2872/3379/3307
f 2873/3219/3174 2847/3078/3308 2875/4411/3348
f 2872/1284/3307 2875/4411/3348 2847/3078/3308
f 2874/3157/3112 2879/3378/3347 2846/3342/3304
f 2780/3363/3328 2944/3382/4552 2781/3385/4546
f 2743/1120/3178 2944/3382/4552 2780/3363/3328
f 2743/1120/3178 2870/3380/3349 2944/3382/4552
f 2912/3222/3177 2870/3380/3349 2743/1120/3178
f 2878/3381/3350 2877/4412/4553 2875/1675/3348
f 2875/4411/3348 2877/3384/3353 2876/3383/3352
f 2869/3344/3306 2878/3381/3356 2879/3378/3347
f 2781/3298/3357 2877/4412/4554 2878/3381/3358
f 2876/3383/3352 2870/3380/3349 2875/4411/3348
f 2870/3380/3349 2873/3219/3174 2875/4411/3348
f 2885/3393/4555 2881/3387/3361 2883/3349/4556
f 2881/3387/3361 2714/3145/3360 2883/3349/4556
f 2809/3212/3167 2884/3390/3364 2851/3353/3315
f 2744/3218/3173 2694/3199/3154 2888/3355/3317
f 2744/3218/3173 2880/3389/3363 2884/3390/3364
f 2886/3348/3311 2882/3386/3359 2715/3391/3365
f 2885/3393/3368 2886/3348/3311 2884/3392/3366
f 2939/3357/3370 2885/3394/4557 2880/3389/3363
f 2881/4409/4558 2885/3394/4557 2939/3357/3370
f 2887/3351/3314 2715/3391/3365 2882/3386/3359
f 2704/3268/3228 2696/3267/3227 2894/3307/3268
f 2921/4413/3229 2704/3268/3228 2895/3396/3371
f 2696/3267/3227 2793/3138/3093 2894/3307/3268
f 2834/3302/4559 2897/3398/3373 2790/3303/3300
f 2723/3308/3269 2716/3397/3372 2929/3306/3267
f 2894/3307/3268 2716/3397/3372 2891/3399/3374
f 2896/3270/3230 2892/3401/3376 2893/3404/3379
f 2949/3533/3517 3151/3405/3381 3046/3407/3383
f 3035/3560/3547 2970/3422/3398 3181/3409/3385
f 3181/3409/3385 2970/3422/3398 3049/3406/3382
f 3151/3405/3381 3181/3409/3385 3049/3406/3382
f 3046/3407/3383 3049/3406/3382 2977/3410/3386
f 2979/3412/3388 3152/3416/3392 2971/3413/3389
f 2979/3412/3388 2978/3418/3394 3153/3417/3393
f 2971/3413/3389 3152/3416/3392 2973/3421/3397
f 3049/3406/3382 3047/3423/3399 2960/3428/3404
f 2970/3422/3398 2980/3425/3401 3047/3423/3399
f 3047/3423/3399 2980/3425/3401 3157/3427/3403
f 2960/3428/3404 3157/3427/3403 3048/3429/3405
f 3048/3429/3405 2987/3419/3395 2978/3418/3394
f 3049/3406/3382 2960/3428/3404 3048/3429/3405
f 3154/3420/3396 3051/3432/3408 2945/3430/3406
f 2950/3415/3391 3153/3417/3393 3050/3431/3407
f 3153/3417/3393 2987/3419/3395 3155/3433/3409
f 2988/3434/3410 2981/3444/3420 3155/3433/3409
f 3155/3433/3409 2981/3444/3420 2951/3435/3411
f 3051/3432/3408 2951/3435/3411 3158/3436/3412
f 2972/3437/3413 3052/3438/3414 2980/3425/3401
f 3052/3438/3414 3053/3440/3416 3157/3427/3403
f 2972/3437/3413 3159/3450/3426 3052/3438/3414
f 3159/3450/3426 2961/3439/3415 3052/3438/3414
f 3160/3441/3417 2981/3444/3420 2988/3434/3410
f 2961/3439/3415 3160/3441/3417 3053/3440/3416
f 3048/3429/3405 3053/3440/3416 2988/3434/3410
f 3158/3436/3412 2982/3443/3419 3193/3442/3418
f 2981/3444/3420 2954/3446/3422 3054/3445/3421
f 3054/3445/3421 2989/3447/3423 2983/3448/3424
f 3159/3450/3426 3055/3452/3428 2961/3439/3415
f 2974/3449/3425 2984/3451/3427 3159/3450/3426
f 2984/3451/3427 2952/3453/3429 3055/3452/3428
f 2952/3453/3429 2989/3447/3423 2954/3446/3422
f 2961/3439/3415 3055/3452/3428 3160/3441/3417
f 3055/3452/3428 2954/3446/3422 2981/3444/3420
f 2975/3454/3430 3161/3459/3435 3056/3455/3431
f 3161/3459/3435 3058/3458/3434 2990/3460/3436
f 3056/3455/3431 3161/3459/3435 2990/3460/3436
f 3056/3455/3431 2990/3460/3436 2952/3453/3429
f 3191/3456/3432 3056/3455/3431 2974/3449/3425
f 3162/3461/3437 2948/3464/3440 3057/3462/3438
f 3057/3462/3438 2982/3443/3419 2983/3448/3424
f 2948/3464/3440 3193/3442/3418 2982/3443/3419
f 3058/3458/3434 2983/3448/3424 2989/3447/3423
f 2985/3463/3439 3057/3462/3438 3058/3458/3434
f 3008/3478/3454 3059/3469/3445 3163/3465/3441
f 3059/3469/3445 2956/3471/3447 3060/3470/3446
f 2956/3471/3447 3146/3663/3669 3142/3472/3448
f 2995/3466/3442 3060/3470/3446 3007/3570/3556
f 3060/3470/3446 3142/3472/3448 3007/3570/3556
f 2966/3473/3449 3143/3477/3453 3164/3474/3450
f 3143/3477/3453 2956/3471/3447 3164/3474/3450
f 3143/3477/3453 3146/3663/3669 2956/3471/3447
f 3164/3474/3450 2956/3471/3447 3008/3478/3454
f 3012/3480/3456 3063/3484/3460 3062/3481/3457
f 2955/3483/3459 3061/3485/3461 3063/3484/3460
f 3021/3494/3470 3061/3485/3461 2955/3483/3459
f 3021/3494/3470 3022/3486/3462 3061/3485/3461
f 3061/3485/3461 3163/3465/3441 3009/3467/3443
f 3061/3485/3461 3009/3467/3443 3063/3484/3460
f 2997/3487/3463 3062/3481/3457 3009/3467/3443
f 3064/3489/3465 2962/3493/3469 3010/3509/3487
f 3064/3489/3465 3166/3479/3455 2962/3493/3469
f 2993/3475/3451 3164/3474/3450 3165/3491/3467
f 3166/3479/3455 3008/3478/3454 3022/3486/3462
f 2962/3493/3469 3022/3486/3462 3011/3495/3471
f 3015/3496/3472 3065/3503/3479 3003/3497/3473
f 3023/3500/3476 3024/2392/3480 3167/3502/3478
f 3071/3501/3477 3023/3500/3476 3167/3502/3478
f 3167/3502/3478 3024/2392/3480 3065/3503/3479
f 3024/2392/3480 3021/3494/3470 2955/3483/3459
f 3003/3497/3473 3012/3480/3456 3002/3504/3481
f 3065/3503/3479 2955/3483/3459 3012/3480/3456
f 2999/3505/3482 3066/3508/3486 3013/3506/3483
f 3066/3508/3486 3067/3511/3489 3069/3513/3491
f 3013/3506/3483 3066/3508/3486 3069/3513/3491
f 3010/3509/3487 3067/3511/3489 3066/3508/3486
f 3000/3507/3485 3010/3509/3487 3066/3508/3486
f 3001/3490/3466 3064/3489/3465 3010/3509/3487
f 3010/3509/3487 2962/3493/3469 3067/3511/3489
f 3011/3495/3471 3021/3494/3470 3068/3510/3488
f 3068/3510/3488 3024/2392/3480 3023/3500/3476
f 3173/2695/3496 3070/3519/3499 3072/2692/3492
f 3025/3518/3498 3169/3520/3500 3070/3519/3499
f 3169/3520/3500 3014/3499/3475 3071/3501/3477
f 3071/3501/3477 3167/3502/3478 3015/3496/3472
f 3072/2692/3492 3016/3498/3474 2991/3517/3497
f 3070/3519/3499 3071/3501/3477 3016/3498/3474
f 3017/3521/3502 3073/1846/3504 3076/3524/3506
f 3004/1843/3501 3073/1846/3504 3017/3521/3502
f 3005/1490/3484 3013/3506/3483 3073/1846/3504
f 3073/1846/3504 3013/3506/3483 3074/3523/3505
f 3074/3523/3505 3069/3513/3491 3014/3499/3475
f 3077/3526/3508 3075/3525/3507 3169/3520/3500
f 3076/3524/3506 3074/3523/3505 3075/3525/3507
f 3076/3524/3506 3077/3526/3508 3017/3521/3502
f 3006/3522/3503 3017/3521/3502 3078/3527/3509
f 3026/3528/3510 3172/3532/3516 3019/2159/3511
f 3078/3527/3509 3019/2159/3511 3020/3529/3512
f 2946/3516/3495 3171/3530/3513 3170/3515/3494
f 3018/3265/3515 3172/3532/3516 3079/3531/3514
f 3079/3531/3514 3026/3528/3510 3025/3518/3498
f 3174/3535/3519 3148/3660/3665 3149/1529/3520
f 3143/3477/3453 3149/1529/3520 3146/3663/3669
f 3193/3442/3418 2948/3464/3440 3080/3538/3522
f 3080/3538/3522 3027/1187/3524 3175/3541/3526
f 2948/3464/3440 3162/3461/3437 3027/1187/3524
f 3175/3542/3526 3180/1566/3525 3018/3265/3515
f 3176/3544/3527 3175/3542/3526 3171/3530/3513
f 3156/3424/3400 3029/3549/3532 3177/3548/3531
f 3178/3546/3529 3179/3550/3534 2963/3547/3530
f 3179/3552/3534 3001/3490/3466 3081/1205/3536
f 3030/3607/3533 3190/3551/3535 3179/3552/3534
f 3190/3551/3535 3031/3608/3599 3001/3490/3466
f 2963/3553/3530 3081/1205/3536 3188/3554/3538
f 3081/1205/3536 3000/3507/3485 2999/3505/3482
f 2985/3463/3439 3082/3555/3539 3162/3461/3437
f 3162/3461/3437 3084/3556/3540 3180/3540/3525
f 2986/3457/3433 3036/3594/3581 3082/3555/3544
f 3036/3594/4560 2958/3593/4561 3037/3557/3542
f 3082/3555/3541 3036/3594/4560 3037/3557/3542
f 3083/1219/3546 3038/3559/3545 3172/3532/3516
f 3180/1566/3525 3084/4414/3543 3083/1219/3546
f 3084/4414/3543 3037/3558/3542 3083/1219/3546
f 3151/3405/3381 2957/3534/3518 3085/3563/3550
f 3085/3564/3551 2957/3536/3518 2994/3476/3452
f 3086/3565/3614 2994/3476/3452 2966/3473/3449
f 3087/4415/3554 3044/3569/3553 3150/1709/3668
f 3147/3572/3558 3182/3571/3557 2969/3658/3662
f 3150/1709/3668 3044/3569/3553 3142/3472/3448
f 3182/3571/3557 3046/3407/3383 2953/3411/3387
f 2979/3412/3388 2953/3411/3387 2978/3418/3394
f 3111/3574/3560 2976/3573/3559 2979/3412/3388
f 3042/3575/3561 3088/3578/3564 3092/3576/3562
f 2973/3421/3397 2945/3430/3406 3088/3578/3564
f 3088/3578/3564 3039/3580/3566 3089/3579/3565
f 3090/3584/3569 3194/3583/3568 3040/3585/3570
f 3089/3582/3565 3107/3621/3567 3194/3583/3568
f 3002/3504/3481 3040/3585/3570 3003/3497/3473
f 3091/3586/3563 3092/4358/3562 3090/3584/3569
f 3092/4358/3562 3089/3582/3565 3090/3584/3569
f 3041/3588/3572 3090/3584/3569 3002/3504/3481
f 3102/3589/3573 3093/4416/4562 3184/3590/3574
f 3093/4416/4562 2958/3593/3580 3184/3590/3574
f 3093/3592/3577 3020/3529/3512 3094/2490/3578
f 3094/2490/3578 3019/2159/3511 3038/3559/3545
f 2958/1264/3579 3094/2490/3578 3037/3558/3542
f 3185/3595/3582 3036/3594/3581 2986/3457/3433
f 3184/3590/3576 3185/3595/3582 3161/3459/3435
f 2972/3437/3413 3177/3548/3531 3186/3597/3585
f 3177/3548/3531 2963/3547/3530 3187/3596/3583
f 3187/3596/3583 3188/1949/3538 2964/1614/3584
f 3188/3554/3538 3032/1208/3537 3095/3069/3586
f 3032/1208/3537 2999/3505/3482 3005/1490/3484
f 2964/3598/3584 3095/3069/3586 3189/3070/3587
f 3095/3069/3586 3005/1490/3484 3004/1843/3501
f 3189/3070/3587 3004/1843/3501 3006/3522/3503
f 2976/3573/3559 3111/3574/3560 3096/3600/3589
f 3111/3574/3560 2967/3414/3390 3114/3601/3592
f 2967/3414/3390 3045/3649/3608 3114/3601/3592
f 3045/3649/3608 3097/4417/3610 3114/3601/3592
f 3044/3569/3553 3096/1323/3591 3098/3633/3627
f 3044/3569/3553 3098/3633/3628 3007/3570/3556
f 3156/3424/3400 3127/3426/3402 3029/3549/3532
f 3029/3549/3532 3127/3426/3402 3099/3603/3594
f 3030/2733/3533 3099/3603/3594 3125/3642/3597
f 3127/3426/3402 3035/3560/3547 3122/3605/3596
f 3127/3426/3402 3122/3605/3596 3132/3640/3637
f 3035/3560/3547 3034/3562/3647 3124/3604/3595
f 3125/3606/3597 3100/3078/3598 3190/3551/3535
f 3031/3608/3599 3126/3488/3464 3001/3490/3466
f 3191/3456/3432 2959/3609/3588 3102/3589/3573
f 3186/3597/3585 2964/1614/3584 2959/3609/3588
f 2959/3599/3588 3189/3070/3587 3101/3610/3600
f 3101/3610/3600 3006/3522/3503 3020/3529/3512
f 3102/3591/3573 3101/3610/3600 3020/3529/3512
f 2967/3414/3390 2971/3413/3389 3136/3612/3602
f 3042/3575/3561 3091/3577/3563 3103/3613/3603
f 2971/3413/3389 3042/3575/3561 3103/3613/3603
f 3140/3615/3604 3183/3587/3571 3041/3588/3572
f 3140/3615/3604 3091/3586/3563 3183/3587/3571
f 3104/3616/3605 3041/3588/3572 3062/3481/3457
f 3097/3617/3606 3192/3620/3660 3141/3618/3607
f 3045/3619/3608 3134/4418/4563 3192/3620/3609
f 3039/3580/3566 3105/3537/3521 3107/3581/3567
f 3039/3580/3566 3193/3442/3418 3105/3537/3521
f 3106/4399/3523 3080/3543/3522 3028/3545/3528
f 3028/3545/3528 3176/3544/3527 2946/3516/3495
f 3194/3583/3568 3028/3545/3528 2991/3517/3497
f 3107/3621/3567 3106/4399/3523 3028/3545/3528
f 3040/3585/3570 3194/3583/3568 2991/3517/3497
f 3195/3622/3613 2966/3473/3449 3110/3624/3621
f 2993/3475/3451 2996/3492/3468 3109/3626/3617
f 3034/3646/4564 2965/3625/3616 3033/3627/3618
f 2996/3492/3468 3033/3627/3618 3109/3626/3617
f 3196/3096/3619 3110/4369/4565 3108/3408/3384
f 3110/3624/3621 2993/3475/3451 3109/3626/3617
f 3108/3408/3384 3110/4369/4565 2965/3561/3548
f 3115/3630/3624 3121/3629/3623 3119/3631/3625
f 3096/1323/3591 3116/3638/3635 3117/3632/3626
f 3113/3628/3622 3098/3633/3628 3117/3632/4566
f 2995/3466/3442 3007/3570/3556 3113/3628/3622
f 2995/3466/3442 3113/3628/3622 3115/3630/3624
f 3120/3639/4567 3118/3637/3632 3121/3629/3634
f 3121/3629/3623 3117/3632/4566 3120/3639/4568
f 3113/3628/3622 3117/3632/4566 3121/3629/3623
f 3116/3634/3629 3112/3602/3593 3120/3636/3631
f 3097/4417/3610 3119/2547/3633 3114/3601/3592
f 3112/3602/3593 3114/3601/3592 3118/3635/4569
f 3099/3603/3594 3132/3640/3637 3125/3642/3597
f 3126/3488/3464 3100/3078/3598 3128/4419/3638
f 3125/3606/3597 3128/4419/3638 3100/3078/3598
f 3127/3426/3402 3132/3640/3637 3099/3603/3594
f 3033/3627/3618 3197/3645/4570 3034/3646/4564
f 2996/3492/3468 3197/3645/4570 3033/3627/3618
f 2996/3492/3468 3123/3643/3639 3197/3645/4570
f 3165/3491/3467 3123/3643/3639 2996/3492/3468
f 3131/3644/3640 3130/4420/4571 3128/3641/3638
f 3128/4419/3638 3130/2017/3643 3129/2554/3642
f 3122/3605/3596 3131/3644/3646 3132/3640/3637
f 3034/3562/3647 3130/4420/4572 3131/3644/3648
f 3129/2554/3642 3123/3643/3639 3128/4419/3638
f 3123/3643/3639 3126/3488/3464 3128/4419/3638
f 3138/3654/4573 3134/3648/3651 3136/3612/4574
f 3134/3648/3651 2967/3414/3650 3136/3612/4574
f 3062/3481/3457 3137/3651/3654 3104/3616/3605
f 2997/3487/3463 2947/3468/3444 3141/3618/3607
f 2997/3487/3463 3133/3650/3653 3137/3651/3654
f 3139/3611/3601 3135/3647/3649 2968/3652/3655
f 3138/3654/3658 3139/3611/3601 3137/3653/3656
f 3192/3620/3660 3138/3655/4575 3133/3650/3653
f 3134/4418/4576 3138/3655/4575 3192/3620/3660
f 3140/3614/3604 2968/3652/3655 3135/3647/3649
f 2957/3534/3518 2949/3533/3517 3147/3572/3558
f 3174/4421/3519 2957/3534/3518 3148/3657/3661
f 2949/3533/3517 3046/3407/3383 3147/3572/3558
f 3087/3567/4577 3150/1365/3663 3043/3568/3590
f 2976/3573/3559 2969/3658/3662 3182/3571/3557
f 3147/3572/3558 2969/3658/3662 3144/3659/3664
f 3149/1529/3520 3145/3661/3666 3146/3663/3669
f 3277/3806/3822 3288/3683/3690 3405/3668/3675
f 3405/3668/3675 3288/3683/3690 3290/3665/3672
f 3200/3664/3671 3405/3668/3675 3290/3665/3672
f 3287/3666/3673 3290/3665/3672 3225/3669/3676
f 3227/3671/3678 3378/3675/3682 3219/3672/3679
f 3227/3671/3678 3226/3677/3684 3379/3676/3683
f 3219/3672/3679 3378/3675/3682 3221/3680/3687
f 3290/3665/3672 3288/3683/3690 3383/3696/3703
f 3288/3683/3690 3293/3682/3689 3383/3696/3703
f 3289/3685/3692 3234/3678/3685 3226/3677/3684
f 3290/3665/3672 3383/3696/3703 3289/3685/3692
f 3380/3679/3686 3292/3688/3695 3198/3686/3693
f 3201/3674/3681 3379/3676/3683 3291/3687/3694
f 3379/3676/3683 3234/3678/3685 3381/3689/3696
f 3235/3690/3697 3228/3699/3706 3381/3689/3696
f 3381/3689/3696 3228/3699/3706 3202/3691/3698
f 3292/3688/3695 3202/3691/3698 3384/3692/3699
f 3293/3682/3689 3294/3695/3702 3383/3696/3703
f 3220/3693/3700 3385/3705/3712 3293/3682/3689
f 3385/3705/3712 3386/3694/3701 3293/3682/3689
f 3386/3694/3701 3228/3699/3706 3235/3690/3697
f 3289/3685/3692 3294/3695/3702 3235/3690/3697
f 3384/3692/3699 3229/3698/3705 3414/3697/3704
f 3228/3699/3706 3205/3701/3708 3295/3700/3707
f 3295/3700/3707 3236/3702/3709 3230/3703/3710
f 3385/3705/3712 3296/3707/3714 3386/3694/3701
f 3222/3704/3711 3231/3706/3713 3385/3705/3712
f 3231/3706/3713 3203/3708/3715 3296/3707/3714
f 3203/3708/3715 3236/3702/3709 3205/3701/3708
f 3296/3707/3714 3205/3701/3708 3228/3699/3706
f 3223/3709/3716 3387/3714/3721 3297/3710/3717
f 3387/3714/3721 3299/3713/3720 3237/3715/3722
f 3297/3710/3717 3387/3714/3721 3237/3715/3722
f 3297/3710/3717 3237/3715/3722 3203/3708/3715
f 3412/3711/3718 3297/3710/3717 3222/3704/3711
f 3388/3716/3723 3269/3719/3726 3298/3717/3724
f 3298/3717/3724 3229/3698/3705 3230/3703/3710
f 3269/3719/3726 3414/3697/3704 3229/3698/3705
f 3299/3713/3720 3230/3703/3710 3236/3702/3709
f 3232/3718/3725 3298/3717/3724 3299/3713/3720
f 3300/3720/3727 3207/3725/3732 3253/3724/3731
f 3207/3725/3732 3374/3787/3796 3371/3726/3733
f 3215/3727/3734 3372/3731/3738 3389/3728/3735
f 3372/3731/3738 3207/3725/3732 3389/3728/3735
f 3372/3731/3738 3374/3787/3796 3207/3725/3732
f 3389/3728/3735 3207/3725/3732 3254/3732/3739
f 3257/3736/3743 3303/3735/3742 3302/3739/3746
f 3206/3734/3741 3301/3737/3744 3303/3735/3742
f 3265/3762/3769 3301/3737/3744 3206/3734/3741
f 3265/3762/3769 3266/3738/3745 3301/3737/3744
f 3301/3737/3744 3300/3720/3727 3255/3722/3729
f 3301/3737/3744 3255/3722/3729 3303/3735/3742
f 3244/3740/3747 3302/3739/3746 3255/3722/3729
f 3304/3742/3749 3211/3746/3753 3256/3761/3768
f 3304/3742/3749 3391/3733/3740 3211/3746/3753
f 3240/3729/3736 3389/3728/3735 3390/3744/3751
f 3391/3733/3740 3254/3732/3739 3266/3738/3745
f 3211/3746/3753 3266/3738/3745 3265/3762/3769
f 3260/3747/3754 3305/3754/3761 3249/3748/3755
f 3392/3751/3758 3267/3753/3760 3260/3747/3754
f 3310/3752/3759 3392/3751/3758 3260/3747/3754
f 3260/3747/3754 3267/3753/3760 3305/3754/3761
f 3267/3753/3760 3265/3762/3769 3206/3734/3741
f 3249/3748/3755 3257/3736/3743 3248/3755/3762
f 3305/3754/3761 3206/3734/3741 3257/3736/3743
f 3245/3756/3763 3306/3760/3767 3258/3757/3764
f 3306/3760/3767 3307/3764/3771 3309/3765/3772
f 3258/3757/3764 3306/3760/3767 3309/3765/3772
f 3256/3761/3768 3307/3764/3771 3306/3760/3767
f 3246/3759/3766 3256/3761/3768 3306/3760/3767
f 3247/3743/3750 3304/3742/3749 3256/3761/3768
f 3256/3761/3768 3211/3746/3753 3307/3764/3771
f 3308/3763/3770 3267/3753/3760 3392/3751/3758
f 3397/3769/3777 3393/3771/3779 3311/3766/3773
f 3393/3771/3779 3259/3750/3757 3310/3752/3759
f 3311/3766/3773 3261/3749/3756 3238/3770/3778
f 3311/3766/3773 3310/3752/3759 3261/3749/3756
f 3262/3773/3781 3312/3774/3783 3315/3776/3785
f 3250/3772/3780 3312/3774/3783 3262/3773/3781
f 3251/3758/3765 3258/3757/3764 3312/3774/3783
f 3312/3774/3783 3258/3757/3764 3313/3775/3784
f 3313/3775/3784 3309/3765/3772 3259/3750/3757
f 3316/3778/3787 3314/3777/3786 3393/3771/3779
f 3315/3776/3785 3313/3775/3784 3314/3777/3786
f 3315/3776/3785 3316/3778/3787 3262/3773/3781
f 3252/2413/3782 3262/3773/3781 3317/3779/3788
f 3268/3780/3789 3396/3785/3794 3263/3781/3790
f 3317/3779/3788 3263/3781/3790 3264/3782/3791
f 3199/3768/3776 3395/3783/3792 3394/3767/3775
f 3395/3783/3792 3396/3785/3794 3318/3784/3793
f 3318/3784/3793 3268/3780/3789 3397/3769/3777
f 3398/3786/3795 3376/3889/3925 3374/3787/3796
f 3414/3697/3704 3269/3719/3726 3319/3789/3800
f 3319/3789/3805 3269/3719/3802 3399/2434/3804
f 3399/3795/3804 3404/3805/3803 3395/3783/3792
f 3400/3793/3806 3399/3795/3804 3395/3783/3792
f 3382/3681/3688 3271/3798/3811 3401/3797/3810
f 3402/3796/3808 3403/1201/3813 3212/1196/3809
f 3403/3800/3813 3247/3743/3750 3320/1205/3814
f 3403/3800/3813 3273/3848/3868 3247/3743/3750
f 3212/3021/3809 3320/1205/3814 3274/3801/3815
f 3320/1205/3814 3246/3759/3766 3245/3756/3763
f 3232/3718/3725 3321/3802/3816 3388/3716/3723
f 3233/3712/3719 3278/3834/3852 3321/3802/3819
f 3278/3834/4578 3209/2784/4579 3279/3803/3818
f 3321/3802/3817 3278/3834/4578 3279/3803/3818
f 3322/2748/3821 3280/3804/3820 3396/3785/3794
f 3404/3805/3803 3279/2454/3818 3322/2748/3821
f 3200/3664/3671 3208/3884/3797 3323/3809/3825
f 3323/1908/3826 3208/3788/3797 3241/3730/3799
f 3416/3810/4580 3241/3730/3737 3215/3727/3734
f 3324/4422/3829 3285/3814/3828 3377/3891/3927
f 3375/3816/3832 3406/3815/3831 3218/3886/3922
f 3377/3891/3927 3285/3814/3828 3371/3726/3733
f 3406/3815/3831 3287/3666/3673 3204/3670/3677
f 3227/3671/3678 3204/3670/3677 3226/3677/3684
f 3344/3818/3834 3224/3817/3833 3227/3671/3678
f 3283/3819/3835 3325/3822/3838 3326/3820/3836
f 3221/3680/3687 3198/3686/3693 3325/3822/3838
f 3327/3826/3841 3415/3825/3840 3281/3827/3842
f 3326/3824/3836 3340/3859/3839 3415/3825/3840
f 3248/3755/3762 3281/3827/3842 3249/3748/3755
f 3328/3829/3837 3326/3824/3836 3327/3826/3841
f 3282/3828/3843 3327/3826/3841 3248/3755/3762
f 3336/3830/3844 3329/4423/4581 3407/3831/3845
f 3329/4423/4581 3209/2784/3851 3407/3831/3845
f 3329/3833/3848 3264/3782/3791 3330/2490/3849
f 3330/2490/3849 3263/3781/3790 3280/3804/3820
f 3209/3327/3850 3330/2490/3849 3279/2454/3818
f 3408/3835/3853 3278/3834/3852 3233/3712/3719
f 3407/3831/3847 3408/3835/3853 3387/3714/3721
f 3220/3693/3700 3401/3797/3810 3409/3838/3856
f 3401/3797/3810 3212/1196/3809 3410/3836/3854
f 3410/3836/3854 3274/3839/3815 3213/3837/3855
f 3274/3801/3815 3245/3756/3763 3251/3758/3765
f 3411/2225/3857 3251/3758/3765 3250/3772/3780
f 3411/2225/3857 3250/3772/3780 3252/2413/3782
f 3224/3817/3833 3344/3818/3834 3331/3841/3859
f 3344/3818/3834 3216/3673/3680 3347/3842/3862
f 3216/3673/3680 3286/3878/3877 3347/3842/3862
f 3286/3878/3877 3332/4424/3879 3347/3842/3862
f 3285/3814/3828 3331/4425/3861 3333/3866/3898
f 3285/3814/3828 3333/3866/3891 3253/3724/3731
f 3382/3681/3688 3359/3684/3691 3271/3798/3811
f 3271/3798/3811 3359/3684/3691 3357/3844/3864
f 3359/3684/3691 3277/3806/3822 3354/3846/3866
f 3359/3684/3691 3354/3846/3866 3363/3872/3899
f 3277/3806/3822 3276/3808/3908 3356/3845/3865
f 3357/2799/3864 3334/3847/3867 3403/3800/3813
f 3273/3848/3868 3358/3741/3748 3247/3743/3750
f 3412/3711/3718 3210/3849/3858 3336/3830/3844
f 3409/3838/3856 3213/3837/3855 3210/3849/3858
f 3210/2227/3858 3411/2225/3857 3335/3850/3869
f 3335/3850/3869 3252/2413/3782 3264/3782/3791
f 3336/3832/3844 3335/3850/3869 3264/3782/3791
f 3216/3673/3680 3219/3672/3679 3366/3852/3871
f 3283/3819/3835 3328/3821/3837 3337/3853/3872
f 3219/3672/3679 3283/3819/3835 3337/3853/3872
f 3369/3854/3873 3328/3829/3837 3282/3828/3843
f 3338/3855/3874 3282/3828/3843 3302/3739/3746
f 3332/3856/3875 3413/3858/3920 3370/3857/3876
f 3286/1645/3877 3365/4426/4582 3413/3858/3878
f 3325/3822/3838 3339/3790/3801 3340/3823/3839
f 3325/3822/3838 3414/3697/3704 3339/3790/3801
f 3339/4427/3801 3319/3792/3805 3270/3794/3807
f 3270/3794/3807 3400/3793/3806 3199/3768/3776
f 3415/3825/3840 3270/3794/3807 3238/3770/3778
f 3340/3859/3839 3339/4427/3801 3270/3794/3807
f 3281/3827/3842 3415/3825/3840 3238/3770/3778
f 3416/3810/4580 3215/3727/3734 3343/3860/3887
f 3240/3729/3736 3243/3745/3752 3342/3862/3883
f 3276/2555/4583 3214/3861/3882 3275/1314/3884
f 3243/3745/3752 3275/1314/3884 3342/3862/3883
f 3417/2534/3885 3343/4428/4584 3341/3667/3674
f 3343/3860/3887 3240/3729/3736 3342/3862/3883
f 3341/3667/3674 3343/4428/4584 3214/3807/3823
f 3348/3723/3730 3353/3864/3889 3351/3865/3890
f 3331/4425/3861 3349/3870/3896 3333/3866/3898
f 3242/3721/3728 3253/3724/3731 3346/3863/3888
f 3242/3721/3728 3346/3863/3888 3348/3723/3730
f 3352/2546/4585 3350/3869/3895 3353/3864/3889
f 3353/3864/3889 3333/3866/3891 3352/2546/4586
f 3346/3863/3888 3333/3866/3891 3353/3864/3889
f 3349/1326/3892 3345/3843/3863 3352/3868/3894
f 3332/4424/3879 3351/3871/3890 3347/3842/3862
f 3345/3843/3863 3347/3842/3862 3350/3867/4587
f 3358/3741/3748 3334/3847/3867 3360/4429/3900
f 3357/2799/3864 3360/4429/3900 3334/3847/3867
f 3359/3684/3691 3363/3872/3899 3357/3844/3864
f 3275/1314/3884 3418/1345/4588 3276/2555/4583
f 3243/3745/3752 3418/1345/4588 3275/1314/3884
f 3243/3745/3752 3355/3874/3901 3418/1345/4588
f 3390/3744/3751 3355/3874/3901 3243/3745/3752
f 3362/3875/3902 3361/4430/4589 3360/3873/3900
f 3354/3846/3866 3362/3875/3907 3363/3872/3899
f 3276/3808/3908 3361/4430/4590 3362/3875/3909
f 3361/3876/3905 3355/3874/3901 3360/4429/3900
f 3355/3874/3901 3358/3741/3748 3360/4429/3900
f 3365/3877/3912 3216/3673/3911 3366/3852/4591
f 3302/3739/3746 3367/3880/3915 3338/3855/3874
f 3244/3740/3747 3348/3723/3730 3370/3857/3876
f 3244/3740/3747 3364/3879/3914 3367/3880/3915
f 3366/3852/3919 3368/3851/3910 3367/1695/3917
f 3413/3858/4592 3366/3882/4592 3364/3879/4593
f 3365/4426/4594 3366/3882/4592 3413/3858/4592
f 3369/2520/3873 3217/3881/3916 3368/3851/3910
f 3208/3884/3797 3200/3664/3671 3375/3816/3832
f 3398/4431/3798 3208/3884/3797 3376/3885/3921
f 3200/3664/3671 3287/3666/3673 3375/3816/3832
f 3324/3812/4595 3377/3887/3923 3284/3813/3860
f 3224/3817/3833 3218/3886/3922 3406/3815/3831
f 3375/3816/3832 3218/3886/3922 3373/3888/3924
f 3491/4023/4065 3502/3907/3943 3552/4026/4069
f 3552/4026/4069 3502/3907/3943 3503/3893/3929
f 3421/3892/3928 3552/4026/4069 3503/3893/3929
f 3501/3894/3930 3503/3893/3929 3424/3909/3945
f 3443/3895/3931 3587/3899/3935 3437/3896/3932
f 3443/3895/3931 3442/3901/3937 3588/3900/3936
f 3437/3896/3932 3587/3899/3935 3439/3904/3940
f 3503/3893/3929 3502/3907/3943 3591/3920/3956
f 3502/3907/3943 3505/3906/3942 3591/3920/3956
f 3503/3893/3929 3591/3920/3956 3449/3902/3938
f 3422/3898/3934 3588/3900/3936 3504/3911/3947
f 3588/3900/3936 3449/3902/3938 3450/3912/3948
f 3450/3912/3948 3444/3913/3949 3504/3911/3947
f 3589/3903/3939 3423/3914/3950 3592/3915/3951
f 3505/3906/3942 3506/3918/3954 3591/3920/3956
f 3438/3916/3952 3593/3928/3964 3505/3906/3942
f 3593/3928/3964 3508/3917/3953 3505/3906/3942
f 3508/3917/3953 3594/3919/3955 3506/3918/3954
f 3594/3919/3955 3444/3913/3949 3450/3912/3948
f 3449/3902/3938 3506/3918/3954 3450/3912/3948
f 3592/3915/3951 3445/3922/3958 3619/3921/3957
f 3444/3913/3949 3425/3924/3960 3507/3923/3959
f 3507/3923/3959 3451/3925/3961 3446/3926/3962
f 3447/3927/3963 3451/3925/3961 3425/3924/3960
f 3440/3929/3965 3595/3934/3970 3509/3930/3966
f 3595/3934/3970 3511/3933/3969 3452/3935/3971
f 3509/3930/3966 3595/3934/3970 3452/3935/3971
f 3509/3930/3966 3452/3935/3971 3447/3927/3963
f 3618/3931/3967 3509/3930/3966 3593/3928/3964
f 3596/3936/3972 3483/3939/3975 3510/3937/3973
f 3510/3937/3973 3445/3922/3958 3446/3926/3962
f 3483/3939/3975 3619/3921/3957 3445/3922/3958
f 3511/3933/3969 3446/3926/3962 3451/3925/3961
f 3532/3938/3974 3510/3937/3973 3511/3933/3969
f 3512/3940/3976 3427/3945/3981 3467/3944/3980
f 3427/3945/3981 3583/4003/4041 3580/3946/3982
f 3455/3949/3985 3581/3948/3984 3597/3951/3987
f 3581/3948/3984 3427/3945/3981 3597/3951/3987
f 3581/3948/3984 3583/4003/4041 3427/3945/3981
f 3597/3951/3987 3427/3945/3981 3468/3950/3986
f 3471/3955/3991 3515/3954/3990 3514/3958/3994
f 3426/3953/3989 3513/3956/3992 3515/3954/3990
f 3479/3979/4015 3513/3956/3992 3426/3953/3989
f 3479/3979/4015 3480/3957/3993 3513/3956/3992
f 3513/3956/3992 3512/3940/3976 3469/3942/3978
f 3513/3956/3992 3469/3942/3978 3515/3954/3990
f 3459/3959/3995 3514/3958/3994 3469/3942/3978
f 3516/3961/3997 3431/3965/4001 3470/4432/4596
f 3516/3961/3997 3599/3952/3988 3431/3965/4001
f 3455/3949/3985 3597/3951/3987 3598/3963/3999
f 3599/3952/3988 3468/3950/3986 3480/3957/3993
f 3431/3965/4001 3480/3957/3993 3479/3979/4015
f 3474/3966/4002 3517/3973/4009 3463/3967/4003
f 3600/3970/4006 3481/3972/4008 3474/3966/4002
f 3522/3971/4007 3600/3970/4006 3474/3966/4002
f 3474/3966/4002 3481/3972/4008 3517/3973/4009
f 3481/3972/4008 3479/3979/4015 3426/3953/3989
f 3463/3967/4003 3471/3955/3991 3462/3974/4010
f 3517/3973/4009 3426/3953/3989 3471/3955/3991
f 3460/3975/4011 3518/3978/4014 3472/3976/4012
f 3518/3978/4014 3519/3981/4017 3521/3982/4018
f 3472/3976/4012 3518/3978/4014 3521/3982/4018
f 3470/4432/4596 3519/3981/4017 3518/3978/4014
f 3461/3962/3998 3470/4432/4596 3518/3978/4014
f 3461/3962/3998 3516/3961/3997 3470/4432/4596
f 3470/4432/4596 3431/3965/4001 3519/3981/4017
f 3520/3980/4016 3481/3972/4008 3600/3970/4006
f 3605/3987/4023 3601/3989/4025 3523/3983/4019
f 3601/3989/4025 3473/3969/4005 3522/3971/4007
f 3523/3983/4019 3475/3968/4004 3453/3988/4024
f 3523/3983/4019 3522/3971/4007 3475/3968/4004
f 3464/3990/4026 3524/3993/4029 3476/3991/4027
f 3465/3977/4013 3472/3976/4012 3524/3993/4029
f 3524/3993/4029 3472/3976/4012 3525/3994/4030
f 3525/3994/4030 3521/3982/4018 3473/3969/4005
f 3527/3996/4032 3526/3995/4031 3601/3989/4025
f 3524/3993/4029 3525/3994/4030 3526/3995/4031
f 3524/3993/4029 3527/3996/4032 3476/3991/4027
f 3466/3992/4028 3476/3991/4027 3528/3997/4033
f 3482/3998/4034 3604/4001/4039 3477/2159/4035
f 3528/3997/4033 3477/2159/4035 3478/2160/4036
f 3420/3986/4022 3603/3999/4037 3602/3985/4021
f 3603/3999/4037 3604/4001/4039 3529/4000/4038
f 3529/4000/4038 3482/3998/4034 3605/3987/4023
f 3606/4002/4040 3585/4105/4159 3583/4003/4041
f 3619/3921/3957 3483/3939/3975 3530/4005/4044
f 3530/4005/4049 3483/3939/4046 3607/4008/4048
f 3607/2174/4048 3612/4022/4047 3603/3999/4037
f 3608/4010/4050 3607/2174/4048 3603/3999/4037
f 3590/3905/3941 3485/4014/4055 3609/4013/4054
f 3610/4012/4052 3611/4016/4057 3432/2441/4053
f 3611/4017/4057 3461/3962/3998 3531/1205/4058
f 3611/4017/4057 3487/2234/4109 3461/3962/3998
f 3432/3021/4053 3531/1205/4058 3488/4018/4059
f 3531/1205/4058 3461/3962/3998 3460/3975/4011
f 3448/3932/3968 3492/4054/4597 3532/3938/3974
f 3492/4054/4598 3429/4053/4598 3493/4019/4598
f 3532/3938/4060 3492/4054/4599 3493/4019/4062
f 3533/4021/4064 3494/4020/4063 3604/4001/4039
f 3612/4022/4047 3493/2454/4062 3533/4021/4064
f 3421/3892/3928 3428/4100/4042 3534/4025/4068
f 3534/4027/4070 3428/4004/4042 3456/3947/3983
f 3621/4028/4071 3456/3947/3983 3455/3949/3985
f 3535/4433/4073 3499/4032/4072 3586/1709/4161
f 3584/4034/4076 3613/4033/4075 3436/4102/4156
f 3586/1709/4161 3499/4032/4072 3580/3946/3982
f 3613/4033/4075 3501/3894/3930 3424/3909/3945
f 3443/3895/3931 3424/3909/3945 3442/3901/3937
f 3555/4036/4078 3441/4035/4077 3443/3895/3931
f 3497/4037/4079 3536/4040/4082 3537/4038/4080
f 3439/3904/3940 3419/3910/3946 3536/4040/4082
f 3538/4044/4085 3620/4043/4084 3495/4045/4086
f 3537/4042/4080 3551/4076/4083 3620/4043/4084
f 3462/3974/4010 3495/4045/4086 3463/3967/4003
f 3539/4047/4081 3537/4042/4080 3538/4044/4085
f 3496/4046/4087 3538/4044/4085 3462/3974/4010
f 3547/4048/4088 3540/4348/4600 3614/4049/4089
f 3540/4348/4600 3429/4053/4094 3614/4049/4089
f 3540/4051/4091 3478/2160/4036 3541/2490/4092
f 3541/2490/4092 3477/2159/4035 3494/4020/4063
f 3429/4052/4093 3541/2490/4092 3493/2454/4062
f 3614/4049/4089 3448/3932/3968 3595/3934/3970
f 3438/3916/3952 3609/4013/4054 3615/4056/4097
f 3609/4013/4054 3432/2441/4053 3616/4055/4096
f 3488/4018/4059 3460/3975/4011 3465/3977/4013
f 3617/2225/4098 3465/3977/4013 3464/3990/4026
f 3617/2225/4098 3464/3990/4026 3466/3992/4028
f 3441/4035/4077 3555/4036/4078 3542/4060/4100
f 3555/4036/4078 3434/3897/3933 3557/4061/4103
f 3434/3897/3933 3500/4097/4119 3557/4061/4103
f 3500/4097/4119 3543/4434/4116 3557/4061/4103
f 3499/4032/4072 3542/4435/4102 3544/4084/4131
f 3499/4032/4072 3544/4084/4131 3467/3944/3980
f 3590/3905/3941 3569/3908/3944 3485/4014/4055
f 3485/4014/4055 3569/3908/3944 3567/4063/4105
f 3569/3908/3944 3491/4023/4065 3564/3344/4107
f 3569/3908/3944 3564/3344/4107 3573/4090/4136
f 3491/4023/4065 3490/3032/4145 3566/4064/4106
f 3567/2233/4105 3545/4065/4108 3611/4017/4057
f 3487/2234/4109 3568/3960/3996 3461/3962/3998
f 3618/3931/3967 3430/4066/4099 3547/4048/4088
f 3615/4056/4097 3616/4055/4096 3430/4066/4099
f 3430/4059/4099 3617/2225/4098 3546/4067/4110
f 3546/4067/4110 3466/3992/4028 3478/2160/4036
f 3547/4050/4088 3546/4067/4110 3478/2160/4036
f 3434/3897/3933 3437/3896/3932 3576/4069/4112
f 3497/4037/4079 3539/4039/4081 3548/4070/4113
f 3437/3896/3932 3497/4037/4079 3548/4070/4113
f 3578/4072/4114 3539/4047/4081 3496/4046/4087
f 3549/4073/4115 3496/4046/4087 3514/3958/3994
f 3500/3356/4119 3575/4436/4601 3579/4075/4117
f 3536/4040/4082 3550/4006/4045 3551/4041/4083
f 3536/4040/4082 3619/3921/3957 3550/4006/4045
f 3550/4437/4045 3530/4009/4049 3484/4011/4051
f 3484/4011/4051 3608/4010/4050 3420/3986/4022
f 3620/4043/4084 3484/4011/4051 3453/3988/4024
f 3551/4076/4083 3550/4437/4045 3484/4011/4051
f 3495/4045/4086 3620/4043/4084 3453/3988/4024
f 3621/4028/4071 3455/3949/3985 3554/3860/4602
f 3455/3949/3985 3458/3964/4000 3553/4078/4123
f 3490/2555/4603 3433/4077/4122 3489/4079/4124
f 3458/3964/4000 3489/4079/4124 3553/4078/4123
f 3622/4080/4125 3554/4438/4604 3552/4026/4069
f 3554/3860/4602 3455/3949/3985 3553/4078/4123
f 3552/4026/4069 3554/4438/4604 3433/4024/4066
f 3558/3943/3979 3563/4082/4128 3561/4083/4129
f 3542/4435/4102 3559/4087/4134 3544/4084/4131
f 3457/3941/3977 3467/3944/3980 3556/4081/4127
f 3457/3941/3977 3556/4081/4127 3558/3943/3979
f 3562/4088/4135 3560/4086/4133 3563/4082/4128
f 3563/4082/4128 3544/4084/4131 3562/4088/4135
f 3556/4081/4127 3544/4084/4131 3563/4082/4128
f 3543/4434/4116 3561/2008/4129 3557/4061/4103
f 3562/4062/4104 3557/4061/4103 3560/4089/4605
f 3568/3960/3996 3545/4065/4108 3570/4439/4137
f 3567/2233/4105 3570/4439/4137 3545/4065/4108
f 3569/3908/3944 3573/4090/4136 3567/4063/4105
f 3489/4079/4124 3623/4094/4606 3490/2555/4603
f 3458/3964/4000 3623/4094/4606 3489/4079/4124
f 3458/3964/4000 3565/4092/4138 3623/4094/4606
f 3598/3963/3999 3565/4092/4138 3458/3964/4000
f 3572/4093/4139 3571/4440/4607 3570/4091/4137
f 3564/3344/4107 3572/4093/4144 3573/4090/4136
f 3490/3032/4145 3571/4440/4608 3572/4093/4146
f 3571/4095/4142 3565/4092/4138 3570/4439/4137
f 3565/4092/4138 3568/3960/3996 3570/4439/4137
f 3575/4096/4148 3434/3897/4148 3576/4069/4609
f 3514/3958/3994 3435/4099/4152 3549/4073/4115
f 3459/3959/3995 3558/3943/3979 3579/4075/4150
f 3459/3959/3995 3574/4098/4151 3435/4099/4152
f 3576/4069/4154 3577/4068/4147 3435/4441/4152
f 3579/4075/4610 3576/1697/4610 3574/4098/4611
f 3575/4436/4612 3576/1697/4610 3579/4075/4610
f 3578/4071/4114 3435/4441/4152 3577/4068/4147
f 3428/4100/4042 3421/3892/3928 3584/4034/4076
f 3606/4442/4043 3428/4100/4042 3585/4101/4155
f 3421/3892/3928 3501/3894/3930 3584/4034/4076
f 3535/4030/4613 3586/4103/4157 3498/4031/4101
f 3441/4035/4077 3436/4102/4156 3613/4033/4075
f 3584/4034/4076 3436/4102/4156 3582/4104/4158
f 3702/4248/4314 3713/4126/4181 3833/4111/4166
f 3833/4111/4166 3713/4126/4181 3715/4108/4163
f 3825/4107/4162 3833/4111/4166 3715/4108/4163
f 3712/4109/4164 3715/4108/4163 3650/4112/4167
f 3652/4114/4169 3804/4118/4173 3644/4115/4170
f 3652/4114/4169 3651/4120/4175 3805/4119/4174
f 3644/4115/4170 3804/4118/4173 3646/4123/4178
f 3715/4108/4163 3713/4126/4181 3809/4139/4194
f 3713/4126/4181 3718/4125/4180 3809/4139/4194
f 3714/4128/4183 3659/4121/4176 3651/4120/4175
f 3715/4108/4163 3809/4139/4194 3714/4128/4183
f 3806/4122/4177 3717/4131/4186 3624/4129/4184
f 3626/4117/4172 3805/4119/4174 3716/4130/4185
f 3805/4119/4174 3659/4121/4176 3807/4132/4187
f 3660/4133/4188 3653/4142/4197 3807/4132/4187
f 3807/4132/4187 3653/4142/4197 3627/4134/4189
f 3717/4131/4186 3627/4134/4189 3810/4135/4190
f 3718/4125/4180 3719/4138/4193 3809/4139/4194
f 3645/4136/4191 3811/4148/4203 3718/4125/4180
f 3811/4148/4203 3812/4137/4192 3718/4125/4180
f 3812/4137/4192 3653/4142/4197 3660/4133/4188
f 3714/4128/4183 3719/4138/4193 3660/4133/4188
f 3810/4135/4190 3654/4141/4196 3842/4140/4195
f 3653/4142/4197 3630/4144/4199 3720/4143/4198
f 3720/4143/4198 3661/4145/4200 3655/4146/4201
f 3811/4148/4203 3721/4150/4205 3812/4137/4192
f 3647/4147/4202 3656/4149/4204 3811/4148/4203
f 3656/4149/4204 3628/4151/4206 3721/4150/4205
f 3628/4151/4206 3661/4145/4200 3630/4144/4199
f 3721/4150/4205 3630/4144/4199 3653/4142/4197
f 3648/4152/4207 3813/4157/4212 3722/4153/4208
f 3813/4157/4212 3724/4156/4211 3662/4158/4213
f 3722/4153/4208 3813/4157/4212 3662/4158/4213
f 3722/4153/4208 3662/4158/4213 3628/4151/4206
f 3840/4154/4209 3722/4153/4208 3647/4147/4202
f 3814/4159/4214 3694/4162/4217 3723/4160/4215
f 3723/4160/4215 3654/4141/4196 3655/4146/4201
f 3694/4162/4217 3842/4140/4195 3654/4141/4196
f 3724/4156/4211 3655/4146/4201 3661/4145/4200
f 3657/4161/4216 3723/4160/4215 3724/4156/4211
f 3679/4175/4231 3725/4167/4222 3815/4163/4218
f 3725/4167/4222 3632/4169/4224 3678/4168/4223
f 3632/4169/4224 3800/4225/4288 3803/4170/4225
f 3640/4171/4226 3797/4174/4230 3816/4172/4227
f 3797/4174/4230 3632/4169/4224 3816/4172/4227
f 3797/4174/4230 3800/4225/4288 3632/4169/4224
f 3816/4172/4227 3632/4169/4224 3679/4175/4231
f 3682/4179/4235 3728/4178/4234 3727/4182/4238
f 3631/4177/4233 3726/4180/4236 3728/4178/4234
f 3690/4203/4261 3726/4180/4236 3631/4177/4233
f 3690/4203/4261 3691/4181/4237 3726/4180/4236
f 3726/4180/4236 3815/4163/4218 3680/4165/4220
f 3726/4180/4236 3680/4165/4220 3728/4178/4234
f 3669/4183/4239 3727/4182/4238 3680/4165/4220
f 3729/4185/4241 3636/4189/4245 3681/4202/4260
f 3729/4185/4241 3818/4176/4232 3636/4189/4245
f 3665/4173/4228 3816/4172/4227 3817/4187/4243
f 3818/4176/4232 3679/4175/4231 3691/4181/4237
f 3636/4189/4245 3691/4181/4237 3690/4203/4261
f 3685/4190/4246 3730/4197/4253 3674/4191/4247
f 3819/4194/4250 3692/4196/4252 3685/4190/4246
f 3735/4195/4251 3819/4194/4250 3685/4190/4246
f 3685/4190/4246 3692/4196/4252 3730/4197/4253
f 3692/4196/4252 3690/4203/4261 3631/4177/4233
f 3674/4191/4247 3682/4179/4235 3673/4198/4254
f 3730/4197/4253 3631/4177/4233 3682/4179/4235
f 3670/4199/4255 3731/4201/4259 3683/4200/4256
f 3731/4201/4259 3732/4205/4263 3734/4206/4264
f 3683/4200/4256 3731/4201/4259 3734/4206/4264
f 3681/4202/4260 3732/4205/4263 3731/4201/4259
f 3671/3759/4258 3681/4202/4260 3731/4201/4259
f 3672/4186/4242 3729/4185/4241 3681/4202/4260
f 3681/4202/4260 3636/4189/4245 3732/4205/4263
f 3733/4204/4262 3692/4196/4252 3819/4194/4250
f 3824/4211/4269 3820/4213/4271 3736/4207/4265
f 3820/4213/4271 3684/4193/4249 3735/4195/4251
f 3736/4207/4265 3686/4192/4248 3663/4212/4270
f 3736/4207/4265 3735/4195/4251 3686/4192/4248
f 3687/4215/4273 3737/4216/4275 3740/1848/4277
f 3675/4214/4272 3737/4216/4275 3687/4215/4273
f 3676/2135/4257 3683/4200/4256 3737/4216/4275
f 3737/4216/4275 3683/4200/4256 3738/4217/4276
f 3738/4217/4276 3734/4206/4264 3684/4193/4249
f 3741/4219/4279 3739/4218/4278 3820/4213/4271
f 3740/1848/4277 3738/4217/4276 3739/4218/4278
f 3740/1848/4277 3741/4219/4279 3687/4215/4273
f 3677/3255/4274 3687/4215/4273 3742/3527/4280
f 3693/4220/4281 3823/4223/4286 3688/1171/4282
f 3742/3527/4280 3688/1171/4282 3689/4221/4283
f 3625/4210/4268 3822/3783/4284 3821/4209/4267
f 3822/3783/4284 3823/4223/4286 3743/4222/4285
f 3743/4222/4285 3693/4220/4281 3824/4211/4269
f 3826/4224/4287 3801/3130/4416 3800/4225/4288
f 3842/4140/4195 3694/4162/4217 3744/4227/4292
f 3744/4227/4297 3694/4162/4294 3827/4230/4296
f 3827/4232/4296 3832/4247/4295 3822/3783/4284
f 3828/1192/4298 3827/4232/4296 3822/3783/4284
f 3808/4124/4179 3696/4236/4303 3829/4235/4302
f 3830/4233/4300 3831/4238/4305 3637/4234/4301
f 3831/4240/4305 3672/4186/4242 3745/4239/4306
f 3831/4240/4305 3698/1553/4361 3672/4186/4242
f 3637/4241/4301 3745/4239/4306 3699/4242/4307
f 3745/4239/4306 3671/3759/4258 3670/4199/4255
f 3657/4161/4216 3746/4243/4308 3814/4159/4214
f 3658/4155/4210 3703/4276/4346 3746/4243/4311
f 3703/4276/4614 3634/4275/4615 3704/4244/4310
f 3746/4243/4309 3703/4276/4614 3704/4244/4310
f 3747/4246/4313 3705/4245/4312 3823/4223/4286
f 3832/4247/4295 3704/2454/4310 3747/4246/4313
f 3825/4107/4162 3633/4328/4289 3748/4251/4317
f 3748/3564/4318 3633/4226/4289 3666/2938/4291
f 3844/4252/4616 3666/2938/4229 3640/4171/4226
f 3749/4443/4321 3710/4256/4320 3802/4259/4418
f 3798/4258/4325 3834/4257/4324 3643/4330/4415
f 3834/4257/4324 3712/4109/4164 3629/4113/4168
f 3652/4114/4169 3629/4113/4168 3651/4120/4175
f 3769/4261/4328 3649/4260/4327 3652/4114/4169
f 3708/4262/4329 3750/4264/4332 3751/4263/4330
f 3646/4123/4178 3624/4129/4184 3750/4264/4332
f 3752/4268/4335 3843/4267/4334 3706/4045/4336
f 3751/4266/4330 3765/4304/4333 3843/4267/4334
f 3673/4198/4254 3706/4045/4336 3674/4191/4247
f 3753/4270/4331 3751/4266/4330 3752/4268/4335
f 3707/4269/4337 3752/4268/4335 3673/4198/4254
f 3761/4271/4338 3754/4444/4617 3835/4272/4339
f 3754/4444/4617 3634/4275/4345 3835/4272/4339
f 3754/2489/4342 3689/4221/4283 3755/1262/4343
f 3755/1262/4343 3688/1171/4282 3705/4245/4312
f 3634/4274/4344 3755/1262/4343 3704/2454/4310
f 3836/4277/4347 3703/4276/4346 3658/4155/4210
f 3835/4272/4341 3836/4277/4347 3813/4157/4212
f 3645/4136/4191 3829/4235/4302 3837/4280/4350
f 3829/4235/4302 3637/4234/4301 3838/4278/4348
f 3838/4278/4348 3699/4281/4307 3638/4279/4349
f 3699/4242/4307 3670/4199/4255 3676/2135/4257
f 3839/4282/4351 3676/2135/4257 3675/4214/4272
f 3839/4282/4351 3675/4214/4272 3677/3255/4274
f 3649/4260/4327 3769/4261/4328 3756/4285/4353
f 3769/4261/4328 3641/4116/4171 3772/4286/4355
f 3641/4116/4171 3711/4322/4370 3772/4286/4355
f 3711/4322/4370 3757/4377/4372 3772/4286/4355
f 3710/4256/4320 3756/4445/4354 3758/4311/4391
f 3710/4256/4323 3758/4311/4384 3678/4168/4223
f 3808/4124/4179 3784/4127/4182 3696/4236/4303
f 3696/4236/4303 3784/4127/4182 3782/4288/4357
f 3784/4127/4182 3702/4248/4314 3779/4289/4359
f 3784/4127/4182 3779/4289/4359 3788/4317/4392
f 3702/4248/4314 3701/4250/4401 3781/3343/4358
f 3782/4290/4357 3759/4292/4360 3831/4240/4305
f 3698/1553/4361 3783/4184/4240 3672/4186/4242
f 3840/4154/4209 3635/4293/4352 3761/4271/4338
f 3837/4280/4350 3638/4279/4349 3635/4293/4352
f 3635/4284/4352 3839/4282/4351 3760/4294/4362
f 3760/4294/4362 3677/3255/4274 3689/4221/4283
f 3761/4273/4338 3760/4294/4362 3689/4221/4283
f 3641/4116/4171 3644/4115/4170 3791/4296/4364
f 3708/4262/4329 3753/3048/4331 3762/4297/4365
f 3644/4115/4170 3708/4262/4329 3762/4297/4365
f 3794/4299/4366 3753/4270/4331 3707/4269/4337
f 3763/4300/4367 3707/4269/4337 3727/4182/4238
f 3757/4301/4368 3841/4303/4413 3795/4302/4369
f 3711/1645/4370 3790/4446/4618 3841/4303/4371
f 3750/4264/4332 3764/4228/4293 3765/4265/4333
f 3750/4264/4332 3842/4140/4195 3764/4228/4293
f 3764/4447/4293 3744/4231/4297 3695/3545/4299
f 3695/3545/4299 3828/1192/4298 3625/4210/4268
f 3843/4267/4334 3695/3545/4299 3663/4212/4270
f 3765/4304/4333 3764/4447/4293 3695/3545/4299
f 3706/4045/4336 3843/4267/4334 3663/4212/4270
f 3844/4252/4616 3640/4171/4226 3768/4305/4380
f 3665/4173/4228 3668/4188/4244 3767/4307/4376
f 3701/2269/4619 3639/4306/4375 3700/4308/4377
f 3668/4188/4244 3700/4308/4377 3767/4307/4376
f 3845/1315/4378 3768/4448/4620 3766/4110/4165
f 3768/4305/4380 3665/4173/4228 3767/4307/4376
f 3766/4110/4165 3768/4448/4620 3639/4249/4315
f 3773/4166/4221 3778/3366/4382 3776/4310/4383
f 3756/4445/4354 3774/2262/4389 3758/4311/4391
f 3667/4164/4219 3678/4168/4223 3771/4309/4381
f 3667/4164/4219 3771/4309/4381 3773/4166/4221
f 3777/4316/4621 3775/4315/4388 3778/3366/4382
f 3778/3366/4382 3758/4311/4384 3777/4316/4622
f 3771/4309/4381 3758/4311/4384 3778/3366/4382
f 3774/4312/4385 3770/4287/4356 3777/4314/4387
f 3757/4377/4372 3776/1673/4383 3772/4286/4355
f 3770/4287/4356 3772/4286/4355 3775/4313/4623
f 3783/4184/4240 3759/4292/4360 3785/4419/4393
f 3782/4290/4357 3785/4419/4393 3759/4292/4360
f 3784/4127/4182 3788/4317/4392 3782/4288/4357
f 3700/4308/4377 3846/4320/4624 3701/2269/4619
f 3668/4188/4244 3846/4320/4624 3700/4308/4377
f 3668/4188/4244 3780/4319/4394 3846/4320/4624
f 3817/4187/4243 3780/4319/4394 3668/4188/4244
f 3787/1341/4395 3786/4449/4625 3785/4318/4393
f 3779/4289/4359 3787/1341/4400 3788/4317/4392
f 3701/4250/4401 3786/4449/4626 3787/1341/4402
f 3786/4095/4398 3780/4319/4394 3785/4419/4393
f 3780/4319/4394 3783/4184/4240 3785/4419/4393
f 3790/4321/4405 3641/4116/4404 3791/4296/4627
f 3727/4182/4238 3792/4324/4408 3763/4300/4367
f 3669/4183/4239 3773/4166/4221 3795/4302/4369
f 3669/4183/4239 3789/4323/4407 3792/4324/4408
f 3791/4296/4412 3793/4295/4403 3792/4326/4410
f 3841/4303/4628 3791/2030/4629 3789/4323/4630
f 3790/4446/4631 3791/2030/4629 3841/4303/4628
f 3794/4298/4366 3642/4325/4409 3793/4295/4403
f 3633/4328/4289 3825/4107/4162 3798/4258/4325
f 3826/4450/4290 3633/4328/4289 3801/4329/4414
f 3825/4107/4162 3712/4109/4164 3798/4258/4325
f 3709/4255/4322 3796/4334/4420 3643/4330/4415
f 3749/4254/4321 3796/4334/4420 3709/4255/4322
f 3749/4254/4321 3802/4332/4418 3796/4334/4420
f 3649/4260/4327 3643/4330/4415 3834/4257/4324
f 3798/4258/4325 3799/4333/4632 3801/4329/4414
f 3796/4334/4420 3798/4258/4325 3643/4330/4415
f 3796/4334/4420 3799/4333/4632 3798/4258/4325
f 3867/4451/4633 3933/4452/4634 3935/4453/4635
f 3865/4454/4636 3917/4455/4637 3864/4456/4638
f 3877/4457/4639 3919/4458/4640 3916/4459/4641
f 3880/4460/4642 3943/4461/4643 3879/4462/4644
f 3935/4453/4635 3850/4463/4645 3851/4464/4646
f 3936/4465/4647 3873/4466/4648 3934/4467/4649
f 3871/4468/4650 3921/4469/4651 3918/4470/4652
f 3934/4467/4649 3858/4471/4653 3936/4465/4647
f 3878/4472/4654 3915/4473/4655 3919/4458/4640
f 3941/4474/4656 3853/4475/4657 3854/4476/4658
f 3940/4477/4659 3861/4478/4660 3942/4479/4661
f 3930/4480/4662 3864/4456/4638 3927/4481/4663
f 3865/4454/4636 3922/4482/4664 3920/4483/4665
f 3873/4466/4648 3921/4469/4651 3872/4484/4666
f 3903/4485/4667 3924/4486/4668 3905/4487/4669
f 3941/4474/4656 3869/4488/4670 3939/4489/4671
f 3882/4490/4672 3901/4491/4673 3903/4485/4667
f 3866/4492/4674 3924/4486/4668 3922/4482/4664
f 3874/4493/4675 3923/4494/4676 3873/4466/4648
f 3877/4457/4639 3940/4477/4659 3942/4479/4661
f 3867/4451/4633 3926/4495/4677 3924/4486/4668
f 3925/4496/4678 3875/4497/4679 3911/4498/4680
f 3932/4499/4681 3864/4456/4638 3863/4500/4682
f 3868/4501/4683 3912/4502/4684 3926/4495/4677
f 3876/4503/4685 3911/4498/4680 3875/4497/4679
f 3928/4504/4686 3877/4457/4639 3942/4479/4661
f 3900/4505/4687 3915/4473/4655 3895/4506/4688
f 3870/4507/4689 3912/4502/4684 3869/4488/4670
f 3876/4503/4685 3916/4459/4641 3913/4508/4690
f 3927/4481/4663 3847/4509/4691 3848/4510/4692
f 3864/4456/4638 3915/4473/4655 3863/4500/4682
f 3871/4468/4650 3914/4511/4693 3870/4507/4689
f 3872/4484/4666 3929/4512/4694 3931/4513/4695
f 3904/4514/4696 3925/4496/4678 3906/4515/4697
f 3876/4503/4685 3938/4516/4698 3940/4477/4659
f 3905/4487/4669 3926/4495/4677 3907/4517/4699
f 3898/4518/4700 3879/4462/4644 3895/4506/4688
f 3906/4515/4701 3911/4498/4680 3908/4519/4702
f 3917/4455/4637 3895/4506/4688 3915/4473/4655
f 3926/4495/4677 3909/4520/4703 3907/4517/4699
f 3913/4508/4690 3908/4519/4702 3911/4498/4680
f 3863/4500/4682 3928/4504/4686 3932/4499/4681
f 3934/4467/4649 3872/4484/4666 3931/4513/4695
f 3929/4512/4694 3854/4476/4658 3855/4521/4704
f 3909/4520/4703 3914/4511/4693 3897/4522/4705
f 3942/4479/4661 3862/4523/4706 3928/4504/4686
f 3941/4474/4656 3871/4468/4650 3870/4507/4689
f 3897/4522/4705 3918/4470/4652 3899/4524/4707
f 3869/4488/4670 3937/4525/4708 3939/4489/4671
f 3896/4526/4709 3919/4458/4640 3900/4505/4687
f 3868/4501/4683 3935/4453/4635 3937/4525/4708
f 3918/4470/4652 3902/4527/4710 3899/4524/4707
f 3910/4528/4711 3916/4459/4641 3896/4526/4709
f 3938/4516/4698 3874/4493/4675 3936/4465/4647
f 3902/4527/4710 3923/4494/4676 3904/4514/4696
f 3888/4529/4712 3943/4461/4643 3887/4530/4713
f 3905/4487/4669 3882/4490/4672 3903/4485/4667
f 3890/4531/4714 3904/4514/4696 3906/4515/4697
f 3895/4506/4688 3894/4532/4715 3900/4505/4687
f 3889/4533/4716 3943/4461/4643 3888/4529/4712
f 3907/4517/4699 3883/4534/4717 3905/4487/4669
f 3891/4535/4718 3906/4515/4697 3908/4519/4702
f 3909/4520/4703 3884/4536/4719 3907/4517/4699
f 3910/4528/4711 3891/4535/4718 3908/4519/4702
f 3897/4522/4705 3885/4537/4720 3909/4520/4703
f 3896/4526/4709 3892/4538/4721 3910/4528/4711
f 3899/4524/4707 3886/4539/4722 3897/4522/4705
f 3894/4532/4715 3896/4526/4709 3900/4505/4687
f 3902/4527/4710 3887/4530/4713 3899/4524/4707
f 3882/4490/4672 3943/4461/4643 3881/4540/4723
f 3943/4461/4643 3894/4532/4715 3879/4462/4644
f 3881/4540/4723 3943/4461/4643 3880/4460/4642
f 3904/4514/4696 3888/4529/4712 3902/4527/4710
f 3894/4532/4715 3943/4461/4643 3893/4541/4724
f 3887/4530/4713 3943/4461/4643 3886/4539/4722
f 3893/4541/4724 3943/4461/4643 3892/4538/4721
f 3886/4539/4722 3943/4461/4643 3885/4537/4720
f 3892/4538/4721 3943/4461/4643 3891/4535/4718
f 3885/4537/4720 3943/4461/4643 3884/4536/4719
f 3891/4535/4718 3943/4461/4643 3890/4531/4714
f 3884/4536/4719 3943/4461/4643 3883/4534/4717
f 3890/4531/4714 3943/4461/4643 3889/4533/4716
f 3883/4534/4717 3943/4461/4643 3882/4490/4672
f 3881/4540/4723 3898/4518/4700 3901/4491/4673
f 3930/4480/4662 3848/4510/4692 3849/4542/4725
f 3936/4465/4647 3859/4543/4726 3938/4516/4698
f 3929/4512/4694 3856/4544/4727 3931/4513/4695
f 3937/4525/4708 3851/4464/4646 3852/4545/4728
f 3917/4455/4637 3901/4491/4673 3898/4518/4700
f 3928/4504/4686 3847/4509/4691 3932/4499/4681
f 3866/4492/4674 3930/4480/4662 3933/4452/4634
f 3939/4489/4671 3852/4545/4728 3853/4475/4657
f 3938/4516/4698 3860/4546/4729 3940/4477/4659
f 3920/4483/4665 3903/4485/4667 3901/4491/4673
f 3931/4513/4695 3857/4547/4730 3934/4467/4649
f 3933/4452/4634 3849/4542/4725 3850/4463/4645
f 3867/4451/4633 3866/4492/4674 3933/4452/4634
f 3865/4454/4636 3920/4483/4665 3917/4455/4637
f 3877/4457/4639 3878/4472/4654 3919/4458/4640
f 3935/4453/4635 3933/4452/4634 3850/4463/4645
f 3936/4465/4647 3874/4493/4675 3873/4466/4648
f 3871/4468/4650 3872/4484/4666 3921/4469/4651
f 3934/4467/4649 3857/4547/4730 3858/4471/4653
f 3878/4472/4654 3863/4500/4682 3915/4473/4655
f 3941/4474/4656 3939/4489/4671 3853/4475/4657
f 3940/4477/4659 3860/4546/4729 3861/4478/4660
f 3930/4480/4662 3865/4454/4636 3864/4456/4638
f 3865/4454/4636 3866/4492/4674 3922/4482/4664
f 3873/4466/4648 3923/4494/4676 3921/4469/4651
f 3903/4485/4667 3922/4482/4664 3924/4486/4668
f 3941/4474/4656 3870/4507/4689 3869/4488/4670
f 3882/4490/4672 3881/4540/4723 3901/4491/4673
f 3866/4492/4674 3867/4451/4633 3924/4486/4668
f 3874/4493/4675 3925/4496/4678 3923/4494/4676
f 3877/4457/4639 3876/4503/4685 3940/4477/4659
f 3867/4451/4633 3868/4501/4683 3926/4495/4677
f 3925/4496/4678 3874/4493/4675 3875/4497/4679
f 3932/4499/4681 3927/4481/4663 3864/4456/4638
f 3868/4501/4683 3869/4488/4670 3912/4502/4684
f 3876/4503/4685 3913/4508/4690 3911/4498/4680
f 3928/4504/4686 3878/4472/4654 3877/4457/4639
f 3900/4505/4687 3919/4458/4640 3915/4473/4655
f 3870/4507/4689 3914/4511/4693 3912/4502/4684
f 3876/4503/4685 3877/4457/4639 3916/4459/4641
f 3927/4481/4663 3932/4499/4681 3847/4509/4691
f 3864/4456/4638 3917/4455/4637 3915/4473/4655
f 3871/4468/4650 3918/4470/4652 3914/4511/4693
f 3872/4484/4666 3871/4468/4650 3929/4512/4694
f 3904/4514/4696 3923/4494/4676 3925/4496/4678
f 3876/4503/4685 3875/4497/4679 3938/4516/4698
f 3905/4487/4669 3924/4486/4668 3926/4495/4677
f 3898/4518/4700 3880/4460/4642 3879/4462/4644
f 3906/4515/4701 3925/4496/4678 3911/4498/4680
f 3917/4455/4637 3898/4518/4700 3895/4506/4688
f 3926/4495/4677 3912/4502/4684 3909/4520/4703
f 3913/4508/4690 3910/4528/4711 3908/4519/4702
f 3863/4500/4682 3878/4472/4654 3928/4504/4686
f 3934/4467/4649 3873/4466/4648 3872/4484/4666
f 3929/4512/4694 3941/4474/4656 3854/4476/4658
f 3909/4520/4703 3912/4502/4684 3914/4511/4693
f 3942/4479/4661 3861/4478/4660 3862/4523/4706
f 3941/4474/4656 3929/4512/4694 3871/4468/4650
f 3897/4522/4705 3914/4511/4693 3918/4470/4652
f 3869/4488/4670 3868/4501/4683 3937/4525/4708
f 3896/4526/4709 3916/4459/4641 3919/4458/4640
f 3868/4501/4683 3867/4451/4633 3935/4453/4635
f 3918/4470/4652 3921/4469/4651 3902/4527/4710
f 3910/4528/4711 3913/4508/4690 3916/4459/4641
f 3938/4516/4698 3875/4497/4679 3874/4493/4675
f 3902/4527/4710 3921/4469/4651 3923/4494/4676
f 3905/4487/4669 3883/4534/4717 3882/4490/4672
f 3890/4531/4714 3889/4533/4716 3904/4514/4696
f 3895/4506/4688 3879/4462/4644 3894/4532/4715
f 3907/4517/4699 3884/4536/4719 3883/4534/4717
f 3891/4535/4718 3890/4531/4714 3906/4515/4697
f 3909/4520/4703 3885/4537/4720 3884/4536/4719
f 3910/4528/4711 3892/4538/4721 3891/4535/4718
f 3897/4522/4705 3886/4539/4722 3885/4537/4720
f 3896/4526/4709 3893/4541/4724 3892/4538/4721
f 3899/4524/4707 3887/4530/4713 3886/4539/4722
f 3894/4532/4715 3893/4541/4724 3896/4526/4709
f 3902/4527/4710 3888/4529/4712 3887/4530/4713
f 3904/4514/4696 3889/4533/4716 3888/4529/4712
f 3881/4540/4723 3880/4460/4642 3898/4518/4700
f 3930/4480/4662 3927/4481/4663 3848/4510/4692
f 3936/4465/4647 3858/4471/4653 3859/4543/4726
f 3929/4512/4694 3855/4521/4704 3856/4544/4727
f 3937/4525/4708 3935/4453/4635 3851/4464/4646
f 3917/4455/4637 3920/4483/4665 3901/4491/4673
f 3928/4504/4686 3862/4523/4706 3847/4509/4691
f 3866/4492/4674 3865/4454/4636 3930/4480/4662
f 3939/4489/4671 3937/4525/4708 3852/4545/4728
f 3938/4516/4698 3859/4543/4726 3860/4546/4729
f 3920/4483/4665 3922/4482/4664 3903/4485/4667
f 3931/4513/4695 3856/4544/4727 3857/4547/4730
f 3933/4452/4634 3930/4480/4662 3849/4542/4725
