# Blender 4.0.0
# www.blender.org
o freezer_door
v -0.05640000 -0.32410600 -0.90555650
v -0.45923000 -0.30741800 0.90603150
v -0.45923100 -0.32197100 0.91318050
v -0.44701200 -0.32410500 0.18965050
v -0.45720500 -0.30648600 0.90977750
v -0.45720500 -0.32410500 -0.90553950
v -0.05502000 -0.30626000 0.90774950
v -0.05487600 -0.30716900 0.91460050
v -0.05490900 -0.32357700 0.91467350
v -0.05641600 -0.32198700 -0.90767750
v -0.05641400 -0.32198600 0.91530550
v -0.45875600 -0.30648300 0.90755150
v -0.45867300 -0.32357600 0.91467650
v -0.45872100 -0.32352300 -0.90708050
v -0.45722500 -0.30595500 0.90818750
v -0.45862300 -0.30704900 0.91473950
v -0.05437400 -0.32198500 0.91318050
v -0.05437400 -0.32198000 -0.90555650
v -0.45719000 -0.30860600 0.91530550
v -0.05495000 -0.32352600 -0.90714250
v -0.45923100 -0.30861000 0.91316950
v -0.45720400 -0.32410500 0.91318450
v -0.45720000 -0.32197300 0.91530650
v -0.05639900 -0.32410500 0.91316750
v -0.05639800 -0.30648600 0.90977750
v -0.45719000 -0.30648500 0.91318550
v -0.05438000 -0.30835900 0.90619050
v -0.05573800 -0.30706900 0.91496150
v -0.45923000 -0.32198400 -0.90555550
v -0.45919600 -0.30050100 0.90673850
v -0.45720500 -0.30436600 0.90765950
v -0.05442500 -0.30047100 -0.90670350
v -0.05489200 -0.30019700 0.90698550
v -0.45922000 -0.30048400 -0.90662450
v -0.05438000 -0.30050300 0.90553150
v -0.05638000 -0.30051900 -0.90766950
v -0.45744100 -0.30038800 0.90763450
v -0.05638100 -0.30047200 0.90763950
v -0.45727700 -0.30046900 -0.90764650
v -0.05656500 -0.30015800 0.13127250
v -0.45717500 -0.30016000 -0.90552650
v -0.45703800 -0.30015800 0.13402150
v -0.05642700 -0.30015900 -0.90552650
v -0.45713600 -0.30015900 0.88878650
v -0.43068000 -0.30015900 0.88865850
v -0.05646800 -0.30015900 0.88873150
v -0.05437400 -0.32198300 0.28384750
v -0.05492300 -0.32355900 0.27917350
v -0.05639900 -0.32410500 0.27563850
v -0.05437800 -0.31282600 0.30624750
v -0.05543100 -0.32376200 0.27792250
v -0.05472300 -0.32302100 0.28078950
v -0.45882600 -0.32313900 0.41494050
v -0.45015600 -0.32410500 0.41282750
v -0.45923100 -0.32197500 0.41548450
v -0.45868600 -0.32356200 0.41474450
v -0.45923000 -0.31127700 0.41974050
v -0.45720400 -0.32410500 0.41423250
v -0.45762000 -0.32394500 0.41437850
v -0.45922700 -0.30559100 0.42200150
v -0.45923100 -0.31224100 0.41935650
v -0.24988300 -0.32352500 -0.90711250
v -0.24993000 -0.32410500 -0.90554850
v -0.05649200 -0.32410600 -0.90258150
v -0.05660900 -0.32410500 -0.90230050
v -0.05640000 -0.32410600 -0.90280850
v -0.24990600 -0.32380700 -0.90636550
v -0.05639800 -0.32410500 -0.90281350
v -0.05669300 -0.32410500 -0.90210450
v -0.24967800 -0.32272500 -0.90739050
v -0.24662400 -0.31177700 -0.90766250
v -0.44951900 -0.32410500 -0.07979650
v -0.45897700 -0.32270800 -0.07777250
v -0.45746500 -0.32400500 -0.07755850
v -0.45923000 -0.31532600 -0.08139050
v -0.45803000 -0.32378800 -0.07750350
v -0.45888900 -0.32297300 -0.07766450
v -0.45923000 -0.32197800 -0.07806350
v -0.45720400 -0.32410500 -0.07758250
v -0.45869900 -0.32354700 -0.07743150
v -0.45923000 -0.31592100 -0.08109250
v -0.45922600 -0.30716600 -0.08547250
v -0.05437400 -0.32198200 -0.08861050
v -0.05642800 -0.32410500 -0.08858050
v -0.05573200 -0.32386900 -0.08852450
v -0.05437700 -0.31581500 -0.08945750
v -0.05528200 -0.32368900 -0.08849150
v -0.05640000 -0.32410500 -0.08857650
v -0.05573100 -0.32386800 -0.08852450
v -0.05493200 -0.32354900 -0.08846650
v -0.05437700 -0.31226100 -0.08994550
v -0.05475300 -0.32306900 -0.08850950
v -0.05461400 -0.32269700 -0.08854250
v -0.45340200 -0.28710000 0.90244750
v -0.45340200 -0.29531300 0.90228850
v -0.45340200 -0.29531300 0.89620850
v -0.44622200 -0.29531300 0.89615550
v -0.44615900 -0.29515400 0.89593050
v -0.44615900 -0.28067400 0.89593050
v -0.44622200 -0.28051500 0.89615550
v -0.44631100 -0.28051500 0.89593050
v -0.45340200 -0.28051500 0.90228850
v -0.45340200 -0.29330700 0.90244750
v -0.45340200 -0.29515400 0.90244750
v -0.45340200 -0.29020300 0.90244750
v -0.45355400 -0.28490800 0.90228750
v -0.45355400 -0.28067400 0.90228850
v -0.45355400 -0.28067400 0.89641750
v -0.45322100 -0.28824800 0.90230850
v -0.04837300 -0.28824800 0.90230850
v -0.45342200 -0.28686200 0.90209850
v -0.45210400 -0.28608100 0.90071750
v -0.45322100 -0.29135100 0.90230850
v -0.45190300 -0.29213200 0.90092950
v -0.45322100 -0.28514500 0.90230850
v -0.04837500 -0.28514500 0.90230850
v -0.45342200 -0.29306900 0.90209850
v -0.45342200 -0.28996600 0.90209950
v -0.45210400 -0.28918400 0.90071750
v -0.44600700 -0.29515400 0.89608850
v -0.44614100 -0.29527300 0.89607150
v -0.44611500 -0.29515400 0.89604250
v -0.44611500 -0.28067400 0.89604250
v -0.44614100 -0.28055500 0.89607150
v -0.44600700 -0.28055500 0.89612950
v -0.44619800 -0.28055500 0.89593050
v -0.45335700 -0.28696100 0.90241250
v -0.45348200 -0.28695900 0.90237150
v -0.45351600 -0.28709900 0.90240750
v -0.45351600 -0.28801100 0.90240750
v -0.45348200 -0.28815100 0.90237050
v -0.45335700 -0.28814900 0.90241250
v -0.44619800 -0.29527300 0.89592950
v -0.45352100 -0.28814900 0.90223950
v -0.45335700 -0.29316800 0.90241250
v -0.45348200 -0.29316600 0.90237150
v -0.45351600 -0.29330600 0.90240750
v -0.45351600 -0.29515400 0.90240750
v -0.45349700 -0.29525400 0.90238750
v -0.45335700 -0.29006400 0.90241250
v -0.45348200 -0.29006200 0.90237150
v -0.45351600 -0.29020200 0.90240750
v -0.45351600 -0.29111400 0.90240750
v -0.45348200 -0.29125500 0.90237050
v -0.45335600 -0.29125300 0.90241250
v -0.45340200 -0.28067400 0.90244750
v -0.45349700 -0.28057400 0.90238750
v -0.45351600 -0.28067400 0.90240750
v -0.45351600 -0.28490800 0.90240750
v -0.45348200 -0.28504700 0.90237050
v -0.45335700 -0.28504600 0.90241250
v -0.45355400 -0.29515400 0.90228850
v -0.45351600 -0.29527300 0.90229750
v -0.45352100 -0.29125200 0.90223950
v -0.45352100 -0.28504600 0.90223950
v -0.45351600 -0.28055500 0.90229750
v -0.45338800 -0.28823900 0.90227250
v -0.45203800 -0.28903800 0.90085950
v -0.45198700 -0.28910700 0.90080750
v -0.45186200 -0.28910700 0.90085950
v -0.45190300 -0.28608100 0.90092950
v -0.45186200 -0.28600300 0.90085950
v -0.45198700 -0.28600300 0.90080750
v -0.45203800 -0.28607200 0.90085950
v -0.45338800 -0.28687100 0.90227250
v -0.45198700 -0.29221000 0.90080750
v -0.45203800 -0.29227800 0.90085950
v -0.45338800 -0.29307800 0.90227250
v -0.45338800 -0.29134200 0.90227250
v -0.45203800 -0.29214200 0.90085950
v -0.45203800 -0.28917500 0.90085950
v -0.45338800 -0.28997500 0.90227250
v -0.45338800 -0.28513500 0.90227250
v -0.45203800 -0.28593500 0.90085950
v -0.45203800 -0.29221000 0.90067550
v -0.44631600 -0.29531300 0.90228850
v -0.44600700 -0.28051500 0.89624850
v -0.44631100 -0.29531300 0.89593050
v -0.04824000 -0.29006400 0.90241250
v -0.45355400 -0.29515400 0.89641750
v -0.45352100 -0.28504600 0.89637050
v -0.29181000 -0.28814900 0.90241250
v -0.45210400 -0.28902900 0.90071750
v -0.45190300 -0.29228800 0.90092950
v -0.04973100 -0.28910700 0.90085950
v -0.45210400 -0.28592600 0.90071750
v -0.45340200 -0.28801000 0.90244750
v -0.44631600 -0.29515400 0.90244750
v -0.45340200 -0.29111400 0.90244750
v -0.45190300 -0.28902900 0.90092950
v -0.45190300 -0.28592500 0.90092950
v -0.44631600 -0.28051500 0.90228850
v -0.44631600 -0.28067400 0.90244750
v -0.45190300 -0.28918500 0.90092950
v -0.45355400 -0.29020200 0.90228750
v -0.45210400 -0.29228800 0.90071750
v -0.45342200 -0.28514400 0.90210150
v -0.45340200 -0.28051500 0.89620850
v -0.45355400 -0.28801100 0.90228750
v -0.45355400 -0.29515400 0.89599850
v -0.45355400 -0.29111400 0.90228750
v -0.45210400 -0.29213200 0.90071750
v -0.44600700 -0.29531300 0.89624850
v -0.44600700 -0.28067500 0.89608850
v -0.45322200 -0.28686200 0.90230850
v -0.45322200 -0.28996500 0.90230850
v -0.44600700 -0.29527300 0.89612950
v -0.45355400 -0.28709900 0.90228750
v -0.45355400 -0.29330600 0.90228750
v -0.45342200 -0.28824800 0.90209950
v -0.45342200 -0.29135100 0.90209850
v -0.45342100 -0.28514500 0.89581050
v -0.45352100 -0.29006400 0.90223950
v -0.45352100 -0.28504600 0.89595150
v -0.45340200 -0.28490700 0.90244750
v -0.45322200 -0.29306900 0.90230850
v -0.45352100 -0.28696100 0.90223950
v -0.45352100 -0.29316800 0.90223950
v -0.45355400 -0.28067400 0.89599850
v -0.45203800 -0.28600300 0.90067450
v -0.45203800 -0.28910700 0.90067750
v -0.04819400 -0.29330800 0.90244750
v -0.04819400 -0.29020300 0.90244750
v -0.05426600 -0.29515400 0.89608950
v -0.45340200 -0.28055500 0.90240750
v -0.05395700 -0.28051500 0.90228850
v -0.44615900 -0.28067400 -0.89887550
v -0.44619800 -0.28055500 -0.89887550
v -0.45342100 -0.29306900 -0.89875550
v -0.45351600 -0.28055500 -0.90523350
v -0.45355400 -0.29515500 -0.89894350
v -0.45351600 -0.29527400 -0.89915250
v -0.45352100 -0.29125300 -0.89889650
v -0.45210400 -0.28902800 -0.89739150
v -0.45210400 -0.28592500 -0.90366250
v -0.44631100 -0.28051600 -0.89887750
v -0.45352100 -0.29006400 -0.89889650
v -0.45355400 -0.29020300 -0.90523250
v -0.45203800 -0.29221100 -0.90362050
v -0.45352100 -0.28696000 -0.89889650
v -0.45355400 -0.28067400 -0.89894350
v -0.05395700 -0.29531300 0.90228850
v -0.45355400 -0.28490700 -0.90523250
v -0.04819300 -0.28801000 0.90244750
v -0.04819300 -0.29531300 0.90228850
v -0.05405100 -0.29531300 0.89615550
v -0.05396300 -0.29531300 0.89593050
v -0.05411500 -0.29515500 0.89593050
v -0.05411500 -0.28067400 0.89593050
v -0.05405100 -0.28051500 0.89615550
v -0.04819300 -0.28051500 0.90228850
v -0.04819300 -0.28051500 0.89620850
v -0.05395700 -0.29515400 0.90244750
v -0.04819300 -0.29515400 0.90244750
v -0.04819300 -0.29111400 0.90244750
v -0.04804200 -0.28067400 0.90228850
v -0.04969300 -0.28902900 0.90092950
v -0.04837500 -0.29135100 0.90230850
v -0.04969300 -0.29213200 0.90092950
v -0.04969300 -0.28592500 0.90092950
v -0.04949200 -0.29228800 0.90071850
v -0.05415900 -0.29515400 0.89604250
v -0.05413200 -0.29527300 0.89607150
v -0.05426600 -0.29527300 0.89612950
v -0.05426600 -0.28067500 0.89608950
v -0.05413200 -0.28055500 0.89607150
v -0.05415900 -0.28067400 0.89604250
v -0.05426700 -0.28051500 0.89624850
v -0.04807900 -0.28709900 0.90240750
v -0.04811400 -0.28695900 0.90237150
v -0.04823900 -0.28814900 0.90241250
v -0.04811400 -0.28815100 0.90237050
v -0.04807900 -0.28801100 0.90240750
v -0.05426700 -0.29531300 0.89624850
v -0.04804200 -0.28801100 0.90228750
v -0.04804200 -0.28709900 0.90228750
v -0.04807500 -0.28696100 0.90223950
v -0.04807900 -0.29330700 0.90240750
v -0.04811400 -0.29316600 0.90237150
v -0.04819300 -0.29527300 0.90240750
v -0.04809800 -0.29525400 0.90238750
v -0.04807900 -0.29515400 0.90240750
v -0.04807900 -0.29020200 0.90240750
v -0.04811400 -0.29006300 0.90237150
v -0.04823900 -0.29125200 0.90241250
v -0.04811400 -0.29125500 0.90237050
v -0.04807900 -0.29111400 0.90240750
v -0.04819300 -0.28067400 0.90244750
v -0.04807900 -0.28067400 0.90240750
v -0.04809800 -0.28057400 0.90238750
v -0.04819300 -0.28055500 0.90240750
v -0.04819300 -0.28490700 0.90244750
v -0.04811400 -0.28504800 0.90237050
v -0.04807900 -0.28490800 0.90240750
v -0.04804200 -0.29515400 0.90228850
v -0.04804200 -0.29330700 0.90228750
v -0.04807500 -0.29316800 0.90223950
v -0.04804200 -0.29111400 0.90228750
v -0.04804200 -0.29020200 0.90228850
v -0.04820800 -0.28823900 0.90227250
v -0.04960800 -0.28910700 0.90080750
v -0.04955800 -0.28903800 0.90085950
v -0.04969400 -0.28608100 0.90092950
v -0.04955800 -0.28607200 0.90085950
v -0.04960800 -0.28600300 0.90080750
v -0.04837400 -0.28686200 0.90230850
v -0.04820800 -0.28687100 0.90227250
v -0.04817400 -0.28824900 0.90209750
v -0.04955700 -0.28600300 0.90067450
v -0.04969400 -0.29228800 0.90092950
v -0.04955800 -0.29227800 0.90085950
v -0.04960800 -0.29221000 0.90080750
v -0.04973500 -0.29221000 0.90085950
v -0.04837500 -0.29306900 0.90230850
v -0.04820800 -0.29307800 0.90227250
v -0.04820800 -0.29134200 0.90227250
v -0.04955800 -0.29214200 0.90085950
v -0.04969400 -0.28918500 0.90092950
v -0.04955800 -0.28917500 0.90085950
v -0.04837500 -0.28996500 0.90230850
v -0.04820800 -0.28997500 0.90227250
v -0.04820800 -0.28513500 0.90227250
v -0.04955800 -0.28593500 0.90085950
v -0.04955700 -0.29221000 0.90067450
v -0.04949200 -0.29213200 0.90071750
v -0.04817400 -0.29135200 0.90209750
v -0.04817500 -0.28514500 0.90209750
v -0.45340200 -0.29527300 0.90240750
v -0.05426600 -0.28055500 0.89612950
v -0.04823900 -0.28696100 0.90241250
v -0.05407600 -0.29527300 0.89593050
v -0.05407600 -0.28055500 0.89593050
v -0.04824000 -0.29316700 0.90241250
v -0.05395700 -0.28067400 0.90244750
v -0.04804200 -0.29515400 0.89620850
v -0.04807500 -0.28504500 0.90224150
v -0.04973500 -0.28600300 0.90085950
v -0.04955800 -0.28910700 0.90067750
v -0.04807500 -0.28696100 0.89616050
v -0.45186200 -0.29221000 0.90085950
v -0.04823900 -0.28504600 0.90241250
v -0.04807500 -0.29316800 0.89616050
v -0.04955700 -0.29221000 0.89481650
v -0.04807500 -0.29006500 0.90223950
v -0.04955700 -0.28600300 0.89481550
v -0.04819400 -0.28710000 0.90244750
v -0.04817400 -0.29306800 0.90209750
v -0.04807900 -0.28055500 0.90228750
v -0.04807500 -0.28814900 0.90224150
v -0.04807900 -0.29527300 0.90229750
v -0.04807500 -0.29125200 0.90224150
v -0.04955700 -0.29221000 0.89440350
v -0.04949200 -0.28902900 0.90071850
v -0.04949200 -0.28592600 0.90071850
v -0.04819300 -0.29531300 0.89620850
v -0.05396300 -0.28051500 0.89592950
v -0.04804200 -0.28067400 0.89620850
v -0.04949200 -0.28608100 0.90071850
v -0.04955700 -0.28600300 0.89440350
v -0.04949200 -0.28918400 0.90071850
v -0.04804200 -0.28801100 -0.90523250
v -0.04804200 -0.28710000 -0.90523250
v -0.04804200 -0.29515500 -0.89915250
v -0.04804200 -0.29330600 -0.90523250
v -0.04949200 -0.29213300 -0.90366350
v -0.04817400 -0.29135200 -0.90504550
v -0.05411500 -0.29515500 -0.89887550
v -0.04807500 -0.29006400 -0.90518650
v -0.04949200 -0.29228800 -0.90366350
v -0.04955700 -0.29221100 -0.89734850
v -0.04804200 -0.28490800 0.90228750
v -0.04817400 -0.28686200 0.90209750
v -0.04817400 -0.28996500 0.90209750
v -0.04807500 -0.28696100 -0.90518650
v -0.04955700 -0.28910700 -0.89734850
v -0.04807500 -0.29316700 -0.90518550
v -0.05396300 -0.29531400 -0.89887550
v -0.04819300 -0.28051600 -0.89915250
v -0.45340200 -0.28709900 -0.90539250
v -0.04819400 -0.28801000 -0.90539250
v -0.45340200 -0.28801100 -0.90539250
v -0.45340200 -0.29531400 -0.90523350
v -0.44622200 -0.29531400 -0.89910050
v -0.44631100 -0.29531400 -0.89887750
v -0.44615900 -0.29515500 -0.89887550
v -0.44622200 -0.28051600 -0.89910050
v -0.45340200 -0.28051600 -0.90523350
v -0.45340200 -0.28051600 -0.89915250
v -0.45340200 -0.29330600 -0.90539250
v -0.29181000 -0.29515500 -0.90539250
v -0.45340200 -0.29515500 -0.90539250
v -0.45340200 -0.29020300 -0.90539250
v -0.45340200 -0.29111400 -0.90539250
v -0.45355400 -0.28067400 -0.89936250
v -0.45355400 -0.28067400 -0.90523350
v -0.45322100 -0.28824900 -0.90525450
v -0.45190300 -0.28902800 -0.90387450
v -0.45322100 -0.29135200 -0.90525450
v -0.04837500 -0.29135200 -0.90525450
v -0.45190300 -0.29213200 -0.90387450
v -0.45190300 -0.28592500 -0.90387450
v -0.45342200 -0.29307000 -0.90504750
v -0.45210400 -0.29228800 -0.90366250
v -0.44611500 -0.29515500 -0.89898850
v -0.44614100 -0.29527400 -0.89901650
v -0.44600700 -0.29527400 -0.89907450
v -0.44600700 -0.28067400 -0.89903550
v -0.44614100 -0.28055500 -0.89901650
v -0.44611500 -0.28067400 -0.89898850
v -0.44600700 -0.28051600 -0.89919350
v -0.45351600 -0.28709900 -0.90535250
v -0.45348200 -0.28695900 -0.90531650
v -0.45335700 -0.28815000 -0.90535750
v -0.45348200 -0.28815100 -0.90531650
v -0.45351600 -0.28801100 -0.90535250
v -0.44600700 -0.29531400 -0.89919350
v -0.45355400 -0.28801100 -0.90523250
v -0.45355400 -0.28710000 -0.90523250
v -0.45352100 -0.28696000 -0.90518550
v -0.45351600 -0.29330600 -0.90535250
v -0.45348200 -0.29316600 -0.90531650
v -0.45349700 -0.29525400 -0.90533250
v -0.45351600 -0.29515500 -0.90535250
v -0.45351600 -0.29020300 -0.90535250
v -0.45348200 -0.29006300 -0.90531650
v -0.45335700 -0.29006400 -0.90535750
v -0.45348200 -0.29125400 -0.90531650
v -0.45351600 -0.29111400 -0.90535250
v -0.45340200 -0.28067400 -0.90539250
v -0.45351600 -0.28067400 -0.90535250
v -0.45349700 -0.28057500 -0.90533250
v -0.45340200 -0.28055500 -0.90535250
v -0.45340200 -0.28490700 -0.90539250
v -0.45335700 -0.28504600 -0.90535750
v -0.45348200 -0.28504700 -0.90531650
v -0.45351600 -0.28490700 -0.90535250
v -0.45355400 -0.29515500 -0.90523350
v -0.45351600 -0.29527400 -0.90523350
v -0.45355400 -0.29330600 -0.90523250
v -0.45355400 -0.29111400 -0.90523250
v -0.45352100 -0.29125300 -0.90518550
v -0.45352100 -0.29006400 -0.90518550
v -0.45338800 -0.28823800 -0.90521850
v -0.45198700 -0.28910700 -0.90375250
v -0.45203800 -0.28903900 -0.90380450
v -0.45190300 -0.28608200 -0.90387450
v -0.45203800 -0.28607200 -0.90380450
v -0.45198700 -0.28600400 -0.90375250
v -0.45186200 -0.28600400 -0.90380450
v -0.45322100 -0.28686200 -0.90525450
v -0.45338800 -0.28687200 -0.90521850
v -0.45210300 -0.28902900 -0.90366350
v -0.45342200 -0.28824800 -0.90504350
v -0.45190300 -0.29228800 -0.90387450
v -0.45203800 -0.29227900 -0.90380450
v -0.45198700 -0.29221100 -0.90375250
v -0.45322100 -0.29306900 -0.90525450
v -0.45338800 -0.29307900 -0.90521850
v -0.45338800 -0.29134100 -0.90521850
v -0.45203800 -0.29214200 -0.90380450
v -0.45190300 -0.28918500 -0.90387450
v -0.45203800 -0.28917600 -0.90380450
v -0.45322100 -0.28996600 -0.90525450
v -0.45338800 -0.28997500 -0.90521850
v -0.45338800 -0.28513500 -0.90521850
v -0.45203800 -0.28593400 -0.90380450
v -0.45210400 -0.29213200 -0.90366350
v -0.45342200 -0.29135200 -0.90504350
v -0.45342200 -0.28514400 -0.90504450
v -0.45341000 -0.29527400 -0.90535250
v -0.44600700 -0.28055500 -0.89907450
v -0.45335700 -0.28696000 -0.90535750
v -0.44619800 -0.29527400 -0.89887550
v -0.45335700 -0.29316700 -0.90535750
v -0.29181000 -0.28067400 -0.90539250
v -0.45355400 -0.29515500 -0.89936250
v -0.45352100 -0.29125300 -0.89931450
v -0.45352100 -0.28504600 -0.90518550
v -0.45203800 -0.28910700 -0.90362150
v -0.45352100 -0.28696000 -0.89931450
v -0.45186400 -0.29221000 -0.90380450
v -0.45352100 -0.29316700 -0.90518550
v -0.45210400 -0.29213200 -0.89759850
v -0.45352100 -0.29006400 -0.89931450
v -0.45203800 -0.28600400 -0.90362250
v -0.04819400 -0.28490700 -0.90539250
v -0.04837500 -0.28686200 -0.90525450
v -0.45352100 -0.28815000 -0.90518550
v -0.44631600 -0.29531400 -0.90523350
v -0.44600700 -0.29515500 -0.89903550
v -0.44631600 -0.28051600 -0.90523350
v -0.45340200 -0.29531400 -0.89915250
v -0.44484100 -0.29213200 -0.90387450
v -0.04973200 -0.29221100 -0.90380450
v -0.45210400 -0.28608200 -0.90366250
v -0.45210400 -0.28918500 -0.90366250
v -0.05426600 -0.28067400 -0.89903550
v -0.04819300 -0.29111400 -0.90539250
v -0.05426700 -0.28051600 -0.89919350
v -0.04837500 -0.29306900 -0.90525450
v -0.45342200 -0.28686300 -0.90504450
v -0.45342200 -0.28996600 -0.90504450
v -0.04819300 -0.28710000 -0.90539250
v -0.04819300 -0.29531400 -0.90523350
v -0.04819300 -0.29531400 -0.89915250
v -0.05405100 -0.29531400 -0.89910050
v -0.05411500 -0.28067300 -0.89887650
v -0.05405100 -0.28051600 -0.89910050
v -0.05396300 -0.28051600 -0.89887650
v -0.04819300 -0.28051600 -0.90523350
v -0.04819400 -0.29330600 -0.90539250
v -0.04819300 -0.29515500 -0.90539250
v -0.04819400 -0.29020300 -0.90539250
v -0.04804200 -0.28490700 -0.90523250
v -0.04804200 -0.28067400 -0.90523350
v -0.04804200 -0.28067400 -0.89915250
v -0.04837600 -0.28824900 -0.90525450
v -0.04969300 -0.28902800 -0.90387450
v -0.04817400 -0.28686200 -0.90504350
v -0.04949200 -0.28608200 -0.90366350
v -0.04969400 -0.29213200 -0.90387450
v -0.04837500 -0.28514400 -0.90525450
v -0.04969300 -0.28592500 -0.90387450
v -0.45322300 -0.28514400 -0.90525450
v -0.04817400 -0.29306900 -0.90504350
v -0.04817400 -0.28996500 -0.90504350
v -0.04949200 -0.28918500 -0.90366350
v -0.05426600 -0.29515500 -0.89903550
v -0.05413200 -0.29527400 -0.89901650
v -0.05415900 -0.29515500 -0.89898850
v -0.05415900 -0.28067400 -0.89898850
v -0.05413200 -0.28055500 -0.89901650
v -0.05426700 -0.28055500 -0.89907550
v -0.05407600 -0.28055500 -0.89887550
v -0.04823900 -0.28696000 -0.90535750
v -0.04811400 -0.28695900 -0.90531650
v -0.04807900 -0.28709900 -0.90535250
v -0.04807900 -0.28801100 -0.90535250
v -0.04811400 -0.28815100 -0.90531650
v -0.04823900 -0.28815000 -0.90535750
v -0.05407600 -0.29527400 -0.89887650
v -0.04807500 -0.28814900 -0.90518750
v -0.04823900 -0.29316700 -0.90535750
v -0.04811400 -0.29316600 -0.90531650
v -0.04807900 -0.29330600 -0.90535250
v -0.04807900 -0.29515500 -0.90535250
v -0.04809900 -0.29525400 -0.90533250
v -0.04819300 -0.29527400 -0.90535250
v -0.04823900 -0.29006400 -0.90535750
v -0.04811400 -0.29006300 -0.90531650
v -0.04807900 -0.29020300 -0.90535250
v -0.04807900 -0.29111400 -0.90535250
v -0.04811400 -0.29125400 -0.90531650
v -0.04823900 -0.29125300 -0.90535750
v -0.04819300 -0.28067400 -0.90539250
v -0.04818500 -0.28055500 -0.90535250
v -0.04809900 -0.28057500 -0.90533250
v -0.04807900 -0.28067400 -0.90535250
v -0.04807900 -0.28490700 -0.90535250
v -0.04811400 -0.28504700 -0.90531650
v -0.04823900 -0.28504600 -0.90535750
v -0.04804200 -0.29515500 -0.90523350
v -0.04807900 -0.29527400 -0.90523250
v -0.04807500 -0.29125300 -0.90518550
v -0.04807500 -0.28504600 -0.90518650
v -0.04807900 -0.28055500 -0.90523350
v -0.04820800 -0.28823800 -0.90521850
v -0.04955800 -0.28903900 -0.90380450
v -0.04960800 -0.28910700 -0.90375250
v -0.04973500 -0.28910700 -0.90380450
v -0.04969300 -0.28608200 -0.90387450
v -0.04973500 -0.28600400 -0.90380450
v -0.04960800 -0.28600400 -0.90375250
v -0.04955800 -0.28607200 -0.90380450
v -0.04820800 -0.28687200 -0.90521850
v -0.04955800 -0.28910700 -0.90362150
v -0.04955800 -0.28600400 -0.90362150
v -0.04969300 -0.29228800 -0.90387450
v -0.04960800 -0.29221100 -0.90375250
v -0.04955800 -0.29227900 -0.90380450
v -0.04820800 -0.29307900 -0.90521850
v -0.04820800 -0.29134300 -0.90521850
v -0.04955800 -0.29214200 -0.90380450
v -0.04969300 -0.28918500 -0.90387450
v -0.04955800 -0.28917600 -0.90380450
v -0.04837500 -0.28996600 -0.90525450
v -0.04820800 -0.28997500 -0.90521850
v -0.04820800 -0.28513500 -0.90521850
v -0.04955800 -0.28593500 -0.90380450
v -0.04955700 -0.29221100 -0.90362050
v -0.05395700 -0.29531400 -0.90523350
v -0.04807900 -0.28055500 -0.89915250
v -0.04807500 -0.29125300 -0.89910650
v -0.29181000 -0.28815000 -0.90535750
v -0.04949200 -0.28902800 -0.90366350
v -0.45335700 -0.29125300 -0.90535750
v -0.45186200 -0.28910700 -0.90380450
v -0.04955700 -0.29221100 -0.89776150
v -0.04949200 -0.28592500 -0.90366350
v -0.05395700 -0.28051600 -0.90523350
v -0.04804200 -0.29020300 -0.90523250
v -0.04804200 -0.29111400 -0.90523250
v -0.05426700 -0.29531400 -0.89919350
v -0.05426700 -0.29527400 -0.89907550
v -0.04817400 -0.28824900 -0.90504350
v -0.04817400 -0.28514400 -0.90504450
v -0.04955700 -0.28600400 -0.89734850
v -0.43714200 -0.29533200 0.90165950
v -0.45807000 -0.29718700 -0.90726250
v -0.05497200 -0.29592400 -0.90681750
v -0.05648600 -0.29743500 0.90765850
v -0.45666900 -0.29608900 0.90739250
v -0.45799500 -0.29629100 0.90701850
v -0.05487200 -0.29591100 0.90608650
v -0.45664200 -0.29531300 -0.90554650
v -0.45833700 -0.29599000 0.90586550
v -0.05444400 -0.29743500 -0.90554250
v -0.05534000 -0.29589000 0.90710850
v -0.05646800 -0.29584400 -0.90714750
v -0.45664200 -0.29531300 0.90552650
v -0.45866900 -0.29743500 -0.90554250
v -0.45865900 -0.29958600 -0.90555150
v -0.45812100 -0.29587000 -0.90679850
v -0.05642800 -0.29959500 -0.90764750
v -0.05648600 -0.29743500 -0.90767750
v -0.05647000 -0.29531300 0.90553550
v -0.05646000 -0.29963200 0.90763650
v -0.45815500 -0.29967300 0.90711850
v -0.45864900 -0.29968200 0.90554650
v -0.05495800 -0.29957100 -0.90713850
v -0.45813700 -0.29959200 -0.90711950
v -0.05496000 -0.29967300 0.90711950
v -0.45662700 -0.29958200 -0.90766950
v -0.05445400 -0.29958500 -0.90554850
v -0.05447000 -0.29968600 0.90555950
v -0.45661500 -0.29959700 0.90765550
v -0.05647400 -0.30002100 0.90553350
v -0.45663900 -0.30001100 0.90555950
v -0.45663900 -0.29994800 -0.90557750
v -0.05647500 -0.29994700 -0.90555250
v -0.05647400 -0.30004100 0.89746150
v -0.43294600 -0.29994800 -0.90557650
v -0.08008900 -0.29998700 0.90553450
v -0.07632200 -0.29534800 -0.88366050
v -0.45663900 -0.30004000 0.89777150
v -0.07627600 -0.29535400 0.90167250
v -0.43545300 -0.29605800 -0.88191450
v -0.43391200 -0.29604200 -0.88266250
v -0.07958500 -0.29584300 0.90085750
v -0.07705400 -0.29584300 0.89820850
v -0.43637600 -0.29584300 0.89820850
v -0.43384500 -0.29584300 0.90085750
v -0.07705400 -0.29584400 -0.88024550
v -0.07958500 -0.29584400 -0.88289450
v -0.43616100 -0.29602100 -0.88029350
v -0.43551300 -0.29598900 0.89994150
v -0.43384500 -0.29743300 0.90032850
v -0.07789500 -0.29599800 0.89986150
v -0.07756000 -0.29743300 0.89820850
v -0.07791800 -0.29596800 -0.88198850
v -0.07958500 -0.29743300 -0.88236450
v -0.43586900 -0.29743300 0.89820950
v -0.07958500 -0.29743300 0.90032850
v -0.07756000 -0.29743300 -0.88024550
v -0.05648100 -0.29531400 -0.90555650
v -0.43720200 -0.29533500 -0.88375850
v -0.43384500 -0.29887100 0.90032850
v -0.07958500 -0.29887200 -0.88236450
v -0.43575800 -0.29887200 -0.88119250
v -0.07767100 -0.29887100 0.89915550
v -0.43571600 -0.29887100 0.89932750
v -0.07958500 -0.29887100 0.90032850
v -0.07771400 -0.29887200 -0.88136450
v -0.43384500 -0.29887200 -0.88236350
v -0.10949300 -0.39188800 -0.23963350
v -0.10707100 -0.39550800 -0.23968650
v -0.10719100 -0.40032800 -0.23968650
v -0.10948400 -0.40130400 -0.23968050
v -0.10535100 -0.39376900 -0.23964350
v -0.10380600 -0.39782700 -0.23963950
v -0.10556500 -0.40211200 -0.23964350
v -0.10949300 -0.40375700 -0.23965450
v -0.10948300 -0.39439500 -0.23969150
v -0.11366300 -0.39378400 -0.23963750
v -0.11516700 -0.39785300 -0.23964350
v -0.11278600 -0.39785700 -0.23968350
v -0.11342100 -0.40211200 -0.23964350
v -0.11191300 -0.39549600 -0.23969050
v -0.11179300 -0.40034000 -0.23968950
v -0.10713000 -0.39556300 -0.23854950
v -0.10628300 -0.39785500 -0.23853250
v -0.10724900 -0.40027300 -0.23854950
v -0.10948600 -0.40122100 -0.23853750
v -0.10948800 -0.39448000 -0.23855350
v -0.11185000 -0.39556000 -0.23853450
v -0.11173600 -0.40027900 -0.23855150
v -0.11270400 -0.39785600 -0.23853250
v -0.10620100 -0.39785600 -0.23968250
v -0.10527300 -0.39372300 -0.23856050
v -0.10949300 -0.39178100 -0.23857450
v -0.10373300 -0.39782800 -0.23856050
v -0.10548900 -0.40216000 -0.23856050
v -0.10949300 -0.40387600 -0.23857450
v -0.11371400 -0.39372300 -0.23856050
v -0.11525300 -0.39782800 -0.23856050
v -0.11349800 -0.40216000 -0.23856050
v -0.09772600 -0.41043000 0.57231150
v -0.09750600 -0.39776800 0.57222050
v -0.10949300 -0.41029300 0.57223750
v -0.09754100 -0.39776700 0.60757750
v -0.09284300 -0.39808300 0.57241650
v -0.09281500 -0.32702000 0.58989250
v -0.09280700 -0.32323400 0.57278450
v -0.09349100 -0.39797800 0.57215550
v -0.10947700 -0.41548300 0.57220050
v -0.10072600 -0.38923900 0.57216250
v -0.10949700 -0.38524700 0.57219850
v -0.10949300 -0.41027800 0.60754050
v -0.10112100 -0.40678600 0.60760450
v -0.09307300 -0.39802600 0.60758350
v -0.10950200 -0.41551400 0.60757950
v -0.10118100 -0.40676200 0.57218150
v -0.09280600 -0.39811900 0.60700050
v -0.09281600 -0.32806900 0.59240550
v -0.12590700 -0.32287300 0.60754250
v -0.10071900 -0.38923200 0.60762050
v -0.10948500 -0.38522500 0.60761850
v -0.09304700 -0.32286400 0.60750550
v -0.09776800 -0.41041600 0.60754250
v -0.09281600 -0.33310400 0.59240150
v -0.09281600 -0.33058100 0.59345350
v -0.10077000 -0.38928300 0.60763950
v -0.09757800 -0.39776700 0.60763850
v -0.10122200 -0.40671400 0.60764250
v -0.10949300 -0.41017500 0.60765350
v -0.10949300 -0.39161200 0.60760150
v -0.09629700 -0.32280300 0.57584550
v -0.09616100 -0.32280300 0.60356050
v -0.09616100 -0.32280300 0.57622250
v -0.09670800 -0.32280300 0.60406350
v -0.09629700 -0.32280300 0.60393850
v -0.09299200 -0.32286200 0.57232150
v -0.09283500 -0.32297200 0.60703450
v -0.09281600 -0.33309000 0.58736950
v -0.09281700 -0.33413900 0.58988350
v -0.09283000 -0.33058100 0.58634450
v -0.09535500 -0.32809200 0.58740250
v -0.09535500 -0.32706100 0.58989250
v -0.09281700 -0.32807400 0.58736950
v -0.09535500 -0.32809200 0.59238150
v -0.09535500 -0.33058100 0.59341250
v -0.09535500 -0.33307200 0.59238150
v -0.09535500 -0.33410300 0.58989250
v -0.09535500 -0.33307200 0.58740250
v -0.09535500 -0.33058100 0.58637050
v -0.11782100 -0.40677500 0.57217950
v -0.11825600 -0.38924800 0.57219850
v -0.12145800 -0.39777400 0.57222850
v -0.12617100 -0.32806000 0.58738350
v -0.09349100 -0.32323400 0.57215550
v -0.12603300 -0.39815000 0.57224250
v -0.12607800 -0.32286100 0.57246750
v -0.12123100 -0.41042600 0.57230350
v -0.11781100 -0.40676400 0.60758250
v -0.12125000 -0.41041600 0.60756250
v -0.12145100 -0.39776400 0.60757950
v -0.11826400 -0.38922200 0.60761950
v -0.12613400 -0.39816700 0.60736950
v -0.12549300 -0.39797800 0.60762850
v -0.11384300 -0.39359300 0.60759850
v -0.11542700 -0.39783100 0.60759550
v -0.11362900 -0.40229000 0.60759650
v -0.12227800 -0.32280300 0.57572050
v -0.12268900 -0.32280300 0.57584550
v -0.09670800 -0.32280300 0.57572050
v -0.12268900 -0.32280300 0.60393850
v -0.12227800 -0.32280300 0.60406350
v -0.12282600 -0.32280300 0.57622250
v -0.12282600 -0.32280300 0.60356050
v -0.12556500 -0.32294900 0.57219550
v -0.12615500 -0.32297300 0.60701250
v -0.12617100 -0.32702400 0.58990250
v -0.12363100 -0.32706100 0.58989250
v -0.12363100 -0.32809200 0.58740250
v -0.12616600 -0.32807100 0.59240350
v -0.12363100 -0.32809200 0.59238150
v -0.12617100 -0.33058100 0.59345350
v -0.12363100 -0.33058100 0.59341250
v -0.12617100 -0.33310400 0.59240150
v -0.12363100 -0.33307200 0.59238150
v -0.12617500 -0.33414100 0.58988250
v -0.12363100 -0.33410300 0.58989250
v -0.12617200 -0.33309500 0.58737950
v -0.12363100 -0.33307200 0.58740250
v -0.12617100 -0.33058100 0.58633050
v -0.12363100 -0.33058100 0.58637050
v -0.12138600 -0.39776600 0.60764250
v -0.10949300 -0.41024000 -0.23978550
v -0.10121000 -0.40672800 -0.23978350
v -0.11821500 -0.38928900 0.60764150
v -0.10514300 -0.39359300 0.60759850
v -0.10516700 -0.39361800 0.60586650
v -0.10949300 -0.39164400 0.60586650
v -0.10355600 -0.39783800 0.60759650
v -0.10358700 -0.39783000 0.60586650
v -0.10536400 -0.40229200 0.60759550
v -0.10538300 -0.40227200 0.60586650
v -0.10949300 -0.40404500 0.60759150
v -0.10949300 -0.40401400 0.60586650
v -0.11381800 -0.39361800 0.60586650
v -0.11540000 -0.39783000 0.60586650
v -0.11360300 -0.40227200 0.60586650
v -0.10949300 -0.38530000 0.60763650
v -0.10113100 -0.40681200 -0.20432250
v -0.10949300 -0.41549000 -0.20434650
v -0.10949300 -0.38525800 -0.23970150
v -0.10118500 -0.40675400 -0.23969250
v -0.09280600 -0.39811800 -0.20493050
v -0.09307500 -0.39803300 -0.20434650
v -0.09303700 -0.32298200 -0.20440950
v -0.10073600 -0.38924500 -0.20430750
v -0.09281500 -0.32807400 -0.21951450
v -0.09284500 -0.39814800 -0.23951150
v -0.09754100 -0.39776800 -0.20437950
v -0.09774400 -0.41043100 -0.20439250
v -0.10949300 -0.41553600 -0.23959750
v -0.10951800 -0.41034600 -0.23975650
v -0.09752500 -0.39776800 -0.23970150
v -0.09775400 -0.41038600 -0.23972750
v -0.10067500 -0.38922300 -0.23975650
v -0.10949200 -0.41027300 -0.20439150
v -0.09280700 -0.32323400 -0.22421850
v -0.09349200 -0.39797800 -0.23977450
v -0.10949300 -0.38530900 -0.23978250
v -0.10514300 -0.39359300 -0.23974350
v -0.10355600 -0.39783800 -0.23974150
v -0.10536400 -0.40229200 -0.23973950
v -0.10949300 -0.40404500 -0.23973650
v -0.10077300 -0.38928600 -0.23978550
v -0.09763800 -0.39776600 -0.23979650
v -0.09670800 -0.32280300 -0.20786450
v -0.09629700 -0.32280300 -0.20799150
v -0.12227800 -0.32280300 -0.20786450
v -0.09629700 -0.32280300 -0.23608350
v -0.09616100 -0.32280300 -0.20836850
v -0.09670800 -0.32280300 -0.23620950
v -0.09616100 -0.32280300 -0.23570650
v -0.09289300 -0.32285000 -0.20469250
v -0.09306900 -0.32286800 -0.23966650
v -0.09283400 -0.32296600 -0.23917450
v -0.09281700 -0.32702500 -0.22202750
v -0.09535500 -0.32706100 -0.22203750
v -0.09535500 -0.32809200 -0.21954850
v -0.09281500 -0.32806400 -0.22455550
v -0.09535500 -0.32809200 -0.22452750
v -0.09281700 -0.33058200 -0.22559050
v -0.09535500 -0.33058100 -0.22555850
v -0.09281500 -0.33310100 -0.22455650
v -0.09535500 -0.33307200 -0.22452750
v -0.09281600 -0.33413900 -0.22202750
v -0.09535500 -0.33410300 -0.22203750
v -0.09281700 -0.33309000 -0.21951550
v -0.09535500 -0.33307200 -0.21954850
v -0.09281700 -0.33058100 -0.21848450
v -0.09535500 -0.33058100 -0.21851650
v -0.12126700 -0.41044100 -0.20446250
v -0.12144700 -0.39776800 -0.20437850
v -0.11781800 -0.40678400 -0.20432350
v -0.12594600 -0.39797500 -0.20435850
v -0.10949300 -0.38519300 -0.20430450
v -0.12617100 -0.32702000 -0.22203750
v -0.11825500 -0.38924400 -0.20432550
v -0.12617500 -0.33414100 -0.22204750
v -0.12617400 -0.33309500 -0.22455050
v -0.12549400 -0.32323400 -0.23977450
v -0.11781500 -0.40676300 -0.23974150
v -0.11826000 -0.38923900 -0.23970150
v -0.12146700 -0.39776800 -0.23975050
v -0.12114700 -0.41038600 -0.23970350
v -0.12600800 -0.39821400 -0.23968250
v -0.12618000 -0.39812000 -0.20492950
v -0.12617000 -0.33058100 -0.22559850
v -0.11821600 -0.38928100 -0.23978450
v -0.12140400 -0.39776700 -0.23978350
v -0.11775800 -0.40671700 -0.23978850
v -0.12268900 -0.32280300 -0.20799150
v -0.12282600 -0.32280300 -0.23570650
v -0.12586300 -0.32288300 -0.20437750
v -0.12282600 -0.32280300 -0.20836850
v -0.12227800 -0.32280300 -0.23620950
v -0.12268900 -0.32280300 -0.23608350
v -0.12607800 -0.32287100 -0.23958750
v -0.12614100 -0.32296900 -0.20490050
v -0.12617000 -0.33058200 -0.21848450
v -0.12616800 -0.33309900 -0.21952050
v -0.12616600 -0.32807100 -0.22454850
v -0.12363100 -0.32809200 -0.21954850
v -0.12363100 -0.32706100 -0.22203750
v -0.12617100 -0.32807400 -0.21951450
v -0.12363100 -0.32809200 -0.22452750
v -0.12363100 -0.33058100 -0.22555850
v -0.12363100 -0.33307200 -0.22452750
v -0.12363100 -0.33410300 -0.22203750
v -0.12363100 -0.33307200 -0.21954850
v -0.12363100 -0.33058100 -0.21851650
v -0.11777800 -0.40672700 0.60763850
v -0.10949300 -0.39164400 -0.23801250
v -0.10516700 -0.39361800 -0.23801250
v -0.10949300 -0.39161200 -0.23974550
v -0.10358700 -0.39783000 -0.23801250
v -0.10538300 -0.40227300 -0.23801250
v -0.10949300 -0.40401400 -0.23801250
v -0.11381800 -0.39361800 -0.23801250
v -0.11383500 -0.39359100 -0.23974150
v -0.11540000 -0.39783000 -0.23801250
v -0.11543000 -0.39782400 -0.23974150
v -0.11360300 -0.40227300 -0.23801250
v -0.11362900 -0.40229000 -0.23974150
v -0.12607700 -0.32875000 0.58837850
v -0.12629700 -0.32871500 0.58934850
v -0.12580600 -0.32873100 0.59042750
v -0.12629700 -0.33003800 0.58802650
v -0.12558900 -0.32786300 0.58807450
v -0.12560400 -0.32730300 0.59026350
v -0.12580600 -0.33004500 0.58804150
v -0.12580600 -0.32998200 0.58929350
v -0.12580800 -0.32874900 0.58934950
v -0.12656700 -0.32997200 0.58928350
v -0.12632500 -0.32997200 0.59172450
v -0.12629500 -0.32873200 0.59044550
v -0.12559200 -0.33022300 0.59317550
v -0.12580600 -0.33004600 0.59174250
v -0.12580700 -0.32998200 0.59049150
v -0.12656800 -0.32997400 0.59050250
v -0.12632500 -0.33241300 0.58928150
v -0.12555500 -0.33313900 0.58777650
v -0.12580800 -0.33241400 0.58934950
v -0.12656700 -0.33119000 0.58928250
v -0.12580600 -0.33118100 0.58929250
v -0.12560500 -0.33088500 0.58660450
v -0.12629700 -0.33244700 0.59043650
v -0.12629500 -0.33113400 0.58804350
v -0.12580800 -0.33112400 0.58805850
v -0.12558600 -0.33326100 0.59175650
v -0.12632000 -0.33118200 0.59174550
v -0.12580500 -0.33118100 0.59049050
v -0.12580800 -0.33112400 0.59172550
v -0.12580500 -0.33243200 0.59042750
v -0.12656700 -0.33119100 0.59050150
v -0.12523700 -0.33243800 0.58711350
v -0.12524000 -0.33386800 0.58947550
v -0.12560300 -0.33385000 0.58991050
v -0.12523600 -0.33320100 0.59191950
v -0.12558600 -0.33208200 0.59276750
v -0.12523200 -0.33130300 0.59308750
v -0.12522600 -0.32871000 0.59269650
v -0.12556200 -0.32828600 0.59221550
v -0.12522400 -0.32735600 0.59044750
v -0.12522600 -0.32770900 0.58824750
v -0.12523200 -0.32971100 0.58669750
v -0.12557400 -0.32906700 0.58702050
v -0.09311300 -0.32849500 0.58748350
v -0.09247500 -0.32872000 0.58934550
v -0.09296500 -0.33004600 0.58804150
v -0.09296500 -0.33118100 0.58929350
v -0.09296300 -0.32998200 0.58929250
v -0.09317800 -0.32991300 0.58669050
v -0.09247300 -0.33003800 0.58802650
v -0.09296300 -0.32873100 0.58935650
v -0.09220300 -0.32997300 0.58928250
v -0.09244600 -0.32874700 0.59050250
v -0.09296600 -0.32998300 0.59049050
v -0.09247400 -0.33003900 0.59175850
v -0.09320400 -0.32764300 0.59141450
v -0.09296400 -0.33004600 0.59174250
v -0.09296400 -0.32874900 0.59043350
v -0.09220300 -0.32997300 0.59050150
v -0.09318300 -0.33345700 0.58838850
v -0.09244500 -0.33119300 0.58806050
v -0.09247400 -0.33244700 0.58934850
v -0.09296400 -0.33241400 0.58935050
v -0.09296500 -0.33118100 0.59049050
v -0.09319100 -0.33209800 0.58695350
v -0.09316100 -0.33384800 0.58994450
v -0.09296300 -0.33112400 0.58805850
v -0.09220200 -0.33119100 0.58928350
v -0.09321400 -0.33314300 0.59199550
v -0.09296300 -0.33243200 0.59042850
v -0.09220200 -0.33119000 0.59050150
v -0.09247500 -0.33243100 0.59044450
v -0.09244000 -0.33120000 0.59171750
v -0.09296300 -0.33112400 0.59172550
v -0.09353600 -0.33102200 0.58650850
v -0.09353200 -0.33349300 0.58833650
v -0.09353300 -0.33372100 0.59108450
v -0.09353700 -0.33163300 0.59303150
v -0.09354300 -0.32940800 0.59294850
v -0.09354600 -0.32746700 0.59118350
v -0.09354400 -0.32784900 0.58794550
v -0.09316100 -0.32742600 0.58896250
v -0.09319100 -0.32906800 0.59275950
v -0.09317500 -0.33087500 0.59318250
v -0.10950300 -0.39439600 0.60754550
v -0.10532300 -0.39378400 0.60749350
v -0.10381900 -0.39785300 0.60749950
v -0.10619300 -0.39786600 0.60754150
v -0.10556200 -0.40210600 0.60749750
v -0.10949400 -0.40375700 0.60750950
v -0.10949300 -0.39188700 0.60748850
v -0.10707200 -0.39549600 0.60754550
v -0.10720200 -0.40033100 0.60753750
v -0.10948400 -0.40130400 0.60753650
v -0.11190400 -0.39550500 0.60753850
v -0.11179400 -0.40034000 0.60754450
v -0.11366300 -0.39378300 0.60749350
v -0.11516700 -0.39785300 0.60749950
v -0.11342200 -0.40211200 0.60749850
v -0.10950100 -0.39448800 0.60638950
v -0.11184500 -0.39556400 0.60638950
v -0.11271100 -0.39784800 0.60639550
v -0.11173600 -0.40027900 0.60640550
v -0.10713200 -0.39555600 0.60640550
v -0.10627900 -0.39786300 0.60638750
v -0.10948500 -0.40122000 0.60638850
v -0.10725500 -0.40027500 0.60640350
v -0.11279300 -0.39784600 0.60754150
v -0.10949300 -0.39178000 0.60642950
v -0.10527300 -0.39372300 0.60641650
v -0.10373300 -0.39782800 0.60641650
v -0.10548900 -0.40216000 0.60641650
v -0.10949300 -0.40387600 0.60642950
v -0.11371400 -0.39372300 0.60641650
v -0.11525300 -0.39782800 0.60641650
v -0.11349800 -0.40216000 0.60641650
v -0.12632500 -0.32874900 -0.22142750
v -0.12555500 -0.32875400 -0.21931850
v -0.12656800 -0.32997300 -0.22142850
v -0.12580700 -0.33004600 -0.22018650
v -0.12580700 -0.32998200 -0.22143750
v -0.12559200 -0.33056200 -0.21876550
v -0.12629700 -0.32871600 -0.22258050
v -0.12629700 -0.33003800 -0.22017250
v -0.12580700 -0.32875000 -0.22149550
v -0.12556300 -0.32783100 -0.22380750
v -0.12580700 -0.33004000 -0.22387050
v -0.12631900 -0.32998300 -0.22389450
v -0.12580700 -0.32873100 -0.22257250
v -0.12656800 -0.32997300 -0.22264550
v -0.12580400 -0.32998300 -0.22263650
v -0.12580600 -0.33243200 -0.22257250
v -0.12580500 -0.33118100 -0.22143850
v -0.12580700 -0.33112400 -0.22020450
v -0.12557500 -0.33330800 -0.22022150
v -0.12629500 -0.33113400 -0.22018750
v -0.12632600 -0.33241500 -0.22142850
v -0.12629700 -0.33244700 -0.22258050
v -0.12580800 -0.33241500 -0.22149450
v -0.12656800 -0.33119100 -0.22142750
v -0.12556000 -0.33331100 -0.22385450
v -0.12656700 -0.33119000 -0.22264650
v -0.12580700 -0.33118200 -0.22263750
v -0.12559700 -0.33181100 -0.22506550
v -0.12632400 -0.33119100 -0.22386950
v -0.12580700 -0.33111700 -0.22388850
v -0.12523300 -0.33035200 -0.21873350
v -0.12523800 -0.33302600 -0.21973450
v -0.12523800 -0.33383000 -0.22301950
v -0.12523300 -0.33191000 -0.22503250
v -0.12522800 -0.32970900 -0.22523050
v -0.12522400 -0.32746700 -0.22332650
v -0.12522600 -0.32784900 -0.22008950
v -0.12558000 -0.32754900 -0.22081150
v -0.12558400 -0.32735400 -0.22236050
v -0.12559100 -0.32959600 -0.22518850
v -0.12559100 -0.33206700 -0.21915750
v -0.12561000 -0.33384800 -0.22198450
v -0.09321100 -0.32823800 -0.21975550
v -0.09245100 -0.32998400 -0.22018150
v -0.09296500 -0.32874900 -0.22257850
v -0.09296600 -0.32998300 -0.22143850
v -0.09316500 -0.32730600 -0.22170850
v -0.09296400 -0.33004600 -0.22018650
v -0.09247500 -0.32873200 -0.22148450
v -0.09220300 -0.32997200 -0.22142950
v -0.09296200 -0.32873100 -0.22150050
v -0.09220300 -0.32997300 -0.22264550
v -0.09296400 -0.33004000 -0.22386950
v -0.09296500 -0.32998300 -0.22263650
v -0.09316300 -0.33022600 -0.22531150
v -0.09245100 -0.32998100 -0.22389150
v -0.09247300 -0.32871600 -0.22258050
v -0.09316200 -0.33159800 -0.21895850
v -0.09296200 -0.33112400 -0.22020450
v -0.09296300 -0.33118200 -0.22143750
v -0.09247400 -0.33244800 -0.22149350
v -0.09244500 -0.33119200 -0.22020450
v -0.09296300 -0.33241500 -0.22149450
v -0.09220300 -0.33119000 -0.22142750
v -0.09321400 -0.33265100 -0.22462350
v -0.09244500 -0.33119200 -0.22386950
v -0.09296600 -0.33118100 -0.22263650
v -0.09296300 -0.33111700 -0.22388750
v -0.09247600 -0.33243200 -0.22258850
v -0.09296400 -0.33243300 -0.22257250
v -0.09220200 -0.33119100 -0.22264550
v -0.09353200 -0.33326000 -0.22014950
v -0.09320100 -0.33290100 -0.21972250
v -0.09317100 -0.33368900 -0.22109750
v -0.09353200 -0.33387700 -0.22292650
v -0.09316500 -0.33377900 -0.22271550
v -0.09353700 -0.33163300 -0.22517650
v -0.09354400 -0.32850300 -0.22474050
v -0.09323000 -0.32801100 -0.22413550
v -0.09354500 -0.32727500 -0.22137850
v -0.09354100 -0.32883100 -0.21926950
v -0.09353600 -0.33123300 -0.21876050
v -0.09318100 -0.32992400 -0.21883250
vn 1.0000 0.0005 -0.0000
vn -1.0000 -0.0000 -0.0000
vn -0.0000 -1.0000 -0.0000
vn 0.9414 -0.0004 0.3372
vn 0.3427 -0.0003 -0.9395
vn -0.0001 0.9401 0.3408
vn 0.3339 -0.9426 -0.0000
vn -0.9327 0.0003 0.3607
vn -0.0001 -0.3284 -0.9445
vn -0.3645 0.9312 0.0016
vn -0.3388 -0.9409 -0.0000
vn -0.9493 -0.3143 -0.0000
vn -0.0000 -0.3693 0.9293
vn 0.1519 0.9841 0.0915
vn 0.3710 -0.9287 -0.0000
vn -0.0000 0.0061 1.0000
vn 0.3833 0.1076 0.9174
vn 0.4428 0.0070 -0.8966
vn -0.9527 -0.0146 -0.3035
vn -0.0001 0.0003 -1.0000
vn -0.4657 0.0074 -0.8849
vn 0.4357 0.8994 -0.0358
vn 0.0001 0.9862 -0.1654
vn -0.0814 0.9868 -0.1401
vn -0.0000 -0.0000 1.0000
vn -0.0000 -0.3660 0.9306
vn -0.9363 0.0014 0.3511
vn 1.0000 -0.0000 -0.0000
vn -1.0000 0.0048 -0.0000
vn 0.9981 0.0286 0.0548
vn -1.0000 0.0005 -0.0000
vn -0.9449 0.3247 0.0430
vn -0.4499 0.2869 0.8457
vn -0.4179 0.8602 0.2923
vn 0.9360 0.0245 0.3510
vn 0.0013 0.3155 0.9489
vn 0.0302 0.9909 0.1308
vn -0.0005 0.3414 0.9399
vn -0.9445 -0.3285 -0.0000
vn -0.2239 0.1151 0.9678
vn -0.0000 -0.9425 0.3342
vn -0.0000 0.9486 0.3166
vn -0.3585 -0.9335 -0.0000
vn -0.3915 -0.0024 0.9202
vn -0.0000 1.0000 -0.0000
vn 0.9369 -0.3495 -0.0000
vn -0.0000 -0.9437 0.3307
vn 0.0009 0.9938 0.1112
vn 0.0010 0.9937 0.1118
vn -0.0014 -0.0245 -0.9997
vn -0.0001 0.0189 0.9998
vn 0.9444 -0.0153 -0.3285
vn 0.9447 0.0274 0.3268
vn -0.9494 -0.0274 0.3128
vn 1.0000 0.0024 -0.0000
vn -0.3670 0.0003 0.9302
vn 0.0008 0.0230 0.9997
vn 0.1512 0.9885 -0.0000
vn 0.0571 0.9848 -0.1639
vn 0.1625 0.9867 -0.0000
vn 0.0002 0.9219 0.3875
vn -0.1568 0.9876 -0.0000
vn -0.0694 0.9975 0.0110
vn -0.1530 0.9882 -0.0000
vn 0.1540 0.9881 -0.0000
vn -0.0005 0.9999 0.0122
vn -0.0000 1.0000 0.0021
vn -0.0000 1.0000 0.0020
vn -0.0001 -0.9354 -0.3535
vn 0.3903 0.0033 0.9207
vn -0.0000 0.9895 -0.1444
vn -1.0000 0.0009 -0.0000
vn 0.9599 0.2798 0.0170
vn -0.1131 0.9903 0.0802
vn -0.4536 -0.0215 0.8910
vn -0.1639 0.9865 -0.0000
vn -0.9271 0.3697 0.0616
vn -0.0021 -1.0000 -0.0000
vn 0.9479 -0.3186 -0.0000
vn -0.0000 -0.9392 -0.3433
vn 0.3865 0.0038 0.9223
vn 0.3710 -0.9286 -0.0000
vn 0.9479 -0.3187 -0.0000
vn 0.3711 -0.9286 -0.0000
vn 0.9369 -0.3497 -0.0000
vn -1.0000 0.0010 -0.0000
vn 0.3285 -0.9445 -0.0000
vn -0.0000 -1.0000 0.0002
vn -0.0033 -1.0000 -0.0001
vn 0.3654 -0.9309 -0.0000
vn -0.3586 -0.9335 -0.0000
vn 0.3520 -0.9360 -0.0000
vn 0.3338 -0.9426 -0.0000
vn 0.3292 -0.9442 -0.0000
vn -0.0000 -0.0002 1.0000
vn -0.0000 -0.8702 0.4927
vn 0.3790 -0.2948 -0.8772
vn 0.3787 0.2942 -0.8775
vn 0.8912 -0.2813 -0.3558
vn 0.8910 0.2814 -0.3564
vn -0.3196 -0.2472 0.9147
vn -0.3195 0.2472 0.9148
vn -0.9262 -0.2759 0.2569
vn -0.9261 0.2759 0.2573
vn -0.2894 -0.7037 0.6489
vn -0.2700 0.7161 0.6436
vn -0.6650 -0.7008 0.2582
vn -0.6689 0.6940 0.2664
vn -0.2894 0.7036 0.6490
vn -0.2893 -0.7036 0.6490
vn -0.2700 0.7159 0.6438
vn -0.6652 0.7016 0.2553
vn -0.6686 -0.6941 0.2668
vn -0.6647 0.7011 0.2580
vn -0.6679 -0.6947 0.2671
vn -0.0000 -0.9482 0.3176
vn -0.3010 -0.9178 0.2588
vn -0.3001 0.9179 0.2595
vn -0.0000 0.0001 1.0000
vn -0.0000 -0.3175 0.9482
vn -0.0000 -0.2450 0.9695
vn -0.0000 0.7248 0.6890
vn -0.0000 -0.6656 0.7463
vn -1.0000 -0.0002 -0.0000
vn -0.0000 0.9482 0.3176
vn -0.0000 -0.3175 0.9483
vn -0.0000 0.7240 0.6898
vn -1.0000 0.0001 -0.0000
vn -0.0000 -0.8702 0.4926
vn -0.0000 -0.8703 0.4926
vn -0.3794 -0.2949 -0.8770
vn -0.3785 0.2950 -0.8773
vn -0.8919 -0.2879 -0.3486
vn -0.8919 0.2880 -0.3487
vn 0.2583 -0.3073 0.9159
vn 0.3209 0.2469 0.9144
vn 0.9279 -0.2727 0.2541
vn 0.9273 0.2383 0.2887
vn 0.2766 -0.7110 0.6465
vn 0.2904 0.7012 0.6511
vn 0.6688 -0.6970 0.2588
vn 0.6667 0.7010 0.2532
vn 0.2895 0.7015 0.6512
vn 0.2682 -0.7165 0.6439
vn 0.2769 0.7100 0.6475
vn 0.2906 -0.7017 0.6506
vn 0.6667 0.7010 0.2530
vn 0.6723 -0.6895 0.2695
vn 0.6687 0.6971 0.2586
vn 0.6725 -0.6891 0.2700
vn -0.0000 -0.7251 0.6887
vn -0.0000 0.6664 0.7456
vn 0.7669 -0.6418 -0.0000
vn 0.3023 -0.9176 0.2582
vn 0.2498 0.9180 0.3081
vn -0.0000 -0.2448 0.9696
vn -0.0000 -0.6657 0.7462
vn 0.3317 -0.9434 -0.0000
vn 0.9540 0.2999 -0.0000
vn 0.7665 0.6422 -0.0000
vn 0.7653 -0.6436 -0.0000
vn 0.7701 0.6380 -0.0000
vn 0.7694 0.6388 -0.0000
vn -0.0000 0.7241 0.6897
vn -0.0000 -0.2471 0.9690
vn 0.7703 -0.6377 -0.0000
vn -0.0000 -0.8707 -0.4918
vn 0.3839 -0.2902 0.8766
vn 0.3833 0.2912 0.8765
vn 0.8945 -0.2770 0.3508
vn 0.8945 0.2770 0.3510
vn -0.2800 -0.2885 -0.9156
vn -0.2589 0.3080 -0.9155
vn -0.9247 -0.2954 -0.2401
vn -0.9247 0.2402 -0.2954
vn -0.2795 -0.7065 -0.6501
vn -0.2830 0.7074 -0.6477
vn -0.6688 -0.6970 -0.2585
vn -0.6656 0.7001 -0.2587
vn -0.2736 0.7131 -0.6455
vn -0.2750 -0.7090 -0.6494
vn -0.2830 0.7073 -0.6478
vn -0.2723 -0.7105 -0.6489
vn -0.6674 0.6960 -0.2650
vn -0.6673 -0.6993 -0.2563
vn -0.6658 0.7003 -0.2575
vn -0.6695 -0.6957 -0.2604
vn -0.3233 0.9463 -0.0000
vn -0.0000 0.2433 -0.9700
vn -0.0000 0.6646 -0.7472
vn -0.7658 -0.6431 -0.0000
vn -0.7021 0.7121 -0.0000
vn -0.2799 -0.9157 -0.2884
vn -0.2590 0.9179 -0.3006
vn -0.0000 0.8704 -0.4923
vn -0.0000 -0.3189 -0.9478
vn -0.0000 -0.6607 -0.7507
vn -0.0000 0.7251 -0.6886
vn -0.0000 -0.6596 -0.7517
vn -0.5098 0.8603 -0.0000
vn -0.9724 0.2332 -0.0000
vn -0.9724 -0.2333 -0.0000
vn -0.9724 0.2334 -0.0000
vn -0.5094 -0.8606 -0.0000
vn -0.0000 0.9503 -0.3114
vn -0.7666 -0.6421 -0.0000
vn -0.0000 -0.9479 -0.3187
vn -0.3808 -0.2930 0.8770
vn -0.3813 0.2918 0.8772
vn -0.8926 -0.2853 0.3490
vn -0.8907 0.2881 0.3517
vn 0.3218 -0.2474 -0.9139
vn 0.2785 0.2895 -0.9157
vn 0.9266 -0.2400 -0.2894
vn 0.9268 0.2889 -0.2398
vn 0.2811 -0.7043 -0.6519
vn 0.2845 0.7053 -0.6493
vn 0.6721 -0.6944 -0.2570
vn 0.6688 0.6977 -0.2567
vn 0.2731 0.7124 -0.6465
vn 0.2747 -0.7111 -0.6472
vn 0.2675 0.7161 -0.6447
vn 0.6686 0.6983 -0.2557
vn 0.6713 -0.6911 -0.2679
vn 0.6715 0.6912 -0.2671
vn 0.6737 -0.6901 -0.2642
vn -0.0000 0.2426 -0.9701
vn 0.9727 -0.2319 -0.0000
vn -0.0000 -0.7214 -0.6925
vn -0.0000 0.6654 -0.7465
vn -0.0000 0.6649 -0.7469
vn -0.0000 -0.7212 -0.6928
vn -0.0000 -0.7249 -0.6889
vn 0.2590 -0.9155 -0.3079
vn 0.2770 0.9185 -0.2820
vn -0.0000 -0.0000 -1.0000
vn -0.0000 -0.2426 -0.9701
vn -0.0000 0.7249 -0.6888
vn -0.0000 -0.6606 -0.7508
vn 0.7660 0.6429 -0.0000
vn 0.7700 -0.6380 -0.0000
vn 0.7695 -0.6386 -0.0000
vn -0.0000 -0.8704 -0.4923
vn 0.3258 0.9364 -0.1303
vn 0.3778 -0.2941 -0.8779
vn 0.3792 0.2945 -0.8772
vn 0.1353 0.9394 -0.3151
vn -0.3123 0.3076 0.8988
vn -0.3145 -0.3132 0.8961
vn 0.1353 -0.9394 -0.3150
vn 0.3288 -0.9354 -0.1296
vn -0.9106 -0.3136 0.2691
vn 0.8915 -0.2861 -0.3512
vn 0.8914 0.2869 -0.3509
vn -0.9116 0.3125 0.2673
vn -0.2942 0.3214 0.9001
vn -0.3136 0.3075 0.8984
vn -0.2580 -0.3058 0.9165
vn -0.2940 -0.3247 0.8989
vn -0.3120 -0.3156 0.8961
vn -0.2585 0.3057 0.9163
vn -0.9105 0.3139 0.2691
vn -0.9254 -0.2377 0.2952
vn -0.9109 -0.3130 0.2690
vn -0.9113 0.3129 0.2678
vn -0.9082 -0.3013 0.2905
vn -0.1748 -0.8115 0.5576
vn -0.9254 0.2377 0.2952
vn -0.1661 0.8136 0.5571
vn -0.2702 -0.7162 0.6435
vn -0.2886 0.7039 0.6491
vn -0.5789 -0.7993 0.1612
vn -0.6682 -0.6944 0.2670
vn -0.5781 0.8011 0.1547
vn -0.6635 0.7045 0.2519
vn -0.2702 0.7160 0.6437
vn -0.1735 -0.8111 0.5585
vn -0.1666 0.8135 0.5571
vn -0.2702 -0.7160 0.6437
vn -0.2886 0.7038 0.6492
vn -0.1817 -0.8097 0.5580
vn -0.5787 0.8008 0.1546
vn -0.2701 -0.7160 0.6437
vn -0.5785 -0.8009 0.1548
vn -0.6679 0.6947 0.2671
vn -0.6638 -0.7031 0.2550
vn -0.5781 0.8001 0.1603
vn -0.5796 -0.7975 0.1678
vn -0.6684 0.6942 0.2671
vn -0.6635 -0.7045 0.2518
vn 0.3944 -0.0000 -0.9189
vn -0.3330 0.0001 0.9429
vn 0.9305 -0.0000 -0.3664
vn -0.0000 0.2445 0.9697
vn -0.9521 -0.0000 0.3059
vn -0.3305 0.9438 -0.0000
vn -0.3323 -0.0000 0.9432
vn -0.3313 -0.0000 0.9435
vn -0.3305 0.0001 0.9438
vn -0.0000 0.3175 0.9483
vn -0.9523 -0.0000 0.3052
vn -0.9524 -0.3047 -0.0000
vn -0.9523 -0.0000 0.3051
vn -0.9524 -0.0000 0.3049
vn -0.1378 -0.9125 0.3853
vn -0.9720 -0.2350 -0.0000
vn -0.0000 -0.7258 0.6879
vn -0.0000 0.6655 0.7464
vn -0.1351 0.9122 0.3869
vn -0.4024 -0.9064 0.1288
vn -0.4039 0.9060 0.1265
vn -0.1374 0.9125 0.3853
vn -0.1377 -0.9124 0.3854
vn -0.1371 0.9125 0.3855
vn -0.0000 -0.7252 0.6885
vn -0.0000 0.6653 0.7465
vn -0.1374 -0.9125 0.3854
vn -0.4043 0.9059 0.1264
vn -0.4039 -0.9060 0.1267
vn -0.4022 0.9064 0.1289
vn -0.4033 -0.9062 0.1273
vn -0.2514 -0.9181 0.3065
vn -0.2514 0.9181 0.3065
vn -0.0000 0.8702 0.4926
vn -0.0000 -0.6658 0.7461
vn -0.0000 0.7247 0.6891
vn -0.3310 -0.9436 -0.0000
vn -0.9524 -0.3048 -0.0000
vn -0.9525 0.3045 -0.0000
vn -0.7061 -0.7081 -0.0000
vn -0.7050 -0.7092 -0.0000
vn -0.5098 -0.8603 -0.0000
vn -0.9525 0.3046 -0.0000
vn -0.0000 0.2467 0.9691
vn -0.0000 0.6660 0.7460
vn -0.0000 0.8703 0.4926
vn -0.0000 -0.2467 0.9691
vn 0.9519 0.3065 -0.0000
vn -0.9526 -0.3043 -0.0000
vn -0.5093 -0.8606 -0.0000
vn 0.3317 0.9434 -0.0000
vn -0.9723 0.2339 -0.0000
vn -0.7621 0.6474 -0.0000
vn -0.9724 0.2333 -0.0000
vn -0.9720 -0.2351 -0.0000
vn -0.0000 0.2449 0.9695
vn -0.7622 -0.6474 -0.0000
vn -0.7057 0.7085 -0.0000
vn -0.3301 0.9351 -0.1289
vn -0.0000 -0.0001 1.0000
vn -0.3758 -0.2972 -0.8778
vn -0.3761 0.2971 -0.8777
vn -0.1353 0.9391 -0.3160
vn 0.2895 0.3242 0.9006
vn 0.3125 -0.3156 0.8960
vn -0.1354 -0.9391 -0.3158
vn -0.3299 -0.9352 -0.1289
vn 0.9103 -0.3038 0.2812
vn -0.8919 -0.2891 -0.3478
vn -0.8920 0.2888 -0.3479
vn 0.9109 0.3020 0.2810
vn 0.2919 0.3229 0.9003
vn 0.2910 0.3252 0.8998
vn 0.3199 -0.2471 0.9147
vn 0.3137 -0.3155 0.8956
vn 0.2944 -0.3270 0.8980
vn 0.2575 0.3074 0.9161
vn 0.9109 0.3020 0.2812
vn 0.9273 -0.2383 0.2886
vn 0.9104 -0.3037 0.2809
vn 0.9108 0.3134 0.2687
vn 0.9107 -0.3032 0.2805
vn 0.1751 -0.8116 0.5573
vn 0.9272 0.2930 0.2331
vn 0.1695 0.8126 0.5576
vn 0.2908 -0.7017 0.6505
vn 0.2676 0.7157 0.6451
vn 0.5781 -0.8007 0.1569
vn 0.6725 -0.6891 0.2699
vn 0.5774 0.8013 0.1565
vn 0.1665 0.8132 0.5577
vn 0.6725 0.6892 0.2697
vn 0.2681 0.7158 0.6448
vn 0.1662 -0.8139 0.5568
vn 0.1665 0.8131 0.5578
vn 0.2908 -0.7016 0.6505
vn 0.2899 0.7016 0.6510
vn 0.1666 -0.8134 0.5574
vn 0.5774 0.8013 0.1566
vn 0.2673 -0.7166 0.6442
vn 0.6725 0.6891 0.2699
vn 0.6674 -0.7003 0.2533
vn 0.5791 0.8001 0.1567
vn 0.5785 -0.8007 0.1559
vn 0.6667 -0.7010 0.2530
vn -0.0000 -0.9481 0.3180
vn -0.3951 -0.0000 -0.9186
vn 0.3321 0.0001 0.9432
vn -0.9310 -0.0000 -0.3650
vn 0.9553 0.0001 0.2956
vn 0.3316 0.9434 -0.0000
vn 0.3301 -0.0000 0.9440
vn 0.3311 -0.0000 0.9436
vn -0.0000 0.3181 0.9481
vn 0.3323 -0.0000 0.9432
vn 0.9548 0.0002 0.2973
vn 0.9538 -0.3005 -0.0000
vn 0.9549 -0.0000 0.2968
vn 0.9554 -0.0000 0.2954
vn 0.1371 -0.9126 0.3853
vn 0.1369 0.9125 0.3856
vn 0.4017 -0.9067 0.1289
vn 0.4022 0.9065 0.1285
vn 0.1373 0.9125 0.3853
vn 0.7079 0.7063 -0.0000
vn 0.1352 -0.9121 0.3869
vn 0.1368 0.9125 0.3856
vn -0.0000 -0.7248 0.6890
vn 0.1371 -0.9125 0.3854
vn 0.4021 0.9065 0.1287
vn 0.4017 -0.9066 0.1289
vn 0.4022 0.9065 0.1287
vn 0.4024 -0.9064 0.1284
vn 0.7665 -0.6422 -0.0000
vn -0.0000 0.9481 0.3180
vn 0.2501 -0.9179 0.3080
vn 0.3234 0.9161 0.2370
vn -0.0000 -0.3181 0.9481
vn -0.0000 -0.6659 0.7460
vn 0.9724 0.2334 -0.0000
vn 0.9728 0.2318 -0.0000
vn 0.7667 0.6420 -0.0000
vn -0.0000 0.9479 -0.3185
vn -0.0000 -0.9480 -0.3184
vn -0.0000 0.8702 0.4927
vn -0.0000 0.3183 -0.9480
vn -0.0000 -0.2446 0.9696
vn -0.0000 0.7244 0.6894
vn 1.0000 -0.0001 -0.0000
vn 0.5095 -0.8604 -0.0000
vn -0.9515 -0.3077 -0.0000
vn -0.3251 0.9457 -0.0000
vn 0.9730 0.2309 -0.0000
vn 0.7669 0.6418 -0.0000
vn 0.9726 0.2326 -0.0000
vn 0.7654 0.6435 -0.0000
vn -0.0000 -0.3185 -0.9479
vn 0.5095 0.8605 -0.0000
vn -0.0000 0.2466 0.9691
vn -0.0000 0.6657 0.7462
vn 0.7056 0.7086 -0.0000
vn 0.7090 0.7052 -0.0000
vn 0.3193 0.9389 0.1285
vn 0.3810 -0.2864 0.8791
vn 0.3800 0.2864 0.8795
vn 0.1337 0.9424 0.3067
vn -0.2946 0.3215 -0.8999
vn -0.3158 -0.3077 -0.8976
vn 0.1381 -0.9391 0.3148
vn 0.3260 -0.9364 0.1298
vn -0.9108 -0.3105 -0.2722
vn 0.8886 -0.2864 0.3581
vn 0.8887 0.2862 0.3581
vn -0.9092 0.2980 -0.2908
vn -0.2953 0.3210 -0.8998
vn -0.3217 -0.2485 -0.9137
vn -0.2952 -0.3211 -0.8999
vn -0.2946 -0.3211 -0.9001
vn -0.3217 0.2484 -0.9137
vn -0.9110 0.3101 -0.2718
vn -0.9247 -0.2402 -0.2954
vn -0.9093 -0.2978 -0.2908
vn -0.9092 0.2979 -0.2910
vn -0.9110 -0.3101 -0.2720
vn -0.1711 -0.8136 -0.5557
vn -0.9247 0.2938 -0.2419
vn -0.1762 0.8120 -0.5565
vn -0.2719 -0.7115 -0.6479
vn -0.2703 0.7153 -0.6445
vn -0.5745 -0.8032 -0.1576
vn -0.6694 -0.6952 -0.2618
vn -0.5742 0.8042 -0.1534
vn -0.1769 0.8119 -0.5564
vn -0.6669 0.6963 -0.2652
vn -0.2833 0.7072 -0.6477
vn -0.1709 -0.8135 -0.5559
vn -0.1660 0.8148 -0.5554
vn -0.2800 -0.7063 -0.6501
vn -0.2701 0.7158 -0.6440
vn -0.1773 -0.8120 -0.5560
vn -0.5753 0.8009 -0.1664
vn -0.2856 -0.7020 -0.6524
vn -0.5743 -0.8033 -0.1577
vn -0.6649 0.7021 -0.2550
vn -0.6693 -0.6951 -0.2625
vn -0.5743 0.8042 -0.1534
vn -0.5743 -0.8042 -0.1534
vn -0.6675 0.6959 -0.2649
vn -0.6721 -0.6905 -0.2675
vn 0.3975 -0.0000 0.9176
vn -0.3311 -0.0000 -0.9436
vn 0.9309 -0.0000 0.3653
vn -0.9525 -0.0000 -0.3045
vn -0.3315 -0.0000 -0.9434
vn -0.3320 -0.0000 -0.9433
vn -0.0000 0.2432 -0.9700
vn -0.0000 0.3189 -0.9478
vn -0.3323 -0.0000 -0.9432
vn -0.9525 -0.0000 -0.3044
vn -0.9524 -0.0000 -0.3048
vn -0.1297 -0.9113 -0.3907
vn -0.0000 -0.7215 -0.6924
vn -0.1345 0.9121 -0.3872
vn -0.4012 -0.9067 -0.1302
vn -0.4026 0.9063 -0.1284
vn -0.1349 0.9122 -0.3869
vn -0.1402 -0.9130 -0.3832
vn -0.1345 0.9122 -0.3871
vn -0.0000 -0.7213 -0.6926
vn -0.1342 -0.9122 -0.3871
vn -0.4034 0.9062 -0.1270
vn -0.0000 -0.7249 -0.6888
vn -0.4015 -0.9066 -0.1302
vn -0.4045 0.9058 -0.1260
vn -0.4026 -0.9063 -0.1284
vn -0.3211 -0.9141 -0.2477
vn -0.3125 0.9171 -0.2473
vn -0.0000 0.9503 -0.3112
vn -0.0000 -0.2428 -0.9701
vn -0.0000 -0.2432 -0.9700
vn -0.0000 -0.2433 -0.9700
vn -0.0000 0.7250 -0.6887
vn -0.3314 -0.9435 -0.0000
vn -0.9530 0.3029 -0.0000
vn -0.7056 -0.7086 -0.0000
vn -0.7058 -0.7084 -0.0000
vn -0.0000 -0.6606 -0.7507
vn -0.9530 0.3028 -0.0000
vn 0.3321 -0.9433 -0.0000
vn -0.0000 -0.6651 -0.7467
vn -0.9726 -0.2326 -0.0000
vn -0.7658 -0.6430 -0.0000
vn -0.3309 -0.9437 -0.0000
vn 0.9518 -0.3067 -0.0000
vn -0.7018 -0.7123 -0.0000
vn -0.7022 0.7120 -0.0000
vn -0.9722 0.2341 -0.0000
vn -0.7051 -0.7091 -0.0000
vn -0.7619 0.6476 -0.0000
vn -0.7623 0.6472 -0.0000
vn -0.7051 0.7091 -0.0000
vn -0.7623 -0.6472 -0.0000
vn -0.3216 0.9384 0.1265
vn -0.3834 -0.2899 0.8769
vn -0.3826 0.2899 0.8772
vn -0.1339 0.9418 0.3085
vn 0.2950 0.3217 -0.8997
vn 0.3141 -0.3088 -0.8978
vn -0.1374 -0.9388 0.3159
vn -0.3295 -0.9353 0.1294
vn 0.9108 -0.3016 -0.2817
vn -0.8904 -0.2886 0.3520
vn -0.8926 0.2851 0.3493
vn 0.9107 0.3021 -0.2818
vn 0.3140 0.3088 -0.8978
vn 0.2936 0.3219 -0.9001
vn 0.2589 -0.3082 -0.9154
vn 0.2936 -0.3217 -0.9002
vn 0.2930 -0.3220 -0.9003
vn 0.3218 0.2474 -0.9139
vn 0.9113 0.3100 -0.2712
vn 0.9266 -0.2908 -0.2383
vn 0.9110 -0.3014 -0.2815
vn 0.9107 0.3020 -0.2818
vn 0.1701 -0.8139 -0.5555
vn 0.9266 0.2400 -0.2894
vn 0.1660 0.8148 -0.5554
vn 0.2696 -0.7114 -0.6490
vn 0.2675 0.7163 -0.6445
vn 0.5747 -0.8014 -0.1660
vn 0.6739 -0.6902 -0.2637
vn 0.5744 0.8036 -0.1560
vn 0.1661 0.8148 -0.5554
vn 0.6717 0.6911 -0.2670
vn 0.2853 0.7051 -0.6492
vn 0.1666 -0.8117 -0.5597
vn 0.1756 0.8123 -0.5562
vn 0.2841 -0.7051 -0.6497
vn 0.2844 0.7052 -0.6494
vn 0.1762 -0.8122 -0.5562
vn 0.5748 0.8033 -0.1562
vn 0.2684 -0.7119 -0.6490
vn 0.5788 -0.7980 -0.1677
vn 0.6672 -0.6997 -0.2554
vn 0.5739 0.8039 -0.1560
vn 0.5748 -0.8013 -0.1659
vn 0.6686 0.6985 -0.2551
vn 0.6715 -0.6950 -0.2571
vn -0.0000 -0.9478 -0.3189
vn -0.3982 -0.0000 0.9173
vn 0.3313 -0.0000 -0.9435
vn -0.9306 -0.0000 0.3659
vn 0.3238 0.9461 -0.0000
vn 0.9551 -0.0000 -0.2963
vn 0.3316 0.0001 -0.9434
vn 0.3315 -0.0000 -0.9434
vn 0.9545 0.0001 -0.2981
vn 0.9546 -0.2980 -0.0000
vn 0.9552 -0.0000 -0.2961
vn 0.9553 -0.0000 -0.2956
vn 0.1395 -0.9129 -0.3836
vn 0.1351 0.9121 -0.3871
vn 0.4065 -0.9053 -0.1232
vn 0.4029 0.9063 -0.1276
vn 0.1352 0.9121 -0.3870
vn 0.1354 -0.9122 -0.3867
vn -0.0000 0.6648 -0.7470
vn 0.1350 0.9121 -0.3870
vn 0.1350 -0.9120 -0.3873
vn 0.4029 0.9063 -0.1277
vn 0.4026 -0.9064 -0.1279
vn 0.7659 -0.6429 -0.0000
vn 0.4022 0.9065 -0.1286
vn 0.4025 -0.9063 -0.1289
vn 0.3225 -0.9140 -0.2462
vn 0.3132 0.9170 -0.2470
vn -0.0000 0.7249 -0.6889
vn 0.9546 0.2979 -0.0000
vn 0.7675 0.6411 -0.0000
vn 0.7080 -0.7062 -0.0000
vn -0.0000 0.9503 0.3113
vn 0.7653 0.6437 -0.0000
vn 0.7658 0.6431 -0.0000
vn -0.0000 -0.9478 0.3188
vn -0.0000 0.3177 0.9482
vn -0.3329 -0.9429 -0.0000
vn -0.9515 0.3076 -0.0000
vn 0.3236 0.9462 -0.0000
vn 0.9724 -0.2332 -0.0000
vn 0.7658 -0.6431 -0.0000
vn 0.5090 -0.8608 -0.0000
vn 0.3314 -0.9435 -0.0000
vn 0.7082 -0.7060 -0.0000
vn 0.7056 -0.7086 -0.0000
vn 0.9726 0.2325 -0.0000
vn 0.9540 0.2997 -0.0000
vn 0.7098 -0.7044 -0.0000
vn 0.7669 0.6417 -0.0000
vn -0.0000 -0.3178 0.9482
vn 0.9727 -0.2322 -0.0000
vn 0.7710 -0.6368 -0.0000
vn 0.7061 0.7081 -0.0000
vn 0.7706 -0.6373 -0.0000
vn 0.3284 0.9356 -0.1298
vn 0.1358 0.9392 -0.3154
vn -0.2920 0.3208 0.9010
vn -0.2979 -0.3232 0.8982
vn 0.1359 -0.9393 -0.3151
vn 0.3259 -0.9364 -0.1301
vn -0.9083 -0.2999 0.2917
vn -0.9094 0.2974 0.2908
vn -0.3131 0.3096 0.8978
vn -0.3118 -0.3132 0.8970
vn -0.3012 -0.3238 0.8969
vn -0.9087 0.2996 0.2906
vn -0.9086 -0.2996 0.2909
vn -0.9094 0.2975 0.2907
vn -0.9097 -0.3144 0.2714
vn -0.1649 -0.8139 0.5570
vn -0.1703 0.8126 0.5574
vn -0.5783 -0.8009 0.1550
vn -0.5787 0.7996 0.1603
vn -0.1772 0.8109 0.5578
vn -0.1649 -0.8133 0.5580
vn -0.1649 -0.8140 0.5570
vn -0.5795 0.7978 0.1662
vn -0.5791 -0.7992 0.1612
vn -0.5782 0.8010 0.1551
vn -0.5783 -0.8006 0.1569
vn 0.3957 -0.0000 -0.9184
vn -0.3309 -0.0000 0.9437
vn 0.9306 -0.0000 -0.3661
vn -0.9523 0.0001 0.3050
vn -0.3305 -0.0001 0.9438
vn -0.3317 -0.0000 0.9434
vn -0.3312 -0.0000 0.9435
vn -0.9526 -0.0001 0.3042
vn -0.9526 -0.0000 0.3043
vn -0.1341 -0.9120 0.3876
vn -0.0000 -0.7257 0.6881
vn -0.0000 0.6662 0.7458
vn -0.1370 0.9125 0.3854
vn -0.4039 -0.9060 0.1264
vn -0.4025 0.9063 0.1285
vn -0.1350 0.9122 0.3868
vn -0.1339 -0.9121 0.3875
vn -0.1354 0.9122 0.3868
vn -0.1341 -0.9121 0.3875
vn -0.0000 -0.7240 0.6898
vn -0.4024 0.9064 0.1286
vn -0.4024 -0.9064 0.1286
vn -0.4038 0.9061 0.1266
vn -0.4024 -0.9064 0.1287
vn 0.9519 0.3064 -0.0000
vn -0.5097 0.8603 -0.0000
vn -0.9525 -0.3047 -0.0000
vn -0.9722 -0.2341 -0.0000
vn -0.5097 -0.8604 -0.0000
vn 0.3242 0.9460 -0.0000
vn -0.7625 0.6470 -0.0000
vn -0.9726 -0.2325 -0.0000
vn -0.7657 -0.6432 -0.0000
vn -0.7012 0.7130 -0.0000
vn -0.3298 0.9352 -0.1287
vn -0.1354 0.9390 -0.3162
vn 0.3113 0.3099 0.8984
vn 0.2973 -0.3249 0.8978
vn -0.1354 -0.9390 -0.3161
vn -0.3304 -0.9350 -0.1292
vn 0.9111 -0.3101 0.2717
vn 0.9120 0.3108 0.2676
vn 0.3116 0.3098 0.8983
vn 0.3120 0.3119 0.8974
vn 0.3145 -0.3155 0.8953
vn 0.9118 0.3093 0.2700
vn 0.9111 -0.3099 0.2719
vn 0.9099 0.3040 0.2822
vn 0.9112 -0.3103 0.2711
vn 0.1671 -0.8136 0.5569
vn 0.1665 0.8133 0.5575
vn 0.5791 -0.7993 0.1605
vn 0.5783 0.8000 0.1599
vn 0.1758 0.8107 0.5585
vn 0.1747 -0.8117 0.5574
vn 0.1757 0.8107 0.5586
vn 0.1736 -0.8115 0.5580
vn 0.5790 0.7982 0.1663
vn 0.5791 -0.7993 0.1604
vn 0.5803 0.7976 0.1647
vn 0.5791 -0.7994 0.1602
vn -0.3956 -0.0000 -0.9184
vn 0.3313 -0.0000 0.9435
vn -0.9312 -0.0000 -0.3646
vn 0.9552 -0.0000 0.2959
vn 0.3326 0.0001 0.9431
vn 0.3308 -0.0000 0.9437
vn 0.9553 -0.0002 0.2956
vn 0.9548 -0.0001 0.2973
vn 0.1358 -0.9123 0.3864
vn 0.1352 0.9122 0.3868
vn 0.4023 -0.9064 0.1286
vn 0.4020 0.9066 0.1286
vn 0.1352 0.9122 0.3869
vn 0.1372 -0.9125 0.3854
vn 0.1353 0.9121 0.3870
vn 0.1352 -0.9121 0.3870
vn 0.4020 0.9065 0.1286
vn 0.4021 -0.9065 0.1285
vn 0.4020 -0.9066 0.1287
vn -0.0000 0.9481 0.3181
vn -0.0000 0.9480 -0.3184
vn -0.0000 0.3185 -0.9479
vn 0.5094 -0.8605 -0.0000
vn -0.9513 -0.3084 -0.0000
vn -0.3319 0.9433 -0.0000
vn 0.9724 0.2332 -0.0000
vn 0.7670 0.6416 -0.0000
vn 0.9725 0.2327 -0.0000
vn 0.7672 0.6414 -0.0000
vn 0.5094 0.8605 -0.0000
vn 0.7080 0.7062 -0.0000
vn 0.7052 0.7090 -0.0000
vn 0.3186 0.9394 0.1270
vn 0.1344 0.9421 0.3073
vn -0.3158 0.3077 -0.8975
vn -0.2939 -0.3212 -0.9002
vn 0.1370 -0.9395 0.3140
vn 0.3276 -0.9356 0.1317
vn -0.9093 -0.2977 -0.2908
vn -0.9111 0.3098 -0.2718
vn -0.3158 0.3077 -0.8976
vn -0.9090 0.2983 -0.2912
vn -0.9112 -0.3097 -0.2717
vn -0.9109 0.3102 -0.2720
vn -0.9094 -0.2977 -0.2906
vn -0.1656 0.8146 -0.5558
vn -0.5750 -0.8010 -0.1666
vn -0.5753 0.8007 -0.1668
vn -0.1660 0.8146 -0.5558
vn -0.1773 -0.8120 -0.5561
vn -0.1769 0.8121 -0.5561
vn -0.1676 -0.8144 -0.5556
vn -0.5742 0.8038 -0.1558
vn -0.5746 -0.8013 -0.1668
vn -0.5748 0.8011 -0.1668
vn -0.5747 -0.8012 -0.1667
vn 0.3969 -0.0000 0.9179
vn 0.9311 -0.0000 0.3648
vn -0.9523 -0.0000 -0.3050
vn -0.0000 0.2427 -0.9701
vn -0.3315 -0.0000 -0.9435
vn -0.9526 -0.0000 -0.3043
vn -0.9523 -0.0000 -0.3051
vn -0.9526 -0.0000 -0.3044
vn -0.1399 -0.9130 -0.3833
vn -0.0000 -0.7216 -0.6923
vn -0.1349 0.9122 -0.3870
vn -0.4060 -0.9054 -0.1242
vn -0.1346 0.9122 -0.3871
vn -0.1296 -0.9113 -0.3908
vn -0.1352 0.9122 -0.3869
vn -0.1366 -0.9124 -0.3858
vn -0.4029 0.9062 -0.1281
vn -0.4064 -0.9053 -0.1234
vn -0.4043 -0.9059 -0.1260
vn -0.0000 -0.2427 -0.9701
vn 0.3320 -0.9433 -0.0000
vn -0.9722 -0.2340 -0.0000
vn -0.7621 -0.6475 -0.0000
vn 0.9519 -0.3063 -0.0000
vn -0.9726 0.2326 -0.0000
vn -0.7054 -0.7089 -0.0000
vn -0.7622 0.6474 -0.0000
vn -0.7620 0.6476 -0.0000
vn -0.7662 -0.6426 -0.0000
vn -0.3221 0.9381 0.1271
vn -0.1342 0.9421 0.3072
vn 0.3134 0.3093 -0.8978
vn 0.2943 -0.3213 -0.9001
vn -0.1374 -0.9393 0.3144
vn -0.3305 -0.9347 0.1306
vn 0.9113 -0.3072 -0.2743
vn 0.9115 0.3073 -0.2735
vn 0.2937 0.3214 -0.9003
vn 0.3126 0.3090 -0.8982
vn 0.3155 -0.3091 -0.8972
vn 0.3148 -0.3088 -0.8976
vn 0.9105 0.3020 -0.2826
vn 0.9116 -0.3084 -0.2719
vn 0.9116 0.3055 -0.2752
vn 0.9114 -0.3074 -0.2737
vn 0.1765 -0.8123 -0.5558
vn 0.1765 0.8123 -0.5559
vn 0.5745 -0.8025 -0.1613
vn 0.5754 0.8010 -0.1653
vn 0.1780 -0.8090 -0.5602
vn 0.1662 0.8146 -0.5557
vn 0.1655 -0.8147 -0.5557
vn 0.5762 0.8006 -0.1644
vn 0.5780 -0.8006 -0.1581
vn 0.5745 0.8015 -0.1660
vn 0.5736 -0.8039 -0.1569
vn -0.3985 -0.0000 0.9172
vn 0.3294 -0.0001 -0.9442
vn -0.9309 -0.0000 0.3654
vn 0.9554 -0.0001 -0.2953
vn 0.3300 -0.0000 -0.9440
vn 0.3296 0.0001 -0.9441
vn 0.3299 -0.0000 -0.9440
vn 0.9550 -0.0000 -0.2967
vn 0.9553 -0.0001 -0.2956
vn 0.9546 -0.0001 -0.2978
vn 0.1301 -0.9113 -0.3908
vn 0.1350 0.9122 -0.3868
vn 0.3982 -0.9076 -0.1334
vn 0.1343 -0.9121 -0.3873
vn -0.0000 0.6656 -0.7463
vn 0.1300 -0.9111 -0.3912
vn 0.4021 0.9065 -0.1287
vn 0.4015 -0.9067 -0.1293
vn 0.4030 0.9062 -0.1277
vn 0.4068 -0.9051 -0.1238
vn -0.0000 -0.6599 -0.7514
vn -0.0000 0.9504 0.3111
vn -0.0000 -0.9478 0.3189
vn -0.0000 0.3170 0.9484
vn -0.3329 -0.9430 -0.0000
vn -0.9513 0.3084 -0.0000
vn 0.3315 0.9435 -0.0000
vn 0.9725 -0.2330 -0.0000
vn 0.9548 -0.2973 -0.0000
vn 0.9724 -0.2335 -0.0000
vn 0.7670 -0.6416 -0.0000
vn 0.5095 -0.8605 -0.0000
vn 0.3315 -0.9434 -0.0000
vn 0.7097 -0.7045 -0.0000
vn 0.7084 -0.7058 -0.0000
vn 1.0000 0.0001 -0.0000
vn 0.9729 0.2311 -0.0000
vn 0.9547 0.2977 -0.0000
vn 0.7099 -0.7043 -0.0000
vn -0.0000 -0.3171 0.9484
vn 0.9723 -0.2336 -0.0000
vn 0.7656 -0.6433 -0.0000
vn 0.3104 0.9427 0.1224
vn 0.0001 -0.0136 -0.9999
vn -0.0000 -0.0100 0.9999
vn -0.9489 0.0077 -0.3156
vn -0.0565 -0.9834 -0.1722
vn 0.0357 -0.9827 0.1816
vn -0.1613 -0.9853 0.0564
vn -0.0190 -0.9809 0.1936
vn 0.1640 -0.9847 0.0595
vn -0.0000 1.0000 -0.0050
vn -0.0004 0.0747 0.9972
vn -0.0000 1.0000 0.0010
vn -0.0000 -0.9851 -0.1722
vn -0.0014 -0.9833 0.1819
vn -0.0001 -0.9811 0.1935
vn -0.9437 0.3307 -0.0001
vn -0.1612 -0.9869 0.0037
vn 0.1180 0.9574 0.2637
vn 0.2857 0.9528 0.1029
vn -0.0740 0.9586 -0.2748
vn -0.3045 0.9502 -0.0657
vn -0.2906 0.9538 0.0763
vn -0.0801 0.9571 0.2784
vn 0.8693 0.2768 -0.4095
vn 0.4426 0.2836 -0.8507
vn -0.8685 0.2768 0.4112
vn -0.4417 0.2837 0.8511
vn 0.3503 0.9366 -0.0000
vn 0.0001 -0.9862 0.1655
vn -0.0000 1.0000 0.0016
vn 0.9440 0.3299 -0.0001
vn -0.9850 -0.0350 -0.1692
vn -0.9442 -0.0033 -0.3294
vn -1.0000 -0.0049 -0.0000
vn 1.0000 -0.0045 -0.0000
vn 0.2204 0.3061 -0.9261
vn -0.2406 0.8974 0.3698
vn 0.1197 0.9422 -0.3130
vn -0.9450 0.0757 -0.3183
vn 0.3865 0.0413 0.9214
vn -0.9526 0.0537 0.2993
vn 0.3752 0.9269 -0.0000
vn 0.9531 -0.0033 -0.3026
vn 0.1761 -0.9822 -0.0647
vn 0.0727 -0.9838 -0.1639
vn -0.1767 -0.9827 -0.0553
vn -0.0004 0.9140 -0.4056
vn 0.0005 0.3349 0.9422
vn -0.0008 0.3320 -0.9433
vn -0.0002 0.9389 0.3442
vn -0.1754 -0.9845 -0.0001
vn -0.3710 0.9286 -0.0000
vn 0.1650 -0.9863 0.0024
vn 0.3059 0.9493 -0.0726
vn 0.0769 0.9535 -0.2915
vn -0.4685 0.2794 -0.8381
vn -0.8668 0.2762 -0.4153
vn 0.0011 1.0000 -0.0000
vn 0.5545 0.8322 -0.0000
vn -0.9528 0.3036 -0.0000
vn -0.0000 0.8433 -0.5374
vn 0.0001 0.9999 -0.0109
vn -0.0000 -0.9861 -0.1659
vn 0.0004 0.3161 0.9487
vn -0.0001 0.8402 0.5423
vn -0.0000 0.3163 -0.9487
vn 0.1763 -0.9843 -0.0001
vn -0.3522 0.9359 -0.0000
vn -0.0021 1.0000 -0.0000
vn -0.5611 0.8277 -0.0000
vn 0.9528 0.3035 0.0001
vn 0.4716 -0.0000 -0.8818
vn 0.9166 0.0034 0.3999
vn 0.9839 -0.0319 -0.1758
vn -0.5226 -0.0001 -0.8526
vn -0.4715 -0.0001 0.8819
vn -0.9839 -0.0316 0.1757
vn 0.5154 0.1601 0.8419
vn 0.9944 0.1059 -0.0000
vn -0.9944 0.1061 -0.0000
vn -0.3308 0.0434 0.9427
vn -0.3415 -0.0462 -0.9387
vn 0.3275 -0.0041 -0.9449
vn -0.9965 0.0841 0.0001
vn 0.9060 0.0921 0.4131
vn -0.0009 0.1670 -0.9860
vn 0.9944 0.1059 0.0001
vn -0.2951 0.8996 0.3219
vn 0.3261 -0.0056 0.9453
vn -0.9533 0.0548 0.2970
vn 0.9371 0.0341 -0.3475
vn -0.0000 0.9487 -0.3162
vn -0.0008 0.3161 -0.9487
vn -0.0000 0.9233 0.3840
vn -0.1762 -0.9843 -0.0001
vn 0.0010 1.0000 -0.0000
vn 0.5504 0.8349 -0.0000
vn -0.9528 0.3035 -0.0000
vn 0.0001 0.8572 -0.5150
vn -0.0000 -0.9851 -0.1717
vn -0.0001 0.8396 0.5432
vn -0.0000 0.3162 -0.9487
vn 0.1747 -0.9846 -0.0001
vn -0.0017 1.0000 -0.0000
vn -0.5322 0.8466 -0.0000
vn 0.3598 0.1701 -0.9174
vn -0.4065 0.1881 -0.8941
vn -0.3584 0.1719 0.9176
vn 0.4334 0.1048 0.8951
vn 0.9902 0.1400 -0.0001
vn -0.9970 0.0772 -0.0000
vn -0.0004 0.1049 0.9945
vn -0.2800 0.0675 0.9576
vn 0.4300 0.0808 -0.8992
vn 0.9524 0.0597 0.2990
vn -0.0031 -1.0000 -0.0000
vn -0.0031 -0.0012 -1.0000
vn -0.0032 -0.0066 -1.0000
vn -0.0032 -0.0091 -1.0000
vn -0.0003 0.0045 -1.0000
vn -0.0033 -0.0011 -1.0000
vn -0.0104 0.0111 -0.9999
vn 0.0003 0.0019 -1.0000
vn 0.0003 0.0046 -1.0000
vn 0.0096 0.0120 -0.9999
vn -0.0000 0.0013 -1.0000
vn -0.0030 -0.0012 -1.0000
vn -0.0000 0.0043 -1.0000
vn 0.0004 0.0211 -0.9998
vn 0.0127 0.0132 -0.9998
vn 0.0126 0.0132 -0.9998
vn 0.0131 0.0132 -0.9998
vn 0.0191 -0.0005 -0.9998
vn 0.0130 -0.0102 -0.9999
vn 0.0191 -0.0006 -0.9998
vn 0.0126 -0.0105 -0.9999
vn 0.0002 -0.0145 -0.9999
vn 0.0125 -0.0103 -0.9999
vn -0.0004 0.0212 -0.9998
vn -0.0126 0.0149 -0.9998
vn -0.0127 0.0149 -0.9998
vn -0.0131 0.0147 -0.9998
vn -0.0191 -0.0000 -0.9998
vn -0.0131 -0.0108 -0.9999
vn -0.0189 -0.0002 -0.9998
vn -0.0189 0.0001 -0.9998
vn -0.0127 -0.0107 -0.9999
vn -0.0004 -0.0145 -0.9999
vn -0.0128 -0.0108 -0.9999
vn -0.4183 -0.9058 -0.0674
vn -0.7199 -0.6901 -0.0738
vn -0.4184 -0.9058 -0.0673
vn -0.7188 -0.6916 -0.0716
vn -0.9967 0.0412 -0.0706
vn -0.9966 0.0412 -0.0715
vn -0.9975 0.0102 -0.0706
vn -0.9262 0.3714 -0.0653
vn -0.9974 0.0102 -0.0715
vn -0.0192 0.9972 -0.0719
vn -0.3903 0.9183 -0.0660
vn -0.3903 0.9183 -0.0659
vn 0.4122 -0.9084 -0.0696
vn 0.9353 -0.3471 -0.0688
vn 0.9965 0.0391 -0.0736
vn 0.9353 -0.3471 -0.0687
vn 0.9264 0.3705 -0.0669
vn 0.9973 0.0082 -0.0728
vn 0.9972 0.0082 -0.0739
vn 0.0130 0.9977 -0.0671
vn 0.3847 0.9206 -0.0674
vn 0.0137 0.9973 -0.0720
vn -0.0032 -0.0067 -1.0000
vn -0.0032 -0.0102 -0.9999
vn -0.0032 -0.0099 -0.9999
vn -0.0030 -0.0066 -1.0000
vn -0.0029 -0.0012 -1.0000
vn -0.0000 0.0017 -1.0000
vn 0.7177 0.6914 -0.0833
vn 0.0170 0.9962 -0.0859
vn 0.7178 0.6914 -0.0824
vn 0.7167 0.6926 -0.0814
vn 0.9960 -0.0420 -0.0790
vn 0.7167 0.6926 -0.0815
vn 0.7162 -0.6928 -0.0843
vn 0.9968 -0.0106 -0.0790
vn 0.9968 -0.0106 -0.0789
vn 0.0162 -0.9959 -0.0893
vn 0.7160 -0.6927 -0.0866
vn 0.7162 -0.6927 -0.0854
vn -0.0171 0.9959 -0.0890
vn -0.7196 0.6893 -0.0832
vn -0.0171 0.9960 -0.0879
vn -0.7185 0.6905 -0.0837
vn -0.9958 -0.0442 -0.0800
vn -0.7185 0.6905 -0.0836
vn -0.9967 -0.0130 -0.0797
vn -0.7161 -0.6929 -0.0843
vn -0.9967 -0.0130 -0.0796
vn -0.0160 -0.9958 -0.0903
vn -0.7158 -0.6927 -0.0882
vn -0.0160 -0.9957 -0.0913
vn 0.0004 0.0212 -0.9998
vn 0.0130 0.0131 -0.9998
vn 0.0190 -0.0004 -0.9998
vn 0.0131 -0.0101 -0.9999
vn 0.0192 -0.0005 -0.9998
vn 0.0125 -0.0101 -0.9999
vn 0.0004 -0.0143 -0.9999
vn 0.0003 -0.0143 -0.9999
vn -0.0005 0.0212 -0.9998
vn -0.0126 0.0148 -0.9998
vn -0.0132 0.0148 -0.9998
vn -0.0190 0.0002 -0.9998
vn -0.0190 -0.0001 -0.9998
vn -0.0131 -0.0107 -0.9999
vn -0.0130 -0.0107 -0.9999
vn -0.0190 -0.0002 -0.9998
vn -0.0122 -0.0104 -0.9999
vn -0.0000 -0.0142 -0.9999
vn -0.0001 -0.0142 -0.9999
vn -0.4184 -0.9058 -0.0671
vn -0.7200 -0.6901 -0.0735
vn -0.7197 -0.6899 -0.0780
vn -0.7187 -0.6915 -0.0725
vn -0.7188 -0.6916 -0.0715
vn -0.9974 0.0101 -0.0716
vn -0.9262 0.3713 -0.0649
vn -0.0193 0.9976 -0.0670
vn -0.0185 0.9972 -0.0720
vn -0.3902 0.9184 -0.0662
vn 0.4122 -0.9084 -0.0697
vn 0.9353 -0.3470 -0.0688
vn 0.9965 0.0393 -0.0738
vn 0.9966 0.0393 -0.0729
vn 0.9264 0.3706 -0.0668
vn 0.9972 0.0083 -0.0737
vn 0.0130 0.9973 -0.0719
vn 0.3847 0.9206 -0.0675
vn 0.7175 0.6913 -0.0849
vn 0.0169 0.9960 -0.0879
vn 0.0170 0.9961 -0.0869
vn 0.7166 0.6927 -0.0813
vn 0.9960 -0.0419 -0.0789
vn 0.9960 -0.0419 -0.0790
vn 0.7162 -0.6927 -0.0845
vn 0.7162 -0.6928 -0.0847
vn 0.9968 -0.0106 -0.0791
vn 0.0161 -0.9958 -0.0903
vn 0.0160 -0.9957 -0.0913
vn 0.7158 -0.6927 -0.0882
vn -0.0170 0.9959 -0.0894
vn -0.7196 0.6893 -0.0842
vn -0.7196 0.6894 -0.0832
vn -0.7184 0.6907 -0.0826
vn -0.9959 -0.0440 -0.0788
vn -0.9959 -0.0439 -0.0787
vn -0.9967 -0.0128 -0.0798
vn -0.7162 -0.6928 -0.0846
vn -0.7162 -0.6927 -0.0845
vn -0.0162 -0.9959 -0.0894
vn -0.7161 -0.6927 -0.0854
vn -0.7160 -0.6927 -0.0865
vn 0.0404 -0.0270 -0.9988
vn 0.0005 -0.0082 -1.0000
vn 0.0068 -0.0077 -0.9999
vn 0.0432 -0.0032 -0.9991
vn 0.0405 -0.0269 -0.9988
vn -0.0035 -0.0006 -1.0000
vn 0.0421 -0.0045 -0.9991
vn -0.0159 -0.0008 -0.9999
vn -0.9999 0.0109 -0.0023
vn -0.9277 0.3732 -0.0000
vn -1.0000 0.0092 -0.0005
vn 0.0133 -0.0010 -0.9999
vn 0.3048 0.0600 -0.9505
vn 0.0560 -0.0036 -0.9984
vn 0.3708 -0.0225 -0.9284
vn 0.0529 -0.0310 -0.9981
vn 0.0567 -0.0052 -0.9984
vn 0.9999 0.0005 0.0125
vn 0.9998 -0.0118 0.0132
vn 0.0839 0.9961 -0.0259
vn 1.0000 0.0011 -0.0031
vn 1.0000 0.0011 0.0015
vn 1.0000 -0.0036 -0.0000
vn -0.0002 0.0011 -1.0000
vn 0.0427 -0.0039 -0.9991
vn -0.0029 -0.0004 -1.0000
vn 0.9999 -0.0113 -0.0020
vn 1.0000 0.0012 -0.0030
vn 1.0000 -0.0005 0.0003
vn -0.0162 0.9999 -0.0028
vn -0.3874 0.9219 -0.0000
vn 0.1182 0.9930 -0.0001
vn -0.1211 -0.9926 -0.0001
vn 0.7164 -0.6977 -0.0030
vn 0.0175 -0.9920 0.1251
vn 0.9983 -0.0581 0.0079
vn 0.7161 -0.6980 -0.0005
vn 1.0000 0.0046 -0.0022
vn 0.0193 -0.9922 0.1235
vn 0.7022 -0.6972 0.1447
vn 0.0034 -0.0028 1.0000
vn 0.1133 -0.0022 0.9936
vn 0.0035 -0.0028 1.0000
vn 0.7017 -0.6977 0.1446
vn -0.0160 0.9999 0.0038
vn -0.3842 0.9233 0.0015
vn -0.3872 0.9220 -0.0000
vn -1.0000 0.0095 -0.0001
vn -0.9276 0.3735 -0.0001
vn -0.9294 0.3690 0.0018
vn 0.1128 -0.0056 0.9936
vn 0.0001 0.0017 1.0000
vn -0.0000 -0.0010 1.0000
vn 0.0031 -0.0027 1.0000
vn 0.1129 -0.0026 0.9936
vn -0.0000 -0.0009 1.0000
vn 1.0000 0.0012 0.0009
vn 1.0000 0.0032 0.0060
vn -0.0023 0.0499 0.9988
vn 0.0003 0.0013 1.0000
vn 0.0229 0.1019 0.9945
vn 0.0001 0.0015 1.0000
vn 0.1129 -0.0049 0.9936
vn 1.0000 0.0004 0.0015
vn 1.0000 -0.0002 -0.0001
vn 1.0000 0.0007 0.0010
vn 1.0000 0.0033 0.0060
vn 0.7126 -0.6864 0.1449
vn 0.0179 -0.9918 0.1263
vn 0.7165 -0.6976 -0.0013
vn 0.0194 0.9998 0.0001
vn 0.0121 0.1021 0.9947
vn 0.0832 0.9961 -0.0291
vn 0.0335 0.0977 0.9947
vn 0.9999 -0.0150 0.0004
vn 0.1006 0.9945 -0.0290
vn 1.0000 0.0002 0.0015
vn -0.0099 -0.0008 -1.0000
vn -0.0101 -0.0070 -0.9999
vn -0.0193 -0.0158 -0.9997
vn -0.0093 -0.0007 -1.0000
vn -0.0032 0.0004 -1.0000
vn -0.0032 0.0011 -1.0000
vn -0.0033 0.0011 -1.0000
vn -0.0096 -0.0069 -0.9999
vn -0.0094 -0.0005 -1.0000
vn -0.0002 0.0012 -1.0000
vn -0.0092 -0.0006 -1.0000
vn -0.0092 0.0035 -1.0000
vn -0.9999 0.0103 -0.0014
vn -0.9076 0.4195 -0.0136
vn -1.0000 0.0045 -0.0044
vn -0.9994 -0.0343 -0.0023
vn -0.9974 -0.0708 0.0109
vn -1.0000 -0.0013 -0.0014
vn -0.9998 -0.0189 -0.0029
vn -0.7168 -0.6973 -0.0020
vn -0.9984 -0.0552 0.0125
vn -1.0000 0.0046 -0.0044
vn -0.9075 0.4198 -0.0135
vn -1.0000 -0.0007 -0.0073
vn 0.9848 0.1739 -0.0018
vn 0.9362 -0.3515 -0.0001
vn 0.9991 0.0418 -0.0004
vn -0.9979 -0.0650 -0.0018
vn -0.6118 -0.7821 0.1183
vn -0.0414 -0.0029 0.9991
vn -0.6001 -0.7894 0.1296
vn -0.0177 -0.9922 0.1235
vn 0.0029 0.0001 1.0000
vn -0.9999 0.0101 -0.0014
vn -0.9999 0.0073 0.0138
vn -0.9077 0.4193 -0.0136
vn -0.0003 0.0011 1.0000
vn -0.0035 0.0499 0.9988
vn -0.0051 0.0497 0.9987
vn -0.0272 -0.0019 0.9996
vn -0.0002 0.0011 1.0000
vn -0.9972 -0.0744 -0.0033
vn -0.0431 -0.0005 0.9991
vn -0.0218 0.0504 0.9985
vn -0.9974 -0.0714 0.0083
vn -1.0000 -0.0002 0.0018
vn -1.0000 -0.0014 -0.0016
vn -0.9071 0.4194 -0.0343
vn -0.0094 0.9999 -0.0092
vn -0.0001 0.9998 -0.0183
vn -0.9073 0.4196 -0.0272
vn -0.0000 0.9998 -0.0183
vn -0.0000 0.9998 -0.0179
vn 0.0822 0.9962 -0.0300
vn -0.9075 0.4198 -0.0160
vn -0.0097 0.9999 -0.0091
vn -0.9072 0.4193 -0.0343
vn -0.0189 0.9998 -0.0001
vn 0.0084 0.0502 0.9987
vn -0.0227 0.9997 -0.0000
vn -0.0194 0.9998 -0.0000
vn 0.0823 0.9962 -0.0289
vn -0.0000 0.9508 -0.3097
vn -0.9063 0.4227 -0.0049
vn -0.9999 0.0107 -0.0016
vn -1.0000 0.0004 0.0001
vn -0.9999 0.0079 0.0137
vn 0.0160 -0.9999 -0.0001
vn 0.6139 -0.7894 0.0004
vn 0.0160 -0.9999 -0.0000
vn 0.9999 -0.0104 -0.0002
vn 0.6141 -0.7892 0.0004
vn 0.8066 -0.5911 -0.0002
vn 0.6141 -0.7892 0.0005
vn 0.0162 -0.9999 -0.0000
vn -0.0028 -0.0057 1.0000
vn 0.0095 -0.0099 0.9999
vn 0.0034 -0.0021 1.0000
vn -0.0063 -0.0008 1.0000
vn 0.0030 -0.0018 1.0000
vn 0.0060 0.0001 1.0000
vn -0.4155 -0.9096 -0.0000
vn -0.4185 -0.9082 0.0015
vn -0.3901 0.9208 -0.0000
vn -0.0159 0.9999 0.0047
vn -0.3839 0.9234 0.0023
vn -0.9899 0.1419 0.0018
vn -0.9278 0.3732 0.0007
vn -0.9295 0.3689 0.0020
vn 0.0001 0.0013 1.0000
vn 0.0062 -0.0000 1.0000
vn 0.0032 0.0014 1.0000
vn 0.9986 -0.0524 0.0061
vn 0.8039 -0.5947 0.0012
vn 0.9905 -0.1369 -0.0154
vn 0.9997 0.0025 0.0252
vn 0.9976 -0.0688 0.0044
vn 1.0000 0.0008 0.0038
vn 1.0000 0.0017 0.0042
vn 0.9997 0.0027 0.0250
vn 1.0000 0.0004 0.0051
vn -0.4152 -0.9097 -0.0000
vn -0.4092 -0.9124 -0.0015
vn -0.3905 0.9206 -0.0000
vn -0.0164 0.9999 -0.0022
vn -0.0164 0.9999 -0.0028
vn 0.9893 -0.1460 -0.0012
vn 0.7950 -0.5875 -0.1510
vn 0.0200 -0.0016 -0.9998
vn 1.0000 -0.0009 -0.0014
vn 1.0000 -0.0009 -0.0015
vn 1.0000 0.0019 0.0037
vn 0.0245 0.0043 -0.9997
vn 0.0061 -0.0002 -1.0000
vn -0.0029 0.0011 -1.0000
vn -0.0016 0.0019 -1.0000
vn 0.0074 0.0004 -1.0000
vn -0.0053 -0.0023 -1.0000
vn 0.9999 0.0026 0.0150
vn 0.9881 -0.1535 0.0025
vn 0.0425 0.0052 -0.9991
vn 0.0219 0.0010 -0.9998
vn 0.0402 0.0050 -0.9992
vn 0.9877 -0.1561 0.0001
vn 1.0000 0.0031 -0.0030
vn 1.0000 -0.0017 -0.0019
vn 0.8042 -0.5943 0.0024
vn 0.0170 -0.9970 -0.0760
vn 0.7937 -0.5857 -0.1641
vn 0.7935 -0.5861 -0.1640
vn 0.9905 -0.1369 -0.0156
vn 0.8039 -0.5948 0.0009
vn 0.0151 0.9996 0.0247
vn 0.0062 1.0000 0.0075
vn 0.0001 0.9999 0.0144
vn -0.0001 0.9998 0.0193
vn -0.0214 0.9996 0.0209
vn 0.0152 0.9996 0.0244
vn 0.0065 1.0000 0.0074
vn 0.0153 0.9996 0.0246
vn 0.0158 0.9999 0.0001
vn 0.0158 0.9998 -0.0099
vn 0.0097 0.9999 -0.0099
vn 0.0190 0.9998 -0.0000
vn 0.0160 0.9998 -0.0099
vn 0.0194 0.9998 -0.0000
vn 0.0162 0.9999 -0.0000
vn 0.0131 0.9996 0.0243
vn -0.0212 0.9996 0.0205
vn 0.0031 0.9061 0.4230
vn -0.0003 0.0013 1.0000
vn -0.0026 0.0005 1.0000
vn -0.0191 -0.0186 0.9996
vn -0.0036 -0.0057 1.0000
vn -0.0099 -0.0076 0.9999
vn -0.0101 -0.0076 0.9999
vn -0.0068 -0.0017 1.0000
vn -0.0193 -0.0184 0.9996
vn -0.0089 -0.0071 0.9999
vn -0.0028 -0.0052 1.0000
vn 0.0006 0.0088 1.0000
vn 0.4186 -0.9082 0.0015
vn 0.4155 -0.9096 0.0008
vn 0.4156 -0.9096 0.0008
vn -0.9967 -0.0806 -0.0097
vn -0.7180 -0.6959 -0.0143
vn -0.9044 -0.0212 0.4261
vn -1.0000 0.0008 0.0021
vn -0.9998 0.0026 0.0182
vn -0.9999 0.0110 -0.0023
vn -1.0000 0.0005 0.0013
vn -0.9998 0.0027 0.0182
vn -1.0000 0.0005 0.0019
vn -0.0163 -0.9999 0.0016
vn -0.7187 -0.6953 0.0030
vn -0.0165 -0.9971 -0.0747
vn -0.0037 -0.0009 -1.0000
vn -0.9894 -0.0969 -0.1077
vn -0.0037 0.0012 -1.0000
vn -0.7914 -0.5889 -0.1643
vn -0.0002 -0.0169 -0.9999
vn -0.0103 -0.9973 -0.0732
vn -0.7919 -0.5883 -0.1636
vn -0.9905 -0.0856 -0.1077
vn -0.0037 -0.0010 -1.0000
vn -0.7787 -0.6055 -0.1641
vn -0.0061 -0.0052 -1.0000
vn -0.0065 -0.0048 -1.0000
vn -0.7800 -0.6039 -0.1640
vn -0.0030 -0.0019 -1.0000
vn -0.0026 0.0015 -1.0000
vn -0.0061 -0.0032 -1.0000
vn 0.3906 0.9206 -0.0008
vn 0.0164 0.9999 -0.0029
vn 0.0164 0.9999 -0.0014
vn -1.0000 -0.0012 -0.0074
vn -0.9897 -0.0993 -0.1031
vn -1.0000 -0.0009 -0.0043
vn 0.4150 -0.9098 0.0006
vn 0.4151 -0.9098 0.0006
vn 0.4125 -0.9110 -0.0000
vn -0.0125 0.9998 0.0123
vn -0.0215 0.9995 0.0210
vn -0.0002 0.9998 0.0190
vn -0.0222 0.9998 -0.0000
vn -0.0160 0.9998 -0.0114
vn -0.0223 0.9995 0.0206
vn -0.0218 0.9995 0.0207
vn -0.0129 0.9998 0.0122
vn -0.0253 0.9997 0.0001
vn -1.0000 0.0043 -0.0045
vn -0.9999 0.0108 -0.0021
vn -0.9996 0.0025 -0.0296
vn -0.7187 -0.6954 -0.0000
vn -0.9921 0.1258 -0.0002
vn -0.7190 -0.6950 -0.0000
vn -0.7190 -0.6950 -0.0002
vn -0.0162 -0.9999 -0.0001
vn -0.7186 -0.6954 -0.0000
vn 0.9991 -0.0420 -0.0000
vn 0.7187 0.6953 -0.0000
vn 0.6171 0.7869 -0.0001
vn 0.9999 0.0040 -0.0115
vn 0.1304 -0.0045 0.9915
vn 0.9972 -0.0743 -0.0099
vn -0.0039 0.0003 -1.0000
vn -0.0003 0.0013 -1.0000
vn -0.0002 -0.0077 -1.0000
vn -0.0004 0.0073 -1.0000
vn 0.0060 -0.0073 -1.0000
vn -0.0158 -0.0008 -0.9999
vn 0.0422 -0.0029 -0.9991
vn 0.0058 -0.0072 -1.0000
vn -0.9991 0.0426 -0.0015
vn -0.9992 0.0408 -0.0004
vn -0.9363 -0.3512 -0.0000
vn 0.0584 -0.0033 -0.9983
vn 0.3079 0.0602 -0.9495
vn 0.3716 -0.0232 -0.9281
vn 0.9999 -0.0114 -0.0017
vn 1.0000 -0.0004 -0.0000
vn 0.0028 -0.0025 1.0000
vn -0.0005 0.0077 1.0000
vn 0.0137 -0.9922 0.1237
vn 0.9981 -0.0614 -0.0092
vn 0.1291 -0.0042 0.9916
vn 0.7139 -0.6880 0.1305
vn 1.0000 -0.0002 -0.0000
vn 0.9972 -0.0741 0.0065
vn 0.9999 -0.0114 -0.0020
vn 1.0000 0.0012 0.0012
vn 1.0000 0.0010 -0.0030
vn 1.0000 0.0032 0.0061
vn -0.0046 0.0497 0.9988
vn 0.0006 0.0015 1.0000
vn 0.0233 0.1018 0.9945
vn -0.4156 -0.9096 0.0004
vn -0.4157 -0.9095 0.0007
vn -0.9371 -0.3489 0.0003
vn -0.9364 -0.3509 -0.0000
vn -0.9992 0.0407 0.0021
vn -0.0002 -0.0060 1.0000
vn -0.0031 -0.0050 1.0000
vn 0.9983 -0.0579 0.0080
vn 0.7124 -0.6867 0.1450
vn 0.7163 -0.6978 -0.0002
vn 0.9999 -0.0113 -0.0017
vn 1.0000 -0.0004 -0.0001
vn -0.0064 0.0002 1.0000
vn -0.0035 -0.0045 1.0000
vn -0.0064 0.0061 1.0000
vn -0.0065 0.0002 1.0000
vn -0.0065 0.0061 1.0000
vn -0.0003 0.0090 1.0000
vn -0.0063 0.0061 1.0000
vn -0.0004 0.0090 1.0000
vn 0.0129 -0.9231 0.3845
vn 0.0822 0.9961 -0.0308
vn 0.0001 0.9998 -0.0183
vn 0.0093 0.9999 -0.0093
vn 0.0097 0.9999 -0.0091
vn 0.0190 0.9998 -0.0001
vn 0.0824 0.9961 -0.0306
vn 0.0186 0.9998 -0.0000
vn 0.0829 0.9961 -0.0297
vn 0.0094 0.9999 0.0092
vn 0.0001 0.9998 0.0183
vn 0.0018 0.1019 0.9948
vn 0.0020 0.1021 0.9948
vn 0.0189 0.9998 0.0001
vn 0.0097 0.9999 0.0091
vn 0.9999 -0.0149 0.0062
vn 0.9999 -0.0171 -0.0021
vn 0.1005 0.9945 -0.0302
vn 1.0000 -0.0009 -0.0003
vn 1.0000 0.0007 -0.0033
vn 1.0000 -0.0004 0.0012
vn 0.0159 -0.7072 -0.7068
vn 0.0128 -0.9230 -0.3847
vn 0.0129 -0.9230 -0.3846
vn 0.0200 -0.7071 -0.7068
vn 0.0133 -0.3839 -0.9233
vn 0.0158 -0.7072 -0.7069
vn 0.0049 0.7076 -0.7066
vn 0.0131 0.3840 -0.9233
vn 0.0158 0.7076 -0.7065
vn 0.0047 1.0000 0.0015
vn 0.0108 0.7076 -0.7065
vn 0.0127 0.9999 0.0015
vn 0.0120 0.9229 0.3849
vn 0.0108 0.9999 0.0015
vn 0.0126 0.9230 0.3846
vn 0.0128 -0.0000 0.9999
vn 0.0130 0.3803 0.9248
vn 0.0130 0.3804 0.9247
vn 0.0206 -0.0001 0.9998
vn 0.0125 -0.3806 0.9246
vn 0.0130 -0.0001 0.9999
vn -1.0000 -0.0014 -0.0027
vn -0.9074 0.4200 -0.0135
vn -0.9994 -0.0344 -0.0017
vn -0.0189 -0.0161 -0.9997
vn -0.0098 -0.0070 -0.9999
vn -0.0005 -0.0081 -1.0000
vn -0.0030 -0.0001 -1.0000
vn -0.0032 0.0005 -1.0000
vn -0.0002 0.0013 -1.0000
vn -0.0090 -0.0066 -0.9999
vn 0.0004 0.0073 -1.0000
vn 0.0002 -0.0077 -1.0000
vn -0.0281 0.0026 -0.9996
vn -0.0281 -0.0011 -0.9996
vn -0.4686 0.0024 -0.8834
vn -0.0080 -0.0018 -1.0000
vn 0.0011 0.0009 -1.0000
vn -0.0019 -0.0004 -1.0000
vn -1.0000 -0.0013 -0.0028
vn -0.9994 -0.0343 -0.0011
vn 0.3895 0.9210 -0.0002
vn 0.1503 0.9886 -0.0019
vn 0.3892 0.9211 -0.0004
vn 0.9897 0.1428 -0.0008
vn 0.9272 0.3746 -0.0004
vn -0.7172 -0.6968 -0.0028
vn -0.0164 -0.9919 0.1263
vn -0.6111 -0.7809 0.1297
vn 0.0031 0.0001 1.0000
vn -0.0274 -0.0011 0.9996
vn -0.5972 -0.7916 0.1297
vn -0.9984 -0.0550 0.0126
vn -0.7169 -0.6971 -0.0017
vn -0.6107 -0.7812 0.1297
vn -0.0122 -0.9922 0.1237
vn 0.0003 0.0076 1.0000
vn 0.0033 0.0003 1.0000
vn -0.0270 -0.0021 0.9996
vn 0.0066 -0.0034 1.0000
vn 0.0003 0.0009 1.0000
vn -1.0000 -0.0006 0.0015
vn -0.9999 0.0080 0.0137
vn -0.9974 -0.0716 -0.0054
vn -0.0237 0.0505 0.9984
vn -1.0000 0.0076 -0.0039
vn 0.4154 -0.9096 0.0007
vn 0.9991 0.0418 -0.0000
vn 0.9364 -0.3511 -0.0000
vn 0.9369 -0.3496 0.0004
vn 0.0004 -0.0061 1.0000
vn 0.0061 -0.0047 1.0000
vn 0.0061 -0.0046 1.0000
vn 0.0065 -0.0002 1.0000
vn 0.0065 -0.0044 1.0000
vn 0.0065 0.0057 1.0000
vn 0.0065 0.0002 1.0000
vn 0.0065 0.0001 1.0000
vn 0.0062 0.0057 1.0000
vn 0.0002 0.0090 1.0000
vn 0.0002 0.0089 1.0000
vn -0.0127 -0.7076 0.7065
vn -0.0127 -0.9244 0.3813
vn -0.0126 -0.9244 0.3812
vn -0.0186 0.9998 0.0003
vn -0.9077 0.4192 -0.0197
vn -0.0040 0.0499 0.9987
vn 0.0166 0.0500 0.9986
vn -0.0002 0.9998 0.0198
vn -0.0098 0.9999 0.0104
vn 0.0044 0.0499 0.9987
vn -0.0000 0.9998 0.0184
vn -0.0000 0.9998 0.0201
vn -0.0003 0.9998 0.0179
vn -0.0047 0.0499 0.9987
vn 0.0179 0.1018 0.9946
vn -0.0102 0.9999 0.0103
vn -0.0221 0.9998 -0.0000
vn 0.0164 0.0503 0.9986
vn -0.0090 0.0033 -1.0000
vn 0.2983 0.0643 -0.9523
vn 0.0038 0.0012 -1.0000
vn -0.0143 0.0467 0.9988
vn -0.9140 0.4056 -0.0136
vn -0.9999 -0.0078 0.0072
vn -1.0000 -0.0002 0.0015
vn -0.0128 -0.7064 -0.7077
vn -0.0127 -0.9233 -0.3840
vn -0.0129 -0.3842 -0.9232
vn -0.0201 -0.7063 -0.7076
vn -0.0104 -0.7065 -0.7076
vn -0.0158 0.7075 -0.7065
vn -0.0131 0.3839 -0.9233
vn -0.0130 0.3840 -0.9232
vn -0.0129 0.9243 -0.3815
vn -0.0234 0.7075 -0.7063
vn -0.0136 0.7076 -0.7065
vn -0.0159 0.7064 0.7076
vn -0.0129 0.9230 0.3845
vn -0.0158 0.7064 0.7076
vn -0.0133 0.3838 0.9233
vn -0.0134 0.3839 0.9233
vn -0.0130 -0.3841 0.9232
vn -0.0052 -0.7077 0.7065
vn -0.0108 -0.7077 0.7065
vn -0.0160 -0.9999 -0.0000
vn -0.0160 -0.9999 0.0001
vn -0.7185 -0.6956 0.0001
vn -0.8080 0.5892 -0.0000
vn -0.9955 0.0945 -0.0000
vn -0.9955 0.0946 0.0001
vn -0.9920 0.1259 -0.0000
vn -0.9921 0.1257 -0.0001
vn -0.7186 -0.6955 -0.0000
vn -0.4153 -0.9095 0.0182
vn -0.4152 -0.9095 0.0182
vn -0.4153 -0.9095 0.0181
vn -0.9363 -0.3507 0.0176
vn -0.9990 0.0414 0.0184
vn -0.9990 0.0414 0.0143
vn -0.7186 0.6952 0.0176
vn -0.9998 0.0100 0.0169
vn -0.9998 0.0100 0.0172
vn -0.0163 0.9998 0.0104
vn -0.7187 0.6952 0.0153
vn -0.0162 0.9997 0.0171
vn 0.4152 -0.9096 0.0181
vn 0.4152 -0.9096 0.0180
vn 0.4152 -0.9095 0.0181
vn 0.9990 0.0410 0.0177
vn 0.9363 -0.3508 0.0162
vn 0.9271 0.3744 0.0161
vn 0.9998 0.0096 0.0185
vn 0.9999 0.0096 0.0134
vn 0.0162 0.9997 0.0171
vn 0.3904 0.9205 0.0164
vn 0.3903 0.9205 0.0164
vn 0.9028 -0.0001 0.4302
vn 0.9976 -0.0687 -0.0127
vn 1.0000 0.0031 0.0063
vn -0.1603 0.9871 -0.0000
vn -0.0166 0.9999 -0.0000
vn -0.6185 0.7858 -0.0001
vn 0.0036 -0.0021 1.0000
vn 0.0097 -0.0097 0.9999
vn -0.0001 0.0014 1.0000
vn -0.0063 -0.0007 1.0000
vn 0.0060 -0.0003 1.0000
vn 0.0027 -0.0017 1.0000
vn -0.0005 0.0088 1.0000
vn -0.0034 -0.0053 1.0000
vn 0.9984 -0.0559 -0.0107
vn 0.9000 -0.0304 0.4347
vn 0.8034 -0.5952 -0.0145
vn 1.0000 -0.0008 -0.0014
vn 1.0000 0.0021 0.0044
vn 1.0000 0.0021 0.0039
vn -0.0097 0.0053 -0.9999
vn 0.0056 0.0004 -1.0000
vn 0.7842 -0.5983 -0.1644
vn 0.0029 0.0014 1.0000
vn 0.0005 0.0013 1.0000
vn 0.0002 0.0013 1.0000
vn -0.0001 0.0012 1.0000
vn 0.0006 0.0013 1.0000
vn 0.9997 0.0029 0.0249
vn 1.0000 0.0011 0.0033
vn 1.0000 0.0006 0.0050
vn 0.0164 -0.9999 0.0016
vn 0.0166 -0.9971 -0.0747
vn 0.8041 -0.5945 0.0046
vn 1.0000 0.0003 0.0006
vn 1.0000 0.0008 0.0035
vn 0.9976 -0.0688 0.0025
vn 0.7902 -0.5905 -0.1642
vn 0.0101 -0.9973 -0.0732
vn 0.0001 -0.0169 -0.9999
vn 0.0055 -0.0003 -1.0000
vn -0.0160 -0.0018 -0.9999
vn -0.0067 -0.0042 -1.0000
vn -0.0089 0.0051 -0.9999
vn 0.7776 -0.6069 -0.1641
vn 0.0002 -0.0169 -0.9999
vn 0.9882 -0.1529 -0.0127
vn 1.0000 -0.0000 -0.0009
vn 0.9976 -0.0685 0.0048
vn -0.9371 -0.3491 -0.0015
vn -0.9383 -0.3459 -0.0018
vn -0.9957 -0.0926 -0.0009
vn -0.0061 -0.0044 -1.0000
vn -0.0002 -0.0064 -1.0000
vn -0.0003 -0.0064 -1.0000
vn 1.0000 0.0029 -0.0029
vn 1.0000 0.0008 -0.0008
vn 1.0000 0.0030 -0.0030
vn 1.0000 -0.0002 -0.0013
vn -0.9371 -0.3491 -0.0014
vn -0.9957 -0.0923 -0.0006
vn -0.9849 0.1728 0.0037
vn -0.9899 0.1416 0.0016
vn -0.9923 -0.1237 0.0001
vn -0.9278 0.3731 0.0007
vn 1.0000 0.0001 -0.0007
vn 1.0000 0.0004 0.0009
vn 0.9976 -0.0688 0.0019
vn -0.0094 -0.0000 -1.0000
vn -0.0065 -0.0045 -1.0000
vn -0.0065 -0.0044 -1.0000
vn -0.0066 0.0050 -1.0000
vn -0.0096 0.0001 -1.0000
vn -0.0096 -0.0001 -1.0000
vn -0.0003 0.0076 -1.0000
vn -0.0062 0.0048 -1.0000
vn -0.0062 0.0049 -1.0000
vn 0.0132 -0.9233 -0.3839
vn 0.0113 -0.9999 -0.0007
vn -0.0000 0.9999 0.0148
vn -0.0000 0.9998 0.0191
vn 0.0151 0.9996 0.0246
vn 0.0155 0.9998 -0.0102
vn 0.0001 0.9998 -0.0190
vn 0.0093 0.9999 -0.0100
vn 0.0156 0.9996 0.0244
vn 0.0159 0.9998 -0.0099
vn 0.0160 0.9999 0.0001
vn 1.0000 -0.0044 -0.0031
vn 0.9997 -0.0047 0.0251
vn 1.0000 -0.0084 -0.0016
vn -0.9996 0.0134 -0.0242
vn 0.0246 0.0044 -0.9997
vn -0.0071 0.0009 -1.0000
vn 0.3877 0.9218 -0.0023
vn 0.0315 0.9994 -0.0116
vn 0.0315 0.9992 0.0244
vn 0.0046 -1.0000 -0.0007
vn 0.0126 -0.9244 0.3812
vn 0.0127 -0.9999 -0.0008
vn 0.0131 -0.3813 0.9244
vn 0.0138 -0.0000 0.9999
vn 0.0132 -0.3812 0.9244
vn 0.0127 0.3811 0.9245
vn 0.0202 0.0001 0.9998
vn 0.0106 -0.0000 0.9999
vn 0.0127 0.9244 0.3813
vn 0.0052 1.0000 -0.0007
vn 0.0111 0.9999 -0.0008
vn 0.0132 0.9234 -0.3837
vn 0.0203 0.9998 -0.0008
vn 0.0136 0.9999 -0.0008
vn 0.0158 -0.0000 -0.9999
vn 0.0130 0.3812 -0.9244
vn 0.0131 0.3812 -0.9244
vn 0.0048 -0.0001 -1.0000
vn 0.0128 -0.3812 -0.9244
vn 0.0157 -0.0001 -0.9999
vn -0.9037 -0.0325 0.4269
vn -1.0000 0.0026 0.0020
vn -0.9956 -0.0936 -0.0093
vn -0.0062 -0.0014 1.0000
vn -0.0033 -0.0000 1.0000
vn -0.0001 0.0013 1.0000
vn -0.0059 -0.0015 1.0000
vn 0.0032 0.0002 1.0000
vn -0.0029 -0.0002 1.0000
vn -0.0060 -0.0012 1.0000
vn -0.0093 -0.0073 0.9999
vn -0.9970 -0.0773 0.0074
vn -0.7946 -0.5845 -0.1643
vn -0.9956 -0.0935 0.0048
vn -0.9998 0.0025 0.0183
vn 0.3901 0.9208 -0.0007
vn 0.3865 0.9223 0.0006
vn 0.9276 0.3735 0.0003
vn 0.9272 0.3745 -0.0000
vn 0.9999 0.0103 0.0023
vn -0.0022 -0.0010 -1.0000
vn -0.0022 0.0013 -1.0000
vn 0.0069 -0.0007 -1.0000
vn -0.0031 -0.0025 -1.0000
vn 0.0060 -0.0004 -1.0000
vn -0.0030 0.0014 -1.0000
vn -0.0160 -0.0008 -0.9999
vn -0.9910 -0.0942 -0.0955
vn -0.9998 0.0080 -0.0168
vn -0.9999 0.0105 -0.0022
vn -0.9998 0.0020 0.0184
vn -0.9996 0.0021 -0.0297
vn -0.9956 -0.0931 0.0053
vn -1.0000 -0.0012 -0.0049
vn -0.9897 -0.0969 -0.1055
vn -0.0171 -0.9970 -0.0761
vn -0.7189 -0.6951 0.0013
vn -0.7949 -0.5841 -0.1642
vn 0.9360 -0.3520 -0.0005
vn 0.9955 -0.0944 0.0009
vn -1.0000 -0.0009 -0.0070
vn -0.9996 0.0030 -0.0293
vn -0.9897 -0.0961 -0.1061
vn -1.0000 -0.0019 -0.0077
vn -0.9996 0.0028 -0.0294
vn 0.0062 -0.0048 -1.0000
vn 0.0002 -0.0064 -1.0000
vn 0.0061 -0.0047 -1.0000
vn 0.9921 -0.1258 -0.0008
vn 0.9999 0.0102 -0.0005
vn 0.9272 0.3746 -0.0000
vn 0.0066 -0.0043 -1.0000
vn 0.0064 0.0003 -1.0000
vn 0.0066 -0.0044 -1.0000
vn 0.0065 0.0053 -1.0000
vn 0.0065 0.0004 -1.0000
vn 0.0065 0.0054 -1.0000
vn 0.0001 0.0076 -1.0000
vn 0.0063 0.0054 -1.0000
vn -0.0002 0.9998 -0.0200
vn 0.0153 0.9998 -0.0100
vn -0.0154 0.9998 -0.0117
vn -0.0264 0.9997 -0.0000
vn -0.0226 0.9997 -0.0000
vn -0.0222 0.9995 0.0205
vn -0.0094 0.9999 -0.0100
vn -0.0002 0.9998 -0.0190
vn -0.0155 0.9998 -0.0117
vn -0.0158 -0.7068 -0.7072
vn -0.0127 -0.9233 -0.3839
vn -0.0130 -0.9234 -0.3837
vn -0.0158 0.9998 -0.0115
vn -0.0221 0.9998 -0.0001
vn -0.0098 0.9999 -0.0099
vn -0.2985 0.9544 0.0021
vn -0.0344 0.9992 0.0220
vn -0.0282 0.9995 -0.0115
vn -1.0000 0.0004 0.0007
vn -0.9956 0.0913 -0.0202
vn -1.0000 0.0004 0.0012
vn -1.0000 -0.0014 -0.0047
vn -0.9956 -0.0936 0.0019
vn -1.0000 0.0003 0.0009
vn -1.0000 0.0037 -0.0046
vn -0.9996 0.0026 -0.0295
vn -1.0000 -0.0016 -0.0074
vn -0.0128 -0.7070 0.7071
vn -0.0130 -0.9231 0.3843
vn -0.0198 -0.7069 0.7070
vn -0.0126 -0.3842 0.9232
vn -0.0126 -0.7070 0.7071
vn -0.0047 0.7068 0.7074
vn -0.0129 0.3839 0.9233
vn -0.0158 0.7068 0.7073
vn -0.0159 0.7068 0.7073
vn -0.0132 0.9234 0.3837
vn -0.0132 0.9239 -0.3823
vn -0.0133 0.9239 -0.3824
vn -0.0131 0.9240 -0.3823
vn -0.0132 0.3816 -0.9242
vn -0.0132 0.0004 -0.9999
vn -0.0128 0.0004 -0.9999
vn -0.0234 -0.7067 -0.7071
vn -0.0137 -0.7068 -0.7073
vn 0.9991 -0.0418 -0.0000
vn 0.9991 -0.0414 -0.0000
vn 0.7186 0.6954 -0.0000
vn 0.8065 -0.5913 -0.0002
vn 0.9999 -0.0102 -0.0000
vn 0.9999 -0.0107 0.0001
vn -0.4152 -0.9096 -0.0173
vn -0.4151 -0.9096 -0.0166
vn -0.4149 -0.9097 -0.0174
vn -0.9990 0.0413 -0.0163
vn -0.9364 -0.3506 -0.0166
vn -0.9990 0.0413 -0.0186
vn -0.9998 0.0100 -0.0144
vn -0.7186 0.6952 -0.0169
vn -0.9998 0.0100 -0.0184
vn -0.7186 0.6952 -0.0175
vn -0.0162 0.9998 -0.0130
vn -0.0162 0.9997 -0.0154
vn 0.7192 -0.6947 -0.0121
vn 0.4152 -0.9096 -0.0181
vn 0.7192 -0.6946 -0.0182
vn 0.9991 0.0408 -0.0140
vn 0.7181 -0.6958 -0.0161
vn 0.9990 0.0407 -0.0177
vn 0.9998 0.0092 -0.0159
vn 0.9272 0.3743 -0.0159
vn 0.9998 0.0093 -0.0177
vn 0.3905 0.9205 -0.0156
vn 0.0162 0.9998 -0.0146
vn -0.1266 0.9920 0.0002
vn 0.7199 0.6941 -0.0002
vn 0.0174 0.9998 -0.0000
vn -0.6185 0.7858 -0.0000
vn -0.8090 0.5878 0.0001
vn -0.1603 0.9871 0.0001
vn -0.6171 0.7869 -0.0001
vn -0.9955 0.0944 -0.0000
vn -0.8138 0.5352 -0.2264
vn -0.8386 0.2205 -0.4982
vn -0.9028 0.3510 -0.2484
vn -0.0335 -0.9994 0.0016
vn -0.0336 -0.9994 0.0016
vn -0.0703 -0.9974 0.0168
vn -0.8974 0.2735 0.3463
vn -0.7670 0.4696 0.4372
vn -0.7728 0.6249 0.1107
vn -1.0000 -0.0010 0.0001
vn -1.0000 -0.0007 -0.0000
vn -1.0000 -0.0001 0.0001
vn 0.0324 -0.0168 -0.9993
vn 0.0013 -0.0012 -1.0000
vn 0.0012 -0.0015 -1.0000
vn -0.0305 -0.9995 0.0015
vn 0.0030 -0.9999 -0.0153
vn -0.0305 -0.9995 0.0014
vn -0.9052 -0.3741 -0.2019
vn -0.8371 -0.3972 -0.3761
vn -0.8393 -0.5420 -0.0426
vn -0.8380 -0.5434 -0.0491
vn -0.9075 -0.3759 0.1875
vn -0.9029 -0.3755 -0.2091
vn -0.9034 -0.3811 -0.1967
vn -0.9017 -0.2113 -0.3771
vn -0.8359 -0.4042 -0.3713
vn -0.9053 -0.2004 0.3745
vn -0.8878 -0.3744 0.2676
vn -0.8286 -0.2093 0.5192
vn -0.9025 -0.2029 0.3799
vn -0.9573 -0.2160 0.1920
vn -0.9058 -0.3838 0.1798
vn -1.0000 -0.0002 0.0001
vn -1.0000 0.0020 -0.0026
vn -1.0000 0.0001 -0.0015
vn -0.8882 -0.3684 0.2746
vn -0.9090 -0.3750 0.1817
vn -0.8385 -0.5422 -0.0544
vn 0.0563 -0.9073 0.4167
vn 0.1406 -0.8233 0.5499
vn 0.1126 -0.5766 0.8092
vn -0.8266 -0.2194 0.5182
vn -0.3751 -0.2001 0.9051
vn -0.8219 0.0787 0.5642
vn -0.8252 0.0649 0.5611
vn -0.1395 0.7663 0.6271
vn -0.7682 0.4753 0.4289
vn -0.7572 0.6432 0.1141
vn 0.1626 0.9455 0.2821
vn -0.0247 0.9788 -0.2031
vn 0.9085 0.1250 -0.3989
vn 0.8521 0.0158 -0.5231
vn 0.8889 0.3293 -0.3184
vn 0.9056 0.1746 0.3866
vn 0.7661 0.3648 0.5292
vn 0.7605 -0.0950 0.6424
vn 0.8258 0.5559 -0.0952
vn 0.7258 0.6052 0.3271
vn 0.8999 0.3814 0.2113
vn 0.9046 0.1676 0.3918
vn 0.8989 0.3891 0.2014
vn 0.7656 0.3582 0.5343
vn 0.8874 -0.3731 -0.2708
vn 0.9108 -0.3733 -0.1763
vn 0.8535 -0.5157 0.0748
vn 1.0000 0.0010 -0.0005
vn 0.9054 -0.3822 0.1847
vn 0.8993 -0.2234 0.3760
vn 0.8366 -0.4012 0.3730
vn 0.9050 -0.3780 0.1951
vn 0.8530 -0.5172 0.0698
vn 0.9092 -0.3746 -0.1816
vn 0.8679 -0.1562 -0.4716
vn 0.6663 -0.0926 -0.7399
vn 0.8539 0.0263 -0.5198
vn -0.6346 -0.4603 -0.6208
vn -0.6347 -0.4603 -0.6207
vn 0.1628 -0.8507 -0.4998
vn -0.1690 -0.9341 -0.3146
vn 0.1754 -0.7147 -0.6771
vn 0.5880 -0.7600 0.2768
vn 0.8542 -0.5162 0.0626
vn 0.8371 -0.3953 0.3781
vn 0.1100 -0.2398 0.9646
vn 0.8370 -0.4050 0.3679
vn 0.7591 -0.0821 0.6458
vn 0.7363 -0.0874 0.6710
vn -0.1848 0.4254 0.8859
vn 0.0772 -0.2326 0.9695
vn 0.0358 0.8395 0.5421
vn 0.7210 0.6093 0.3300
vn 0.8229 0.5600 -0.0958
vn -0.0125 0.0110 0.9999
vn -0.0003 -0.0002 1.0000
vn -0.0003 0.0020 1.0000
vn 0.0065 0.0035 1.0000
vn 0.0100 0.0086 0.9999
vn 0.0004 0.0020 1.0000
vn 0.0001 -0.0003 1.0000
vn 0.0004 -0.0001 1.0000
vn -0.0000 0.0018 1.0000
vn -1.0000 -0.0006 -0.0008
vn -1.0000 0.0008 0.0006
vn -1.0000 -0.0008 -0.0015
vn -0.9009 0.1770 -0.3963
vn -0.8640 0.4028 -0.3020
vn -0.8766 0.1101 -0.4685
vn -0.8639 0.3973 -0.3096
vn -0.9048 0.4038 -0.1348
vn -0.8499 0.5239 -0.0560
vn -0.8996 0.1765 -0.3995
vn -0.9033 0.4089 -0.1299
vn -0.8632 0.4024 -0.3049
vn -0.8695 -0.2793 0.4073
vn -0.9055 -0.3588 0.2265
vn -0.8520 -0.4266 0.3034
vn -0.9571 -0.1893 0.2194
vn -0.9033 -0.3622 0.2300
vn -0.9064 -0.1737 0.3852
vn -0.9094 -0.1769 0.3765
vn -0.8698 -0.2857 0.4023
vn -0.8406 0.0561 0.5388
vn -0.8401 0.0519 0.5399
vn -0.9044 0.1919 0.3812
vn -0.9081 -0.1813 0.3776
vn -0.9065 -0.3522 0.2328
vn -0.8549 -0.5176 -0.0347
vn -0.8531 -0.4202 0.3093
vn -0.9577 -0.2160 -0.1900
vn -0.8988 -0.1898 -0.3951
vn -0.9030 -0.3883 -0.1837
vn -1.0000 0.0005 0.0002
vn -1.0000 0.0011 0.0015
vn -0.9019 -0.1871 -0.3894
vn -0.8782 -0.1246 -0.4619
vn -0.8653 -0.4182 -0.2764
vn -0.8516 -0.4288 0.3015
vn -0.4782 -0.5750 0.6638
vn -0.8695 -0.2781 0.4083
vn -0.8658 -0.4112 -0.2851
vn -0.6126 -0.7552 -0.2333
vn -0.8554 -0.5175 -0.0221
vn -0.4928 0.8244 -0.2783
vn -0.8624 0.3980 -0.3129
vn -0.8489 0.5258 -0.0545
vn -0.8349 0.3227 0.4459
vn -0.5384 0.6514 0.5346
vn -0.8580 0.4774 0.1895
vn 0.6060 0.3778 0.7000
vn 0.6057 0.3779 0.7002
vn 0.6059 0.3779 0.7001
vn -0.8351 0.0449 0.5482
vn -0.2486 0.2878 0.9249
vn -0.8295 0.3351 0.4468
vn 0.8986 0.3939 -0.1934
vn 0.8453 0.5310 0.0593
vn 0.9046 0.3680 0.2151
vn -0.0027 -0.9999 -0.0149
vn 0.0304 -0.9995 0.0008
vn 0.0305 -0.9995 0.0006
vn 0.9029 0.1667 0.3962
vn 0.9053 0.3723 0.2044
vn 0.8290 0.4123 0.3779
vn 0.9572 0.2162 -0.1924
vn 0.8975 0.2297 -0.3764
vn 0.8971 0.4012 -0.1851
vn 1.0000 -0.0008 0.0008
vn 1.0000 0.0004 -0.0003
vn 0.9008 0.3919 -0.1869
vn 0.8561 0.3724 -0.3584
vn 0.8462 0.5288 0.0651
vn 0.0050 0.0014 1.0000
vn 0.0049 0.0013 1.0000
vn 0.0444 -0.0168 0.9989
vn 0.0335 -0.9994 0.0008
vn 0.0335 -0.9994 0.0009
vn 0.0676 -0.9976 0.0169
vn 0.8991 0.3981 -0.1822
vn 0.8996 0.2267 -0.3734
vn 0.8550 0.3789 -0.3543
vn 0.9577 -0.2163 0.1898
vn 0.9047 -0.1793 0.3865
vn 0.9059 -0.3885 0.1684
vn 0.9084 -0.3795 0.1752
vn 0.6552 -0.7254 0.2109
vn 0.8522 -0.4868 -0.1918
vn 0.0335 0.9994 -0.0016
vn 0.0335 0.9994 -0.0017
vn 0.0671 0.9976 -0.0167
vn 1.0000 0.0018 -0.0018
vn 0.8942 -0.2513 -0.3704
vn 0.9568 -0.2200 -0.1903
vn 0.9031 -0.3747 -0.2097
vn 0.9077 -0.3806 0.1767
vn 0.8519 -0.4877 -0.1906
vn 0.9047 -0.3665 -0.2171
vn 0.0018 0.0012 1.0000
vn -0.0327 0.0175 0.9993
vn 0.0019 0.0015 1.0000
vn -0.0002 0.9999 0.0140
vn 0.0305 0.9995 -0.0015
vn 0.0306 0.9995 -0.0014
vn 0.8976 -0.2462 -0.3656
vn 0.9066 -0.3690 -0.2048
vn 0.8534 -0.4899 -0.1783
vn -0.0488 -0.4061 0.9125
vn 0.7559 -0.4574 0.4684
vn 0.8026 -0.1497 0.5775
vn 0.7637 -0.4465 0.4662
vn -0.3152 -0.8130 0.4895
vn 0.6484 -0.7330 0.2057
vn 0.8518 -0.4916 -0.1808
vn 0.0002 -0.9974 -0.0725
vn 0.8334 -0.3226 -0.4488
vn -0.7154 -0.4956 -0.4925
vn -0.7152 -0.4958 -0.4926
vn -0.6555 0.1028 -0.7481
vn -0.4937 0.6993 0.5170
vn -0.4890 0.1798 0.8535
vn -0.4892 0.1798 0.8534
vn -0.4888 0.1798 0.8537
vn -0.9508 0.2189 -0.2192
vn -0.9001 0.3543 -0.2536
vn -0.9110 0.1564 -0.3816
vn -0.9105 0.3881 -0.1429
vn -0.8139 0.5324 -0.2326
vn -0.9025 0.3477 -0.2544
vn -1.0000 -0.0006 0.0002
vn -1.0000 -0.0005 0.0005
vn -1.0000 -0.0015 0.0015
vn -1.0000 -0.0003 0.0002
vn -0.8386 0.2276 -0.4949
vn -0.8358 -0.0957 -0.5407
vn -0.9141 0.1606 -0.3724
vn -0.0159 -0.9986 0.0506
vn -0.0094 -0.0478 0.9988
vn -0.0099 -0.0478 0.9988
vn -0.0616 -0.9979 -0.0184
vn -0.0615 -0.9979 -0.0187
vn -1.0000 -0.0003 0.0005
vn -0.9018 0.3537 -0.2482
vn -0.8378 0.2230 -0.4983
vn -0.9134 0.1557 -0.3761
vn -0.8961 0.2779 0.3461
vn -0.8962 0.3864 0.2181
vn -0.9570 0.2191 0.1902
vn -1.0000 -0.0003 -0.0001
vn -1.0000 -0.0008 -0.0001
vn -1.0000 -0.0003 0.0003
vn -1.0000 0.0001 -0.0016
vn -1.0000 -0.0010 -0.0001
vn -1.0000 -0.0001 -0.0001
vn -0.8256 0.0655 0.5605
vn -0.7692 0.4736 0.4289
vn -0.8995 0.2777 0.3372
vn -0.9096 0.3870 -0.1514
vn -0.8975 0.3789 0.2257
vn -0.7739 0.6223 0.1176
vn -0.0221 -0.0464 -0.9987
vn -0.0291 0.0157 0.9995
vn -0.0292 0.0158 0.9994
vn -0.9001 0.2719 0.3405
vn -0.7757 0.6223 0.1047
vn -0.9003 0.3797 0.2127
vn -0.9040 -0.2121 0.3712
vn -0.8247 0.0737 0.5607
vn -0.8967 0.2866 0.3372
vn -0.9574 -0.1891 -0.2184
vn -0.8997 -0.2142 -0.3803
vn -0.9014 -0.3841 -0.1997
vn -1.0000 0.0006 0.0014
vn -1.0000 0.0002 -0.0001
vn -1.0000 0.0018 0.0023
vn -1.0000 0.0004 -0.0000
vn -1.0000 0.0018 0.0021
vn -1.0000 0.0005 0.0009
vn -1.0000 0.0003 0.0005
vn -0.8361 -0.0826 -0.5423
vn -0.8370 -0.4057 -0.3672
vn -0.9030 -0.2130 -0.3730
vn -0.8351 -0.0910 -0.5425
vn -0.9010 -0.2218 -0.3729
vn -0.9125 0.1657 -0.3741
vn -0.0163 0.9989 0.0442
vn -0.0586 0.0166 0.9981
vn -0.0588 0.0163 0.9981
vn -0.0165 0.9996 0.0230
vn -0.0521 0.9984 -0.0210
vn -0.0522 0.9984 -0.0208
vn -0.8298 -0.2160 0.5145
vn -0.8255 0.0777 0.5590
vn -0.9058 -0.2076 0.3694
vn -0.0016 -0.0013 -1.0000
vn -0.0409 0.0161 -0.9990
vn -0.0015 -0.0013 -1.0000
vn -0.0160 0.0491 -0.9987
vn -0.0159 0.0491 -0.9987
vn -0.0159 0.0490 -0.9987
vn 0.1587 -0.8219 0.5471
vn 0.1667 -0.9466 0.2761
vn 0.1669 -0.9461 0.2774
vn -0.9077 -0.3806 0.1767
vn -0.8872 -0.3741 0.2700
vn -0.9044 -0.2000 0.3769
vn 0.5858 -0.1233 -0.8010
vn 0.5854 -0.1234 -0.8013
vn -0.8369 -0.4067 -0.3662
vn -0.8362 -0.0817 -0.5424
vn -0.6195 -0.3731 -0.6907
vn 0.6279 -0.6662 -0.4024
vn -0.4006 -0.8665 -0.2979
vn -0.8358 -0.5474 -0.0408
vn -0.8339 -0.4011 -0.3791
vn 0.1707 0.9442 0.2818
vn -0.7479 0.4924 0.4451
vn -0.1104 0.7742 0.6233
vn 0.1366 -0.5728 0.8083
vn 0.1605 -0.8215 0.5471
vn 0.3587 -0.4902 0.7944
vn 0.5652 0.1216 0.8159
vn 0.5647 0.1217 0.8163
vn 0.2570 0.6114 -0.7484
vn 0.2568 0.6107 -0.7491
vn 0.2571 0.6116 -0.7483
vn -0.8091 0.5362 -0.2405
vn -0.7685 0.6282 0.1213
vn -0.0456 0.9779 -0.2041
vn 0.9054 0.1236 -0.4063
vn 0.9145 0.3443 -0.2124
vn 0.9299 0.2609 -0.2593
vn -0.8332 -0.0968 -0.5445
vn -0.8365 0.2307 -0.4971
vn -0.4344 0.2078 -0.8764
vn 1.0000 -0.0011 0.0015
vn 1.0000 -0.0007 0.0011
vn 1.0000 0.0004 -0.0000
vn 0.0127 -0.9987 0.0502
vn 0.0126 -0.9987 0.0502
vn 0.0126 -0.9987 0.0503
vn 1.0000 0.0002 -0.0000
vn 1.0000 -0.0011 0.0013
vn 0.0161 -0.0488 0.9987
vn 0.0161 -0.0487 0.9987
vn 0.0158 -0.9986 -0.0503
vn 0.0157 -0.9986 -0.0503
vn 1.0000 -0.0012 0.0020
vn 1.0000 0.0003 0.0001
vn 0.8890 0.3226 -0.3251
vn 0.8242 0.5600 -0.0842
vn 0.9169 0.3385 -0.2116
vn 0.8993 0.3883 0.2013
vn 0.7246 0.6112 0.3184
vn 0.7658 0.3577 0.5344
vn 0.8967 0.3925 0.2048
vn 0.9023 0.1712 0.3957
vn 0.9576 0.1899 0.2166
vn 0.0586 -0.0167 -0.9981
vn 0.0585 -0.0170 -0.9981
vn 0.0126 -0.9997 -0.0198
vn 0.0126 -0.9997 -0.0199
vn 0.9011 -0.2166 -0.3756
vn 0.8524 0.0229 -0.5224
vn 0.9080 0.1322 -0.3976
vn 0.9159 0.3354 -0.2206
vn 0.8250 0.5574 -0.0930
vn 0.8983 0.3836 0.2143
vn 0.8872 -0.3783 -0.2640
vn 0.8654 -0.1457 -0.4795
vn 0.9021 -0.2036 -0.3804
vn 0.9575 -0.2170 -0.1903
vn 0.9077 -0.3822 -0.1733
vn 0.8996 -0.2072 -0.3845
vn 1.0000 0.0021 0.0019
vn 1.0000 0.0004 0.0002
vn 1.0000 0.0006 0.0002
vn 1.0000 0.0010 -0.0000
vn 1.0000 0.0009 -0.0000
vn 1.0000 0.0014 -0.0000
vn 0.0153 0.0227 0.9996
vn 0.0152 0.0226 0.9996
vn 0.0641 0.9978 0.0168
vn 0.0642 0.9978 0.0166
vn 0.0098 0.0477 0.9988
vn 0.0097 0.0477 0.9988
vn 0.0097 0.0476 0.9988
vn 1.0000 0.0017 -0.0014
vn 1.0000 0.0006 -0.0002
vn 0.0335 0.9994 0.0016
vn 0.0671 0.9976 0.0168
vn 0.0334 0.9994 0.0016
vn 0.9100 -0.3783 -0.1697
vn 0.8871 -0.3783 -0.2646
vn 0.9018 -0.2037 -0.3811
vn 0.8973 -0.2264 0.3790
vn 0.9034 -0.3854 0.1877
vn 0.9578 -0.2194 0.1856
vn 0.0107 0.0261 -0.9996
vn 0.0107 0.0262 -0.9996
vn 0.9012 -0.2260 0.3699
vn 0.7611 -0.0825 0.6434
vn 0.8381 -0.4034 0.3671
vn 0.7598 -0.0913 0.6437
vn 0.8986 -0.2357 0.3701
vn 0.9042 0.1788 0.3880
vn 0.0703 0.9974 -0.0137
vn 0.0702 0.9974 -0.0139
vn 0.0703 0.9974 -0.0136
vn 0.0228 0.0458 -0.9987
vn 0.0228 0.0457 -0.9987
vn 0.0226 0.8367 0.5471
vn 0.7492 0.3700 0.5493
vn 0.7101 0.6181 0.3374
vn -0.0031 0.9999 -0.0147
vn 0.0304 0.9995 0.0014
vn 0.0304 0.9995 0.0015
vn 0.9068 -0.3771 0.1885
vn 0.8375 -0.3959 0.3766
vn 0.8541 -0.5162 0.0638
vn 0.1624 -0.8506 -0.5001
vn -0.3033 -0.9429 -0.1379
vn -0.1705 -0.9330 -0.3169
vn -0.5118 -0.8561 -0.0710
vn -0.1947 -0.9298 -0.3122
vn -0.3270 -0.9355 -0.1337
vn -0.6463 -0.5209 0.5577
vn -0.6465 -0.5208 0.5575
vn -0.6467 -0.5208 0.5573
vn 0.7546 -0.0948 0.6493
vn 0.7594 0.3702 0.5351
vn -0.1602 0.4246 0.8911
vn -0.5016 0.3824 -0.7760
vn -0.5018 0.3831 -0.7755
vn -0.5018 0.3841 -0.7750
vn -0.6169 0.7815 -0.0926
vn 0.5241 0.6980 -0.4879
vn 0.8236 0.5611 -0.0826
vn 0.8889 0.3209 -0.3269
vn 0.0125 0.0149 0.9998
vn 0.0005 0.0209 0.9998
vn 0.0004 0.0210 0.9998
vn 0.0190 -0.0001 0.9998
vn 0.0132 0.0150 0.9998
vn 0.0190 -0.0003 0.9998
vn 0.0192 -0.0003 0.9998
vn 0.0131 -0.0104 0.9999
vn 0.0191 -0.0001 0.9998
vn 0.0126 -0.0104 0.9999
vn 0.0004 -0.0140 0.9999
vn -0.0126 0.0143 0.9998
vn -0.0005 0.0209 0.9998
vn -0.0004 0.0209 0.9998
vn -0.0131 0.0144 0.9998
vn -0.0190 0.0003 0.9998
vn -0.0131 -0.0110 0.9999
vn -0.0004 -0.0142 0.9999
vn -0.0127 -0.0110 0.9999
vn -0.0128 -0.0111 0.9999
vn -0.4122 -0.9083 0.0712
vn -0.4121 -0.9084 0.0710
vn -0.9355 -0.3467 0.0682
vn -0.9965 0.0421 0.0722
vn -0.9355 -0.3465 0.0687
vn -0.9973 0.0109 0.0725
vn -0.7165 0.6939 0.0720
vn -0.7165 0.6939 0.0710
vn -0.7160 0.6937 0.0779
vn -0.0162 0.9972 0.0728
vn -0.7164 0.6939 0.0729
vn 0.4184 -0.9055 0.0711
vn 0.7172 -0.6933 0.0710
vn 0.7169 -0.6930 0.0758
vn 0.7160 -0.6943 0.0732
vn 0.9966 0.0388 0.0724
vn 0.7159 -0.6943 0.0739
vn 0.9260 0.3717 0.0662
vn 0.9974 0.0075 0.0723
vn 0.9261 0.3715 0.0664
vn 0.0160 0.9972 0.0728
vn 0.3843 0.9206 0.0688
vn 0.3845 0.9205 0.0690
vn -0.0004 -0.0005 1.0000
vn -0.0127 -0.0121 0.9998
vn -0.0004 -0.0020 1.0000
vn 0.0001 -0.0001 1.0000
vn 0.0062 0.0034 1.0000
vn 0.0003 0.0018 1.0000
vn 0.0001 -0.0015 1.0000
vn 0.0002 -0.0005 1.0000
vn 0.7196 0.6894 0.0831
vn 0.0170 0.9958 0.0901
vn 0.7196 0.6893 0.0842
vn 0.9960 -0.0437 0.0785
vn 0.7185 0.6906 0.0827
vn 0.9959 -0.0437 0.0786
vn 0.9967 -0.0127 0.0796
vn 0.7161 -0.6927 0.0858
vn 0.9968 -0.0126 0.0794
vn 0.7160 -0.6926 0.0881
vn 0.0162 -0.9957 0.0909
vn 0.7160 -0.6926 0.0869
vn -0.7196 0.6894 0.0831
vn -0.0171 0.9958 0.0897
vn -0.0171 0.9959 0.0886
vn -0.7184 0.6907 0.0827
vn -0.9959 -0.0439 0.0785
vn -0.9959 -0.0438 0.0786
vn -0.9967 -0.0128 0.0796
vn -0.7162 -0.6928 0.0845
vn -0.7162 -0.6927 0.0846
vn -0.0162 -0.9957 0.0909
vn -0.7160 -0.6927 0.0865
vn -0.7160 -0.6928 0.0855
vn -1.0000 -0.0010 -0.0013
vn -1.0000 -0.0013 -0.0007
vn -0.8350 0.3237 0.4449
vn -0.8583 0.4762 0.1911
vn -0.9034 0.3756 0.2069
vn -0.9577 0.1896 0.2163
vn -0.9028 0.1838 0.3889
vn -0.9003 0.3816 0.2096
vn -0.9018 0.3725 0.2189
vn -0.8494 0.5242 -0.0616
vn -0.9039 0.4039 -0.1407
vn -0.9062 0.1854 0.3800
vn -0.8412 0.0460 0.5388
vn -0.8353 0.3310 0.4391
vn -0.0127 -0.9987 -0.0501
vn -0.0127 -0.9987 -0.0503
vn -0.0127 -0.9987 -0.0499
vn -0.0582 -0.0171 -0.9982
vn -0.0585 -0.0168 -0.9981
vn -0.0154 -0.9996 -0.0237
vn -0.0154 -0.9996 -0.0236
vn -0.0568 -0.9981 0.0223
vn -0.0568 -0.9981 0.0221
vn -1.0000 -0.0009 -0.0015
vn -1.0000 0.0010 0.0007
vn -1.0000 0.0007 0.0001
vn -0.9050 0.1804 0.3854
vn -0.8343 0.3261 0.4444
vn -0.9024 0.3782 0.2063
vn -0.9573 0.2160 -0.1923
vn -0.9013 0.4123 -0.1331
vn -0.8976 0.1797 -0.4026
vn -1.0000 0.0009 0.0005
vn -1.0000 -0.0008 -0.0007
vn -1.0000 -0.0019 0.0002
vn -0.0081 0.0026 1.0000
vn -0.0509 -0.0168 0.9986
vn -0.0081 0.0025 1.0000
vn -0.0157 -0.0495 0.9986
vn -0.0158 -0.0495 0.9986
vn -0.0157 -0.0496 0.9986
vn -0.0315 0.0155 -0.9994
vn -1.0000 0.0008 -0.0001
vn -1.0000 0.0026 -0.0020
vn -0.0159 0.9989 -0.0443
vn -0.0159 0.9989 -0.0442
vn -0.0584 0.0169 -0.9981
vn -0.0583 0.0172 -0.9982
vn -0.0584 0.0172 -0.9981
vn -0.0165 0.9996 -0.0224
vn -1.0000 0.0014 0.0008
vn -0.9043 -0.3535 0.2395
vn -0.9048 -0.3805 -0.1912
vn -0.8543 -0.5190 -0.0286
vn -0.9086 -0.1702 0.3814
vn -0.9018 -0.1976 -0.3844
vn -0.8772 0.1221 -0.4644
vn -0.8791 -0.1348 -0.4571
vn -1.0000 0.0012 0.0015
vn -0.0671 0.9976 0.0189
vn -0.0670 0.9976 0.0192
vn -0.8657 -0.4124 -0.2837
vn -0.8552 -0.5178 -0.0234
vn -0.9064 -0.3794 -0.1856
vn -0.0044 0.0026 1.0000
vn -0.0045 0.0029 1.0000
vn 0.0326 0.0202 0.9993
vn -0.0157 0.0506 0.9986
vn -0.0157 0.0507 0.9986
vn 0.3690 -0.2947 0.8815
vn 0.3692 -0.2939 0.8817
vn 0.3694 -0.2925 0.8820
vn -0.9009 -0.1867 -0.3919
vn -0.8646 -0.4179 -0.2788
vn -0.9052 -0.3848 -0.1804
vn 0.5195 -0.8267 0.2163
vn 0.5195 -0.8265 0.2167
vn 0.5196 -0.8263 0.2173
vn 0.3028 -0.6518 -0.6953
vn 0.1544 -0.3955 -0.9054
vn 0.3032 -0.6502 -0.6967
vn 0.1377 -0.3964 -0.9077
vn -0.0282 -0.0728 -0.9969
vn 0.1379 -0.3964 -0.9077
vn 0.2422 0.6133 -0.7518
vn 0.2423 0.6129 -0.7521
vn 0.2423 0.6128 -0.7522
vn 0.5245 0.8453 0.1020
vn 0.5245 0.8453 0.1019
vn 0.5245 0.8453 0.1021
vn 0.0600 -0.9979 -0.0246
vn 0.0600 -0.9979 -0.0245
vn 0.0600 -0.9979 -0.0244
vn 0.9566 0.2188 0.1925
vn 0.9033 0.3756 0.2075
vn 0.9010 0.1697 0.3991
vn 1.0000 0.0009 -0.0006
vn 1.0000 -0.0003 0.0001
vn 1.0000 -0.0028 -0.0025
vn 0.8301 0.4147 0.3728
vn 0.8211 0.1079 0.5605
vn 0.9047 0.1693 0.3909
vn 0.8459 0.5309 0.0514
vn 0.8301 0.4081 0.3801
vn 0.9065 0.3681 0.2068
vn 0.0199 -0.0450 -0.9988
vn 0.0199 -0.0451 -0.9988
vn 0.0526 -0.9984 0.0208
vn 0.0525 -0.9984 0.0211
vn 0.9012 0.2289 -0.3680
vn 0.8329 0.0416 -0.5518
vn 0.8564 0.3807 -0.3489
vn 1.0000 0.0008 -0.0006
vn 1.0000 0.0002 0.0008
vn 0.0097 -0.0484 0.9988
vn 0.0098 -0.0484 0.9988
vn 1.0000 0.0008 -0.0018
vn 1.0000 0.0005 -0.0003
vn 1.0000 0.0013 -0.0015
vn 0.9080 -0.1783 0.3791
vn 0.8131 -0.1331 0.5667
vn 0.7700 -0.4478 0.4546
vn 1.0000 0.0010 -0.0008
vn 1.0000 0.0018 -0.0011
vn 0.8207 0.1170 0.5593
vn 0.9069 -0.1882 0.3771
vn 0.9035 0.1787 0.3894
vn 0.0068 0.0178 -0.9998
vn 0.0067 0.0179 -0.9998
vn 0.0067 0.0180 -0.9998
vn 0.9089 -0.3823 0.1669
vn 0.7696 -0.4426 0.4601
vn 0.6549 -0.7276 0.2043
vn 0.0584 0.9982 -0.0167
vn 0.0583 0.9982 -0.0170
vn 0.0582 0.9982 -0.0170
vn 0.0097 0.0480 -0.9988
vn 0.0097 0.0479 -0.9988
vn 1.0000 0.0001 0.0013
vn 1.0000 -0.0000 0.0012
vn 0.9066 -0.1762 0.3834
vn 0.7688 -0.4456 0.4586
vn 0.9078 -0.3853 0.1654
vn 0.8959 -0.2470 -0.3693
vn 0.8517 -0.4913 -0.1822
vn 0.8333 -0.3239 -0.4481
vn 0.0703 0.9973 0.0193
vn 0.0704 0.9973 0.0191
vn 0.0704 0.9973 0.0190
vn 0.8356 -0.3306 -0.4387
vn 0.8333 0.0560 -0.5500
vn 0.8978 -0.2541 -0.3597
vn 0.0190 0.0464 0.9987
vn 0.0191 0.0463 0.9987
vn 0.0191 0.0464 0.9987
vn -0.4563 0.8454 -0.2778
vn -0.4564 0.8457 -0.2767
vn -0.4566 0.8461 -0.2752
vn 0.8952 -0.2602 -0.3619
vn 0.8322 0.0509 -0.5521
vn 0.8988 0.2387 -0.3677
vn 0.8111 -0.1442 0.5668
vn 0.8186 0.1191 0.5619
vn -0.0352 -0.4034 0.9144
vn 0.7467 -0.4594 0.4810
vn -0.0646 -0.4074 0.9110
vn -0.3374 -0.8065 0.4855
vn 0.6254 -0.7509 0.2120
vn -0.3421 -0.8040 0.4863
vn -0.0328 -0.9971 -0.0686
vn -0.0037 -0.9973 -0.0740
vn 0.8490 -0.4948 -0.1854
vn 0.6475 -0.7319 0.2122
vn 0.5918 -0.2315 -0.7721
vn 0.8325 0.0570 -0.5511
vn 0.8349 -0.3321 -0.4389
vn 0.8563 0.3818 -0.3477
vn 0.8328 0.0409 -0.5521
vn 0.6731 0.3628 -0.6445
vn 0.8277 0.4106 0.3827
vn 0.8428 0.5359 0.0499
vn 0.4152 0.8173 0.3996
vn 0.8178 0.1083 0.5653
vn 0.8266 0.4193 0.3755
vn 0.3842 0.4487 0.8069
vn 0.9999 0.0035 -0.0113
vn 0.0418 0.1022 0.9939
vn 0.1302 -0.0053 0.9915
vn 1.0000 -0.0003 -0.0001
vn 0.9972 -0.0743 0.0058
vn -0.4152 -0.9097 0.0001
vn -0.4151 -0.9098 0.0001
vn -0.0031 -0.0046 1.0000
vn -0.0064 0.0001 1.0000
vn -0.0035 -0.0044 1.0000
vn -0.0064 0.0060 1.0000
vn -0.0064 0.0003 1.0000
vn -0.0065 0.0004 1.0000
vn -0.0002 0.0089 1.0000
vn -0.0061 0.0061 1.0000
vn -0.0062 0.0060 1.0000
vn 0.0125 -0.9230 0.3847
vn 0.0232 -0.7072 -0.7066
vn 0.0109 -0.7072 -0.7069
vn 0.0126 -0.9230 -0.3846
vn 0.0139 -0.7072 -0.7069
vn 0.0136 -0.3841 -0.9232
vn 0.0137 -0.3842 -0.9231
vn 0.0137 0.7076 -0.7065
vn 0.0132 0.3839 -0.9233
vn 0.0136 0.9999 0.0015
vn 0.0159 0.7075 -0.7065
vn 0.0197 0.7075 -0.7065
vn 0.0129 0.9231 0.3844
vn 0.0128 0.9999 0.0015
vn 0.0197 0.9998 0.0015
vn 0.0201 0.0001 0.9998
vn 0.0090 -0.0001 1.0000
vn 0.0127 0.3806 0.9247
vn 0.0153 0.0001 0.9999
vn 0.0127 -0.3805 0.9247
vn -1.0000 -0.0016 -0.0027
vn -0.9075 0.4199 -0.0134
vn 0.3897 0.9209 -0.0001
vn 0.0161 0.9999 0.0001
vn 0.1503 0.9886 -0.0001
vn 0.9898 0.1428 -0.0004
vn 0.9999 0.0103 -0.0001
vn 0.9271 0.3749 -0.0003
vn -0.7172 -0.6969 -0.0044
vn -0.1535 -0.9881 -0.0000
vn -0.0160 -0.9920 0.1251
vn 0.0035 0.0003 1.0000
vn 0.0066 -0.0033 1.0000
vn -0.0270 -0.0010 0.9996
vn -1.0000 -0.0003 0.0012
vn -0.9974 -0.0711 0.0104
vn 0.4144 -0.9101 0.0004
vn 0.0002 -0.0060 1.0000
vn 0.0004 -0.0060 1.0000
vn 0.0060 -0.0046 1.0000
vn 0.0064 -0.0000 1.0000
vn 0.0067 -0.0045 1.0000
vn 0.0064 0.0056 1.0000
vn 0.0064 0.0002 1.0000
vn 0.0061 0.0057 1.0000
vn 0.0001 0.0089 1.0000
vn -0.0203 -0.7076 0.7064
vn -0.0135 -0.7076 0.7065
vn -0.0131 -0.9243 0.3815
vn -0.0052 -0.7065 -0.7077
vn -0.0109 -0.7065 -0.7076
vn -0.0124 -0.9232 -0.3841
vn -0.0131 -0.3843 -0.9231
vn -0.0128 -0.7065 -0.7076
vn -0.0083 0.7076 -0.7065
vn -0.0111 0.7077 -0.7065
vn -0.0127 0.3842 -0.9231
vn -0.0124 0.9246 -0.3807
vn -0.0157 0.7076 -0.7065
vn -0.0083 0.7065 0.7077
vn -0.0114 0.7065 0.7077
vn -0.0126 0.9229 0.3847
vn -0.0232 0.7062 0.7076
vn -0.0109 0.7064 0.7077
vn -0.0130 0.3836 0.9234
vn -0.0133 -0.3840 0.9232
vn -0.0134 -0.3839 0.9233
vn -0.0128 -0.7076 0.7065
vn -0.4152 -0.9095 0.0178
vn -0.4153 -0.9095 0.0179
vn -0.9364 -0.3506 0.0175
vn -0.9990 0.0415 0.0176
vn -0.7186 0.6951 0.0185
vn -0.7187 0.6952 0.0137
vn -0.9998 0.0099 0.0177
vn -0.0162 0.9998 0.0141
vn -0.7186 0.6952 0.0182
vn -0.7186 0.6951 0.0192
vn 0.4151 -0.9096 0.0181
vn 0.4150 -0.9096 0.0182
vn 0.9990 0.0411 0.0171
vn 0.9991 0.0411 0.0131
vn 0.9271 0.3745 0.0163
vn 0.9271 0.3744 0.0162
vn 0.9998 0.0096 0.0177
vn 0.0162 0.9998 0.0126
vn 0.0162 0.9997 0.0154
vn 0.3901 0.9206 0.0166
vn 0.9023 -0.0002 0.4312
vn 0.8996 -0.0414 0.4347
vn 0.9976 -0.0690 -0.0115
vn 1.0000 -0.0011 -0.0017
vn 0.9997 0.0026 0.0250
vn 1.0000 0.0025 0.0044
vn -0.0099 0.0054 -0.9999
vn 0.0054 0.0004 -1.0000
vn 0.9882 -0.1530 -0.0113
vn 1.0000 0.0030 -0.0029
vn 1.0000 -0.0001 -0.0014
vn -0.0063 -0.0044 -1.0000
vn -0.0062 -0.0044 -1.0000
vn -0.0095 -0.0001 -1.0000
vn -0.0067 -0.0045 -1.0000
vn -0.0065 0.0049 -1.0000
vn -0.0065 0.0048 -1.0000
vn -0.0095 0.0001 -1.0000
vn -0.0001 0.0076 -1.0000
vn -0.0002 0.0076 -1.0000
vn 0.0134 -0.9233 -0.3838
vn 0.0128 -0.9999 -0.0008
vn 0.0201 -0.9998 -0.0008
vn 0.0136 -0.9999 -0.0008
vn 0.0130 -0.9243 0.3815
vn 0.0129 -0.3814 0.9243
vn 0.0127 -0.0000 0.9999
vn 0.0197 -0.0001 0.9998
vn 0.0129 0.3809 0.9245
vn 0.0132 0.3811 0.9244
vn 0.0129 -0.0001 0.9999
vn 0.0130 0.9243 0.3814
vn 0.0130 0.9243 0.3815
vn 0.0129 0.9999 -0.0008
vn 0.0128 0.9233 -0.3839
vn 0.0127 0.9232 -0.3841
vn 0.0127 0.9999 -0.0008
vn 0.0082 -0.0000 -1.0000
vn 0.0109 -0.0000 -0.9999
vn 0.0126 0.3809 -0.9245
vn 0.0139 -0.0000 -0.9999
vn 0.0130 -0.3812 -0.9244
vn -0.9049 -0.0327 0.4243
vn -0.9066 0.0005 0.4220
vn -1.0000 0.0027 -0.0010
vn -0.9970 -0.0773 0.0072
vn -0.9910 -0.0785 -0.1082
vn -0.7946 -0.5844 -0.1644
vn 0.9363 -0.3512 -0.0003
vn 0.9991 0.0417 -0.0000
vn 0.0065 -0.0044 -1.0000
vn 0.0064 0.0002 -1.0000
vn 0.0065 0.0007 -1.0000
vn 0.0065 0.0005 -1.0000
vn 0.0002 0.0076 -1.0000
vn 0.0062 0.0054 -1.0000
vn -0.0000 0.9998 -0.0187
vn 0.0154 0.9998 -0.0102
vn -0.0083 -0.7069 -0.7073
vn -0.0109 -0.7068 -0.7073
vn -0.0125 -0.9232 -0.3840
vn -0.0202 -0.7070 0.7069
vn -0.0102 -0.7071 0.7071
vn -0.0128 -0.9232 0.3842
vn -0.0139 -0.7070 0.7070
vn -0.0127 -0.3842 0.9231
vn -0.0127 -0.3842 0.9232
vn -0.0133 0.7068 0.7073
vn -0.0133 0.3836 0.9234
vn -0.0133 0.3835 0.9234
vn -0.0083 0.7069 0.7073
vn -0.0114 0.7068 0.7073
vn -0.0129 0.9233 0.3838
vn -0.0127 0.9241 -0.3819
vn -0.0129 0.9240 -0.3823
vn -0.0130 0.3815 -0.9243
vn -0.0127 0.0003 -0.9999
vn -0.0045 0.0005 -1.0000
vn -0.0052 0.0003 -1.0000
vn -0.0109 0.0003 -0.9999
vn -0.0157 -0.7068 -0.7073
vn -0.4152 -0.9096 -0.0177
vn -0.4147 -0.9098 -0.0177
vn -0.9990 0.0414 -0.0169
vn -0.9363 -0.3508 -0.0171
vn -0.9364 -0.3507 -0.0168
vn -0.9999 0.0099 -0.0135
vn -0.7187 0.6951 -0.0170
vn -0.7187 0.6952 -0.0161
vn -0.7185 0.6951 -0.0221
vn -0.7187 0.6952 -0.0134
vn -0.0162 0.9997 -0.0175
vn 0.7192 -0.6946 -0.0155
vn 0.4152 -0.9096 -0.0173
vn 0.4152 -0.9096 -0.0172
vn 0.9991 0.0408 -0.0134
vn 0.7181 -0.6957 -0.0178
vn 0.7181 -0.6957 -0.0156
vn 0.9998 0.0092 -0.0166
vn 0.9272 0.3743 -0.0158
vn 0.3902 0.9206 -0.0162
vn 0.0162 0.9997 -0.0175
vn 0.0163 0.9998 -0.0107
vn -0.1266 0.9920 -0.0002
vn 0.6185 0.7858 -0.0000
vn 0.7199 0.6941 -0.0003
vn -0.9508 0.2191 -0.2191
vn -0.9077 0.3947 -0.1422
vn -0.9000 0.3545 -0.2537
vn -0.9112 0.3852 -0.1462
vn -0.7746 0.6206 0.1220
vn -0.8147 0.5299 -0.2354
vn -0.0156 -0.9986 0.0503
vn -0.0157 -0.9986 0.0503
vn -0.0099 -0.0479 0.9988
vn -0.0100 -0.0479 0.9988
vn -0.0673 -0.9976 -0.0187
vn -0.0674 -0.9976 -0.0184
vn -0.0674 -0.9976 -0.0185
vn -0.0231 -0.0464 -0.9987
vn -0.0290 0.0155 0.9995
vn -0.0293 0.0156 0.9995
vn -0.0293 0.0155 0.9995
vn -0.0158 0.9989 0.0442
vn -0.0157 0.9989 0.0441
vn -0.0158 0.9989 0.0441
vn -0.0638 0.0165 0.9978
vn -0.0638 0.0164 0.9978
vn -0.0637 0.0166 0.9978
vn -0.0152 0.9996 0.0230
vn -0.0153 0.9996 0.0231
vn -0.0567 0.9982 -0.0210
vn -0.0567 0.9982 -0.0209
vn -0.0566 0.9982 -0.0210
vn -0.0164 0.0491 -0.9987
vn -0.0163 0.0491 -0.9987
vn 0.1468 -0.8226 0.5493
vn 0.0603 -0.9083 0.4140
vn 0.1567 -0.9480 0.2769
vn 0.1558 0.9461 0.2839
vn -0.7634 0.6361 0.1119
vn -0.7583 0.4778 0.4434
vn 0.2684 0.6074 -0.7477
vn 0.2689 0.6090 -0.7462
vn 0.2686 0.6080 -0.7471
vn 0.9064 0.1219 -0.4044
vn 0.8880 0.3263 -0.3240
vn 0.9157 0.3423 -0.2105
vn 1.0000 -0.0006 0.0012
vn 0.0130 -0.9986 0.0504
vn 0.0131 -0.9986 0.0504
vn 0.0163 -0.0487 0.9987
vn 0.0155 -0.9986 -0.0502
vn 0.0637 -0.0170 -0.9978
vn 0.0638 -0.0167 -0.9978
vn 0.0638 -0.0169 -0.9978
vn 0.0132 -0.9997 -0.0198
vn 0.0133 -0.9997 -0.0198
vn 0.9027 -0.2134 -0.3736
vn 0.8673 -0.1552 -0.4731
vn 0.8532 0.0252 -0.5210
vn 0.0168 0.0226 0.9996
vn 0.0590 0.9981 0.0165
vn 0.0589 0.9981 0.0168
vn 0.0096 0.0476 0.9988
vn 0.0095 0.0476 0.9988
vn 1.0000 0.0014 -0.0018
vn 1.0000 0.0012 -0.0001
vn 1.0000 0.0005 -0.0001
vn 0.0085 0.0263 -0.9996
vn 0.0085 0.0262 -0.9996
vn 0.0644 0.9978 -0.0139
vn 0.0646 0.9978 -0.0136
vn 0.0221 0.0457 -0.9987
vn 0.0220 0.0458 -0.9987
vn 0.0151 0.8377 0.5459
vn -0.1774 0.4267 0.8868
vn 0.7469 0.3777 0.5473
vn -0.4901 0.3882 -0.7805
vn -0.4901 0.3880 -0.7805
vn -0.4900 0.3867 -0.7813
vn 0.0126 0.0150 0.9998
vn 0.0131 0.0148 0.9998
vn 0.0131 0.0149 0.9998
vn 0.0129 -0.0104 0.9999
vn 0.0129 -0.0103 0.9999
vn 0.0126 -0.0105 0.9999
vn 0.0003 -0.0141 0.9999
vn -0.0125 0.0145 0.9998
vn -0.0126 0.0144 0.9998
vn -0.0005 0.0210 0.9998
vn -0.0130 0.0143 0.9998
vn -0.0130 0.0142 0.9998
vn -0.0131 -0.0112 0.9999
vn -0.0191 0.0003 0.9998
vn -0.0000 -0.0139 0.9999
vn -0.0000 -0.0140 0.9999
vn -0.0122 -0.0108 0.9999
vn -0.4122 -0.9083 0.0711
vn -0.4119 -0.9084 0.0712
vn -0.4119 -0.9084 0.0713
vn -0.9355 -0.3464 0.0688
vn -0.9966 0.0421 0.0713
vn -0.9974 0.0110 0.0712
vn -0.9977 0.0111 0.0673
vn -0.7165 0.6940 0.0707
vn -0.7163 0.6939 0.0731
vn -0.0162 0.9972 0.0729
vn -0.0162 0.9976 0.0679
vn 0.4184 -0.9055 0.0713
vn 0.7170 -0.6930 0.0758
vn 0.7159 -0.6943 0.0737
vn 0.9966 0.0388 0.0722
vn 0.9966 0.0388 0.0728
vn 0.9260 0.3717 0.0658
vn 0.9974 0.0075 0.0714
vn 0.0161 0.9976 0.0680
vn 0.0160 0.9972 0.0729
vn 0.3839 0.9208 0.0682
vn 0.7197 0.6893 0.0831
vn 0.0171 0.9959 0.0886
vn 0.0171 0.9958 0.0897
vn 0.9958 -0.0439 0.0798
vn 0.7185 0.6905 0.0836
vn 0.7185 0.6905 0.0838
vn 0.9967 -0.0125 0.0797
vn 0.7162 -0.6926 0.0861
vn 0.7162 -0.6926 0.0860
vn 0.7157 -0.6926 0.0897
vn 0.0159 -0.9955 0.0929
vn 0.0160 -0.9956 0.0919
vn -0.7196 0.6894 0.0832
vn -0.7195 0.6893 0.0842
vn -0.0170 0.9958 0.0901
vn -0.7185 0.6904 0.0838
vn -0.7185 0.6905 0.0835
vn -0.9958 -0.0442 0.0797
vn -0.9967 -0.0129 0.0795
vn -0.9968 -0.0130 0.0794
vn -0.7161 -0.6929 0.0843
vn -0.0160 -0.9956 0.0918
vn -0.0160 -0.9955 0.0929
vn -0.7158 -0.6927 0.0881
vn -1.0000 -0.0018 -0.0012
vn -1.0000 0.0002 -0.0002
vn -1.0000 -0.0015 -0.0009
vn -0.9031 0.3711 0.2160
vn -0.8587 0.4719 0.1999
vn -0.8499 0.5230 -0.0641
vn -0.0130 -0.9986 -0.0504
vn -0.0129 -0.9986 -0.0503
vn -0.0129 -0.9986 -0.0504
vn -0.0634 -0.0169 -0.9978
vn -0.0635 -0.0168 -0.9978
vn -0.0635 -0.0171 -0.9978
vn -0.0165 -0.9996 -0.0236
vn -0.0166 -0.9996 -0.0236
vn -0.0526 -0.9984 0.0221
vn -0.0524 -0.9984 0.0223
vn -0.0162 -0.0497 0.9986
vn -0.0164 -0.0497 0.9986
vn -0.0164 -0.0496 0.9986
vn -0.0319 0.0154 -0.9994
vn -0.0164 0.9989 -0.0443
vn -0.0632 0.0171 -0.9979
vn -0.0633 0.0169 -0.9979
vn -0.0633 0.0170 -0.9979
vn -0.0154 0.9996 -0.0225
vn -0.0153 0.9996 -0.0224
vn -1.0000 0.0020 0.0013
vn -1.0000 0.0011 0.0007
vn -1.0000 0.0015 0.0009
vn -0.9011 -0.1987 -0.3854
vn -0.9004 0.1885 -0.3922
vn -0.8770 0.1215 -0.4648
vn -0.0614 0.9979 0.0193
vn -0.0615 0.9979 0.0190
vn -0.0161 0.0508 0.9986
vn 0.3543 -0.2926 0.8882
vn 0.3544 -0.2925 0.8882
vn 0.3540 -0.2942 0.8877
vn 0.5144 -0.8292 0.2185
vn 0.5144 -0.8292 0.2187
vn 0.5143 -0.8295 0.2178
vn 0.2795 -0.6554 -0.7016
vn 0.1354 -0.3980 -0.9073
vn 0.1338 -0.3968 -0.9081
vn 0.1336 -0.3948 -0.9090
vn -0.0369 -0.0734 -0.9966
vn -0.0366 -0.0722 -0.9967
vn 0.2527 0.6117 -0.7496
vn 0.2529 0.6107 -0.7504
vn 0.2525 0.6125 -0.7491
vn 0.5239 0.8456 0.1020
vn 0.5239 0.8456 0.1021
vn 0.0554 -0.9982 -0.0243
vn 0.0552 -0.9982 -0.0246
vn 0.0553 -0.9982 -0.0246
vn 0.0190 -0.0450 -0.9988
vn 0.0570 -0.9981 0.0211
vn 0.0571 -0.9981 0.0209
vn 0.0571 -0.9981 0.0211
vn 0.0096 -0.0484 0.9988
vn 0.0096 -0.0483 0.9988
vn 1.0000 0.0009 -0.0017
vn 1.0000 0.0004 -0.0001
vn 1.0000 0.0007 -0.0008
vn 1.0000 0.0020 -0.0009
vn 0.8209 0.1179 0.5588
vn 0.8135 -0.1411 0.5641
vn 0.9075 -0.1871 0.3762
vn 0.0062 0.0180 -0.9998
vn 0.0636 0.9978 -0.0170
vn 0.0637 0.9978 -0.0168
vn 0.0637 0.9978 -0.0169
vn 0.0096 0.0480 -0.9988
vn 0.0095 0.0480 -0.9988
vn 0.0095 0.0479 -0.9988
vn 1.0000 -0.0004 0.0008
vn 1.0000 -0.0007 0.0005
vn 1.0000 0.0005 -0.0004
vn 0.0648 0.9977 0.0190
vn 0.0646 0.9977 0.0193
vn 0.0201 0.0465 0.9987
vn 0.0201 0.0464 0.9987
vn 0.0202 0.0464 0.9987
vn -0.4429 0.8527 -0.2769
vn -0.4430 0.8530 -0.2758
vn -0.4427 0.8522 -0.2787
vt 0.239692 0.014224
vt 0.243018 0.255901
vt 0.247817 0.247412
vt 0.201446 0.980029
vt 0.201443 0.537538
vt 0.198188 0.539158
vt 0.136963 0.399859
vt 0.135195 0.279929
vt 0.131229 0.279174
vt 0.236038 0.846887
vt 0.227235 0.846783
vt 0.228046 0.847220
vt 0.248469 0.713472
vt 0.249263 0.714273
vt 0.286521 0.715103
vt 0.226872 0.831793
vt 0.227124 0.605157
vt 0.226025 0.830983
vt 0.357263 0.352435
vt 0.357556 0.010261
vt 0.356718 0.011067
vt 0.193420 0.006684
vt 0.194258 0.007490
vt 0.201439 0.007483
vt 0.238817 0.872276
vt 0.244245 0.790175
vt 0.243809 0.790139
vt 0.219537 0.830991
vt 0.131229 0.011048
vt 0.130402 0.010250
vt 0.130395 0.278902
vt 0.202273 0.980873
vt 0.202286 0.537230
vt 0.227231 0.622759
vt 0.228107 0.845900
vt 0.219668 0.605524
vt 0.226933 0.604673
vt 0.357094 0.549355
vt 0.357346 0.549338
vt 0.162995 0.314271
vt 0.191840 0.536783
vt 0.190847 0.314263
vt 0.163022 0.537405
vt 0.191972 0.537669
vt 0.286588 0.713963
vt 0.164136 0.980607
vt 0.262407 0.789490
vt 0.164130 0.981263
vt 0.925545 0.836166
vt 0.925651 0.838625
vt 0.925571 0.836095
vt 0.925649 0.924311
vt 0.925647 0.924415
vt 0.946185 0.924426
vt 0.946285 0.924376
vt 0.946180 0.924322
vt 0.235283 0.623598
vt 0.228110 0.623528
vt 0.202302 0.006714
vt 0.248302 0.399334
vt 0.261856 0.399829
vt 0.164145 0.015574
vt 0.185849 0.270137
vt 0.247091 0.020409
vt 0.247628 0.014057
vt 0.183672 0.541503
vt 0.193115 0.015160
vt 0.161852 0.313415
vt 0.162157 0.314209
vt 0.218671 0.830998
vt 0.218341 0.831864
vt 0.161852 0.537893
vt 0.218575 0.604747
vt 0.236102 0.846377
vt 0.236102 0.622860
vt 0.202067 0.273933
vt 0.190756 0.313368
vt 0.130995 0.279096
vt 0.276963 0.872792
vt 0.356666 0.986809
vt 0.356718 0.988408
vt 0.356718 0.986931
vt 0.238817 0.013842
vt 0.242184 0.257893
vt 0.242469 0.257200
vt 0.249304 0.712655
vt 0.191768 0.538081
vt 0.193617 0.015946
vt 0.925656 0.873607
vt 0.925547 0.924367
vt 0.925647 0.836063
vt 0.946194 0.836075
vt 0.946173 0.873484
vt 0.946284 0.836119
vt 0.946178 0.838634
vt 0.944823 0.838640
vt 0.131229 0.988389
vt 0.130375 0.989220
vt 0.247865 0.989243
vt 0.197867 0.539318
vt 0.248194 0.020088
vt 0.356600 0.986658
vt 0.356553 0.986553
vt 0.247853 0.988840
vt 0.247840 0.988399
vt 0.244132 0.399077
vt 0.244394 0.399029
vt 0.244987 0.398932
vt 0.357548 0.351765
vt 0.244597 0.398991
vt 0.357093 0.549355
vt 0.356718 0.353660
vt 0.357543 0.549325
vt 0.277044 0.021343
vt 0.131229 0.543464
vt 0.196210 0.271549
vt 0.201441 0.273620
vt 0.195691 0.271345
vt 0.130387 0.543386
vt 0.130764 0.543424
vt 0.131082 0.543452
vt 0.202294 0.274046
vt 0.201978 0.537344
vt 0.201835 0.537396
vt 0.357532 0.989263
vt 0.356719 0.986934
vt 0.356702 0.549383
vt 0.356718 0.549381
vt 0.135553 0.544654
vt 0.885055 0.922740
vt 0.885060 0.922740
vt 0.885060 0.922721
vt 0.885586 0.919734
vt 0.884166 0.919734
vt 0.884170 0.919738
vt 0.888028 0.919882
vt 0.888029 0.919882
vt 0.888029 0.919882
vt 0.887996 0.919882
vt 0.887996 0.919881
vt 0.887996 0.919881
vt 0.891927 0.933919
vt 0.891927 0.933919
vt 0.891927 0.933919
vt 0.891895 0.933919
vt 0.891895 0.933919
vt 0.891895 0.933919
vt 0.885060 0.922741
vt 0.885060 0.922740
vt 0.884850 0.922738
vt 0.884850 0.922739
vt 0.884850 0.922738
vt 0.890874 0.929339
vt 0.890875 0.929339
vt 0.890875 0.929338
vt 0.890943 0.924396
vt 0.890943 0.924396
vt 0.890943 0.924395
vt 0.885583 0.929190
vt 0.885583 0.929190
vt 0.885583 0.929190
vt 0.882597 0.924392
vt 0.882597 0.924392
vt 0.882597 0.924392
vt 0.885583 0.929190
vt 0.885583 0.929190
vt 0.882596 0.924392
vt 0.882596 0.924392
vt 0.884010 0.924536
vt 0.884010 0.924536
vt 0.884009 0.924536
vt 0.877716 0.929339
vt 0.877717 0.929339
vt 0.877717 0.929339
vt 0.879450 0.929299
vt 0.879450 0.929299
vt 0.879450 0.929298
vt 0.884170 0.919738
vt 0.884170 0.919738
vt 0.884010 0.924537
vt 0.884010 0.924536
vt 0.877717 0.929338
vt 0.879450 0.929298
vt 0.879450 0.929298
vt 0.884170 0.919738
vt 0.887160 0.929194
vt 0.887160 0.929194
vt 0.887141 0.929194
vt 0.887160 0.929194
vt 0.887160 0.929194
vt 0.887160 0.919734
vt 0.887160 0.919734
vt 0.887160 0.919734
vt 0.884855 0.922738
vt 0.884850 0.922719
vt 0.885060 0.922740
vt 0.884855 0.922738
vt 0.884855 0.921320
vt 0.882593 0.924396
vt 0.882593 0.924396
vt 0.884013 0.924396
vt 0.884013 0.924532
vt 0.884013 0.924532
vt 0.882593 0.924532
vt 0.886833 0.921297
vt 0.886833 0.919886
vt 0.886833 0.921297
vt 0.890869 0.929339
vt 0.890874 0.929355
vt 0.890874 0.929354
vt 0.885755 0.919734
vt 0.887141 0.919734
vt 0.887160 0.919734
vt 0.885060 0.921337
vt 0.882593 0.924532
vt 0.890943 0.924380
vt 0.890943 0.924379
vt 0.890938 0.924395
vt 0.884166 0.929194
vt 0.884170 0.929190
vt 0.876300 0.929343
vt 0.876304 0.929339
vt 0.885583 0.919738
vt 0.888029 0.921065
vt 0.888028 0.921065
vt 0.888028 0.921065
vt 0.887996 0.921065
vt 0.887996 0.921065
vt 0.887996 0.921065
vt 0.891175 0.919734
vt 0.891175 0.919734
vt 0.891175 0.919734
vt 0.891143 0.919734
vt 0.891143 0.919734
vt 0.891143 0.919734
vt 0.885060 0.921322
vt 0.885060 0.921322
vt 0.885060 0.921321
vt 0.884850 0.921319
vt 0.884850 0.921319
vt 0.884850 0.921319
vt 0.891285 0.933944
vt 0.891285 0.933944
vt 0.891285 0.933944
vt 0.891143 0.929153
vt 0.891143 0.929153
vt 0.891143 0.929153
vt 0.884170 0.929190
vt 0.884170 0.929190
vt 0.884009 0.924392
vt 0.884010 0.924392
vt 0.884010 0.924392
vt 0.892511 0.919734
vt 0.892511 0.919734
vt 0.892511 0.919734
vt 0.884010 0.924392
vt 0.884010 0.924391
vt 0.882597 0.924536
vt 0.882596 0.924536
vt 0.882597 0.924536
vt 0.876304 0.929339
vt 0.876304 0.929339
vt 0.880863 0.929299
vt 0.880863 0.929299
vt 0.880863 0.929299
vt 0.885583 0.919738
vt 0.885583 0.919738
vt 0.882596 0.924536
vt 0.882596 0.924537
vt 0.892511 0.929299
vt 0.892511 0.929298
vt 0.892511 0.929298
vt 0.880863 0.929298
vt 0.880863 0.929298
vt 0.892511 0.924516
vt 0.892511 0.924516
vt 0.892511 0.924516
vt 0.884166 0.929194
vt 0.884875 0.929194
vt 0.888338 0.923799
vt 0.888338 0.922389
vt 0.888338 0.923799
vt 0.892511 0.929299
vt 0.892511 0.929314
vt 0.885739 0.929194
vt 0.885739 0.929194
vt 0.885739 0.929194
vt 0.885739 0.919734
vt 0.885739 0.919734
vt 0.885739 0.919734
vt 0.884855 0.921319
vt 0.884850 0.921335
vt 0.889501 0.921293
vt 0.889501 0.920585
vt 0.889501 0.921293
vt 0.878899 0.923668
vt 0.878899 0.922249
vt 0.878899 0.923668
vt 0.886833 0.919886
vt 0.885739 0.929178
vt 0.891143 0.929137
vt 0.891143 0.929153
vt 0.892511 0.929299
vt 0.892511 0.929315
vt 0.892511 0.924516
vt 0.892511 0.924533
vt 0.892511 0.924532
vt 0.880867 0.929302
vt 0.879447 0.929302
vt 0.880867 0.929303
vt 0.890943 0.919749
vt 0.890943 0.919734
vt 0.890938 0.919734
vt 0.885583 0.924536
vt 0.885586 0.924532
vt 0.884166 0.924532
vt 0.889328 0.922808
vt 0.889328 0.922808
vt 0.889328 0.922808
vt 0.889296 0.922808
vt 0.889296 0.922808
vt 0.889296 0.922808
vt 0.891927 0.929298
vt 0.891927 0.929298
vt 0.891927 0.929298
vt 0.891895 0.929298
vt 0.891895 0.929298
vt 0.891895 0.929298
vt 0.884918 0.925887
vt 0.884918 0.925887
vt 0.884918 0.925888
vt 0.885944 0.924685
vt 0.885944 0.924685
vt 0.885944 0.924685
vt 0.890875 0.934000
vt 0.890875 0.934000
vt 0.890874 0.934000
vt 0.890943 0.919734
vt 0.890943 0.919734
vt 0.885583 0.924536
vt 0.885583 0.924536
vt 0.882597 0.919738
vt 0.882596 0.919738
vt 0.882597 0.919738
vt 0.885583 0.924537
vt 0.885583 0.924536
vt 0.882596 0.919738
vt 0.882596 0.919738
vt 0.884010 0.929190
vt 0.884009 0.929190
vt 0.884009 0.929191
vt 0.877716 0.924685
vt 0.877716 0.924685
vt 0.877717 0.924685
vt 0.879450 0.924644
vt 0.879450 0.924644
vt 0.879450 0.924645
vt 0.884170 0.924392
vt 0.884170 0.924392
vt 0.884170 0.924392
vt 0.884010 0.929190
vt 0.884010 0.929190
vt 0.877717 0.924685
vt 0.877717 0.924685
vt 0.879450 0.924645
vt 0.879450 0.924645
vt 0.884170 0.924391
vt 0.884170 0.924392
vt 0.887160 0.924396
vt 0.887160 0.924380
vt 0.887160 0.924396
vt 0.884923 0.924672
vt 0.884923 0.925888
vt 0.884924 0.925887
vt 0.882597 0.919738
vt 0.884009 0.919738
vt 0.892101 0.919750
vt 0.892101 0.919734
vt 0.892101 0.919734
vt 0.879446 0.924641
vt 0.879446 0.924641
vt 0.879446 0.924656
vt 0.887160 0.924532
vt 0.887160 0.924532
vt 0.887160 0.924532
vt 0.887160 0.924396
vt 0.887160 0.924396
vt 0.884013 0.919734
vt 0.882593 0.919734
vt 0.882593 0.929194
vt 0.884013 0.929194
vt 0.884918 0.925278
vt 0.877697 0.924685
vt 0.880867 0.924640
vt 0.879446 0.924640
vt 0.879447 0.924641
vt 0.885583 0.924392
vt 0.884014 0.929193
vt 0.884014 0.929177
vt 0.891077 0.929330
vt 0.891077 0.929346
vt 0.891077 0.929331
vt 0.890937 0.924548
vt 0.890937 0.924549
vt 0.890938 0.924532
vt 0.890940 0.924532
vt 0.890941 0.924548
vt 0.890941 0.924532
vt 0.885583 0.924553
vt 0.885587 0.924533
vt 0.885739 0.924396
vt 0.887141 0.924396
vt 0.885755 0.924396
vt 0.892101 0.924539
vt 0.892101 0.924523
vt 0.892101 0.924523
vt 0.882593 0.919734
vt 0.882592 0.919750
vt 0.882592 0.919751
vt 0.885755 0.924532
vt 0.887141 0.924532
vt 0.884170 0.924536
vt 0.889328 0.921426
vt 0.889328 0.921426
vt 0.889328 0.921426
vt 0.889296 0.921426
vt 0.889296 0.921426
vt 0.889296 0.921426
vt 0.891175 0.924362
vt 0.891175 0.924362
vt 0.891175 0.924362
vt 0.891143 0.924362
vt 0.891143 0.924362
vt 0.891143 0.924362
vt 0.884918 0.924672
vt 0.884918 0.924672
vt 0.884918 0.924672
vt 0.885944 0.925900
vt 0.885944 0.925900
vt 0.885944 0.925900
vt 0.891285 0.929289
vt 0.891285 0.929289
vt 0.891285 0.929289
vt 0.891143 0.924498
vt 0.891143 0.924499
vt 0.891143 0.924499
vt 0.884170 0.924536
vt 0.884170 0.924536
vt 0.880609 0.929161
vt 0.880609 0.929161
vt 0.880609 0.929161
vt 0.878557 0.934718
vt 0.878557 0.934718
vt 0.878557 0.934718
vt 0.884010 0.919738
vt 0.884010 0.919738
vt 0.884010 0.919738
vt 0.882597 0.929191
vt 0.882597 0.929190
vt 0.882597 0.929190
vt 0.876304 0.924685
vt 0.876304 0.924685
vt 0.876304 0.924685
vt 0.880863 0.924644
vt 0.880863 0.924644
vt 0.880863 0.924645
vt 0.885583 0.924392
vt 0.885583 0.924392
vt 0.885583 0.924392
vt 0.882596 0.929190
vt 0.882596 0.929190
vt 0.876303 0.924685
vt 0.876303 0.924685
vt 0.880863 0.924645
vt 0.880863 0.924644
vt 0.883482 0.934133
vt 0.883482 0.934133
vt 0.883482 0.934132
vt 0.884924 0.924673
vt 0.891693 0.924525
vt 0.891693 0.924541
vt 0.891693 0.924525
vt 0.884875 0.924532
vt 0.884166 0.924532
vt 0.884009 0.919738
vt 0.877720 0.924681
vt 0.876300 0.924681
vt 0.876300 0.924681
vt 0.885586 0.924396
vt 0.884166 0.924396
vt 0.885587 0.924396
vt 0.885739 0.924532
vt 0.885739 0.924532
vt 0.885739 0.924532
vt 0.885739 0.924396
vt 0.885739 0.924396
vt 0.885949 0.925900
vt 0.885944 0.925294
vt 0.886833 0.922980
vt 0.886833 0.924194
vt 0.886834 0.922979
vt 0.884013 0.919734
vt 0.882593 0.919734
vt 0.882593 0.929194
vt 0.884013 0.929194
vt 0.885739 0.924532
vt 0.885739 0.924548
vt 0.892511 0.929162
vt 0.892511 0.929145
vt 0.892511 0.929162
vt 0.892511 0.924380
vt 0.892511 0.924363
vt 0.892511 0.924380
vt 0.892511 0.929162
vt 0.887140 0.919750
vt 0.887141 0.919751
vt 0.887160 0.919750
vt 0.887140 0.919750
vt 0.887140 0.919751
vt 0.885586 0.929194
vt 0.877720 0.929343
vt 0.888028 0.919882
vt 0.887996 0.919882
vt 0.887140 0.919750
vt 0.889504 0.919874
vt 0.889504 0.919874
vt 0.889504 0.919874
vt 0.889501 0.919874
vt 0.889501 0.919874
vt 0.889501 0.919874
vt 0.887140 0.929178
vt 0.887140 0.929178
vt 0.887140 0.929178
vt 0.887141 0.929177
vt 0.887140 0.929177
vt 0.891075 0.933992
vt 0.891074 0.933992
vt 0.891074 0.933992
vt 0.891927 0.933919
vt 0.891895 0.933919
vt 0.891077 0.933992
vt 0.891077 0.933992
vt 0.891077 0.933992
vt 0.885055 0.922740
vt 0.885055 0.922740
vt 0.878902 0.922249
vt 0.878901 0.922249
vt 0.878901 0.922249
vt 0.878899 0.922249
vt 0.878899 0.922249
vt 0.884855 0.922739
vt 0.884855 0.922738
vt 0.884850 0.922738
vt 0.890869 0.929338
vt 0.890869 0.929339
vt 0.890874 0.929338
vt 0.890938 0.929194
vt 0.890937 0.929194
vt 0.890937 0.929194
vt 0.890941 0.929194
vt 0.890941 0.929194
vt 0.890940 0.929194
vt 0.890937 0.924396
vt 0.890938 0.924396
vt 0.885587 0.929194
vt 0.885587 0.929194
vt 0.885587 0.929194
vt 0.890943 0.924396
vt 0.882593 0.924396
vt 0.885583 0.929190
vt 0.885587 0.929194
vt 0.882593 0.924395
vt 0.882592 0.924396
vt 0.884014 0.924532
vt 0.882596 0.924391
vt 0.884009 0.924536
vt 0.877720 0.929343
vt 0.877721 0.929343
vt 0.877721 0.929343
vt 0.879446 0.929303
vt 0.879446 0.929302
vt 0.877716 0.929339
vt 0.879450 0.929299
vt 0.884166 0.919734
vt 0.884166 0.919734
vt 0.884166 0.919734
vt 0.884014 0.924533
vt 0.884014 0.924533
vt 0.884170 0.919738
vt 0.877721 0.929343
vt 0.877721 0.929342
vt 0.877717 0.929338
vt 0.879446 0.929302
vt 0.879446 0.929303
vt 0.884166 0.919734
vt 0.884170 0.919738
vt 0.889504 0.919874
vt 0.889504 0.921293
vt 0.891075 0.933992
vt 0.891077 0.933992
vt 0.885055 0.922741
vt 0.878899 0.922249
vt 0.885055 0.921322
vt 0.878902 0.922249
vt 0.878902 0.923668
vt 0.890869 0.929338
vt 0.890938 0.929194
vt 0.890940 0.929194
vt 0.890937 0.924395
vt 0.890937 0.924380
vt 0.886834 0.921297
vt 0.886834 0.919886
vt 0.885587 0.929193
vt 0.886833 0.922843
vt 0.886834 0.922843
vt 0.886833 0.921433
vt 0.879446 0.929302
vt 0.884166 0.919734
vt 0.889501 0.919874
vt 0.886833 0.922843
vt 0.887160 0.929178
vt 0.884166 0.919750
vt 0.884166 0.919751
vt 0.884166 0.919751
vt 0.885055 0.921322
vt 0.878901 0.923668
vt 0.886834 0.921433
vt 0.885756 0.919750
vt 0.890874 0.933984
vt 0.890875 0.933984
vt 0.890869 0.934000
vt 0.877721 0.924681
vt 0.877717 0.924701
vt 0.887140 0.924379
vt 0.890941 0.924549
vt 0.892101 0.924387
vt 0.892100 0.919734
vt 0.891077 0.929347
vt 0.890937 0.924379
vt 0.890943 0.919751
vt 0.885755 0.929194
vt 0.892101 0.929176
vt 0.892101 0.929176
vt 0.885755 0.929178
vt 0.885755 0.919750
vt 0.885739 0.919750
vt 0.885756 0.919750
vt 0.885755 0.919751
vt 0.891148 0.929153
vt 0.888029 0.921065
vt 0.887996 0.921065
vt 0.885756 0.919750
vt 0.889504 0.921293
vt 0.889504 0.921293
vt 0.889501 0.921293
vt 0.889501 0.921293
vt 0.885756 0.929178
vt 0.885756 0.929178
vt 0.885756 0.929178
vt 0.885755 0.929177
vt 0.891554 0.919734
vt 0.891554 0.919734
vt 0.891553 0.919734
vt 0.891175 0.919734
vt 0.891143 0.919734
vt 0.891557 0.919734
vt 0.891556 0.919734
vt 0.891556 0.919734
vt 0.885055 0.921321
vt 0.878902 0.923668
vt 0.885060 0.921321
vt 0.878899 0.923668
vt 0.878899 0.923668
vt 0.884855 0.921319
vt 0.884850 0.921319
vt 0.891279 0.933944
vt 0.891280 0.933944
vt 0.891280 0.933944
vt 0.891285 0.933944
vt 0.891693 0.929179
vt 0.891693 0.929179
vt 0.891693 0.929179
vt 0.891690 0.929179
vt 0.891690 0.929179
vt 0.891690 0.929179
vt 0.891148 0.929153
vt 0.891148 0.929153
vt 0.884166 0.929194
vt 0.884166 0.929194
vt 0.884014 0.924396
vt 0.884014 0.924396
vt 0.884170 0.929190
vt 0.884009 0.924392
vt 0.884166 0.929193
vt 0.884166 0.929194
vt 0.892511 0.919734
vt 0.884014 0.924396
vt 0.884014 0.924395
vt 0.882593 0.924532
vt 0.882597 0.924536
vt 0.876300 0.929343
vt 0.876300 0.929343
vt 0.880867 0.929302
vt 0.876303 0.929339
vt 0.880863 0.929299
vt 0.885587 0.919734
vt 0.885587 0.919734
vt 0.882592 0.924533
vt 0.882593 0.924533
vt 0.885583 0.919738
vt 0.876300 0.929342
vt 0.876299 0.929343
vt 0.880867 0.929302
vt 0.880867 0.929302
vt 0.885587 0.919734
vt 0.885587 0.919734
vt 0.892511 0.924516
vt 0.885739 0.929194
vt 0.885739 0.919734
vt 0.878901 0.923668
vt 0.884855 0.921319
vt 0.891285 0.933927
vt 0.891690 0.929179
vt 0.884013 0.924396
vt 0.884014 0.924379
vt 0.882592 0.924549
vt 0.888339 0.922388
vt 0.886833 0.921433
vt 0.891557 0.919734
vt 0.891557 0.919750
vt 0.891279 0.933943
vt 0.891279 0.933927
vt 0.887140 0.919750
vt 0.887140 0.929178
vt 0.891554 0.924388
vt 0.891285 0.929305
vt 0.891280 0.929289
vt 0.876300 0.924681
vt 0.891175 0.924362
vt 0.885755 0.924379
vt 0.885755 0.924379
vt 0.891690 0.924525
vt 0.891690 0.924525
vt 0.892511 0.933944
vt 0.892511 0.933928
vt 0.891556 0.924388
vt 0.892511 0.919734
vt 0.888338 0.922388
vt 0.882592 0.929194
vt 0.882593 0.929193
vt 0.880867 0.924641
vt 0.885755 0.924549
vt 0.885739 0.924380
vt 0.886357 0.925900
vt 0.886357 0.924685
vt 0.886355 0.924685
vt 0.887140 0.924549
vt 0.887141 0.924549
vt 0.887160 0.924548
vt 0.887140 0.924379
vt 0.886834 0.924194
vt 0.886836 0.924195
vt 0.886836 0.922980
vt 0.877720 0.924681
vt 0.887141 0.924379
vt 0.887140 0.924379
vt 0.889328 0.922808
vt 0.889296 0.922808
vt 0.887140 0.924380
vt 0.886355 0.924685
vt 0.886355 0.924685
vt 0.886358 0.924685
vt 0.886357 0.924685
vt 0.887140 0.924548
vt 0.887140 0.924549
vt 0.887140 0.924549
vt 0.891074 0.929330
vt 0.891074 0.929331
vt 0.891075 0.929330
vt 0.891928 0.929298
vt 0.891895 0.929298
vt 0.891077 0.929330
vt 0.891077 0.929330
vt 0.884924 0.925888
vt 0.886836 0.924195
vt 0.886836 0.924194
vt 0.884918 0.925888
vt 0.886833 0.924195
vt 0.885949 0.924685
vt 0.885950 0.924685
vt 0.885950 0.924685
vt 0.885944 0.924685
vt 0.890869 0.934000
vt 0.890869 0.934000
vt 0.890874 0.934000
vt 0.890938 0.924532
vt 0.890937 0.924532
vt 0.890941 0.924532
vt 0.890940 0.924532
vt 0.890937 0.919734
vt 0.890937 0.919734
vt 0.885587 0.924532
vt 0.885587 0.924532
vt 0.890943 0.919734
vt 0.882592 0.919734
vt 0.882593 0.919734
vt 0.885583 0.924536
vt 0.885587 0.924532
vt 0.882592 0.919734
vt 0.884014 0.929194
vt 0.884014 0.929194
vt 0.877721 0.924681
vt 0.879446 0.924641
vt 0.877717 0.924685
vt 0.879450 0.924644
vt 0.884166 0.924396
vt 0.884166 0.924396
vt 0.884166 0.924396
vt 0.884014 0.929194
vt 0.884170 0.924392
vt 0.877721 0.924681
vt 0.884010 0.929190
vt 0.884166 0.924395
vt 0.884166 0.924395
vt 0.886355 0.924685
vt 0.886355 0.925900
vt 0.891075 0.929330
vt 0.884923 0.925888
vt 0.886834 0.924195
vt 0.886836 0.924195
vt 0.886836 0.922980
vt 0.885949 0.924685
vt 0.890874 0.933985
vt 0.890869 0.934000
vt 0.890937 0.924532
vt 0.890938 0.919734
vt 0.887160 0.924532
vt 0.886358 0.925294
vt 0.885950 0.925900
vt 0.887160 0.924548
vt 0.877721 0.924697
vt 0.877721 0.924698
vt 0.885756 0.924380
vt 0.887140 0.924549
vt 0.879446 0.924657
vt 0.892101 0.929312
vt 0.892101 0.933965
vt 0.892101 0.933966
vt 0.892100 0.924523
vt 0.892100 0.929312
vt 0.892100 0.933966
vt 0.885755 0.924549
vt 0.885755 0.924379
vt 0.891143 0.924515
vt 0.891148 0.924499
vt 0.885756 0.924379
vt 0.889328 0.921426
vt 0.889296 0.921426
vt 0.885756 0.924379
vt 0.886355 0.925900
vt 0.886355 0.925900
vt 0.886357 0.925900
vt 0.886358 0.925900
vt 0.885756 0.924549
vt 0.885756 0.924548
vt 0.885756 0.924549
vt 0.891553 0.924388
vt 0.891554 0.924388
vt 0.891143 0.924362
vt 0.891556 0.924388
vt 0.891556 0.924388
vt 0.884924 0.924672
vt 0.884923 0.924672
vt 0.886836 0.922979
vt 0.884918 0.924672
vt 0.886833 0.922979
vt 0.885950 0.925900
vt 0.885944 0.925900
vt 0.891279 0.929289
vt 0.891279 0.929290
vt 0.891285 0.929289
vt 0.891693 0.924525
vt 0.891693 0.924524
vt 0.891690 0.924524
vt 0.891690 0.924525
vt 0.891148 0.924498
vt 0.891148 0.924498
vt 0.884166 0.924532
vt 0.891143 0.924498
vt 0.884014 0.919734
vt 0.884170 0.924536
vt 0.884166 0.924532
vt 0.884166 0.924532
vt 0.878967 0.934674
vt 0.878967 0.934674
vt 0.878967 0.934674
vt 0.884014 0.919734
vt 0.884014 0.919734
vt 0.882593 0.929194
vt 0.884010 0.919738
vt 0.880335 0.934476
vt 0.880335 0.934476
vt 0.880335 0.934476
vt 0.876300 0.924681
vt 0.880867 0.924641
vt 0.880867 0.924640
vt 0.879993 0.934531
vt 0.879993 0.934530
vt 0.879993 0.934530
vt 0.885587 0.924396
vt 0.885587 0.924396
vt 0.876299 0.924681
vt 0.876299 0.924681
vt 0.882596 0.929190
vt 0.876303 0.924685
vt 0.880867 0.924641
vt 0.885587 0.924395
vt 0.880863 0.924645
vt 0.878762 0.934578
vt 0.878762 0.934579
vt 0.878762 0.934579
vt 0.886355 0.925900
vt 0.885739 0.924396
vt 0.886836 0.922979
vt 0.886834 0.922979
vt 0.884166 0.924533
vt 0.884170 0.924536
vt 0.880867 0.924641
vt 0.892511 0.933944
vt 0.892511 0.933944
vt 0.892511 0.933929
vt 0.885587 0.924395
vt 0.886358 0.925900
vt 0.891693 0.924525
vt 0.887140 0.924379
vt 0.892511 0.924380
vt 0.885755 0.929177
vt 0.885755 0.924549
vt 0.885739 0.924380
vt 0.891553 0.919734
vt 0.885583 0.919738
vt 0.885583 0.924392
vt 0.891693 0.929178
vt 0.891148 0.929152
vt 0.891148 0.924499
vt 0.891148 0.924499
vt 0.891143 0.924515
vt 0.891553 0.919734
vt 0.891553 0.924388
vt 0.891553 0.924388
vt 0.891148 0.929153
vt 0.882592 0.924396
vt 0.884014 0.924532
vt 0.892100 0.924387
vt 0.885755 0.919751
vt 0.889504 0.921293
vt 0.885055 0.921321
vt 0.891693 0.929179
vt 0.882592 0.924532
vt 0.876299 0.929343
vt 0.880867 0.929303
vt 0.885587 0.919734
vt 0.884170 0.929190
vt 0.876303 0.929338
vt 0.888339 0.923799
vt 0.891557 0.924388
vt 0.886358 0.924685
vt 0.885587 0.924532
vt 0.877721 0.924681
vt 0.879446 0.924640
vt 0.892101 0.924387
vt 0.892101 0.929312
vt 0.892100 0.929176
vt 0.885949 0.925900
vt 0.891280 0.929289
vt 0.884014 0.919734
vt 0.882592 0.929194
vt 0.882434 0.924502
vt 0.882436 0.924499
vt 0.882431 0.924497
vt 0.886155 0.924689
vt 0.886149 0.924689
vt 0.886149 0.925892
vt 0.878703 0.923658
vt 0.878703 0.922253
vt 0.878698 0.922253
vt 0.881433 0.934313
vt 0.881439 0.934312
vt 0.881439 0.934308
vt 0.880859 0.919739
vt 0.880863 0.919735
vt 0.880859 0.919734
vt 0.879451 0.924499
vt 0.879447 0.924503
vt 0.879451 0.924504
vt 0.880859 0.924499
vt 0.880863 0.924503
vt 0.880864 0.924499
vt 0.880859 0.924504
vt 0.879446 0.924499
vt 0.881024 0.924497
vt 0.881078 0.924399
vt 0.878694 0.923658
vt 0.881078 0.919795
vt 0.882431 0.919738
vt 0.881024 0.919738
vt 0.880793 0.919739
vt 0.879517 0.924499
vt 0.881434 0.934308
vt 0.881430 0.929548
vt 0.881429 0.934312
vt 0.880859 0.924390
vt 0.881083 0.919800
vt 0.881087 0.919798
vt 0.881081 0.919804
vt 0.882372 0.924394
vt 0.882367 0.924397
vt 0.882376 0.924399
vt 0.882374 0.924390
vt 0.882372 0.919800
vt 0.882374 0.919805
vt 0.882376 0.919796
vt 0.882367 0.919798
vt 0.877941 0.934592
vt 0.877941 0.934598
vt 0.877945 0.934595
vt 0.881668 0.927123
vt 0.881669 0.927118
vt 0.881665 0.927118
vt 0.892921 0.933799
vt 0.892925 0.933794
vt 0.892921 0.933794
vt 0.877359 0.926105
vt 0.877355 0.926105
vt 0.877359 0.926109
vt 0.882436 0.919734
vt 0.881635 0.929545
vt 0.881635 0.934302
vt 0.881639 0.929549
vt 0.892955 0.929207
vt 0.892922 0.929205
vt 0.892925 0.929209
vt 0.881439 0.929549
vt 0.881645 0.934300
vt 0.881645 0.929549
vt 0.886159 0.924685
vt 0.886159 0.924689
vt 0.881020 0.924501
vt 0.881024 0.924502
vt 0.882431 0.919734
vt 0.878703 0.922249
vt 0.878693 0.922250
vt 0.881439 0.929545
vt 0.881430 0.929545
vt 0.881645 0.929544
vt 0.879446 0.919739
vt 0.879451 0.919739
vt 0.879447 0.919735
vt 0.879451 0.919734
vt 0.880864 0.919739
vt 0.881020 0.919734
vt 0.886156 0.925895
vt 0.886159 0.925895
vt 0.881019 0.924498
vt 0.879451 0.924389
vt 0.881080 0.924389
vt 0.881082 0.924394
vt 0.881087 0.924397
vt 0.881669 0.926023
vt 0.881668 0.926020
vt 0.881665 0.926024
vt 0.892921 0.929209
vt 0.877359 0.924826
vt 0.893130 0.929039
vt 0.893127 0.924461
vt 0.893126 0.929039
vt 0.881635 0.927118
vt 0.881635 0.927124
vt 0.893160 0.924458
vt 0.893127 0.924457
vt 0.893160 0.929041
vt 0.893126 0.929043
vt 0.881635 0.926020
vt 0.881635 0.926023
vt 0.877325 0.926105
vt 0.877325 0.926110
vt 0.892955 0.933797
vt 0.877359 0.924822
vt 0.877325 0.924821
vt 0.877325 0.924826
vt 0.878694 0.923662
vt 0.878703 0.923662
vt 0.886149 0.925895
vt 0.886149 0.924685
vt 0.881635 0.934305
vt 0.881645 0.934305
vt 0.888413 0.853653
vt 0.888397 0.853652
vt 0.888409 0.853648
vt 0.888408 0.853665
vt 0.888413 0.853661
vt 0.888397 0.853659
vt 0.888402 0.853664
vt 0.896627 0.851477
vt 0.896637 0.851472
vt 0.896634 0.851478
vt 0.896644 0.851481
vt 0.896638 0.851483
vt 0.896644 0.851494
vt 0.896633 0.851495
vt 0.896638 0.851491
vt 0.896625 0.851470
vt 0.896622 0.851482
vt 0.896617 0.851479
vt 0.896617 0.851491
vt 0.896627 0.851495
vt 0.896622 0.851489
vt 0.896636 0.851502
vt 0.896625 0.851501
vt 0.884948 0.855023
vt 0.884951 0.855016
vt 0.884951 0.855023
vt 0.896617 0.853735
vt 0.896620 0.853742
vt 0.896617 0.853742
vt 0.896617 0.853748
vt 0.896400 0.853819
vt 0.896397 0.853812
vt 0.896400 0.853812
vt 0.884948 0.855031
vt 0.884952 0.855030
vt 0.883044 0.855237
vt 0.883040 0.855243
vt 0.883040 0.855237
vt 0.883043 0.855250
vt 0.883044 0.855243
vt 0.896397 0.853826
vt 0.896397 0.853819
vt 0.888402 0.853647
vt 0.882160 0.855211
vt 0.882163 0.855199
vt 0.882163 0.855211
vt 0.884291 0.851192
vt 0.884288 0.851204
vt 0.884288 0.851192
vt 0.884291 0.851216
vt 0.884291 0.851204
vt 0.884291 0.851539
vt 0.884288 0.851527
vt 0.884291 0.851527
vt 0.882160 0.855199
vt 0.882163 0.855186
vt 0.884288 0.850876
vt 0.884291 0.850865
vt 0.884291 0.850876
vt 0.884288 0.850865
vt 0.884291 0.850853
vt 0.884288 0.851550
vt 0.884288 0.851539
vt 0.884948 0.855016
vt 0.896620 0.853735
vt 0.896620 0.853748
vt 0.883040 0.855250
vt 0.896400 0.853826
vt 0.884288 0.851216
vt 0.882160 0.855186
vt 0.884288 0.850853
vt 0.884291 0.851551
vt 0.747532 0.973152
vt 0.747522 0.973157
vt 0.747530 0.973149
vt 0.747536 0.973140
vt 0.747530 0.973132
vt 0.747533 0.973140
vt 0.748893 0.973183
vt 0.748885 0.973183
vt 0.748893 0.973148
vt 0.747536 0.973080
vt 0.747537 0.973079
vt 0.747537 0.973140
vt 0.746282 0.973145
vt 0.746281 0.973205
vt 0.746281 0.973144
vt 0.746298 0.973148
vt 0.746296 0.973149
vt 0.746296 0.973154
vt 0.750095 0.973145
vt 0.750087 0.973111
vt 0.750095 0.973111
vt 0.748797 0.970566
vt 0.748785 0.970566
vt 0.748797 0.970532
vt 0.746315 0.973205
vt 0.746281 0.973217
vt 0.746398 0.972655
vt 0.746386 0.972650
vt 0.746389 0.972647
vt 0.746381 0.972638
vt 0.750087 0.973146
vt 0.748885 0.973149
vt 0.746389 0.972630
vt 0.746386 0.972638
vt 0.746315 0.973144
vt 0.746300 0.973149
vt 0.746415 0.972577
vt 0.746398 0.972626
vt 0.746381 0.972577
vt 0.746301 0.973152
vt 0.746300 0.973154
vt 0.748785 0.970532
vt 0.748688 0.970563
vt 0.748685 0.970566
vt 0.748685 0.970532
vt 0.748685 0.970566
vt 0.746295 0.973152
vt 0.747508 0.973141
vt 0.747515 0.973149
vt 0.747512 0.973153
vt 0.747515 0.973132
vt 0.747512 0.973140
vt 0.747508 0.973080
vt 0.747926 0.973021
vt 0.747909 0.973025
vt 0.747923 0.973020
vt 0.747908 0.972964
vt 0.747942 0.972964
vt 0.747926 0.973014
vt 0.747909 0.972952
vt 0.747922 0.973018
vt 0.749419 0.973207
vt 0.749411 0.973207
vt 0.749419 0.973173
vt 0.746415 0.972639
vt 0.746410 0.972651
vt 0.746414 0.972638
vt 0.746406 0.972647
vt 0.747942 0.973025
vt 0.746407 0.972630
vt 0.747928 0.973015
vt 0.748718 0.970532
vt 0.748715 0.970536
vt 0.748714 0.970536
vt 0.748688 0.970536
vt 0.748715 0.970536
vt 0.748718 0.970566
vt 0.748715 0.970562
vt 0.748718 0.970532
vt 0.747928 0.973020
vt 0.746390 0.970104
vt 0.746381 0.969285
vt 0.746390 0.969285
vt 0.745964 0.970104
vt 0.745956 0.970104
vt 0.745956 0.969285
vt 0.746381 0.970104
vt 0.746448 0.973174
vt 0.746436 0.973169
vt 0.746439 0.973165
vt 0.746436 0.973157
vt 0.746431 0.973157
vt 0.746299 0.973500
vt 0.746290 0.973500
vt 0.746290 0.973466
vt 0.750204 0.973138
vt 0.750195 0.973104
vt 0.750204 0.973104
vt 0.750195 0.973020
vt 0.750187 0.973054
vt 0.750187 0.973020
vt 0.746439 0.973148
vt 0.746431 0.973096
vt 0.748886 0.972813
vt 0.748885 0.972801
vt 0.748919 0.972813
vt 0.748885 0.972874
vt 0.748900 0.972865
vt 0.748900 0.972869
vt 0.748899 0.972867
vt 0.746299 0.973466
vt 0.750195 0.973138
vt 0.749436 0.972755
vt 0.749440 0.972744
vt 0.749436 0.972755
vt 0.748904 0.972869
vt 0.748904 0.972874
vt 0.748902 0.972870
vt 0.749436 0.972816
vt 0.749464 0.972816
vt 0.749442 0.972764
vt 0.748919 0.972874
vt 0.748919 0.972874
vt 0.748784 0.973191
vt 0.748772 0.973157
vt 0.748784 0.973157
vt 0.748919 0.972801
vt 0.747107 0.970608
vt 0.747111 0.970604
vt 0.747111 0.970605
vt 0.747137 0.970605
vt 0.747141 0.970608
vt 0.747111 0.970604
vt 0.747108 0.970574
vt 0.747111 0.970577
vt 0.747111 0.970578
vt 0.747107 0.970608
vt 0.746448 0.973145
vt 0.746464 0.973096
vt 0.746457 0.973148
vt 0.746460 0.973169
vt 0.746456 0.973165
vt 0.746464 0.973157
vt 0.746448 0.973169
vt 0.746281 0.973500
vt 0.750012 0.972860
vt 0.750012 0.972872
vt 0.750012 0.972860
vt 0.750026 0.972804
vt 0.750012 0.972799
vt 0.750029 0.972803
vt 0.750025 0.972807
vt 0.748772 0.973191
vt 0.748760 0.973191
vt 0.749460 0.972755
vt 0.749464 0.972755
vt 0.749460 0.972743
vt 0.749450 0.972743
vt 0.749450 0.972738
vt 0.749457 0.972747
vt 0.749450 0.972768
vt 0.750187 0.973138
vt 0.750031 0.972809
vt 0.750046 0.972860
vt 0.750029 0.972810
vt 0.746281 0.973466
vt 0.747137 0.970604
vt 0.747138 0.970578
vt 0.747141 0.970574
vt 0.747138 0.970604
vt 0.750031 0.972804
vt 0.750046 0.972799
vt 0.746473 0.970102
vt 0.746464 0.969285
vt 0.746473 0.969285
vt 0.746398 0.970104
vt 0.746398 0.969285
vt 0.745972 0.969285
vt 0.745972 0.970104
vt 0.746315 0.973205
vt 0.747522 0.973128
vt 0.747522 0.973152
vt 0.748902 0.973183
vt 0.746298 0.973155
vt 0.746398 0.972650
vt 0.746315 0.973217
vt 0.748017 0.973265
vt 0.748009 0.973231
vt 0.748017 0.973231
vt 0.748902 0.973149
vt 0.749903 0.970860
vt 0.749902 0.970851
vt 0.749909 0.970857
vt 0.749893 0.970851
vt 0.749900 0.970857
vt 0.749895 0.970857
vt 0.749886 0.970858
vt 0.749892 0.970860
vt 0.749887 0.970867
vt 0.749892 0.970865
vt 0.746033 0.974401
vt 0.746031 0.974398
vt 0.746033 0.974398
vt 0.748688 0.970536
vt 0.748688 0.970536
vt 0.748688 0.970563
vt 0.748689 0.970563
vt 0.746031 0.974396
vt 0.746031 0.974070
vt 0.746033 0.974068
vt 0.746033 0.974070
vt 0.746033 0.974066
vt 0.746031 0.974068
vt 0.746031 0.974066
vt 0.746033 0.974453
vt 0.746031 0.974455
vt 0.746031 0.974453
vt 0.746033 0.974450
vt 0.746031 0.974450
vt 0.746108 0.974233
vt 0.746106 0.974231
vt 0.746108 0.974231
vt 0.746106 0.974235
vt 0.746106 0.974233
vt 0.747923 0.973015
vt 0.747508 0.973080
vt 0.750104 0.973146
vt 0.750104 0.973111
vt 0.749428 0.973173
vt 0.749428 0.973207
vt 0.748809 0.970566
vt 0.748809 0.970532
vt 0.747943 0.972952
vt 0.746410 0.972638
vt 0.747929 0.973018
vt 0.747943 0.973025
vt 0.748026 0.973231
vt 0.748026 0.973265
vt 0.749411 0.973173
vt 0.749909 0.970867
vt 0.749903 0.970865
vt 0.749902 0.970873
vt 0.749893 0.970873
vt 0.749900 0.970868
vt 0.749895 0.970868
vt 0.745229 0.972693
vt 0.745232 0.972696
vt 0.745229 0.972696
vt 0.748714 0.970563
vt 0.748715 0.970563
vt 0.748718 0.970566
vt 0.745232 0.972698
vt 0.746033 0.974013
vt 0.746031 0.974011
vt 0.746033 0.974011
vt 0.746033 0.974016
vt 0.746031 0.974013
vt 0.746108 0.974506
vt 0.746106 0.974504
vt 0.746108 0.974504
vt 0.746108 0.974508
vt 0.746106 0.974506
vt 0.746108 0.974126
vt 0.746106 0.974124
vt 0.746108 0.974124
vt 0.746106 0.974121
vt 0.746108 0.974121
vt 0.746456 0.970103
vt 0.746464 0.970102
vt 0.750162 0.974022
vt 0.750163 0.974026
vt 0.750162 0.974026
vt 0.749337 0.974106
vt 0.749336 0.974102
vt 0.749337 0.974102
vt 0.749336 0.974098
vt 0.748059 0.974285
vt 0.748060 0.974281
vt 0.748060 0.974285
vt 0.750163 0.974017
vt 0.750163 0.974022
vt 0.747433 0.974310
vt 0.747434 0.974314
vt 0.747433 0.974314
vt 0.747433 0.974306
vt 0.747434 0.974310
vt 0.748060 0.974289
vt 0.748059 0.974289
vt 0.748885 0.972874
vt 0.745889 0.970104
vt 0.745889 0.969285
vt 0.745898 0.969285
vt 0.748885 0.972813
vt 0.749443 0.972747
vt 0.748902 0.972863
vt 0.749440 0.972756
vt 0.748904 0.972864
vt 0.750204 0.973020
vt 0.750204 0.973054
vt 0.750195 0.973054
vt 0.745895 0.970665
vt 0.745888 0.970670
vt 0.745886 0.970664
vt 0.748905 0.972867
vt 0.745900 0.970672
vt 0.745892 0.970670
vt 0.745900 0.970681
vt 0.745895 0.970674
vt 0.745894 0.970687
vt 0.745895 0.970678
vt 0.746108 0.974285
vt 0.746106 0.974288
vt 0.746106 0.974285
vt 0.747111 0.970577
vt 0.749464 0.972816
vt 0.747107 0.970574
vt 0.746108 0.974288
vt 0.746106 0.974290
vt 0.746033 0.974177
vt 0.746031 0.974180
vt 0.746031 0.974177
vt 0.746033 0.974182
vt 0.746033 0.974180
vt 0.746031 0.974286
vt 0.746033 0.974289
vt 0.746031 0.974289
vt 0.746033 0.974291
vt 0.746108 0.974069
vt 0.746106 0.974067
vt 0.746108 0.974067
vt 0.746106 0.974072
vt 0.746106 0.974069
vt 0.746460 0.973157
vt 0.750046 0.972873
vt 0.750187 0.973104
vt 0.750279 0.973020
vt 0.750279 0.973054
vt 0.750270 0.973020
vt 0.749458 0.972764
vt 0.748760 0.973157
vt 0.750262 0.973054
vt 0.750270 0.973054
vt 0.750032 0.972807
vt 0.745880 0.970670
vt 0.745885 0.970673
vt 0.745880 0.970679
vt 0.745886 0.970686
vt 0.745885 0.970677
vt 0.745888 0.970680
vt 0.745892 0.970681
vt 0.747137 0.970577
vt 0.747137 0.970577
vt 0.746033 0.974346
vt 0.746031 0.974344
vt 0.746033 0.974344
vt 0.747141 0.970607
vt 0.750026 0.972809
vt 0.746031 0.974341
vt 0.746031 0.974237
vt 0.746033 0.974234
vt 0.746033 0.974237
vt 0.746033 0.974232
vt 0.746031 0.974234
vt 0.746031 0.974232
vt 0.746106 0.974340
vt 0.746108 0.974342
vt 0.746106 0.974342
vt 0.746108 0.974345
vt 0.746106 0.974345
vt 0.746106 0.974017
vt 0.746108 0.974014
vt 0.746109 0.974017
vt 0.746106 0.974012
vt 0.746109 0.974012
vt 0.745964 0.969285
vt 0.745582 0.972537
vt 0.745580 0.972542
vt 0.745580 0.972537
vt 0.748837 0.974153
vt 0.748835 0.974158
vt 0.748835 0.974153
vt 0.748837 0.974149
vt 0.747984 0.974294
vt 0.747985 0.974298
vt 0.747984 0.974298
vt 0.745582 0.972533
vt 0.745580 0.972533
vt 0.748760 0.974220
vt 0.748761 0.974215
vt 0.748761 0.974220
vt 0.748760 0.974224
vt 0.747984 0.974302
vt 0.747985 0.974302
vt 0.745880 0.969285
vt 0.745898 0.970104
vt 0.746456 0.969285
vt 0.887664 0.851354
vt 0.887664 0.851351
vt 0.887666 0.851353
vt 0.896178 0.854137
vt 0.896176 0.854134
vt 0.896178 0.854134
vt 0.893769 0.853040
vt 0.893772 0.853044
vt 0.893769 0.853049
vt 0.892512 0.854190
vt 0.892514 0.854192
vt 0.892509 0.854192
vt 0.883262 0.855560
vt 0.883260 0.855560
vt 0.883262 0.855557
vt 0.896176 0.854137
vt 0.893759 0.853037
vt 0.893755 0.853037
vt 0.893759 0.853033
vt 0.893762 0.853036
vt 0.893758 0.853042
vt 0.893767 0.853037
vt 0.893764 0.853032
vt 0.893769 0.853033
vt 0.893764 0.853039
vt 0.892507 0.854190
vt 0.892509 0.854188
vt 0.886196 0.854958
vt 0.886197 0.854958
vt 0.886196 0.854962
vt 0.886197 0.854964
vt 0.886196 0.854967
vt 0.886197 0.854971
vt 0.886196 0.854972
vt 0.890453 0.854440
vt 0.890452 0.854440
vt 0.890452 0.854434
vt 0.885245 0.854095
vt 0.885242 0.854096
vt 0.885242 0.854091
vt 0.885255 0.854090
vt 0.885256 0.854086
vt 0.885259 0.854090
vt 0.885244 0.854087
vt 0.885251 0.854084
vt 0.885250 0.854088
vt 0.892512 0.854035
vt 0.892517 0.854035
vt 0.892514 0.854037
vt 0.885251 0.854103
vt 0.885252 0.854099
vt 0.885255 0.854102
vt 0.892514 0.854032
vt 0.885255 0.854097
vt 0.885256 0.854093
vt 0.885259 0.854097
vt 0.885245 0.854101
vt 0.885243 0.854099
vt 0.896398 0.853979
vt 0.896397 0.853976
vt 0.896398 0.853972
vt 0.885390 0.855020
vt 0.885389 0.855020
vt 0.885390 0.855016
vt 0.885389 0.855028
vt 0.885390 0.855025
vt 0.885390 0.855031
vt 0.882161 0.855369
vt 0.882160 0.855373
vt 0.882160 0.855367
vt 0.882161 0.855363
vt 0.892288 0.854393
vt 0.892287 0.854393
vt 0.892287 0.854386
vt 0.893992 0.853050
vt 0.893987 0.853055
vt 0.893992 0.853043
vt 0.893980 0.853038
vt 0.893987 0.853038
vt 0.893975 0.853043
vt 0.890014 0.854465
vt 0.890014 0.854460
vt 0.890017 0.854463
vt 0.886196 0.850821
vt 0.886197 0.850815
vt 0.886200 0.850820
vt 0.889058 0.853567
vt 0.889062 0.853566
vt 0.889061 0.853570
vt 0.889059 0.853562
vt 0.889074 0.853560
vt 0.889068 0.853557
vt 0.889072 0.853556
vt 0.889067 0.853561
vt 0.889070 0.853562
vt 0.889074 0.853564
vt 0.889069 0.853565
vt 0.889068 0.853553
vt 0.889064 0.853559
vt 0.889060 0.853558
vt 0.889065 0.853556
vt 0.890019 0.854456
vt 0.890019 0.854460
vt 0.890017 0.854458
vt 0.889058 0.853556
vt 0.889062 0.853553
vt 0.886196 0.850344
vt 0.886197 0.850345
vt 0.886196 0.850348
vt 0.886197 0.850667
vt 0.886196 0.850665
vt 0.886197 0.850662
vt 0.885683 0.854572
vt 0.885682 0.854573
vt 0.885682 0.854569
vt 0.885682 0.854560
vt 0.885683 0.854562
vt 0.885682 0.854564
vt 0.886197 0.850360
vt 0.886196 0.850357
vt 0.886197 0.850353
vt 0.886196 0.850352
vt 0.885026 0.854089
vt 0.885022 0.854088
vt 0.885025 0.854086
vt 0.889792 0.854587
vt 0.889793 0.854587
vt 0.889792 0.854590
vt 0.885027 0.854081
vt 0.885022 0.854082
vt 0.885030 0.854087
vt 0.885031 0.854090
vt 0.892074 0.854227
vt 0.892071 0.854229
vt 0.892071 0.854225
vt 0.885026 0.854093
vt 0.888546 0.854903
vt 0.888544 0.854900
vt 0.888546 0.854900
vt 0.889793 0.854590
vt 0.885031 0.854083
vt 0.885030 0.854080
vt 0.885035 0.854081
vt 0.885037 0.854079
vt 0.885039 0.854083
vt 0.896397 0.854128
vt 0.896398 0.854125
vt 0.896398 0.854128
vt 0.892069 0.854227
vt 0.885034 0.854089
vt 0.885033 0.854086
vt 0.885036 0.854084
vt 0.888544 0.854903
vt 0.896397 0.854125
vt 0.886196 0.851444
vt 0.886197 0.851439
vt 0.886197 0.851443
vt 0.885830 0.855030
vt 0.885829 0.855029
vt 0.885830 0.855026
vt 0.885830 0.855022
vt 0.885829 0.855021
vt 0.885830 0.855016
vt 0.887665 0.850598
vt 0.887664 0.850596
vt 0.887665 0.850591
vt 0.894195 0.854167
vt 0.894196 0.854172
vt 0.894195 0.854176
vt 0.886196 0.850197
vt 0.886197 0.850192
vt 0.886197 0.850198
vt 0.886197 0.851447
vt 0.886196 0.851451
vt 0.893762 0.853043
vt 0.893762 0.853048
vt 0.893759 0.853045
vt 0.893764 0.853046
vt 0.893762 0.853050
vt 0.892514 0.854188
vt 0.892517 0.854190
vt 0.892512 0.854195
vt 0.892517 0.854195
vt 0.887884 0.849980
vt 0.887888 0.849977
vt 0.887888 0.849982
vt 0.887886 0.851950
vt 0.887884 0.851947
vt 0.887885 0.851947
vt 0.887886 0.853895
vt 0.887884 0.853898
vt 0.887884 0.853895
vt 0.887886 0.853146
vt 0.887884 0.853149
vt 0.887884 0.853146
vt 0.893758 0.853048
vt 0.893767 0.853045
vt 0.893766 0.853042
vt 0.893772 0.853037
vt 0.884583 0.855334
vt 0.884581 0.855331
vt 0.884583 0.855330
vt 0.888985 0.854903
vt 0.888986 0.854900
vt 0.888986 0.854903
vt 0.893761 0.853040
vt 0.892507 0.854195
vt 0.892509 0.854197
vt 0.892514 0.854197
vt 0.893755 0.853044
vt 0.887666 0.853748
vt 0.887664 0.853751
vt 0.887664 0.853747
vt 0.887666 0.854950
vt 0.887664 0.854946
vt 0.887666 0.854946
vt 0.894195 0.854322
vt 0.894197 0.854325
vt 0.894195 0.854325
vt 0.887666 0.854650
vt 0.887664 0.854647
vt 0.887666 0.854646
vt 0.883260 0.855557
vt 0.881721 0.855676
vt 0.881719 0.855680
vt 0.881719 0.855676
vt 0.881720 0.855530
vt 0.881719 0.855524
vt 0.881720 0.855523
vt 0.887664 0.850445
vt 0.887664 0.850437
vt 0.887664 0.850442
vt 0.887665 0.850897
vt 0.887665 0.850904
vt 0.887664 0.850900
vt 0.881719 0.855518
vt 0.881720 0.855516
vt 0.890453 0.854445
vt 0.890452 0.854447
vt 0.890453 0.854431
vt 0.890453 0.854434
vt 0.885247 0.854089
vt 0.885248 0.854093
vt 0.887884 0.849978
vt 0.892512 0.854039
vt 0.892507 0.854040
vt 0.892509 0.854037
vt 0.887886 0.852097
vt 0.887884 0.852100
vt 0.887884 0.852096
vt 0.892514 0.854042
vt 0.887886 0.852850
vt 0.887884 0.852846
vt 0.887886 0.852846
vt 0.887666 0.851802
vt 0.887664 0.851799
vt 0.887666 0.851799
vt 0.885251 0.854091
vt 0.888326 0.854900
vt 0.888324 0.854903
vt 0.888324 0.854900
vt 0.894415 0.854285
vt 0.894417 0.854282
vt 0.894417 0.854285
vt 0.885247 0.854097
vt 0.885250 0.854096
vt 0.892517 0.854040
vt 0.893755 0.854362
vt 0.893756 0.854365
vt 0.893755 0.854365
vt 0.887886 0.854198
vt 0.887884 0.854195
vt 0.887885 0.854195
vt 0.887886 0.854045
vt 0.887884 0.854049
vt 0.887884 0.854045
vt 0.892509 0.854032
vt 0.892507 0.854034
vt 0.889206 0.854903
vt 0.889205 0.854903
vt 0.889205 0.854900
vt 0.885253 0.854094
vt 0.883481 0.855546
vt 0.883482 0.855543
vt 0.883482 0.855546
vt 0.888106 0.854900
vt 0.888104 0.854903
vt 0.888105 0.854900
vt 0.882600 0.855505
vt 0.882602 0.855508
vt 0.882601 0.855508
vt 0.882161 0.855357
vt 0.882160 0.855362
vt 0.882160 0.855358
vt 0.889206 0.854900
vt 0.895957 0.854018
vt 0.895957 0.854026
vt 0.895956 0.854023
vt 0.893755 0.854207
vt 0.893756 0.854213
vt 0.893755 0.854216
vt 0.892288 0.854383
vt 0.892287 0.854382
vt 0.888636 0.852364
vt 0.888649 0.852366
vt 0.888642 0.852369
vt 0.888627 0.852358
vt 0.888629 0.852364
vt 0.888618 0.852367
vt 0.888624 0.852377
vt 0.888618 0.852380
vt 0.888649 0.852380
vt 0.888642 0.852377
vt 0.888640 0.852389
vt 0.888637 0.852382
vt 0.888630 0.852382
vt 0.888627 0.852389
vt 0.894418 0.853973
vt 0.894415 0.853965
vt 0.894418 0.853965
vt 0.883484 0.855236
vt 0.883481 0.855242
vt 0.883481 0.855235
vt 0.883484 0.855249
vt 0.883481 0.855249
vt 0.886199 0.849864
vt 0.886196 0.849871
vt 0.886196 0.849864
vt 0.894415 0.853973
vt 0.894418 0.853980
vt 0.894415 0.853979
vt 0.896176 0.853834
vt 0.896180 0.853827
vt 0.896180 0.853833
vt 0.896180 0.853820
vt 0.896176 0.853827
vt 0.896176 0.853820
vt 0.886199 0.849877
vt 0.886196 0.849877
vt 0.893980 0.853056
vt 0.893975 0.853050
vt 0.883484 0.855065
vt 0.883481 0.855077
vt 0.883481 0.855065
vt 0.884511 0.851040
vt 0.884508 0.851051
vt 0.884508 0.851040
vt 0.884511 0.851027
vt 0.884508 0.851555
vt 0.884511 0.851543
vt 0.884511 0.851555
vt 0.883484 0.855090
vt 0.883484 0.855077
vt 0.884508 0.850688
vt 0.884511 0.850699
vt 0.884508 0.850699
vt 0.884511 0.850712
vt 0.884508 0.850712
vt 0.884508 0.851532
vt 0.884511 0.851532
vt 0.890021 0.854463
vt 0.890019 0.854465
vt 0.889071 0.853569
vt 0.889066 0.853571
vt 0.889065 0.853567
vt 0.889066 0.853564
vt 0.887666 0.852099
vt 0.887664 0.852102
vt 0.887664 0.852099
vt 0.882382 0.855504
vt 0.882380 0.855501
vt 0.882382 0.855500
vt 0.892288 0.854542
vt 0.892287 0.854539
vt 0.892288 0.854539
vt 0.887666 0.854200
vt 0.887664 0.854197
vt 0.887665 0.854197
vt 0.889063 0.853563
vt 0.890012 0.854463
vt 0.892067 0.854538
vt 0.892067 0.854535
vt 0.892068 0.854535
vt 0.887666 0.851649
vt 0.887664 0.851653
vt 0.887664 0.851649
vt 0.888104 0.855049
vt 0.888105 0.855053
vt 0.888104 0.855053
vt 0.890021 0.854458
vt 0.887884 0.853596
vt 0.887886 0.853599
vt 0.887884 0.853599
vt 0.882822 0.855505
vt 0.882820 0.855508
vt 0.882820 0.855504
vt 0.884802 0.855335
vt 0.884803 0.855332
vt 0.884803 0.855335
vt 0.890012 0.854458
vt 0.890014 0.854456
vt 0.886196 0.850824
vt 0.886200 0.850826
vt 0.887666 0.853148
vt 0.887664 0.853151
vt 0.887664 0.853148
vt 0.892068 0.854539
vt 0.887666 0.852252
vt 0.887664 0.852249
vt 0.887666 0.852249
vt 0.886196 0.850656
vt 0.886196 0.850671
vt 0.886201 0.850820
vt 0.886201 0.850826
vt 0.885683 0.854577
vt 0.885682 0.854577
vt 0.887666 0.852852
vt 0.887664 0.852848
vt 0.887665 0.852848
vt 0.885028 0.854084
vt 0.892076 0.854230
vt 0.892074 0.854232
vt 0.885025 0.854078
vt 0.889060 0.854556
vt 0.889058 0.854559
vt 0.889059 0.854556
vt 0.887886 0.854495
vt 0.887884 0.854498
vt 0.887884 0.854494
vt 0.885033 0.854094
vt 0.887666 0.854500
vt 0.887664 0.854497
vt 0.887666 0.854497
vt 0.892067 0.854224
vt 0.885029 0.854076
vt 0.885033 0.854076
vt 0.892067 0.854230
vt 0.883922 0.855489
vt 0.883921 0.855493
vt 0.883921 0.855489
vt 0.885391 0.855177
vt 0.885389 0.855180
vt 0.885389 0.855177
vt 0.888840 0.854597
vt 0.888838 0.854593
vt 0.888840 0.854593
vt 0.892076 0.854224
vt 0.892074 0.854222
vt 0.885039 0.854089
vt 0.887666 0.852552
vt 0.887664 0.852549
vt 0.887665 0.852548
vt 0.887666 0.851949
vt 0.887664 0.851952
vt 0.887664 0.851949
vt 0.886196 0.850184
vt 0.886197 0.850183
vt 0.886196 0.851438
vt 0.885037 0.854092
vt 0.885028 0.854094
vt 0.886196 0.850191
vt 0.886197 0.851452
vt 0.746315 0.973144
vt 0.748009 0.973265
vt 0.746031 0.974401
vt 0.746033 0.974396
vt 0.746033 0.974455
vt 0.746108 0.974235
vt 0.745232 0.972693
vt 0.745229 0.972698
vt 0.746031 0.974016
vt 0.746106 0.974508
vt 0.746106 0.974126
vt 0.749336 0.974106
vt 0.749337 0.974098
vt 0.748059 0.974281
vt 0.750162 0.974017
vt 0.747434 0.974306
vt 0.746108 0.974290
vt 0.746031 0.974182
vt 0.746033 0.974286
vt 0.746031 0.974291
vt 0.746108 0.974072
vt 0.750012 0.972799
vt 0.750262 0.973020
vt 0.746031 0.974346
vt 0.746033 0.974341
vt 0.746108 0.974340
vt 0.746106 0.974014
vt 0.745582 0.972542
vt 0.748837 0.974158
vt 0.748835 0.974149
vt 0.747985 0.974294
vt 0.748760 0.974215
vt 0.748761 0.974224
vt 0.745880 0.970104
vt 0.887884 0.851951
vt 0.887886 0.853899
vt 0.887885 0.853150
vt 0.884582 0.855334
vt 0.888985 0.854900
vt 0.887666 0.853751
vt 0.887664 0.854950
vt 0.894197 0.854322
vt 0.887664 0.854650
vt 0.881721 0.855680
vt 0.881719 0.855530
vt 0.890452 0.854430
vt 0.892509 0.854042
vt 0.887885 0.852100
vt 0.887884 0.852850
vt 0.887664 0.851803
vt 0.888325 0.854903
vt 0.894415 0.854282
vt 0.893756 0.854362
vt 0.887884 0.854199
vt 0.887885 0.854049
vt 0.883481 0.855543
vt 0.888106 0.854903
vt 0.882602 0.855504
vt 0.893756 0.854209
vt 0.888639 0.852357
vt 0.888624 0.852370
vt 0.883484 0.855242
vt 0.886199 0.849871
vt 0.884511 0.851051
vt 0.884508 0.851027
vt 0.884508 0.851543
vt 0.883481 0.855089
vt 0.884511 0.850688
vt 0.887665 0.852103
vt 0.882380 0.855504
vt 0.892287 0.854542
vt 0.887664 0.854201
vt 0.887665 0.851653
vt 0.888105 0.855049
vt 0.887885 0.853595
vt 0.882821 0.855508
vt 0.884802 0.855332
vt 0.887666 0.853152
vt 0.887664 0.852252
vt 0.886197 0.850657
vt 0.886197 0.850671
vt 0.887664 0.852852
vt 0.889060 0.854560
vt 0.887885 0.854498
vt 0.887664 0.854500
vt 0.892069 0.854222
vt 0.892069 0.854232
vt 0.883922 0.855493
vt 0.885390 0.855181
vt 0.888838 0.854597
vt 0.887664 0.852552
vt 0.887665 0.851953
s 0
f 17/1/1 47/2/1 50/3/1
f 29/4/2 78/5/2 81/6/2
f 4/7/3 54/8/3 58/9/3
f 8/10/4 9/11/4 17/12/4
f 20/13/5 10/14/5 36/15/5
f 16/16/6 28/17/6 26/18/6
f 51/19/7 9/20/7 24/21/7
f 16/22/8 21/23/8 3/24/8
f 14/25/9 70/26/9 62/27/9
f 16/16/10 26/18/10 5/28/10
f 22/29/11 13/30/11 56/31/11
f 29/4/12 14/32/12 80/33/12
f 13/34/13 9/11/13 11/35/13
f 25/36/14 28/17/14 8/37/14
f 51/19/15 89/38/15 87/39/15
f 31/40/16 38/41/16 37/42/16
f 7/43/17 33/44/17 38/41/17
f 32/45/18 20/13/18 36/15/18
f 29/4/19 34/46/19 14/32/19
f 36/15/20 10/14/20 71/47/20
f 39/48/21 14/32/21 34/46/21
f 35/49/22 46/50/22 33/51/22
f 43/52/23 36/53/23 39/54/23
f 39/54/24 34/55/24 41/56/24
f 19/57/25 23/58/25 11/35/25
f 13/34/26 11/35/26 23/58/26
f 13/59/27 16/22/27 3/24/27
f 50/3/28 86/60/28 91/61/28
f 30/62/29 34/46/29 60/63/29
f 17/1/30 27/64/30 8/65/30
f 82/66/31 34/46/31 29/4/31
f 21/23/32 16/22/32 12/67/32
f 12/68/33 15/69/33 31/40/33
f 15/70/34 12/71/34 5/28/34
f 7/43/35 27/72/35 33/44/35
f 15/69/36 7/43/36 31/40/36
f 25/36/37 8/37/37 7/73/37
f 19/57/38 28/74/38 16/75/38
f 53/76/39 13/59/39 3/24/39
f 12/68/40 31/40/40 30/77/40
f 13/30/41 22/29/41 9/20/41
f 15/70/42 5/28/42 25/36/42
f 22/29/43 59/78/43 58/9/43
f 23/58/44 16/75/44 13/34/44
f 5/28/45 26/18/45 25/36/45
f 36/15/20 71/47/20 39/79/20
f 64/80/3 1/81/3 66/82/3
f 9/83/46 48/84/46 52/85/46
f 9/20/47 22/29/47 24/21/47
f 15/70/48 25/36/48 7/73/48
f 28/17/49 25/36/49 26/18/49
f 71/47/50 10/14/50 70/26/50
f 7/43/51 38/41/51 31/40/51
f 18/86/52 20/13/52 32/45/52
f 35/87/53 33/44/53 27/72/53
f 2/88/54 12/67/54 30/62/54
f 91/61/55 18/86/55 32/45/55
f 16/75/56 23/58/56 19/57/56
f 28/74/57 19/57/57 11/35/57
f 40/89/58 35/49/58 32/90/58
f 36/53/59 43/52/59 32/90/59
f 46/50/60 35/49/60 40/89/60
f 38/91/61 33/51/61 37/92/61
f 34/55/62 42/93/62 41/56/62
f 30/94/63 37/92/63 44/95/63
f 30/94/64 42/93/64 34/55/64
f 40/89/65 32/90/65 43/52/65
f 33/51/66 44/95/66 37/92/66
f 45/96/67 33/51/67 46/50/67
f 44/95/68 33/51/68 45/96/68
f 6/97/69 14/98/69 62/99/69
f 11/35/70 9/11/70 8/10/70
f 39/79/50 71/47/50 70/26/50
f 39/54/71 41/56/71 43/52/71
f 29/4/72 81/6/72 75/100/72
f 27/64/73 7/101/73 8/65/73
f 16/16/74 5/28/74 12/71/74
f 37/42/75 30/77/75 31/40/75
f 30/94/76 44/95/76 42/93/76
f 21/23/77 12/67/77 2/88/77
f 1/81/78 65/102/78 69/103/78
f 9/83/79 52/85/79 47/2/79
f 6/97/80 67/104/80 63/105/80
f 11/35/81 8/10/81 28/74/81
f 17/1/1 50/3/1 27/64/1
f 48/84/46 90/106/46 92/107/46
f 47/2/1 83/108/1 86/60/1
f 48/109/82 9/20/82 51/19/82
f 52/85/83 93/110/83 83/108/83
f 85/111/7 51/19/7 49/112/7
f 51/19/7 24/21/7 49/112/7
f 51/19/84 87/39/84 90/113/84
f 50/3/28 35/114/28 27/64/28
f 9/83/79 47/2/79 17/1/79
f 48/84/85 92/107/85 93/110/85
f 4/7/3 58/9/3 79/115/3
f 61/116/2 55/117/2 3/24/2
f 53/76/39 55/117/39 78/5/39
f 61/116/86 21/23/86 2/88/86
f 57/118/31 2/88/31 60/63/31
f 59/78/11 56/31/11 80/119/11
f 54/8/3 22/29/3 58/9/3
f 59/78/43 76/120/43 74/121/43
f 56/122/12 13/59/12 53/76/12
f 22/29/11 56/31/11 59/78/11
f 29/4/12 77/123/12 73/124/12
f 30/62/29 60/63/29 2/88/29
f 60/63/31 34/46/31 82/66/31
f 53/76/39 3/24/39 55/117/39
f 61/116/2 3/24/2 21/23/2
f 61/116/72 2/88/72 57/118/72
f 58/9/43 59/78/43 74/121/43
f 67/104/80 20/125/80 1/81/80
f 68/126/82 1/81/82 20/125/82
f 62/27/9 70/26/9 10/14/9
f 62/99/69 20/125/69 67/104/69
f 66/82/87 1/81/87 68/126/87
f 63/105/88 1/81/88 69/103/88
f 65/102/89 1/81/89 64/80/89
f 6/97/69 62/99/69 67/104/69
f 39/79/50 70/26/50 14/25/50
f 49/112/3 84/127/3 88/128/3
f 51/19/90 85/111/90 89/38/90
f 67/104/80 1/81/80 63/105/80
f 62/27/9 10/14/9 20/13/9
f 78/5/39 29/4/39 73/124/39
f 75/100/31 57/118/31 82/66/31
f 73/124/12 77/123/12 56/122/12
f 80/33/12 56/122/12 77/123/12
f 80/119/11 14/98/11 76/120/11
f 79/115/3 6/97/3 72/129/3
f 78/5/2 55/117/2 61/116/2
f 81/6/72 61/116/72 57/118/72
f 74/121/91 6/97/91 79/115/91
f 76/120/43 14/98/43 6/97/43
f 83/108/1 18/86/1 86/60/1
f 93/110/83 18/86/83 83/108/83
f 92/107/46 18/86/46 93/110/46
f 89/38/92 85/111/92 66/82/92
f 87/39/82 89/38/82 68/126/82
f 86/60/28 18/86/28 91/61/28
f 90/106/46 20/13/46 18/86/46
f 88/128/93 66/82/93 85/111/93
f 87/39/84 20/125/84 90/113/84
f 88/128/3 84/127/3 64/80/3
f 29/4/12 80/33/12 77/123/12
f 50/3/28 91/61/28 35/114/28
f 82/66/31 29/4/31 75/100/31
f 91/61/55 32/45/55 35/114/55
f 47/2/1 86/60/1 50/3/1
f 52/85/79 83/108/79 47/2/79
f 85/111/7 49/112/7 88/128/7
f 51/19/82 90/113/82 48/109/82
f 48/84/46 93/110/46 52/85/46
f 4/7/3 79/115/3 72/129/3
f 53/76/39 78/5/39 73/124/39
f 59/78/11 80/119/11 76/120/11
f 60/63/31 82/66/31 57/118/31
f 58/9/91 74/121/91 79/115/91
f 73/124/12 56/122/12 53/76/12
f 78/5/2 61/116/2 81/6/2
f 81/6/72 57/118/72 75/100/72
f 76/120/43 6/97/43 74/121/43
f 89/38/94 66/82/94 68/126/94
f 87/39/82 68/126/82 20/125/82
f 90/106/85 18/86/85 92/107/85
f 88/128/3 64/80/3 66/82/3
f 72/129/3 84/127/3 4/7/3
f 40/89/45 42/93/45 45/96/45
f 103/130/95 104/131/95 188/132/95
f 116/133/96 115/134/96 191/135/96
f 120/136/97 207/137/97 121/138/97
f 204/139/98 123/140/98 124/141/98
f 122/142/99 121/143/99 133/144/99
f 126/145/100 124/146/100 123/147/100
f 104/131/101 138/148/101 139/149/101
f 147/150/102 148/151/102 146/152/102
f 152/153/103 153/154/103 139/155/103
f 147/156/104 156/157/104 107/158/104
f 190/159/105 158/160/105 159/161/105
f 161/162/106 162/163/106 163/164/106
f 183/165/107 221/166/107 159/161/107
f 112/167/108 164/168/108 163/164/108
f 166/169/109 167/170/109 184/171/109
f 114/172/110 170/173/110 166/174/110
f 194/175/111 160/176/111 159/177/111
f 191/135/110 174/178/110 163/179/110
f 166/169/112 175/180/112 196/181/112
f 166/174/113 170/173/113 202/182/113
f 159/177/114 221/183/114 119/184/114
f 163/179/115 174/178/115 186/185/115
f 328/186/116 95/187/116 176/188/116
f 139/189/117 153/190/117 95/187/117
f 102/191/118 156/192/118 147/193/118
f 215/194/119 193/195/119 146/152/119
f 328/196/120 188/132/120 104/131/120
f 151/197/121 341/198/121 215/194/121
f 205/199/122 127/200/122 330/201/122
f 216/202/122 135/203/122 333/204/122
f 162/205/123 337/206/123 191/207/123
f 209/208/124 200/209/124 180/210/124
f 226/211/125 192/212/125 225/213/125
f 328/196/126 253/214/126 188/132/126
f 314/215/127 216/202/127 333/204/127
f 108/216/128 219/217/128 106/218/128
f 110/219/129 190/159/129 257/220/129
f 258/221/130 114/172/130 259/222/130
f 116/133/130 191/135/130 260/223/130
f 264/224/131 224/225/131 262/226/131
f 267/227/132 265/228/132 329/229/132
f 331/230/133 263/231/133 262/232/133
f 267/233/134 266/234/134 332/235/134
f 254/236/135 280/237/135 281/238/135
f 288/239/136 289/240/136 290/241/136
f 281/242/137 350/243/137 295/244/137
f 290/245/138 289/246/138 256/247/138
f 257/220/139 185/248/139 301/249/139
f 303/250/140 304/251/140 305/252/140
f 301/253/141 338/254/141 353/255/141
f 358/256/142 309/257/142 305/252/142
f 310/258/143 311/259/143 312/260/143
f 259/222/144 313/261/144 312/262/144
f 301/263/145 185/264/145 318/265/145
f 305/266/146 323/267/146 260/223/146
f 261/268/147 324/269/147 312/260/147
f 325/270/148 317/271/148 312/272/148
f 360/273/149 338/274/149 301/263/149
f 354/275/150 323/276/150 305/277/150
f 110/219/151 271/278/151 182/279/151
f 313/280/152 340/281/152 310/282/152
f 324/283/153 343/284/153 325/270/153
f 245/285/154 350/286/154 281/287/154
f 251/288/155 291/289/155 290/290/155
f 292/291/119 288/239/119 334/292/119
f 244/293/156 182/294/156 271/295/156
f 255/296/156 145/297/156 285/298/156
f 337/206/157 260/299/157 191/207/157
f 350/286/158 245/285/158 355/300/158
f 256/247/159 357/301/159 348/302/159
f 261/303/160 343/284/160 324/283/160
f 343/284/161 352/304/161 325/270/161
f 261/303/162 352/304/162 343/284/162
f 358/305/163 359/306/163 345/307/163
f 320/308/164 206/309/164 179/310/164
f 341/198/165 292/291/165 215/194/165
f 345/307/166 359/306/166 354/275/166
f 394/311/128 395/312/128 243/313/128
f 397/314/167 396/315/167 517/316/167
f 405/317/168 406/318/168 490/319/168
f 407/320/169 471/321/169 408/322/169
f 405/323/170 404/324/170 385/325/170
f 227/326/171 409/327/171 408/328/171
f 391/329/172 470/330/172 422/331/172
f 431/332/173 432/333/173 429/334/173
f 422/335/174 438/336/174 437/337/174
f 431/338/175 430/339/175 395/312/175
f 444/340/176 445/341/176 397/314/176
f 446/342/177 447/343/177 448/344/177
f 444/340/178 479/345/178 452/346/178
f 495/347/179 485/348/179 448/344/179
f 456/349/180 481/350/180 454/351/180
f 400/352/181 481/353/181 456/354/181
f 461/355/182 462/356/182 444/357/182
f 401/358/183 449/359/183 448/360/183
f 456/349/184 455/361/184 403/362/184
f 456/354/185 239/363/185 467/364/185
f 496/365/186 479/366/186 444/357/186
f 448/360/187 485/367/187 235/368/187
f 230/369/188 388/370/188 387/371/188
f 511/372/189 389/373/189 474/374/189
f 449/375/190 572/376/190 446/342/190
f 483/377/191 467/378/191 239/379/191
f 502/380/192 442/381/192 484/382/192
f 422/383/193 470/384/193 382/385/193
f 387/371/194 432/386/194 431/387/194
f 487/388/195 450/389/195 446/342/195
f 500/390/195 457/391/195 454/351/195
f 391/329/196 390/392/196 470/330/196
f 481/353/197 400/352/197 493/393/197
f 549/394/198 426/395/198 463/396/198
f 401/358/199 572/397/199 449/359/199
f 403/362/200 402/398/200 229/399/200
f 418/400/201 480/401/201 419/402/201
f 477/403/202 233/404/202 440/405/202
f 238/406/203 484/407/203 442/408/203
f 452/346/204 234/409/204 453/410/204
f 556/411/205 491/412/205 600/413/205
f 234/414/206 452/415/206 479/416/206
f 501/417/192 480/418/192 240/419/192
f 591/420/207 489/421/207 470/384/207
f 518/422/167 397/314/167 517/316/167
f 530/423/208 528/424/208 604/425/208
f 533/426/209 497/427/209 531/428/209
f 367/429/210 530/430/210 529/431/210
f 507/432/211 534/433/211 532/434/211
f 512/435/212 546/436/212 547/437/212
f 555/438/213 556/439/213 557/440/213
f 547/441/214 546/442/214 562/443/214
f 557/444/215 566/445/215 515/446/215
f 518/422/216 568/447/216 569/448/216
f 573/449/217 574/450/217 571/451/217
f 595/452/218 576/453/218 569/454/218
f 573/455/219 577/456/219 520/457/219
f 578/458/220 494/459/220 579/460/220
f 579/461/221 494/462/221 521/463/221
f 584/464/222 570/465/222 569/466/222
f 523/467/216 589/468/216 573/469/216
f 579/460/223 590/470/223 369/471/223
f 579/461/224 583/472/224 365/473/224
f 527/474/225 585/475/225 569/466/225
f 573/476/226 589/477/226 599/478/226
f 511/372/227 474/374/227 543/479/227
f 602/480/228 593/481/228 564/482/228
f 594/483/229 540/484/229 517/316/229
f 572/376/230 571/485/230 446/342/230
f 494/459/231 578/458/231 454/351/231
f 596/486/232 554/487/232 399/488/232
f 522/489/233 524/490/233 561/491/233
f 504/492/234 548/493/234 547/494/234
f 557/495/235 556/411/235 510/496/235
f 486/497/236 475/498/236 555/438/236
f 554/499/237 596/500/237 498/501/237
f 487/388/238 535/502/238 472/503/238
f 500/390/238 543/504/238 474/505/238
f 401/358/239 523/467/239 572/397/239
f 563/506/158 505/507/158 504/492/158
f 577/508/240 607/509/240 520/510/240
f 595/511/241 375/512/241 576/513/241
f 599/514/242 607/509/242 577/508/242
f 399/488/243 521/463/243 493/393/243
f 100/515/45 101/516/45 198/517/45
f 100/515/244 124/518/244 126/519/244
f 108/216/128 106/218/128 107/158/128
f 190/159/96 110/219/96 109/520/96
f 114/172/96 258/221/96 113/521/96
f 120/136/245 121/138/245 122/522/245
f 204/139/246 124/141/246 125/523/246
f 124/518/247 100/515/247 177/524/247
f 128/525/248 129/526/248 94/527/248
f 187/528/249 130/529/249 131/530/249
f 203/531/250 97/532/250 121/533/250
f 97/532/251 178/534/251 133/535/251
f 199/536/252 134/537/252 131/538/252
f 122/142/253 133/144/253 98/539/253
f 126/145/254 123/147/254 99/540/254
f 128/541/255 217/542/255 208/543/255
f 103/130/256 135/544/256 136/545/256
f 141/546/257 142/547/257 105/548/257
f 104/131/258 139/149/258 328/196/258
f 144/549/259 145/297/259 189/550/259
f 215/194/260 149/551/260 150/552/260
f 147/150/261 146/152/261 225/553/261
f 136/554/262 218/555/262 209/208/262
f 152/153/263 139/155/263 138/556/263
f 201/557/264 154/558/264 144/559/264
f 141/560/265 213/561/265 195/562/265
f 150/563/266 149/564/266 106/218/266
f 132/565/267 131/566/267 157/567/267
f 147/156/268 107/158/268 148/568/268
f 127/200/269 205/199/269 165/569/269
f 190/159/270 159/161/270 160/570/270
f 161/162/271 163/164/271 164/168/271
f 157/567/272 131/566/272 134/571/272
f 183/165/273 159/161/273 158/160/273
f 165/569/274 111/572/274 217/573/274
f 135/203/269 216/202/269 168/574/269
f 112/167/275 163/164/275 220/575/275
f 166/169/276 184/171/276 340/576/276
f 145/577/277 144/578/277 169/579/277
f 140/580/278 206/309/278 172/581/278
f 114/172/279 166/174/279 340/582/279
f 194/175/280 159/177/280 171/583/280
f 151/584/281 150/585/281 173/586/281
f 168/574/282 117/587/282 218/588/282
f 191/135/283 163/179/283 162/589/283
f 154/590/284 211/591/284 169/579/284
f 166/169/285 196/181/285 167/170/285
f 166/174/286 202/182/286 175/592/286
f 213/593/287 141/594/287 172/581/287
f 173/586/288 150/585/288 155/595/288
f 159/177/289 119/184/289 171/583/289
f 163/179/290 186/185/290 220/596/290
f 204/139/291 120/136/291 122/522/291
f 130/529/292 187/528/292 94/527/292
f 98/539/293 99/540/293 123/147/293
f 127/597/294 94/527/294 330/598/294
f 199/536/295 130/599/295 129/600/295
f 198/517/296 156/192/296 102/191/296
f 103/130/297 137/601/297 138/148/297
f 143/602/298 189/550/298 105/548/298
f 135/544/294 103/130/294 333/603/294
f 215/194/299 146/152/299 148/151/299
f 140/604/294 105/548/294 179/605/294
f 193/195/300 225/553/300 146/152/300
f 138/556/301 137/606/301 209/208/301
f 153/154/302 152/153/302 180/210/302
f 143/607/303 142/608/303 195/562/303
f 106/218/304 149/564/304 148/568/304
f 158/160/305 190/159/305 109/520/305
f 155/609/306 106/218/306 181/610/306
f 182/279/307 132/565/307 109/520/307
f 162/205/308 161/611/308 303/612/308
f 164/168/309 165/569/309 205/199/309
f 210/613/310 183/165/310 158/160/310
f 111/572/311 165/569/311 164/168/311
f 216/202/312 184/171/312 167/170/312
f 170/173/313 114/172/313 113/521/313
f 206/309/314 194/175/314 171/583/314
f 145/577/315 113/521/315 258/221/315
f 160/614/316 194/615/316 185/616/316
f 174/178/317 191/135/317 115/134/317
f 151/584/307 115/134/307 116/133/307
f 117/587/318 168/574/318 167/170/318
f 170/173/319 169/579/319 211/591/319
f 171/583/320 119/184/320 118/617/320
f 174/178/321 173/586/321 197/618/321
f 176/188/3 95/187/3 97/532/3
f 139/189/322 95/187/322 328/186/322
f 102/191/323 147/193/323 225/213/323
f 161/162/324 205/199/324 303/250/324
f 225/213/125 192/212/125 102/191/125
f 187/528/156 132/619/156 182/294/156
f 190/620/325 160/614/325 185/616/325
f 179/310/326 206/309/326 140/580/326
f 192/212/45 177/524/45 100/515/45
f 152/153/124 209/208/124 180/210/124
f 95/187/327 153/190/327 96/621/327
f 200/209/328 153/154/328 180/210/328
f 156/157/329 108/216/329 107/158/329
f 181/622/330 197/618/330 155/595/330
f 181/622/331 214/623/331 212/624/331
f 212/624/332 186/185/332 197/618/332
f 222/625/95 103/130/95 188/132/95
f 156/157/333 219/217/333 108/216/333
f 265/228/236 224/225/236 120/136/236
f 179/605/334 105/548/334 223/626/334
f 318/627/335 185/616/335 194/615/335
f 194/175/336 206/309/336 320/308/336
f 268/628/45 177/524/45 192/212/45
f 189/550/337 145/297/337 255/296/337
f 385/325/28 227/326/28 99/540/28
f 126/145/338 99/540/338 227/326/338
f 196/181/200 403/362/200 229/399/200
f 198/517/188 388/370/188 230/369/188
f 200/209/339 231/629/339 232/630/339
f 201/557/202 440/405/202 233/404/202
f 200/209/124 209/208/124 439/631/124
f 234/409/332 183/165/332 210/613/332
f 211/591/340 468/632/340 483/633/340
f 235/368/332 186/185/332 212/624/332
f 101/516/341 126/519/341 228/634/341
f 195/562/342 213/561/342 237/635/342
f 175/636/343 239/379/343 403/637/343
f 240/638/344 418/400/344 208/543/344
f 181/610/345 106/218/345 214/639/345
f 241/640/329 219/217/329 156/157/329
f 219/217/128 241/640/128 243/313/128
f 328/186/116 176/188/116 242/641/116
f 333/603/346 103/130/346 222/625/346
f 214/639/306 106/218/306 243/313/306
f 221/642/347 183/643/347 234/414/347
f 218/588/348 117/587/348 229/399/348
f 355/300/3 245/285/3 246/644/3
f 250/645/45 251/288/45 252/646/45
f 266/647/349 250/645/349 356/648/349
f 254/236/350 222/625/350 253/214/350
f 371/649/28 357/301/28 256/247/28
f 264/224/351 262/226/351 263/650/351
f 267/227/352 329/229/352 266/651/352
f 266/647/353 329/652/353 268/628/353
f 270/653/354 330/598/354 346/654/354
f 272/655/355 273/656/355 244/293/355
f 274/657/356 264/658/356 263/659/356
f 247/660/357 246/644/357 263/659/357
f 275/661/358 273/662/358 272/663/358
f 331/230/359 262/232/359 248/664/359
f 267/233/360 332/235/360 249/665/360
f 270/666/361 269/667/361 276/668/361
f 279/669/362 333/603/362 222/625/362
f 284/670/363 179/605/363 223/626/363
f 254/236/364 281/238/364 282/671/364
f 286/672/365 287/673/365 255/296/365
f 292/291/366 341/198/366 293/674/366
f 288/239/367 290/241/367 291/675/367
f 279/676/368 278/677/368 296/678/368
f 281/242/369 295/244/369 282/679/369
f 298/680/370 287/681/370 286/682/370
f 299/683/371 344/684/371 284/685/371
f 371/649/372 294/686/372 293/687/372
f 300/688/373 272/689/373 271/278/373
f 290/245/374 256/247/374 348/302/374
f 330/201/375 270/690/375 307/691/375
f 257/220/376 301/249/376 302/692/376
f 303/250/377 305/252/377 337/693/377
f 300/688/378 308/694/378 349/695/378
f 301/253/379 353/255/379 302/696/379
f 277/697/380 372/698/380 307/691/380
f 315/699/381 314/215/381 333/204/381
f 358/256/382 305/252/382 304/251/382
f 310/258/383 312/260/383 313/700/383
f 285/701/384 258/221/384 316/702/384
f 321/703/385 320/308/385 179/310/385
f 259/222/386 312/262/386 317/704/386
f 301/263/387 318/265/387 319/705/387
f 341/706/388 116/133/388 322/707/388
f 297/708/389 347/709/389 315/699/389
f 305/266/390 260/223/390 337/710/390
f 316/702/378 326/711/378 351/712/378
f 261/268/391 312/260/391 311/259/391
f 325/270/392 312/272/392 324/283/392
f 344/713/393 373/714/393 321/703/393
f 322/707/394 327/715/394 336/716/394
f 360/273/391 301/263/391 319/705/391
f 354/275/395 305/277/395 309/717/395
f 242/641/396 245/285/396 280/718/396
f 224/225/397 265/228/397 267/227/397
f 346/654/398 244/293/398 273/656/398
f 262/232/399 267/233/399 249/665/399
f 275/661/400 276/668/400 269/667/400
f 251/288/401 348/719/401 252/646/401
f 222/625/402 254/236/402 282/671/402
f 287/673/403 283/720/403 223/626/403
f 334/292/404 288/239/404 291/675/404
f 292/291/405 294/721/405 289/240/405
f 282/679/406 295/244/406 296/678/406
f 350/243/407 335/722/407 295/244/407
f 299/683/408 283/723/408 287/681/408
f 289/246/409 294/686/409 371/649/409
f 110/219/410 257/220/410 302/692/410
f 304/251/411 303/250/411 306/724/411
f 308/694/412 300/688/412 302/692/412
f 372/698/413 358/256/413 304/251/413
f 311/259/414 310/258/414 314/215/414
f 339/725/415 372/698/415 277/697/415
f 317/704/416 316/702/416 258/221/416
f 319/705/417 318/265/417 320/308/417
f 145/577/418 258/221/418 285/701/418
f 116/133/419 260/223/419 323/267/419
f 347/709/420 261/268/420 311/259/420
f 326/711/421 316/702/421 317/704/421
f 342/726/415 347/709/415 297/708/415
f 373/714/422 360/273/422 319/705/422
f 327/715/423 322/707/423 323/267/423
f 354/275/424 309/717/424 345/307/424
f 226/211/425 225/213/425 291/289/425
f 245/285/426 281/287/426 280/718/426
f 251/288/427 290/290/427 348/719/427
f 253/214/428 328/196/428 280/237/428
f 114/727/157 340/281/157 313/280/157
f 190/620/429 185/616/429 257/728/429
f 242/641/3 274/657/3 246/644/3
f 226/211/45 251/288/45 250/645/45
f 335/722/28 296/678/28 295/244/28
f 277/729/430 276/668/430 339/730/430
f 297/731/431 296/678/431 342/732/431
f 309/717/432 358/305/432 345/307/432
f 268/628/433 329/652/433 125/733/433
f 244/293/25 346/654/25 94/527/25
f 189/550/25 255/296/25 223/626/25
f 274/657/3 242/641/3 176/188/3
f 225/553/300 193/195/300 334/292/300
f 274/657/434 203/531/434 207/734/434
f 303/250/435 205/199/435 306/724/435
f 265/228/436 204/139/436 125/523/436
f 193/195/119 215/194/119 292/291/119
f 187/528/437 182/294/437 244/293/437
f 330/201/438 306/724/438 205/199/438
f 184/171/324 216/202/324 314/215/324
f 276/668/439 275/661/439 361/735/439
f 335/722/28 363/736/28 364/737/28
f 365/473/440 366/738/440 326/711/440
f 248/664/441 367/429/441 541/739/441
f 356/648/442 509/740/442 534/741/442
f 601/742/443 368/743/443 344/684/443
f 369/744/444 370/745/444 352/304/444
f 339/730/445 276/668/445 362/746/445
f 375/512/446 338/254/446 360/747/446
f 207/137/447 120/136/447 224/225/447
f 520/457/448 358/256/448 372/698/448
f 330/598/449 94/527/449 346/654/449
f 340/281/450 184/748/450 310/282/450
f 527/474/448 360/273/448 373/714/448
f 342/726/451 376/749/451 525/750/451
f 526/751/452 373/714/452 344/713/452
f 247/660/3 377/752/3 505/507/3
f 378/753/45 509/740/45 356/648/45
f 380/754/236 381/755/236 379/756/236
f 383/757/3 384/758/3 492/759/3
f 386/760/45 387/371/45 388/370/45
f 390/392/236 391/329/236 389/373/236
f 393/761/236 392/762/236 513/763/236
f 493/393/167 400/352/167 398/764/167
f 236/765/453 228/634/453 408/766/453
f 405/317/454 490/319/454 404/767/454
f 407/320/455 408/322/455 409/768/455
f 410/769/456 386/760/456 408/766/456
f 412/770/457 472/771/457 379/756/457
f 414/772/458 415/773/458 381/755/458
f 416/774/459 406/775/459 405/776/459
f 384/758/460 383/757/460 405/776/460
f 414/777/461 488/778/461 417/779/461
f 405/323/462 385/325/462 473/780/462
f 227/326/463 408/328/463 228/781/463
f 412/782/464 411/783/464 418/400/464
f 421/784/457 474/374/457 389/373/457
f 425/785/465 426/786/465 392/762/465
f 391/329/466 422/331/466 423/787/466
f 393/761/467 596/500/467 427/788/467
f 433/789/468 434/790/468 435/791/468
f 431/332/469 429/334/469 430/792/469
f 439/631/470 482/793/470 421/794/470
f 422/335/471 437/337/471 423/795/471
f 440/405/472 428/796/472 427/797/472
f 425/798/473 424/799/473 238/406/473
f 435/800/474 478/801/474 243/313/474
f 413/802/475 396/315/475 443/803/475
f 431/338/476 395/312/476 230/804/476
f 472/503/477 412/805/477 451/806/477
f 444/340/478 397/314/478 597/807/478
f 446/342/479 448/344/479 449/375/479
f 443/803/480 453/410/480 488/808/480
f 444/340/481 452/346/481 445/341/481
f 419/809/482 501/417/482 451/806/482
f 474/505/483 421/810/483 458/811/483
f 495/347/484 448/344/484 447/343/484
f 456/349/485 454/351/485 455/361/485
f 596/486/486 398/764/486 459/812/486
f 464/813/487 463/396/487 426/395/487
f 400/352/488 456/354/488 460/814/488
f 461/355/489 444/357/489 597/815/489
f 465/816/490 435/817/490 434/818/490
f 458/811/491 421/810/491 482/819/491
f 401/358/492 448/360/492 466/820/492
f 459/812/493 468/632/493 441/821/493
f 456/349/494 403/362/494 239/822/494
f 456/354/495 467/364/495 460/814/495
f 442/381/496 502/380/496 464/813/496
f 465/816/497 469/823/497 478/824/497
f 496/365/498 444/357/498 462/356/498
f 448/360/499 235/368/499 466/820/499
f 404/767/500 490/319/500 407/320/500
f 382/385/207 470/384/207 489/421/207
f 415/773/501 411/825/501 379/756/501
f 227/326/502 385/325/502 404/324/502
f 472/771/189 503/826/189 379/756/189
f 418/400/503 411/783/503 415/827/503
f 391/329/504 423/787/504 420/828/504
f 393/761/505 428/829/505 424/830/505
f 392/762/506 426/786/506 549/831/506
f 475/498/507 429/334/507 432/333/507
f 436/832/508 430/792/508 429/334/508
f 476/833/339 437/337/339 438/336/339
f 439/631/509 420/834/509 423/795/509
f 424/799/503 428/796/503 440/405/503
f 440/405/202 441/835/202 477/403/202
f 430/339/510 436/836/510 243/313/510
f 396/315/511 397/314/511 445/341/511
f 396/315/512 413/802/512 594/483/512
f 447/343/513 446/342/513 450/389/513
f 453/410/514 443/803/514 445/341/514
f 97/532/3 95/187/3 96/621/3
f 501/417/515 495/347/515 447/343/515
f 457/391/516 458/811/516 455/361/516
f 480/418/192 501/417/192 419/809/192
f 460/814/517 459/812/517 398/764/517
f 462/356/518 461/355/518 463/396/518
f 398/764/519 596/486/519 399/488/519
f 524/490/520 401/358/520 466/820/520
f 455/361/521 458/811/521 402/398/521
f 561/491/522 524/490/522 434/818/522
f 468/632/523 459/812/523 460/814/523
f 462/356/524 464/813/524 502/380/524
f 466/820/525 235/368/525 469/823/525
f 433/789/236 429/334/236 475/498/236
f 422/383/526 382/385/526 438/837/526
f 387/371/527 431/387/527 230/369/527
f 432/386/528 387/371/528 491/412/528
f 381/755/529 380/754/529 594/838/529
f 561/839/530 434/790/530 433/789/530
f 498/501/531 596/500/531 393/761/531
f 489/421/3 416/774/3 383/757/3
f 472/503/198 450/389/198 487/388/198
f 474/505/532 457/391/532 500/390/532
f 232/840/533 438/837/533 382/385/533
f 476/833/124 439/631/124 437/337/124
f 468/632/340 467/364/340 483/633/340
f 386/760/45 410/769/45 491/412/45
f 232/630/339 231/629/339 476/833/339
f 230/804/534 395/312/534 394/311/534
f 468/632/535 477/841/535 441/821/535
f 407/320/25 490/319/25 528/424/25
f 231/629/124 439/631/124 476/833/124
f 484/407/344 238/406/344 237/635/344
f 468/632/536 233/842/536 477/841/536
f 481/353/537 493/393/537 494/462/537
f 480/401/344 418/400/344 240/638/344
f 230/804/538 394/311/538 241/640/538
f 499/843/45 600/413/45 491/412/45
f 454/351/230 481/350/230 494/459/230
f 178/534/539 384/758/539 473/844/539
f 494/462/540 493/393/540 521/463/540
f 417/779/541 488/778/541 134/537/541
f 483/377/542 239/379/542 175/636/542
f 208/543/2 418/400/2 417/779/2
f 96/621/543 153/190/543 232/840/543
f 133/144/544 473/780/544 385/325/544
f 211/591/330 154/590/330 233/842/330
f 214/623/545 478/824/545 469/823/545
f 238/406/2 440/405/2 201/557/2
f 243/313/128 241/640/128 394/311/128
f 402/398/546 482/819/546 229/399/546
f 237/845/192 502/380/192 484/382/192
f 439/631/547 209/208/547 218/555/547
f 453/410/548 210/613/548 134/571/548
f 220/846/549 485/847/549 495/848/549
f 221/642/550 479/416/550 496/849/550
f 495/347/200 501/417/200 111/572/200
f 502/380/200 118/617/200 119/184/200
f 111/572/192 501/417/192 240/419/192
f 237/845/551 213/593/551 118/617/551
f 220/846/552 186/850/552 235/851/552
f 178/534/3 96/621/3 492/759/3
f 388/370/45 198/517/45 101/516/45
f 505/507/3 377/752/3 506/852/3
f 378/753/45 510/496/45 508/853/45
f 522/489/243 523/467/243 401/358/243
f 511/372/236 512/435/236 390/392/236
f 516/854/28 514/855/28 515/446/28
f 509/740/553 508/853/553 532/856/553
f 530/423/554 604/425/554 529/857/554
f 533/426/555 531/428/555 532/858/555
f 508/853/556 499/843/556 533/859/556
f 503/826/557 535/860/557 536/861/557
f 380/754/558 538/862/558 539/863/558
f 604/864/559 603/865/559 506/852/559
f 529/866/560 506/852/560 377/752/560
f 539/867/561 538/868/561 361/735/561
f 367/429/562 529/431/562 541/739/562
f 507/432/563 532/434/563 531/869/563
f 362/746/564 537/870/564 536/871/564
f 544/872/565 545/873/565 511/372/565
f 513/763/566 549/831/566 550/874/566
f 512/435/567 547/437/567 548/875/567
f 553/876/568 554/499/568 498/501/568
f 560/877/569 561/839/569 486/497/569
f 555/438/570 557/440/570 558/878/570
f 544/879/571 376/880/571 364/737/571
f 547/441/572 562/443/572 563/881/572
f 553/882/573 552/883/573 602/480/573
f 601/742/574 551/884/574 550/885/574
f 560/886/561 559/887/561 514/855/561
f 567/888/575 517/316/575 540/484/575
f 557/444/576 515/446/576 558/889/576
f 535/502/577 487/388/577 575/890/577
f 518/422/578 569/448/578 570/891/578
f 573/455/579 571/485/579 572/376/579
f 567/888/580 539/892/580 542/893/580
f 595/894/581 569/895/581 568/896/581
f 575/890/582 519/897/582 374/898/582
f 543/504/583 500/390/583 581/899/583
f 573/455/584 520/457/584 574/900/584
f 578/901/585 579/902/585 580/903/585
f 582/904/586 399/488/586 554/487/586
f 587/905/587 550/906/587 549/394/587
f 579/461/588 521/463/588 583/472/588
f 584/907/589 569/908/589 585/909/589
f 561/491/590 560/910/590 588/911/590
f 581/899/591 525/750/591 376/749/591
f 523/467/592 573/469/592 572/397/592
f 582/904/593 553/912/593 564/913/593
f 579/460/225 369/471/225 580/914/225
f 579/461/594 365/473/594 590/915/594
f 587/905/595 526/751/595 368/916/595
f 588/911/596 560/910/596 565/917/596
f 527/474/597 569/466/597 576/918/597
f 573/919/598 599/920/598 577/921/598
f 548/493/599 504/492/599 591/420/599
f 530/423/600 531/428/600 497/427/600
f 503/826/601 537/922/601 538/862/601
f 367/429/602 507/432/602 531/869/602
f 535/860/227 503/826/227 472/771/227
f 566/923/603 510/496/603 378/753/603
f 538/868/604 537/870/604 362/746/604
f 546/436/605 512/435/605 511/372/605
f 551/924/601 552/925/601 498/501/601
f 486/497/606 555/438/606 558/878/606
f 556/439/507 555/438/507 475/498/507
f 364/737/607 562/443/607 546/442/607
f 363/736/608 563/881/608 562/443/608
f 552/883/609 551/884/609 601/742/609
f 514/855/610 559/887/610 558/889/610
f 517/316/611 567/888/611 568/447/611
f 487/388/612 571/485/612 574/900/612
f 605/926/613 595/927/613 568/447/613
f 574/900/614 520/457/614 519/897/614
f 500/390/615 578/458/615 580/914/615
f 399/488/616 582/904/616 583/472/616
f 570/465/617 584/464/617 461/355/617
f 586/928/618 584/464/618 585/475/618
f 522/489/619 588/911/619 589/468/619
f 580/914/620 369/471/620 525/750/620
f 366/738/621 365/473/621 583/472/621
f 590/929/622 365/930/622 598/931/622
f 526/751/623 587/905/623 585/475/623
f 589/468/624 588/911/624 606/932/624
f 461/355/195 584/464/195 586/928/195
f 504/492/625 547/494/625 563/506/625
f 557/495/626 510/496/626 566/923/626
f 571/485/195 487/388/195 446/342/195
f 578/458/195 500/390/195 454/351/195
f 390/392/196 512/435/196 548/875/196
f 510/496/205 556/411/205 600/413/205
f 380/754/237 540/933/237 594/838/237
f 570/891/537 597/807/537 397/314/537
f 506/852/3 603/865/3 591/420/3
f 586/928/627 549/394/627 463/396/627
f 516/854/628 515/446/628 566/445/628
f 364/737/28 363/736/28 562/443/28
f 600/413/45 499/843/45 508/853/45
f 369/744/629 590/929/629 598/931/629
f 598/931/622 365/930/622 370/745/622
f 593/481/630 366/934/630 564/482/630
f 471/935/631 533/859/631 499/843/631
f 369/744/632 598/931/632 370/745/632
f 527/936/633 576/513/633 375/512/633
f 603/865/3 416/774/3 489/421/3
f 406/775/634 416/774/634 603/865/634
f 497/427/635 533/426/635 471/321/635
f 248/664/2 249/665/2 507/432/2
f 247/660/636 331/937/636 541/938/636
f 249/665/637 332/235/637 534/433/637
f 369/471/448 261/268/448 347/709/448
f 592/939/638 378/753/638 252/646/638
f 361/735/639 275/661/639 349/940/639
f 335/722/407 350/243/407 563/881/407
f 593/481/228 602/480/228 298/680/228
f 352/304/640 370/745/640 365/930/640
f 595/927/641 605/926/641 308/694/641
f 327/715/440 354/941/440 599/942/440
f 355/300/642 505/507/642 563/506/642
f 326/943/643 366/934/643 593/481/643
f 327/944/644 606/945/644 565/946/644
f 601/742/28 299/683/28 298/680/28
f 364/737/645 376/880/645 342/732/645
f 592/947/646 348/302/646 357/301/646
f 308/948/647 605/949/647 542/950/647
f 607/509/648 359/306/648 358/305/648
f 406/318/649 604/425/649 528/424/649
f 514/855/28 516/854/28 357/301/28
f 336/951/650 565/946/650 514/855/650
f 375/512/651 595/511/651 353/255/651
f 339/725/652 374/898/652 519/897/652
f 359/306/653 607/509/653 599/514/653
f 100/515/45 198/517/45 102/191/45
f 100/515/654 126/519/654 101/516/654
f 124/518/655 177/524/655 125/733/655
f 128/525/656 94/527/656 127/597/656
f 187/528/657 131/530/657 132/619/657
f 203/531/658 121/533/658 207/734/658
f 97/532/659 133/535/659 121/533/659
f 199/536/660 131/538/660 130/599/660
f 128/541/661 208/543/661 129/600/661
f 103/130/662 136/545/662 137/601/662
f 141/546/656 105/548/656 140/604/656
f 144/549/663 189/550/663 143/602/663
f 215/194/664 150/552/664 151/197/664
f 136/554/665 209/208/665 137/606/665
f 201/557/666 144/559/666 143/607/666
f 141/560/667 195/562/667 142/608/667
f 150/563/668 106/218/668 155/609/668
f 132/565/669 157/567/669 109/520/669
f 127/200/670 165/569/670 128/952/670
f 157/567/671 134/571/671 210/613/671
f 165/569/672 217/573/672 128/952/672
f 135/203/673 168/574/673 136/953/673
f 145/577/674 169/579/674 113/521/674
f 140/580/670 172/581/670 141/594/670
f 151/584/675 173/586/675 115/134/675
f 168/574/676 218/588/676 136/953/676
f 154/590/677 169/579/677 144/578/677
f 213/593/678 172/581/678 118/617/678
f 173/586/679 155/595/679 197/618/679
f 204/139/680 122/522/680 123/140/680
f 130/529/681 94/527/681 129/526/681
f 98/539/682 123/147/682 122/142/682
f 199/536/683 129/600/683 208/543/683
f 103/130/684 138/148/684 104/131/684
f 143/602/685 105/548/685 142/547/685
f 215/194/686 148/151/686 149/551/686
f 138/556/687 209/208/687 152/153/687
f 143/607/301 195/562/301 201/557/301
f 106/218/688 148/568/688 107/158/688
f 158/160/689 109/520/689 157/567/689
f 182/279/690 109/520/690 110/219/690
f 162/205/691 303/612/691 337/206/691
f 164/168/692 205/199/692 161/162/692
f 210/613/693 158/160/693 157/567/693
f 111/572/694 164/168/694 112/167/694
f 216/202/695 167/170/695 168/574/695
f 170/173/696 113/521/696 169/579/696
f 206/309/697 171/583/697 172/581/697
f 174/178/698 115/134/698 173/586/698
f 151/584/699 116/133/699 341/706/699
f 117/587/700 167/170/700 196/181/700
f 170/173/701 211/591/701 202/182/701
f 171/583/702 118/617/702 172/581/702
f 174/178/703 197/618/703 186/185/703
f 176/188/3 97/532/3 203/531/3
f 192/212/45 100/515/45 102/191/45
f 181/622/548 212/624/548 197/618/548
f 222/625/350 188/132/350 253/214/350
f 265/228/236 120/136/236 204/139/236
f 194/175/324 320/308/324 318/265/324
f 268/628/45 192/212/45 226/211/45
f 385/325/28 99/540/28 98/539/28
f 126/145/704 227/326/704 228/781/704
f 196/181/705 229/399/705 117/587/705
f 198/517/296 230/369/296 156/192/296
f 200/209/706 232/630/706 153/154/706
f 201/557/707 233/404/707 154/558/707
f 200/209/124 439/631/124 231/629/124
f 234/409/340 210/613/340 453/410/340
f 211/591/708 483/633/708 202/182/708
f 235/368/332 212/624/332 469/823/332
f 101/516/709 228/634/709 236/765/709
f 195/562/344 237/635/344 238/406/344
f 175/636/710 403/637/710 196/954/710
f 240/638/547 208/543/547 217/542/547
f 241/640/534 156/157/534 230/804/534
f 219/217/128 243/313/128 106/218/128
f 214/639/711 243/313/711 478/801/711
f 221/642/712 234/414/712 479/416/712
f 218/588/713 229/399/713 482/819/713
f 355/300/3 246/644/3 247/660/3
f 250/645/45 252/646/45 356/648/45
f 266/647/714 356/648/714 332/955/714
f 266/647/715 268/628/715 250/645/715
f 270/653/716 346/654/716 269/956/716
f 272/655/717 244/293/717 271/295/717
f 274/657/718 263/659/718 246/644/718
f 247/660/719 263/659/719 331/937/719
f 275/661/720 272/663/720 349/940/720
f 270/666/721 276/668/721 277/729/721
f 279/669/722 222/625/722 278/957/722
f 284/670/723 223/626/723 283/720/723
f 286/672/717 255/296/717 285/298/717
f 292/291/724 293/674/724 294/721/724
f 279/676/725 296/678/725 297/731/725
f 298/680/726 286/682/726 351/958/726
f 299/683/727 284/685/727 283/723/727
f 371/649/728 293/687/728 336/951/728
f 300/688/729 271/278/729 110/219/729
f 330/201/730 307/691/730 306/724/730
f 300/688/731 349/695/731 272/689/731
f 277/697/732 307/691/732 270/690/732
f 315/699/733 333/204/733 279/959/733
f 285/701/734 316/702/734 286/960/734
f 321/703/735 179/310/735 284/961/735
f 341/706/736 322/707/736 293/962/736
f 297/708/737 315/699/737 279/959/737
f 316/702/738 351/712/738 286/960/738
f 344/713/739 321/703/739 284/961/739
f 322/707/740 336/716/740 293/962/740
f 242/641/396 280/718/396 328/186/396
f 224/225/741 267/227/741 262/226/741
f 346/654/742 273/656/742 269/956/742
f 262/232/743 249/665/743 248/664/743
f 275/661/744 269/667/744 273/662/744
f 222/625/742 282/671/742 278/957/742
f 287/673/745 223/626/745 255/296/745
f 334/292/404 291/675/404 225/553/404
f 292/291/746 289/240/746 288/239/746
f 282/679/409 296/678/409 278/677/409
f 299/683/747 287/681/747 298/680/747
f 289/246/748 371/649/748 256/247/748
f 110/219/749 302/692/749 300/688/749
f 304/251/750 306/724/750 307/691/750
f 308/694/751 302/692/751 353/963/751
f 372/698/752 304/251/752 307/691/752
f 311/259/753 314/215/753 315/699/753
f 317/704/754 258/221/754 259/222/754
f 319/705/755 320/308/755 321/703/755
f 116/133/756 323/267/756 322/707/756
f 347/709/757 311/259/757 315/699/757
f 326/711/758 317/704/758 325/964/758
f 373/714/752 319/705/752 321/703/752
f 327/715/759 323/267/759 354/941/759
f 226/211/760 291/289/760 251/288/760
f 253/214/428 280/237/428 254/236/428
f 114/727/325 313/280/325 259/965/325
f 242/641/3 246/644/3 245/285/3
f 226/211/45 250/645/45 268/628/45
f 268/628/761 125/733/761 177/524/761
f 244/293/25 94/527/25 187/528/25
f 189/550/25 223/626/25 105/548/25
f 274/657/3 176/188/3 203/531/3
f 274/657/434 207/734/434 264/658/434
f 265/228/762 125/523/762 329/229/762
f 193/195/119 292/291/119 334/292/119
f 184/171/435 314/215/435 310/258/435
f 276/668/28 361/735/28 362/746/28
f 335/722/28 364/737/28 296/678/28
f 365/473/763 326/711/763 325/964/763
f 248/664/764 541/739/764 331/230/764
f 356/648/765 534/741/765 332/955/765
f 601/742/766 344/684/766 299/683/766
f 369/744/767 352/304/767 261/303/767
f 339/730/768 362/746/768 374/966/768
f 375/512/769 360/747/769 527/936/769
f 207/137/447 224/225/447 264/224/447
f 520/457/770 372/698/770 519/897/770
f 527/474/770 373/714/770 526/751/770
f 342/726/771 525/750/771 347/709/771
f 526/751/772 344/713/772 368/916/772
f 247/660/3 505/507/3 355/300/3
f 378/753/45 356/648/45 252/646/45
f 380/754/236 379/756/236 503/826/236
f 383/757/3 492/759/3 382/385/3
f 386/760/45 388/370/45 236/765/45
f 390/392/236 389/373/236 511/372/236
f 393/761/236 513/763/236 498/501/236
f 493/393/167 398/764/167 399/488/167
f 236/765/773 408/766/773 386/760/773
f 410/769/774 408/766/774 471/935/774
f 412/770/775 379/756/775 411/825/775
f 414/772/776 381/755/776 413/967/776
f 416/774/777 405/776/777 383/757/777
f 384/758/778 405/776/778 473/844/778
f 414/777/779 417/779/779 415/827/779
f 412/782/780 418/400/780 419/402/780
f 421/784/781 389/373/781 420/828/781
f 425/785/781 392/762/781 424/830/781
f 393/761/458 427/788/458 428/829/458
f 433/789/458 435/791/458 436/832/458
f 439/631/782 421/794/782 420/834/782
f 440/405/783 427/797/783 441/835/783
f 425/798/784 238/406/784 442/408/784
f 435/800/785 243/313/785 436/836/785
f 413/802/490 443/803/490 414/968/490
f 472/503/786 451/806/786 450/389/786
f 443/803/787 488/808/787 414/968/787
f 419/809/788 451/806/788 412/805/788
f 474/505/789 458/811/789 457/391/789
f 596/486/790 459/812/790 427/969/790
f 464/813/791 426/395/791 425/970/791
f 465/816/792 434/818/792 524/490/792
f 458/811/793 482/819/793 402/398/793
f 459/812/794 441/821/794 427/969/794
f 442/381/795 464/813/795 425/970/795
f 465/816/796 478/824/796 435/817/796
f 404/767/797 407/320/797 409/768/797
f 415/773/505 379/756/505 381/755/505
f 227/326/798 404/324/798 409/327/798
f 418/400/799 415/827/799 417/779/799
f 391/329/504 420/828/504 389/373/504
f 393/761/501 424/830/501 392/762/501
f 392/762/800 549/831/800 513/763/800
f 475/498/507 432/333/507 556/439/507
f 436/832/801 429/334/801 433/789/801
f 476/833/339 438/336/339 232/630/339
f 439/631/802 423/795/802 437/337/802
f 424/799/803 440/405/803 238/406/803
f 430/339/804 243/313/804 395/312/804
f 396/315/805 445/341/805 443/803/805
f 396/315/806 594/483/806 517/316/806
f 447/343/807 450/389/807 451/806/807
f 453/410/808 445/341/808 452/346/808
f 97/532/3 96/621/3 178/534/3
f 501/417/524 447/343/524 451/806/524
f 457/391/809 455/361/809 454/351/809
f 460/814/810 398/764/810 400/352/810
f 462/356/811 463/396/811 464/813/811
f 524/490/812 466/820/812 465/816/812
f 455/361/813 402/398/813 403/362/813
f 468/632/814 460/814/814 467/364/814
f 462/356/813 502/380/813 496/365/813
f 466/820/815 469/823/815 465/816/815
f 433/789/236 475/498/236 486/497/236
f 432/386/528 491/412/528 556/411/528
f 381/755/530 594/838/530 413/967/530
f 561/839/816 433/789/816 486/497/816
f 489/421/3 383/757/3 382/385/3
f 232/840/533 382/385/533 492/759/533
f 386/760/45 491/412/45 387/371/45
f 407/320/25 528/424/25 497/427/25
f 499/843/45 491/412/45 410/769/45
f 178/534/817 473/844/817 133/535/817
f 417/779/818 134/537/818 199/536/818
f 483/377/819 175/636/819 202/971/819
f 208/543/2 417/779/2 199/536/2
f 96/621/533 232/840/533 492/759/533
f 133/144/820 385/325/820 98/539/820
f 211/591/535 233/842/535 468/632/535
f 214/623/331 469/823/331 212/624/331
f 238/406/2 201/557/2 195/562/2
f 439/631/821 218/555/821 482/793/821
f 453/410/822 134/571/822 488/808/822
f 220/846/823 495/848/823 112/972/823
f 221/642/824 496/849/824 119/973/824
f 495/347/705 111/572/705 112/167/705
f 502/380/200 119/184/200 496/365/200
f 111/572/348 240/419/348 217/573/348
f 237/845/192 118/617/192 502/380/192
f 220/846/825 235/851/825 485/847/825
f 178/534/3 492/759/3 384/758/3
f 388/370/45 101/516/45 236/765/45
f 505/507/3 506/852/3 504/492/3
f 378/753/45 508/853/45 509/740/45
f 522/489/243 401/358/243 524/490/243
f 509/740/826 532/856/826 534/741/826
f 508/853/827 533/859/827 532/856/827
f 503/826/828 536/861/828 537/922/828
f 380/754/829 539/863/829 540/933/829
f 604/864/830 506/852/830 529/866/830
f 529/866/831 377/752/831 541/938/831
f 539/867/832 361/735/832 542/950/832
f 362/746/833 536/871/833 374/966/833
f 544/872/834 511/372/834 543/479/834
f 513/763/835 550/874/835 551/924/835
f 553/876/836 498/501/836 552/925/836
f 560/877/837 486/497/837 559/974/837
f 544/879/838 364/737/838 545/975/838
f 553/882/839 602/480/839 564/482/839
f 601/742/840 550/885/840 368/743/840
f 560/886/841 514/855/841 565/946/841
f 567/888/842 540/484/842 539/892/842
f 535/502/843 575/890/843 536/976/843
f 567/888/844 542/893/844 605/926/844
f 575/890/845 374/898/845 536/976/845
f 543/504/843 581/899/843 544/977/843
f 582/904/846 554/487/846 553/912/846
f 587/905/847 549/394/847 586/928/847
f 561/491/848 588/911/848 522/489/848
f 581/899/849 376/749/849 544/977/849
f 582/904/850 564/913/850 366/738/850
f 587/905/851 368/916/851 550/906/851
f 588/911/852 565/917/852 606/932/852
f 548/493/599 591/420/599 470/384/599
f 530/423/853 497/427/853 528/424/853
f 503/826/854 538/862/854 380/754/854
f 367/429/855 531/869/855 530/430/855
f 566/923/638 378/753/638 592/939/638
f 538/868/856 362/746/856 361/735/856
f 546/436/857 511/372/857 545/873/857
f 551/924/858 498/501/858 513/763/858
f 486/497/859 558/878/859 559/974/859
f 364/737/860 546/442/860 545/975/860
f 552/883/861 601/742/861 602/480/861
f 514/855/862 558/889/862 515/446/862
f 517/316/863 568/447/863 518/422/863
f 487/388/864 574/900/864 575/890/864
f 605/926/865 568/447/865 567/888/865
f 574/900/623 519/897/623 575/890/623
f 500/390/864 580/914/864 581/899/864
f 399/488/866 583/472/866 521/463/866
f 570/465/867 461/355/867 597/815/867
f 586/928/864 585/475/864 587/905/864
f 522/489/868 589/468/868 523/467/868
f 580/914/869 525/750/869 581/899/869
f 366/738/870 583/472/870 582/904/870
f 526/751/871 585/475/871 527/474/871
f 589/468/872 606/932/872 599/942/872
f 461/355/195 586/928/195 463/396/195
f 390/392/196 548/875/196 470/330/196
f 570/891/873 397/314/873 518/422/873
f 506/852/3 591/420/3 504/492/3
f 516/854/628 566/445/628 592/947/628
f 600/413/45 508/853/45 510/496/45
f 471/935/874 499/843/874 410/769/874
f 603/865/3 489/421/3 591/420/3
f 406/775/875 603/865/875 604/864/875
f 497/427/876 471/321/876 407/320/876
f 248/664/2 507/432/2 367/429/2
f 247/660/877 541/938/877 377/752/877
f 249/665/878 534/433/878 507/432/878
f 369/471/770 347/709/770 525/750/770
f 592/939/879 252/646/879 348/719/879
f 361/735/880 349/940/880 542/950/880
f 335/722/881 563/881/881 363/736/881
f 593/481/882 298/680/882 351/958/882
f 352/304/883 365/930/883 325/270/883
f 595/927/763 308/694/763 353/963/763
f 327/715/884 599/942/884 606/932/884
f 355/300/885 563/506/885 350/286/885
f 326/943/886 593/481/886 351/958/886
f 327/944/887 565/946/887 336/951/887
f 601/742/888 298/680/888 602/480/888
f 364/737/889 342/732/889 296/678/889
f 592/947/890 357/301/890 516/854/890
f 308/948/891 542/950/891 349/940/891
f 607/509/769 358/305/769 520/510/769
f 406/318/892 528/424/892 490/319/892
f 514/855/28 357/301/28 371/649/28
f 336/951/893 514/855/893 371/649/893
f 375/512/894 353/255/894 338/254/894
f 339/725/415 519/897/415 372/698/415
f 359/306/883 599/514/883 354/275/883
f 618/978/895 614/979/895 626/980/895
f 625/981/896 624/982/896 633/983/896
f 636/984/897 627/985/897 611/986/897
f 609/987/898 631/988/898 622/989/898
f 639/990/899 631/991/899 633/992/899
f 637/993/900 632/994/900 627/995/900
f 638/996/901 628/997/901 629/998/901
f 636/999/902 628/997/902 638/996/902
f 635/1000/903 632/994/903 637/993/903
f 620/1001/904 626/980/904 608/1002/904
f 636/984/905 611/986/905 612/1003/905
f 666/1004/906 665/1005/906 615/1006/906
f 633/992/907 642/1007/907 639/990/907
f 643/1008/908 637/993/908 627/995/908
f 627/995/909 636/999/909 638/996/909
f 621/1009/910 616/1010/910 623/1011/910
f 645/1012/911 638/996/911 629/998/911
f 647/1013/912 648/1014/912 666/1004/912
f 655/1015/913 647/1013/913 666/1004/913
f 658/1016/914 649/1017/914 646/1018/914
f 646/1018/915 650/1019/915 658/1016/915
f 660/1020/916 653/1021/916 644/1022/916
f 644/1022/917 654/1023/917 660/1020/917
f 656/1024/918 662/1025/918 651/1026/918
f 656/1027/919 652/1028/919 657/1029/919
f 660/1030/920 664/1031/920 653/1032/920
f 654/1033/921 661/1034/921 660/1035/921
f 614/979/922 610/1036/922 626/980/922
f 638/996/923 643/1008/923 627/995/923
f 666/1004/924 644/1022/924 665/1005/924
f 610/1037/925 614/1038/925 617/1039/925
f 670/1040/926 658/1041/926 659/1042/926
f 622/989/927 621/1009/927 609/987/927
f 622/989/928 629/1043/928 621/1009/928
f 635/1044/929 634/1045/929 617/1039/929
f 610/1046/930 625/981/930 619/1047/930
f 613/1048/931 612/1049/931 620/1001/931
f 665/1005/932 610/1036/932 619/1050/932
f 621/1009/933 623/1011/933 609/987/933
f 632/1051/934 618/1052/934 611/986/934
f 629/1043/935 628/1053/935 613/1054/935
f 610/1036/936 665/1005/936 626/980/936
f 617/1039/937 634/1045/937 630/1055/937
f 634/1056/938 640/1057/938 630/1058/938
f 640/1057/939 624/1059/939 630/1058/939
f 639/990/940 622/1060/940 631/991/940
f 619/1050/941 623/1061/941 615/1006/941
f 612/1003/942 611/986/942 618/1052/942
f 609/1062/943 623/1063/943 619/1047/943
f 612/1049/944 618/978/944 626/980/944
f 645/1012/945 629/998/945 622/1060/945
f 616/1064/946 620/1001/946 623/1061/946
f 641/1065/947 635/1000/947 637/993/947
f 651/1066/948 608/1002/948 656/1067/948
f 656/1067/949 608/1002/949 652/1068/949
f 649/1069/950 658/1070/950 663/1071/950
f 658/1041/951 650/1072/951 659/1042/951
f 608/1002/952 666/1004/952 615/1006/952
f 666/1004/953 608/1002/953 651/1066/953
f 650/1072/954 653/1032/954 664/1031/954
f 649/1017/955 652/1068/955 608/1002/955
f 608/1002/956 626/980/956 646/1018/956
f 624/1059/957 640/1057/957 642/1007/957
f 654/1033/958 648/1073/958 661/1034/958
f 666/1004/959 648/1014/959 654/1023/959
f 663/1071/960 657/1029/960 652/1028/960
f 641/1065/961 640/1057/961 634/1056/961
f 623/1061/962 620/1001/962 615/1006/962
f 646/1018/963 626/980/963 665/1005/963
f 646/1018/964 644/1022/964 653/1021/964
f 662/1074/965 655/1075/965 651/1076/965
f 657/1029/966 667/1077/966 671/1078/966
f 669/1079/967 647/1080/967 655/1075/967
f 671/1081/968 662/1074/968 656/1082/968
f 670/1083/969 672/1084/969 663/1071/969
f 661/1034/970 668/1085/970 673/1086/970
f 673/1087/971 664/1031/971 660/1030/971
f 647/1088/972 669/1089/972 674/1090/972
f 662/1074/973 671/1081/973 669/1079/973
f 664/1031/974 673/1087/974 670/1040/974
f 663/1071/236 672/1084/236 667/1077/236
f 674/1090/25 668/1085/25 661/1034/25
f 613/1091/975 628/1092/975 636/984/975
f 609/1062/976 633/983/976 631/1093/976
f 630/1094/977 624/982/977 625/981/977
f 629/1043/978 616/1010/978 621/1009/978
f 614/1038/979 618/1095/979 632/1096/979
f 625/981/980 633/983/980 609/1062/980
f 635/1044/981 617/1039/981 614/1038/981
f 613/1048/982 620/1001/982 616/1064/982
f 632/1051/983 611/986/983 627/985/983
f 629/1043/984 613/1054/984 616/1010/984
f 617/1039/985 630/1055/985 610/1037/985
f 619/1050/986 615/1006/986 665/1005/986
f 609/1062/987 619/1047/987 625/981/987
f 612/1049/988 626/980/988 620/1001/988
f 645/1012/989 622/1060/989 639/990/989
f 608/1002/990 615/1006/990 620/1001/990
f 666/1004/991 651/1066/991 655/1015/991
f 650/1072/992 664/1031/992 659/1042/992
f 649/1017/993 608/1002/993 646/1018/993
f 624/1059/994 642/1007/994 633/992/994
f 666/1004/995 654/1023/995 644/1022/995
f 663/1071/996 652/1028/996 649/1069/996
f 641/1065/997 634/1056/997 635/1000/997
f 646/1018/998 665/1005/998 644/1022/998
f 646/1018/999 653/1021/999 650/1019/999
f 657/1029/1000 671/1078/1000 656/1027/1000
f 670/1083/1001 663/1071/1001 658/1070/1001
f 661/1034/1002 673/1086/1002 660/1035/1002
f 647/1088/1003 674/1090/1003 648/1073/1003
f 662/1074/1004 669/1079/1004 655/1075/1004
f 664/1031/1005 670/1040/1005 659/1042/1005
f 663/1071/236 667/1077/236 657/1029/236
f 674/1090/1006 661/1034/1006 648/1073/1006
f 613/1091/1007 636/984/1007 612/1003/1007
f 630/1094/1008 625/981/1008 610/1046/1008
f 614/1038/1009 632/1096/1009 635/1044/1009
f 54/8/3 24/21/3 22/29/3
f 24/21/3 54/8/3 49/112/3
f 49/112/3 4/7/3 84/127/3
f 54/8/3 4/7/3 49/112/3
f 84/127/1010 65/102/1010 64/80/1010
f 69/103/3 84/127/3 63/105/3
f 63/105/3 72/129/3 6/97/3
f 84/127/3 72/129/3 63/105/3
f 84/127/78 69/103/78 65/102/78
f 40/89/45 45/96/45 46/50/45
f 45/96/45 42/93/45 44/95/45
f 42/93/45 40/89/45 41/56/45
f 41/56/45 40/89/45 43/52/45
f 691/1097/1011 695/1098/1012 690/1099/1013
f 693/1100/1014 691/1097/1015 692/1101/1016
f 697/1102/1017 693/1100/1018 696/1103/1019
f 697/1102/1020 691/1097/1021 693/1100/1022
f 683/1104/1023 679/1105/1024 676/1106/1025
f 676/1106/1026 680/1107/1027 698/1108/1027
f 681/1109/1028 698/1108/1029 680/1107/1027
f 681/1109/1030 678/1110/1031 677/1111/1032
f 675/1112/1033 688/1113/1034 684/1114/1035
f 688/1113/1036 685/1115/1037 684/1114/1036
f 689/1116/1038 685/1115/1039 686/1117/1040
f 689/1116/1041 682/1118/1042 687/1119/1043
f 683/1120/1044 690/1121/1045 694/1122/1046
f 690/1123/1047 698/1124/1048 691/1125/1049
f 698/1124/1050 692/1126/1051 691/1125/1052
f 678/1127/1053 692/1128/1054 677/1129/1055
f 688/1130/1056 694/1122/1056 695/1131/1056
f 695/1132/1057 686/1133/1058 688/1134/1059
f 696/1135/1060 686/1133/1061 697/1136/1062
f 678/1127/1063 696/1137/1064 693/1138/1065
f 695/1098/1066 694/1139/1067 690/1099/1068
f 695/1098/1069 691/1097/1070 697/1102/1071
f 679/1140/1072 700/1141/1073 699/1142/1074
f 699/1143/1075 680/1144/1076 679/1145/1077
f 702/1146/1078 680/1144/1079 701/1147/1080
f 703/1148/1081 681/1149/1082 702/1150/1083
f 675/1151/1084 704/1152/1085 700/1141/1086
f 684/1153/1087 705/1154/1088 704/1155/1089
f 685/1156/1090 706/1157/1091 705/1154/1092
f 703/1148/1093 687/1158/1094 682/1159/1095
f 683/1104/1023 675/1112/1096 679/1105/1025
f 676/1106/1097 679/1105/1097 680/1107/1098
f 681/1109/1099 677/1111/1099 698/1108/1100
f 681/1109/1101 682/1118/1102 678/1110/1103
f 675/1112/1104 683/1104/1104 688/1113/1105
f 688/1113/1106 686/1117/1107 685/1115/1108
f 689/1116/1109 687/1119/1110 685/1115/1111
f 689/1116/1112 678/1110/1113 682/1118/1114
f 683/1120/1115 676/1160/1116 690/1121/1117
f 690/1123/1118 676/1161/1119 698/1124/1049
f 698/1124/1120 677/1162/1121 692/1126/1121
f 678/1127/1122 693/1138/1123 692/1128/1124
f 688/1130/1125 683/1120/1125 694/1122/1125
f 695/1132/1126 697/1136/1127 686/1133/1128
f 696/1135/1129 689/1163/1129 686/1133/1130
f 678/1127/1131 689/1164/1132 696/1137/1132
f 679/1140/1133 675/1151/1134 700/1141/1135
f 699/1143/1136 701/1147/1137 680/1144/1138
f 702/1146/1139 681/1165/1140 680/1144/1141
f 703/1148/1142 682/1159/1143 681/1149/1144
f 675/1151/1145 684/1166/1146 704/1152/1147
f 684/1153/1148 685/1156/1149 705/1154/1150
f 685/1156/1151 687/1167/1152 706/1157/1153
f 703/1148/1154 706/1168/1155 687/1158/1156
f 707/1169/1157 715/1170/1158 722/1171/1159
f 722/1171/1159 714/1172/1160 707/1169/1161
f 716/1173/1162 714/1172/1163 708/1174/1164
f 708/1175/1165 722/1176/1166 710/1177/1167
f 760/1178/1168 742/1179/1169 714/1172/1170
f 711/1180/1171 707/1169/1172 714/1172/1173
f 713/1181/1174 711/1182/1175 742/1183/1176
f 713/1181/1177 712/1184/1178 749/1185/1179
f 760/1178/1180 714/1172/1181 716/1173/1182
f 711/1182/1183 713/1181/1184 744/1186/1185
f 718/1187/1186 722/1188/1187 709/1189/1188
f 715/1190/1189 707/1191/1190 721/1192/1191
f 723/1193/1192 707/1194/1193 711/1182/1194
f 721/1195/1195 729/1196/1196 719/1197/1197
f 720/1198/1198 719/1197/1199 729/1196/1200
f 718/1187/1201 719/1199/1202 722/1188/1203
f 710/1177/1204 722/1176/1205 719/1200/1206
f 720/1198/1207 726/1201/1208 710/1202/1209
f 719/1197/1210 720/1198/1211 710/1202/1212
f 712/1184/1213 743/1203/1214 724/1204/1213
f 725/1205/1215 727/1206/1216 726/1201/1216
f 728/1207/1217 726/1201/1218 720/1198/1219
f 731/1208/1220 743/1203/1214 730/1209/1221
f 724/1204/1222 743/1203/1223 731/1208/1222
f 729/1210/1224 721/1192/1225 707/1191/1226
f 738/1211/1227 728/1212/1228 742/1213/1229
f 728/1212/1230 743/1214/1231 742/1213/1232
f 749/1185/1179 746/1215/1233 713/1181/1184
f 761/1216/1234 756/1217/1235 763/1218/1236
f 761/1216/1237 757/1219/1238 758/1220/1239
f 758/1220/1240 756/1217/1241 761/1216/1242
f 760/1178/1243 761/1216/1244 780/1221/1245
f 782/1222/1246 762/1223/1247 759/1224/1248
f 761/1225/1249 768/1226/1250 791/1227/1251
f 761/1225/1252 763/1228/1253 768/1226/1254
f 759/1224/1255 762/1223/1256 795/1229/1257
f 758/1230/1258 757/1231/1259 766/1232/1260
f 768/1233/1261 765/1234/1262 769/1235/1263
f 765/1234/1264 721/1195/1265 764/1236/1266
f 782/1222/1267 781/1237/1268 762/1223/1269
f 727/1206/1270 725/1205/1271 767/1238/1270
f 725/1205/1272 769/1235/1273 767/1238/1274
f 768/1233/1275 769/1235/1276 725/1205/1277
f 768/1226/1278 789/1239/1279 791/1227/1280
f 762/1240/1281 774/1241/1282 773/1242/1283
f 762/1240/1284 773/1242/1285 775/1243/1285
f 775/1243/1286 742/1213/1287 762/1240/1288
f 774/1241/1289 762/1240/1290 778/1244/1291
f 725/1245/1292 779/1246/1293 778/1244/1294
f 742/1213/1295 780/1247/1296 762/1240/1297
f 782/1222/1298 785/1248/1299 781/1237/1300
f 798/1249/1301 734/1250/1302 735/1251/1303
f 733/1252/1304 734/1253/1305 799/1254/1306
f 734/1250/1307 798/1249/1308 799/1255/1306
f 815/1256/1309 825/1257/1310 814/1258/1311
f 824/1259/1312 814/1258/1313 819/1260/1314
f 821/1261/1315 870/1262/1316 816/1263/1315
f 817/1264/1317 831/1265/1318 814/1266/1319
f 824/1267/1320 817/1268/1321 814/1269/1322
f 821/1270/1323 819/1260/1324 820/1271/1325
f 818/1272/1326 825/1273/1327 823/1274/1328
f 848/1275/1329 818/1272/1330 862/1276/1331
f 822/1277/1332 848/1275/1333 864/1278/1334
f 816/1263/1335 830/1279/1336 821/1261/1335
f 817/1264/1337 827/1280/1338 831/1265/1339
f 823/1281/1340 829/1282/1341 833/1283/1342
f 854/1284/1343 832/1285/1344 851/1286/1345
f 849/1287/1346 833/1283/1347 875/1288/1348
f 875/1288/1349 833/1283/1350 830/1289/1351
f 850/1290/1352 823/1274/1353 849/1291/1354
f 833/1283/1355 849/1287/1356 823/1281/1357
f 850/1290/1358 832/1285/1359 854/1284/1359
f 825/1292/1360 826/1293/1361 829/1294/1362
f 829/1295/1363 823/1274/1364 825/1273/1365
f 848/1296/1366 842/1297/1367 841/1298/1368
f 843/1299/1369 888/1300/1370 848/1296/1371
f 842/1297/1372 848/1296/1373 845/1301/1374
f 849/1302/1375 844/1303/1376 847/1304/1377
f 849/1302/1378 847/1304/1379 845/1301/1380
f 848/1296/1381 888/1300/1382 820/1305/1383
f 870/1306/1384 888/1307/1270 872/1308/1385
f 866/1309/1386 815/1256/1387 868/1310/1388
f 868/1310/1389 869/1311/1390 866/1309/1391
f 868/1310/1392 815/1256/1393 831/1312/1394
f 870/1262/1395 872/1313/1396 816/1263/1397
f 881/1314/1398 866/1315/1399 869/1316/1400
f 899/1317/1401 893/1318/1402 871/1319/1403
f 894/1320/1404 893/1318/1405 899/1317/1406
f 815/1321/1407 866/1322/1408 826/1293/1409
f 878/1323/1410 880/1324/1411 875/1288/1412
f 879/1325/1413 827/1326/1414 826/1327/1415
f 879/1325/1416 880/1324/1417 878/1323/1418
f 827/1326/1414 879/1325/1419 876/1328/1420
f 878/1323/1015 876/1328/1421 879/1325/1422
f 816/1329/1423 875/1288/1424 830/1289/1425
f 876/1330/1426 831/1265/1427 827/1280/1428
f 874/1331/1429 880/1332/1430 873/1333/1431
f 816/1263/1432 872/1313/1433 877/1334/1434
f 886/1335/1435 888/1300/1436 843/1299/1437
f 887/1336/1438 892/1337/1439 888/1300/1440
f 888/1300/1441 886/1335/1442 889/1338/1443
f 896/1339/1444 871/1319/1445 892/1340/1446
f 906/1341/1447 884/1342/1448 885/1343/1449
f 885/1344/1450 798/1249/1451 906/1345/1452
f 733/1252/1453 839/1346/1454 732/1347/1455
f 743/1203/1456 720/1348/1457 723/1193/1458
f 717/1349/1459 760/1178/1460 716/1173/1459
f 715/1170/1461 709/1350/1462 722/1171/1463
f 708/1174/1464 714/1172/1465 722/1171/1466
f 708/1175/1467 710/1177/1468 716/1351/1469
f 714/1172/1470 742/1179/1471 711/1180/1472
f 711/1182/1473 744/1186/1474 745/1352/1474
f 719/1197/1475 718/1353/1476 721/1195/1477
f 723/1193/1478 720/1348/1479 729/1354/1480
f 730/1209/1481 723/1193/1482 711/1182/1483
f 712/1184/1484 713/1181/1485 743/1203/1486
f 725/1205/1487 726/1201/1488 728/1207/1489
f 717/1355/1490 726/1356/1491 727/1357/1491
f 726/1358/1492 716/1351/1493 710/1177/1494
f 736/1359/1495 732/1360/1496 813/1361/1495
f 723/1193/1497 729/1354/1498 707/1194/1499
f 711/1182/1500 745/1352/1501 730/1209/1501
f 733/1362/1502 801/1363/1503 804/1364/1502
f 734/1365/1504 804/1364/1505 806/1366/1506
f 735/1367/1507 806/1366/1508 808/1368/1509
f 747/1369/1510 712/1370/1510 748/1371/1510
f 742/1213/1511 775/1243/1512 737/1372/1513
f 737/1372/1514 739/1373/1515 742/1213/1516
f 739/1373/1517 738/1211/1517 742/1213/1518
f 741/1374/1519 740/1375/1520 728/1212/1521
f 728/1212/1522 738/1211/1523 741/1374/1524
f 743/1203/1525 713/1181/1526 742/1183/1527
f 744/1186/1528 713/1181/1529 746/1215/1530
f 724/1376/1531 748/1371/1532 712/1370/1533
f 724/1377/1534 751/1378/1535 750/1379/1536
f 752/1380/1537 731/1381/1538 730/1382/1539
f 753/1383/1540 730/1384/1541 745/1385/1542
f 754/1386/1543 745/1385/1544 744/1387/1545
f 746/1388/1546 754/1389/1547 744/1390/1548
f 746/1388/1549 747/1391/1550 755/1392/1551
f 793/1393/1552 762/1223/1553 761/1225/1554
f 763/1218/1555 756/1217/1556 715/1170/1557
f 717/1349/1558 757/1219/1559 760/1178/1560
f 756/1217/1561 709/1350/1562 715/1170/1563
f 780/1221/1564 761/1216/1565 762/1394/1566
f 761/1216/1567 760/1178/1568 757/1219/1569
f 791/1227/1251 793/1393/1570 761/1225/1571
f 764/1395/1572 709/1189/1573 756/1396/1574
f 758/1230/1575 764/1397/1576 756/1398/1576
f 763/1399/1577 721/1192/1578 765/1400/1579
f 764/1236/1580 769/1235/1581 765/1234/1582
f 768/1226/1583 763/1228/1584 765/1401/1585
f 721/1195/1586 718/1353/1587 764/1236/1588
f 769/1235/1589 766/1402/1590 767/1238/1591
f 789/1239/1592 781/1237/1593 787/1403/1592
f 768/1226/1594 725/1404/1595 781/1237/1596
f 717/1355/1597 767/1405/1597 757/1406/1597
f 766/1232/1598 757/1231/1599 767/1407/1600
f 736/1359/1601 800/1408/1602 770/1409/1603
f 797/1410/1604 770/1409/1605 800/1408/1605
f 906/1411/1606 771/1412/1607 797/1410/1608
f 772/1413/1609 735/1367/1610 808/1368/1611
f 759/1414/1612 783/1415/1613 782/1416/1614
f 778/1244/1615 762/1240/1616 725/1245/1617
f 725/1245/1618 777/1417/1619 776/1418/1620
f 725/1245/1621 740/1375/1622 777/1417/1623
f 740/1375/1624 725/1245/1625 728/1212/1626
f 776/1418/1627 779/1246/1628 725/1245/1629
f 780/1221/1630 742/1179/1631 760/1178/1632
f 725/1245/1633 762/1240/1634 781/1419/1635
f 787/1403/1636 781/1237/1300 785/1248/72
f 786/1420/1637 782/1416/1638 783/1415/1638
f 788/1421/1639 785/1422/1640 786/1423/1641
f 790/1424/1642 787/1425/1643 788/1421/1644
f 792/1426/1645 789/1427/1646 790/1428/1647
f 794/1429/1648 791/1430/1649 792/1426/1649
f 793/1431/1650 796/1432/1651 795/1433/1652
f 795/1433/1653 784/1434/1654 759/1435/1655
f 798/1249/1656 735/1251/1657 906/1345/1658
f 800/1436/1659 884/1342/1660 797/1437/1661
f 797/1437/1662 884/1342/1663 906/1341/1664
f 736/1438/1665 802/1439/1666 801/1440/1667
f 801/1441/1668 805/1442/1669 804/1443/1670
f 807/1444/1671 804/1443/1672 805/1442/1673
f 808/1445/1674 807/1446/1675 809/1447/1676
f 736/1438/1677 810/1448/1678 803/1449/1679
f 771/1450/1680 810/1451/1681 770/1452/1681
f 772/1453/1682 811/1454/1683 771/1450/1684
f 808/1445/1685 812/1455/1686 772/1456/1687
f 820/1457/1688 818/1272/1689 848/1275/1690
f 813/1458/1691 834/1459/1692 883/1460/1693
f 814/1258/1694 825/1257/1695 819/1260/1604
f 821/1270/1696 824/1259/1697 819/1260/1698
f 814/1258/1699 831/1312/1700 815/1256/1701
f 818/1272/1702 819/1461/1703 825/1273/1704
f 832/1285/1705 822/1277/1706 851/1286/1707
f 817/1462/1708 833/1283/1709 829/1282/1710
f 820/1271/1711 888/1307/1712 821/1270/1712
f 870/1306/1713 821/1270/1714 888/1307/1715
f 848/1275/1716 862/1276/1717 864/1278/1718
f 815/1321/1719 826/1293/1720 825/1292/1721
f 860/1463/1722 862/1276/1723 818/1272/1724
f 829/1282/1725 826/1327/1726 827/1326/1727
f 833/1283/1728 828/1464/1729 830/1289/1730
f 817/1462/1731 829/1282/1732 827/1326/1733
f 823/1274/1734 858/1465/1735 818/1272/1736
f 821/1466/1737 830/1467/1738 828/1468/1739
f 839/1469/1740 909/1470/1741 834/1471/1742
f 850/1290/1743 856/1472/1744 858/1465/1744
f 850/1290/1745 854/1284/1746 856/1472/1746
f 821/1466/1747 828/1468/1748 824/1267/1749
f 824/1267/1750 828/1468/1751 817/1268/1752
f 858/1465/1753 860/1463/1754 818/1272/1755
f 840/1473/1756 835/1474/1757 839/1469/1758
f 799/1475/1759 836/1476/1760 840/1473/1761
f 798/1477/1762 837/1478/1763 799/1475/1764
f 853/1479/1765 851/1480/1766 822/1481/1765
f 841/1298/1767 843/1299/1768 848/1296/1769
f 849/1302/1770 846/1482/1771 844/1303/1772
f 848/1296/1773 849/1302/1774 845/1301/1775
f 850/1290/1776 848/1275/1777 832/1285/1778
f 892/1483/1779 849/1287/1780 875/1288/1781
f 850/1484/1782 849/1302/1783 848/1296/1784
f 852/1485/1785 854/1486/1786 851/1480/1787
f 855/1487/1788 856/1488/1789 854/1489/1790
f 859/1490/1791 856/1488/1792 857/1491/1793
f 858/1492/1794 861/1493/1795 860/1494/1796
f 863/1495/1797 860/1494/1798 861/1493/1799
f 865/1496/1800 862/1497/1801 863/1498/1802
f 865/1496/1803 822/1499/1804 864/1500/1805
f 869/1316/1806 893/1318/1807 881/1314/1808
f 869/1311/1809 872/1308/1810 888/1307/1811
f 869/1311/1812 867/1501/1813 872/1308/1814
f 867/1501/1813 869/1311/1815 868/1310/1816
f 881/1314/1817 879/1502/1818 866/1315/1658
f 894/1320/1406 881/1314/1819 893/1318/1820
f 876/1330/1821 868/1503/1822 831/1265/1775
f 868/1504/1823 876/1505/1824 867/1506/1825
f 878/1323/1826 875/1288/1827 877/1507/1828
f 816/1329/1829 877/1507/1830 875/1288/1831
f 875/1288/1832 880/1324/1833 892/1483/1834
f 871/1319/1835 893/1318/1836 892/1340/1837
f 881/1314/1838 873/1333/1839 880/1332/1840
f 826/1293/1841 866/1322/1842 879/1508/1843
f 877/1509/1844 867/1506/1260 878/1510/1845
f 874/1331/1846 892/1340/1847 880/1332/1848
f 874/1331/1849 882/1511/1849 892/1340/1850
f 883/1512/1851 909/1470/1852 914/1513/1853
f 878/1510/1854 867/1506/1855 876/1505/1856
f 914/1513/1857 884/1514/1858 883/1512/1859
f 885/1515/1860 916/1516/1861 918/1517/1862
f 798/1477/1863 918/1517/1864 838/1518/1863
f 890/1519/1865 849/1302/1866 892/1337/1867
f 889/1338/1868 887/1336/1869 888/1300/1870
f 891/1520/1871 890/1519/1872 892/1337/1873
f 897/1521/1874 871/1522/1875 898/1523/1876
f 892/1337/1877 887/1336/1878 891/1520/1879
f 893/1524/1880 888/1300/1881 892/1337/1882
f 895/1525/1883 881/1314/1884 894/1320/1885
f 873/1333/1886 881/1314/1887 895/1525/1888
f 896/1339/1889 892/1340/1890 882/1511/1891
f 896/1526/1892 898/1523/1893 871/1522/1893
f 896/1527/1894 901/1528/1895 900/1529/1896
f 902/1530/1897 882/1531/1898 874/1532/1899
f 902/1533/1900 873/1534/1901 903/1535/1901
f 903/1535/1902 895/1536/1903 904/1537/1904
f 895/1538/1905 905/1539/1906 904/1540/1905
f 905/1539/1907 899/1541/1908 897/1542/1909
f 733/1252/1910 840/1543/1911 839/1346/1912
f 799/1254/1913 840/1543/1914 733/1252/1915
f 909/1544/1916 908/1545/1917 907/1546/1918
f 910/1547/1919 835/1548/1920 836/1549/1921
f 836/1549/1922 911/1550/1923 910/1547/1924
f 911/1551/1925 838/1552/1926 912/1553/1927
f 914/1554/1928 907/1546/1929 913/1555/1930
f 916/1556/1931 913/1557/1932 915/1558/1933
f 915/1558/1934 918/1559/1935 916/1556/1936
f 917/1560/1937 838/1552/1938 918/1561/1937
f 813/1458/1939 839/1562/1940 834/1459/1941
f 883/1460/1942 800/1563/1943 813/1458/1944
f 800/1436/1659 883/1564/1945 884/1342/1946
f 923/1565/1947 961/1566/1948 919/1567/1949
f 921/1568/1950 920/1569/1951 927/1570/1952
f 929/1571/1953 957/1572/1954 924/1573/1955
f 933/1574/1956 926/1575/1957 946/1576/1958
f 929/1577/1959 932/1578/1960 945/1579/1961
f 921/1568/1962 930/1580/1963 920/1569/1964
f 935/1581/1965 936/1582/1966 952/1583/1967
f 952/1583/1968 941/1584/1969 935/1581/1970
f 935/1581/1971 942/1585/1972 936/1582/1973
f 945/1586/1974 944/1587/1975 954/1588/1976
f 945/1586/1977 949/1589/1978 941/1584/1979
f 946/1576/1980 947/1590/1981 932/1591/1982
f 944/1587/1983 941/1584/1984 952/1583/1985
f 944/1592/1986 953/1593/1987 954/1594/1988
f 954/1594/1989 955/1595/1990 931/1596/1991
f 931/1596/1992 956/1597/1993 957/1598/1994
f 924/1599/1995 958/1600/1996 959/1601/1997
f 968/1602/1998 967/1603/1999 962/1604/2000
f 973/1605/2001 1001/1606/2002 1002/1607/2003
f 1000/1608/2004 974/1609/2005 971/1610/2006
f 973/1605/2007 971/1610/2008 1001/1606/2009
f 982/1611/1 981/1612/1 965/1613/1
f 978/1614/2010 980/1615/2011 984/1616/2012
f 982/1611/2013 988/1617/2013 981/1612/2013
f 990/1618/2014 991/1619/2015 987/1620/2016
f 990/1618/2017 984/1616/2018 980/1615/2019
f 983/1621/2020 993/1622/2021 967/1603/2022
f 993/1623/2023 983/1624/2024 994/1625/2023
f 978/1626/2025 994/1627/2026 983/1628/2027
f 995/1629/2028 984/1630/2029 987/1631/2030
f 996/1632/2031 987/1633/2032 1002/1634/2033
f 1002/1634/2034 997/1635/2035 996/1632/2036
f 998/1636/2037 974/1637/2038 1000/1638/2039
f 1025/1639/2040 1023/1640/2041 1024/1641/2042
f 1020/1642/2043 1021/1643/2044 1024/1641/2045
f 1023/1640/2046 1019/1644/2047 1024/1641/2048
f 1043/1645/2049 1049/1646/2050 1039/1647/2051
f 1046/1648/2052 1044/1649/2053 1074/1650/2054
f 1044/1651/2055 1041/1652/2056 1073/1653/2057
f 1046/1654/2058 1041/1652/2059 1044/1651/2060
f 1075/1655/2061 1055/1656/2062 1053/1657/2063
f 1058/1658/2064 1055/1656/2065 1054/1659/2066
f 1054/1659/2067 1075/1655/2068 1040/1660/2069
f 1040/1660/2070 1042/1661/2071 1054/1659/2072
f 1055/1656/2073 1076/1662/2074 1053/1657/2075
f 1060/1663/2076 1063/1664/2077 1056/1665/2078
f 1050/1666/72 1051/1667/2079 1061/1668/2080
f 1063/1664/2081 1062/1669/2082 1059/1670/2083
f 1053/1671/2084 1066/1672/2085 1075/1673/2086
f 1059/1674/2087 1067/1675/2088 1076/1676/2089
f 1070/1677/2090 1044/1678/2091 1073/1679/2092
f 1036/1680/2093 1071/1681/2094 1072/1682/2095
f 1071/1683/2096 1036/1684/2097 1065/1685/2098
f 1040/1686/2099 1065/1685/2100 1036/1684/2101
f 1091/1687/2102 1081/1688/2103 1083/1689/2104
f 1083/1690/2105 1085/1691/2106 1091/1692/2107
f 1078/1693/2108 1083/1689/2109 1077/1694/2110
f 1086/1695/2111 1090/1696/2112 1091/1687/2113
f 1088/1697/2114 1080/1698/1744 1101/1699/2115
f 1091/1687/2116 1113/1700/2117 1081/1688/2118
f 1102/1701/2119 1090/1702/2120 1087/1703/2121
f 1091/1692/2122 1085/1691/2123 1079/1704/2124
f 1091/1687/2125 1090/1696/2126 1113/1700/2127
f 1098/1705/2128 1096/1706/2129 1095/1707/2130
f 1095/1707/2131 1108/1708/2132 1110/1709/2133
f 1095/1710/2134 1104/1711/2135 1097/1712/2136
f 1080/1698/1744 1094/1713/2137 1101/1699/2115
f 1100/1714/2138 1105/1715/2139 1103/1716/2140
f 1095/1707/2141 1110/1709/2142 1103/1716/2143
f 1102/1701/2144 1100/1717/2145 1090/1702/2146
f 1103/1718/2147 1104/1711/2148 1095/1710/2149
f 1100/1714/2150 1103/1716/2151 1110/1709/2152
f 1116/1719/2153 1107/1720/2154 1092/1721/2155
f 1107/1722/2156 1106/1723/2157 1108/1724/2158
f 1110/1725/2159 1109/1726/2160 1099/1727/2161
f 1111/1728/2162 1099/1729/2163 1109/1730/2162
f 1112/1731/2164 1089/1732/2164 1111/1733/2164
f 1077/1734/2165 1114/1735/2165 1115/1736/2165
f 1117/1737/2166 1115/1738/2167 1116/1719/2168
f 928/1739/2169 919/1740/2170 922/1741/2171
f 920/1742/2172 923/1743/2173 919/1740/2174
f 926/1575/2175 921/1744/2176 927/1745/2177
f 939/1746/2178 926/1575/2178 925/1747/2
f 961/1748/2179 940/1749/2180 922/1750/2181
f 926/1751/2182 922/1752/2182 925/1753/2182
f 920/1754/2183 926/1755/2183 927/1756/2184
f 933/1757/2185 929/1758/2186 934/1759/2186
f 939/1746/2187 946/1576/2187 926/1575/2187
f 919/1740/2188 961/1760/2189 922/1741/2190
f 929/1571/2191 930/1761/2192 934/1762/2193
f 926/1575/2194 933/1574/2195 921/1744/2196
f 932/1591/2197 933/1574/2198 946/1576/2199
f 931/1763/2200 957/1572/2201 929/1571/2202
f 920/1742/2203 930/1761/2204 924/1573/2205
f 930/1764/2206 933/1765/2206 934/1766/2206
f 922/1767/2207 943/1768/2207 925/1769/2208
f 929/1571/2209 924/1573/2210 930/1761/2211
f 945/1586/2212 931/1763/2213 929/1571/2214
f 938/1770/2215 942/1585/2216 935/1581/2217
f 948/1771/2218 939/1746/2219 937/1772/2220
f 939/1746/2221 925/1747/2219 943/1773/2222
f 948/1771/2223 946/1576/2224 939/1746/2224
f 940/1774/2225 936/1582/2226 942/1585/2227
f 940/1774/2228 942/1585/2229 922/1741/2230
f 942/1775/2231 939/1776/2231 943/1777/2231
f 935/1778/2232 939/1779/2233 938/1780/2232
f 937/1781/2234 941/1782/2234 948/1783/2234
f 945/1784/2235 946/1785/2236 949/1786/2235
f 954/1588/2237 931/1763/2238 945/1586/2239
f 932/1578/2240 947/1787/2241 945/1579/2242
f 946/1788/2243 941/1789/2244 949/1790/2245
f 953/1791/2246 952/1792/2247 951/1793/2248
f 941/1584/2249 944/1587/2250 945/1586/2251
f 960/1794/2252 950/1795/2252 940/1796/2253
f 936/1797/2254 940/1798/2255 950/1799/2256
f 936/1800/2257 950/1801/2257 951/1793/2257
f 951/1793/2258 952/1792/2259 936/1800/2260
f 958/1600/2261 957/1802/2262 956/1803/2263
f 954/1594/2264 953/1593/2265 955/1595/2266
f 931/1596/2267 955/1595/2268 956/1597/2267
f 959/1601/2269 961/1804/2270 923/1805/2271
f 923/1805/2272 924/1599/2273 959/1601/2274
f 968/1602/2275 963/1806/2276 970/1807/2277
f 940/1749/2278 961/1748/2279 960/1808/2280
f 966/1809/2281 976/1810/2282 972/1811/2283
f 966/1812/2284 968/1813/2285 970/1814/2286
f 964/1815/2287 966/1809/2288 965/1613/2283
f 963/1816/2289 966/1817/2290 970/1818/2289
f 973/1819/2291 972/1820/2292 977/1821/2291
f 966/1809/2293 972/1811/2294 965/1613/2294
f 962/1604/2295 1000/1608/2296 963/1806/2297
f 971/1610/2298 974/1609/2299 1001/1606/2300
f 971/1610/2301 973/1605/2302 977/1822/2303
f 972/1823/2304 971/1824/2305 977/1825/2305
f 976/1826/2306 963/1827/2307 971/1828/2307
f 979/1829/2308 967/1603/2309 968/1602/2310
f 963/1806/2311 1000/1608/2312 971/1610/2313
f 978/1614/2314 983/1621/2315 979/1829/2316
f 986/1830/2317 980/1615/2318 979/1829/2319
f 985/1831/2320 964/1815/2321 965/1613/2322
f 965/1613/2323 972/1811/2324 982/1611/2325
f 968/1832/2326 985/1833/2327 979/1834/2326
f 965/1835/2328 979/1836/2329 985/1837/2329
f 965/1838/2330 980/1839/2331 986/1840/2332
f 992/1841/2333 972/1811/2334 975/1842/2333
f 980/1843/2335 981/1844/2336 988/1845/2337
f 980/1615/2338 978/1614/2339 979/1829/2340
f 991/1619/2341 990/1618/2342 989/1846/2343
f 973/1847/2344 992/1848/2344 975/1849/2345
f 991/1619/2346 1002/1607/2347 987/1620/2348
f 1002/1607/2349 991/1619/2350 973/1605/2351
f 991/1850/2352 982/1851/2353 992/1852/2354
f 982/1853/2355 990/1854/2356 988/1855/2356
f 998/1856/2357 1001/1857/2358 974/1858/2359
f 990/1859/2360 980/1843/2361 988/1845/2362
f 990/1618/2363 987/1620/2364 984/1616/2365
f 978/1626/2366 984/1630/2367 994/1627/2368
f 995/1629/2369 994/1627/2370 984/1630/2371
f 996/1860/2372 995/1861/2373 987/1862/2374
f 1002/1634/2375 1001/1857/2376 997/1635/2377
f 999/1863/2378 967/1864/2379 993/1865/2380
f 1000/1638/2381 999/1866/2381 998/1636/2381
f 999/1866/2382 1000/1638/2383 962/1867/2384
f 1010/1868/2385 1009/1869/2386 1003/1870/2387
f 1005/1871/2388 1010/1868/2389 1006/1872/2390
f 1006/1872/2391 1007/1873/2392 1005/1871/2393
f 1007/1873/2394 1012/1874/2395 1008/1875/2395
f 1015/1876/2396 1003/1870/2397 1009/1869/2398
f 1013/1877/2399 1016/1878/2400 1026/1879/2400
f 1014/1880/2401 1016/1878/2400 1017/1881/2401
f 1008/1875/2402 1014/1880/2403 1017/1881/2404
f 1003/1882/2405 1022/1883/2406 1010/1884/2406
f 1022/1885/2407 1006/1886/2408 1010/1887/2409
f 1006/1886/2410 1025/1888/2411 1011/1889/2412
f 1025/1890/2413 1012/1891/2414 1011/1892/2415
f 1018/1893/2416 1013/1894/2417 1019/1895/2418
f 1013/1896/2419 1020/1897/2420 1019/1898/2421
f 1021/1899/2422 1026/1900/2423 1014/1901/2424
f 1012/1891/2425 1021/1902/2426 1014/1903/2427
f 1023/1640/2428 1022/1904/2429 1018/1905/2430
f 1019/1644/2431 1020/1642/2432 1024/1641/2433
f 1018/1905/2434 1019/1644/2435 1023/1640/2435
f 1028/1906/2436 1009/1907/2437 1004/1908/2438
f 1029/1909/2439 1004/1910/2440 1005/1911/2441
f 1005/1911/2442 1030/1912/2443 1029/1909/2444
f 1007/1913/2445 1031/1914/2446 1030/1915/2447
f 1032/1916/2448 1009/1907/2449 1027/1917/2450
f 1015/1918/2451 1033/1919/2452 1016/1920/2453
f 1016/1920/2454 1034/1921/2455 1017/1922/2456
f 1031/1914/2457 1017/1923/2458 1034/1924/2459
f 1039/1647/2460 1052/1925/2461 1038/1926/2461
f 1036/1927/2462 1072/1928/2463 1035/1929/2464
f 1037/1930/2465 1042/1661/2466 1035/1929/2467
f 1035/1929/2468 1073/1653/2469 1041/1652/2470
f 1042/1661/2471 1040/1660/2472 1036/1927/2473
f 1039/1931/2474 1042/1932/2475 1037/1933/2476
f 1035/1934/2477 1039/1935/2478 1037/1936/2477
f 1041/1937/2479 1043/1938/2480 1035/1939/2480
f 1049/1940/2481 1046/1941/2481 1045/1942/2482
f 1039/1647/2483 1049/1646/2484 1051/1667/2485
f 1042/1661/2486 1036/1927/2487 1035/1929/2488
f 1048/1943/2489 1041/1652/2490 1046/1654/2491
f 1049/1646/2492 1043/1645/2493 1047/1944/2494
f 1064/1945/2495 1045/1946/2496 1046/1947/2497
f 1049/1948/2498 1041/1949/2499 1048/1950/2500
f 1052/1951/2501 1042/1952/2501 1038/1953/2501
f 1051/1667/1299 1050/1666/2502 1057/1954/2503
f 1054/1955/2504 1051/1956/2505 1058/1957/2504
f 1051/1958/2506 1055/1959/2507 1058/1960/2508
f 1056/1961/2509 1057/1962/2509 1050/1963/2509
f 1061/1668/2510 1045/1964/2510 1064/1965/2510
f 1055/1656/2511 1056/1665/2512 1076/1662/2513
f 1055/1656/2062 1075/1655/2061 1054/1659/2514
f 1063/1966/2515 1074/1650/2516 1062/1967/2517
f 1051/1667/31 1049/1646/2050 1061/1668/2518
f 1063/1968/2519 1061/1969/2520 1064/1970/2519
f 1059/1670/2521 1076/1662/2522 1056/1665/2523
f 1064/1945/2524 1046/1947/2525 1063/1971/2526
f 1056/1972/2527 1061/1973/2527 1060/1974/2528
f 1065/1685/2529 1075/1673/2530 1066/1672/2531
f 1063/1664/2532 1059/1670/2533 1056/1665/2534
f 1066/1975/2535 1076/1676/2536 1067/1675/2537
f 1059/1674/2538 1068/1976/2539 1067/1675/2540
f 1062/1967/2541 1069/1977/2542 1068/1978/2543
f 1044/1678/2544 1069/1979/2545 1074/1980/2546
f 1073/1679/2547 1071/1681/2548 1070/1677/2549
f 1080/1981/2550 1078/1982/2551 1082/1983/2552
f 1084/1984/2553 1083/1689/2554 1078/1693/2555
f 1080/1698/2556 1079/1985/2557 1085/1986/2558
f 1077/1694/2559 1117/1987/2560 1078/1693/2561
f 1081/1688/2562 1077/1694/2563 1083/1689/2564
f 1083/1988/2565 1080/1989/2565 1085/1990/2566
f 1088/1991/2567 1090/1992/2568 1086/1993/2568
f 1090/1696/2569 1089/1994/2570 1113/1700/2571
f 1080/1698/2572 1088/1697/2573 1079/1985/2557
f 1091/1995/2574 1088/1996/2575 1086/1997/2574
f 1097/1998/2576 1101/1699/2577 1094/1713/2578
f 1096/1706/2579 1092/1999/2580 1107/2000/2581
f 1080/1698/2582 1093/2001/2583 1094/1713/2583
f 1117/1987/2584 1096/1706/2585 1078/1693/2586
f 1078/2002/2587 1093/2003/2588 1082/2004/2589
f 1095/1707/2590 1107/2000/2591 1108/1708/2592
f 1094/2005/2593 1096/2006/2594 1098/2007/2595
f 1095/2008/2596 1094/2009/2596 1098/2010/2597
f 1087/2011/2598 1101/1699/2115 1102/2012/2599
f 1096/1706/2600 1107/2000/2601 1095/1707/2602
f 1100/1714/2603 1110/1709/2604 1099/2013/2605
f 1101/2014/2606 1100/2015/2607 1102/2016/2608
f 1099/2013/2609 1089/1994/2610 1100/1714/2611
f 1101/2017/2612 1103/2018/2613 1105/2019/2614
f 1114/1735/2615 1113/2020/2616 1112/2021/2617
f 1100/1714/2618 1089/1994/2619 1090/1696/2620
f 1092/1721/2621 1117/1737/2622 1116/1719/2623
f 1107/1720/2624 1116/1719/2625 1106/2022/2626
f 1108/1724/2627 1106/1723/2628 1109/1726/2629
f 1109/1726/2630 1110/1725/2631 1108/1724/2632
f 1111/2023/2633 1089/1994/2634 1099/2013/2635
f 1113/1700/2636 1089/1994/2637 1112/2024/2638
f 1077/1734/2639 1081/2025/2640 1114/1735/2641
f 1117/1737/2642 1077/2026/2643 1115/1738/2644
f 743/1203/2645 728/2027/2646 720/1348/2647
f 730/1209/2648 743/1203/1486 723/1193/2649
f 717/1355/2650 716/2028/2651 726/1356/2651
f 736/1359/1495 801/1363/2652 732/1360/2652
f 733/1362/2653 732/1360/2654 801/1363/1503
f 734/1365/2655 733/1362/2656 804/1364/2657
f 735/1367/2658 734/1365/2659 806/1366/2660
f 747/1369/2661 749/2029/2661 712/1370/2661
f 724/1376/2662 750/2030/2663 748/1371/2664
f 724/1377/2665 731/1381/2666 751/1378/2667
f 752/1380/2668 751/1378/2669 731/1381/2669
f 753/1383/2670 752/2031/2671 730/1384/2672
f 754/1386/2673 753/1383/2674 745/1385/2675
f 746/1388/2676 755/1392/2677 754/1389/2678
f 746/1388/2679 749/2032/2680 747/1391/2680
f 793/1393/2681 795/1229/1257 762/1223/2682
f 764/1395/2683 718/1187/2684 709/1189/2685
f 758/1230/2686 766/1232/2687 764/1397/2688
f 763/1399/2689 715/1190/2690 721/1192/2691
f 764/1236/2692 766/1402/2693 769/1235/2694
f 789/1239/2695 768/1226/2696 781/1237/1593
f 717/1355/2697 727/1357/2697 767/1405/2697
f 736/1359/2698 813/1361/2699 800/1408/2700
f 797/1410/2701 771/1412/2701 770/1409/2702
f 906/1411/2703 772/1413/2703 771/1412/2704
f 772/1413/2705 906/1411/2705 735/1367/2706
f 759/1414/2707 784/2033/2708 783/1415/2709
f 786/1420/2710 785/2034/2711 782/1416/2712
f 788/1421/2713 787/1425/2713 785/1422/2714
f 790/1424/2715 789/2035/2716 787/1425/2717
f 792/1426/2718 791/1430/2718 789/1427/2719
f 794/1429/2720 793/2036/2721 791/1430/2722
f 793/1431/2723 794/2037/2724 796/1432/2725
f 795/1433/2726 796/1432/2727 784/1434/2728
f 736/1438/2729 803/1449/2730 802/1439/2730
f 801/1441/1668 802/2038/2731 805/1442/2732
f 807/1444/2733 806/2039/2734 804/1443/2735
f 808/1445/2736 806/2040/2737 807/1446/2738
f 736/1438/2739 770/2041/2739 810/1448/2740
f 771/1450/2741 811/1454/2742 810/1451/1681
f 772/1453/2743 812/2042/2744 811/1454/2745
f 808/1445/2746 809/1447/2747 812/1455/2748
f 820/1457/2749 819/1461/2750 818/1272/2751
f 832/1285/2752 848/1275/2753 822/1277/2754
f 817/1462/2755 828/1464/1729 833/1283/2756
f 823/1274/2757 850/1290/2758 858/1465/2759
f 839/1469/2760 835/1474/2761 909/1470/1742
f 840/1473/2762 836/1476/2762 835/1474/2763
f 799/1475/2764 837/1478/2765 836/1476/2766
f 798/1477/2767 838/1518/2768 837/1478/1763
f 853/1479/2769 852/1485/2770 851/1480/2771
f 852/1485/2772 855/2043/2773 854/1486/2773
f 855/1487/2774 857/1491/2775 856/1488/2776
f 859/1490/2777 858/2044/2778 856/1488/2779
f 858/1492/2780 859/2045/2781 861/1493/2782
f 863/1495/2783 862/2046/2784 860/1494/2785
f 865/1496/2786 864/1500/2787 862/1497/2788
f 865/1496/2789 853/2047/2790 822/1499/2790
f 869/1316/2791 888/2048/2792 893/1318/2793
f 881/1314/2794 880/1332/2795 879/1502/2796
f 877/1509/2797 872/2049/2797 867/1506/2798
f 883/1512/1853 834/1471/1852 909/1470/1852
f 914/1513/2799 916/1516/2800 884/1514/2800
f 885/1515/1860 884/1514/2801 916/1516/2802
f 798/1477/2803 885/1515/2804 918/1517/2804
f 890/1519/2805 846/1482/2805 849/1302/2806
f 897/1521/2807 899/2050/2808 871/1522/2809
f 896/1526/2810 900/2051/2811 898/1523/2812
f 896/1527/2813 882/1531/2814 901/1528/2815
f 902/1530/2816 901/1528/2817 882/1531/2818
f 902/1533/2819 874/2052/2820 873/1534/2821
f 903/1535/2822 873/1534/2822 895/1536/2823
f 895/1538/2824 894/2053/2825 905/1539/2826
f 905/1539/2827 894/2053/2828 899/1541/2829
f 909/1544/2830 835/2054/2831 908/1545/2830
f 910/1547/2832 908/2055/2833 835/1548/2834
f 836/1549/2835 837/2056/2836 911/1550/2837
f 911/1551/2838 837/2057/2839 838/1552/2840
f 914/1554/2841 909/1544/2842 907/1546/2843
f 916/1556/2844 914/2058/2845 913/1557/2846
f 915/1558/2847 917/2059/2848 918/1559/1935
f 917/1560/2849 912/1553/2850 838/1552/2851
f 813/1458/2852 732/2060/2853 839/1562/2854
f 928/1739/2855 920/1742/2856 919/1740/2857
f 920/1742/2858 924/1573/2859 923/1743/2860
f 926/1751/2861 928/2061/2862 922/1752/2862
f 920/1754/2863 928/2062/2184 926/1755/2864
f 933/1757/2865 932/2063/2866 929/1758/2867
f 930/1764/2868 921/2064/2868 933/1765/2868
f 922/1767/2869 942/2065/2870 943/1768/2871
f 942/1775/2872 938/2066/2873 939/1776/2874
f 935/1778/2875 937/2067/2876 939/1779/2877
f 937/1781/2878 935/2068/2878 941/1782/2879
f 945/1784/2880 947/2069/2881 946/1785/2882
f 946/1788/2883 948/2070/2883 941/1789/2884
f 953/1791/2885 944/2071/2886 952/1792/2887
f 958/1600/2888 924/1599/2889 957/1802/2890
f 959/1601/2891 960/2072/2892 961/1804/2893
f 968/1602/2894 962/1604/2895 963/1806/2896
f 966/1809/2281 969/2073/2897 976/1810/1722
f 966/1812/2898 964/2074/2899 968/1813/2898
f 963/1816/2900 969/2075/2900 966/1817/2900
f 973/1819/2901 975/2076/2901 972/1820/2901
f 972/1823/2902 976/2077/2903 971/1824/2904
f 976/1826/2905 969/2078/2906 963/1827/2906
f 979/1829/2907 983/1621/2908 967/1603/2909
f 968/1832/2910 964/2079/2910 985/1833/2910
f 965/1835/2911 986/2080/2912 979/1836/2912
f 965/1838/2913 981/2081/2914 980/1839/2914
f 992/1841/2915 982/1611/2916 972/1811/2917
f 973/1847/2918 991/2082/2919 992/1848/2919
f 991/1850/2920 989/2083/2920 982/1851/2921
f 982/1853/2922 989/2084/2923 990/1854/2923
f 998/1856/2924 997/1635/2925 1001/1857/2926
f 999/1863/2927 962/2085/2928 967/1864/2929
f 1010/1868/2930 1004/2086/2930 1009/1869/2387
f 1005/1871/2388 1004/2086/2931 1010/1868/2932
f 1006/1872/2390 1011/2087/2933 1007/1873/2934
f 1007/1873/2935 1011/2087/2394 1012/1874/2936
f 1015/1876/2937 1013/1877/2938 1003/1870/2939
f 1013/1877/2940 1015/1876/2941 1016/1878/2400
f 1014/1880/2942 1026/1879/2943 1016/1878/2400
f 1008/1875/2944 1012/1874/2945 1014/1880/2946
f 1003/1882/2947 1018/1893/2948 1022/1883/2949
f 1022/1885/2950 1023/2088/2408 1006/1886/2951
f 1006/1886/2952 1023/2088/2953 1025/1888/2954
f 1025/1890/2955 1024/2089/2956 1012/1891/2957
f 1018/1893/2958 1003/1882/2958 1013/1894/2959
f 1013/1896/2960 1026/1900/2961 1020/1897/2962
f 1021/1899/2963 1020/1897/2423 1026/1900/2964
f 1012/1891/2965 1024/2089/2966 1021/1902/2967
f 1028/1906/2968 1027/1917/2969 1009/1907/2970
f 1029/1909/2971 1028/2090/2972 1004/1910/2973
f 1005/1911/2974 1007/2091/2975 1030/1912/2976
f 1007/1913/2977 1008/2092/2978 1031/1914/2979
f 1032/1916/2980 1015/2093/2981 1009/1907/2982
f 1015/1918/2983 1032/2094/2984 1033/1919/2985
f 1016/1920/2986 1033/1919/2987 1034/1921/2988
f 1031/1914/2989 1008/2092/2990 1017/1923/2991
f 1039/1647/2992 1051/1667/2993 1052/1925/2994
f 1035/1929/2995 1072/1928/2996 1073/1653/2997
f 1039/1931/2998 1038/2095/2999 1042/1932/3000
f 1035/1934/3001 1043/2096/3002 1039/1935/3003
f 1041/1937/3004 1047/2097/3005 1043/1938/3004
f 1049/1940/3006 1048/2098/3007 1046/1941/3007
f 1049/1948/3008 1047/2099/3009 1041/1949/3010
f 1052/1951/3011 1054/2100/3011 1042/1952/3011
f 1054/1955/3012 1052/2101/3012 1051/1956/3012
f 1051/1958/3013 1057/2102/3014 1055/1959/3015
f 1056/1961/3016 1055/2103/3017 1057/1962/3017
f 1061/1668/3018 1049/1646/3019 1045/1964/3020
f 1063/1966/3021 1046/1648/3022 1074/1650/3023
f 1063/1968/3024 1060/2104/3024 1061/1969/3025
f 1056/1972/3026 1050/2105/3026 1061/1973/3026
f 1065/1685/3027 1040/1686/3028 1075/1673/3029
f 1066/1975/3030 1053/2106/3031 1076/1676/3032
f 1059/1674/3033 1062/2107/3034 1068/1976/3035
f 1062/1967/3036 1074/1650/3037 1069/1977/3038
f 1044/1678/3039 1070/1677/3040 1069/1979/3041
f 1073/1679/3042 1072/1682/3043 1071/1681/3043
f 1080/1981/3044 1084/2108/3045 1078/1982/3046
f 1083/1988/3047 1084/2109/3047 1080/1989/3047
f 1088/1991/3048 1087/2110/3049 1090/1992/3050
f 1091/1995/3051 1079/2111/2574 1088/1996/3052
f 1097/1998/3053 1104/2112/3053 1101/1699/3054
f 1080/1698/3055 1082/2113/3056 1093/2001/3056
f 1117/1987/3057 1092/1999/3058 1096/1706/3059
f 1078/2002/3060 1096/2114/3060 1093/2003/3060
f 1094/2005/3061 1093/2115/3062 1096/2006/3063
f 1095/2008/3064 1097/2116/3065 1094/2009/3066
f 1087/2011/3067 1088/1697/3068 1101/1699/3069
f 1101/2014/3070 1105/2117/3071 1100/2015/3071
f 1101/2017/3072 1104/2118/3073 1103/2018/3074
f 1114/1735/3075 1081/2025/3076 1113/2020/3077
