# Blender 4.0.0
# www.blender.org
o fridge_door
v 0.43235400 -0.29856100 0.70141150
v 0.43236000 -0.29855600 0.70997850
v 0.42981500 -0.29732600 0.70141350
v 0.42981800 -0.29855600 0.70140850
v 0.43235300 -0.29732500 0.70998150
v 0.42981700 -0.29732800 0.70997850
v 0.42981600 -0.29855900 0.70998050
v 0.43235800 -0.29733100 0.70140850
v 0.42981400 -0.29855700 0.61073850
v 0.43235600 -0.29732700 0.61073750
v 0.43235700 -0.29856000 0.61073450
v 0.42982000 -0.29856000 0.61930850
v 0.42981300 -0.29732900 0.61930350
v 0.42982100 -0.29732600 0.61073250
v 0.43235500 -0.29855800 0.61930550
v 0.43235700 -0.29732600 0.61930650
v 0.43235800 -0.29732500 0.69944550
v 0.43235500 -0.29732800 0.69087950
v 0.42981800 -0.29732900 0.69945050
v 0.43235900 -0.29855600 0.69087750
v 0.43235200 -0.29856200 0.69945050
v 0.42981800 -0.29856200 0.69088150
v 0.42981200 -0.29855600 0.69944550
v 0.42981600 -0.29732600 0.69087850
v -0.03885600 -0.32255600 0.91530650
v -0.03886500 -0.32468000 -0.90555250
v 0.45750100 -0.30473800 0.90765850
v -0.03885800 -0.30685600 0.91317950
v -0.03887200 -0.30685700 0.90977750
v 0.45923400 -0.32396000 -0.90581850
v 0.45868000 -0.32402400 -0.90710150
v 0.45901600 -0.32262600 0.91477850
v 0.45850500 -0.32406300 0.91471350
v -0.04012600 -0.32401100 0.91471450
v 0.45874800 -0.30753100 0.91470350
v -0.03985400 -0.30745200 0.91471450
v -0.04039000 -0.30897700 0.91477550
v -0.04060500 -0.32396100 -0.90581650
v -0.04006300 -0.32400300 -0.90709550
v -0.04038900 -0.32415100 0.91325250
v 0.45753700 -0.30632700 0.90818750
v 0.45901500 -0.30683800 0.90731350
v -0.03890500 -0.30632700 0.90818850
v -0.04039400 -0.30739100 0.91325150
v -0.04039900 -0.30691400 0.90730550
v 0.45901700 -0.30032600 -0.90714550
v 0.45952600 -0.32255500 0.91318050
v 0.45749700 -0.32255200 0.91530650
v -0.03886800 -0.30898600 0.91530650
v -0.03885500 -0.32255500 -0.90767750
v -0.04038900 -0.30032700 -0.90714450
v -0.03887200 -0.30473800 0.90765850
v 0.45749300 -0.30685700 0.91317950
v 0.45919000 -0.30751900 0.91328350
v 0.45901900 -0.32414900 0.91330550
v -0.03887000 -0.32467900 0.91317850
v -0.04089600 -0.30898500 0.91318050
v 0.45749800 -0.32467900 0.91317950
v -0.04089600 -0.32255800 0.91316750
v 0.45952300 -0.30882100 0.90587050
v 0.45749300 -0.32468000 -0.90555150
v 0.45742700 -0.30685000 0.90973850
v 0.45748900 -0.30898400 0.91530750
v -0.04089100 -0.30869900 0.90586150
v 0.45748300 -0.32255400 -0.90767750
v 0.45750100 -0.30034500 0.90764350
v 0.45952200 -0.30031300 -0.90555750
v -0.03887300 -0.30031700 -0.90767350
v 0.45901100 -0.30041400 0.90712350
v -0.04038200 -0.30041500 0.90712250
v -0.04088200 -0.30040000 0.90553850
v -0.03887500 -0.30034800 0.90764350
v 0.45738000 -0.30031800 -0.90768350
v -0.04089200 -0.30031600 -0.90555550
v 0.45951300 -0.30040500 0.90553950
v -0.01211900 -0.31018300 -0.87581450
v 0.43043100 -0.31018400 0.89378250
v -0.01415000 -0.30804800 0.89380250
v 0.43049300 -0.29769900 0.89599350
v 0.43077900 -0.30946200 0.89557750
v -0.01212400 -0.30806300 0.89591650
v 0.43246300 -0.30804900 -0.87583850
v -0.01215100 -0.29766200 -0.87806250
v -0.01212400 -0.30806400 -0.87795350
v -0.01382000 -0.30940500 -0.87625150
v -0.01348900 -0.30984300 0.89412850
v -0.01338200 -0.30940200 0.89525550
v 0.43177900 -0.30924400 0.89522850
v 0.43211000 -0.30946900 0.89423650
v 0.43183100 -0.30978400 -0.87630150
v 0.43162800 -0.30931400 -0.87743750
v -0.01336500 -0.30946700 -0.87727850
v -0.01362400 -0.29767000 0.89536250
v 0.43193600 -0.29767000 0.89536250
v 0.43255500 -0.29767600 -0.87587850
v 0.43193600 -0.29767000 -0.87739950
v -0.01439900 -0.29743700 0.89542350
v -0.01214500 -0.29758100 0.89605550
v -0.01733900 -0.29752200 0.89963250
v 0.43184700 -0.29743900 0.89630850
v 0.43572000 -0.29749200 0.89957250
v 0.43271100 -0.29743800 -0.87746050
v 0.43052800 -0.29756900 -0.87806950
v 0.43568800 -0.29750300 -0.88159250
v -0.01451200 -0.29744800 -0.87775850
v -0.01799600 -0.29758600 0.89815650
v -0.01809600 -0.30103300 0.89819850
v -0.01597300 -0.29767300 0.90024250
v -0.01728900 -0.30103300 0.89996350
v 0.43641100 -0.30103300 -0.88023350
v 0.43433500 -0.29767600 -0.88228150
v 0.43560200 -0.30103300 -0.88200050
v -0.01603700 -0.30103200 -0.88236350
v -0.01736000 -0.29748300 -0.88162650
v -0.01787600 -0.30103300 -0.88130450
v 0.43539400 -0.30103300 0.90009750
v 0.43641100 -0.30103300 0.89819850
v 0.43632300 -0.29766900 0.89814150
v 0.43235500 -0.29855700 0.33841350
v 0.42981500 -0.29733000 0.34698750
v 0.43236000 -0.29733000 0.33841950
v 0.42982000 -0.29732500 0.33841450
v 0.43235700 -0.29856000 0.34698750
v 0.42981800 -0.29855700 0.34698550
v 0.42981600 -0.29856200 0.33842050
v 0.43235500 -0.29732500 0.34698350
v 0.43235300 -0.29732500 0.25601750
v 0.43235800 -0.29733000 0.24744550
v 0.43235600 -0.29855800 0.24744950
v 0.42981800 -0.29732800 0.25601650
v 0.42981400 -0.29732400 0.24745250
v 0.43235800 -0.29856200 0.25601350
v 0.42981500 -0.29855500 0.25601850
v 0.42982000 -0.29856100 0.24744650
v 0.42982000 -0.29732500 0.39190450
v 0.43235900 -0.29733100 0.39190250
v 0.43235500 -0.29732500 0.16504650
v 0.43235800 -0.29855600 0.16504950
v 0.43235400 -0.29856200 0.39190550
v 0.42981400 -0.29855600 0.39190250
v 0.42981500 -0.29733100 0.16504950
v 0.42982000 -0.29856100 0.16504650
v 0.42982000 -0.29732900 0.30093050
v 0.43235500 -0.29732500 0.30093750
v 0.43235800 -0.29733100 0.30950550
v 0.42981400 -0.29855700 0.30093650
v 0.42982000 -0.29856000 0.30950550
v 0.43235700 -0.29856000 0.30093450
v 0.43235600 -0.29855800 0.30950250
v 0.42981600 -0.29732500 0.30949950
v 0.42982000 -0.29732500 0.20996350
v 0.43235400 -0.29855700 0.21853850
v 0.43235700 -0.29856000 0.20996550
v 0.42981500 -0.29733200 0.21853650
v 0.43235600 -0.29732800 0.20996650
v 0.42981800 -0.29856200 0.21853250
v 0.42981200 -0.29855700 0.20996750
v 0.43235800 -0.29732500 0.21853150
v 0.43235400 -0.29856300 0.28952350
v 0.43235800 -0.29733000 0.28951850
v 0.42981500 -0.29856100 0.29808550
v 0.42981900 -0.29855700 0.28951650
v 0.43235900 -0.29855500 0.29809050
v 0.43235400 -0.29732400 0.29808750
v 0.42981400 -0.29732500 0.28952450
v 0.42981900 -0.29733000 0.29809350
v 0.43235800 -0.29855600 -0.19882850
v 0.43236000 -0.29733000 -0.20739650
v 0.42981700 -0.29855800 -0.20739750
v 0.42981900 -0.29732800 -0.19882650
v 0.43235200 -0.29856200 -0.20740150
v 0.42981700 -0.29732600 -0.20740050
v 0.42981500 -0.29856100 -0.19883350
v 0.43235400 -0.29732300 -0.19883250
v 0.43235800 -0.29732700 -0.28979850
v 0.43235600 -0.29732700 -0.29836550
v 0.43235400 -0.29856300 -0.28980050
v 0.42981400 -0.29856200 -0.29836350
v 0.43235800 -0.29855600 -0.29836950
v 0.42981900 -0.29855700 -0.28979450
v 0.42982000 -0.29732500 -0.29836950
v 0.42981400 -0.29733000 -0.28979950
v 0.43235400 -0.29732500 -0.38076950
v 0.42981900 -0.29732400 -0.38933450
v 0.42981500 -0.29855600 -0.38933750
v 0.42981800 -0.29856200 -0.38077050
v 0.42981500 -0.29733000 -0.38076650
v 0.43235900 -0.29733200 -0.38933750
v 0.43235400 -0.29856300 -0.38933450
v 0.43235800 -0.29855600 -0.38076550
v 0.42981900 -0.29732900 -0.48030750
v 0.43235400 -0.29856000 -0.48030750
v 0.43236000 -0.29855600 -0.47173750
v 0.43235900 -0.29732600 -0.48030150
v 0.42981300 -0.29855700 -0.48030350
v 0.42982000 -0.29856000 -0.47173350
v 0.43235400 -0.29732900 -0.47173350
v 0.42981600 -0.29732500 -0.47173950
v 0.43235300 -0.29856100 -0.56270350
v 0.42981600 -0.29856100 -0.57127150
v 0.43235800 -0.29732500 -0.56270850
v 0.43235800 -0.29855600 -0.57127750
v 0.42982100 -0.29732400 -0.57127750
v 0.42981800 -0.29855700 -0.56270550
v 0.42981400 -0.29733100 -0.56270350
v 0.43235600 -0.29732800 -0.57127350
v 0.43235500 -0.29855600 -0.66224850
v 0.43235500 -0.29732800 -0.65367550
v 0.43235800 -0.29732600 -0.66224050
v 0.42981900 -0.29856300 -0.66224150
v 0.42982000 -0.29732600 -0.65367250
v 0.42981600 -0.29733200 -0.66224750
v 0.43235700 -0.29856000 -0.65367450
v 0.42981400 -0.29855700 -0.65367650
v 0.42981500 -0.29733100 -0.80737850
v 0.43235400 -0.29732400 -0.80737450
v 0.42982100 -0.29732500 -0.79880550
v 0.43235900 -0.29733000 -0.79880950
v 0.43235200 -0.29856200 -0.79880550
v 0.43235900 -0.29855600 -0.80737850
v 0.42981300 -0.29855700 -0.79881050
v 0.42981800 -0.29856300 -0.80737350
v 0.43235300 -0.29732500 0.59990750
v 0.43235900 -0.29733200 0.60848150
v 0.43235800 -0.29856000 0.59991350
v 0.42981500 -0.29855500 0.59990750
v 0.42981900 -0.29856000 0.60848150
v 0.42981800 -0.29732800 0.59991050
v 0.43235700 -0.29855700 0.60847750
v 0.42981500 -0.29732500 0.60847550
v -0.01150800 -0.29732500 0.70998250
v -0.01150100 -0.29733000 0.70141250
v -0.01404300 -0.29855800 0.70141150
v -0.01150800 -0.29856100 0.70140850
v -0.01404500 -0.29855900 0.70998050
v -0.01150100 -0.29855600 0.70997650
v -0.01404400 -0.29732600 0.70141050
v -0.01404300 -0.29732800 0.70997950
v -0.01150300 -0.29855900 0.61930650
v -0.01404100 -0.29732500 0.61930850
v -0.01150200 -0.29732500 0.61074050
v -0.01404600 -0.29733100 0.61073450
v -0.01404200 -0.29856200 0.61073850
v -0.01404700 -0.29855600 0.61930450
v -0.01150700 -0.29855600 0.61073250
v -0.01150600 -0.29732700 0.61930450
v -0.01150300 -0.29732500 0.69944550
v -0.01404600 -0.29732400 0.69088350
v -0.01150600 -0.29855600 0.69945150
v -0.01404200 -0.29732900 0.69945150
v -0.01404300 -0.29855700 0.69087750
v -0.01150200 -0.29856100 0.69088350
v -0.01404600 -0.29856100 0.69944250
v -0.01150600 -0.29732900 0.69087650
v -0.01150100 -0.29855700 0.60847650
v -0.01150700 -0.29856200 0.59991150
v -0.01404500 -0.29732500 0.59991350
v -0.01404100 -0.29855700 0.59990650
v -0.01404300 -0.29732800 0.60847750
v -0.01150200 -0.29733100 0.59990850
v -0.01404400 -0.29855900 0.60847950
v -0.01150700 -0.29732500 0.60848050
v -0.01404600 -0.29855500 0.33841550
v -0.01404200 -0.29856100 0.34698350
v -0.01404400 -0.29732800 0.34698650
v -0.01150800 -0.29732500 0.33841550
v -0.01404200 -0.29732800 0.33841650
v -0.01150200 -0.29856100 0.33842050
v -0.01150600 -0.29855700 0.34698850
v -0.01150200 -0.29732900 0.34698350
v -0.01404500 -0.29733100 0.25601850
v -0.01404000 -0.29732500 0.24744550
v -0.01404200 -0.29856300 0.25601350
v -0.01150100 -0.29732900 0.24745050
v -0.01150200 -0.29855600 0.25601750
v -0.01404700 -0.29855600 0.24744950
v -0.01150800 -0.29856200 0.24744550
v -0.01150600 -0.29732500 0.25601450
v -0.01150700 -0.29856200 0.39190550
v -0.01150300 -0.29855600 0.16504950
v -0.01150700 -0.29732400 0.16504650
v -0.01404600 -0.29732500 0.39190750
v -0.01404600 -0.29856100 0.16504450
v -0.01404100 -0.29855700 0.39190050
v -0.01150400 -0.29733100 0.39190050
v -0.01404200 -0.29732900 0.16505150
v -0.01150600 -0.29732800 0.30950350
v -0.01150600 -0.29855700 0.30093050
v -0.01404300 -0.29855700 0.30950350
v -0.01404300 -0.29732600 0.30950350
v -0.01150200 -0.29732600 0.30093750
v -0.01404200 -0.29733100 0.30093050
v -0.01404600 -0.29856100 0.30093750
v -0.01150400 -0.29855900 0.30950550
v -0.01150000 -0.29733000 0.20996750
v -0.01404700 -0.29855500 0.20996750
v -0.01404000 -0.29732500 0.20996350
v -0.01404200 -0.29856100 0.21853350
v -0.01150800 -0.29856100 0.20996350
v -0.01150300 -0.29855400 0.21853750
v -0.01404600 -0.29733200 0.21853650
v -0.01150700 -0.29732500 0.21853250
v -0.01150900 -0.29732400 0.28951850
v -0.01150800 -0.29856000 0.29809250
v -0.01404600 -0.29855700 0.29808750
v -0.01150100 -0.29855700 0.28952150
v -0.01404700 -0.29732900 0.28952350
v -0.01404100 -0.29732500 0.29809050
v -0.01404000 -0.29856000 0.28951850
v -0.01150100 -0.29733000 0.29808650
v -0.01150400 -0.29856000 -0.29836850
v -0.01150500 -0.29855900 -0.28979950
v -0.01150400 -0.29732700 -0.28979750
v -0.01150500 -0.29732800 -0.29836650
v -0.01404400 -0.29732700 -0.29836750
v -0.01404300 -0.29855900 -0.29836550
v -0.01404400 -0.29856000 -0.28979750
v -0.01404300 -0.29732900 -0.28979850
v -0.01150400 -0.29732600 -0.19882950
v -0.01150500 -0.29855900 -0.19883050
v -0.01404300 -0.29855800 -0.20739750
v -0.01404400 -0.29732900 -0.19883150
v -0.01150500 -0.29732800 -0.20739650
v -0.01404300 -0.29732800 -0.20739950
v -0.01404500 -0.29856000 -0.19882950
v -0.01150300 -0.29855800 -0.20739950
v -0.01150500 -0.29855900 -0.38076850
v -0.01150400 -0.29732600 -0.38076650
v -0.01150400 -0.29732900 -0.38933550
v -0.01150400 -0.29856000 -0.38933850
v -0.01404300 -0.29855800 -0.38933550
v -0.01404400 -0.29855900 -0.38076650
v -0.01404300 -0.29732800 -0.38076850
v -0.01404500 -0.29732700 -0.38933650
v -0.01404200 -0.29733100 -0.66224750
v -0.01150500 -0.29732500 -0.66224150
v -0.01404600 -0.29856100 -0.66224150
v -0.01150100 -0.29733100 -0.65367650
v -0.01150300 -0.29855500 -0.66224750
v -0.01404500 -0.29732800 -0.65367450
v -0.01404300 -0.29855700 -0.65367650
v -0.01150800 -0.29856100 -0.65367250
v -0.01404600 -0.29855700 -0.56270750
v -0.01404200 -0.29733000 -0.56270250
v -0.01150600 -0.29733000 -0.57127750
v -0.01150000 -0.29855600 -0.57127250
v -0.01150800 -0.29856100 -0.56270350
v -0.01404000 -0.29856100 -0.57127750
v -0.01150200 -0.29732500 -0.56271050
v -0.01404600 -0.29732600 -0.57127050
v -0.01404400 -0.29855700 -0.47173650
v -0.01150300 -0.29855900 -0.47173550
v -0.01404300 -0.29732900 -0.48030550
v -0.01404500 -0.29732700 -0.47173550
v -0.01150500 -0.29732900 -0.47173650
v -0.01150400 -0.29855800 -0.48030450
v -0.01404500 -0.29855900 -0.48030550
v -0.01150400 -0.29732600 -0.48030650
v -0.01150500 -0.29855800 -0.80737450
v -0.01150400 -0.29732700 -0.80737750
v -0.01404300 -0.29732800 -0.80737650
v -0.01404300 -0.29855800 -0.79880850
v -0.01404500 -0.29856000 -0.80737650
v -0.01150400 -0.29856000 -0.79880750
v -0.01150500 -0.29732900 -0.79880850
v -0.01404500 -0.29732700 -0.79880750
v -0.01422800 -0.29767500 -0.87591350
v -0.01424200 -0.29767500 0.89384250
v 0.43259300 -0.29755900 0.89386550
v -0.01362100 -0.29767100 -0.87740150
v -0.01797600 -0.29764800 -0.88029750
v 0.43433000 -0.29765400 0.90021550
v 0.43630700 -0.29767600 -0.88027650
v -0.01602300 -0.29766200 -0.88225150
v 0.45749600 -0.30002100 0.90553350
v -0.03886600 -0.30001100 0.90555950
v -0.03886600 -0.29994800 -0.90557750
v 0.45749500 -0.29994700 -0.90555250
v -0.04715600 -0.28710000 0.90244750
v -0.04715600 -0.29531300 0.90228850
v -0.04715600 -0.29531300 0.89620850
v -0.03997700 -0.29531300 0.89615550
v -0.03991300 -0.29515400 0.89593050
v -0.03991300 -0.28067400 0.89593050
v -0.03997700 -0.28051500 0.89615550
v -0.04006600 -0.28051500 0.89593050
v -0.04715600 -0.28051500 0.90228850
v -0.04715600 -0.29330700 0.90244750
v -0.04715600 -0.29515400 0.90244750
v -0.04715600 -0.29020300 0.90244750
v -0.04730900 -0.28490800 0.90228750
v -0.04730800 -0.28067400 0.90228850
v -0.04730800 -0.28067400 0.89641750
v -0.04697500 -0.28824800 0.90230850
v 0.45395200 -0.28824800 0.90230850
v -0.04717600 -0.28686200 0.90209850
v -0.04585800 -0.28608100 0.90071750
v -0.04697500 -0.29135100 0.90230850
v -0.04565700 -0.29213200 0.90092950
v -0.04697500 -0.28514500 0.90230850
v 0.45395000 -0.28514500 0.90230850
v -0.04717600 -0.29306900 0.90209850
v -0.04717600 -0.28996600 0.90209950
v -0.04585800 -0.28918400 0.90071750
v -0.03976100 -0.29515400 0.89608950
v -0.03989500 -0.29527300 0.89607150
v -0.03986900 -0.29515400 0.89604250
v -0.03986900 -0.28067400 0.89604250
v -0.03989500 -0.28055500 0.89607150
v -0.03976200 -0.28055500 0.89612950
v -0.03995200 -0.28055500 0.89593050
v -0.04711100 -0.28696100 0.90241250
v -0.04723600 -0.28695900 0.90237150
v -0.04727000 -0.28709900 0.90240750
v -0.04727000 -0.28801100 0.90240750
v -0.04723600 -0.28815100 0.90237050
v -0.04711100 -0.28814900 0.90241250
v -0.03995200 -0.29527300 0.89593050
v -0.04727500 -0.28814900 0.90223950
v -0.04711100 -0.29316800 0.90241250
v -0.04723600 -0.29316600 0.90237150
v -0.04727000 -0.29330600 0.90240750
v -0.04727000 -0.29515400 0.90240750
v -0.04725100 -0.29525400 0.90238750
v -0.04711100 -0.29006400 0.90241250
v -0.04723600 -0.29006200 0.90237150
v -0.04727000 -0.29020200 0.90240750
v -0.04727000 -0.29111400 0.90240750
v -0.04723600 -0.29125500 0.90237050
v -0.04711100 -0.29125300 0.90241250
v -0.04715600 -0.28067400 0.90244750
v -0.04725100 -0.28057400 0.90238750
v -0.04727000 -0.28067400 0.90240750
v -0.04727000 -0.28490800 0.90240750
v -0.04723600 -0.28504700 0.90237050
v -0.04711100 -0.28504600 0.90241250
v -0.04730800 -0.29515400 0.90228850
v -0.04727000 -0.29527300 0.90229750
v -0.04727500 -0.29125200 0.90223950
v -0.04727500 -0.28504600 0.90223950
v -0.04727000 -0.28055500 0.90229750
v -0.04714200 -0.28823900 0.90227250
v -0.04579200 -0.28903800 0.90085950
v -0.04574200 -0.28910700 0.90080750
v -0.04561600 -0.28910700 0.90085950
v -0.04565700 -0.28608100 0.90092950
v -0.04561600 -0.28600300 0.90085950
v -0.04574200 -0.28600300 0.90080750
v -0.04579200 -0.28607200 0.90085950
v -0.04714200 -0.28687100 0.90227250
v -0.04574200 -0.29221000 0.90080750
v -0.04579200 -0.29227800 0.90085950
v -0.04714200 -0.29307800 0.90227250
v -0.04714200 -0.29134200 0.90227250
v -0.04579200 -0.29214200 0.90085950
v -0.04579200 -0.28917500 0.90085950
v -0.04714200 -0.28997500 0.90227250
v -0.04714200 -0.28513500 0.90227250
v -0.04579200 -0.28593500 0.90085950
v -0.04579200 -0.29221000 0.90067550
v -0.04007100 -0.29531300 0.90228850
v -0.03976200 -0.28051500 0.89624850
v -0.04006600 -0.29531300 0.89593050
v 0.45408500 -0.29006400 0.90241250
v -0.04730800 -0.29515400 0.89641750
v -0.04727500 -0.28504600 0.89637050
v 0.21051500 -0.28814900 0.90241250
v -0.04585800 -0.28902900 0.90071750
v -0.04565700 -0.29228800 0.90092950
v 0.45259400 -0.28910700 0.90085950
v -0.04585800 -0.28592600 0.90071750
v -0.04715600 -0.28801000 0.90244750
v -0.04007100 -0.29515400 0.90244750
v -0.04715600 -0.29111400 0.90244750
v -0.04565700 -0.28902900 0.90092950
v -0.04565700 -0.28592500 0.90092950
v -0.04007100 -0.28051500 0.90228850
v -0.04007100 -0.28067400 0.90244750
v -0.04565700 -0.28918500 0.90092950
v -0.04730900 -0.29020200 0.90228750
v -0.04585800 -0.29228800 0.90071750
v -0.04717700 -0.28514400 0.90210150
v -0.04715600 -0.28051500 0.89620850
v -0.04730900 -0.28801100 0.90228850
v -0.04730800 -0.29515400 0.89599850
v -0.04730900 -0.29111400 0.90228750
v -0.04585800 -0.29213200 0.90071750
v -0.03976200 -0.29531300 0.89624850
v -0.03976200 -0.28067500 0.89608950
v -0.04697600 -0.28686200 0.90230850
v -0.04697600 -0.28996500 0.90230850
v -0.03976100 -0.29527300 0.89612950
v -0.04730900 -0.28709900 0.90228750
v -0.04730900 -0.29330600 0.90228750
v -0.04717600 -0.28824800 0.90209950
v -0.04717600 -0.29135100 0.90209850
v -0.04717600 -0.28514500 0.89581050
v -0.04727500 -0.29006400 0.90223950
v -0.04727500 -0.28504600 0.89595150
v -0.04715600 -0.28490700 0.90244750
v -0.04697600 -0.29306900 0.90230850
v -0.04727500 -0.28696100 0.90223950
v -0.04727500 -0.29316800 0.90223950
v -0.04730800 -0.28067400 0.89599850
v -0.04579200 -0.28600300 0.90067450
v -0.04579200 -0.28910700 0.90067750
v 0.45413100 -0.29330800 0.90244750
v 0.45413100 -0.29020300 0.90244750
v 0.44805800 -0.29515400 0.89608950
v -0.04715700 -0.28055500 0.90240750
v 0.44836800 -0.28051500 0.90228850
v -0.03991400 -0.28067400 -0.89887550
v -0.03995200 -0.28055500 -0.89887550
v -0.04717600 -0.29306900 -0.89875550
v -0.04727100 -0.28055500 -0.90523350
v -0.04730800 -0.29515500 -0.89894350
v -0.04727000 -0.29527400 -0.89915250
v -0.04727500 -0.29125300 -0.89889650
v -0.04585800 -0.28902800 -0.89739150
v -0.04585800 -0.28592500 -0.90366250
v -0.04006600 -0.28051600 -0.89887750
v -0.04727500 -0.29006400 -0.89889650
v -0.04730900 -0.29020300 -0.90523250
v -0.04579200 -0.29221100 -0.90362050
v -0.04727500 -0.28696000 -0.89889650
v -0.04730800 -0.28067400 -0.89894350
v 0.44836800 -0.29531300 0.90228850
v -0.04730900 -0.28490700 -0.90523250
v 0.45413200 -0.28801000 0.90244750
v 0.45413200 -0.29531300 0.90228850
v 0.44827400 -0.29531300 0.89615550
v 0.44836200 -0.29531300 0.89593050
v 0.44821000 -0.29515500 0.89593050
v 0.44821000 -0.28067400 0.89593050
v 0.44827400 -0.28051500 0.89615550
v 0.45413200 -0.28051500 0.90228850
v 0.45413200 -0.28051500 0.89620850
v 0.44836800 -0.29515400 0.90244750
v 0.45413200 -0.29515400 0.90244750
v 0.45413200 -0.29111400 0.90244750
v 0.45428300 -0.28067400 0.90228850
v 0.45263200 -0.28902900 0.90092950
v 0.45395000 -0.29135100 0.90230850
v 0.45263200 -0.29213200 0.90092950
v 0.45263200 -0.28592500 0.90092950
v 0.45283300 -0.29228800 0.90071850
v 0.44816600 -0.29515400 0.89604250
v 0.44819300 -0.29527300 0.89607150
v 0.44805800 -0.29527300 0.89612950
v 0.44805800 -0.28067500 0.89608950
v 0.44819300 -0.28055500 0.89607150
v 0.44816600 -0.28067400 0.89604250
v 0.44805800 -0.28051500 0.89624850
v 0.45424600 -0.28709900 0.90240750
v 0.45421000 -0.28695900 0.90237150
v 0.45408600 -0.28814900 0.90241250
v 0.45421000 -0.28815100 0.90237050
v 0.45424600 -0.28801100 0.90240750
v 0.44805800 -0.29531300 0.89624850
v 0.45428300 -0.28801100 0.90228750
v 0.45428300 -0.28709900 0.90228750
v 0.45425000 -0.28696100 0.90223950
v 0.45424600 -0.29330700 0.90240750
v 0.45421000 -0.29316600 0.90237150
v 0.45413200 -0.29527300 0.90240750
v 0.45422600 -0.29525400 0.90238750
v 0.45424600 -0.29515400 0.90240750
v 0.45424600 -0.29020200 0.90240750
v 0.45421000 -0.29006300 0.90237150
v 0.45408600 -0.29125200 0.90241250
v 0.45421000 -0.29125500 0.90237050
v 0.45424600 -0.29111400 0.90240750
v 0.45413200 -0.28067400 0.90244750
v 0.45424600 -0.28067400 0.90240750
v 0.45422600 -0.28057400 0.90238750
v 0.45413200 -0.28055500 0.90240750
v 0.45413200 -0.28490700 0.90244750
v 0.45421000 -0.28504800 0.90237050
v 0.45424600 -0.28490800 0.90240750
v 0.45428300 -0.29515400 0.90228850
v 0.45428300 -0.29330700 0.90228750
v 0.45425000 -0.29316800 0.90223950
v 0.45428300 -0.29111400 0.90228750
v 0.45428300 -0.29020200 0.90228850
v 0.45411700 -0.28823900 0.90227250
v 0.45271700 -0.28910700 0.90080750
v 0.45276700 -0.28903800 0.90085950
v 0.45263100 -0.28608100 0.90092950
v 0.45276700 -0.28607200 0.90085950
v 0.45271700 -0.28600300 0.90080750
v 0.45395100 -0.28686200 0.90230850
v 0.45411700 -0.28687100 0.90227250
v 0.45415100 -0.28824900 0.90209750
v 0.45276700 -0.28600300 0.90067450
v 0.45263100 -0.29228800 0.90092950
v 0.45276700 -0.29227800 0.90085950
v 0.45271700 -0.29221000 0.90080750
v 0.45259000 -0.29221000 0.90085950
v 0.45395000 -0.29306900 0.90230850
v 0.45411700 -0.29307800 0.90227250
v 0.45411700 -0.29134200 0.90227250
v 0.45276700 -0.29214200 0.90085950
v 0.45263100 -0.28918500 0.90092950
v 0.45276700 -0.28917500 0.90085950
v 0.45395000 -0.28996500 0.90230850
v 0.45411700 -0.28997500 0.90227250
v 0.45411700 -0.28513500 0.90227250
v 0.45276700 -0.28593500 0.90085950
v 0.45276700 -0.29221000 0.90067450
v 0.45283300 -0.29213200 0.90071750
v 0.45415100 -0.29135200 0.90209750
v 0.45415000 -0.28514500 0.90209750
v -0.04715700 -0.29527300 0.90240750
v 0.44805800 -0.28055500 0.89612950
v 0.45408500 -0.28696100 0.90241250
v 0.44824800 -0.29527300 0.89593050
v 0.44824800 -0.28055500 0.89593050
v 0.45408500 -0.29316700 0.90241250
v 0.44836800 -0.28067400 0.90244750
v 0.45428300 -0.29515400 0.89620850
v 0.45425000 -0.28504500 0.90224150
v 0.45259000 -0.28600300 0.90085950
v 0.45276700 -0.28910700 0.90067750
v 0.45425000 -0.28696100 0.89616050
v -0.04561600 -0.29221000 0.90085950
v 0.45408600 -0.28504600 0.90241250
v 0.45425000 -0.29316800 0.89616050
v 0.45276700 -0.29221000 0.89481650
v 0.45425000 -0.29006500 0.90223950
v 0.45276700 -0.28600300 0.89481550
v 0.45413100 -0.28710000 0.90244750
v 0.45415100 -0.29306800 0.90209750
v 0.45424500 -0.28055500 0.90228750
v 0.45425000 -0.28814900 0.90224150
v 0.45424500 -0.29527300 0.90229750
v 0.45425000 -0.29125200 0.90224150
v 0.45276700 -0.29221000 0.89440350
v 0.45283300 -0.28902900 0.90071850
v 0.45283300 -0.28592600 0.90071850
v 0.45413200 -0.29531300 0.89620850
v 0.44836200 -0.28051500 0.89592950
v 0.45428300 -0.28067400 0.89620850
v 0.45283300 -0.28608100 0.90071850
v 0.45276700 -0.28600300 0.89440350
v 0.45283300 -0.28918400 0.90071850
v 0.45428300 -0.28801100 -0.90523250
v 0.45428300 -0.28710000 -0.90523250
v 0.45428300 -0.29515500 -0.89915250
v 0.45428300 -0.29330600 -0.90523250
v 0.45283300 -0.29213300 -0.90366350
v 0.45415100 -0.29135200 -0.90504550
v 0.44821000 -0.29515500 -0.89887550
v 0.45425000 -0.29006400 -0.90518650
v 0.45283300 -0.29228800 -0.90366350
v 0.45276700 -0.29221100 -0.89734850
v 0.45428300 -0.28490800 0.90228750
v 0.45415100 -0.28686200 0.90209750
v 0.45415100 -0.28996500 0.90209750
v 0.45425000 -0.28696100 -0.90518650
v 0.45276700 -0.28910700 -0.89734850
v 0.45425000 -0.29316700 -0.90518550
v 0.44836200 -0.29531400 -0.89887550
v 0.45413200 -0.28051600 -0.89915250
v -0.04715600 -0.28709900 -0.90539250
v 0.45413100 -0.28801000 -0.90539250
v -0.04715600 -0.28801100 -0.90539250
v -0.04715600 -0.29531400 -0.90523350
v -0.03997700 -0.29531400 -0.89910050
v -0.04006600 -0.29531400 -0.89887750
v -0.03991400 -0.29515500 -0.89887550
v -0.03997700 -0.28051600 -0.89910050
v -0.04715600 -0.28051600 -0.90523350
v -0.04715600 -0.28051600 -0.89915250
v -0.04715600 -0.29330600 -0.90539250
v 0.21051500 -0.29515500 -0.90539250
v -0.04715600 -0.29515500 -0.90539250
v -0.04715600 -0.29020300 -0.90539250
v -0.04715600 -0.29111400 -0.90539250
v -0.04730800 -0.28067400 -0.89936250
v -0.04730800 -0.28067400 -0.90523350
v -0.04697500 -0.28824900 -0.90525450
v -0.04565700 -0.28902800 -0.90387450
v -0.04697500 -0.29135200 -0.90525450
v 0.45395000 -0.29135200 -0.90525450
v -0.04565700 -0.29213200 -0.90387450
v -0.04565700 -0.28592500 -0.90387450
v -0.04717700 -0.29307000 -0.90504750
v -0.04585800 -0.29228800 -0.90366250
v -0.03986900 -0.29515500 -0.89898850
v -0.03989500 -0.29527400 -0.89901650
v -0.03976100 -0.29527400 -0.89907550
v -0.03976100 -0.28067400 -0.89903550
v -0.03989500 -0.28055500 -0.89901650
v -0.03986900 -0.28067400 -0.89898850
v -0.03976200 -0.28051600 -0.89919350
v -0.04727000 -0.28709900 -0.90535250
v -0.04723600 -0.28695900 -0.90531650
v -0.04711100 -0.28815000 -0.90535750
v -0.04723600 -0.28815100 -0.90531650
v -0.04727000 -0.28801100 -0.90535250
v -0.03976200 -0.29531400 -0.89919350
v -0.04730900 -0.28801100 -0.90523250
v -0.04730900 -0.28710000 -0.90523250
v -0.04727500 -0.28696000 -0.90518550
v -0.04727000 -0.29330600 -0.90535250
v -0.04723600 -0.29316600 -0.90531650
v -0.04725100 -0.29525400 -0.90533250
v -0.04727000 -0.29515500 -0.90535250
v -0.04727000 -0.29020300 -0.90535250
v -0.04723600 -0.29006300 -0.90531650
v -0.04711100 -0.29006400 -0.90535750
v -0.04723600 -0.29125400 -0.90531650
v -0.04727000 -0.29111400 -0.90535250
v -0.04715600 -0.28067400 -0.90539250
v -0.04727000 -0.28067400 -0.90535250
v -0.04725100 -0.28057500 -0.90533250
v -0.04715600 -0.28055500 -0.90535250
v -0.04715600 -0.28490700 -0.90539250
v -0.04711100 -0.28504600 -0.90535750
v -0.04723600 -0.28504700 -0.90531650
v -0.04727000 -0.28490700 -0.90535250
v -0.04730800 -0.29515500 -0.90523350
v -0.04727000 -0.29527400 -0.90523350
v -0.04730900 -0.29330600 -0.90523250
v -0.04730900 -0.29111400 -0.90523250
v -0.04727500 -0.29125300 -0.90518550
v -0.04727500 -0.29006400 -0.90518550
v -0.04714300 -0.28823800 -0.90521850
v -0.04574200 -0.28910700 -0.90375250
v -0.04579200 -0.28903900 -0.90380450
v -0.04565700 -0.28608200 -0.90387450
v -0.04579200 -0.28607200 -0.90380450
v -0.04574200 -0.28600400 -0.90375250
v -0.04561600 -0.28600400 -0.90380450
v -0.04697500 -0.28686200 -0.90525450
v -0.04714300 -0.28687200 -0.90521850
v -0.04585800 -0.28902900 -0.90366350
v -0.04717600 -0.28824800 -0.90504350
v -0.04565700 -0.29228800 -0.90387450
v -0.04579200 -0.29227900 -0.90380450
v -0.04574200 -0.29221100 -0.90375250
v -0.04697500 -0.29306900 -0.90525450
v -0.04714300 -0.29307900 -0.90521850
v -0.04714300 -0.29134100 -0.90521850
v -0.04579200 -0.29214200 -0.90380450
v -0.04565700 -0.28918500 -0.90387450
v -0.04579200 -0.28917600 -0.90380450
v -0.04697500 -0.28996600 -0.90525450
v -0.04714300 -0.28997500 -0.90521850
v -0.04714300 -0.28513500 -0.90521850
v -0.04579200 -0.28593400 -0.90380450
v -0.04585800 -0.29213200 -0.90366350
v -0.04717600 -0.29135200 -0.90504350
v -0.04717600 -0.28514400 -0.90504450
v -0.04716500 -0.29527400 -0.90535250
v -0.03976100 -0.28055500 -0.89907550
v -0.04711100 -0.28696000 -0.90535750
v -0.03995200 -0.29527400 -0.89887550
v -0.04711100 -0.29316700 -0.90535750
v 0.21051500 -0.28067400 -0.90539250
v -0.04730800 -0.29515500 -0.89936250
v -0.04727500 -0.29125300 -0.89931550
v -0.04727500 -0.28504600 -0.90518550
v -0.04579200 -0.28910700 -0.90362150
v -0.04727500 -0.28696000 -0.89931550
v -0.04561800 -0.29221000 -0.90380450
v -0.04727500 -0.29316700 -0.90518550
v -0.04585800 -0.29213200 -0.89759850
v -0.04727500 -0.29006400 -0.89931550
v -0.04579200 -0.28600400 -0.90362250
v 0.45413100 -0.28490700 -0.90539250
v 0.45395000 -0.28686200 -0.90525450
v -0.04727500 -0.28815000 -0.90518550
v -0.04007100 -0.29531400 -0.90523350
v -0.03976200 -0.29515500 -0.89903550
v -0.04007100 -0.28051600 -0.90523350
v -0.04715600 -0.29531400 -0.89915250
v -0.03859500 -0.29213200 -0.90387450
v 0.45259300 -0.29221100 -0.90380450
v -0.04585800 -0.28608200 -0.90366250
v -0.04585800 -0.28918500 -0.90366250
v 0.44805900 -0.28067400 -0.89903550
v 0.45413200 -0.29111400 -0.90539250
v 0.44805800 -0.28051600 -0.89919350
v 0.45395000 -0.29306900 -0.90525450
v -0.04717600 -0.28686300 -0.90504450
v -0.04717600 -0.28996600 -0.90504450
v 0.45413200 -0.28710000 -0.90539250
v 0.45413200 -0.29531400 -0.90523350
v 0.45413200 -0.29531400 -0.89915250
v 0.44827400 -0.29531400 -0.89910050
v 0.44821000 -0.28067300 -0.89887650
v 0.44827400 -0.28051600 -0.89910050
v 0.44836200 -0.28051600 -0.89887650
v 0.45413200 -0.28051600 -0.90523350
v 0.45413100 -0.29330600 -0.90539250
v 0.45413200 -0.29515500 -0.90539250
v 0.45413100 -0.29020300 -0.90539250
v 0.45428300 -0.28490700 -0.90523250
v 0.45428300 -0.28067400 -0.90523350
v 0.45428300 -0.28067400 -0.89915250
v 0.45394900 -0.28824900 -0.90525450
v 0.45263200 -0.28902800 -0.90387450
v 0.45415100 -0.28686200 -0.90504350
v 0.45283300 -0.28608200 -0.90366350
v 0.45263100 -0.29213200 -0.90387450
v 0.45395000 -0.28514400 -0.90525450
v 0.45263200 -0.28592500 -0.90387450
v -0.04697700 -0.28514400 -0.90525450
v 0.45415100 -0.29306900 -0.90504350
v 0.45415100 -0.28996500 -0.90504350
v 0.45283300 -0.28918500 -0.90366350
v 0.44805900 -0.29515500 -0.89903550
v 0.44819300 -0.29527400 -0.89901650
v 0.44816600 -0.29515500 -0.89898850
v 0.44816600 -0.28067400 -0.89898850
v 0.44819300 -0.28055500 -0.89901650
v 0.44805800 -0.28055500 -0.89907550
v 0.44824800 -0.28055500 -0.89887550
v 0.45408600 -0.28696000 -0.90535750
v 0.45421000 -0.28695900 -0.90531650
v 0.45424600 -0.28709900 -0.90535250
v 0.45424600 -0.28801100 -0.90535250
v 0.45421000 -0.28815100 -0.90531650
v 0.45408600 -0.28815000 -0.90535750
v 0.44824800 -0.29527400 -0.89887650
v 0.45425000 -0.28814900 -0.90518750
v 0.45408600 -0.29316700 -0.90535750
v 0.45421000 -0.29316600 -0.90531650
v 0.45424600 -0.29330600 -0.90535250
v 0.45424600 -0.29515500 -0.90535250
v 0.45422600 -0.29525400 -0.90533250
v 0.45413200 -0.29527400 -0.90535250
v 0.45408500 -0.29006400 -0.90535750
v 0.45421000 -0.29006300 -0.90531650
v 0.45424600 -0.29020300 -0.90535250
v 0.45424600 -0.29111400 -0.90535250
v 0.45421000 -0.29125400 -0.90531650
v 0.45408600 -0.29125300 -0.90535750
v 0.45413200 -0.28067400 -0.90539250
v 0.45414000 -0.28055500 -0.90535250
v 0.45422600 -0.28057500 -0.90533250
v 0.45424600 -0.28067400 -0.90535250
v 0.45424600 -0.28490700 -0.90535250
v 0.45421000 -0.28504700 -0.90531650
v 0.45408500 -0.28504600 -0.90535750
v 0.45428300 -0.29515500 -0.90523350
v 0.45424600 -0.29527400 -0.90523250
v 0.45425000 -0.29125300 -0.90518550
v 0.45425000 -0.28504600 -0.90518650
v 0.45424600 -0.28055500 -0.90523350
v 0.45411700 -0.28823800 -0.90521850
v 0.45276700 -0.28903900 -0.90380450
v 0.45271700 -0.28910700 -0.90375250
v 0.45259000 -0.28910700 -0.90380450
v 0.45263200 -0.28608200 -0.90387450
v 0.45259000 -0.28600400 -0.90380450
v 0.45271700 -0.28600400 -0.90375250
v 0.45276700 -0.28607200 -0.90380450
v 0.45411700 -0.28687200 -0.90521850
v 0.45276700 -0.28910700 -0.90362150
v 0.45276700 -0.28600400 -0.90362150
v 0.45263200 -0.29228800 -0.90387450
v 0.45271700 -0.29221100 -0.90375250
v 0.45276700 -0.29227900 -0.90380450
v 0.45411700 -0.29307900 -0.90521850
v 0.45411700 -0.29134300 -0.90521850
v 0.45276700 -0.29214200 -0.90380450
v 0.45263200 -0.28918500 -0.90387450
v 0.45276700 -0.28917600 -0.90380450
v 0.45395000 -0.28996600 -0.90525450
v 0.45411700 -0.28997500 -0.90521850
v 0.45411700 -0.28513500 -0.90521850
v 0.45276700 -0.28593500 -0.90380450
v 0.45276700 -0.29221100 -0.90362050
v 0.44836800 -0.29531400 -0.90523350
v 0.45424600 -0.28055500 -0.89915250
v 0.45425000 -0.29125300 -0.89910650
v 0.21051500 -0.28815000 -0.90535750
v 0.45283300 -0.28902800 -0.90366350
v -0.04711100 -0.29125300 -0.90535750
v -0.04561600 -0.28910700 -0.90380450
v 0.45276700 -0.29221100 -0.89776150
v 0.45283300 -0.28592500 -0.90366350
v 0.44836800 -0.28051600 -0.90523350
v 0.45428300 -0.29020300 -0.90523250
v 0.45428300 -0.29111400 -0.90523250
v 0.44805800 -0.29531400 -0.89919350
v 0.44805800 -0.29527400 -0.89907550
v 0.45415100 -0.28824900 -0.90504350
v 0.45415100 -0.28514400 -0.90504450
v 0.45276700 -0.28600400 -0.89734850
v -0.01936900 -0.29533200 0.90165950
v -0.04029700 -0.29718700 -0.90726250
v 0.45899800 -0.29592400 -0.90681750
v 0.45748400 -0.29743500 0.90765850
v -0.03889600 -0.29608900 0.90739250
v -0.04022200 -0.29629100 0.90701850
v 0.45909800 -0.29591100 0.90608650
v -0.03886800 -0.29531300 -0.90554650
v -0.04056400 -0.29599000 0.90586550
v 0.45952600 -0.29743500 -0.90554250
v 0.45863000 -0.29589000 0.90710850
v 0.45750200 -0.29584400 -0.90714750
v -0.03886900 -0.29531300 0.90552650
v -0.04089600 -0.29743500 -0.90554250
v -0.04088500 -0.29958600 -0.90555150
v -0.04034700 -0.29587000 -0.90679850
v 0.45754100 -0.29959500 -0.90764750
v 0.45748400 -0.29743500 -0.90767750
v 0.45749900 -0.29531300 0.90553550
v 0.45751000 -0.29963200 0.90763650
v -0.04038100 -0.29967300 0.90711850
v -0.04087600 -0.29968200 0.90554650
v 0.45901100 -0.29957100 -0.90713850
v -0.04036400 -0.29959200 -0.90711950
v 0.45901000 -0.29967300 0.90711950
v -0.03885400 -0.29958200 -0.90766950
v 0.45951600 -0.29958500 -0.90554850
v 0.45950000 -0.29968600 0.90555950
v -0.03884200 -0.29959700 0.90765550
v 0.45749600 -0.30002100 0.90553350
v -0.03886600 -0.30001100 0.90555950
v -0.03886600 -0.29994800 -0.90557750
v 0.45749500 -0.29994700 -0.90555250
v 0.45749600 -0.30004100 0.89746150
v -0.01517300 -0.29994800 -0.90557650
v 0.43388100 -0.29998700 0.90553450
v 0.43764800 -0.29534800 -0.88366050
v -0.03886600 -0.30004000 0.89777150
v 0.43769400 -0.29535400 0.90167250
v -0.01768000 -0.29605800 -0.88191450
v -0.01613900 -0.29604200 -0.88266250
v 0.43438500 -0.29584300 0.90085750
v 0.43691600 -0.29584300 0.89820850
v -0.01860200 -0.29584300 0.89820850
v -0.01607200 -0.29584300 0.90085750
v 0.43691600 -0.29584400 -0.88024550
v 0.43438500 -0.29584400 -0.88289450
v -0.01838700 -0.29602100 -0.88029350
v -0.01773900 -0.29598900 0.89994150
v -0.01607200 -0.29743300 0.90032850
v 0.43607500 -0.29599800 0.89986150
v 0.43641000 -0.29743300 0.89820850
v 0.43605100 -0.29596800 -0.88198850
v 0.43438500 -0.29743300 -0.88236450
v -0.01809600 -0.29743300 0.89820950
v 0.43438500 -0.29743300 0.90032850
v 0.43641000 -0.29743300 -0.88024550
v 0.45748900 -0.29531400 -0.90555650
v -0.01942900 -0.29533500 -0.88375850
v -0.01607200 -0.29887100 0.90032850
v 0.43438500 -0.29887200 -0.88236450
v -0.01798400 -0.29887200 -0.88119250
v 0.43629800 -0.29887100 0.89915550
v -0.01794300 -0.29887100 0.89932750
v 0.43438500 -0.29887100 0.90032850
v 0.43625600 -0.29887200 -0.88136450
v -0.01607200 -0.29887200 -0.88236350
v 0.00862800 -0.19944500 0.32753150
v 0.00862400 -0.19942500 0.31443950
v 0.00662900 -0.20037500 0.31445150
v 0.00573900 -0.20250300 0.31444950
v 0.00862300 -0.31328900 0.29633050
v 0.00895500 -0.20162800 0.31446050
v 0.00661600 -0.20036000 0.32750350
v 0.00575700 -0.20251100 0.32752350
v 0.00660700 -0.31229000 0.32750550
v 0.00789200 -0.31002700 0.32749950
v 0.00858600 -0.31323000 0.32752550
v 0.00782700 -0.31112200 0.29625350
v 0.00580500 -0.29391100 0.31440050
v 0.00575700 -0.29393900 0.32751650
v -0.01778200 -0.29405500 0.32745550
v 0.00572900 -0.29737800 0.32750250
v 0.00575200 -0.29734600 0.29632250
v 0.00789900 -0.29396900 0.31431250
v 0.00789100 -0.29410500 0.29633750
v -0.01774900 -0.29724000 0.32745750
v -0.01776300 -0.29406800 0.29637250
v -0.01780000 -0.29718200 0.29638250
v 0.40722700 -0.19944200 0.31444050
v 0.00575700 -0.31016100 0.32752350
v 0.00895800 -0.20164800 0.32749350
v 0.00793600 -0.20207600 0.32752850
v 0.00798300 -0.20204200 0.31445650
v 0.00828300 -0.31088400 0.32746850
v 0.00570200 -0.31017400 0.29634050
v 0.00659300 -0.31234300 0.29635250
v 0.00809000 -0.31073800 0.29645650
v 0.40723500 -0.31327300 0.29633350
v 0.40922500 -0.20037500 0.32751250
v 0.41011600 -0.20250800 0.32751550
v 0.41014900 -0.31017400 0.32750150
v 0.40926500 -0.31234100 0.32748550
v 0.40923900 -0.20036000 0.31445950
v 0.40803200 -0.20276800 0.32750750
v 0.41009500 -0.20250500 0.31444150
v 0.41002800 -0.29420500 0.32758750
v 0.41023300 -0.29736700 0.29633250
v 0.40922500 -0.31229900 0.29632850
v 0.40805300 -0.29397200 0.31431650
v 0.40802300 -0.31003700 0.29633450
v 0.40803400 -0.30982600 0.32751850
v 0.43667400 -0.29720800 0.32747250
v 0.41022300 -0.29736900 0.32750350
v 0.41022700 -0.29392000 0.32744950
v 0.41016100 -0.29391100 0.31440150
v 0.40812900 -0.29409100 0.29632550
v 0.43664600 -0.29404300 0.32745850
v 0.43669200 -0.29722900 0.29639550
v 0.40723600 -0.31327900 0.32750150
v 0.40723100 -0.19942200 0.32751450
v 0.40763000 -0.20181100 0.32748150
v 0.40783700 -0.20185800 0.31445150
v 0.40760400 -0.31086800 0.32747750
v 0.41011600 -0.31016600 0.29632550
v 0.40765800 -0.31082500 0.29636750
v 0.43669600 -0.29407800 0.29637850
v 0.00862800 -0.19944500 0.69643350
v 0.00862400 -0.19942500 0.68334250
v 0.00662900 -0.20037500 0.68335450
v 0.00573900 -0.20250300 0.68335250
v 0.00862300 -0.31328900 0.66523250
v 0.40698000 -0.31099300 0.66523550
v 0.00895900 -0.20165400 0.68337550
v 0.00661500 -0.20036000 0.69640650
v 0.00575700 -0.20251100 0.69642550
v 0.00797600 -0.20206500 0.68336050
v 0.00660700 -0.31229000 0.69640850
v 0.00789500 -0.31006800 0.69640250
v 0.00783900 -0.30995800 0.66522950
v 0.00858600 -0.31322900 0.69642750
v 0.00819200 -0.31081600 0.66528350
v 0.00575600 -0.29393900 0.69641850
v 0.00790700 -0.29397500 0.68323250
v 0.00828200 -0.31087600 0.69636750
v -0.01778600 -0.29723300 0.69634750
v -0.01776000 -0.29408700 0.69637950
v 0.00575700 -0.29734700 0.66522450
v -0.01778200 -0.29406100 0.66528450
v 0.00572700 -0.29737500 0.69640550
v 0.00580400 -0.29391200 0.68329950
v -0.01777300 -0.29720400 0.66528250
v 0.40726600 -0.19944000 0.68334750
v 0.00575700 -0.31016200 0.69642550
v 0.00798400 -0.20175800 0.69644350
v 0.00796000 -0.20206300 0.69635450
v 0.00570200 -0.31017400 0.66524350
v 0.00659300 -0.31234300 0.66525550
v 0.00788900 -0.29406800 0.66524850
v 0.40765000 -0.20178300 0.69639950
v 0.40719100 -0.31325000 0.66522350
v 0.40921700 -0.20035200 0.69641050
v 0.41011600 -0.20250700 0.69641850
v 0.41015200 -0.31016700 0.69640350
v 0.41023700 -0.29737600 0.69640150
v 0.40926600 -0.31233700 0.69638850
v 0.40787700 -0.20206000 0.68336050
v 0.40924600 -0.20038300 0.68335850
v 0.40806500 -0.20273900 0.69641650
v 0.41009500 -0.20250500 0.68334350
v 0.41000200 -0.29416000 0.69649150
v 0.41009900 -0.31020400 0.66522450
v 0.41016000 -0.29391200 0.68330350
v 0.40802400 -0.30985900 0.69642550
v 0.40804100 -0.29397500 0.68322350
v 0.43665900 -0.29404400 0.69635550
v 0.41020600 -0.29735000 0.66522550
v 0.43669100 -0.29722600 0.69636050
v 0.41022700 -0.29392100 0.69635250
v 0.40812100 -0.29409600 0.66522850
v 0.43667600 -0.29721100 0.66528450
v 0.40724400 -0.31328800 0.69640050
v 0.40719100 -0.19942300 0.69642150
v 0.40689700 -0.20164500 0.68336050
v 0.40766000 -0.31085300 0.69638450
v 0.40789700 -0.31059500 0.66526350
v 0.40921700 -0.31232200 0.66523550
v 0.43669100 -0.29407500 0.66527350
v 0.01145600 -0.39188800 -0.23963350
v 0.01387800 -0.39550800 -0.23968650
v 0.01375700 -0.40032800 -0.23968650
v 0.01146500 -0.40130400 -0.23968050
v 0.01559800 -0.39376900 -0.23964350
v 0.01714200 -0.39782700 -0.23963950
v 0.01538300 -0.40211200 -0.23964350
v 0.01145500 -0.40375700 -0.23965450
v 0.01146500 -0.39439500 -0.23969150
v 0.00728500 -0.39378400 -0.23963750
v 0.00578200 -0.39785300 -0.23964350
v 0.00816200 -0.39785700 -0.23968350
v 0.00752700 -0.40211200 -0.23964350
v 0.00903600 -0.39549600 -0.23969050
v 0.00915500 -0.40034000 -0.23968950
v 0.01381900 -0.39556300 -0.23854950
v 0.01466600 -0.39785500 -0.23853250
v 0.01370000 -0.40027300 -0.23854950
v 0.01146300 -0.40122100 -0.23853750
v 0.01146100 -0.39448000 -0.23855350
v 0.00909900 -0.39556000 -0.23853450
v 0.00921300 -0.40027900 -0.23855150
v 0.00824500 -0.39785600 -0.23853250
v 0.01474800 -0.39785600 -0.23968250
v 0.01567500 -0.39372300 -0.23856050
v 0.01145500 -0.39178100 -0.23857450
v 0.01721600 -0.39782800 -0.23856050
v 0.01546000 -0.40216000 -0.23856050
v 0.01145500 -0.40387600 -0.23857450
v 0.00723500 -0.39372300 -0.23856050
v 0.00569500 -0.39782800 -0.23856050
v 0.00745000 -0.40216000 -0.23856050
v 0.02322200 -0.41043000 0.57231150
v 0.02344300 -0.39776800 0.57222050
v 0.01145500 -0.41029300 0.57223750
v 0.02340800 -0.39776700 0.60757750
v 0.02810500 -0.39808300 0.57241650
v 0.02813300 -0.32702000 0.58989250
v 0.02814200 -0.32323400 0.57278450
v 0.02745700 -0.39797800 0.57215550
v 0.01147200 -0.41548300 0.57220050
v 0.02022200 -0.38923900 0.57216250
v 0.01145200 -0.38524700 0.57219850
v 0.01145600 -0.41027800 0.60754050
v 0.01982700 -0.40678600 0.60760450
v 0.02787600 -0.39802600 0.60758350
v 0.01144700 -0.41551400 0.60757950
v 0.01976800 -0.40676200 0.57218150
v 0.02814200 -0.39811900 0.60700050
v 0.02813200 -0.32806900 0.59240550
v -0.00495800 -0.32287300 0.60754250
v 0.02023000 -0.38923200 0.60762050
v 0.01146400 -0.38522500 0.60761850
v 0.02790100 -0.32286400 0.60750550
v 0.02318000 -0.41041600 0.60754250
v 0.02813300 -0.33310400 0.59240150
v 0.02813300 -0.33058100 0.59345350
v 0.02017900 -0.38928300 0.60763950
v 0.02337000 -0.39776700 0.60763850
v 0.01972700 -0.40671400 0.60764250
v 0.01145500 -0.41017500 0.60765350
v 0.01145500 -0.39161200 0.60760150
v 0.02465200 -0.32280300 0.57584550
v 0.02478800 -0.32280300 0.60356050
v 0.02478800 -0.32280300 0.57622250
v 0.02424100 -0.32280300 0.60406350
v 0.02465200 -0.32280300 0.60393850
v 0.02795700 -0.32286200 0.57232150
v 0.02811400 -0.32297200 0.60703450
v 0.02813200 -0.33309000 0.58736950
v 0.02813200 -0.33413900 0.58988350
v 0.02811800 -0.33058100 0.58634450
v 0.02559400 -0.32809200 0.58740250
v 0.02559400 -0.32706100 0.58989250
v 0.02813200 -0.32807400 0.58736950
v 0.02559400 -0.32809200 0.59238150
v 0.02559400 -0.33058100 0.59341250
v 0.02559400 -0.33307200 0.59238150
v 0.02559400 -0.33410300 0.58989250
v 0.02559400 -0.33307200 0.58740250
v 0.02559400 -0.33058100 0.58637050
v 0.00312800 -0.40677500 0.57217950
v 0.00269200 -0.38924800 0.57219850
v -0.00050900 -0.39777400 0.57222850
v -0.00522200 -0.32806000 0.58738350
v 0.02745700 -0.32323400 0.57215550
v -0.00508400 -0.39815000 0.57224250
v -0.00512900 -0.32286100 0.57246750
v -0.00028200 -0.41042600 0.57230350
v 0.00313800 -0.40676400 0.60758250
v -0.00030100 -0.41041600 0.60756250
v -0.00050200 -0.39776400 0.60757950
v 0.00268500 -0.38922200 0.60761950
v -0.00518500 -0.39816700 0.60736950
v -0.00454500 -0.39797800 0.60762850
v 0.00710600 -0.39359300 0.60759850
v 0.00552200 -0.39783100 0.60759550
v 0.00732000 -0.40229000 0.60759650
v -0.00132900 -0.32280300 0.57572050
v -0.00174100 -0.32280300 0.57584550
v 0.02424100 -0.32280300 0.57572050
v -0.00174100 -0.32280300 0.60393850
v -0.00132900 -0.32280300 0.60406350
v -0.00187800 -0.32280300 0.57622250
v -0.00187800 -0.32280300 0.60356050
v -0.00461700 -0.32294900 0.57219550
v -0.00520700 -0.32297300 0.60701250
v -0.00522200 -0.32702400 0.58990250
v -0.00268300 -0.32706100 0.58989250
v -0.00268300 -0.32809200 0.58740250
v -0.00521700 -0.32807100 0.59240350
v -0.00268300 -0.32809200 0.59238150
v -0.00522200 -0.33058100 0.59345350
v -0.00268300 -0.33058100 0.59341250
v -0.00522200 -0.33310400 0.59240150
v -0.00268300 -0.33307200 0.59238150
v -0.00522600 -0.33414100 0.58988250
v -0.00268300 -0.33410300 0.58989250
v -0.00522300 -0.33309500 0.58737950
v -0.00268300 -0.33307200 0.58740250
v -0.00522200 -0.33058100 0.58633050
v -0.00268300 -0.33058100 0.58637050
v -0.00043800 -0.39776600 0.60764250
v 0.01145600 -0.41024000 -0.23978550
v 0.01973900 -0.40672800 -0.23978350
v 0.00273400 -0.38928900 0.60764150
v 0.01580600 -0.39359300 0.60759850
v 0.01578100 -0.39361800 0.60586650
v 0.01145500 -0.39164400 0.60586650
v 0.01739300 -0.39783800 0.60759650
v 0.01736200 -0.39783000 0.60586650
v 0.01558500 -0.40229200 0.60759550
v 0.01556600 -0.40227200 0.60586650
v 0.01145500 -0.40404500 0.60759150
v 0.01145500 -0.40401400 0.60586650
v 0.00713000 -0.39361800 0.60586650
v 0.00554900 -0.39783000 0.60586650
v 0.00734600 -0.40227200 0.60586650
v 0.01145500 -0.38530000 0.60763650
v 0.01981800 -0.40681200 -0.20432250
v 0.01145500 -0.41549000 -0.20434650
v 0.01145500 -0.38525800 -0.23970150
v 0.01976400 -0.40675400 -0.23969250
v 0.02814300 -0.39811800 -0.20493050
v 0.02787300 -0.39803300 -0.20434650
v 0.02791200 -0.32298200 -0.20440950
v 0.02021300 -0.38924500 -0.20430750
v 0.02813400 -0.32807400 -0.21951450
v 0.02810400 -0.39814800 -0.23951150
v 0.02340800 -0.39776800 -0.20437950
v 0.02320500 -0.41043100 -0.20439250
v 0.01145500 -0.41553600 -0.23959750
v 0.01143000 -0.41034600 -0.23975650
v 0.02342400 -0.39776800 -0.23970150
v 0.02319500 -0.41038600 -0.23972750
v 0.02027300 -0.38922300 -0.23975650
v 0.01145700 -0.41027300 -0.20439150
v 0.02814200 -0.32323400 -0.22421850
v 0.02745700 -0.39797800 -0.23977450
v 0.01145500 -0.38530900 -0.23978250
v 0.01580600 -0.39359300 -0.23974350
v 0.01739300 -0.39783800 -0.23974150
v 0.01558500 -0.40229200 -0.23973950
v 0.01145500 -0.40404500 -0.23973650
v 0.02017600 -0.38928600 -0.23978550
v 0.02331100 -0.39776600 -0.23979650
v 0.02424100 -0.32280300 -0.20786450
v 0.02465200 -0.32280300 -0.20799150
v -0.00132900 -0.32280300 -0.20786450
v 0.02465200 -0.32280300 -0.23608350
v 0.02478800 -0.32280300 -0.20836850
v 0.02424100 -0.32280300 -0.23620950
v 0.02478800 -0.32280300 -0.23570650
v 0.02805600 -0.32285000 -0.20469250
v 0.02788000 -0.32286800 -0.23966650
v 0.02811500 -0.32296600 -0.23917450
v 0.02813200 -0.32702500 -0.22202750
v 0.02559400 -0.32706100 -0.22203750
v 0.02559400 -0.32809200 -0.21954850
v 0.02813300 -0.32806400 -0.22455550
v 0.02559400 -0.32809200 -0.22452750
v 0.02813100 -0.33058200 -0.22559050
v 0.02559400 -0.33058100 -0.22555850
v 0.02813400 -0.33310100 -0.22455650
v 0.02559400 -0.33307200 -0.22452750
v 0.02813200 -0.33413900 -0.22202750
v 0.02559400 -0.33410300 -0.22203750
v 0.02813200 -0.33309000 -0.21951550
v 0.02559400 -0.33307200 -0.21954850
v 0.02813100 -0.33058100 -0.21848450
v 0.02559400 -0.33058100 -0.21851650
v -0.00031900 -0.41044100 -0.20446250
v -0.00049900 -0.39776800 -0.20437850
v 0.00313100 -0.40678400 -0.20432350
v -0.00499700 -0.39797500 -0.20435850
v 0.01145500 -0.38519300 -0.20430450
v -0.00522200 -0.32702000 -0.22203750
v 0.00269400 -0.38924400 -0.20432550
v -0.00522600 -0.33414100 -0.22204750
v -0.00522500 -0.33309500 -0.22455050
v -0.00454500 -0.32323400 -0.23977450
v 0.00313400 -0.40676300 -0.23974150
v 0.00268900 -0.38923900 -0.23970150
v -0.00051800 -0.39776800 -0.23975050
v -0.00019800 -0.41038600 -0.23970350
v -0.00506000 -0.39821400 -0.23968250
v -0.00523100 -0.39812000 -0.20492950
v -0.00522200 -0.33058100 -0.22559850
v 0.00273300 -0.38928100 -0.23978450
v -0.00045600 -0.39776700 -0.23978350
v 0.00319000 -0.40671700 -0.23978850
v -0.00174100 -0.32280300 -0.20799150
v -0.00187800 -0.32280300 -0.23570650
v -0.00491400 -0.32288300 -0.20437750
v -0.00187800 -0.32280300 -0.20836850
v -0.00132900 -0.32280300 -0.23620950
v -0.00174100 -0.32280300 -0.23608350
v -0.00512900 -0.32287100 -0.23958750
v -0.00519200 -0.32296900 -0.20490050
v -0.00522100 -0.33058200 -0.21848450
v -0.00521900 -0.33309900 -0.21952050
v -0.00521700 -0.32807100 -0.22454850
v -0.00268300 -0.32809200 -0.21954850
v -0.00268300 -0.32706100 -0.22203750
v -0.00522200 -0.32807400 -0.21951450
v -0.00268300 -0.32809200 -0.22452750
v -0.00268300 -0.33058100 -0.22555850
v -0.00268300 -0.33307200 -0.22452750
v -0.00268300 -0.33410300 -0.22203750
v -0.00268300 -0.33307200 -0.21954850
v -0.00268300 -0.33058100 -0.21851650
v 0.00317100 -0.40672700 0.60763850
v 0.01145500 -0.39164400 -0.23801250
v 0.01578100 -0.39361800 -0.23801250
v 0.01145600 -0.39161200 -0.23974550
v 0.01736200 -0.39783000 -0.23801250
v 0.01556600 -0.40227300 -0.23801250
v 0.01145500 -0.40401400 -0.23801250
v 0.00713000 -0.39361800 -0.23801250
v 0.00711300 -0.39359100 -0.23974150
v 0.00554900 -0.39783000 -0.23801250
v 0.00551800 -0.39782400 -0.23974150
v 0.00734600 -0.40227300 -0.23801250
v 0.00732000 -0.40229000 -0.23974150
v -0.00512900 -0.32875000 0.58837850
v -0.00534900 -0.32871500 0.58934850
v -0.00485700 -0.32873100 0.59042750
v -0.00534900 -0.33003800 0.58802650
v -0.00464000 -0.32786300 0.58807450
v -0.00465500 -0.32730300 0.59026350
v -0.00485700 -0.33004500 0.58804150
v -0.00485700 -0.32998200 0.58929350
v -0.00485900 -0.32874900 0.58934950
v -0.00561900 -0.32997200 0.58928350
v -0.00537600 -0.32997200 0.59172450
v -0.00534700 -0.32873200 0.59044550
v -0.00464300 -0.33022300 0.59317550
v -0.00485700 -0.33004600 0.59174250
v -0.00485800 -0.32998200 0.59049150
v -0.00561900 -0.32997400 0.59050250
v -0.00537600 -0.33241300 0.58928150
v -0.00460600 -0.33313900 0.58777650
v -0.00485900 -0.33241400 0.58934950
v -0.00561800 -0.33119000 0.58928250
v -0.00485700 -0.33118100 0.58929250
v -0.00465700 -0.33088500 0.58660450
v -0.00534800 -0.33244700 0.59043650
v -0.00534600 -0.33113400 0.58804350
v -0.00485900 -0.33112400 0.58805850
v -0.00463700 -0.33326100 0.59175650
v -0.00537100 -0.33118200 0.59174550
v -0.00485600 -0.33118100 0.59049050
v -0.00485900 -0.33112400 0.59172550
v -0.00485700 -0.33243200 0.59042750
v -0.00561800 -0.33119100 0.59050150
v -0.00428800 -0.33243800 0.58711350
v -0.00429100 -0.33386800 0.58947550
v -0.00465400 -0.33385000 0.58991050
v -0.00428800 -0.33320100 0.59191950
v -0.00463700 -0.33208200 0.59276750
v -0.00428300 -0.33130300 0.59308750
v -0.00427700 -0.32871000 0.59269650
v -0.00461300 -0.32828600 0.59221550
v -0.00427600 -0.32735600 0.59044750
v -0.00427700 -0.32770900 0.58824750
v -0.00428300 -0.32971100 0.58669750
v -0.00462500 -0.32906700 0.58702050
v 0.02783600 -0.32849500 0.58748350
v 0.02847400 -0.32872000 0.58934550
v 0.02798400 -0.33004600 0.58804150
v 0.02798400 -0.33118100 0.58929350
v 0.02798600 -0.32998200 0.58929250
v 0.02777000 -0.32991300 0.58669050
v 0.02847600 -0.33003800 0.58802650
v 0.02798500 -0.32873100 0.58935650
v 0.02874600 -0.32997300 0.58928250
v 0.02850300 -0.32874700 0.59050250
v 0.02798200 -0.32998300 0.59049050
v 0.02847500 -0.33003900 0.59175850
v 0.02774500 -0.32764300 0.59141450
v 0.02798400 -0.33004600 0.59174250
v 0.02798500 -0.32874900 0.59043350
v 0.02874600 -0.32997300 0.59050150
v 0.02776600 -0.33345700 0.58838850
v 0.02850300 -0.33119300 0.58806050
v 0.02847500 -0.33244700 0.58934850
v 0.02798500 -0.33241400 0.58935050
v 0.02798400 -0.33118100 0.59049050
v 0.02775800 -0.33209800 0.58695350
v 0.02778800 -0.33384800 0.58994450
v 0.02798600 -0.33112400 0.58805850
v 0.02874700 -0.33119100 0.58928350
v 0.02773400 -0.33314300 0.59199550
v 0.02798500 -0.33243200 0.59042850
v 0.02874700 -0.33119000 0.59050150
v 0.02847400 -0.33243100 0.59044450
v 0.02850900 -0.33120000 0.59171750
v 0.02798600 -0.33112400 0.59172550
v 0.02741300 -0.33102200 0.58650850
v 0.02741700 -0.33349300 0.58833650
v 0.02741600 -0.33372100 0.59108450
v 0.02741100 -0.33163300 0.59303150
v 0.02740500 -0.32940800 0.59294850
v 0.02740300 -0.32746700 0.59118350
v 0.02740500 -0.32784900 0.58794550
v 0.02778800 -0.32742600 0.58896250
v 0.02775700 -0.32906800 0.59275950
v 0.02777300 -0.33087500 0.59318250
v 0.01144500 -0.39439600 0.60754550
v 0.01562600 -0.39378400 0.60749350
v 0.01713000 -0.39785300 0.60749950
v 0.01475600 -0.39786600 0.60754150
v 0.01538600 -0.40210600 0.60749750
v 0.01145400 -0.40375700 0.60750950
v 0.01145600 -0.39188700 0.60748850
v 0.01387700 -0.39549600 0.60754550
v 0.01374700 -0.40033100 0.60753750
v 0.01146500 -0.40130400 0.60753650
v 0.00904400 -0.39550500 0.60753850
v 0.00915500 -0.40034000 0.60754450
v 0.00728500 -0.39378300 0.60749350
v 0.00578200 -0.39785300 0.60749950
v 0.00752700 -0.40211200 0.60749850
v 0.01144800 -0.39448800 0.60638950
v 0.00910300 -0.39556400 0.60638950
v 0.00823800 -0.39784800 0.60639550
v 0.00921300 -0.40027900 0.60640550
v 0.01381600 -0.39555600 0.60640550
v 0.01467000 -0.39786300 0.60638750
v 0.01146300 -0.40122000 0.60638850
v 0.01369400 -0.40027500 0.60640350
v 0.00815600 -0.39784600 0.60754150
v 0.01145500 -0.39178000 0.60642950
v 0.01567500 -0.39372300 0.60641650
v 0.01721600 -0.39782800 0.60641650
v 0.01546000 -0.40216000 0.60641650
v 0.01145500 -0.40387600 0.60642950
v 0.00723500 -0.39372300 0.60641650
v 0.00569500 -0.39782800 0.60641650
v 0.00745000 -0.40216000 0.60641650
v -0.00537700 -0.32874900 -0.22142750
v -0.00460600 -0.32875400 -0.21931850
v -0.00561900 -0.32997300 -0.22142850
v -0.00485800 -0.33004600 -0.22018650
v -0.00485800 -0.32998200 -0.22143750
v -0.00464300 -0.33056200 -0.21876550
v -0.00534900 -0.32871600 -0.22258050
v -0.00534800 -0.33003800 -0.22017250
v -0.00485800 -0.32875000 -0.22149550
v -0.00461500 -0.32783100 -0.22380750
v -0.00485800 -0.33004000 -0.22387050
v -0.00537100 -0.32998300 -0.22389450
v -0.00485800 -0.32873100 -0.22257250
v -0.00561900 -0.32997300 -0.22264550
v -0.00485600 -0.32998300 -0.22263650
v -0.00485700 -0.33243200 -0.22257250
v -0.00485600 -0.33118100 -0.22143850
v -0.00485800 -0.33112400 -0.22020450
v -0.00462600 -0.33330800 -0.22022150
v -0.00534600 -0.33113400 -0.22018750
v -0.00537700 -0.33241500 -0.22142850
v -0.00534800 -0.33244700 -0.22258050
v -0.00485900 -0.33241500 -0.22149450
v -0.00561900 -0.33119100 -0.22142750
v -0.00461100 -0.33331100 -0.22385450
v -0.00561800 -0.33119000 -0.22264650
v -0.00485800 -0.33118200 -0.22263750
v -0.00464800 -0.33181100 -0.22506550
v -0.00537600 -0.33119100 -0.22386950
v -0.00485800 -0.33111700 -0.22388850
v -0.00428400 -0.33035200 -0.21873350
v -0.00428900 -0.33302600 -0.21973450
v -0.00429000 -0.33383000 -0.22301950
v -0.00428400 -0.33191000 -0.22503250
v -0.00427900 -0.32970900 -0.22523050
v -0.00427600 -0.32746700 -0.22332650
v -0.00427800 -0.32784900 -0.22008950
v -0.00463200 -0.32754900 -0.22081150
v -0.00463500 -0.32735400 -0.22236050
v -0.00464300 -0.32959600 -0.22518850
v -0.00464200 -0.33206700 -0.21915750
v -0.00466100 -0.33384800 -0.22198450
v 0.02773800 -0.32823800 -0.21975550
v 0.02849800 -0.32998400 -0.22018150
v 0.02798400 -0.32874900 -0.22257850
v 0.02798300 -0.32998300 -0.22143850
v 0.02778300 -0.32730600 -0.22170850
v 0.02798400 -0.33004600 -0.22018650
v 0.02847400 -0.32873200 -0.22148450
v 0.02874600 -0.32997200 -0.22142950
v 0.02798600 -0.32873100 -0.22150050
v 0.02874600 -0.32997300 -0.22264550
v 0.02798500 -0.33004000 -0.22386950
v 0.02798400 -0.32998300 -0.22263650
v 0.02778600 -0.33022600 -0.22531150
v 0.02849800 -0.32998100 -0.22389150
v 0.02847500 -0.32871600 -0.22258050
v 0.02778700 -0.33159800 -0.21895850
v 0.02798600 -0.33112400 -0.22020450
v 0.02798500 -0.33118200 -0.22143750
v 0.02847500 -0.33244800 -0.22149350
v 0.02850300 -0.33119200 -0.22020450
v 0.02798600 -0.33241500 -0.22149450
v 0.02874600 -0.33119000 -0.22142750
v 0.02773500 -0.33265100 -0.22462350
v 0.02850300 -0.33119200 -0.22386950
v 0.02798300 -0.33118100 -0.22263650
v 0.02798500 -0.33111700 -0.22388750
v 0.02847300 -0.33243200 -0.22258850
v 0.02798400 -0.33243300 -0.22257250
v 0.02874700 -0.33119100 -0.22264550
v 0.02741600 -0.33326000 -0.22014950
v 0.02774800 -0.33290100 -0.21972250
v 0.02777800 -0.33368900 -0.22109750
v 0.02741600 -0.33387700 -0.22292650
v 0.02778400 -0.33377900 -0.22271550
v 0.02741100 -0.33163300 -0.22517650
v 0.02740400 -0.32850300 -0.22474050
v 0.02771900 -0.32801100 -0.22413550
v 0.02740300 -0.32727500 -0.22137850
v 0.02740800 -0.32883100 -0.21926950
v 0.02741300 -0.33123300 -0.21876050
v 0.02776800 -0.32992400 -0.21883250
vn 0.3171 -0.1556 0.9355
vn -0.3628 -0.9237 -0.1233
vn 0.3647 -0.9244 -0.1120
vn 0.3116 -0.9347 0.1710
vn -0.3186 -0.9365 0.1465
vn 0.4700 0.8258 0.3118
vn -0.9529 -0.3032 0.0001
vn 0.9989 0.0220 0.0410
vn -0.9999 -0.0122 -0.0002
vn -0.0000 1.0000 0.0020
vn -0.0986 0.9824 0.1585
vn 0.0623 0.9828 -0.1741
vn -0.1791 0.9818 -0.0633
vn 0.0973 0.9838 0.1506
vn -0.0009 1.0000 0.0002
vn 0.9296 0.3049 -0.2069
vn -0.9248 0.2635 0.2743
vn 0.0007 0.4421 -0.8969
vn 0.0002 0.4335 0.9011
vn -0.4288 0.0084 0.9034
vn 0.0439 0.9984 -0.0357
vn 0.9995 0.0309 -0.0000
vn 0.4083 0.0970 0.9077
vn -0.3987 0.0804 0.9136
vn 0.4421 0.0922 -0.8922
vn 0.0008 1.0000 -0.0002
vn 0.4161 0.9093 0.0001
vn -0.3916 0.9201 -0.0001
vn 0.8350 0.5503 -0.0001
vn 0.0001 0.7704 -0.6376
vn 0.2774 0.9537 -0.1161
vn -0.2773 0.9537 0.1162
vn 0.1231 0.9503 0.2859
vn -0.2013 0.8125 0.5471
vn 0.6252 0.7804 -0.0000
vn -0.0000 1.0000 -0.0002
vn -1.0000 -0.0025 0.0002
vn 0.0015 -0.0025 -1.0000
vn 0.0013 -1.0000 0.0007
vn 0.0009 0.0015 1.0000
vn 0.0021 1.0000 -0.0007
vn 1.0000 -0.0010 -0.0001
vn -1.0000 -0.0055 0.0007
vn -0.0015 0.0020 -1.0000
vn 0.0008 -1.0000 -0.0004
vn -0.0013 -0.0013 1.0000
vn 0.0005 1.0000 0.0004
vn 1.0000 0.0030 -0.0004
vn -1.0000 -0.0022 -0.0007
vn 0.0003 0.0012 -1.0000
vn 0.0026 -1.0000 -0.0007
vn -0.0022 -0.0046 1.0000
vn -0.0018 1.0000 0.0004
vn 0.9206 -0.2706 0.2816
vn -0.9165 0.2761 0.2894
vn -0.3245 0.1517 0.9337
vn 0.5578 0.2738 0.7836
vn -0.5668 0.2713 0.7779
vn -0.9374 -0.2879 0.1959
vn -0.3182 0.9351 0.1560
vn 0.3549 0.9274 0.1183
vn -0.4917 0.8229 0.2847
vn 0.4210 0.0120 0.9070
vn -0.3291 -0.0003 0.9443
vn 0.4260 -0.0077 -0.9047
vn -0.9533 -0.0082 -0.3020
vn 0.3641 0.9314 -0.0051
vn -0.3286 0.9445 0.0012
vn 0.9687 0.2481 -0.0001
vn -0.9538 0.2995 0.0248
vn 0.3291 -0.9443 -0.0000
vn 1.0000 0.0001 -0.0002
vn 0.9523 0.0185 0.3045
vn -0.1645 0.9832 0.0790
vn 0.9530 -0.0083 -0.3030
vn -1.0000 -0.0001 -0.0008
vn -0.4267 -0.0078 -0.9044
vn -0.9532 -0.0003 0.3023
vn -0.2628 0.0278 0.9644
vn 0.9489 0.0135 0.3153
vn -0.3285 -0.9445 -0.0000
vn 0.9530 -0.3029 0.0001
vn -0.0000 -0.3654 0.9309
vn -1.0000 0.0003 -0.0000
vn -0.0000 -0.9158 -0.4015
vn -0.0000 0.3160 0.9488
vn -0.0000 0.9324 0.3615
vn -0.0000 -0.0001 1.0000
vn -0.0000 -0.0003 -1.0000
vn -0.0000 -1.0000 -0.0000
vn -0.1896 0.9819 -0.0000
vn 0.1866 0.9803 0.0647
vn -0.0665 0.9827 -0.1730
vn -0.1898 0.9794 0.0692
vn 0.1771 0.9821 -0.0642
vn 0.1871 0.9823 0.0001
vn -0.0000 0.9884 0.1516
vn 0.9994 0.0348 0.0002
vn -0.0007 0.0353 -0.9994
vn -1.0000 0.0088 -0.0000
vn -0.0010 0.0536 0.9986
vn -0.3036 0.9031 -0.3038
vn 0.3883 0.9141 0.1170
vn 0.0004 0.9314 -0.3641
vn -0.0001 0.8981 0.4399
vn 0.9263 0.0097 -0.3768
vn 0.9256 0.0213 0.3779
vn 0.9383 0.3457 -0.0001
vn -0.4009 0.0160 -0.9160
vn 0.4505 0.0174 -0.8926
vn -0.9262 0.0096 0.3768
vn -0.9161 0.0170 -0.4006
vn -0.9396 0.3422 0.0001
vn 0.4102 0.0106 0.9120
vn -0.0415 0.9991 -0.0000
vn -0.0003 0.9999 0.0167
vn 0.0222 0.9998 0.0001
vn -0.0000 0.9998 0.0186
vn -0.0003 -0.0826 0.9966
vn -0.0559 0.9983 -0.0190
vn 0.0487 0.9973 0.0541
vn -0.0462 0.9977 -0.0491
vn -0.0001 0.0332 -0.9994
vn -0.9090 0.0314 0.4156
vn 0.9059 0.0268 -0.4227
vn -0.9077 0.0948 -0.4088
vn 0.8812 0.0310 0.4718
vn -0.4257 -0.0201 -0.9046
vn -0.9996 0.0290 -0.0000
vn 1.0000 -0.0045 -0.0003
vn 0.9997 0.0262 -0.0000
vn -1.0000 0.0032 -0.0005
vn 0.0018 0.0049 -1.0000
vn 0.0018 -1.0000 -0.0003
vn 0.0017 0.0029 1.0000
vn -0.0021 1.0000 0.0006
vn 1.0000 -0.0013 -0.0002
vn -1.0000 -0.0047 -0.0006
vn 0.0012 -0.0028 -1.0000
vn -0.0026 -1.0000 0.0007
vn 0.0021 -0.0038 1.0000
vn 0.0025 1.0000 -0.0006
vn 1.0000 -0.0040 -0.0000
vn -1.0000 0.0042 -0.0000
vn 0.0010 -0.0017 1.0000
vn 0.0020 -1.0000 -0.0000
vn -0.0013 -0.0022 -1.0000
vn -0.0027 1.0000 -0.0000
vn 1.0000 -0.0017 0.0002
vn -1.0000 0.0045 -0.0005
vn 0.0028 0.0022 -1.0000
vn -0.0023 0.0047 1.0000
vn 0.0025 1.0000 0.0008
vn 1.0000 0.0010 0.0004
vn -1.0000 0.0065 -0.0006
vn -0.0010 0.0009 -1.0000
vn 0.0020 -1.0000 0.0003
vn -0.0024 -0.0035 1.0000
vn 0.0009 1.0000 -0.0003
vn 1.0000 0.0037 0.0005
vn -1.0000 -0.0037 -0.0005
vn 0.0025 -0.0036 -1.0000
vn 0.0024 -1.0000 0.0009
vn 0.0024 0.0029 1.0000
vn 0.0022 1.0000 -0.0007
vn 1.0000 0.0040 0.0008
vn -1.0000 -0.0005 0.0002
vn 0.0016 -0.0023 -1.0000
vn 0.0018 -1.0000 0.0006
vn 0.0021 0.0033 1.0000
vn 0.0014 1.0000 -0.0008
vn 1.0000 0.0022 -0.0003
vn -1.0000 0.0045 -0.0006
vn 0.0014 0.0028 -1.0000
vn 0.0022 -1.0000 -0.0008
vn -0.0006 0.0046 1.0000
vn -0.0012 1.0000 -0.0000
vn 1.0000 -0.0045 -0.0005
vn -1.0000 0.0032 -0.0004
vn 0.0012 -0.0029 -1.0000
vn -0.0025 -1.0000 -0.0006
vn 0.0014 0.0036 1.0000
vn 0.0032 1.0000 -0.0009
vn 1.0000 0.0050 0.0005
vn -1.0000 -0.0032 0.0008
vn 0.0024 0.0047 -1.0000
vn 0.0017 -1.0000 -0.0004
vn 0.0015 -0.0033 1.0000
vn 0.0019 1.0000 0.0004
vn 1.0000 0.0020 -0.0002
vn -1.0000 0.0042 -0.0007
vn 0.0013 0.0027 -1.0000
vn 0.0017 -1.0000 -0.0005
vn 0.0021 0.0045 1.0000
vn 0.0015 1.0000 -0.0004
vn 1.0000 -0.0022 0.0003
vn -1.0000 -0.0028 -0.0006
vn -0.0026 -0.0049 -1.0000
vn 0.0028 -1.0000 -0.0005
vn 0.0014 -0.0039 1.0000
vn 0.0008 1.0000 0.0003
vn 1.0000 0.0037 -0.0006
vn -1.0000 -0.0027 -0.0006
vn 0.0019 0.0039 -1.0000
vn -0.0021 -1.0000 0.0007
vn 0.0018 -0.0040 1.0000
vn 0.0019 1.0000 0.0006
vn 1.0000 -0.0020 0.0002
vn -1.0000 0.0025 -0.0003
vn -0.0011 0.0022 -1.0000
vn -0.0019 -1.0000 -0.0005
vn 0.0015 -0.0035 1.0000
vn -0.0011 1.0000 -0.0003
vn 1.0000 -0.0055 -0.0008
vn -1.0000 0.0020 -0.0003
vn 0.0009 -0.0014 -1.0000
vn 0.0010 -1.0000 -0.0001
vn 0.0016 0.0008 1.0000
vn -0.0012 1.0000 -0.0006
vn 1.0000 -0.0035 0.0004
vn -0.0024 -0.0031 -1.0000
vn 0.0021 -1.0000 -0.0003
vn 0.0012 -0.0030 1.0000
vn 0.0007 1.0000 0.0003
vn -1.0000 -0.0027 -0.0004
vn -0.0029 0.0052 -1.0000
vn 0.0020 -1.0000 0.0006
vn 0.0025 0.0053 1.0000
vn -0.0015 1.0000 0.0006
vn 1.0000 0.0052 0.0006
vn -1.0000 0.0010 0.0002
vn -0.0019 0.0052 -1.0000
vn -0.0018 -1.0000 -0.0002
vn -0.0010 -0.0031 1.0000
vn -0.0010 1.0000 0.0003
vn 1.0000 -0.0032 0.0005
vn -1.0000 -0.0018 0.0004
vn 0.0019 -0.0040 -1.0000
vn 0.0017 -1.0000 0.0004
vn 0.0011 0.0042 1.0000
vn -0.0012 1.0000 0.0005
vn 1.0000 0.0028 0.0006
vn -1.0000 0.0057 -0.0005
vn -0.0016 0.0042 -1.0000
vn 0.0029 -1.0000 0.0007
vn 0.0017 0.0030 1.0000
vn 0.0014 1.0000 -0.0004
vn 1.0000 0.0034 -0.0000
vn -1.0000 0.0036 -0.0000
vn 0.0026 -0.0058 1.0000
vn -0.0019 -1.0000 -0.0000
vn 0.0020 0.0054 -1.0000
vn -0.0020 1.0000 -0.0000
vn 1.0000 -0.0035 -0.0003
vn -1.0000 0.0035 0.0004
vn 0.0027 0.0055 -1.0000
vn -0.0006 -1.0000 0.0004
vn 0.0001 -0.0003 1.0000
vn -0.0019 1.0000 -0.0005
vn 1.0000 0.0029 0.0007
vn -1.0000 -0.0034 0.0006
vn -0.0016 0.0037 -1.0000
vn 0.0027 -1.0000 0.0008
vn 0.0017 0.0040 1.0000
vn 0.0018 1.0000 -0.0006
vn 1.0000 0.0064 -0.0009
vn -1.0000 -0.0057 -0.0007
vn -0.0019 -0.0028 -1.0000
vn -0.0015 -1.0000 -0.0005
vn -0.0019 0.0047 1.0000
vn -0.0020 1.0000 0.0006
vn 1.0000 0.0010 0.0002
vn -1.0000 -0.0012 0.0001
vn 0.0008 -0.0017 -1.0000
vn -0.0004 -1.0000 0.0001
vn 0.0008 0.0014 1.0000
vn -0.0008 1.0000 -0.0001
vn 1.0000 0.0013 0.0002
vn -1.0000 -0.0000 -0.0001
vn 0.0010 -0.0013 -1.0000
vn -0.0002 -1.0000 -0.0001
vn 0.0007 0.0019 1.0000
vn -0.0012 1.0000 -0.0003
vn 1.0000 -0.0003 0.0001
vn -1.0000 -0.0013 0.0003
vn -0.0009 0.0016 -1.0000
vn -0.0008 -1.0000 0.0002
vn -0.0008 1.0000 -0.0003
vn 1.0000 0.0022 -0.0005
vn -1.0000 -0.0015 -0.0003
vn -0.0024 -0.0055 -1.0000
vn -0.0014 -1.0000 0.0004
vn 0.0007 -0.0015 1.0000
vn -0.0021 1.0000 -0.0003
vn 1.0000 -0.0050 0.0009
vn -1.0000 -0.0047 -0.0007
vn 0.0019 -0.0044 -1.0000
vn -0.0019 -1.0000 -0.0006
vn 0.0031 0.0054 1.0000
vn 1.0000 -0.0005 0.0001
vn -1.0000 0.0020 0.0002
vn -0.0002 -0.0012 -1.0000
vn -0.0006 -1.0000 -0.0002
vn -0.0005 0.0009 1.0000
vn -0.0010 1.0000 0.0004
vn 1.0000 -0.0008 0.0001
vn -1.0000 0.0015 0.0002
vn -0.0006 -0.0021 -1.0000
vn -0.0011 -1.0000 -0.0003
vn -0.0004 0.0008 1.0000
vn -0.0004 1.0000 0.0002
vn -0.0000 0.9705 0.2411
vn -0.2594 0.9658 -0.0000
vn 0.2824 0.9593 -0.0000
vn -0.8356 0.5494 -0.0000
vn -0.0000 0.9699 -0.2435
vn 0.0002 -0.8167 0.5771
vn 0.2083 0.9741 0.0881
vn -0.1270 0.9607 -0.2470
vn 0.2033 0.8181 -0.5379
vn -0.6598 0.7134 -0.2363
vn 0.0001 0.3837 0.9235
vn -0.0001 -0.9171 0.3986
vn -0.0000 -0.3732 -0.9278
vn -0.0000 0.9486 0.3164
vn -0.0000 0.0034 1.0000
vn -0.0000 0.9852 -0.1712
vn 0.3262 0.0031 0.9453
vn -0.9535 0.0109 0.3011
vn -1.0000 0.0010 -0.0000
vn 1.0000 0.0011 -0.0000
vn 1.0000 0.0055 0.0006
vn -1.0000 0.0012 -0.0003
vn -0.0019 0.0046 -1.0000
vn -0.0023 -1.0000 -0.0004
vn -0.0014 -0.0031 1.0000
vn -0.0012 1.0000 0.0003
vn 1.0000 0.0012 0.0002
vn -1.0000 0.0060 -0.0010
vn 0.0018 -0.0049 -1.0000
vn -0.0012 -1.0000 0.0002
vn 0.0013 0.0042 1.0000
vn -0.0011 1.0000 -0.0001
vn 1.0000 -0.0052 0.0008
vn -1.0000 0.0048 0.0003
vn -0.0015 -0.0025 -1.0000
vn -0.0023 -1.0000 0.0007
vn 0.0022 0.0044 1.0000
vn 0.0007 1.0000 -0.0004
vn 0.8803 -0.3289 0.3418
vn -0.8831 0.3242 0.3393
vn 0.3280 0.0001 0.9447
vn -0.4115 -0.0109 0.9113
vn 0.3122 0.0012 -0.9500
vn -0.9207 -0.0135 -0.3899
vn 0.1568 0.9818 0.1075
vn -0.9659 0.2588 0.0094
vn 0.3818 -0.9242 -0.0001
vn 0.9999 -0.0122 -0.0001
vn 0.9545 0.0193 0.2975
vn 0.9181 -0.0138 -0.3961
vn -0.3294 -0.0001 -0.9442
vn -0.9017 -0.0176 0.4320
vn -0.3272 0.0030 0.9450
vn 0.9531 0.0096 0.3024
vn -0.3818 -0.9243 -0.0001
vn -0.0000 -0.3764 0.9265
vn -0.0000 -0.9210 -0.3897
vn -0.0000 0.3165 0.9486
vn 0.0002 0.9145 0.4047
vn -0.0000 -0.0000 1.0000
vn -0.0000 0.0002 -1.0000
vn -0.1788 0.9839 -0.0000
vn 0.1776 0.9841 -0.0000
vn -0.0000 0.9872 0.1597
vn 1.0000 0.0088 -0.0000
vn -0.0001 0.0133 -0.9999
vn -0.9992 0.0405 -0.0002
vn -0.0000 0.0105 0.9999
vn -0.3019 0.9031 -0.3054
vn 0.0004 0.9279 -0.3729
vn -0.0004 0.9240 0.3824
vn 0.8925 0.0225 -0.4505
vn 0.9146 0.0240 0.4035
vn -0.3348 0.0251 -0.9420
vn 0.4240 0.0129 -0.9056
vn -0.8933 0.0222 0.4488
vn -0.9464 0.0284 -0.3216
vn 0.4608 0.0193 0.8873
vn -0.0124 0.9999 0.0001
vn -0.0001 0.9999 -0.0168
vn -0.0213 0.9998 -0.0000
vn 0.0003 1.0000 -0.0092
vn 0.0001 -0.0347 0.9994
vn 0.0008 -0.0832 -0.9965
vn -0.9137 0.0253 0.4057
vn 0.9091 0.0227 -0.4160
vn 0.9200 -0.0266 0.3910
vn -0.4989 0.0310 -0.8661
vn -0.9996 -0.0294 -0.0001
vn 1.0000 0.0017 0.0006
vn -1.0000 -0.0020 0.0003
vn -0.0028 -0.0045 -1.0000
vn -0.0012 -1.0000 0.0006
vn -0.0008 -0.0022 1.0000
vn 0.0019 1.0000 -0.0006
vn 1.0000 0.0042 0.0006
vn -1.0000 0.0020 0.0004
vn -0.0025 0.0050 -1.0000
vn 0.0013 -1.0000 -0.0005
vn -0.0007 0.0019 1.0000
vn -0.0013 1.0000 0.0005
vn 1.0000 0.0025 -0.0000
vn -1.0000 -0.0037 -0.0000
vn -0.0012 0.0028 1.0000
vn -0.0026 -1.0000 -0.0000
vn 0.0012 0.0030 -1.0000
vn 0.0023 1.0000 -0.0000
vn 1.0000 0.0015 -0.0003
vn -1.0000 -0.0037 0.0007
vn -0.0006 -0.0048 -1.0000
vn 0.0014 -0.0030 1.0000
vn 1.0000 -0.0030 -0.0002
vn -1.0000 -0.0025 0.0007
vn 0.0013 -0.0039 -1.0000
vn -0.0013 -1.0000 -0.0007
vn 0.0022 0.0060 1.0000
vn -0.0025 1.0000 0.0007
vn 1.0000 -0.0032 -0.0005
vn -1.0000 0.0032 0.0005
vn -0.0023 0.0063 -1.0000
vn -0.0022 -1.0000 -0.0005
vn -0.0022 -0.0065 1.0000
vn -0.0024 1.0000 0.0006
vn 1.0000 -0.0065 -0.0007
vn -1.0000 0.0032 -0.0003
vn -0.0015 0.0043 -1.0000
vn -0.0013 -1.0000 -0.0003
vn -0.0022 -0.0057 1.0000
vn -0.0020 1.0000 0.0002
vn 1.0000 -0.0030 0.0005
vn -1.0000 -0.0040 0.0006
vn -0.0025 -0.0051 -1.0000
vn -0.0024 -1.0000 0.0006
vn 0.0023 -0.0016 1.0000
vn 0.0009 1.0000 0.0006
vn 1.0000 0.0037 0.0006
vn -1.0000 -0.0025 0.0004
vn -0.0015 0.0027 -1.0000
vn 0.0024 -1.0000 0.0008
vn -0.0018 -0.0030 1.0000
vn -0.0022 1.0000 0.0007
vn 1.0000 -0.0037 -0.0007
vn -1.0000 0.0048 -0.0004
vn -0.0019 -0.0040 -1.0000
vn -0.0012 -1.0000 0.0005
vn -0.0025 0.0049 1.0000
vn -0.0014 1.0000 -0.0005
vn 1.0000 -0.0040 0.0006
vn -1.0000 -0.0027 0.0003
vn -0.0022 -0.0045 -1.0000
vn -0.0010 -0.0020 1.0000
vn -0.0024 1.0000 0.0008
vn 1.0000 0.0012 -0.0002
vn -1.0000 0.0052 0.0006
vn 0.0026 0.0057 -1.0000
vn -0.0011 -1.0000 0.0007
vn -0.0010 0.0011 1.0000
vn -0.0023 1.0000 -0.0007
vn 1.0000 -0.0057 0.0008
vn -1.0000 0.0060 0.0007
vn -0.0021 -0.0042 -1.0000
vn 0.0027 -1.0000 -0.0007
vn -0.0019 0.0037 1.0000
vn -0.0026 1.0000 -0.0007
vn 1.0000 0.0040 -0.0007
vn -1.0000 -0.0032 0.0005
vn 0.0023 -0.0048 -1.0000
vn 0.0009 -1.0000 0.0003
vn -0.0022 0.0043 1.0000
vn 0.0027 1.0000 0.0008
vn 1.0000 0.0057 0.0008
vn -1.0000 -0.0013 0.0002
vn -0.0012 0.0030 -1.0000
vn -0.0011 -1.0000 0.0005
vn -0.0012 -0.0048 1.0000
vn 0.0013 1.0000 0.0002
vn 1.0000 0.0021 -0.0004
vn -1.0000 0.0055 0.0006
vn 0.0023 0.0066 -1.0000
vn -0.0014 -1.0000 0.0007
vn -0.0007 0.0012 1.0000
vn -0.0023 1.0000 -0.0006
vn -1.0000 0.0035 0.0005
vn 0.0024 -0.0056 -1.0000
vn -0.0017 -1.0000 -0.0005
vn -0.0034 -0.0070 1.0000
vn 0.0019 1.0000 -0.0004
vn 1.0000 -0.0038 -0.0007
vn -1.0000 -0.0030 -0.0004
vn 0.0019 -0.0026 -1.0000
vn 0.0007 -1.0000 0.0006
vn 0.0012 0.0014 1.0000
vn 0.0023 1.0000 -0.0007
vn 1.0000 0.0047 -0.0006
vn -1.0000 0.0028 -0.0002
vn -0.0005 0.0010 -1.0000
vn -0.0022 -1.0000 -0.0007
vn -0.0019 -0.0021 1.0000
vn 0.0007 1.0000 -0.0001
vn 1.0000 -0.0057 -0.0006
vn -1.0000 -0.0026 0.0006
vn 0.0020 -0.0034 -1.0000
vn -0.0021 -1.0000 -0.0008
vn -0.0017 -0.0041 1.0000
vn 1.0000 -0.0025 -0.0000
vn -1.0000 -0.0042 -0.0000
vn -0.0020 0.0037 1.0000
vn -0.0019 -0.0026 -1.0000
vn 0.0022 1.0000 -0.0000
vn 1.0000 0.0018 0.0005
vn -1.0000 -0.0005 -0.0002
vn -0.0024 -0.0051 -1.0000
vn 0.0016 -1.0000 -0.0002
vn -0.0007 0.0013 1.0000
vn 0.0005 1.0000 0.0002
vn 1.0000 -0.0062 -0.0006
vn -1.0000 0.0062 -0.0007
vn 0.0019 -0.0034 -1.0000
vn -0.0015 -0.0027 1.0000
vn -0.0029 1.0000 0.0008
vn 1.0000 -0.0058 0.0008
vn -1.0000 0.0047 0.0008
vn 0.0015 0.0043 -1.0000
vn 0.0015 -1.0000 0.0004
vn 0.0018 -0.0030 1.0000
vn 0.0018 1.0000 -0.0005
vn 1.0000 -0.0007 -0.0001
vn -1.0000 0.0008 -0.0002
vn 0.0004 -1.0000 -0.0001
vn -0.0006 -0.0017 1.0000
vn 0.0004 1.0000 0.0003
vn 1.0000 -0.0012 -0.0001
vn -1.0000 0.0010 -0.0002
vn -0.0009 0.0026 -1.0000
vn 0.0003 -1.0000 -0.0002
vn -0.0010 -0.0015 1.0000
vn 0.0002 1.0000 0.0001
vn -1.0000 0.0015 -0.0001
vn 0.0002 -0.0006 -1.0000
vn 0.0002 -1.0000 -0.0002
vn -0.0006 -0.0016 1.0000
vn 0.0009 1.0000 0.0002
vn 1.0000 -0.0059 0.0006
vn -1.0000 0.0032 0.0004
vn 0.0026 0.0049 -1.0000
vn 0.0022 -1.0000 -0.0007
vn -0.0015 0.0030 1.0000
vn 0.0013 1.0000 0.0007
vn 1.0000 0.0046 -0.0005
vn -1.0000 0.0040 0.0005
vn -0.0029 0.0055 -1.0000
vn 0.0018 -1.0000 0.0005
vn -0.0016 -0.0045 1.0000
vn -0.0016 1.0000 0.0004
vn 1.0000 0.0013 -0.0001
vn -1.0000 -0.0008 -0.0002
vn 0.0002 -0.0004 -1.0000
vn 0.0008 -1.0000 0.0002
vn 0.0002 -0.0007 1.0000
vn 1.0000 0.0002 -0.0000
vn -1.0000 -0.0017 -0.0002
vn 0.0006 0.0002 -1.0000
vn 0.0006 -1.0000 0.0002
vn 0.0001 -0.0002 1.0000
vn 0.0006 1.0000 -0.0001
vn -0.0000 0.9698 0.2440
vn 0.2687 0.9632 -0.0000
vn 0.0001 0.9612 -0.2757
vn -0.0000 0.3600 0.9330
vn -0.0000 -0.9279 0.3729
vn -0.0000 -0.3649 -0.9311
vn -0.0000 0.9475 0.3196
vn -0.0000 0.0033 1.0000
vn -0.0000 0.9848 -0.1736
vn 0.2595 0.0288 0.9653
vn -0.9512 0.0130 0.3083
vn 1.0000 -0.0035 -0.0007
vn -0.0000 -0.8702 0.4927
vn 0.3790 -0.2948 -0.8772
vn 0.3786 0.2942 -0.8775
vn 0.8912 -0.2811 -0.3560
vn 0.8910 0.2811 -0.3566
vn -0.3197 -0.2468 0.9148
vn -0.3208 0.2467 0.9145
vn -0.9260 -0.2764 0.2571
vn -0.9260 0.2763 0.2573
vn -0.2894 -0.7034 0.6492
vn -0.2701 0.7162 0.6436
vn -0.6648 -0.7009 0.2584
vn -0.6676 0.6952 0.2666
vn -0.2896 0.7032 0.6494
vn -0.2894 -0.7033 0.6493
vn -0.2709 0.7158 0.6437
vn -0.6645 0.7023 0.2556
vn -0.6678 -0.6950 0.2667
vn -0.6649 0.7009 0.2582
vn -0.6681 -0.6947 0.2667
vn -0.0000 -0.9482 0.3176
vn -0.3006 -0.9179 0.2590
vn -0.3003 0.9179 0.2595
vn -0.0000 0.0001 1.0000
vn -0.0000 -0.3180 0.9481
vn -0.0000 -0.2450 0.9695
vn -0.0000 0.7248 0.6890
vn -0.0000 -0.6659 0.7460
vn -1.0000 -0.0002 -0.0000
vn -0.0000 0.9482 0.3176
vn -0.0000 0.7240 0.6898
vn -1.0000 -0.0000 -0.0000
vn -0.0000 -0.8702 0.4926
vn -0.0000 -0.8703 0.4926
vn -0.3792 -0.2947 -0.8771
vn -0.3785 0.2948 -0.8774
vn -0.8919 -0.2880 -0.3486
vn -0.8919 0.2881 -0.3487
vn 0.2586 -0.3072 0.9158
vn 0.3209 0.2471 0.9143
vn 0.9280 -0.2724 0.2541
vn 0.9275 0.2376 0.2887
vn 0.2766 -0.7110 0.6465
vn 0.2896 0.7013 0.6514
vn 0.6688 -0.6969 0.2588
vn 0.6669 0.7008 0.2532
vn 0.2896 0.7014 0.6513
vn 0.2682 -0.7166 0.6438
vn 0.2769 0.7100 0.6474
vn 0.2907 -0.7015 0.6507
vn 0.6669 0.7008 0.2531
vn 0.6724 -0.6894 0.2695
vn 0.6687 0.6971 0.2586
vn 0.6719 -0.6896 0.2701
vn -0.0000 -0.7251 0.6887
vn -0.0000 0.6664 0.7456
vn 0.7667 -0.6420 -0.0000
vn 0.3019 -0.9177 0.2581
vn 0.2500 0.9180 0.3079
vn -0.0000 -0.2448 0.9696
vn -0.0000 -0.6658 0.7462
vn 0.3317 -0.9434 -0.0000
vn 0.9539 0.3000 -0.0000
vn 0.7667 0.6420 -0.0000
vn 0.7665 -0.6422 -0.0000
vn 0.7669 0.6417 -0.0000
vn 0.7670 0.6416 -0.0000
vn -0.0000 0.7241 0.6897
vn -0.0000 -0.2471 0.9690
vn 0.7668 -0.6419 -0.0000
vn -1.0000 0.0001 -0.0000
vn -0.0000 -0.8707 -0.4918
vn 0.3844 -0.2909 0.8762
vn 0.3838 0.2919 0.8761
vn 0.8944 -0.2768 0.3512
vn 0.8942 0.2770 0.3515
vn -0.2791 -0.2888 -0.9158
vn -0.2589 0.3080 -0.9155
vn -0.9248 -0.2951 -0.2401
vn -0.9247 0.2403 -0.2954
vn -0.2794 -0.7066 -0.6501
vn -0.2831 0.7071 -0.6480
vn -0.6683 -0.6976 -0.2583
vn -0.6653 0.7003 -0.2586
vn -0.2755 0.7126 -0.6453
vn -0.2751 -0.7089 -0.6495
vn -0.2723 -0.7105 -0.6488
vn -0.6679 0.6955 -0.2649
vn -0.6673 -0.6993 -0.2563
vn -0.6649 0.7011 -0.2575
vn -0.6697 -0.6956 -0.2601
vn -0.3230 0.9464 -0.0000
vn -0.0000 0.2429 -0.9701
vn -0.0000 0.6649 -0.7469
vn -0.7658 -0.6431 -0.0000
vn -0.7024 0.7118 -0.0000
vn -0.2795 -0.9157 -0.2886
vn -0.2578 0.9182 -0.3009
vn -0.0000 0.8704 -0.4923
vn -0.0000 -0.3189 -0.9478
vn -0.0000 -0.6607 -0.7507
vn -0.0000 0.7249 -0.6888
vn -0.0000 -0.6599 -0.7514
vn -0.5098 0.8603 -0.0000
vn -0.9723 0.2339 -0.0000
vn -0.9741 -0.2260 -0.0000
vn -0.9722 0.2340 -0.0000
vn -0.5094 -0.8606 -0.0000
vn -0.0000 0.9503 -0.3114
vn -0.7665 -0.6423 -0.0000
vn -0.6997 0.7144 -0.0000
vn -0.0000 -0.9478 -0.3189
vn -0.3807 -0.2930 0.8770
vn -0.3805 0.2920 0.8775
vn -0.8925 -0.2853 0.3492
vn -0.8909 0.2878 0.3513
vn 0.3208 -0.2477 -0.9142
vn 0.2785 0.2895 -0.9158
vn 0.9268 -0.2394 -0.2893
vn 0.9267 0.2894 -0.2398
vn 0.2812 -0.7042 -0.6519
vn 0.2844 0.7052 -0.6494
vn 0.6724 -0.6940 -0.2572
vn 0.6689 0.6976 -0.2568
vn 0.2730 0.7125 -0.6464
vn 0.2746 -0.7112 -0.6471
vn 0.2675 0.7161 -0.6447
vn 0.2803 -0.7044 -0.6521
vn 0.6684 0.6985 -0.2557
vn 0.6716 -0.6908 -0.2680
vn 0.6718 0.6908 -0.2673
vn 0.6739 -0.6899 -0.2644
vn -0.0000 0.2426 -0.9701
vn 0.9728 -0.2318 -0.0000
vn -0.0000 -0.7214 -0.6925
vn -0.0000 0.6654 -0.7465
vn -0.0000 -0.7212 -0.6928
vn -0.0000 -0.7249 -0.6889
vn 0.2590 -0.9155 -0.3080
vn 0.2772 0.9184 -0.2823
vn -0.0000 -0.0000 -1.0000
vn -0.0000 -0.2426 -0.9701
vn -0.0000 -0.6606 -0.7508
vn 0.3314 -0.9435 -0.0000
vn 0.7659 0.6429 -0.0000
vn 0.7697 -0.6385 -0.0000
vn 0.7691 -0.6391 -0.0000
vn -0.0000 -0.8704 -0.4923
vn -0.0000 1.0000 -0.0000
vn 0.3256 0.9365 -0.1303
vn 0.3778 -0.2940 -0.8780
vn 0.3792 0.2944 -0.8772
vn 0.1356 0.9393 -0.3151
vn -0.3135 0.3074 0.8985
vn -0.3146 -0.3135 0.8960
vn 0.1356 -0.9394 -0.3150
vn 0.3291 -0.9354 -0.1296
vn -0.9105 -0.3136 0.2694
vn 0.8914 -0.2867 -0.3510
vn 0.8914 0.2872 -0.3507
vn -0.9115 0.3124 0.2675
vn -0.2944 0.3215 0.9000
vn -0.3133 0.3074 0.8985
vn -0.2592 -0.3062 0.9160
vn -0.2941 -0.3247 0.8989
vn -0.3151 -0.3157 0.8950
vn -0.2575 0.3064 0.9164
vn -0.9105 0.3138 0.2693
vn -0.9254 -0.2373 0.2955
vn -0.9108 -0.3129 0.2693
vn -0.9117 0.3120 0.2673
vn -0.9078 -0.3021 0.2909
vn -0.1747 -0.8116 0.5575
vn -0.9254 0.2373 0.2955
vn -0.1662 0.8137 0.5570
vn -0.2702 -0.7164 0.6433
vn -0.2895 0.7037 0.6488
vn -0.5789 -0.7993 0.1613
vn -0.6680 -0.6946 0.2668
vn -0.5778 0.8013 0.1548
vn -0.1666 0.8137 0.5569
vn -0.6635 0.7045 0.2517
vn -0.2701 0.7164 0.6433
vn -0.1735 -0.8113 0.5582
vn -0.1666 0.8137 0.5570
vn -0.2710 -0.7161 0.6433
vn -0.2886 0.7038 0.6491
vn -0.1817 -0.8098 0.5579
vn -0.5782 0.8011 0.1546
vn -0.2701 -0.7162 0.6435
vn -0.5781 -0.8011 0.1549
vn -0.6681 0.6947 0.2667
vn -0.6641 -0.7029 0.2549
vn -0.5780 0.8001 0.1604
vn -0.5795 -0.7975 0.1679
vn -0.6680 0.6946 0.2669
vn -0.6631 -0.7049 0.2518
vn 0.3944 -0.0000 -0.9189
vn -0.3322 0.0001 0.9432
vn 0.9307 -0.0000 -0.3658
vn -0.0000 0.2444 0.9697
vn -0.9521 -0.0000 0.3059
vn -0.3308 0.9437 -0.0000
vn -0.3324 -0.0000 0.9431
vn -0.3313 -0.0000 0.9435
vn -0.0000 0.2445 0.9697
vn -0.3306 -0.0000 0.9438
vn -0.0000 0.3179 0.9481
vn -0.9523 -0.0000 0.3052
vn -0.9523 -0.3052 -0.0000
vn -0.9523 -0.0000 0.3051
vn -0.9524 -0.0000 0.3049
vn -0.1369 -0.9126 0.3852
vn -0.9720 -0.2351 -0.0000
vn -0.0000 -0.7257 0.6881
vn -0.0000 0.6659 0.7461
vn -0.1352 0.9122 0.3868
vn -0.4023 -0.9064 0.1288
vn -0.4038 0.9061 0.1266
vn -0.1371 0.9126 0.3852
vn -0.1373 -0.9125 0.3853
vn -0.1369 0.9125 0.3854
vn -0.0000 -0.7250 0.6888
vn -0.0000 0.6656 0.7463
vn -0.0000 -0.7256 0.6881
vn -0.4041 0.9059 0.1264
vn -0.4037 -0.9061 0.1267
vn -0.4020 0.9065 0.1289
vn -0.4033 -0.9062 0.1273
vn -0.2515 -0.9181 0.3065
vn -0.2515 0.9180 0.3065
vn -0.0000 0.8702 0.4926
vn -0.0000 -0.6662 0.7458
vn -0.0000 0.7247 0.6891
vn -1.0000 -0.0001 -0.0000
vn -0.3312 -0.9436 -0.0000
vn -0.9532 -0.3023 -0.0000
vn -0.9523 0.3050 -0.0000
vn -0.7062 -0.7080 -0.0000
vn -0.7048 -0.7095 -0.0000
vn -0.5098 -0.8603 -0.0000
vn -0.9541 0.2995 -0.0000
vn -0.0000 0.2467 0.9691
vn -0.0000 0.6660 0.7460
vn -0.0000 0.8703 0.4926
vn -0.0000 -0.2467 0.9691
vn 1.0000 -0.0000 -0.0000
vn 0.9518 0.3067 -0.0000
vn -0.3233 0.9463 -0.0000
vn -0.9526 -0.3043 -0.0000
vn -0.9723 -0.2339 -0.0000
vn -0.5099 -0.8603 -0.0000
vn -0.5092 -0.8606 -0.0000
vn -0.5097 -0.8603 -0.0000
vn 0.3315 0.9435 -0.0000
vn -0.9723 0.2337 -0.0000
vn -0.7623 0.6473 -0.0000
vn -0.9722 0.2341 -0.0000
vn -0.9703 -0.2420 -0.0000
vn -0.9525 0.3047 -0.0000
vn -0.0000 0.2449 0.9695
vn -0.9720 -0.2349 -0.0000
vn -0.7621 -0.6475 -0.0000
vn -0.7055 0.7087 -0.0000
vn -0.3298 0.9352 -0.1289
vn -0.3758 -0.2972 -0.8778
vn -0.3760 0.2972 -0.8777
vn -0.1353 0.9391 -0.3159
vn 0.2895 0.3242 0.9006
vn 0.3137 -0.3154 0.8956
vn -0.1354 -0.9391 -0.3158
vn -0.3298 -0.9352 -0.1289
vn 0.9101 -0.3041 0.2816
vn -0.8919 -0.2891 -0.3479
vn -0.8920 0.2887 -0.3479
vn 0.9108 0.3021 0.2814
vn 0.2919 0.3230 0.9003
vn 0.2896 0.3254 0.9001
vn 0.3199 -0.2472 0.9146
vn 0.3135 -0.3155 0.8957
vn 0.2964 -0.3268 0.8974
vn 0.2578 0.3073 0.9160
vn 0.9107 0.3022 0.2816
vn 0.9275 -0.2376 0.2887
vn 0.9102 -0.3040 0.2813
vn 0.9110 0.3133 0.2684
vn 0.9105 -0.3036 0.2809
vn 0.1745 -0.8117 0.5574
vn 0.9273 0.2928 0.2332
vn 0.1695 0.8126 0.5576
vn 0.2909 -0.7015 0.6506
vn 0.2685 0.7156 0.6449
vn 0.5783 -0.8006 0.1569
vn 0.6723 -0.6894 0.2699
vn 0.5780 0.8009 0.1565
vn 0.1670 0.8131 0.5577
vn 0.6719 0.6897 0.2699
vn 0.2680 0.7158 0.6448
vn 0.1663 -0.8138 0.5568
vn 0.2901 0.7013 0.6512
vn 0.1662 -0.8135 0.5574
vn 0.5779 0.8009 0.1566
vn 0.2673 -0.7168 0.6441
vn 0.5783 -0.8006 0.1570
vn 0.6724 0.6892 0.2699
vn 0.6675 -0.7002 0.2533
vn 0.5791 0.8000 0.1567
vn 0.5787 -0.8005 0.1559
vn 0.6719 0.6896 0.2701
vn 0.6670 -0.7008 0.2531
vn -0.0000 -0.9481 0.3180
vn -0.3951 -0.0000 -0.9186
vn 0.3321 0.0001 0.9432
vn -0.9312 -0.0000 -0.3646
vn 0.9554 0.0001 0.2953
vn 0.3316 0.9434 -0.0000
vn 0.3310 -0.0000 0.9436
vn 0.3312 -0.0000 0.9436
vn -0.0000 0.3181 0.9481
vn 0.3323 -0.0000 0.9432
vn 0.9548 0.0001 0.2973
vn 0.9539 -0.3001 -0.0000
vn 0.9549 -0.0000 0.2968
vn 0.9554 -0.0000 0.2954
vn 0.1373 -0.9125 0.3853
vn 0.1369 0.9125 0.3856
vn 0.4017 -0.9067 0.1289
vn 0.4023 0.9064 0.1285
vn 0.1373 0.9125 0.3854
vn 0.7078 0.7064 -0.0000
vn 0.1354 -0.9121 0.3869
vn 0.1371 0.9125 0.3855
vn -0.0000 -0.7248 0.6890
vn 0.4019 0.9066 0.1287
vn 0.7079 0.7064 -0.0000
vn 0.4023 0.9064 0.1287
vn 0.4024 -0.9064 0.1284
vn -0.0000 0.9481 0.3181
vn 0.2503 -0.9179 0.3078
vn 0.3235 0.9161 0.2369
vn -0.0000 -0.3181 0.9481
vn -0.0000 -0.6660 0.7460
vn 0.9725 0.2330 -0.0000
vn 0.9729 0.2314 -0.0000
vn 0.7669 0.6418 -0.0000
vn -0.0000 0.9479 -0.3185
vn -0.0000 -0.9480 -0.3184
vn -0.0000 0.8702 0.4927
vn -0.0000 0.3183 -0.9480
vn -0.0000 0.7244 0.6894
vn 0.5095 -0.8604 -0.0000
vn -0.9514 -0.3080 -0.0000
vn -0.3253 0.9456 -0.0000
vn 0.9731 0.2305 -0.0000
vn 0.7671 0.6416 -0.0000
vn 0.7653 0.6436 -0.0000
vn -0.0000 -0.3185 -0.9479
vn 0.5095 0.8605 -0.0000
vn -0.0000 0.2466 0.9691
vn -0.0000 0.6660 0.7459
vn 0.7055 0.7087 -0.0000
vn 0.7088 0.7054 -0.0000
vn 0.3198 0.9387 0.1286
vn 0.3802 -0.2863 0.8795
vn 0.3801 0.2859 0.8796
vn 0.1334 0.9425 0.3066
vn -0.2933 0.3211 -0.9005
vn -0.3158 -0.3074 -0.8977
vn 0.1381 -0.9390 0.3150
vn 0.3259 -0.9365 0.1298
vn -0.9109 -0.3104 -0.2720
vn 0.8884 -0.2869 0.3584
vn 0.8885 0.2866 0.3584
vn -0.9093 0.2975 -0.2910
vn -0.2946 0.3210 -0.9001
vn -0.2953 0.3207 -0.9000
vn -0.3207 -0.2475 -0.9143
vn -0.2935 -0.3209 -0.9005
vn -0.2943 -0.3208 -0.9003
vn -0.3207 0.2476 -0.9143
vn -0.9109 0.3103 -0.2719
vn -0.9247 -0.2403 -0.2954
vn -0.9093 -0.2976 -0.2910
vn -0.9092 0.2975 -0.2912
vn -0.9108 -0.3104 -0.2722
vn -0.1710 -0.8135 -0.5559
vn -0.9247 0.2935 -0.2424
vn -0.1763 0.8119 -0.5566
vn -0.2720 -0.7114 -0.6480
vn -0.2703 0.7153 -0.6444
vn -0.5747 -0.8030 -0.1577
vn -0.6700 -0.6946 -0.2620
vn -0.5741 0.8043 -0.1535
vn -0.1762 0.8119 -0.5566
vn -0.6678 0.6956 -0.2650
vn -0.2832 0.7072 -0.6479
vn -0.1711 -0.8133 -0.5560
vn -0.1661 0.8147 -0.5555
vn -0.2801 -0.7062 -0.6502
vn -0.2692 0.7161 -0.6440
vn -0.1770 -0.8119 -0.5563
vn -0.5754 0.8007 -0.1664
vn -0.2858 -0.7018 -0.6526
vn -0.5744 -0.8033 -0.1576
vn -0.6650 0.7019 -0.2551
vn -0.6693 -0.6951 -0.2625
vn -0.5737 -0.8045 -0.1535
vn -0.6678 0.6956 -0.2649
vn -0.6727 -0.6899 -0.2675
vn 0.3975 -0.0000 0.9176
vn -0.3311 -0.0000 -0.9436
vn 0.9310 -0.0000 0.3651
vn -0.9523 -0.0000 -0.3050
vn -0.3315 -0.0000 -0.9434
vn -0.3320 -0.0000 -0.9433
vn -0.0000 0.2428 -0.9701
vn -0.0000 0.3189 -0.9478
vn -0.3315 -0.0000 -0.9435
vn -0.9526 -0.3041 -0.0000
vn -0.9524 -0.0000 -0.3049
vn -0.9523 -0.0000 -0.3052
vn -0.9523 -0.0000 -0.3053
vn -0.1300 -0.9113 -0.3906
vn -0.0000 -0.7213 -0.6926
vn -0.1349 0.9121 -0.3871
vn -0.4013 -0.9066 -0.1302
vn -0.4027 0.9063 -0.1284
vn -0.1349 0.9122 -0.3869
vn -0.1400 -0.9130 -0.3832
vn -0.1349 0.9122 -0.3870
vn -0.0000 -0.7211 -0.6928
vn -0.1348 -0.9122 -0.3868
vn -0.4037 0.9060 -0.1268
vn -0.0000 -0.7249 -0.6888
vn -0.4013 -0.9066 -0.1303
vn -0.4044 0.9059 -0.1260
vn -0.4029 -0.9062 -0.1284
vn -0.3209 -0.9142 -0.2476
vn -0.3131 0.9170 -0.2473
vn -0.0000 0.9503 -0.3113
vn -0.0000 -0.2427 -0.9701
vn -0.0000 -0.2428 -0.9701
vn -0.0000 -0.2429 -0.9701
vn -0.0000 0.7248 -0.6889
vn -0.3314 -0.9435 -0.0000
vn -0.5093 -0.8606 -0.0000
vn -0.9525 -0.3045 -0.0000
vn -0.9534 0.3018 -0.0000
vn -0.7059 -0.7083 -0.0000
vn -0.9741 0.2261 -0.0000
vn -0.7072 -0.7070 -0.0000
vn -0.0000 -0.6606 -0.7507
vn -0.9741 0.2260 -0.0000
vn -0.9507 0.3101 -0.0000
vn 0.3322 -0.9432 -0.0000
vn -0.0000 -0.6651 -0.7467
vn -0.9726 -0.2325 -0.0000
vn -0.7659 -0.6430 -0.0000
vn -0.3309 -0.9437 -0.0000
vn 0.9518 -0.3068 -0.0000
vn -0.7060 -0.7083 -0.0000
vn -0.7018 -0.7123 -0.0000
vn -0.7019 0.7122 -0.0000
vn -0.6980 0.7161 -0.0000
vn -0.9722 0.2342 -0.0000
vn -0.7048 -0.7094 -0.0000
vn -0.7622 0.6473 -0.0000
vn -0.5097 0.8603 -0.0000
vn -0.7027 0.7115 -0.0000
vn -0.7049 0.7093 -0.0000
vn -0.7627 -0.6468 -0.0000
vn -0.3217 0.9384 0.1265
vn -0.3840 -0.2900 0.8766
vn -0.3833 0.2899 0.8770
vn -0.1339 0.9418 0.3085
vn 0.2946 0.3217 -0.8998
vn 0.3127 -0.3091 -0.8982
vn -0.1371 -0.9389 0.3158
vn -0.3296 -0.9352 0.1294
vn 0.9110 -0.3014 -0.2815
vn -0.8906 -0.2885 0.3516
vn -0.8924 0.2854 0.3495
vn 0.9105 0.3021 -0.2824
vn 0.3141 0.3089 -0.8977
vn 0.2947 0.3216 -0.8999
vn 0.2589 -0.3081 -0.9155
vn 0.2949 -0.3217 -0.8998
vn 0.2944 -0.3216 -0.8999
vn 0.3208 0.2477 -0.9142
vn 0.9115 0.3096 -0.2708
vn 0.9266 -0.2910 -0.2381
vn 0.9108 -0.3017 -0.2817
vn 0.9107 0.3017 -0.2821
vn 0.1701 -0.8139 -0.5556
vn 0.9268 0.2394 -0.2894
vn 0.1659 0.8149 -0.5554
vn 0.2696 -0.7114 -0.6490
vn 0.2674 0.7164 -0.6444
vn 0.5747 -0.8014 -0.1659
vn 0.6741 -0.6899 -0.2638
vn 0.5742 0.8037 -0.1560
vn 0.1660 0.8149 -0.5553
vn 0.6720 0.6907 -0.2671
vn 0.2854 0.7050 -0.6492
vn 0.1666 -0.8118 -0.5597
vn 0.1759 0.8121 -0.5563
vn 0.2841 -0.7049 -0.6499
vn 0.2845 0.7052 -0.6495
vn 0.1762 -0.8121 -0.5563
vn 0.5753 0.8029 -0.1561
vn 0.2692 -0.7118 -0.6487
vn 0.5784 -0.7983 -0.1677
vn 0.6671 -0.6998 -0.2555
vn 0.5740 0.8039 -0.1559
vn 0.5749 -0.8013 -0.1658
vn 0.6681 0.6989 -0.2554
vn 0.6715 -0.6949 -0.2572
vn -0.3981 -0.0000 0.9173
vn 0.3304 -0.0000 -0.9438
vn -0.9307 -0.0000 0.3658
vn 0.3237 0.9462 -0.0000
vn 0.9551 -0.0000 -0.2962
vn 0.3317 0.0001 -0.9434
vn 0.3313 -0.0000 -0.9435
vn 0.3316 -0.0000 -0.9434
vn 0.9545 0.0001 -0.2981
vn 0.9546 -0.2980 -0.0000
vn 0.9551 -0.0000 -0.2963
vn 0.9552 -0.0000 -0.2958
vn 0.1395 -0.9129 -0.3837
vn 0.1349 0.9121 -0.3870
vn 0.4063 -0.9054 -0.1232
vn 0.4026 0.9064 -0.1276
vn 0.1350 0.9122 -0.3869
vn 0.1354 -0.9122 -0.3867
vn -0.0000 0.6648 -0.7470
vn 0.1352 0.9121 -0.3870
vn 0.1353 -0.9120 -0.3873
vn 0.4029 0.9063 -0.1277
vn 0.4028 -0.9063 -0.1279
vn 0.7659 -0.6430 -0.0000
vn 0.4023 0.9064 -0.1286
vn 0.4024 -0.9064 -0.1289
vn 0.3225 -0.9140 -0.2461
vn 0.3137 0.9169 -0.2468
vn -0.0000 0.7249 -0.6889
vn 0.9546 0.2980 -0.0000
vn 0.7659 -0.6429 -0.0000
vn 0.7080 -0.7062 -0.0000
vn -0.0000 0.9503 0.3113
vn 0.7671 0.6415 -0.0000
vn 0.7654 0.6435 -0.0000
vn -0.0000 -0.9477 0.3191
vn -0.0000 0.3177 0.9482
vn -0.3330 -0.9429 -0.0000
vn -0.9514 0.3080 -0.0000
vn 0.9723 -0.2336 -0.0000
vn 0.9539 -0.3000 -0.0000
vn 0.5090 -0.8608 -0.0000
vn 0.5095 -0.8605 -0.0000
vn 0.7054 -0.7088 -0.0000
vn 0.9726 0.2325 -0.0000
vn 0.9540 0.3000 -0.0000
vn 0.7097 -0.7045 -0.0000
vn -0.0000 -0.3178 0.9482
vn 0.9726 -0.2323 -0.0000
vn 0.7709 -0.6369 -0.0000
vn 0.7059 0.7083 -0.0000
vn 0.7709 -0.6370 -0.0000
vn 0.3283 0.9356 -0.1299
vn 0.1362 0.9391 -0.3154
vn -0.2920 0.3209 0.9010
vn -0.2984 -0.3232 0.8980
vn 0.1360 -0.9392 -0.3152
vn 0.3254 -0.9366 -0.1302
vn -0.9082 -0.3001 0.2917
vn -0.9091 0.2979 0.2912
vn -0.3132 0.3095 0.8978
vn -0.2919 0.3209 0.9010
vn -0.3131 -0.3135 0.8965
vn -0.3001 -0.3240 0.8972
vn -0.9087 0.2996 0.2906
vn -0.9085 -0.3000 0.2909
vn -0.9091 0.2979 0.2910
vn -0.9100 -0.3138 0.2710
vn -0.1648 -0.8141 0.5569
vn -0.1710 0.8126 0.5572
vn -0.5784 -0.8009 0.1550
vn -0.5781 0.8000 0.1604
vn -0.1772 0.8109 0.5577
vn -0.1659 -0.8132 0.5579
vn -0.5793 0.7980 0.1664
vn -0.5782 -0.7998 0.1614
vn -0.5782 0.8010 0.1551
vn -0.5783 -0.8006 0.1568
vn 0.3947 -0.0000 -0.9188
vn -0.3318 -0.0000 0.9434
vn 0.9306 -0.0000 -0.3659
vn -0.9524 0.0001 0.3049
vn -0.3307 -0.0000 0.9437
vn -0.3322 -0.0000 0.9432
vn -0.9525 -0.0001 0.3044
vn -0.9525 -0.0000 0.3045
vn -0.1348 -0.9121 0.3873
vn -0.0000 -0.7253 0.6884
vn -0.0000 0.6662 0.7458
vn -0.1370 0.9126 0.3852
vn -0.4040 -0.9060 0.1265
vn -0.4025 0.9064 0.1285
vn -0.1353 0.9122 0.3867
vn -0.1346 -0.9121 0.3873
vn -0.0000 -0.7240 0.6898
vn -0.4024 0.9064 0.1286
vn -0.4025 -0.9063 0.1285
vn -0.4039 0.9060 0.1266
vn -0.4021 -0.9065 0.1286
vn -0.7052 -0.7090 -0.0000
vn 0.9519 0.3065 -0.0000
vn -0.3304 0.9438 -0.0000
vn -0.9524 -0.3049 -0.0000
vn -0.5097 -0.8604 -0.0000
vn 0.3243 0.9459 -0.0000
vn -0.7629 0.6465 -0.0000
vn -0.9531 0.3027 -0.0000
vn -0.9725 -0.2328 -0.0000
vn -0.7655 -0.6434 -0.0000
vn -0.7012 0.7130 -0.0000
vn -0.3299 0.9352 -0.1287
vn -0.1357 0.9389 -0.3163
vn 0.3125 0.3096 0.8981
vn 0.2987 -0.3248 0.8974
vn -0.1357 -0.9390 -0.3161
vn -0.3300 -0.9351 -0.1292
vn 0.9112 -0.3099 0.2715
vn 0.9122 0.3106 0.2672
vn 0.3128 0.3095 0.8980
vn 0.3132 0.3116 0.8971
vn 0.3145 -0.3156 0.8953
vn 0.9120 0.3090 0.2696
vn 0.9111 -0.3099 0.2717
vn 0.9097 0.3044 0.2826
vn 0.9112 -0.3102 0.2709
vn 0.1671 -0.8136 0.5570
vn 0.1671 0.8133 0.5574
vn 0.5791 -0.7993 0.1605
vn 0.5779 0.8002 0.1600
vn 0.1755 0.8108 0.5584
vn 0.1754 -0.8116 0.5573
vn 0.1754 0.8108 0.5584
vn 0.1736 -0.8116 0.5579
vn 0.5787 0.7984 0.1664
vn 0.5786 -0.7996 0.1605
vn 0.5798 0.7979 0.1648
vn 0.5792 -0.7993 0.1603
vn -0.3956 -0.0000 -0.9184
vn 0.3313 -0.0000 0.9435
vn 0.9551 -0.0000 0.2962
vn 0.3326 0.0001 0.9431
vn 0.3308 0.0001 0.9437
vn 0.9554 -0.0002 0.2954
vn 0.9548 -0.0001 0.2973
vn 0.1358 -0.9123 0.3864
vn 0.1350 0.9122 0.3869
vn 0.4022 -0.9065 0.1287
vn 0.4020 0.9066 0.1285
vn 0.1372 -0.9125 0.3854
vn 0.1351 0.9121 0.3870
vn 0.1351 -0.9122 0.3869
vn 0.4023 0.9064 0.1286
vn 0.4020 -0.9066 0.1285
vn 0.4020 -0.9066 0.1288
vn -0.0000 -0.6658 0.7461
vn -0.0000 0.9480 -0.3184
vn -0.0000 0.3185 -0.9479
vn 0.5094 -0.8605 -0.0000
vn -0.9513 -0.3083 -0.0000
vn -0.3319 0.9433 -0.0000
vn 0.9724 0.2335 -0.0000
vn 0.5094 0.8605 -0.0000
vn 0.7050 0.7092 -0.0000
vn 0.3184 0.9394 0.1270
vn 0.1352 0.9419 0.3075
vn -0.3158 0.3074 -0.8976
vn -0.2939 -0.3208 -0.9004
vn 0.1367 -0.9396 0.3139
vn 0.3277 -0.9355 0.1320
vn -0.9094 -0.2973 -0.2910
vn -0.9110 0.3101 -0.2720
vn -0.3158 0.3074 -0.8977
vn -0.3158 -0.3074 -0.8976
vn -0.9092 0.2976 -0.2910
vn -0.9111 -0.3098 -0.2718
vn -0.9107 0.3106 -0.2722
vn -0.9094 -0.2973 -0.2908
vn -0.1767 -0.8119 -0.5564
vn -0.1657 0.8145 -0.5560
vn -0.5753 -0.8008 -0.1667
vn -0.5751 0.8009 -0.1668
vn -0.1659 0.8144 -0.5561
vn -0.1766 -0.8118 -0.5565
vn -0.1763 0.8120 -0.5564
vn -0.1676 -0.8143 -0.5558
vn -0.5747 0.8034 -0.1556
vn -0.5751 -0.8009 -0.1667
vn -0.5751 0.8009 -0.1667
vn 0.3960 -0.0000 0.9182
vn 0.9310 -0.0000 0.3650
vn -0.0000 0.2427 -0.9701
vn -0.3323 -0.0000 -0.9432
vn -0.9525 -0.3046 -0.0000
vn -0.9525 -0.0001 -0.3046
vn -0.9524 -0.0000 -0.3050
vn -0.9526 -0.0000 -0.3044
vn -0.1399 -0.9130 -0.3832
vn -0.0000 -0.7214 -0.6926
vn -0.4058 -0.9055 -0.1243
vn -0.4044 0.9058 -0.1261
vn -0.1351 0.9121 -0.3870
vn -0.1351 0.9122 -0.3869
vn -0.1363 -0.9124 -0.3860
vn -0.4025 0.9064 -0.1281
vn -0.4065 -0.9053 -0.1234
vn -0.4029 0.9062 -0.1281
vn -0.4044 -0.9059 -0.1260
vn 0.3321 -0.9432 -0.0000
vn -0.9724 -0.2333 -0.0000
vn 0.9519 -0.3065 -0.0000
vn -0.7050 -0.7093 -0.0000
vn -0.9726 0.2325 -0.0000
vn -0.7053 -0.7089 -0.0000
vn -0.7625 0.6469 -0.0000
vn -0.7623 0.6472 -0.0000
vn -0.7058 0.7084 -0.0000
vn -0.7025 0.7117 -0.0000
vn -0.7664 -0.6423 -0.0000
vn -0.3222 0.9381 0.1270
vn -0.1341 0.9422 0.3071
vn 0.3135 0.3092 -0.8979
vn 0.2954 -0.3211 -0.8998
vn -0.1377 -0.9393 0.3143
vn -0.3304 -0.9348 0.1305
vn 0.9116 -0.3065 -0.2739
vn 0.9117 0.3070 -0.2730
vn 0.2950 0.3211 -0.8999
vn 0.3127 0.3091 -0.8982
vn 0.3141 -0.3091 -0.8977
vn 0.3134 -0.3090 -0.8979
vn 0.9105 0.3017 -0.2828
vn 0.9116 -0.3082 -0.2719
vn 0.9112 0.3062 -0.2755
vn 0.9117 -0.3068 -0.2733
vn 0.1769 -0.8122 -0.5559
vn 0.1758 0.8123 -0.5561
vn 0.5745 -0.8025 -0.1612
vn 0.5755 0.8009 -0.1652
vn 0.1765 0.8122 -0.5560
vn 0.1784 -0.8089 -0.5603
vn 0.1657 0.8147 -0.5557
vn 0.1659 -0.8147 -0.5557
vn 0.5758 0.8009 -0.1644
vn 0.5779 -0.8007 -0.1581
vn 0.5746 0.8014 -0.1660
vn 0.5741 -0.8036 -0.1568
vn -0.3985 -0.0000 0.9172
vn 0.3304 -0.0001 -0.9438
vn -0.9309 -0.0000 0.3653
vn 0.9553 -0.0001 -0.2955
vn 0.3301 -0.0000 -0.9439
vn 0.3307 0.0001 -0.9437
vn 0.3300 -0.0000 -0.9440
vn 0.9549 -0.0000 -0.2969
vn 0.9552 -0.0001 -0.2958
vn 0.9545 -0.0001 -0.2981
vn 0.1299 -0.9113 -0.3908
vn 0.3985 -0.9074 -0.1334
vn 0.4024 0.9064 -0.1286
vn 0.1350 0.9122 -0.3868
vn 0.1345 -0.9121 -0.3873
vn -0.0000 0.6656 -0.7463
vn 0.1298 -0.9111 -0.3911
vn 0.4015 -0.9067 -0.1293
vn 0.4063 -0.9053 -0.1238
vn -0.0000 0.9503 0.3114
vn -0.0000 -0.9478 0.3189
vn -0.3331 -0.9429 -0.0000
vn -0.9513 0.3081 -0.0000
vn 0.9726 -0.2325 -0.0000
vn 0.9723 -0.2338 -0.0000
vn 0.7667 -0.6421 -0.0000
vn 0.7085 -0.7058 -0.0000
vn 0.9723 -0.2337 -0.0000
vn 0.7655 -0.6434 -0.0000
vn 0.3104 0.9427 0.1224
vn -0.0000 -0.0136 -0.9999
vn -0.0000 -0.0100 0.9999
vn -0.9488 0.0076 -0.3156
vn -0.0565 -0.9834 -0.1722
vn 0.0357 -0.9827 0.1816
vn -0.1612 -0.9853 0.0564
vn -0.0190 -0.9809 0.1936
vn 0.1640 -0.9847 0.0595
vn -0.0000 1.0000 -0.0050
vn -0.0003 0.0747 0.9972
vn -0.0000 1.0000 0.0010
vn -0.0000 -0.9851 -0.1722
vn -0.0014 -0.9833 0.1819
vn -0.0001 -0.9811 0.1935
vn -0.9437 0.3307 -0.0001
vn -0.1612 -0.9869 0.0037
vn 0.1180 0.9574 0.2637
vn 0.2857 0.9528 0.1029
vn -0.0740 0.9586 -0.2748
vn -0.3045 0.9502 -0.0657
vn -0.2906 0.9538 0.0763
vn -0.0802 0.9571 0.2784
vn 0.8693 0.2768 -0.4096
vn 0.4426 0.2836 -0.8507
vn -0.8685 0.2768 0.4112
vn -0.4417 0.2837 0.8511
vn 0.3503 0.9366 -0.0000
vn 0.0001 -0.9862 0.1656
vn -0.0000 1.0000 0.0016
vn 0.9440 0.3299 -0.0001
vn -0.9850 -0.0351 -0.1692
vn -0.9442 -0.0033 -0.3294
vn -1.0000 -0.0049 -0.0000
vn 1.0000 -0.0044 -0.0000
vn 0.2205 0.3061 -0.9261
vn -0.2406 0.8974 0.3698
vn 0.1198 0.9422 -0.3130
vn -0.9450 0.0757 -0.3183
vn 0.3865 0.0413 0.9214
vn -0.9526 0.0537 0.2993
vn 0.3752 0.9269 -0.0000
vn 0.9531 -0.0033 -0.3026
vn 0.1761 -0.9822 -0.0647
vn 0.0727 -0.9838 -0.1639
vn -0.1767 -0.9827 -0.0553
vn -0.0003 0.9140 -0.4057
vn 0.0004 0.3350 0.9422
vn -0.0007 0.3320 -0.9433
vn -0.0002 0.9389 0.3442
vn -0.1754 -0.9845 -0.0001
vn -0.3710 0.9286 -0.0000
vn 0.1650 -0.9863 0.0024
vn 0.3059 0.9493 -0.0726
vn 0.0769 0.9535 -0.2915
vn -0.4686 0.2794 -0.8381
vn -0.8667 0.2763 -0.4153
vn 0.0011 1.0000 -0.0000
vn 0.5545 0.8322 -0.0000
vn -0.9528 0.3036 -0.0000
vn -0.0000 0.8433 -0.5374
vn -0.0000 0.9999 -0.0109
vn -0.0000 -0.9861 -0.1659
vn 0.0004 0.3161 0.9487
vn -0.0001 0.8402 0.5423
vn -0.0000 0.3162 -0.9487
vn 0.1763 -0.9843 -0.0001
vn -0.3521 0.9359 -0.0000
vn -0.0021 1.0000 -0.0000
vn -0.5611 0.8277 -0.0000
vn 0.9528 0.3035 0.0001
vn 0.4716 -0.0000 -0.8818
vn 0.9166 0.0034 0.3999
vn 0.9839 -0.0319 -0.1759
vn -0.5226 -0.0001 -0.8526
vn -0.4715 -0.0001 0.8819
vn -0.9839 -0.0317 0.1757
vn 0.5154 0.1602 0.8419
vn 0.9944 0.1059 -0.0000
vn -0.9944 0.1061 -0.0000
vn -0.3308 0.0434 0.9427
vn -0.3417 -0.0462 -0.9387
vn 0.3275 -0.0041 -0.9449
vn -0.9965 0.0841 0.0001
vn 0.9060 0.0921 0.4131
vn -0.0007 0.1671 -0.9859
vn 0.9944 0.1059 0.0001
vn -0.2950 0.8996 0.3219
vn 0.3260 -0.0056 0.9454
vn -0.9533 0.0548 0.2970
vn 0.9371 0.0341 -0.3475
vn -0.0000 0.9487 -0.3162
vn -0.0006 0.3161 -0.9487
vn -0.0000 0.9233 0.3840
vn -0.1762 -0.9843 -0.0001
vn 0.0010 1.0000 -0.0000
vn 0.5504 0.8349 -0.0000
vn 0.0001 0.8572 -0.5150
vn -0.0000 -0.9851 -0.1718
vn -0.0001 0.8395 0.5433
vn 0.1747 -0.9846 -0.0001
vn -0.0017 1.0000 -0.0000
vn -0.5322 0.8466 -0.0000
vn 0.3598 0.1701 -0.9174
vn -0.4065 0.1881 -0.8941
vn -0.3585 0.1719 0.9176
vn 0.4334 0.1048 0.8951
vn 0.9902 0.1400 -0.0001
vn -0.9970 0.0772 -0.0000
vn -0.0003 0.1049 0.9945
vn -0.2799 0.0675 0.9577
vn 0.4300 0.0808 -0.8992
vn 0.9524 0.0597 0.2990
vn -1.0000 -0.0021 0.0018
vn 0.0030 -0.0004 -1.0000
vn -0.0024 -0.0001 1.0000
vn -0.0529 -0.0271 -0.9982
vn 0.9098 0.4150 -0.0037
vn 0.9999 0.0120 0.0061
vn -0.0063 1.0000 -0.0004
vn -0.9217 -0.3876 -0.0132
vn -0.0037 -0.0000 1.0000
vn -0.0042 0.0007 -1.0000
vn 0.4199 -0.9076 -0.0002
vn 0.0080 -0.0003 1.0000
vn 0.0046 1.0000 0.0007
vn 0.5708 0.0001 0.8211
vn 0.0017 0.4355 0.9002
vn -1.0000 -0.0000 -0.0015
vn 0.1159 -0.0192 0.9931
vn -0.9076 0.4198 -0.0025
vn 0.0055 1.0000 -0.0011
vn -1.0000 -0.0023 0.0018
vn -0.0179 0.0092 0.9998
vn -0.0079 -0.0001 1.0000
vn 0.0109 -0.0038 0.9999
vn -0.0059 -0.0079 -1.0000
vn 0.0299 0.9995 -0.0052
vn -1.0000 0.0082 0.0007
vn 1.0000 -0.0031 -0.0018
vn 0.9673 -0.0007 -0.2537
vn 0.9018 0.4321 -0.0018
vn 0.2227 -0.0056 0.9749
vn -1.0000 -0.0028 -0.0004
vn 0.0002 1.0000 -0.0086
vn -0.9387 0.3446 -0.0043
vn -0.3978 0.9174 0.0046
vn 0.0090 -0.0105 0.9999
vn 0.0105 0.0001 0.9999
vn -0.3899 -0.9208 0.0128
vn 0.1196 -0.0192 0.9926
vn 1.0000 -0.0048 -0.0005
vn 0.0055 1.0000 -0.0010
vn -0.0001 -1.0000 0.0019
vn 0.0004 1.0000 0.0019
vn -0.4139 0.9103 0.0016
vn -0.9287 0.3709 0.0015
vn -0.9249 -0.3802 0.0011
vn -0.4225 -0.9064 0.0012
vn -0.0150 0.0030 0.9999
vn 0.3913 -0.9203 -0.0015
vn 1.0000 -0.0009 0.0035
vn 0.0080 -0.0082 -0.9999
vn -0.0414 -0.0013 -0.9991
vn -0.0047 0.0110 0.9999
vn 0.0379 -0.0189 0.9991
vn 0.0113 -0.0037 0.9999
vn -1.0000 -0.0000 -0.0037
vn -0.0330 -0.0472 -0.9983
vn -0.0422 0.0005 -0.9991
vn 0.0109 0.0016 0.9999
vn 1.0000 -0.0008 -0.0005
vn -0.9999 -0.0105 0.0016
vn -0.0014 0.0054 -1.0000
vn -0.0049 1.0000 0.0021
vn -0.0070 -1.0000 -0.0010
vn -0.0019 -0.0040 1.0000
vn 0.0014 0.9999 -0.0106
vn 0.6080 0.0016 -0.7940
vn 0.3858 -0.9226 -0.0010
vn 1.0000 -0.0004 -0.0000
vn 0.2369 -0.0058 0.9715
vn -1.0000 0.0039 -0.0007
vn -0.9999 0.0118 -0.0006
vn -0.0000 0.0139 -0.9999
vn 0.4154 0.9097 -0.0015
vn -0.0000 -1.0000 -0.0002
vn 0.9226 0.3857 0.0014
vn -0.0000 0.0101 0.9999
vn -0.9999 -0.0024 0.0148
vn -0.9244 0.3813 -0.0011
vn -0.0000 -0.0094 -1.0000
vn -0.0318 0.0140 0.9994
vn -0.0357 0.0001 0.9994
vn 0.0085 -0.0026 -1.0000
vn -0.0026 0.0078 -1.0000
vn -0.0042 0.0006 -1.0000
vn -0.0293 -0.0274 0.9992
vn 0.0064 -0.0099 0.9999
vn -0.0104 0.0157 -0.9998
vn 1.0000 0.0007 -0.0050
vn 0.0404 0.0005 -0.9992
vn 1.0000 0.0087 0.0006
vn 0.0019 -0.0011 -1.0000
vn 0.0012 0.0043 1.0000
vn 0.0052 -1.0000 -0.0001
vn 0.0061 -1.0000 0.0007
vn 0.9259 -0.3779 -0.0011
vn -1.0000 0.0015 0.0004
vn 0.4398 -0.8981 -0.0018
vn 1.0000 -0.0091 0.0003
vn -0.0004 1.0000 -0.0099
vn -0.0006 -1.0000 0.0035
vn -1.0000 0.0066 -0.0042
vn -0.0000 -0.0168 0.9999
vn 0.0002 1.0000 0.0047
vn -0.0001 0.4661 -0.8847
vn -0.0001 1.0000 0.0016
vn -0.4301 0.9028 -0.0015
vn -0.9287 0.3707 0.0015
vn -0.9250 -0.3801 0.0011
vn 0.0199 -0.0116 -0.9997
vn -0.0065 -0.0015 -1.0000
vn -0.0128 0.0143 0.9998
vn 0.0037 -0.0007 -1.0000
vn 0.0024 0.0257 0.9997
vn 0.0554 -0.0399 -0.9977
vn -0.0320 0.0006 -0.9995
vn 0.0107 0.0016 0.9999
vn 1.0000 -0.0015 -0.0010
vn 0.9250 0.3800 -0.0003
vn -0.0063 1.0000 0.0021
vn -0.0014 0.0083 -1.0000
vn -0.0061 -1.0000 -0.0009
vn -0.0025 -0.0104 0.9999
vn 0.9924 -0.0985 0.0733
vn 1.0000 -0.0008 0.0012
vn -0.0000 0.0051 -1.0000
vn -1.0000 0.0042 -0.0009
vn -0.0001 -1.0000 -0.0080
vn 0.4300 0.9028 -0.0012
vn 0.9230 0.3849 0.0011
vn 0.0001 0.0254 0.9997
vn -0.0000 -0.0057 -1.0000
vn 0.0013 -0.0091 1.0000
vn -0.0023 -0.0054 -1.0000
vn -0.0009 0.0008 1.0000
vn -0.0011 0.0031 1.0000
vn -0.0065 0.0044 -1.0000
vn -0.0047 -0.0021 -1.0000
vn 0.0175 0.0294 -0.9994
vn -0.0303 -0.0301 0.9991
vn 1.0000 0.0012 -0.0016
vn 0.0032 0.0054 -1.0000
vn 0.0379 0.0005 -0.9993
vn 0.0022 -0.0032 -1.0000
vn 0.9999 0.0101 0.0010
vn 0.0047 1.0000 0.0007
vn 0.0052 -1.0000 -0.0008
vn 0.0052 -0.0278 0.9996
vn -1.0000 0.0004 -0.0008
vn 0.5259 -0.0000 0.8505
vn 0.0022 0.5009 0.8655
vn -0.0001 1.0000 -0.0045
vn -0.9171 -0.3986 -0.0075
vn 0.4167 -0.9090 -0.0018
vn 0.0001 -1.0000 -0.0012
vn 0.9231 -0.3845 -0.0016
vn 1.0000 -0.0083 -0.0017
vn -0.0298 0.9995 -0.0068
vn 0.0001 0.0042 1.0000
vn -0.9999 0.0135 -0.0045
vn -1.0000 0.0043 0.0040
vn -0.0001 1.0000 -0.0015
vn -0.9226 0.3858 -0.0014
vn -0.9286 -0.3711 0.0018
vn -0.4289 -0.9034 0.0017
vn 0.0385 -0.0111 0.9992
vn -0.0032 -0.0055 -1.0000
vn -0.0005 0.0049 -1.0000
vn 0.0018 0.0243 0.9997
vn -1.0000 -0.0007 0.0013
vn 0.0026 0.0016 -1.0000
vn -0.0003 -0.0003 1.0000
vn -0.0026 -0.0035 -1.0000
vn -0.0059 -1.0000 -0.0019
vn -0.0026 0.0005 1.0000
vn 0.0270 0.9996 -0.0076
vn 0.0003 -0.0350 -0.9994
vn 0.4314 0.9022 0.0015
vn 0.9287 0.3708 -0.0014
vn 0.0001 0.0241 0.9997
vn -0.0000 -0.0047 -1.0000
vn -0.0058 -0.0149 0.9999
vn -0.0038 0.0008 1.0000
vn 0.0026 -0.0006 -1.0000
vn 0.0035 0.0096 0.9999
vn -0.0448 -0.0210 -0.9988
vn -0.0044 0.0015 -1.0000
vn 1.0000 -0.0013 0.0016
vn 0.0024 -0.0052 -1.0000
vn 0.0050 -0.0262 0.9996
vn 0.9226 -0.3857 -0.0017
vn 1.0000 -0.0057 -0.0011
vn -0.0285 0.9996 -0.0067
vn -0.0004 -1.0000 -0.0015
vn -0.0000 -0.0140 0.9999
vn -0.0000 1.0000 0.0014
vn -0.0000 1.0000 -0.0013
vn -0.4288 -0.9034 0.0017
vn -0.0030 -0.0060 -1.0000
vn 0.0095 0.0012 -1.0000
vn 0.0432 -0.0225 0.9988
vn -0.0017 0.0200 -0.9998
vn 0.0033 0.0014 -1.0000
vn -0.0012 -0.0004 1.0000
vn -0.0070 1.0000 0.0008
vn -0.0025 0.0005 -1.0000
vn -0.0016 -0.0039 1.0000
vn 0.3852 -0.9228 0.0006
vn 1.0000 -0.0006 0.0002
vn -0.0001 0.0203 -0.9998
vn -0.0000 -0.9999 -0.0106
vn 0.4168 0.9090 0.0012
vn 0.9285 0.3713 -0.0014
vn -0.0000 0.0064 1.0000
vn -0.0000 -0.0145 -0.9999
vn -0.0168 0.0107 0.9998
vn 0.0037 -0.0040 -1.0000
vn -0.0341 0.0001 0.9994
vn -0.0175 0.0002 -0.9998
vn -0.0179 0.0024 -0.9998
vn 0.0030 0.0059 1.0000
vn 1.0000 0.0007 -0.0052
vn -0.0071 0.0015 -1.0000
vn 0.0016 0.0020 -1.0000
vn 0.0057 -1.0000 -0.0005
vn 0.0015 0.0016 1.0000
vn -0.9999 -0.0018 0.0143
vn 0.4254 -0.9050 -0.0011
vn 0.9258 -0.3780 -0.0011
vn 1.0000 -0.0066 -0.0010
vn -0.0007 0.9999 -0.0101
vn -0.0000 -0.0093 1.0000
vn -0.0031 -0.0012 -1.0000
vn -0.0032 -0.0066 -1.0000
vn -0.0032 -0.0091 -1.0000
vn -0.0003 0.0045 -1.0000
vn -0.0033 -0.0011 -1.0000
vn -0.0104 0.0111 -0.9999
vn 0.0003 0.0019 -1.0000
vn 0.0004 0.0046 -1.0000
vn 0.0097 0.0120 -0.9999
vn -0.0000 0.0013 -1.0000
vn -0.0030 -0.0012 -1.0000
vn -0.0000 0.0043 -1.0000
vn 0.0004 0.0211 -0.9998
vn 0.0127 0.0132 -0.9998
vn 0.0126 0.0132 -0.9998
vn 0.0132 0.0132 -0.9998
vn 0.0191 -0.0005 -0.9998
vn 0.0130 -0.0102 -0.9999
vn 0.0191 -0.0006 -0.9998
vn 0.0126 -0.0105 -0.9999
vn 0.0002 -0.0145 -0.9999
vn 0.0125 -0.0103 -0.9999
vn -0.0004 0.0212 -0.9998
vn -0.0126 0.0149 -0.9998
vn -0.0127 0.0149 -0.9998
vn -0.0131 0.0147 -0.9998
vn -0.0191 -0.0000 -0.9998
vn -0.0131 -0.0108 -0.9999
vn -0.0189 -0.0002 -0.9998
vn -0.0189 0.0001 -0.9998
vn -0.0127 -0.0107 -0.9999
vn -0.0004 -0.0145 -0.9999
vn -0.0128 -0.0108 -0.9999
vn -0.4183 -0.9058 -0.0674
vn -0.7199 -0.6901 -0.0738
vn -0.4184 -0.9058 -0.0674
vn -0.7188 -0.6916 -0.0716
vn -0.9967 0.0412 -0.0706
vn -0.9966 0.0412 -0.0715
vn -0.9975 0.0102 -0.0706
vn -0.9262 0.3714 -0.0653
vn -0.9974 0.0102 -0.0715
vn -0.0192 0.9972 -0.0719
vn -0.3903 0.9183 -0.0660
vn -0.3904 0.9183 -0.0660
vn 0.4122 -0.9084 -0.0696
vn 0.9353 -0.3471 -0.0688
vn 0.9965 0.0392 -0.0736
vn 0.9353 -0.3471 -0.0687
vn 0.9264 0.3705 -0.0669
vn 0.9973 0.0082 -0.0729
vn 0.9972 0.0082 -0.0739
vn 0.0130 0.9977 -0.0671
vn 0.3847 0.9206 -0.0674
vn 0.0137 0.9973 -0.0720
vn -0.0032 -0.0067 -1.0000
vn -0.0032 -0.0102 -0.9999
vn -0.0032 -0.0099 -0.9999
vn -0.0030 -0.0066 -1.0000
vn -0.0029 -0.0012 -1.0000
vn -0.0000 0.0017 -1.0000
vn 0.7177 0.6914 -0.0833
vn 0.0171 0.9962 -0.0859
vn 0.7178 0.6914 -0.0824
vn 0.7167 0.6926 -0.0814
vn 0.9960 -0.0420 -0.0790
vn 0.7167 0.6926 -0.0815
vn 0.7162 -0.6928 -0.0843
vn 0.9968 -0.0106 -0.0790
vn 0.9968 -0.0106 -0.0789
vn 0.0162 -0.9959 -0.0893
vn 0.7160 -0.6927 -0.0866
vn 0.7161 -0.6927 -0.0855
vn -0.0171 0.9959 -0.0890
vn -0.7196 0.6893 -0.0832
vn -0.0171 0.9960 -0.0879
vn -0.7185 0.6905 -0.0837
vn -0.9958 -0.0442 -0.0800
vn -0.7185 0.6905 -0.0836
vn -0.9967 -0.0130 -0.0797
vn -0.7161 -0.6929 -0.0843
vn -0.9967 -0.0130 -0.0796
vn -0.0161 -0.9958 -0.0903
vn -0.7158 -0.6927 -0.0882
vn -0.0160 -0.9957 -0.0913
vn 0.0004 0.0212 -0.9998
vn 0.0130 0.0131 -0.9998
vn 0.0190 -0.0004 -0.9998
vn 0.0131 -0.0101 -0.9999
vn 0.0192 -0.0005 -0.9998
vn 0.0125 -0.0101 -0.9999
vn 0.0004 -0.0143 -0.9999
vn 0.0003 -0.0143 -0.9999
vn -0.0005 0.0212 -0.9998
vn -0.0126 0.0148 -0.9998
vn -0.0131 0.0148 -0.9998
vn -0.0190 0.0002 -0.9998
vn -0.0190 -0.0001 -0.9998
vn -0.0131 -0.0107 -0.9999
vn -0.0130 -0.0107 -0.9999
vn -0.0190 -0.0002 -0.9998
vn -0.0122 -0.0104 -0.9999
vn -0.0000 -0.0142 -0.9999
vn -0.4184 -0.9058 -0.0671
vn -0.7200 -0.6901 -0.0735
vn -0.7197 -0.6899 -0.0780
vn -0.7187 -0.6915 -0.0725
vn -0.7188 -0.6915 -0.0715
vn -0.9974 0.0102 -0.0716
vn -0.9262 0.3714 -0.0649
vn -0.0193 0.9976 -0.0671
vn -0.0185 0.9972 -0.0720
vn -0.3902 0.9184 -0.0663
vn 0.4122 -0.9084 -0.0697
vn 0.9965 0.0393 -0.0738
vn 0.9966 0.0393 -0.0729
vn 0.9264 0.3706 -0.0668
vn 0.9972 0.0082 -0.0737
vn 0.0130 0.9973 -0.0719
vn 0.3847 0.9206 -0.0675
vn 0.7175 0.6914 -0.0849
vn 0.0169 0.9960 -0.0879
vn 0.0170 0.9961 -0.0869
vn 0.7166 0.6927 -0.0813
vn 0.9960 -0.0419 -0.0789
vn 0.9960 -0.0419 -0.0790
vn 0.7162 -0.6927 -0.0845
vn 0.7162 -0.6928 -0.0847
vn 0.9968 -0.0106 -0.0791
vn 0.0161 -0.9958 -0.0903
vn 0.0160 -0.9957 -0.0913
vn 0.7158 -0.6927 -0.0882
vn -0.0170 0.9959 -0.0894
vn -0.7196 0.6893 -0.0842
vn -0.7196 0.6894 -0.0832
vn -0.7184 0.6907 -0.0826
vn -0.9959 -0.0439 -0.0789
vn -0.9959 -0.0439 -0.0787
vn -0.9967 -0.0128 -0.0798
vn -0.7162 -0.6927 -0.0846
vn -0.7162 -0.6927 -0.0845
vn -0.0162 -0.9959 -0.0894
vn -0.7161 -0.6927 -0.0854
vn -0.7160 -0.6927 -0.0865
vn 0.0404 -0.0270 -0.9988
vn 0.0005 -0.0082 -1.0000
vn 0.0068 -0.0077 -0.9999
vn 0.0432 -0.0032 -0.9991
vn 0.0404 -0.0269 -0.9988
vn -0.0035 -0.0006 -1.0000
vn 0.0421 -0.0045 -0.9991
vn -0.0158 -0.0008 -0.9999
vn -0.9999 0.0109 -0.0023
vn -0.9277 0.3732 -0.0000
vn -1.0000 0.0092 -0.0005
vn 0.0135 -0.0010 -0.9999
vn 0.3050 0.0600 -0.9505
vn 0.0562 -0.0036 -0.9984
vn 0.3710 -0.0225 -0.9284
vn 0.0531 -0.0310 -0.9981
vn 0.0569 -0.0052 -0.9984
vn 0.9999 0.0005 0.0125
vn 0.9998 -0.0118 0.0132
vn 0.0839 0.9961 -0.0259
vn 1.0000 0.0011 -0.0031
vn 1.0000 0.0011 0.0015
vn 1.0000 -0.0036 -0.0000
vn -0.0002 0.0011 -1.0000
vn 0.0427 -0.0039 -0.9991
vn -0.0029 -0.0004 -1.0000
vn 0.9999 -0.0113 -0.0020
vn 1.0000 0.0012 -0.0030
vn 1.0000 -0.0005 0.0003
vn -0.0162 0.9999 -0.0028
vn -0.3874 0.9219 -0.0000
vn 0.1182 0.9930 -0.0001
vn -0.1211 -0.9926 -0.0001
vn 0.7164 -0.6977 -0.0030
vn 0.0175 -0.9920 0.1251
vn 0.9983 -0.0581 0.0079
vn 0.7161 -0.6980 -0.0005
vn 1.0000 0.0046 -0.0022
vn 0.0193 -0.9922 0.1235
vn 0.7022 -0.6972 0.1447
vn 0.0034 -0.0028 1.0000
vn 0.1133 -0.0022 0.9936
vn 0.0035 -0.0028 1.0000
vn 0.7017 -0.6977 0.1446
vn -0.0160 0.9999 0.0038
vn -0.3842 0.9233 0.0015
vn -0.3872 0.9220 -0.0000
vn -1.0000 0.0095 -0.0001
vn -0.9276 0.3735 -0.0001
vn -0.9294 0.3690 0.0018
vn 0.1128 -0.0056 0.9936
vn 0.0001 0.0017 1.0000
vn -0.0000 -0.0010 1.0000
vn 0.0031 -0.0027 1.0000
vn 0.1129 -0.0026 0.9936
vn -0.0000 -0.0009 1.0000
vn 1.0000 0.0012 0.0009
vn 1.0000 0.0032 0.0060
vn -0.0023 0.0499 0.9988
vn 0.0003 0.0013 1.0000
vn 0.0229 0.1019 0.9945
vn 0.0001 0.0015 1.0000
vn 0.1129 -0.0049 0.9936
vn 1.0000 0.0004 0.0015
vn 1.0000 -0.0002 -0.0001
vn 1.0000 0.0007 0.0010
vn 0.7126 -0.6864 0.1449
vn 0.0179 -0.9918 0.1263
vn 0.7165 -0.6976 -0.0013
vn 0.0194 0.9998 0.0001
vn 0.0121 0.1021 0.9947
vn 0.0832 0.9961 -0.0291
vn 0.0335 0.0977 0.9947
vn 0.9999 -0.0150 0.0004
vn 0.1006 0.9945 -0.0290
vn 1.0000 0.0002 0.0015
vn -0.0099 -0.0008 -1.0000
vn -0.0101 -0.0070 -0.9999
vn -0.0193 -0.0158 -0.9997
vn -0.0093 -0.0007 -1.0000
vn -0.0032 0.0004 -1.0000
vn -0.0032 0.0011 -1.0000
vn -0.0033 0.0011 -1.0000
vn -0.0096 -0.0069 -0.9999
vn -0.0094 -0.0005 -1.0000
vn -0.0002 0.0012 -1.0000
vn -0.0092 -0.0006 -1.0000
vn -0.0092 0.0035 -1.0000
vn -0.9999 0.0103 -0.0014
vn -0.9076 0.4195 -0.0136
vn -1.0000 0.0045 -0.0044
vn -0.9994 -0.0343 -0.0023
vn -0.9974 -0.0708 0.0109
vn -1.0000 -0.0013 -0.0014
vn -0.9998 -0.0189 -0.0029
vn -0.7168 -0.6973 -0.0020
vn -0.9984 -0.0552 0.0125
vn -1.0000 0.0046 -0.0044
vn -0.9075 0.4198 -0.0135
vn -1.0000 -0.0007 -0.0073
vn 0.9848 0.1739 -0.0018
vn 0.9362 -0.3515 -0.0001
vn 0.9991 0.0418 -0.0004
vn -0.9979 -0.0650 -0.0017
vn -0.6118 -0.7821 0.1184
vn -0.0413 -0.0029 0.9991
vn -0.6000 -0.7894 0.1296
vn -0.0177 -0.9922 0.1235
vn 0.0030 0.0001 1.0000
vn -0.9999 0.0101 -0.0014
vn -0.9999 0.0073 0.0138
vn -0.9077 0.4193 -0.0136
vn -0.0003 0.0011 1.0000
vn -0.0035 0.0499 0.9988
vn -0.0051 0.0497 0.9987
vn -0.0272 -0.0019 0.9996
vn -0.0002 0.0011 1.0000
vn -0.9972 -0.0744 -0.0033
vn -0.0431 -0.0005 0.9991
vn -0.0218 0.0504 0.9985
vn -0.9974 -0.0714 0.0083
vn -1.0000 -0.0002 0.0018
vn -1.0000 -0.0014 -0.0016
vn -0.9071 0.4194 -0.0343
vn -0.0094 0.9999 -0.0092
vn -0.0001 0.9998 -0.0183
vn -0.9073 0.4196 -0.0272
vn -0.0000 0.9998 -0.0183
vn -0.0000 0.9998 -0.0179
vn 0.0822 0.9962 -0.0300
vn -0.9075 0.4198 -0.0160
vn -0.0097 0.9999 -0.0091
vn -0.9072 0.4193 -0.0343
vn -0.0189 0.9998 -0.0001
vn 0.0084 0.0502 0.9987
vn -0.0227 0.9997 -0.0000
vn -0.0194 0.9998 -0.0000
vn 0.0823 0.9962 -0.0289
vn -0.0000 0.9508 -0.3097
vn -0.9063 0.4227 -0.0049
vn -0.9999 0.0108 -0.0016
vn -1.0000 0.0004 0.0001
vn -0.9999 0.0079 0.0137
vn 0.0160 -0.9999 -0.0001
vn 0.6139 -0.7894 0.0004
vn 0.0160 -0.9999 -0.0000
vn 0.9999 -0.0104 -0.0002
vn 0.6141 -0.7892 0.0004
vn 0.8066 -0.5911 -0.0002
vn 0.6141 -0.7892 0.0005
vn 0.0162 -0.9999 -0.0000
vn -0.0028 -0.0057 1.0000
vn 0.0095 -0.0099 0.9999
vn 0.0034 -0.0021 1.0000
vn -0.0063 -0.0008 1.0000
vn 0.0030 -0.0018 1.0000
vn 0.0060 0.0001 1.0000
vn -0.4155 -0.9096 -0.0000
vn -0.4185 -0.9082 0.0015
vn -0.3901 0.9208 -0.0000
vn -0.0159 0.9999 0.0047
vn -0.3839 0.9234 0.0023
vn -0.9899 0.1419 0.0018
vn -0.9277 0.3732 0.0007
vn -0.9295 0.3689 0.0020
vn 0.0001 0.0013 1.0000
vn 0.0062 -0.0000 1.0000
vn 0.0032 0.0014 1.0000
vn 0.9986 -0.0524 0.0061
vn 0.8039 -0.5947 0.0012
vn 0.9905 -0.1369 -0.0154
vn 0.9997 0.0025 0.0252
vn 0.9976 -0.0688 0.0044
vn 1.0000 0.0008 0.0038
vn 1.0000 0.0017 0.0042
vn 0.9997 0.0027 0.0250
vn 1.0000 0.0004 0.0051
vn -0.4152 -0.9097 -0.0000
vn -0.4092 -0.9124 -0.0015
vn -0.3905 0.9206 -0.0000
vn -0.0164 0.9999 -0.0022
vn -0.0164 0.9999 -0.0028
vn 0.9893 -0.1460 -0.0012
vn 0.7950 -0.5875 -0.1510
vn 0.0201 -0.0016 -0.9998
vn 1.0000 -0.0009 -0.0014
vn 1.0000 -0.0009 -0.0015
vn 1.0000 0.0020 0.0037
vn 0.0245 0.0043 -0.9997
vn 0.0061 -0.0002 -1.0000
vn -0.0029 0.0011 -1.0000
vn -0.0016 0.0019 -1.0000
vn 0.0074 0.0004 -1.0000
vn -0.0053 -0.0023 -1.0000
vn 0.9999 0.0026 0.0150
vn 0.9881 -0.1535 0.0025
vn 0.0424 0.0052 -0.9991
vn 0.0220 0.0010 -0.9998
vn 0.0403 0.0050 -0.9992
vn 0.9877 -0.1561 0.0001
vn 1.0000 0.0031 -0.0030
vn 1.0000 -0.0017 -0.0019
vn 0.8042 -0.5943 0.0024
vn 0.0170 -0.9970 -0.0760
vn 0.7937 -0.5857 -0.1641
vn 0.7935 -0.5861 -0.1640
vn 0.9905 -0.1369 -0.0156
vn 0.8039 -0.5948 0.0009
vn 0.0151 0.9996 0.0247
vn 0.0062 1.0000 0.0075
vn 0.0001 0.9999 0.0144
vn -0.0001 0.9998 0.0193
vn -0.0214 0.9996 0.0209
vn 0.0152 0.9996 0.0244
vn 0.0065 1.0000 0.0074
vn 0.0153 0.9996 0.0246
vn 0.0158 0.9999 0.0001
vn 0.0158 0.9998 -0.0100
vn 0.0097 0.9999 -0.0099
vn 0.0190 0.9998 -0.0000
vn 0.0160 0.9998 -0.0099
vn 0.0194 0.9998 -0.0000
vn 0.0162 0.9999 -0.0000
vn 0.0131 0.9996 0.0243
vn -0.0212 0.9996 0.0205
vn 0.0031 0.9061 0.4230
vn -0.0003 0.0013 1.0000
vn -0.0191 -0.0186 0.9996
vn -0.0036 -0.0057 1.0000
vn -0.0099 -0.0076 0.9999
vn -0.0101 -0.0076 0.9999
vn -0.0068 -0.0017 1.0000
vn -0.0193 -0.0184 0.9996
vn -0.0090 -0.0071 0.9999
vn -0.0028 -0.0052 1.0000
vn 0.0006 0.0088 1.0000
vn 0.4186 -0.9082 0.0015
vn 0.4155 -0.9096 0.0008
vn 0.4156 -0.9096 0.0008
vn -0.9967 -0.0806 -0.0097
vn -0.7180 -0.6959 -0.0143
vn -0.9044 -0.0212 0.4261
vn -1.0000 0.0008 0.0021
vn -0.9998 0.0026 0.0182
vn -0.9999 0.0110 -0.0023
vn -1.0000 0.0004 0.0013
vn -1.0000 0.0005 0.0019
vn -0.0163 -0.9999 0.0016
vn -0.7187 -0.6953 0.0030
vn -0.0165 -0.9971 -0.0747
vn -0.0037 -0.0009 -1.0000
vn -0.9894 -0.0969 -0.1077
vn -0.0037 0.0012 -1.0000
vn -0.7914 -0.5889 -0.1643
vn -0.0002 -0.0169 -0.9999
vn -0.0103 -0.9973 -0.0732
vn -0.7919 -0.5883 -0.1636
vn -0.9905 -0.0856 -0.1077
vn -0.0037 -0.0010 -1.0000
vn -0.7787 -0.6055 -0.1641
vn -0.0061 -0.0052 -1.0000
vn -0.0065 -0.0048 -1.0000
vn -0.7800 -0.6039 -0.1640
vn -0.0030 -0.0019 -1.0000
vn -0.0026 0.0015 -1.0000
vn -0.0061 -0.0032 -1.0000
vn 0.3906 0.9206 -0.0008
vn 0.0164 0.9999 -0.0029
vn 0.0164 0.9999 -0.0014
vn -1.0000 -0.0012 -0.0074
vn -0.9897 -0.0993 -0.1031
vn -1.0000 -0.0009 -0.0043
vn 0.4150 -0.9098 0.0006
vn 0.4151 -0.9098 0.0006
vn 0.4125 -0.9110 -0.0000
vn -0.0125 0.9998 0.0123
vn -0.0215 0.9995 0.0210
vn -0.0002 0.9998 0.0190
vn -0.0222 0.9998 -0.0000
vn -0.0160 0.9998 -0.0114
vn -0.0223 0.9995 0.0206
vn -0.0218 0.9995 0.0207
vn -0.0129 0.9998 0.0122
vn -0.0253 0.9997 0.0001
vn -1.0000 0.0043 -0.0045
vn -0.9999 0.0108 -0.0021
vn -0.9996 0.0025 -0.0296
vn -0.7187 -0.6954 -0.0000
vn -0.9921 0.1258 -0.0002
vn -0.7190 -0.6950 -0.0000
vn -0.7190 -0.6950 -0.0002
vn -0.0162 -0.9999 -0.0001
vn -0.7186 -0.6954 -0.0000
vn 0.9991 -0.0420 -0.0000
vn 0.7187 0.6953 -0.0000
vn 0.6171 0.7869 -0.0001
vn 0.9999 0.0040 -0.0116
vn 0.1304 -0.0045 0.9915
vn 0.9972 -0.0743 -0.0099
vn -0.0039 0.0003 -1.0000
vn -0.0003 0.0013 -1.0000
vn -0.0002 -0.0077 -1.0000
vn -0.0004 0.0073 -1.0000
vn 0.0060 -0.0073 -1.0000
vn 0.0422 -0.0029 -0.9991
vn 0.0058 -0.0072 -1.0000
vn -0.9991 0.0426 -0.0015
vn -0.9992 0.0408 -0.0004
vn -0.9363 -0.3512 -0.0000
vn 0.0584 -0.0033 -0.9983
vn 0.3079 0.0602 -0.9495
vn 0.3716 -0.0232 -0.9281
vn 0.9999 -0.0114 -0.0017
vn 0.0028 -0.0025 1.0000
vn -0.0005 0.0077 1.0000
vn 0.0137 -0.9922 0.1237
vn 0.9981 -0.0614 -0.0092
vn 0.1292 -0.0042 0.9916
vn 0.7139 -0.6880 0.1305
vn 1.0000 -0.0002 -0.0000
vn 0.9972 -0.0741 0.0065
vn 0.9999 -0.0114 -0.0020
vn 1.0000 0.0012 0.0012
vn 1.0000 0.0010 -0.0030
vn 1.0000 0.0032 0.0061
vn -0.0046 0.0497 0.9988
vn 0.0006 0.0015 1.0000
vn 0.0233 0.1018 0.9945
vn -0.4156 -0.9096 0.0004
vn -0.4157 -0.9095 0.0007
vn -0.9371 -0.3489 0.0003
vn -0.9364 -0.3509 -0.0000
vn -0.9992 0.0407 0.0021
vn -0.0002 -0.0060 1.0000
vn -0.0031 -0.0050 1.0000
vn 0.9983 -0.0579 0.0080
vn 0.7124 -0.6867 0.1450
vn 0.7163 -0.6978 -0.0002
vn 0.9999 -0.0113 -0.0017
vn 1.0000 -0.0004 -0.0001
vn -0.0064 0.0002 1.0000
vn -0.0035 -0.0045 1.0000
vn -0.0064 0.0061 1.0000
vn -0.0065 0.0002 1.0000
vn -0.0065 0.0061 1.0000
vn -0.0003 0.0090 1.0000
vn -0.0062 0.0061 1.0000
vn -0.0004 0.0090 1.0000
vn 0.0129 -0.9230 0.3845
vn 0.0822 0.9961 -0.0308
vn 0.0001 0.9998 -0.0183
vn 0.0093 0.9999 -0.0093
vn 0.0097 0.9999 -0.0091
vn 0.0190 0.9998 -0.0001
vn 0.0824 0.9961 -0.0306
vn 0.0186 0.9998 -0.0000
vn 0.0829 0.9961 -0.0297
vn 0.0094 0.9999 0.0092
vn 0.0001 0.9998 0.0183
vn 0.0018 0.1019 0.9948
vn 0.0020 0.1021 0.9948
vn 0.0189 0.9998 0.0001
vn 0.0097 0.9999 0.0091
vn 0.9999 -0.0149 0.0062
vn 0.9999 -0.0171 -0.0021
vn 0.1005 0.9945 -0.0302
vn 1.0000 -0.0009 -0.0003
vn 1.0000 0.0007 -0.0033
vn 1.0000 -0.0004 0.0012
vn 0.0159 -0.7072 -0.7068
vn 0.0128 -0.9230 -0.3847
vn 0.0128 -0.9230 -0.3846
vn 0.0200 -0.7071 -0.7068
vn 0.0133 -0.3839 -0.9233
vn 0.0157 -0.7072 -0.7069
vn 0.0049 0.7076 -0.7066
vn 0.0130 0.3840 -0.9233
vn 0.0157 0.7076 -0.7065
vn 0.0047 1.0000 0.0015
vn 0.0108 0.7076 -0.7065
vn 0.0127 0.9999 0.0015
vn 0.0120 0.9229 0.3849
vn 0.0108 0.9999 0.0015
vn 0.0126 0.9230 0.3846
vn 0.0128 -0.0000 0.9999
vn 0.0130 0.3803 0.9248
vn 0.0130 0.3804 0.9247
vn 0.0206 -0.0001 0.9998
vn 0.0125 -0.3806 0.9246
vn 0.0130 -0.0001 0.9999
vn -1.0000 -0.0014 -0.0027
vn -0.9074 0.4200 -0.0135
vn -0.9994 -0.0344 -0.0017
vn -0.0189 -0.0161 -0.9997
vn -0.0098 -0.0070 -0.9999
vn -0.0005 -0.0081 -1.0000
vn -0.0030 -0.0001 -1.0000
vn -0.0032 0.0005 -1.0000
vn -0.0002 0.0013 -1.0000
vn -0.0090 -0.0066 -0.9999
vn 0.0004 0.0073 -1.0000
vn 0.0002 -0.0077 -1.0000
vn -0.0281 0.0026 -0.9996
vn -0.0281 -0.0011 -0.9996
vn -0.4686 0.0024 -0.8834
vn -0.0080 -0.0018 -1.0000
vn 0.0011 0.0009 -1.0000
vn -0.0019 -0.0004 -1.0000
vn -1.0000 -0.0013 -0.0028
vn -0.9994 -0.0343 -0.0011
vn 0.3895 0.9210 -0.0002
vn 0.1503 0.9886 -0.0019
vn 0.3892 0.9211 -0.0004
vn 0.9897 0.1428 -0.0008
vn 0.9272 0.3746 -0.0004
vn -0.7172 -0.6968 -0.0028
vn -0.0164 -0.9919 0.1263
vn -0.6111 -0.7809 0.1297
vn 0.0031 0.0001 1.0000
vn -0.0274 -0.0011 0.9996
vn -0.5972 -0.7916 0.1297
vn -0.9984 -0.0550 0.0126
vn -0.7169 -0.6971 -0.0017
vn -0.6107 -0.7812 0.1297
vn -0.0122 -0.9922 0.1237
vn 0.0003 0.0076 1.0000
vn 0.0033 0.0003 1.0000
vn -0.0270 -0.0021 0.9996
vn 0.0066 -0.0034 1.0000
vn 0.0004 0.0009 1.0000
vn -1.0000 -0.0006 0.0015
vn -0.9999 0.0080 0.0137
vn -0.9974 -0.0716 -0.0053
vn -0.0237 0.0505 0.9984
vn -1.0000 0.0076 -0.0039
vn 0.4154 -0.9096 0.0007
vn 0.9991 0.0417 -0.0000
vn 0.9364 -0.3511 -0.0000
vn 0.9369 -0.3496 0.0004
vn 0.0004 -0.0061 1.0000
vn 0.0062 -0.0047 1.0000
vn 0.0061 -0.0046 1.0000
vn 0.0064 -0.0002 1.0000
vn 0.0065 -0.0044 1.0000
vn 0.0065 0.0057 1.0000
vn 0.0065 0.0002 1.0000
vn 0.0065 0.0001 1.0000
vn 0.0062 0.0057 1.0000
vn 0.0002 0.0090 1.0000
vn 0.0002 0.0089 1.0000
vn -0.0127 -0.7076 0.7065
vn -0.0127 -0.9244 0.3813
vn -0.0126 -0.9244 0.3812
vn -0.0186 0.9998 0.0003
vn -0.9077 0.4192 -0.0197
vn -0.0040 0.0499 0.9987
vn 0.0166 0.0500 0.9986
vn -0.0002 0.9998 0.0198
vn -0.0098 0.9999 0.0104
vn 0.0044 0.0499 0.9987
vn -0.0000 0.9998 0.0184
vn -0.0000 0.9998 0.0201
vn -0.0003 0.9998 0.0179
vn -0.0047 0.0499 0.9987
vn 0.0179 0.1018 0.9946
vn -0.0102 0.9999 0.0103
vn -0.0221 0.9998 -0.0000
vn 0.0164 0.0502 0.9986
vn -0.0090 0.0033 -1.0000
vn 0.2983 0.0643 -0.9523
vn 0.0038 0.0012 -1.0000
vn -0.0143 0.0467 0.9988
vn -0.9140 0.4056 -0.0136
vn -0.9999 -0.0078 0.0072
vn -1.0000 -0.0002 0.0015
vn -0.9999 0.0078 0.0137
vn -1.0000 0.0009 -0.0000
vn -0.0128 -0.7064 -0.7077
vn -0.0127 -0.9233 -0.3840
vn -0.0128 -0.3842 -0.9232
vn -0.0201 -0.7063 -0.7076
vn -0.0104 -0.7065 -0.7076
vn -0.0158 0.7075 -0.7065
vn -0.0131 0.3839 -0.9233
vn -0.0130 0.3840 -0.9232
vn -0.0129 0.9243 -0.3815
vn -0.0234 0.7075 -0.7063
vn -0.0136 0.7076 -0.7065
vn -0.0159 0.7064 0.7076
vn -0.0129 0.9230 0.3845
vn -0.0158 0.7064 0.7076
vn -0.0133 0.3838 0.9233
vn -0.0134 0.3839 0.9233
vn -0.0130 -0.3841 0.9232
vn -0.0052 -0.7077 0.7065
vn -0.0108 -0.7077 0.7065
vn -0.0160 -0.9999 -0.0000
vn -0.0160 -0.9999 0.0001
vn -0.7185 -0.6956 0.0001
vn -0.8080 0.5892 -0.0000
vn -0.9955 0.0945 -0.0000
vn -0.9955 0.0946 0.0001
vn -0.9920 0.1259 -0.0000
vn -0.9921 0.1257 -0.0001
vn -0.7186 -0.6955 -0.0000
vn -0.4152 -0.9095 0.0182
vn -0.4152 -0.9096 0.0182
vn -0.4153 -0.9095 0.0181
vn -0.9363 -0.3507 0.0176
vn -0.9990 0.0414 0.0184
vn -0.9990 0.0414 0.0143
vn -0.7186 0.6952 0.0176
vn -0.9998 0.0100 0.0169
vn -0.9998 0.0100 0.0172
vn -0.0163 0.9998 0.0104
vn -0.7187 0.6952 0.0153
vn -0.0162 0.9997 0.0171
vn 0.4152 -0.9096 0.0181
vn 0.4152 -0.9096 0.0180
vn 0.9990 0.0410 0.0177
vn 0.9363 -0.3508 0.0162
vn 0.9271 0.3744 0.0161
vn 0.9998 0.0096 0.0185
vn 0.9999 0.0096 0.0134
vn 0.0162 0.9997 0.0171
vn 0.3904 0.9205 0.0164
vn 0.9028 -0.0001 0.4302
vn 0.9976 -0.0687 -0.0127
vn 1.0000 0.0031 0.0063
vn -0.1603 0.9871 -0.0000
vn -0.0166 0.9999 -0.0000
vn -0.6185 0.7858 -0.0001
vn 0.0036 -0.0021 1.0000
vn 0.0097 -0.0097 0.9999
vn 0.0065 -0.0002 1.0000
vn -0.0001 0.0014 1.0000
vn -0.0063 -0.0007 1.0000
vn 0.0060 -0.0003 1.0000
vn 0.0027 -0.0017 1.0000
vn -0.0005 0.0088 1.0000
vn -0.0034 -0.0053 1.0000
vn 0.9984 -0.0558 -0.0107
vn 0.9000 -0.0304 0.4347
vn 0.8034 -0.5952 -0.0145
vn 1.0000 0.0020 0.0044
vn 1.0000 0.0020 0.0039
vn -0.0097 0.0053 -0.9999
vn 0.0056 0.0004 -1.0000
vn 0.7842 -0.5983 -0.1644
vn 0.0029 0.0014 1.0000
vn 0.0005 0.0013 1.0000
vn 0.0002 0.0013 1.0000
vn -0.0001 0.0012 1.0000
vn 0.0006 0.0013 1.0000
vn 0.9997 0.0029 0.0249
vn 1.0000 0.0011 0.0033
vn 1.0000 0.0006 0.0050
vn 0.0164 -0.9999 0.0016
vn 0.0166 -0.9971 -0.0747
vn 0.8041 -0.5945 0.0046
vn 1.0000 0.0003 0.0006
vn 1.0000 0.0008 0.0035
vn 0.9976 -0.0687 0.0025
vn 0.7902 -0.5905 -0.1642
vn 0.0101 -0.9973 -0.0732
vn 0.0001 -0.0169 -0.9999
vn 0.0055 -0.0003 -1.0000
vn -0.0160 -0.0018 -0.9999
vn -0.0067 -0.0042 -1.0000
vn -0.0090 0.0051 -0.9999
vn 0.7776 -0.6069 -0.1641
vn 0.0002 -0.0169 -0.9999
vn 0.9882 -0.1529 -0.0127
vn 1.0000 -0.0000 -0.0009
vn 0.9976 -0.0685 0.0048
vn -0.9371 -0.3491 -0.0015
vn -0.9383 -0.3459 -0.0018
vn -0.9957 -0.0926 -0.0009
vn -0.0061 -0.0044 -1.0000
vn -0.0002 -0.0064 -1.0000
vn -0.0003 -0.0064 -1.0000
vn 1.0000 0.0029 -0.0029
vn 1.0000 0.0008 -0.0008
vn 1.0000 0.0030 -0.0030
vn 1.0000 -0.0002 -0.0013
vn -0.9371 -0.3491 -0.0014
vn -0.9957 -0.0923 -0.0006
vn -0.9849 0.1728 0.0037
vn -0.9899 0.1416 0.0016
vn -0.9923 -0.1237 0.0001
vn -0.9278 0.3731 0.0007
vn 1.0000 0.0001 -0.0007
vn 1.0000 0.0004 0.0009
vn 0.9976 -0.0688 0.0019
vn -0.0095 -0.0000 -1.0000
vn -0.0065 -0.0045 -1.0000
vn -0.0065 -0.0044 -1.0000
vn -0.0066 0.0050 -1.0000
vn -0.0096 0.0001 -1.0000
vn -0.0096 -0.0001 -1.0000
vn -0.0003 0.0076 -1.0000
vn -0.0062 0.0048 -1.0000
vn -0.0062 0.0049 -1.0000
vn 0.0132 -0.9233 -0.3839
vn 0.0113 -0.9999 -0.0007
vn -0.0000 0.9999 0.0148
vn -0.0000 0.9998 0.0191
vn 0.0151 0.9996 0.0246
vn 0.0155 0.9998 -0.0102
vn 0.0001 0.9998 -0.0190
vn 0.0093 0.9999 -0.0100
vn 0.0156 0.9996 0.0244
vn 0.0159 0.9998 -0.0099
vn 0.0160 0.9999 0.0001
vn 1.0000 -0.0045 -0.0031
vn 0.9997 -0.0048 0.0251
vn 1.0000 -0.0085 -0.0016
vn -0.9996 0.0134 -0.0242
vn 0.0246 0.0044 -0.9997
vn -0.0071 0.0009 -1.0000
vn 0.3877 0.9218 -0.0023
vn 0.0315 0.9994 -0.0116
vn 0.0315 0.9992 0.0244
vn 0.0046 -1.0000 -0.0007
vn 0.0126 -0.9244 0.3812
vn 0.0127 -0.9999 -0.0008
vn 0.0131 -0.3813 0.9244
vn 0.0137 -0.0000 0.9999
vn 0.0132 -0.3812 0.9244
vn 0.0127 0.3811 0.9245
vn 0.0202 0.0001 0.9998
vn 0.0106 -0.0000 0.9999
vn 0.0127 0.9244 0.3813
vn 0.0052 1.0000 -0.0007
vn 0.0111 0.9999 -0.0008
vn 0.0132 0.9234 -0.3837
vn 0.0203 0.9998 -0.0008
vn 0.0136 0.9999 -0.0008
vn 0.0158 -0.0000 -0.9999
vn 0.0130 0.3812 -0.9244
vn 0.0131 0.3812 -0.9244
vn 0.0048 -0.0001 -1.0000
vn 0.0128 -0.3812 -0.9244
vn 0.0157 -0.0001 -0.9999
vn -0.9037 -0.0325 0.4269
vn -1.0000 0.0026 0.0020
vn -0.9956 -0.0936 -0.0093
vn -0.0062 -0.0014 1.0000
vn -0.0033 -0.0000 1.0000
vn -0.0001 0.0013 1.0000
vn -0.0059 -0.0015 1.0000
vn 0.0032 0.0002 1.0000
vn -0.0030 -0.0002 1.0000
vn -0.0060 -0.0012 1.0000
vn -0.0093 -0.0073 0.9999
vn -0.9970 -0.0773 0.0074
vn -0.7946 -0.5845 -0.1643
vn -0.7185 -0.6955 0.0001
vn -0.9956 -0.0935 0.0048
vn -0.9998 0.0025 0.0183
vn 0.3901 0.9208 -0.0007
vn 0.3865 0.9223 0.0006
vn 0.9276 0.3735 0.0003
vn 0.9272 0.3745 -0.0000
vn 0.9999 0.0103 0.0023
vn -0.0023 -0.0010 -1.0000
vn -0.0022 0.0013 -1.0000
vn 0.0069 -0.0007 -1.0000
vn -0.0031 -0.0025 -1.0000
vn 0.0060 -0.0004 -1.0000
vn -0.0030 0.0014 -1.0000
vn -0.0161 -0.0008 -0.9999
vn -0.9910 -0.0942 -0.0954
vn -0.9998 0.0080 -0.0167
vn -0.9999 0.0105 -0.0022
vn -0.9998 0.0020 0.0184
vn -0.9996 0.0021 -0.0297
vn -0.9956 -0.0931 0.0053
vn -1.0000 -0.0012 -0.0049
vn -0.9897 -0.0969 -0.1055
vn -0.0171 -0.9970 -0.0761
vn -0.7189 -0.6951 0.0013
vn -0.7949 -0.5841 -0.1642
vn 0.9360 -0.3520 -0.0005
vn 0.9955 -0.0944 0.0009
vn -1.0000 -0.0009 -0.0070
vn -0.9996 0.0030 -0.0293
vn -0.9897 -0.0961 -0.1061
vn -1.0000 -0.0019 -0.0076
vn -0.9996 0.0028 -0.0294
vn 0.0062 -0.0048 -1.0000
vn 0.0002 -0.0064 -1.0000
vn 0.0061 -0.0047 -1.0000
vn 0.9921 -0.1258 -0.0008
vn 0.9999 0.0102 -0.0005
vn 0.9272 0.3746 -0.0000
vn 0.0066 -0.0043 -1.0000
vn 0.0064 0.0003 -1.0000
vn 0.0066 -0.0044 -1.0000
vn 0.0065 0.0053 -1.0000
vn 0.0065 0.0004 -1.0000
vn 0.0065 0.0054 -1.0000
vn 0.0001 0.0076 -1.0000
vn 0.0063 0.0054 -1.0000
vn -0.0002 0.9998 -0.0200
vn 0.0153 0.9998 -0.0100
vn -0.0154 0.9998 -0.0117
vn -0.0264 0.9997 -0.0000
vn -0.0226 0.9997 -0.0000
vn -0.0222 0.9995 0.0205
vn -0.0094 0.9999 -0.0100
vn -0.0002 0.9998 -0.0190
vn -0.0155 0.9998 -0.0117
vn -0.0158 -0.7068 -0.7072
vn -0.0127 -0.9233 -0.3839
vn -0.0130 -0.9234 -0.3837
vn -0.0158 0.9998 -0.0115
vn -0.0221 0.9998 -0.0001
vn -0.0098 0.9999 -0.0099
vn -0.2986 0.9544 0.0021
vn -0.0344 0.9992 0.0220
vn -0.0282 0.9995 -0.0115
vn -1.0000 0.0004 0.0007
vn -0.9956 0.0913 -0.0202
vn -1.0000 0.0004 0.0012
vn -1.0000 -0.0014 -0.0047
vn -0.9956 -0.0936 0.0019
vn -1.0000 0.0003 0.0009
vn -1.0000 0.0037 -0.0046
vn -0.9996 0.0026 -0.0295
vn -1.0000 -0.0016 -0.0074
vn -0.0129 -0.7070 0.7071
vn -0.0130 -0.9231 0.3843
vn -0.0198 -0.7069 0.7070
vn -0.0126 -0.3841 0.9232
vn -0.0126 -0.7070 0.7071
vn -0.0047 0.7068 0.7074
vn -0.0129 0.3839 0.9233
vn -0.0158 0.7068 0.7073
vn -0.0159 0.7068 0.7073
vn -0.0132 0.9234 0.3837
vn -0.0132 0.9239 -0.3823
vn -0.0133 0.9239 -0.3824
vn -0.0131 0.9240 -0.3823
vn -0.0131 0.3816 -0.9242
vn -0.0132 0.0004 -0.9999
vn -0.0132 0.3816 -0.9242
vn -0.0128 0.0004 -0.9999
vn -0.0234 -0.7067 -0.7071
vn -0.0137 -0.7068 -0.7073
vn 0.9991 -0.0418 -0.0000
vn 0.9991 -0.0414 -0.0000
vn 0.7186 0.6954 -0.0000
vn 0.8065 -0.5913 -0.0002
vn 0.9999 -0.0102 -0.0000
vn 0.9999 -0.0107 0.0001
vn -0.4152 -0.9096 -0.0173
vn -0.4151 -0.9096 -0.0166
vn -0.4149 -0.9097 -0.0174
vn -0.9990 0.0413 -0.0163
vn -0.9364 -0.3506 -0.0166
vn -0.9990 0.0413 -0.0186
vn -0.9998 0.0100 -0.0144
vn -0.7186 0.6952 -0.0169
vn -0.9998 0.0100 -0.0184
vn -0.7186 0.6952 -0.0175
vn -0.0162 0.9998 -0.0130
vn -0.0162 0.9997 -0.0154
vn 0.7192 -0.6947 -0.0121
vn 0.4152 -0.9096 -0.0181
vn 0.7192 -0.6946 -0.0182
vn 0.9991 0.0408 -0.0140
vn 0.7181 -0.6958 -0.0161
vn 0.9990 0.0407 -0.0177
vn 0.9998 0.0092 -0.0159
vn 0.9272 0.3743 -0.0159
vn 0.9998 0.0093 -0.0177
vn 0.3905 0.9205 -0.0156
vn 0.0162 0.9998 -0.0146
vn -0.1266 0.9920 0.0002
vn 0.7199 0.6941 -0.0002
vn 0.0174 0.9998 -0.0000
vn -0.6185 0.7858 -0.0000
vn -0.8090 0.5878 0.0001
vn -0.1603 0.9871 0.0001
vn -0.6171 0.7869 -0.0001
vn -0.9955 0.0944 -0.0000
vn -0.8138 0.5352 -0.2264
vn -0.8385 0.2205 -0.4982
vn -0.9028 0.3510 -0.2484
vn -0.0335 -0.9994 0.0016
vn -0.0703 -0.9974 0.0168
vn -0.8974 0.2735 0.3463
vn -0.7670 0.4696 0.4372
vn -0.7728 0.6249 0.1107
vn -1.0000 -0.0010 0.0001
vn -1.0000 -0.0007 -0.0000
vn -1.0000 -0.0001 0.0001
vn 0.0324 -0.0168 -0.9993
vn 0.0013 -0.0012 -1.0000
vn 0.0012 -0.0015 -1.0000
vn -0.0305 -0.9995 0.0015
vn 0.0030 -0.9999 -0.0153
vn -0.0305 -0.9995 0.0014
vn -0.9051 -0.3741 -0.2019
vn -0.8371 -0.3972 -0.3761
vn -0.8393 -0.5420 -0.0426
vn -0.8380 -0.5434 -0.0491
vn -0.9075 -0.3759 0.1875
vn -0.9029 -0.3755 -0.2091
vn -0.9034 -0.3811 -0.1967
vn -0.9017 -0.2113 -0.3771
vn -0.8359 -0.4042 -0.3713
vn -0.9053 -0.2005 0.3746
vn -0.8878 -0.3744 0.2676
vn -0.8286 -0.2093 0.5192
vn -0.9025 -0.2030 0.3799
vn -0.9573 -0.2161 0.1920
vn -0.9057 -0.3838 0.1798
vn -1.0000 -0.0002 0.0001
vn -1.0000 0.0020 -0.0026
vn -0.8882 -0.3684 0.2746
vn -0.9090 -0.3750 0.1817
vn -0.8385 -0.5421 -0.0544
vn 0.0562 -0.9073 0.4168
vn 0.1406 -0.8233 0.5499
vn 0.1126 -0.5765 0.8093
vn -0.8267 -0.2194 0.5181
vn -0.3752 -0.2001 0.9051
vn -0.8219 0.0788 0.5641
vn -0.8252 0.0649 0.5612
vn -0.1395 0.7663 0.6272
vn -0.7682 0.4753 0.4290
vn -0.7572 0.6432 0.1141
vn 0.1626 0.9455 0.2821
vn -0.0247 0.9788 -0.2031
vn 0.9084 0.1250 -0.3989
vn 0.8521 0.0157 -0.5231
vn 0.8889 0.3292 -0.3184
vn 0.9056 0.1746 0.3866
vn 0.7661 0.3648 0.5292
vn 0.7605 -0.0950 0.6423
vn 0.8257 0.5560 -0.0952
vn 0.7258 0.6052 0.3271
vn 0.8999 0.3814 0.2113
vn 0.9046 0.1677 0.3918
vn 0.8989 0.3891 0.2013
vn 0.7656 0.3582 0.5343
vn 1.0000 0.0005 -0.0000
vn 0.8874 -0.3731 -0.2708
vn 0.9108 -0.3733 -0.1763
vn 0.8535 -0.5157 0.0748
vn 1.0000 0.0010 -0.0005
vn 0.9054 -0.3822 0.1847
vn 0.8993 -0.2234 0.3760
vn 0.8366 -0.4012 0.3730
vn 0.9050 -0.3780 0.1951
vn 0.8530 -0.5172 0.0698
vn 0.9092 -0.3746 -0.1816
vn 0.8678 -0.1562 -0.4717
vn 0.6662 -0.0926 -0.7400
vn 0.8538 0.0263 -0.5199
vn -0.6346 -0.4603 -0.6208
vn -0.6347 -0.4603 -0.6208
vn 0.1629 -0.8507 -0.4997
vn -0.1689 -0.9341 -0.3146
vn 0.1756 -0.7147 -0.6770
vn 0.5880 -0.7600 0.2768
vn 0.8541 -0.5163 0.0626
vn 0.8371 -0.3954 0.3781
vn 0.1100 -0.2398 0.9646
vn 0.8370 -0.4050 0.3679
vn 0.7591 -0.0820 0.6458
vn 0.7363 -0.0874 0.6710
vn -0.1848 0.4254 0.8859
vn 0.0772 -0.2326 0.9695
vn 0.0358 0.8395 0.5421
vn 0.7210 0.6093 0.3300
vn 0.8230 0.5600 -0.0958
vn -0.0125 0.0110 0.9999
vn -0.0003 -0.0002 1.0000
vn -0.0003 0.0020 1.0000
vn 0.0065 0.0035 1.0000
vn 0.0100 0.0086 0.9999
vn 0.0004 0.0020 1.0000
vn 0.0002 -0.0003 1.0000
vn 0.0004 -0.0001 1.0000
vn -0.0000 0.0018 1.0000
vn -1.0000 -0.0006 -0.0008
vn -1.0000 0.0009 0.0006
vn -1.0000 -0.0008 -0.0015
vn -0.9009 0.1770 -0.3963
vn -0.8640 0.4028 -0.3020
vn -0.8766 0.1101 -0.4685
vn -0.8639 0.3972 -0.3096
vn -0.9049 0.4038 -0.1348
vn -0.8499 0.5239 -0.0560
vn -0.8996 0.1765 -0.3995
vn -0.9033 0.4089 -0.1298
vn -0.8632 0.4024 -0.3049
vn -0.8695 -0.2793 0.4073
vn -0.9055 -0.3588 0.2265
vn -0.8520 -0.4266 0.3034
vn -0.9571 -0.1893 0.2194
vn -0.9033 -0.3622 0.2300
vn -0.9064 -0.1737 0.3852
vn -0.9094 -0.1768 0.3765
vn -0.8698 -0.2856 0.4023
vn -0.8406 0.0561 0.5388
vn -0.8401 0.0519 0.5399
vn -0.9044 0.1919 0.3812
vn -0.9081 -0.1813 0.3775
vn -0.9065 -0.3521 0.2328
vn -0.8550 -0.5175 -0.0347
vn -0.8531 -0.4202 0.3093
vn -0.9577 -0.2160 -0.1900
vn -0.8988 -0.1898 -0.3951
vn -0.9031 -0.3882 -0.1837
vn -1.0000 0.0005 0.0002
vn -1.0000 0.0011 0.0015
vn -0.9019 -0.1871 -0.3894
vn -0.8782 -0.1246 -0.4619
vn -0.8653 -0.4182 -0.2765
vn -0.8516 -0.4288 0.3015
vn -0.4782 -0.5750 0.6638
vn -0.8695 -0.2781 0.4083
vn -0.8658 -0.4112 -0.2851
vn -0.6126 -0.7552 -0.2333
vn -0.8554 -0.5175 -0.0221
vn -0.4928 0.8244 -0.2783
vn -0.8623 0.3980 -0.3129
vn -0.8488 0.5258 -0.0545
vn -0.8349 0.3227 0.4459
vn -0.5384 0.6514 0.5346
vn -0.8580 0.4774 0.1895
vn 0.6060 0.3778 0.7000
vn 0.6057 0.3779 0.7002
vn 0.6059 0.3779 0.7001
vn -0.8351 0.0448 0.5483
vn -0.2485 0.2877 0.9249
vn -0.8294 0.3351 0.4469
vn 0.8986 0.3939 -0.1934
vn 0.8453 0.5311 0.0593
vn 0.9046 0.3680 0.2151
vn -0.0027 -0.9999 -0.0149
vn 0.0304 -0.9995 0.0008
vn 0.0305 -0.9995 0.0007
vn 0.9029 0.1667 0.3962
vn 0.9053 0.3723 0.2044
vn 0.8290 0.4123 0.3779
vn 0.9572 0.2162 -0.1924
vn 0.8975 0.2297 -0.3764
vn 0.8971 0.4012 -0.1851
vn 1.0000 -0.0008 0.0008
vn 1.0000 0.0004 -0.0003
vn 0.9008 0.3919 -0.1869
vn 0.8561 0.3724 -0.3584
vn 0.8462 0.5288 0.0651
vn 0.0049 0.0014 1.0000
vn 0.0048 0.0013 1.0000
vn 0.0443 -0.0168 0.9989
vn 0.0335 -0.9994 0.0008
vn 0.0335 -0.9994 0.0009
vn 0.0676 -0.9976 0.0169
vn 0.8991 0.3981 -0.1821
vn 0.8996 0.2267 -0.3734
vn 0.8550 0.3789 -0.3543
vn 0.9577 -0.2163 0.1898
vn 0.9047 -0.1793 0.3865
vn 0.9059 -0.3885 0.1684
vn 0.9084 -0.3795 0.1752
vn 0.6552 -0.7254 0.2109
vn 0.8522 -0.4868 -0.1918
vn 0.0335 0.9994 -0.0016
vn 0.0335 0.9994 -0.0017
vn 0.0671 0.9976 -0.0167
vn 1.0000 0.0018 -0.0018
vn 0.8942 -0.2513 -0.3704
vn 0.9568 -0.2200 -0.1903
vn 0.9031 -0.3747 -0.2097
vn 0.9077 -0.3806 0.1767
vn 0.8519 -0.4877 -0.1906
vn 0.9047 -0.3665 -0.2171
vn 0.0018 0.0012 1.0000
vn -0.0327 0.0175 0.9993
vn 0.0019 0.0015 1.0000
vn -0.0002 0.9999 0.0140
vn 0.0305 0.9995 -0.0015
vn 0.0306 0.9995 -0.0014
vn 0.8976 -0.2462 -0.3656
vn 0.9066 -0.3690 -0.2048
vn 0.8534 -0.4899 -0.1783
vn -0.0488 -0.4061 0.9125
vn 0.7559 -0.4574 0.4684
vn 0.8026 -0.1497 0.5775
vn 0.7637 -0.4465 0.4662
vn -0.3151 -0.8130 0.4896
vn 0.6485 -0.7329 0.2057
vn 0.8518 -0.4917 -0.1808
vn 0.0002 -0.9974 -0.0724
vn 0.8333 -0.3227 -0.4488
vn -0.7155 -0.4955 -0.4925
vn -0.7153 -0.4957 -0.4926
vn -0.6556 0.1028 -0.7481
vn -0.4937 0.6992 0.5170
vn -0.4890 0.1798 0.8535
vn -0.4892 0.1798 0.8534
vn -0.4888 0.1798 0.8537
vn -0.9508 0.2189 -0.2192
vn -0.9001 0.3543 -0.2536
vn -0.9110 0.1564 -0.3815
vn -0.9104 0.3882 -0.1429
vn -0.8138 0.5325 -0.2327
vn -0.9024 0.3477 -0.2544
vn -1.0000 -0.0004 0.0005
vn -1.0000 -0.0015 0.0015
vn -1.0000 -0.0002 0.0002
vn -0.8386 0.2276 -0.4949
vn -0.8357 -0.0957 -0.5407
vn -0.9141 0.1606 -0.3724
vn -0.0159 -0.9986 0.0506
vn -0.0094 -0.0478 0.9988
vn -0.0099 -0.0478 0.9988
vn -0.0616 -0.9979 -0.0184
vn -0.0615 -0.9979 -0.0187
vn -1.0000 -0.0002 0.0005
vn -0.9018 0.3536 -0.2482
vn -0.8378 0.2230 -0.4983
vn -0.9134 0.1556 -0.3761
vn -0.8961 0.2778 0.3461
vn -0.8962 0.3864 0.2181
vn -0.9570 0.2191 0.1902
vn -1.0000 -0.0003 -0.0001
vn -1.0000 -0.0008 -0.0001
vn -1.0000 -0.0004 0.0003
vn -1.0000 0.0001 -0.0016
vn -1.0000 -0.0010 -0.0001
vn -1.0000 -0.0001 -0.0001
vn -0.8256 0.0655 0.5604
vn -0.7692 0.4736 0.4289
vn -0.8996 0.2777 0.3371
vn -0.9096 0.3870 -0.1514
vn -0.8975 0.3789 0.2257
vn -0.7739 0.6223 0.1176
vn -0.0222 -0.0464 -0.9987
vn -0.0221 -0.0464 -0.9987
vn -0.0289 0.0157 0.9995
vn -0.0290 0.0158 0.9995
vn -0.9001 0.2719 0.3405
vn -0.7758 0.6223 0.1047
vn -0.9003 0.3796 0.2127
vn -0.9040 -0.2121 0.3712
vn -0.8247 0.0737 0.5607
vn -0.8967 0.2866 0.3372
vn -0.9574 -0.1890 -0.2184
vn -0.8997 -0.2142 -0.3803
vn -0.9014 -0.3841 -0.1997
vn -1.0000 0.0006 0.0014
vn -1.0000 0.0003 -0.0001
vn -1.0000 0.0019 0.0023
vn -1.0000 0.0001 -0.0001
vn -1.0000 0.0017 0.0021
vn -1.0000 0.0004 0.0009
vn -1.0000 0.0002 0.0005
vn -0.8361 -0.0826 -0.5423
vn -0.8370 -0.4056 -0.3672
vn -0.9031 -0.2130 -0.3730
vn -0.8351 -0.0910 -0.5425
vn -0.9010 -0.2218 -0.3729
vn -0.9125 0.1657 -0.3741
vn -0.0163 0.9989 0.0442
vn -0.0586 0.0166 0.9981
vn -0.0587 0.0163 0.9981
vn -0.0165 0.9996 0.0230
vn -0.0521 0.9984 -0.0210
vn -0.0522 0.9984 -0.0208
vn -0.8298 -0.2160 0.5145
vn -0.8255 0.0777 0.5590
vn -0.9058 -0.2077 0.3694
vn -0.0018 -0.0013 -1.0000
vn -0.0411 0.0161 -0.9990
vn -0.0017 -0.0013 -1.0000
vn -0.0160 0.0491 -0.9987
vn -0.0159 0.0491 -0.9987
vn -0.0159 0.0490 -0.9987
vn 0.1587 -0.8219 0.5471
vn 0.1667 -0.9466 0.2761
vn 0.1669 -0.9461 0.2774
vn -0.9077 -0.3806 0.1767
vn -0.8872 -0.3741 0.2700
vn -0.9044 -0.2000 0.3768
vn 0.5857 -0.1233 -0.8011
vn 0.5853 -0.1234 -0.8014
vn -0.8370 -0.4066 -0.3662
vn -0.8362 -0.0816 -0.5423
vn -0.6196 -0.3731 -0.6906
vn 0.6279 -0.6662 -0.4024
vn -0.4006 -0.8665 -0.2979
vn -0.8358 -0.5474 -0.0408
vn -0.8339 -0.4011 -0.3791
vn 0.1706 0.9442 0.2817
vn -0.7480 0.4924 0.4451
vn -0.1105 0.7742 0.6233
vn 0.1369 -0.5728 0.8082
vn 0.1607 -0.8216 0.5469
vn 0.3589 -0.4902 0.7943
vn 0.5652 0.1216 0.8160
vn 0.5647 0.1217 0.8163
vn 0.2570 0.6114 -0.7484
vn 0.2568 0.6107 -0.7491
vn 0.2571 0.6116 -0.7483
vn -0.8091 0.5362 -0.2405
vn -0.7685 0.6282 0.1213
vn -0.0456 0.9779 -0.2041
vn 0.9054 0.1236 -0.4063
vn 0.9145 0.3443 -0.2124
vn 0.9299 0.2609 -0.2593
vn -0.8332 -0.0969 -0.5444
vn -0.8365 0.2307 -0.4970
vn -0.4345 0.2077 -0.8764
vn 1.0000 -0.0010 0.0015
vn 1.0000 -0.0007 0.0011
vn 1.0000 0.0004 -0.0000
vn 0.0127 -0.9987 0.0502
vn 0.0126 -0.9987 0.0502
vn 0.0126 -0.9987 0.0503
vn 1.0000 -0.0011 0.0013
vn 0.0159 -0.0488 0.9987
vn 0.0160 -0.0487 0.9987
vn 0.0158 -0.9986 -0.0503
vn 0.0157 -0.9986 -0.0503
vn 1.0000 -0.0012 0.0020
vn 1.0000 0.0003 0.0001
vn 0.8889 0.3226 -0.3251
vn 0.8242 0.5600 -0.0842
vn 0.9168 0.3385 -0.2116
vn 0.8993 0.3883 0.2013
vn 0.7246 0.6112 0.3184
vn 0.7658 0.3577 0.5344
vn 0.8967 0.3925 0.2048
vn 0.9023 0.1712 0.3957
vn 0.9576 0.1899 0.2166
vn 0.0587 -0.0167 -0.9981
vn 0.0586 -0.0170 -0.9981
vn 0.0587 -0.0170 -0.9981
vn 0.0126 -0.9997 -0.0198
vn 0.0126 -0.9997 -0.0199
vn 0.9012 -0.2165 -0.3756
vn 0.8524 0.0229 -0.5224
vn 0.9080 0.1323 -0.3976
vn 0.9159 0.3354 -0.2206
vn 0.8250 0.5574 -0.0930
vn 0.8983 0.3836 0.2143
vn 0.8872 -0.3783 -0.2640
vn 0.8654 -0.1456 -0.4795
vn 0.9021 -0.2036 -0.3804
vn 0.9574 -0.2170 -0.1903
vn 0.9077 -0.3822 -0.1733
vn 0.8995 -0.2072 -0.3845
vn 1.0000 0.0021 0.0019
vn 1.0000 0.0004 0.0002
vn 1.0000 0.0006 0.0002
vn 1.0000 0.0010 -0.0000
vn 1.0000 0.0009 -0.0000
vn 1.0000 0.0014 -0.0000
vn 0.0154 0.0227 0.9996
vn 0.0153 0.0226 0.9996
vn 0.0642 0.9978 0.0168
vn 0.0642 0.9978 0.0166
vn 0.0643 0.9978 0.0166
vn 0.0098 0.0477 0.9988
vn 0.0097 0.0477 0.9988
vn 0.0097 0.0476 0.9988
vn 1.0000 0.0018 -0.0014
vn 1.0000 0.0006 -0.0002
vn 0.0334 0.9994 0.0016
vn 0.0671 0.9976 0.0168
vn 0.9100 -0.3783 -0.1697
vn 0.8871 -0.3783 -0.2646
vn 0.9018 -0.2036 -0.3811
vn 0.8973 -0.2263 0.3790
vn 0.9035 -0.3854 0.1877
vn 0.9578 -0.2194 0.1856
vn 0.0105 0.0261 -0.9996
vn 0.0105 0.0262 -0.9996
vn 0.9012 -0.2260 0.3699
vn 0.7611 -0.0825 0.6433
vn 0.8382 -0.4034 0.3671
vn 0.7598 -0.0913 0.6437
vn 0.8986 -0.2357 0.3701
vn 0.9042 0.1788 0.3880
vn 0.0703 0.9974 -0.0137
vn 0.0702 0.9974 -0.0139
vn 0.0703 0.9974 -0.0136
vn 0.0228 0.0458 -0.9987
vn 0.0228 0.0457 -0.9987
vn 0.0225 0.8367 0.5471
vn 0.7491 0.3701 0.5494
vn 0.7099 0.6181 0.3375
vn -0.0031 0.9999 -0.0147
vn 0.0304 0.9995 0.0014
vn 0.0304 0.9995 0.0015
vn 0.9068 -0.3771 0.1885
vn 0.8375 -0.3959 0.3766
vn 0.8541 -0.5162 0.0638
vn 0.1624 -0.8506 -0.5001
vn -0.3033 -0.9429 -0.1379
vn -0.1705 -0.9330 -0.3169
vn -0.5118 -0.8562 -0.0710
vn -0.1947 -0.9298 -0.3122
vn -0.3270 -0.9355 -0.1337
vn -0.6463 -0.5209 0.5576
vn -0.6465 -0.5209 0.5574
vn -0.6466 -0.5208 0.5573
vn 0.7544 -0.0948 0.6495
vn 0.7592 0.3702 0.5353
vn -0.1605 0.4246 0.8910
vn -0.5016 0.3824 -0.7760
vn -0.5019 0.3831 -0.7755
vn -0.5019 0.3841 -0.7750
vn -0.6170 0.7815 -0.0926
vn 0.5241 0.6980 -0.4879
vn 0.8236 0.5611 -0.0826
vn 0.8889 0.3209 -0.3269
vn 0.0124 0.0149 0.9998
vn 0.0004 0.0209 0.9998
vn 0.0004 0.0210 0.9998
vn 0.0190 -0.0001 0.9998
vn 0.0132 0.0150 0.9998
vn 0.0190 -0.0003 0.9998
vn 0.0192 -0.0003 0.9998
vn 0.0131 -0.0104 0.9999
vn 0.0191 -0.0001 0.9998
vn 0.0126 -0.0104 0.9999
vn 0.0004 -0.0140 0.9999
vn -0.0126 0.0143 0.9998
vn -0.0005 0.0209 0.9998
vn -0.0004 0.0209 0.9998
vn -0.0131 0.0144 0.9998
vn -0.0190 0.0003 0.9998
vn -0.0130 -0.0110 0.9999
vn -0.0004 -0.0142 0.9999
vn -0.0127 -0.0110 0.9999
vn -0.0128 -0.0111 0.9999
vn -0.4122 -0.9083 0.0712
vn -0.4121 -0.9084 0.0710
vn -0.9355 -0.3467 0.0682
vn -0.9965 0.0421 0.0722
vn -0.9355 -0.3465 0.0687
vn -0.9973 0.0109 0.0725
vn -0.7165 0.6939 0.0720
vn -0.7166 0.6939 0.0710
vn -0.7160 0.6937 0.0779
vn -0.0162 0.9972 0.0728
vn -0.7164 0.6939 0.0728
vn 0.4183 -0.9055 0.0711
vn 0.7172 -0.6933 0.0710
vn 0.7169 -0.6930 0.0758
vn 0.7160 -0.6943 0.0732
vn 0.9966 0.0388 0.0724
vn 0.7159 -0.6942 0.0739
vn 0.9260 0.3716 0.0661
vn 0.9974 0.0075 0.0723
vn 0.9261 0.3715 0.0664
vn 0.0160 0.9972 0.0728
vn 0.3843 0.9206 0.0688
vn 0.3845 0.9205 0.0690
vn -0.0004 -0.0005 1.0000
vn -0.0127 -0.0121 0.9998
vn -0.0004 -0.0020 1.0000
vn 0.0001 -0.0001 1.0000
vn 0.0062 0.0034 1.0000
vn 0.0003 0.0018 1.0000
vn 0.0001 -0.0015 1.0000
vn 0.0002 -0.0005 1.0000
vn 0.7196 0.6894 0.0831
vn 0.0170 0.9958 0.0901
vn 0.7196 0.6893 0.0842
vn 0.9960 -0.0437 0.0785
vn 0.7185 0.6906 0.0827
vn 0.9959 -0.0437 0.0786
vn 0.9967 -0.0127 0.0796
vn 0.7161 -0.6927 0.0858
vn 0.9968 -0.0126 0.0794
vn 0.7160 -0.6926 0.0881
vn 0.0162 -0.9957 0.0909
vn 0.7160 -0.6926 0.0869
vn -0.7196 0.6894 0.0832
vn -0.0170 0.9958 0.0898
vn -0.0171 0.9959 0.0886
vn -0.7185 0.6906 0.0827
vn -0.9959 -0.0440 0.0785
vn -0.9959 -0.0439 0.0786
vn -0.9967 -0.0127 0.0796
vn -0.7162 -0.6927 0.0845
vn -0.7162 -0.6927 0.0846
vn -0.0162 -0.9957 0.0909
vn -0.7160 -0.6927 0.0866
vn -0.7160 -0.6928 0.0855
vn -1.0000 -0.0009 -0.0013
vn -1.0000 -0.0012 -0.0007
vn -0.8350 0.3236 0.4449
vn -0.8583 0.4762 0.1911
vn -0.9034 0.3756 0.2068
vn -0.9577 0.1896 0.2164
vn -0.9028 0.1838 0.3889
vn -0.9003 0.3815 0.2096
vn -0.9018 0.3725 0.2189
vn -0.8494 0.5242 -0.0616
vn -0.9039 0.4039 -0.1407
vn -0.9062 0.1854 0.3800
vn -0.8412 0.0460 0.5388
vn -0.8353 0.3310 0.4391
vn -0.0127 -0.9987 -0.0501
vn -0.0127 -0.9987 -0.0503
vn -0.0126 -0.9987 -0.0499
vn -0.0582 -0.0171 -0.9982
vn -0.0584 -0.0168 -0.9981
vn -0.0154 -0.9996 -0.0237
vn -0.0154 -0.9996 -0.0236
vn -0.0568 -0.9981 0.0223
vn -0.0568 -0.9981 0.0221
vn -1.0000 -0.0010 -0.0015
vn -1.0000 0.0009 0.0007
vn -1.0000 0.0006 0.0001
vn -0.9050 0.1804 0.3854
vn -0.8343 0.3261 0.4444
vn -0.9024 0.3782 0.2063
vn -0.9573 0.2159 -0.1923
vn -0.9013 0.4123 -0.1331
vn -0.8976 0.1796 -0.4026
vn -1.0000 0.0009 0.0005
vn -1.0000 -0.0008 -0.0007
vn -1.0000 -0.0019 0.0002
vn -0.0081 0.0026 1.0000
vn -0.0509 -0.0168 0.9986
vn -0.0080 0.0025 1.0000
vn -0.0157 -0.0495 0.9986
vn -0.0158 -0.0495 0.9986
vn -0.0157 -0.0496 0.9986
vn -0.0315 0.0155 -0.9994
vn -1.0000 0.0004 0.0002
vn -1.0000 0.0008 -0.0001
vn -1.0000 0.0026 -0.0020
vn -0.0159 0.9989 -0.0443
vn -0.0159 0.9989 -0.0442
vn -0.0584 0.0169 -0.9981
vn -0.0583 0.0172 -0.9982
vn -0.0584 0.0172 -0.9981
vn -0.0165 0.9996 -0.0224
vn -1.0000 0.0014 0.0008
vn -0.9042 -0.3535 0.2395
vn -0.9048 -0.3805 -0.1912
vn -0.8543 -0.5190 -0.0286
vn -0.9086 -0.1702 0.3814
vn -0.9018 -0.1976 -0.3844
vn -0.8772 0.1221 -0.4644
vn -0.8791 -0.1348 -0.4572
vn -1.0000 0.0005 -0.0000
vn -1.0000 0.0008 0.0006
vn -1.0000 0.0012 0.0015
vn -0.0671 0.9976 0.0189
vn -0.0670 0.9976 0.0192
vn -0.8657 -0.4124 -0.2837
vn -0.8552 -0.5178 -0.0234
vn -0.9064 -0.3794 -0.1856
vn -0.0043 0.0026 1.0000
vn -0.0045 0.0029 1.0000
vn 0.0327 0.0202 0.9993
vn -0.0157 0.0506 0.9986
vn -0.0157 0.0507 0.9986
vn 0.3690 -0.2946 0.8815
vn 0.3693 -0.2938 0.8816
vn 0.3695 -0.2925 0.8820
vn -0.9009 -0.1867 -0.3919
vn -0.8646 -0.4179 -0.2788
vn -0.9052 -0.3849 -0.1804
vn 0.5194 -0.8267 0.2163
vn 0.5194 -0.8266 0.2167
vn 0.5195 -0.8264 0.2173
vn 0.3028 -0.6518 -0.6953
vn 0.1544 -0.3955 -0.9054
vn 0.3032 -0.6502 -0.6967
vn 0.1377 -0.3964 -0.9077
vn -0.0282 -0.0728 -0.9969
vn 0.1379 -0.3964 -0.9077
vn 0.2423 0.6133 -0.7518
vn 0.2423 0.6129 -0.7521
vn 0.2424 0.6128 -0.7522
vn 0.5245 0.8453 0.1020
vn 0.5245 0.8453 0.1019
vn 0.5245 0.8453 0.1021
vn 0.0600 -0.9979 -0.0246
vn 0.0600 -0.9979 -0.0245
vn 0.0600 -0.9979 -0.0244
vn 0.9566 0.2188 0.1925
vn 0.9033 0.3756 0.2075
vn 0.9010 0.1697 0.3991
vn 1.0000 0.0009 -0.0006
vn 1.0000 -0.0028 -0.0025
vn 0.8301 0.4146 0.3729
vn 0.8211 0.1079 0.5605
vn 0.9047 0.1692 0.3910
vn 0.8459 0.5309 0.0514
vn 0.8301 0.4081 0.3801
vn 0.9065 0.3681 0.2068
vn 0.0200 -0.0450 -0.9988
vn 0.0199 -0.0451 -0.9988
vn 0.0526 -0.9984 0.0208
vn 0.0525 -0.9984 0.0211
vn 0.9012 0.2289 -0.3679
vn 0.8330 0.0416 -0.5518
vn 0.8564 0.3806 -0.3489
vn 1.0000 0.0008 -0.0006
vn 1.0000 0.0003 0.0008
vn 1.0000 -0.0002 0.0001
vn 0.0097 -0.0484 0.9988
vn 0.0098 -0.0484 0.9988
vn 1.0000 0.0009 -0.0018
vn 1.0000 0.0005 -0.0003
vn 1.0000 0.0014 -0.0015
vn 0.9080 -0.1782 0.3791
vn 0.8131 -0.1331 0.5667
vn 0.7700 -0.4478 0.4546
vn 1.0000 0.0010 -0.0008
vn 1.0000 0.0018 -0.0011
vn 0.8207 0.1170 0.5593
vn 0.9069 -0.1882 0.3771
vn 0.9035 0.1788 0.3894
vn 0.0068 0.0178 -0.9998
vn 0.0067 0.0179 -0.9998
vn 0.0067 0.0180 -0.9998
vn 0.9089 -0.3823 0.1669
vn 0.7696 -0.4426 0.4601
vn 0.6549 -0.7276 0.2043
vn 0.0584 0.9982 -0.0167
vn 0.0583 0.9982 -0.0170
vn 0.0582 0.9982 -0.0170
vn 0.0098 0.0480 -0.9988
vn 0.0098 0.0479 -0.9988
vn 1.0000 0.0001 0.0013
vn 1.0000 -0.0000 0.0012
vn 0.9066 -0.1762 0.3834
vn 0.7688 -0.4456 0.4586
vn 0.9078 -0.3853 0.1654
vn 0.8959 -0.2470 -0.3693
vn 0.8517 -0.4913 -0.1822
vn 0.8333 -0.3238 -0.4481
vn 0.0703 0.9973 0.0193
vn 0.0704 0.9973 0.0191
vn 0.0704 0.9973 0.0190
vn 0.8356 -0.3306 -0.4387
vn 0.8333 0.0560 -0.5500
vn 0.8978 -0.2541 -0.3597
vn 0.0190 0.0464 0.9987
vn 0.0191 0.0463 0.9987
vn 0.0191 0.0464 0.9987
vn -0.4563 0.8454 -0.2778
vn -0.4564 0.8456 -0.2767
vn -0.4566 0.8460 -0.2752
vn 0.8952 -0.2602 -0.3619
vn 0.8322 0.0509 -0.5521
vn 0.8988 0.2386 -0.3677
vn 0.8112 -0.1442 0.5668
vn 0.8186 0.1191 0.5619
vn -0.0351 -0.4034 0.9144
vn 0.7467 -0.4594 0.4810
vn -0.0646 -0.4074 0.9110
vn -0.3374 -0.8065 0.4856
vn 0.6255 -0.7509 0.2120
vn -0.3420 -0.8041 0.4863
vn -0.0327 -0.9971 -0.0687
vn -0.0038 -0.9973 -0.0740
vn 0.8490 -0.4948 -0.1854
vn 0.6475 -0.7319 0.2122
vn 0.5918 -0.2315 -0.7721
vn 0.8325 0.0570 -0.5511
vn 0.8349 -0.3321 -0.4389
vn 0.8563 0.3819 -0.3477
vn 0.8328 0.0410 -0.5521
vn 0.6731 0.3628 -0.6445
vn 0.8277 0.4105 0.3827
vn 0.8428 0.5359 0.0500
vn 0.4152 0.8172 0.3996
vn 0.8178 0.1083 0.5652
vn 0.8266 0.4192 0.3754
vn 0.3842 0.4488 0.8068
vn 0.9999 0.0035 -0.0114
vn 0.0419 0.1022 0.9939
vn 0.1302 -0.0053 0.9915
vn 1.0000 -0.0003 -0.0001
vn 0.9972 -0.0743 0.0058
vn -0.4152 -0.9097 0.0001
vn -0.4151 -0.9098 0.0001
vn -0.0031 -0.0046 1.0000
vn -0.0032 -0.0046 1.0000
vn -0.0064 0.0001 1.0000
vn -0.0034 -0.0044 1.0000
vn -0.0065 0.0060 1.0000
vn -0.0064 0.0003 1.0000
vn -0.0065 0.0004 1.0000
vn -0.0002 0.0089 1.0000
vn -0.0061 0.0061 1.0000
vn -0.0062 0.0060 1.0000
vn 0.0125 -0.9230 0.3847
vn 0.0232 -0.7072 -0.7066
vn 0.0109 -0.7072 -0.7069
vn 0.0127 -0.9230 -0.3846
vn 0.0139 -0.7072 -0.7069
vn 0.0136 -0.3841 -0.9232
vn 0.0137 -0.3842 -0.9231
vn 0.0138 0.7076 -0.7065
vn 0.0133 0.3839 -0.9233
vn 0.0136 0.9999 0.0015
vn 0.0159 0.7075 -0.7065
vn 0.0197 0.7075 -0.7064
vn 0.0129 0.9231 0.3844
vn 0.0128 0.9999 0.0015
vn 0.0197 0.9998 0.0015
vn 0.0201 0.0001 0.9998
vn 0.0090 -0.0001 1.0000
vn 0.0127 0.3806 0.9247
vn 0.0153 -0.0000 0.9999
vn 0.0127 -0.3805 0.9247
vn 0.0126 -0.3805 0.9247
vn -1.0000 -0.0016 -0.0027
vn -1.0000 -0.0006 -0.0073
vn -0.9074 0.4200 -0.0134
vn 0.3897 0.9209 -0.0001
vn 0.0161 0.9999 0.0001
vn 0.1503 0.9886 -0.0001
vn 0.9898 0.1428 -0.0004
vn 0.9999 0.0103 -0.0001
vn 0.9271 0.3749 -0.0003
vn -0.7172 -0.6969 -0.0044
vn -0.1535 -0.9881 -0.0000
vn -0.0160 -0.9920 0.1251
vn 0.0035 0.0003 1.0000
vn 0.0066 -0.0033 1.0000
vn -0.0270 -0.0010 0.9996
vn -1.0000 -0.0003 0.0012
vn -0.9974 -0.0711 0.0104
vn 0.4144 -0.9101 0.0004
vn 0.0002 -0.0060 1.0000
vn 0.0004 -0.0060 1.0000
vn 0.0060 -0.0046 1.0000
vn 0.0064 -0.0000 1.0000
vn 0.0065 -0.0000 1.0000
vn 0.0067 -0.0045 1.0000
vn 0.0064 0.0056 1.0000
vn 0.0064 0.0002 1.0000
vn 0.0061 0.0057 1.0000
vn 0.0001 0.0089 1.0000
vn -0.0203 -0.7075 0.7064
vn -0.0135 -0.7076 0.7065
vn -0.0131 -0.9243 0.3816
vn -0.0052 -0.7065 -0.7077
vn -0.0109 -0.7065 -0.7076
vn -0.0124 -0.9232 -0.3841
vn -0.0131 -0.3843 -0.9231
vn -0.0128 -0.7065 -0.7076
vn -0.0083 0.7076 -0.7065
vn -0.0111 0.7076 -0.7065
vn -0.0126 0.3842 -0.9232
vn -0.0124 0.9246 -0.3807
vn -0.0157 0.7076 -0.7065
vn -0.0083 0.7065 0.7077
vn -0.0114 0.7065 0.7077
vn -0.0126 0.9229 0.3847
vn -0.0232 0.7062 0.7076
vn -0.0109 0.7064 0.7077
vn -0.0130 0.3837 0.9234
vn -0.0133 -0.3840 0.9232
vn -0.0134 -0.3839 0.9233
vn -0.0128 -0.7076 0.7065
vn -0.4152 -0.9095 0.0177
vn -0.4153 -0.9095 0.0179
vn -0.9364 -0.3506 0.0175
vn -0.9990 0.0415 0.0176
vn -0.7186 0.6951 0.0185
vn -0.7187 0.6952 0.0137
vn -0.9998 0.0099 0.0177
vn -0.0162 0.9998 0.0141
vn -0.7186 0.6951 0.0182
vn -0.7186 0.6951 0.0192
vn 0.4151 -0.9096 0.0181
vn 0.4150 -0.9096 0.0182
vn 0.9990 0.0411 0.0171
vn 0.9991 0.0411 0.0131
vn 0.9271 0.3745 0.0163
vn 0.9271 0.3744 0.0162
vn 0.9998 0.0096 0.0177
vn 0.0162 0.9998 0.0126
vn 0.0162 0.9998 0.0154
vn 0.3901 0.9206 0.0166
vn 0.9023 -0.0002 0.4312
vn 0.8996 -0.0414 0.4346
vn 0.9976 -0.0690 -0.0115
vn 1.0000 -0.0011 -0.0017
vn 0.9997 0.0026 0.0250
vn 1.0000 0.0025 0.0044
vn -0.0099 0.0054 -0.9999
vn 0.0054 0.0004 -1.0000
vn 0.9882 -0.1530 -0.0113
vn 1.0000 0.0030 -0.0029
vn 1.0000 -0.0001 -0.0014
vn -0.0063 -0.0044 -1.0000
vn -0.0062 -0.0044 -1.0000
vn -0.0095 -0.0001 -1.0000
vn -0.0067 -0.0045 -1.0000
vn -0.0065 0.0049 -1.0000
vn -0.0065 0.0048 -1.0000
vn -0.0095 0.0001 -1.0000
vn -0.0001 0.0076 -1.0000
vn -0.0002 0.0076 -1.0000
vn 0.0134 -0.9233 -0.3838
vn 0.0128 -0.9999 -0.0008
vn 0.0201 -0.9998 -0.0007
vn 0.0136 -0.9999 -0.0008
vn 0.0130 -0.9243 0.3815
vn 0.0129 -0.3814 0.9243
vn 0.0127 -0.0000 0.9999
vn 0.0197 -0.0001 0.9998
vn 0.0129 0.3809 0.9245
vn 0.0132 0.3811 0.9244
vn 0.0129 -0.0001 0.9999
vn 0.0130 0.9243 0.3814
vn 0.0130 0.9243 0.3815
vn 0.0129 0.9999 -0.0008
vn 0.0128 0.9233 -0.3839
vn 0.0127 0.9232 -0.3841
vn 0.0127 0.9999 -0.0008
vn 0.0082 -0.0000 -1.0000
vn 0.0109 -0.0000 -0.9999
vn 0.0126 0.3809 -0.9245
vn 0.0139 -0.0000 -0.9999
vn 0.0130 -0.3812 -0.9244
vn -0.9049 -0.0327 0.4243
vn -0.9066 0.0005 0.4220
vn -1.0000 0.0027 -0.0010
vn -0.9970 -0.0773 0.0072
vn -0.9910 -0.0785 -0.1082
vn -0.7946 -0.5844 -0.1644
vn 0.9363 -0.3512 -0.0003
vn 0.0065 -0.0044 -1.0000
vn 0.0064 0.0002 -1.0000
vn 0.0065 0.0007 -1.0000
vn 0.0065 0.0005 -1.0000
vn 0.0002 0.0076 -1.0000
vn 0.0062 0.0054 -1.0000
vn -0.0000 0.9998 -0.0187
vn 0.0154 0.9998 -0.0102
vn -0.0083 -0.7069 -0.7073
vn -0.0109 -0.7068 -0.7073
vn -0.0125 -0.9232 -0.3840
vn -0.0202 -0.7070 0.7069
vn -0.0102 -0.7071 0.7071
vn -0.0128 -0.9232 0.3842
vn -0.0139 -0.7071 0.7070
vn -0.0128 -0.3842 0.9231
vn -0.0127 -0.3842 0.9231
vn -0.0133 0.7068 0.7073
vn -0.0133 0.3836 0.9234
vn -0.0133 0.3835 0.9234
vn -0.0083 0.7069 0.7073
vn -0.0114 0.7068 0.7073
vn -0.0129 0.9233 0.3838
vn -0.0127 0.9241 -0.3819
vn -0.0129 0.9240 -0.3823
vn -0.0130 0.3815 -0.9243
vn -0.0127 0.0003 -0.9999
vn -0.0045 0.0005 -1.0000
vn -0.0052 0.0003 -1.0000
vn -0.0109 0.0003 -0.9999
vn -0.0157 -0.7068 -0.7073
vn -0.4152 -0.9096 -0.0177
vn -0.4147 -0.9098 -0.0177
vn -0.9990 0.0415 -0.0169
vn -0.9363 -0.3507 -0.0171
vn -0.9364 -0.3507 -0.0168
vn -0.9999 0.0099 -0.0135
vn -0.7187 0.6951 -0.0170
vn -0.7187 0.6951 -0.0161
vn -0.7185 0.6951 -0.0221
vn -0.7187 0.6952 -0.0134
vn -0.0162 0.9997 -0.0175
vn 0.7192 -0.6946 -0.0155
vn 0.4152 -0.9096 -0.0173
vn 0.4152 -0.9096 -0.0172
vn 0.9991 0.0408 -0.0134
vn 0.7181 -0.6957 -0.0178
vn 0.7181 -0.6958 -0.0156
vn 0.9998 0.0092 -0.0166
vn 0.9272 0.3743 -0.0158
vn 0.3902 0.9206 -0.0162
vn 0.0162 0.9997 -0.0175
vn 0.0163 0.9998 -0.0107
vn -0.1266 0.9920 -0.0002
vn 0.6185 0.7858 -0.0000
vn 0.7199 0.6941 -0.0003
vn -0.9508 0.2191 -0.2191
vn -0.9078 0.3946 -0.1422
vn -0.9000 0.3544 -0.2537
vn -0.9112 0.3852 -0.1461
vn -0.7746 0.6205 0.1220
vn -0.8148 0.5299 -0.2354
vn -0.0156 -0.9986 0.0503
vn -0.0157 -0.9986 0.0503
vn -0.0098 -0.0479 0.9988
vn -0.0098 -0.0478 0.9988
vn -0.0099 -0.0479 0.9988
vn -0.0673 -0.9976 -0.0187
vn -0.0674 -0.9976 -0.0184
vn -0.0674 -0.9976 -0.0185
vn -0.0231 -0.0464 -0.9987
vn -0.0291 0.0155 0.9995
vn -0.0294 0.0156 0.9994
vn -0.0294 0.0155 0.9994
vn -0.0158 0.9989 0.0442
vn -0.0157 0.9989 0.0442
vn -0.0158 0.9989 0.0441
vn -0.0639 0.0165 0.9978
vn -0.0640 0.0164 0.9978
vn -0.0639 0.0166 0.9978
vn -0.0152 0.9996 0.0230
vn -0.0153 0.9996 0.0231
vn -0.0566 0.9982 -0.0210
vn -0.0567 0.9982 -0.0209
vn -0.0163 0.0491 -0.9987
vn -0.0162 0.0491 -0.9987
vn 0.1468 -0.8226 0.5493
vn 0.0603 -0.9083 0.4140
vn 0.1567 -0.9480 0.2769
vn 0.1557 0.9461 0.2839
vn -0.7635 0.6360 0.1119
vn -0.7584 0.4777 0.4433
vn 0.2683 0.6074 -0.7477
vn 0.2688 0.6090 -0.7462
vn 0.2685 0.6080 -0.7471
vn 0.9064 0.1219 -0.4044
vn 0.8880 0.3264 -0.3240
vn 0.9157 0.3423 -0.2105
vn 1.0000 -0.0011 0.0015
vn 1.0000 -0.0006 0.0012
vn 0.0131 -0.9986 0.0504
vn 0.0163 -0.0487 0.9987
vn 0.0155 -0.9986 -0.0502
vn 0.0637 -0.0170 -0.9978
vn 0.0638 -0.0167 -0.9978
vn 0.0637 -0.0169 -0.9978
vn 0.0133 -0.9997 -0.0198
vn 0.9027 -0.2134 -0.3736
vn 0.8673 -0.1552 -0.4731
vn 0.8532 0.0252 -0.5210
vn 0.0168 0.0226 0.9996
vn 0.0590 0.9981 0.0165
vn 0.0589 0.9981 0.0168
vn 0.0095 0.0476 0.9988
vn 0.0094 0.0476 0.9988
vn 1.0000 0.0013 -0.0018
vn 1.0000 0.0011 -0.0001
vn 1.0000 0.0004 -0.0001
vn 0.0085 0.0263 -0.9996
vn 0.0085 0.0262 -0.9996
vn 0.0644 0.9978 -0.0139
vn 0.0646 0.9978 -0.0136
vn 0.0221 0.0457 -0.9987
vn 0.0220 0.0457 -0.9987
vn 0.0220 0.0458 -0.9987
vn 0.0152 0.8377 0.5459
vn -0.1774 0.4267 0.8868
vn 0.7469 0.3776 0.5473
vn -0.4900 0.3883 -0.7805
vn -0.4900 0.3881 -0.7806
vn -0.4898 0.3868 -0.7813
vn 0.0126 0.0150 0.9998
vn 0.0131 0.0148 0.9998
vn 0.0131 0.0149 0.9998
vn 0.0129 -0.0104 0.9999
vn 0.0129 -0.0103 0.9999
vn 0.0126 -0.0105 0.9999
vn 0.0003 -0.0141 0.9999
vn -0.0125 0.0145 0.9998
vn -0.0126 0.0144 0.9998
vn -0.0005 0.0210 0.9998
vn -0.0130 0.0143 0.9998
vn -0.0130 0.0142 0.9998
vn -0.0131 -0.0112 0.9999
vn -0.0000 -0.0139 0.9999
vn -0.0122 -0.0108 0.9999
vn -0.4122 -0.9083 0.0711
vn -0.4119 -0.9084 0.0712
vn -0.9356 -0.3464 0.0688
vn -0.9965 0.0422 0.0722
vn -0.9966 0.0421 0.0713
vn -0.9974 0.0110 0.0712
vn -0.9977 0.0111 0.0673
vn -0.7165 0.6940 0.0707
vn -0.7163 0.6940 0.0731
vn -0.0161 0.9972 0.0729
vn -0.0162 0.9976 0.0679
vn 0.4184 -0.9055 0.0713
vn 0.4184 -0.9054 0.0713
vn 0.7170 -0.6929 0.0758
vn 0.7160 -0.6942 0.0737
vn 0.9966 0.0388 0.0722
vn 0.9966 0.0388 0.0728
vn 0.9260 0.3717 0.0658
vn 0.9974 0.0075 0.0714
vn 0.0161 0.9976 0.0680
vn 0.0161 0.9972 0.0729
vn 0.3840 0.9208 0.0682
vn 0.7196 0.6893 0.0832
vn 0.0171 0.9959 0.0887
vn 0.0171 0.9958 0.0897
vn 0.9958 -0.0439 0.0798
vn 0.7185 0.6905 0.0836
vn 0.7185 0.6905 0.0838
vn 0.9967 -0.0125 0.0797
vn 0.7162 -0.6926 0.0861
vn 0.7162 -0.6926 0.0860
vn 0.7158 -0.6925 0.0897
vn 0.0160 -0.9955 0.0929
vn 0.0160 -0.9956 0.0919
vn -0.7196 0.6893 0.0842
vn -0.0170 0.9958 0.0901
vn -0.7185 0.6905 0.0838
vn -0.7185 0.6905 0.0836
vn -0.9958 -0.0441 0.0797
vn -0.9967 -0.0129 0.0795
vn -0.9968 -0.0130 0.0794
vn -0.7161 -0.6929 0.0843
vn -0.0161 -0.9956 0.0918
vn -0.0161 -0.9955 0.0929
vn -0.7159 -0.6927 0.0881
vn -1.0000 -0.0018 -0.0012
vn -1.0000 0.0002 -0.0002
vn -1.0000 -0.0015 -0.0009
vn -0.9031 0.3712 0.2160
vn -0.8587 0.4720 0.1999
vn -0.8499 0.5230 -0.0641
vn -0.0130 -0.9986 -0.0504
vn -0.0129 -0.9986 -0.0504
vn -0.0635 -0.0169 -0.9978
vn -0.0636 -0.0168 -0.9978
vn -0.0636 -0.0171 -0.9978
vn -0.0165 -0.9996 -0.0236
vn -0.0166 -0.9996 -0.0236
vn -0.0526 -0.9984 0.0221
vn -0.0524 -0.9984 0.0223
vn -0.0162 -0.0497 0.9986
vn -0.0163 -0.0497 0.9986
vn -0.0163 -0.0496 0.9986
vn -0.0319 0.0154 -0.9994
vn -0.0164 0.9989 -0.0443
vn -0.0632 0.0171 -0.9979
vn -0.0633 0.0169 -0.9979
vn -0.0633 0.0170 -0.9979
vn -0.0154 0.9996 -0.0225
vn -0.0153 0.9996 -0.0224
vn -1.0000 0.0020 0.0013
vn -1.0000 0.0011 0.0007
vn -1.0000 0.0016 0.0009
vn -0.9011 -0.1987 -0.3854
vn -0.9004 0.1885 -0.3922
vn -0.8770 0.1215 -0.4648
vn -0.0614 0.9979 0.0193
vn -0.0615 0.9979 0.0190
vn -0.0162 0.0508 0.9986
vn 0.3542 -0.2926 0.8882
vn 0.3543 -0.2925 0.8882
vn 0.3540 -0.2942 0.8878
vn 0.5144 -0.8292 0.2186
vn 0.5145 -0.8292 0.2187
vn 0.5143 -0.8295 0.2178
vn 0.2796 -0.6554 -0.7016
vn 0.1354 -0.3980 -0.9073
vn 0.1338 -0.3968 -0.9081
vn 0.1335 -0.3948 -0.9090
vn -0.0370 -0.0734 -0.9966
vn -0.0367 -0.0722 -0.9967
vn 0.2526 0.6117 -0.7497
vn 0.2528 0.6107 -0.7504
vn 0.2524 0.6125 -0.7491
vn 0.5239 0.8456 0.1020
vn 0.5239 0.8456 0.1021
vn 0.0554 -0.9982 -0.0243
vn 0.0552 -0.9982 -0.0246
vn 0.0553 -0.9982 -0.0246
vn 0.0190 -0.0450 -0.9988
vn 0.0571 -0.9981 0.0211
vn 0.0571 -0.9981 0.0210
vn 0.0096 -0.0483 0.9988
vn 1.0000 0.0009 -0.0017
vn 1.0000 0.0007 -0.0008
vn 1.0000 0.0019 -0.0009
vn 0.8209 0.1178 0.5588
vn 0.8135 -0.1411 0.5641
vn 0.9074 -0.1871 0.3762
vn 0.0062 0.0180 -0.9998
vn 0.0636 0.9978 -0.0170
vn 0.0637 0.9978 -0.0168
vn 0.0637 0.9978 -0.0169
vn 0.0095 0.0480 -0.9988
vn 0.0094 0.0480 -0.9988
vn 0.0094 0.0479 -0.9988
vn 1.0000 -0.0004 0.0008
vn 1.0000 -0.0008 0.0005
vn 1.0000 0.0004 -0.0004
vn 0.0648 0.9977 0.0190
vn 0.0646 0.9977 0.0193
vn 0.0201 0.0465 0.9987
vn 0.0201 0.0464 0.9987
vn 0.0202 0.0464 0.9987
vn -0.4429 0.8527 -0.2770
vn -0.4431 0.8530 -0.2759
vn -0.4427 0.8522 -0.2787
vt 0.394235 0.281077
vt 0.394992 0.281346
vt 0.395047 0.280541
vt 0.363616 0.026845
vt 0.364564 0.026701
vt 0.364264 0.026037
vt 0.085352 0.028002
vt 0.085054 0.028673
vt 0.086005 0.028804
vt 0.092691 0.976173
vt 0.091862 0.976246
vt 0.092147 0.976977
vt 0.370998 0.975011
vt 0.371136 0.974248
vt 0.370307 0.974214
vt 0.406431 0.280645
vt 0.405599 0.280588
vt 0.406872 0.281424
vt 0.381793 0.019428
vt 0.380965 0.019501
vt 0.381697 0.971920
vt 0.365470 0.019413
vt 0.357574 0.019514
vt 0.364793 0.023317
vt 0.369269 0.971842
vt 0.405546 0.019452
vt 0.403792 0.280623
vt 0.355659 0.019755
vt 0.356456 0.018920
vt 0.355663 0.018649
vt 0.094490 0.970664
vt 0.093689 0.971487
vt 0.094550 0.971770
vt 0.355659 0.970645
vt 0.356460 0.971454
vt 0.356725 0.970620
vt 0.094486 0.018681
vt 0.093692 0.018952
vt 0.094489 0.019800
vt 0.883653 0.852747
vt 0.883658 0.848184
vt 0.882395 0.848185
vt 0.873174 0.857865
vt 0.873176 0.857862
vt 0.873171 0.857861
vt 0.872833 0.857872
vt 0.872835 0.857869
vt 0.872830 0.857868
vt 0.879605 0.849471
vt 0.879605 0.848390
vt 0.879602 0.848394
vt 0.884036 0.845143
vt 0.884032 0.845140
vt 0.884032 0.846403
vt 0.884188 0.846404
vt 0.884188 0.846400
vt 0.883680 0.848043
vt 0.883671 0.848028
vt 0.883669 0.848035
vt 0.888205 0.848032
vt 0.888240 0.848032
vt 0.888240 0.843454
vt 0.875381 0.844877
vt 0.875380 0.844873
vt 0.875345 0.844876
vt 0.875345 0.843591
vt 0.875380 0.843595
vt 0.875381 0.843591
vt 0.878869 0.848392
vt 0.878869 0.848388
vt 0.878834 0.848388
vt 0.882391 0.852747
vt 0.882391 0.848184
vt 0.883658 0.852748
vt 0.888205 0.857458
vt 0.888205 0.852895
vt 0.888205 0.852899
vt 0.883666 0.848034
vt 0.882407 0.848034
vt 0.882403 0.848032
vt 0.882401 0.848028
vt 0.882401 0.848032
vt 0.883669 0.843462
vt 0.883671 0.843466
vt 0.883672 0.843462
vt 0.877400 0.848355
vt 0.877404 0.848353
vt 0.877397 0.848354
vt 0.883666 0.843461
vt 0.877404 0.852921
vt 0.877398 0.848359
vt 0.403760 0.019460
vt 0.877808 0.855673
vt 0.877830 0.855673
vt 0.877830 0.855644
vt 0.874462 0.856944
vt 0.874462 0.856915
vt 0.874456 0.856915
vt 0.877815 0.856975
vt 0.877815 0.856952
vt 0.877808 0.856952
vt 0.881645 0.855903
vt 0.881645 0.855874
vt 0.881638 0.855874
vt 0.884860 0.856243
vt 0.884860 0.856220
vt 0.884853 0.856220
vt 0.874456 0.856283
vt 0.874478 0.856283
vt 0.874478 0.856254
vt 0.881456 0.855231
vt 0.881433 0.855231
vt 0.881433 0.855261
vt 0.883211 0.855892
vt 0.883211 0.855922
vt 0.883217 0.855921
vt 0.874668 0.857241
vt 0.874661 0.857241
vt 0.874661 0.857263
vt 0.879312 0.856111
vt 0.879312 0.856140
vt 0.879319 0.856140
vt 0.884655 0.856088
vt 0.884648 0.856088
vt 0.884648 0.856111
vt 0.882618 0.855310
vt 0.882618 0.855281
vt 0.882596 0.855281
vt 0.881250 0.855296
vt 0.881250 0.855267
vt 0.881228 0.855267
vt 0.885263 0.855838
vt 0.885269 0.855838
vt 0.885269 0.855809
vt 0.882801 0.856447
vt 0.882808 0.856447
vt 0.882808 0.856424
vt 0.882801 0.855617
vt 0.882801 0.855646
vt 0.882808 0.855646
vt 0.884853 0.856379
vt 0.884853 0.856401
vt 0.884860 0.856401
vt 0.356725 0.019429
vt 0.357525 0.018653
vt 0.372980 0.019460
vt 0.373827 0.019520
vt 0.373814 0.018658
vt 0.402146 0.019444
vt 0.402934 0.018933
vt 0.402134 0.018649
vt 0.407168 0.280571
vt 0.406872 0.281358
vt 0.407986 0.280559
vt 0.406872 0.018649
vt 0.407207 0.019425
vt 0.408026 0.019449
vt 0.381714 0.018649
vt 0.402934 0.018936
vt 0.403704 0.018652
vt 0.402969 0.281284
vt 0.403714 0.281516
vt 0.406399 0.019434
vt 0.406842 0.018649
vt 0.402919 0.281215
vt 0.402173 0.280545
vt 0.395017 0.019442
vt 0.381825 0.281419
vt 0.394235 0.281245
vt 0.393435 0.280616
vt 0.369265 0.972648
vt 0.365824 0.022533
vt 0.372729 0.022574
vt 0.356829 0.972891
vt 0.365453 0.018649
vt 0.369246 0.973528
vt 0.369265 0.972719
vt 0.373677 0.023352
vt 0.393446 0.019460
vt 0.394235 0.018824
vt 0.381836 0.018649
vt 0.410281 0.018665
vt 0.369217 0.023473
vt 0.381793 0.280558
vt 0.356719 0.019752
vt 0.093428 0.019784
vt 0.355662 0.971732
vt 0.093423 0.970654
vt 0.873174 0.853306
vt 0.873020 0.853307
vt 0.879449 0.849469
vt 0.872677 0.853307
vt 0.872678 0.857868
vt 0.883654 0.852752
vt 0.883657 0.852751
vt 0.882392 0.848181
vt 0.882391 0.852750
vt 0.883657 0.848181
vt 0.873020 0.857862
vt 0.873019 0.857866
vt 0.873019 0.853303
vt 0.879449 0.849471
vt 0.879605 0.849473
vt 0.879450 0.848388
vt 0.872678 0.857872
vt 0.872833 0.853303
vt 0.872678 0.853303
vt 0.872834 0.853306
vt 0.884188 0.845143
vt 0.884188 0.845139
vt 0.882391 0.848040
vt 0.882400 0.843461
vt 0.883680 0.843451
vt 0.882392 0.843451
vt 0.882392 0.848043
vt 0.878834 0.849486
vt 0.878869 0.849486
vt 0.888000 0.848196
vt 0.888035 0.848196
vt 0.888035 0.848192
vt 0.888205 0.848036
vt 0.888240 0.848035
vt 0.888035 0.852784
vt 0.888000 0.852781
vt 0.888000 0.852785
vt 0.888205 0.843449
vt 0.888205 0.843455
vt 0.878834 0.849489
vt 0.878869 0.849489
vt 0.877830 0.855809
vt 0.877808 0.855809
vt 0.877808 0.855838
vt 0.881045 0.855283
vt 0.881023 0.855283
vt 0.881023 0.855312
vt 0.882801 0.855977
vt 0.882807 0.855977
vt 0.882807 0.855947
vt 0.879312 0.856947
vt 0.879319 0.856947
vt 0.879319 0.856925
vt 0.883006 0.855730
vt 0.883006 0.855759
vt 0.883013 0.855759
vt 0.878902 0.856927
vt 0.878902 0.856950
vt 0.878909 0.856950
vt 0.884876 0.855070
vt 0.884853 0.855069
vt 0.884853 0.855099
vt 0.879540 0.855475
vt 0.879540 0.855446
vt 0.879518 0.855446
vt 0.881638 0.856204
vt 0.881638 0.856234
vt 0.881644 0.856234
vt 0.884655 0.856247
vt 0.884648 0.856247
vt 0.884648 0.856269
vt 0.885058 0.855412
vt 0.885065 0.855412
vt 0.885065 0.855383
vt 0.882596 0.856418
vt 0.882596 0.856441
vt 0.882603 0.856441
vt 0.874684 0.856262
vt 0.874661 0.856291
vt 0.874661 0.856262
vt 0.884670 0.854930
vt 0.884648 0.854960
vt 0.884648 0.854930
vt 0.884648 0.855757
vt 0.884654 0.855787
vt 0.884648 0.855787
vt 0.877808 0.857111
vt 0.877815 0.857133
vt 0.877808 0.857133
vt 0.874456 0.856750
vt 0.874463 0.856779
vt 0.874456 0.856779
vt 0.875072 0.857214
vt 0.875078 0.857237
vt 0.875072 0.857237
vt 0.877625 0.855880
vt 0.877625 0.855851
vt 0.877602 0.855851
vt 0.885263 0.854846
vt 0.885286 0.854846
vt 0.885286 0.854817
vt 0.877602 0.856545
vt 0.877608 0.856545
vt 0.877608 0.856515
vt 0.885065 0.856203
vt 0.885058 0.856203
vt 0.885058 0.856226
vt 0.882603 0.855612
vt 0.882596 0.855612
vt 0.882596 0.855641
vt 0.884853 0.856084
vt 0.884860 0.856084
vt 0.884860 0.856061
vt 0.885263 0.855012
vt 0.885286 0.855012
vt 0.885286 0.854983
vt 0.878925 0.855293
vt 0.878902 0.855293
vt 0.878902 0.855322
vt 0.885058 0.855714
vt 0.885058 0.855743
vt 0.885064 0.855743
vt 0.875072 0.857056
vt 0.875072 0.857078
vt 0.875078 0.857078
vt 0.875072 0.856394
vt 0.875072 0.856424
vt 0.875078 0.856424
vt 0.879518 0.856781
vt 0.879518 0.856803
vt 0.879525 0.856803
vt 0.878925 0.855789
vt 0.878902 0.855789
vt 0.878902 0.855818
vt 0.879130 0.855678
vt 0.879130 0.855649
vt 0.879107 0.855649
vt 0.884853 0.855731
vt 0.884853 0.855760
vt 0.884859 0.855760
vt 0.879107 0.856641
vt 0.879107 0.856664
vt 0.879114 0.856664
vt 0.885263 0.855313
vt 0.885264 0.855342
vt 0.885270 0.855342
vt 0.879312 0.856607
vt 0.879312 0.856630
vt 0.879319 0.856630
vt 0.881045 0.855448
vt 0.881023 0.855448
vt 0.881023 0.855477
vt 0.881023 0.855147
vt 0.881045 0.855147
vt 0.881045 0.855118
vt 0.879107 0.856311
vt 0.879107 0.856340
vt 0.879113 0.856340
vt 0.877602 0.856833
vt 0.877602 0.856856
vt 0.877609 0.856856
vt 0.884853 0.855400
vt 0.884853 0.855429
vt 0.884860 0.855429
vt 0.881023 0.856582
vt 0.881023 0.856605
vt 0.881030 0.856605
vt 0.881250 0.855627
vt 0.881250 0.855598
vt 0.881228 0.855597
vt 0.883029 0.854903
vt 0.883006 0.854903
vt 0.883006 0.854932
vt 0.878013 0.856503
vt 0.878019 0.856503
vt 0.878019 0.856474
vt 0.879518 0.856644
vt 0.879525 0.856645
vt 0.879525 0.856622
vt 0.884648 0.855456
vt 0.884655 0.855456
vt 0.884655 0.855427
vt 0.883013 0.856384
vt 0.883006 0.856384
vt 0.883006 0.856407
vt 0.881045 0.855614
vt 0.881023 0.855614
vt 0.881023 0.855643
vt 0.878925 0.855624
vt 0.878902 0.855624
vt 0.878902 0.855653
vt 0.885263 0.855644
vt 0.885263 0.855673
vt 0.885269 0.855673
vt 0.881638 0.856681
vt 0.881638 0.856704
vt 0.881645 0.856704
vt 0.875072 0.856560
vt 0.875072 0.856589
vt 0.875078 0.856589
vt 0.877602 0.856992
vt 0.877602 0.857014
vt 0.877609 0.857014
vt 0.879130 0.855815
vt 0.879107 0.855815
vt 0.879107 0.855844
vt 0.884876 0.854904
vt 0.884853 0.854904
vt 0.884853 0.854933
vt 0.881228 0.856294
vt 0.881234 0.856294
vt 0.881234 0.856265
vt 0.879525 0.856939
vt 0.879518 0.856939
vt 0.879518 0.856962
vt 0.881235 0.855934
vt 0.881228 0.855934
vt 0.881228 0.855964
vt 0.879107 0.856981
vt 0.879114 0.856981
vt 0.879114 0.856959
vt 0.885081 0.855081
vt 0.885081 0.855052
vt 0.885058 0.855052
vt 0.879130 0.855484
vt 0.879107 0.855484
vt 0.879107 0.855513
vt 0.879312 0.856471
vt 0.879318 0.856471
vt 0.879318 0.856442
vt 0.878218 0.856916
vt 0.878225 0.856916
vt 0.878225 0.856893
vt 0.883006 0.855564
vt 0.883006 0.855594
vt 0.883013 0.855594
vt 0.881638 0.856522
vt 0.881638 0.856545
vt 0.881645 0.856545
vt 0.875094 0.856093
vt 0.875094 0.856063
vt 0.875072 0.856063
vt 0.874684 0.855960
vt 0.874684 0.855931
vt 0.874661 0.855931
vt 0.877808 0.856665
vt 0.877814 0.856665
vt 0.877814 0.856636
vt 0.879312 0.856789
vt 0.879319 0.856789
vt 0.879319 0.856766
vt 0.874463 0.856585
vt 0.874456 0.856585
vt 0.874456 0.856614
vt 0.882808 0.856265
vt 0.882801 0.856265
vt 0.882801 0.856288
vt 0.879540 0.855806
vt 0.879540 0.855777
vt 0.879518 0.855777
vt 0.878719 0.852727
vt 0.878719 0.852697
vt 0.878697 0.852697
vt 0.885058 0.855909
vt 0.885064 0.855908
vt 0.885064 0.855879
vt 0.881433 0.856586
vt 0.881440 0.856586
vt 0.881440 0.856564
vt 0.879114 0.856145
vt 0.879107 0.856145
vt 0.879107 0.856175
vt 0.883013 0.856543
vt 0.883006 0.856543
vt 0.883006 0.856566
vt 0.883234 0.855260
vt 0.883234 0.855231
vt 0.883211 0.855231
vt 0.881661 0.855052
vt 0.881638 0.855052
vt 0.881638 0.855082
vt 0.877808 0.856470
vt 0.877808 0.856500
vt 0.877814 0.856500
vt 0.883211 0.856210
vt 0.883211 0.856233
vt 0.883218 0.856233
vt 0.874661 0.856622
vt 0.874668 0.856622
vt 0.874668 0.856593
vt 0.874463 0.857234
vt 0.874456 0.857234
vt 0.874456 0.857256
vt 0.878035 0.855648
vt 0.878013 0.855648
vt 0.878013 0.855677
vt 0.874456 0.856118
vt 0.874479 0.856118
vt 0.874479 0.856088
vt 0.883006 0.855895
vt 0.883006 0.855924
vt 0.883012 0.855924
vt 0.878020 0.856791
vt 0.878013 0.856791
vt 0.878013 0.856814
vt 0.883218 0.855591
vt 0.883218 0.855562
vt 0.883211 0.855562
vt 0.885270 0.856133
vt 0.885264 0.856133
vt 0.885263 0.856156
vt 0.883029 0.855263
vt 0.883029 0.855234
vt 0.883006 0.855234
vt 0.878925 0.855487
vt 0.878925 0.855458
vt 0.878902 0.855458
vt 0.878218 0.856457
vt 0.878224 0.856457
vt 0.878224 0.856427
vt 0.885058 0.856067
vt 0.885065 0.856067
vt 0.885065 0.856045
vt 0.877815 0.856140
vt 0.877808 0.856140
vt 0.877808 0.856169
vt 0.881235 0.856586
vt 0.881228 0.856586
vt 0.881228 0.856609
vt 0.878241 0.855809
vt 0.878241 0.855780
vt 0.878218 0.855780
vt 0.882824 0.855150
vt 0.882824 0.855121
vt 0.882801 0.855121
vt 0.879312 0.856277
vt 0.879312 0.856306
vt 0.879318 0.856306
vt 0.881023 0.856741
vt 0.881023 0.856763
vt 0.881030 0.856763
vt 0.884648 0.855592
vt 0.884648 0.855621
vt 0.884655 0.855621
vt 0.874661 0.857399
vt 0.874661 0.857422
vt 0.874668 0.857422
vt 0.877625 0.855686
vt 0.877602 0.855686
vt 0.877602 0.855715
vt 0.877625 0.855549
vt 0.877625 0.855520
vt 0.877602 0.855520
vt 0.874661 0.856923
vt 0.874661 0.856953
vt 0.874667 0.856953
vt 0.879107 0.856800
vt 0.879107 0.856823
vt 0.879114 0.856823
vt 0.881440 0.855941
vt 0.881440 0.855911
vt 0.881433 0.855911
vt 0.874456 0.857392
vt 0.874456 0.857415
vt 0.874463 0.857415
vt 0.883029 0.855428
vt 0.883029 0.855399
vt 0.883006 0.855399
vt 0.874684 0.856097
vt 0.874661 0.856097
vt 0.874661 0.856126
vt 0.879518 0.856291
vt 0.879518 0.856321
vt 0.879524 0.856320
vt 0.885263 0.855974
vt 0.885264 0.855997
vt 0.885270 0.855997
vt 0.877602 0.856185
vt 0.877602 0.856214
vt 0.877609 0.856214
vt 0.881235 0.856767
vt 0.881235 0.856745
vt 0.881228 0.856745
vt 0.878241 0.855614
vt 0.878218 0.855614
vt 0.878218 0.855643
vt 0.879335 0.855284
vt 0.879312 0.855284
vt 0.879312 0.855314
vt 0.875072 0.856725
vt 0.875072 0.856754
vt 0.875077 0.856754
vt 0.874456 0.857551
vt 0.874456 0.857574
vt 0.874463 0.857574
vt 0.884853 0.855565
vt 0.884853 0.855595
vt 0.884860 0.855595
vt 0.885263 0.856292
vt 0.885263 0.856314
vt 0.885270 0.856314
vt 0.874889 0.856087
vt 0.874866 0.856116
vt 0.874866 0.856087
vt 0.879540 0.855641
vt 0.879518 0.855611
vt 0.879540 0.855611
vt 0.878902 0.856450
vt 0.878908 0.856480
vt 0.878902 0.856480
vt 0.883006 0.856226
vt 0.883013 0.856248
vt 0.883006 0.856248
vt 0.878902 0.856120
vt 0.878909 0.856149
vt 0.878902 0.856149
vt 0.882596 0.856259
vt 0.882603 0.856282
vt 0.882596 0.856282
vt 0.884670 0.855096
vt 0.884648 0.855096
vt 0.884648 0.855125
vt 0.878013 0.855482
vt 0.878013 0.855511
vt 0.878035 0.855511
vt 0.884648 0.855952
vt 0.884654 0.855952
vt 0.884654 0.855923
vt 0.883211 0.856392
vt 0.883218 0.856392
vt 0.883218 0.856369
vt 0.883218 0.855727
vt 0.883211 0.855727
vt 0.883211 0.855756
vt 0.882596 0.856599
vt 0.882603 0.856599
vt 0.882603 0.856577
vt 0.881661 0.855383
vt 0.881638 0.855383
vt 0.881638 0.855412
vt 0.879335 0.855450
vt 0.879312 0.855450
vt 0.879312 0.855479
vt 0.874866 0.856749
vt 0.874866 0.856778
vt 0.874872 0.856778
vt 0.878218 0.857052
vt 0.878218 0.857075
vt 0.878225 0.857075
vt 0.882596 0.855777
vt 0.882596 0.855806
vt 0.882603 0.855806
vt 0.878013 0.856950
vt 0.878013 0.856972
vt 0.878020 0.856972
vt 0.884876 0.855264
vt 0.884876 0.855235
vt 0.884853 0.855235
vt 0.881661 0.855247
vt 0.881661 0.855218
vt 0.881638 0.855218
vt 0.879524 0.856456
vt 0.879518 0.856457
vt 0.879518 0.856486
vt 0.875072 0.857373
vt 0.875072 0.857396
vt 0.875078 0.857396
vt 0.881030 0.855933
vt 0.881023 0.855933
vt 0.881023 0.855963
vt 0.881645 0.856862
vt 0.881645 0.856840
vt 0.881638 0.856840
vt 0.881638 0.855578
vt 0.881661 0.855578
vt 0.881661 0.855549
vt 0.885058 0.854916
vt 0.885081 0.854916
vt 0.885081 0.854887
vt 0.881433 0.856242
vt 0.881433 0.856271
vt 0.881439 0.856271
vt 0.881030 0.856899
vt 0.881023 0.856899
vt 0.881023 0.856922
vt 0.878218 0.856262
vt 0.878218 0.856291
vt 0.878225 0.856291
vt 0.881440 0.856722
vt 0.881433 0.856722
vt 0.881433 0.856745
vt 0.881433 0.855591
vt 0.881456 0.855591
vt 0.881456 0.855562
vt 0.882596 0.855145
vt 0.882618 0.855145
vt 0.882618 0.855115
vt 0.883006 0.856060
vt 0.883006 0.856090
vt 0.883012 0.856090
vt 0.874668 0.857558
vt 0.874661 0.857558
vt 0.874661 0.857581
vt 0.881023 0.856099
vt 0.881023 0.856128
vt 0.881030 0.856128
vt 0.871385 0.857957
vt 0.871378 0.857957
vt 0.871378 0.857980
vt 0.882801 0.855315
vt 0.882824 0.855315
vt 0.882824 0.855286
vt 0.883211 0.855095
vt 0.883234 0.855095
vt 0.883234 0.855065
vt 0.881023 0.856264
vt 0.881023 0.856293
vt 0.881029 0.856293
vt 0.883218 0.856528
vt 0.883211 0.856528
vt 0.883211 0.856550
vt 0.881433 0.856077
vt 0.881433 0.856106
vt 0.881440 0.856106
vt 0.874873 0.857522
vt 0.874866 0.857522
vt 0.874866 0.857545
vt 0.879335 0.855810
vt 0.879335 0.855781
vt 0.879312 0.855780
vt 0.878218 0.855449
vt 0.878218 0.855478
vt 0.878241 0.855478
vt 0.875072 0.856920
vt 0.875077 0.856920
vt 0.875077 0.856890
vt 0.874866 0.857227
vt 0.874873 0.857227
vt 0.874873 0.857205
vt 0.874873 0.856418
vt 0.874866 0.856418
vt 0.874866 0.856447
vt 0.878902 0.856791
vt 0.878909 0.856791
vt 0.878909 0.856769
vt 0.885286 0.855177
vt 0.885286 0.855148
vt 0.885263 0.855148
vt 0.883029 0.855098
vt 0.883029 0.855068
vt 0.883006 0.855068
vt 0.882596 0.855942
vt 0.882596 0.855972
vt 0.882602 0.855972
vt 0.885058 0.856362
vt 0.885058 0.856385
vt 0.885065 0.856385
vt 0.878218 0.856097
vt 0.878218 0.856126
vt 0.878225 0.856126
vt 0.874866 0.857363
vt 0.874866 0.857386
vt 0.874873 0.857386
vt 0.877830 0.856004
vt 0.877830 0.855974
vt 0.877808 0.855974
vt 0.879312 0.855615
vt 0.879312 0.855644
vt 0.879335 0.855644
vt 0.884859 0.855896
vt 0.884853 0.855896
vt 0.884853 0.855925
vt 0.884648 0.856405
vt 0.884648 0.856428
vt 0.884655 0.856428
vt 0.885065 0.855549
vt 0.885058 0.855549
vt 0.885058 0.855578
vt 0.882808 0.856605
vt 0.882808 0.856583
vt 0.882801 0.856583
vt 0.878035 0.855842
vt 0.878035 0.855813
vt 0.878013 0.855813
vt 0.881433 0.855397
vt 0.881433 0.855426
vt 0.881456 0.855426
vt 0.879113 0.856476
vt 0.879107 0.856476
vt 0.879107 0.856505
vt 0.881228 0.856903
vt 0.881228 0.856926
vt 0.881235 0.856926
vt 0.878020 0.856143
vt 0.878013 0.856143
vt 0.878013 0.856173
vt 0.878909 0.857109
vt 0.878909 0.857086
vt 0.878902 0.857086
vt 0.882396 0.848045
vt 0.882391 0.843455
vt 0.883682 0.848040
vt 0.872677 0.857872
vt 0.883676 0.843449
vt 0.882396 0.843449
vt 0.878286 0.848394
vt 0.878287 0.849653
vt 0.878287 0.848388
vt 0.883670 0.848032
vt 0.410293 0.280563
vt 0.410332 0.019451
vt 0.410241 0.281363
vt 0.369311 0.022681
vt 0.369313 0.023537
vt 0.881228 0.855461
vt 0.881250 0.855461
vt 0.881250 0.855432
vt 0.877808 0.855644
vt 0.874456 0.856945
vt 0.877808 0.856975
vt 0.881638 0.855903
vt 0.884853 0.856243
vt 0.874456 0.856254
vt 0.881456 0.855261
vt 0.883217 0.855892
vt 0.874668 0.857263
vt 0.879319 0.856111
vt 0.884655 0.856111
vt 0.882596 0.855310
vt 0.881228 0.855296
vt 0.885263 0.855809
vt 0.882801 0.856424
vt 0.882808 0.855617
vt 0.884860 0.856379
vt 0.356758 0.018667
vt 0.373002 0.018665
vt 0.394235 0.018779
vt 0.381709 0.972561
vt 0.356782 0.973539
vt 0.381803 0.019447
vt 0.369200 0.022619
vt 0.879449 0.848392
vt 0.873174 0.853303
vt 0.888000 0.848192
vt 0.888240 0.843451
vt 0.877830 0.855838
vt 0.881045 0.855312
vt 0.882801 0.855947
vt 0.879312 0.856925
vt 0.883013 0.855730
vt 0.878909 0.856927
vt 0.884876 0.855099
vt 0.879518 0.855475
vt 0.881644 0.856204
vt 0.884655 0.856269
vt 0.885058 0.855383
vt 0.882603 0.856418
vt 0.874684 0.856291
vt 0.884670 0.854960
vt 0.884654 0.855757
vt 0.877815 0.857111
vt 0.874463 0.856750
vt 0.875078 0.857214
vt 0.877602 0.855880
vt 0.885263 0.854817
vt 0.877602 0.856516
vt 0.885065 0.856226
vt 0.882603 0.855641
vt 0.884853 0.856061
vt 0.885264 0.854982
vt 0.878925 0.855322
vt 0.885064 0.855714
vt 0.875079 0.857056
vt 0.875078 0.856394
vt 0.879525 0.856781
vt 0.878925 0.855818
vt 0.879107 0.855678
vt 0.884859 0.855731
vt 0.879114 0.856641
vt 0.885270 0.855313
vt 0.879319 0.856607
vt 0.881045 0.855478
vt 0.881023 0.855117
vt 0.879113 0.856311
vt 0.877609 0.856833
vt 0.884860 0.855400
vt 0.881030 0.856582
vt 0.881228 0.855627
vt 0.883029 0.854932
vt 0.878013 0.856474
vt 0.879518 0.856622
vt 0.884648 0.855427
vt 0.883013 0.856407
vt 0.881045 0.855643
vt 0.878925 0.855653
vt 0.885269 0.855644
vt 0.881645 0.856681
vt 0.875078 0.856560
vt 0.877609 0.856992
vt 0.879130 0.855844
vt 0.884876 0.854933
vt 0.881228 0.856265
vt 0.879525 0.856962
vt 0.881235 0.855964
vt 0.879107 0.856959
vt 0.885058 0.855081
vt 0.879130 0.855513
vt 0.879312 0.856442
vt 0.878218 0.856893
vt 0.883013 0.855564
vt 0.881645 0.856522
vt 0.875072 0.856092
vt 0.874661 0.855960
vt 0.877808 0.856636
vt 0.879312 0.856766
vt 0.874463 0.856614
vt 0.882808 0.856288
vt 0.879518 0.855806
vt 0.878697 0.852727
vt 0.885058 0.855879
vt 0.881433 0.856564
vt 0.879114 0.856175
vt 0.883013 0.856566
vt 0.883211 0.855260
vt 0.881661 0.855082
vt 0.877814 0.856470
vt 0.883218 0.856210
vt 0.874661 0.856593
vt 0.874463 0.857256
vt 0.878035 0.855677
vt 0.874456 0.856088
vt 0.883012 0.855895
vt 0.878020 0.856814
vt 0.883211 0.855591
vt 0.885270 0.856156
vt 0.883006 0.855263
vt 0.878902 0.855487
vt 0.878218 0.856427
vt 0.885058 0.856045
vt 0.877815 0.856169
vt 0.881235 0.856609
vt 0.878218 0.855809
vt 0.882801 0.855150
vt 0.879318 0.856276
vt 0.881030 0.856741
vt 0.884655 0.855592
vt 0.874668 0.857399
vt 0.877625 0.855715
vt 0.877602 0.855549
vt 0.874667 0.856923
vt 0.879114 0.856800
vt 0.881433 0.855941
vt 0.874463 0.857392
vt 0.883006 0.855428
vt 0.874684 0.856126
vt 0.879524 0.856291
vt 0.885270 0.855974
vt 0.877609 0.856185
vt 0.881228 0.856767
vt 0.878241 0.855644
vt 0.879335 0.855314
vt 0.875077 0.856725
vt 0.874463 0.857551
vt 0.884860 0.855565
vt 0.885270 0.856292
vt 0.874889 0.856116
vt 0.879518 0.855641
vt 0.878908 0.856450
vt 0.883013 0.856226
vt 0.878909 0.856120
vt 0.882603 0.856259
vt 0.884670 0.855125
vt 0.878035 0.855482
vt 0.884648 0.855923
vt 0.883211 0.856369
vt 0.883218 0.855756
vt 0.882596 0.856577
vt 0.881661 0.855412
vt 0.879335 0.855479
vt 0.874872 0.856749
vt 0.878225 0.857052
vt 0.882603 0.855777
vt 0.878020 0.856950
vt 0.884853 0.855264
vt 0.881638 0.855247
vt 0.879524 0.856486
vt 0.875078 0.857373
vt 0.881030 0.855963
vt 0.881638 0.856862
vt 0.881638 0.855548
vt 0.885058 0.854887
vt 0.881439 0.856242
vt 0.881030 0.856922
vt 0.878225 0.856262
vt 0.881440 0.856745
vt 0.881433 0.855562
vt 0.882596 0.855115
vt 0.883012 0.856060
vt 0.874668 0.857581
vt 0.881030 0.856099
vt 0.871385 0.857980
vt 0.882801 0.855286
vt 0.883211 0.855065
vt 0.881029 0.856264
vt 0.883218 0.856550
vt 0.881440 0.856077
vt 0.874873 0.857545
vt 0.879312 0.855810
vt 0.878241 0.855449
vt 0.875072 0.856890
vt 0.874866 0.857205
vt 0.874873 0.856447
vt 0.878902 0.856769
vt 0.885263 0.855177
vt 0.883006 0.855098
vt 0.882602 0.855942
vt 0.885065 0.856362
vt 0.878225 0.856097
vt 0.874873 0.857363
vt 0.877808 0.856004
vt 0.879335 0.855615
vt 0.884859 0.855925
vt 0.884655 0.856405
vt 0.885065 0.855578
vt 0.882801 0.856605
vt 0.878013 0.855842
vt 0.881456 0.855397
vt 0.879113 0.856505
vt 0.881235 0.856903
vt 0.878020 0.856173
vt 0.878902 0.857109
vt 0.883676 0.848045
vt 0.883682 0.843455
vt 0.881228 0.855432
vt 0.880134 0.846456
vt 0.880139 0.846456
vt 0.880139 0.846436
vt 0.880665 0.843450
vt 0.879245 0.843450
vt 0.879248 0.843453
vt 0.883107 0.843598
vt 0.883107 0.843598
vt 0.883107 0.843597
vt 0.883075 0.843597
vt 0.883075 0.843597
vt 0.883075 0.843597
vt 0.887006 0.857635
vt 0.887006 0.857635
vt 0.887006 0.857634
vt 0.886974 0.857635
vt 0.886974 0.857635
vt 0.886974 0.857635
vt 0.880139 0.846456
vt 0.880139 0.846456
vt 0.879928 0.846454
vt 0.879928 0.846454
vt 0.879928 0.846454
vt 0.885953 0.853054
vt 0.885953 0.853054
vt 0.885953 0.853054
vt 0.886021 0.848112
vt 0.886021 0.848111
vt 0.886021 0.848111
vt 0.880661 0.852906
vt 0.880662 0.852906
vt 0.880661 0.852906
vt 0.877675 0.848108
vt 0.877675 0.848108
vt 0.877675 0.848107
vt 0.880662 0.852906
vt 0.880662 0.852906
vt 0.877675 0.848107
vt 0.877675 0.848108
vt 0.879088 0.848252
vt 0.879088 0.848252
vt 0.879088 0.848252
vt 0.872795 0.853055
vt 0.872795 0.853055
vt 0.872795 0.853054
vt 0.874529 0.853015
vt 0.874529 0.853014
vt 0.874529 0.853014
vt 0.879248 0.843453
vt 0.879248 0.843454
vt 0.879088 0.848252
vt 0.879088 0.848252
vt 0.872795 0.853054
vt 0.874528 0.853014
vt 0.874528 0.853014
vt 0.879248 0.843454
vt 0.882239 0.852910
vt 0.882239 0.852910
vt 0.882219 0.852910
vt 0.882239 0.852910
vt 0.882239 0.852910
vt 0.882239 0.843450
vt 0.882239 0.843450
vt 0.882239 0.843449
vt 0.879933 0.846454
vt 0.879928 0.846434
vt 0.880139 0.846456
vt 0.879934 0.846454
vt 0.879934 0.845035
vt 0.877672 0.848111
vt 0.877671 0.848112
vt 0.879092 0.848112
vt 0.879092 0.848248
vt 0.879092 0.848248
vt 0.877671 0.848248
vt 0.881912 0.845012
vt 0.881912 0.843602
vt 0.881912 0.845012
vt 0.885948 0.853054
vt 0.885953 0.853071
vt 0.885953 0.853070
vt 0.880834 0.843450
vt 0.882219 0.843450
vt 0.882239 0.843449
vt 0.880139 0.845053
vt 0.877672 0.848248
vt 0.886021 0.848096
vt 0.886021 0.848095
vt 0.886016 0.848111
vt 0.879245 0.852910
vt 0.879248 0.852906
vt 0.871379 0.853058
vt 0.871382 0.853055
vt 0.880661 0.843453
vt 0.883107 0.844781
vt 0.883107 0.844781
vt 0.883107 0.844781
vt 0.883075 0.844781
vt 0.883075 0.844781
vt 0.883075 0.844781
vt 0.886254 0.843450
vt 0.886254 0.843449
vt 0.886253 0.843449
vt 0.886221 0.843449
vt 0.886221 0.843449
vt 0.886221 0.843450
vt 0.880139 0.845037
vt 0.880139 0.845037
vt 0.880139 0.845037
vt 0.879928 0.845035
vt 0.879928 0.845035
vt 0.879928 0.845035
vt 0.886363 0.857659
vt 0.886363 0.857659
vt 0.886363 0.857659
vt 0.886221 0.852869
vt 0.886221 0.852869
vt 0.886221 0.852868
vt 0.879249 0.852906
vt 0.879248 0.852906
vt 0.879088 0.848108
vt 0.879088 0.848108
vt 0.879088 0.848107
vt 0.887589 0.843449
vt 0.887589 0.843450
vt 0.887590 0.843450
vt 0.879088 0.848107
vt 0.879088 0.848107
vt 0.877675 0.848252
vt 0.877675 0.848252
vt 0.877675 0.848252
vt 0.871382 0.853055
vt 0.871382 0.853054
vt 0.875942 0.853014
vt 0.875941 0.853014
vt 0.875941 0.853015
vt 0.880661 0.843454
vt 0.880662 0.843453
vt 0.877675 0.848252
vt 0.877675 0.848252
vt 0.887590 0.853014
vt 0.887590 0.853014
vt 0.887589 0.853014
vt 0.875942 0.853014
vt 0.875942 0.853014
vt 0.887590 0.848232
vt 0.887590 0.848232
vt 0.887589 0.848232
vt 0.879245 0.852910
vt 0.879953 0.852910
vt 0.883417 0.847514
vt 0.883417 0.846104
vt 0.883417 0.847515
vt 0.887589 0.853014
vt 0.887589 0.853030
vt 0.880818 0.852910
vt 0.880817 0.852910
vt 0.880817 0.852910
vt 0.880818 0.843450
vt 0.880818 0.843449
vt 0.880817 0.843449
vt 0.879933 0.845035
vt 0.879928 0.845051
vt 0.884580 0.845008
vt 0.884579 0.844301
vt 0.884579 0.845008
vt 0.873977 0.847384
vt 0.873977 0.845965
vt 0.873977 0.847384
vt 0.881912 0.843602
vt 0.880818 0.852894
vt 0.886221 0.852852
vt 0.886221 0.852868
vt 0.887589 0.853014
vt 0.887589 0.853031
vt 0.887589 0.848232
vt 0.887589 0.848249
vt 0.887589 0.848248
vt 0.875945 0.853018
vt 0.874525 0.853018
vt 0.875945 0.853018
vt 0.886021 0.843465
vt 0.886021 0.843450
vt 0.886016 0.843450
vt 0.880661 0.848252
vt 0.880665 0.848248
vt 0.879245 0.848248
vt 0.884407 0.846524
vt 0.884407 0.846523
vt 0.884407 0.846523
vt 0.884375 0.846523
vt 0.884374 0.846523
vt 0.884374 0.846524
vt 0.887006 0.853014
vt 0.887006 0.853014
vt 0.887006 0.853014
vt 0.886974 0.853014
vt 0.886974 0.853014
vt 0.886974 0.853014
vt 0.879997 0.849603
vt 0.879996 0.849603
vt 0.879997 0.849603
vt 0.881023 0.848400
vt 0.881023 0.848401
vt 0.881023 0.848401
vt 0.885953 0.857716
vt 0.885953 0.857716
vt 0.885953 0.857716
vt 0.886021 0.843449
vt 0.886021 0.843449
vt 0.880661 0.848252
vt 0.880662 0.848252
vt 0.877675 0.843453
vt 0.877675 0.843453
vt 0.877675 0.843454
vt 0.880662 0.848252
vt 0.880662 0.848252
vt 0.877675 0.843454
vt 0.877675 0.843454
vt 0.879088 0.852906
vt 0.879088 0.852906
vt 0.879088 0.852906
vt 0.872795 0.848400
vt 0.872795 0.848400
vt 0.872795 0.848401
vt 0.874529 0.848360
vt 0.874528 0.848360
vt 0.874529 0.848360
vt 0.879248 0.848108
vt 0.879249 0.848108
vt 0.879248 0.848107
vt 0.879088 0.852906
vt 0.879088 0.852906
vt 0.872795 0.848401
vt 0.872795 0.848401
vt 0.874528 0.848361
vt 0.874528 0.848361
vt 0.879248 0.848107
vt 0.879248 0.848107
vt 0.882239 0.848111
vt 0.882239 0.848095
vt 0.882239 0.848111
vt 0.880002 0.848388
vt 0.880002 0.849603
vt 0.880002 0.849603
vt 0.877675 0.843453
vt 0.879088 0.843453
vt 0.887179 0.843465
vt 0.887179 0.843449
vt 0.887179 0.843449
vt 0.874525 0.848357
vt 0.874524 0.848357
vt 0.874524 0.848372
vt 0.882239 0.848248
vt 0.882239 0.848248
vt 0.882239 0.848248
vt 0.882239 0.848112
vt 0.882239 0.848112
vt 0.879092 0.843450
vt 0.877672 0.843450
vt 0.877672 0.852910
vt 0.879092 0.852910
vt 0.879997 0.848994
vt 0.872775 0.848400
vt 0.875945 0.848356
vt 0.874525 0.848356
vt 0.874525 0.848356
vt 0.880661 0.848108
vt 0.879092 0.852909
vt 0.879092 0.852893
vt 0.886155 0.853046
vt 0.886156 0.853062
vt 0.886156 0.853046
vt 0.886016 0.848264
vt 0.886016 0.848265
vt 0.886016 0.848248
vt 0.886019 0.848248
vt 0.886019 0.848264
vt 0.886019 0.848248
vt 0.880662 0.848269
vt 0.880665 0.848249
vt 0.880818 0.848112
vt 0.882219 0.848111
vt 0.880834 0.848111
vt 0.887179 0.848255
vt 0.887179 0.848239
vt 0.887179 0.848239
vt 0.877671 0.843450
vt 0.877671 0.843465
vt 0.877671 0.843466
vt 0.880834 0.848248
vt 0.882219 0.848248
vt 0.879248 0.848252
vt 0.884407 0.845142
vt 0.884407 0.845142
vt 0.884407 0.845142
vt 0.884374 0.845142
vt 0.884375 0.845142
vt 0.884375 0.845142
vt 0.886253 0.848078
vt 0.886253 0.848078
vt 0.886254 0.848078
vt 0.886221 0.848078
vt 0.886221 0.848078
vt 0.886221 0.848078
vt 0.879997 0.848388
vt 0.879997 0.848388
vt 0.879997 0.848388
vt 0.881023 0.849616
vt 0.881023 0.849616
vt 0.881023 0.849616
vt 0.886363 0.853005
vt 0.886363 0.853005
vt 0.886363 0.853005
vt 0.886221 0.848214
vt 0.886221 0.848214
vt 0.886221 0.848214
vt 0.879248 0.848252
vt 0.879248 0.848252
vt 0.875687 0.852877
vt 0.875687 0.852877
vt 0.875687 0.852877
vt 0.873635 0.858434
vt 0.873635 0.858434
vt 0.873635 0.858434
vt 0.879088 0.843454
vt 0.879088 0.843454
vt 0.879088 0.843454
vt 0.877675 0.852906
vt 0.877675 0.852906
vt 0.877675 0.852906
vt 0.871382 0.848401
vt 0.871382 0.848400
vt 0.871382 0.848400
vt 0.875941 0.848360
vt 0.875941 0.848360
vt 0.875942 0.848360
vt 0.880661 0.848108
vt 0.880662 0.848108
vt 0.880661 0.848107
vt 0.877675 0.852906
vt 0.877675 0.852906
vt 0.871382 0.848400
vt 0.871382 0.848401
vt 0.875942 0.848361
vt 0.875942 0.848360
vt 0.878560 0.857848
vt 0.878560 0.857849
vt 0.878560 0.857848
vt 0.880002 0.848388
vt 0.886771 0.848240
vt 0.886771 0.848257
vt 0.886771 0.848241
vt 0.879953 0.848248
vt 0.879245 0.848248
vt 0.879088 0.843453
vt 0.872799 0.848396
vt 0.871378 0.848396
vt 0.871379 0.848397
vt 0.880665 0.848111
vt 0.879245 0.848111
vt 0.880665 0.848112
vt 0.880818 0.848248
vt 0.880818 0.848248
vt 0.880817 0.848248
vt 0.880817 0.848112
vt 0.880818 0.848111
vt 0.881028 0.849616
vt 0.881023 0.849010
vt 0.881912 0.846695
vt 0.881912 0.847910
vt 0.881912 0.846695
vt 0.879092 0.843449
vt 0.877671 0.843449
vt 0.877671 0.852910
vt 0.879092 0.852910
vt 0.880817 0.848248
vt 0.880818 0.848264
vt 0.887589 0.852878
vt 0.887589 0.852861
vt 0.887589 0.852878
vt 0.887590 0.848096
vt 0.887589 0.848079
vt 0.887589 0.848095
vt 0.887590 0.852878
vt 0.882219 0.843466
vt 0.882219 0.843466
vt 0.882239 0.843466
vt 0.882218 0.843466
vt 0.882219 0.843466
vt 0.880665 0.852910
vt 0.872799 0.853058
vt 0.883107 0.843597
vt 0.883075 0.843597
vt 0.882218 0.843466
vt 0.884583 0.843589
vt 0.884582 0.843589
vt 0.884582 0.843590
vt 0.884580 0.843590
vt 0.884580 0.843589
vt 0.884579 0.843589
vt 0.882218 0.852894
vt 0.882219 0.852894
vt 0.882218 0.852893
vt 0.882219 0.852893
vt 0.882219 0.852893
vt 0.886153 0.857708
vt 0.886153 0.857708
vt 0.886153 0.857708
vt 0.887006 0.857634
vt 0.886974 0.857635
vt 0.886156 0.857708
vt 0.886156 0.857708
vt 0.886155 0.857708
vt 0.880133 0.846456
vt 0.880133 0.846456
vt 0.873980 0.845965
vt 0.873980 0.845965
vt 0.873980 0.845965
vt 0.873977 0.845965
vt 0.873977 0.845965
vt 0.879933 0.846454
vt 0.879934 0.846454
vt 0.879928 0.846454
vt 0.885947 0.853054
vt 0.885947 0.853054
vt 0.885953 0.853054
vt 0.886016 0.852909
vt 0.886016 0.852909
vt 0.886016 0.852910
vt 0.886019 0.852910
vt 0.886019 0.852909
vt 0.886019 0.852909
vt 0.886016 0.848111
vt 0.886016 0.848112
vt 0.880665 0.852910
vt 0.880666 0.852910
vt 0.880665 0.852910
vt 0.886021 0.848112
vt 0.877671 0.848111
vt 0.880661 0.852906
vt 0.880666 0.852910
vt 0.877671 0.848111
vt 0.877671 0.848111
vt 0.879092 0.848248
vt 0.877675 0.848107
vt 0.879088 0.848252
vt 0.872799 0.853059
vt 0.872799 0.853059
vt 0.872799 0.853058
vt 0.874525 0.853018
vt 0.874525 0.853018
vt 0.872795 0.853055
vt 0.874528 0.853014
vt 0.879245 0.843449
vt 0.879244 0.843449
vt 0.879244 0.843450
vt 0.879092 0.848249
vt 0.879092 0.848248
vt 0.879249 0.843453
vt 0.872799 0.853058
vt 0.872799 0.853058
vt 0.872795 0.853054
vt 0.874524 0.853018
vt 0.874524 0.853018
vt 0.879244 0.843450
vt 0.879248 0.843454
vt 0.884583 0.843590
vt 0.884583 0.845008
vt 0.886153 0.857708
vt 0.886155 0.857708
vt 0.880134 0.846456
vt 0.873977 0.845965
vt 0.880133 0.845037
vt 0.873980 0.845965
vt 0.873980 0.847384
vt 0.885948 0.853054
vt 0.886016 0.852910
vt 0.886019 0.852910
vt 0.886016 0.848111
vt 0.886016 0.848096
vt 0.881912 0.845012
vt 0.881912 0.843602
vt 0.880665 0.852909
vt 0.881912 0.846559
vt 0.881912 0.846559
vt 0.881912 0.845149
vt 0.874525 0.853018
vt 0.879244 0.843450
vt 0.884579 0.843590
vt 0.881912 0.846559
vt 0.882239 0.852894
vt 0.879244 0.843465
vt 0.879244 0.843466
vt 0.879244 0.843467
vt 0.880134 0.845037
vt 0.873980 0.847384
vt 0.881912 0.845148
vt 0.880834 0.843466
vt 0.885953 0.857699
vt 0.885953 0.857700
vt 0.885948 0.857716
vt 0.872799 0.848397
vt 0.872795 0.848417
vt 0.882219 0.848095
vt 0.886019 0.848265
vt 0.887179 0.848103
vt 0.887179 0.843449
vt 0.886156 0.853063
vt 0.886016 0.848094
vt 0.886021 0.843466
vt 0.880834 0.852910
vt 0.887179 0.852892
vt 0.887179 0.852892
vt 0.880834 0.852894
vt 0.880834 0.843466
vt 0.880818 0.843466
vt 0.880834 0.843466
vt 0.880834 0.843466
vt 0.886226 0.852868
vt 0.883107 0.844781
vt 0.883075 0.844781
vt 0.880834 0.843466
vt 0.884583 0.845009
vt 0.884582 0.845008
vt 0.884579 0.845009
vt 0.884580 0.845009
vt 0.880834 0.852894
vt 0.880834 0.852893
vt 0.880834 0.852893
vt 0.880834 0.852893
vt 0.886632 0.843450
vt 0.886632 0.843449
vt 0.886632 0.843449
vt 0.886253 0.843450
vt 0.886221 0.843450
vt 0.886635 0.843449
vt 0.886635 0.843449
vt 0.886635 0.843450
vt 0.880133 0.845037
vt 0.873980 0.847384
vt 0.880139 0.845037
vt 0.873977 0.847384
vt 0.873977 0.847384
vt 0.879934 0.845035
vt 0.879928 0.845035
vt 0.886358 0.857659
vt 0.886358 0.857660
vt 0.886358 0.857659
vt 0.886363 0.857660
vt 0.886771 0.852894
vt 0.886771 0.852895
vt 0.886771 0.852895
vt 0.886769 0.852895
vt 0.886768 0.852894
vt 0.886768 0.852895
vt 0.886226 0.852869
vt 0.886227 0.852869
vt 0.879244 0.852910
vt 0.879244 0.852910
vt 0.879092 0.848112
vt 0.879092 0.848111
vt 0.879248 0.852906
vt 0.879088 0.848108
vt 0.879244 0.852909
vt 0.879244 0.852910
vt 0.887590 0.843449
vt 0.879092 0.848111
vt 0.879092 0.848111
vt 0.877671 0.848248
vt 0.877675 0.848252
vt 0.871378 0.853059
vt 0.871378 0.853058
vt 0.875946 0.853018
vt 0.871382 0.853055
vt 0.875942 0.853014
vt 0.880665 0.843449
vt 0.880665 0.843450
vt 0.877671 0.848248
vt 0.877671 0.848249
vt 0.880661 0.843453
vt 0.871378 0.853058
vt 0.871378 0.853058
vt 0.875946 0.853018
vt 0.875946 0.853018
vt 0.880665 0.843450
vt 0.880666 0.843450
vt 0.887589 0.848232
vt 0.880818 0.852910
vt 0.880817 0.843450
vt 0.873980 0.847384
vt 0.879933 0.845035
vt 0.886363 0.857643
vt 0.886769 0.852895
vt 0.879092 0.848111
vt 0.879092 0.848095
vt 0.877671 0.848264
vt 0.883417 0.846104
vt 0.881912 0.845148
vt 0.886635 0.843450
vt 0.886635 0.843466
vt 0.886358 0.857659
vt 0.886358 0.857643
vt 0.882218 0.843466
vt 0.882218 0.852893
vt 0.886632 0.848104
vt 0.886363 0.853021
vt 0.886358 0.853005
vt 0.871378 0.848397
vt 0.886254 0.848078
vt 0.880834 0.848095
vt 0.880834 0.848095
vt 0.886769 0.848240
vt 0.886768 0.848241
vt 0.887589 0.857660
vt 0.887589 0.857643
vt 0.886635 0.848104
vt 0.887589 0.843450
vt 0.883417 0.846104
vt 0.877671 0.852910
vt 0.877671 0.852909
vt 0.875946 0.848357
vt 0.880834 0.848265
vt 0.880818 0.848095
vt 0.881436 0.849616
vt 0.881436 0.848401
vt 0.881433 0.848401
vt 0.882219 0.848264
vt 0.882219 0.848265
vt 0.882239 0.848264
vt 0.882219 0.848095
vt 0.881912 0.847910
vt 0.881914 0.847910
vt 0.881914 0.846695
vt 0.872799 0.848397
vt 0.882219 0.848095
vt 0.882218 0.848095
vt 0.884407 0.846524
vt 0.884375 0.846524
vt 0.882218 0.848095
vt 0.881433 0.848400
vt 0.881433 0.848401
vt 0.881436 0.848401
vt 0.881436 0.848400
vt 0.882218 0.848264
vt 0.882218 0.848264
vt 0.882218 0.848264
vt 0.886153 0.853046
vt 0.886153 0.853046
vt 0.886153 0.853046
vt 0.887006 0.853014
vt 0.886974 0.853014
vt 0.886156 0.853046
vt 0.886155 0.853046
vt 0.880002 0.849603
vt 0.881915 0.847910
vt 0.881915 0.847910
vt 0.879997 0.849603
vt 0.881912 0.847910
vt 0.881028 0.848401
vt 0.881028 0.848401
vt 0.881028 0.848401
vt 0.881023 0.848400
vt 0.885947 0.857716
vt 0.885947 0.857716
vt 0.885953 0.857716
vt 0.886016 0.848248
vt 0.886016 0.848248
vt 0.886019 0.848248
vt 0.886019 0.848248
vt 0.886016 0.843449
vt 0.886016 0.843450
vt 0.880665 0.848248
vt 0.880665 0.848248
vt 0.886021 0.843450
vt 0.877671 0.843449
vt 0.877671 0.843450
vt 0.880661 0.848252
vt 0.880666 0.848248
vt 0.877671 0.843450
vt 0.879092 0.852910
vt 0.879092 0.852910
vt 0.872799 0.848397
vt 0.874525 0.848356
vt 0.872795 0.848400
vt 0.874529 0.848360
vt 0.879244 0.848111
vt 0.879244 0.848112
vt 0.879245 0.848112
vt 0.879092 0.852910
vt 0.879248 0.848108
vt 0.872799 0.848397
vt 0.879088 0.852906
vt 0.879244 0.848111
vt 0.879244 0.848111
vt 0.881433 0.848400
vt 0.881433 0.849616
vt 0.886153 0.853046
vt 0.880002 0.849603
vt 0.881912 0.847910
vt 0.881914 0.847911
vt 0.881915 0.846695
vt 0.881028 0.848400
vt 0.885953 0.857700
vt 0.885948 0.857716
vt 0.886016 0.848248
vt 0.886016 0.843449
vt 0.882239 0.848248
vt 0.881436 0.849010
vt 0.881028 0.849616
vt 0.882239 0.848264
vt 0.872799 0.848412
vt 0.872799 0.848413
vt 0.880834 0.848095
vt 0.882219 0.848265
vt 0.874524 0.848373
vt 0.887179 0.853028
vt 0.887179 0.857681
vt 0.887179 0.857681
vt 0.887179 0.848239
vt 0.887179 0.853028
vt 0.887179 0.857681
vt 0.880834 0.848264
vt 0.880834 0.848095
vt 0.886221 0.848230
vt 0.886226 0.848214
vt 0.880834 0.848095
vt 0.884407 0.845142
vt 0.884374 0.845142
vt 0.880834 0.848095
vt 0.881433 0.849616
vt 0.881433 0.849616
vt 0.881436 0.849616
vt 0.881436 0.849616
vt 0.880834 0.848264
vt 0.880834 0.848264
vt 0.880834 0.848264
vt 0.886632 0.848104
vt 0.886632 0.848104
vt 0.886221 0.848078
vt 0.886635 0.848104
vt 0.886635 0.848104
vt 0.880002 0.848388
vt 0.880002 0.848388
vt 0.881915 0.846695
vt 0.879996 0.848388
vt 0.881912 0.846695
vt 0.881028 0.849616
vt 0.881023 0.849616
vt 0.886358 0.853005
vt 0.886358 0.853005
vt 0.886363 0.853005
vt 0.886771 0.848240
vt 0.886771 0.848240
vt 0.886769 0.848240
vt 0.886768 0.848240
vt 0.886227 0.848214
vt 0.886226 0.848214
vt 0.879244 0.848248
vt 0.886221 0.848214
vt 0.879092 0.843450
vt 0.879249 0.848252
vt 0.879244 0.848248
vt 0.879244 0.848248
vt 0.874046 0.858389
vt 0.874045 0.858389
vt 0.874046 0.858390
vt 0.879092 0.843450
vt 0.879092 0.843450
vt 0.877671 0.852910
vt 0.879088 0.843453
vt 0.875413 0.858192
vt 0.875413 0.858192
vt 0.875414 0.858192
vt 0.871378 0.848397
vt 0.875946 0.848356
vt 0.875946 0.848356
vt 0.875072 0.858246
vt 0.875072 0.858246
vt 0.875072 0.858246
vt 0.880666 0.848112
vt 0.880665 0.848111
vt 0.871378 0.848396
vt 0.871378 0.848397
vt 0.877675 0.852906
vt 0.871382 0.848401
vt 0.875946 0.848357
vt 0.880666 0.848111
vt 0.875942 0.848361
vt 0.873840 0.858294
vt 0.873840 0.858295
vt 0.873840 0.858294
vt 0.881433 0.849616
vt 0.880817 0.848111
vt 0.881914 0.846695
vt 0.881912 0.846695
vt 0.879244 0.848249
vt 0.879248 0.848252
vt 0.875945 0.848356
vt 0.887589 0.857660
vt 0.887590 0.857660
vt 0.887589 0.857644
vt 0.880665 0.848111
vt 0.881436 0.849616
vt 0.886772 0.848241
vt 0.882218 0.848095
vt 0.887589 0.848096
vt 0.880834 0.852893
vt 0.880834 0.848265
vt 0.880817 0.848095
vt 0.886632 0.843450
vt 0.880662 0.843454
vt 0.880662 0.848107
vt 0.886772 0.852894
vt 0.886227 0.852868
vt 0.886227 0.848215
vt 0.886227 0.848215
vt 0.886221 0.848230
vt 0.886631 0.843450
vt 0.886631 0.848103
vt 0.886632 0.848104
vt 0.886227 0.852868
vt 0.877671 0.848112
vt 0.879092 0.848248
vt 0.887179 0.848103
vt 0.880834 0.843466
vt 0.884582 0.845009
vt 0.880134 0.845037
vt 0.886771 0.852894
vt 0.877671 0.848248
vt 0.871378 0.853059
vt 0.875946 0.853018
vt 0.880666 0.843449
vt 0.879248 0.852906
vt 0.871382 0.853054
vt 0.883417 0.847515
vt 0.886635 0.848104
vt 0.881436 0.848401
vt 0.880666 0.848248
vt 0.872799 0.848396
vt 0.874524 0.848356
vt 0.887179 0.848103
vt 0.887179 0.853028
vt 0.887179 0.852892
vt 0.881028 0.849616
vt 0.886358 0.853005
vt 0.879092 0.843449
vt 0.877671 0.852910
vt 0.877513 0.848217
vt 0.877514 0.848215
vt 0.877510 0.848213
vt 0.881233 0.848405
vt 0.881228 0.848405
vt 0.881228 0.849608
vt 0.873782 0.847374
vt 0.873782 0.845969
vt 0.873776 0.845969
vt 0.876511 0.858028
vt 0.876518 0.858028
vt 0.876518 0.858024
vt 0.875937 0.843455
vt 0.875941 0.843451
vt 0.875937 0.843449
vt 0.874530 0.848214
vt 0.874526 0.848219
vt 0.874530 0.848220
vt 0.875937 0.848215
vt 0.875941 0.848219
vt 0.875943 0.848214
vt 0.875937 0.848220
vt 0.874524 0.848215
vt 0.876102 0.848213
vt 0.876156 0.848114
vt 0.873772 0.847374
vt 0.876156 0.843511
vt 0.877510 0.843454
vt 0.876103 0.843454
vt 0.875872 0.843455
vt 0.874595 0.848214
vt 0.876512 0.858024
vt 0.876508 0.853264
vt 0.876508 0.858027
vt 0.875937 0.848106
vt 0.876161 0.843516
vt 0.876165 0.843514
vt 0.876159 0.843520
vt 0.877450 0.848110
vt 0.877446 0.848112
vt 0.877455 0.848114
vt 0.877453 0.848105
vt 0.877451 0.843516
vt 0.877453 0.843520
vt 0.877455 0.843511
vt 0.877446 0.843513
vt 0.873019 0.858308
vt 0.873019 0.858313
vt 0.873023 0.858311
vt 0.876747 0.850839
vt 0.876747 0.850833
vt 0.876743 0.850834
vt 0.888000 0.857514
vt 0.888004 0.857510
vt 0.888000 0.857510
vt 0.872438 0.849820
vt 0.872434 0.849820
vt 0.872438 0.849825
vt 0.877514 0.843450
vt 0.876713 0.853261
vt 0.876713 0.858018
vt 0.876717 0.853264
vt 0.888034 0.852922
vt 0.888000 0.852921
vt 0.888004 0.852925
vt 0.876518 0.853265
vt 0.876723 0.858016
vt 0.876723 0.853264
vt 0.881237 0.848400
vt 0.881238 0.848404
vt 0.876098 0.848217
vt 0.876102 0.848218
vt 0.877510 0.843449
vt 0.873782 0.845964
vt 0.873772 0.845965
vt 0.876518 0.853260
vt 0.876509 0.853261
vt 0.876723 0.853260
vt 0.874524 0.843455
vt 0.874530 0.843455
vt 0.874526 0.843451
vt 0.874530 0.843449
vt 0.875943 0.843455
vt 0.876098 0.843450
vt 0.881234 0.849611
vt 0.881238 0.849611
vt 0.876098 0.848214
vt 0.874530 0.848105
vt 0.876158 0.848105
vt 0.876161 0.848110
vt 0.876165 0.848112
vt 0.876747 0.849739
vt 0.876747 0.849736
vt 0.876743 0.849739
vt 0.888000 0.852925
vt 0.872437 0.848542
vt 0.888209 0.852754
vt 0.888205 0.848177
vt 0.888205 0.852754
vt 0.876713 0.850834
vt 0.876713 0.850840
vt 0.888238 0.848174
vt 0.888205 0.848172
vt 0.888238 0.852757
vt 0.888205 0.852759
vt 0.876713 0.849736
vt 0.876713 0.849739
vt 0.872404 0.849820
vt 0.872404 0.849825
vt 0.888034 0.857513
vt 0.872437 0.848537
vt 0.872404 0.848536
vt 0.872404 0.848542
vt 0.873773 0.847377
vt 0.873782 0.847378
vt 0.881228 0.849611
vt 0.881228 0.848401
vt 0.876713 0.858020
vt 0.876723 0.858020
vt 0.882596 0.853610
vt 0.882678 0.853610
vt 0.882678 0.853451
vt 0.871700 0.850989
vt 0.871705 0.850987
vt 0.871701 0.850983
vt 0.877075 0.845569
vt 0.877074 0.845563
vt 0.876957 0.845563
vt 0.875241 0.848518
vt 0.875244 0.848515
vt 0.875239 0.848513
vt 0.881720 0.845062
vt 0.881638 0.845062
vt 0.881720 0.845064
vt 0.881638 0.845230
vt 0.881023 0.854765
vt 0.881040 0.854731
vt 0.881023 0.854683
vt 0.884730 0.852199
vt 0.884730 0.852197
vt 0.884696 0.852197
vt 0.877074 0.846815
vt 0.877080 0.846813
vt 0.877073 0.846809
vt 0.875239 0.849586
vt 0.875244 0.849584
vt 0.875238 0.849581
vt 0.881638 0.845859
vt 0.881720 0.845859
vt 0.881638 0.845853
vt 0.876791 0.846810
vt 0.876790 0.846815
vt 0.876948 0.846816
vt 0.883231 0.854468
vt 0.883230 0.854433
vt 0.883211 0.854433
vt 0.876957 0.846815
vt 0.876957 0.846816
vt 0.876957 0.846834
vt 0.884695 0.852315
vt 0.884730 0.852482
vt 0.884648 0.852484
vt 0.884648 0.852482
vt 0.883211 0.854515
vt 0.882869 0.853871
vt 0.882952 0.853871
vt 0.882952 0.853713
vt 0.876603 0.845572
vt 0.876601 0.845566
vt 0.876597 0.845570
vt 0.876595 0.845564
vt 0.876478 0.845564
vt 0.876311 0.845564
vt 0.876305 0.845566
vt 0.876311 0.845570
vt 0.876469 0.848518
vt 0.876476 0.848515
vt 0.876470 0.848513
vt 0.881656 0.854666
vt 0.881662 0.854666
vt 0.881662 0.854618
vt 0.878021 0.855346
vt 0.878021 0.855264
vt 0.878013 0.855346
vt 0.877958 0.853188
vt 0.877876 0.853188
vt 0.877876 0.853354
vt 0.877958 0.853473
vt 0.877958 0.853472
vt 0.877958 0.853186
vt 0.877876 0.853186
vt 0.876469 0.845564
vt 0.878013 0.855264
vt 0.881638 0.854618
vt 0.879996 0.852380
vt 0.880079 0.852378
vt 0.879997 0.852377
vt 0.871583 0.848539
vt 0.871665 0.848537
vt 0.871583 0.848536
vt 0.876312 0.846811
vt 0.876305 0.846814
vt 0.876311 0.846817
vt 0.876469 0.846817
vt 0.878663 0.847851
vt 0.878628 0.847849
vt 0.878628 0.847852
vt 0.876478 0.846816
vt 0.875080 0.855743
vt 0.875072 0.855661
vt 0.875072 0.855743
vt 0.882596 0.854583
vt 0.882615 0.854535
vt 0.882596 0.854501
vt 0.878437 0.847840
vt 0.878437 0.846601
vt 0.878355 0.846601
vt 0.871583 0.849778
vt 0.871665 0.849778
vt 0.875345 0.846404
vt 0.875345 0.847643
vt 0.875380 0.847643
vt 0.875380 0.847648
vt 0.884956 0.853646
vt 0.884921 0.853646
vt 0.884921 0.853652
vt 0.882596 0.853615
vt 0.882678 0.853615
vt 0.881720 0.847103
vt 0.881720 0.847097
vt 0.881638 0.847098
vt 0.877082 0.845570
vt 0.877080 0.845565
vt 0.878868 0.847852
vt 0.878868 0.847849
vt 0.878834 0.847849
vt 0.881720 0.845348
vt 0.881685 0.845231
vt 0.881686 0.845348
vt 0.871708 0.850982
vt 0.871702 0.850981
vt 0.875080 0.848511
vt 0.876788 0.845570
vt 0.876790 0.845569
vt 0.876784 0.845565
vt 0.876790 0.845563
vt 0.884956 0.853529
vt 0.884921 0.853529
vt 0.875247 0.848520
vt 0.871583 0.850982
vt 0.871583 0.850987
vt 0.876948 0.845563
vt 0.884861 0.854598
vt 0.884853 0.854516
vt 0.884853 0.854598
vt 0.875072 0.848496
vt 0.875072 0.848516
vt 0.881040 0.854765
vt 0.883006 0.854767
vt 0.883024 0.854767
vt 0.883024 0.854685
vt 0.876948 0.845545
vt 0.881046 0.854683
vt 0.875240 0.848519
vt 0.878834 0.847852
vt 0.882596 0.853451
vt 0.884861 0.854516
vt 0.875240 0.849580
vt 0.875247 0.849580
vt 0.875345 0.846398
vt 0.875380 0.846404
vt 0.878150 0.852579
vt 0.878184 0.852580
vt 0.878184 0.852574
vt 0.876782 0.846807
vt 0.876788 0.846808
vt 0.884730 0.852484
vt 0.871708 0.849923
vt 0.877076 0.846808
vt 0.871701 0.849921
vt 0.871705 0.849918
vt 0.871700 0.849916
vt 0.875080 0.849584
vt 0.876784 0.846813
vt 0.878184 0.852458
vt 0.878150 0.852458
vt 0.878150 0.852574
vt 0.871583 0.849914
vt 0.871583 0.849919
vt 0.874661 0.855795
vt 0.874669 0.855795
vt 0.874669 0.855713
vt 0.875072 0.849579
vt 0.875072 0.849601
vt 0.876949 0.846835
vt 0.883230 0.854651
vt 0.883211 0.854651
vt 0.883230 0.854734
vt 0.883211 0.854733
vt 0.884730 0.853688
vt 0.884648 0.853687
vt 0.884648 0.853693
vt 0.881720 0.845853
vt 0.884730 0.853530
vt 0.884648 0.853529
vt 0.883236 0.854515
vt 0.878868 0.846609
vt 0.878834 0.846610
vt 0.884648 0.852315
vt 0.877082 0.846807
vt 0.877076 0.845571
vt 0.871939 0.849778
vt 0.871939 0.848536
vt 0.871857 0.848537
vt 0.875345 0.846257
vt 0.875380 0.846257
vt 0.875380 0.845018
vt 0.875345 0.846262
vt 0.875380 0.846262
vt 0.885161 0.852745
vt 0.885127 0.852745
vt 0.885127 0.852751
vt 0.882869 0.853877
vt 0.882952 0.853877
vt 0.878355 0.846596
vt 0.884306 0.848398
vt 0.884312 0.848399
vt 0.884313 0.848397
vt 0.876311 0.848511
vt 0.884314 0.848391
vt 0.884308 0.848393
vt 0.876303 0.845572
vt 0.876309 0.845571
vt 0.876472 0.848519
vt 0.885161 0.852628
vt 0.885127 0.852628
vt 0.884431 0.848398
vt 0.884431 0.848393
vt 0.877923 0.853354
vt 0.881638 0.854700
vt 0.881656 0.854700
vt 0.876303 0.848496
vt 0.876303 0.848516
vt 0.877602 0.854163
vt 0.877620 0.854163
vt 0.877620 0.854081
vt 0.876478 0.845546
vt 0.876470 0.845546
vt 0.878628 0.846612
vt 0.878663 0.846609
vt 0.878663 0.846609
vt 0.877924 0.853472
vt 0.876472 0.849578
vt 0.876478 0.849579
vt 0.876478 0.848520
vt 0.882869 0.853713
vt 0.875380 0.845013
vt 0.875345 0.845012
vt 0.875345 0.845018
vt 0.884922 0.853909
vt 0.884956 0.853910
vt 0.884956 0.853904
vt 0.876303 0.846809
vt 0.884306 0.849457
vt 0.884312 0.849457
vt 0.876601 0.846814
vt 0.876603 0.846808
vt 0.876597 0.846810
vt 0.884313 0.849459
vt 0.876595 0.846816
vt 0.876595 0.846811
vt 0.884314 0.849464
vt 0.884308 0.849462
vt 0.876471 0.849580
vt 0.876303 0.849579
vt 0.876311 0.849584
vt 0.876476 0.849584
vt 0.876309 0.846810
vt 0.884921 0.853904
vt 0.884956 0.853788
vt 0.884431 0.849466
vt 0.884431 0.849461
vt 0.876303 0.849600
vt 0.876311 0.849600
vt 0.875080 0.855661
vt 0.882615 0.854501
vt 0.882615 0.854801
vt 0.882615 0.854719
vt 0.882596 0.854719
vt 0.876478 0.846836
vt 0.880031 0.852547
vt 0.879996 0.852663
vt 0.876479 0.846817
vt 0.880031 0.852665
vt 0.879997 0.852665
vt 0.878355 0.847840
vt 0.878355 0.847846
vt 0.885195 0.853357
vt 0.885277 0.853358
vt 0.885277 0.853352
vt 0.885195 0.853351
vt 0.885277 0.853194
vt 0.882621 0.854583
vt 0.882621 0.854535
vt 0.880079 0.852546
vt 0.875345 0.847648
vt 0.884956 0.853652
vt 0.881638 0.847103
vt 0.876782 0.845571
vt 0.875080 0.848496
vt 0.883006 0.854685
vt 0.876957 0.845545
vt 0.881046 0.854731
vt 0.875380 0.846398
vt 0.874661 0.855713
vt 0.875080 0.849601
vt 0.884730 0.853693
vt 0.883236 0.854468
vt 0.871857 0.849778
vt 0.885161 0.852751
vt 0.878437 0.846596
vt 0.876311 0.848496
vt 0.877602 0.854081
vt 0.878628 0.846609
vt 0.876470 0.849586
vt 0.884922 0.853788
vt 0.882596 0.854801
vt 0.876470 0.846836
vt 0.878437 0.847846
vt 0.885195 0.853193
vt 0.954854 0.870879
vt 0.954839 0.870877
vt 0.954850 0.870873
vt 0.954849 0.870891
vt 0.954854 0.870886
vt 0.954839 0.870884
vt 0.954843 0.870890
vt 0.963068 0.868702
vt 0.963078 0.868697
vt 0.963075 0.868703
vt 0.963085 0.868707
vt 0.963079 0.868709
vt 0.963085 0.868720
vt 0.963075 0.868721
vt 0.963079 0.868716
vt 0.963066 0.868696
vt 0.963064 0.868707
vt 0.963058 0.868704
vt 0.963058 0.868716
vt 0.963068 0.868720
vt 0.963064 0.868714
vt 0.963077 0.868728
vt 0.963066 0.868726
vt 0.951389 0.872249
vt 0.951393 0.872242
vt 0.951393 0.872249
vt 0.963058 0.870961
vt 0.963061 0.870967
vt 0.963058 0.870967
vt 0.963058 0.870974
vt 0.962841 0.871044
vt 0.962838 0.871038
vt 0.962841 0.871038
vt 0.951389 0.872256
vt 0.951393 0.872256
vt 0.949485 0.872462
vt 0.949481 0.872469
vt 0.949481 0.872462
vt 0.949485 0.872476
vt 0.949485 0.872469
vt 0.962838 0.871051
vt 0.962838 0.871044
vt 0.954843 0.870872
vt 0.948601 0.872436
vt 0.948604 0.872424
vt 0.948604 0.872437
vt 0.950732 0.868418
vt 0.950729 0.868429
vt 0.950729 0.868418
vt 0.950732 0.868442
vt 0.950732 0.868429
vt 0.950732 0.868764
vt 0.950729 0.868752
vt 0.950732 0.868752
vt 0.948601 0.872424
vt 0.948604 0.872412
vt 0.950729 0.868102
vt 0.950732 0.868091
vt 0.950732 0.868102
vt 0.950729 0.868091
vt 0.950732 0.868078
vt 0.950729 0.868776
vt 0.950729 0.868764
vt 0.951389 0.872242
vt 0.963061 0.870960
vt 0.963061 0.870974
vt 0.949481 0.872476
vt 0.962841 0.871051
vt 0.950729 0.868441
vt 0.948601 0.872412
vt 0.950729 0.868078
vt 0.950732 0.868776
vt 0.758325 0.972282
vt 0.758302 0.972294
vt 0.758318 0.972274
vt 0.758334 0.972255
vt 0.758319 0.972236
vt 0.758326 0.972255
vt 0.761410 0.972351
vt 0.761391 0.972351
vt 0.761410 0.972273
vt 0.758334 0.972118
vt 0.758334 0.972117
vt 0.758334 0.972255
vt 0.755490 0.972264
vt 0.755489 0.972402
vt 0.755489 0.972264
vt 0.755527 0.972273
vt 0.755522 0.972275
vt 0.755522 0.972286
vt 0.764134 0.972267
vt 0.764115 0.972189
vt 0.764134 0.972189
vt 0.761191 0.966421
vt 0.761164 0.966420
vt 0.761191 0.966343
vt 0.755565 0.972402
vt 0.755489 0.972429
vt 0.755753 0.971156
vt 0.755726 0.971144
vt 0.755734 0.971137
vt 0.755716 0.971117
vt 0.764115 0.972267
vt 0.761391 0.972274
vt 0.755733 0.971098
vt 0.755726 0.971117
vt 0.755565 0.972264
vt 0.755533 0.972275
vt 0.755791 0.970979
vt 0.755753 0.971089
vt 0.755716 0.970979
vt 0.755535 0.972281
vt 0.755533 0.972286
vt 0.761164 0.966343
vt 0.760944 0.966412
vt 0.760937 0.966421
vt 0.760937 0.966344
vt 0.760937 0.966420
vt 0.755519 0.972281
vt 0.758270 0.972256
vt 0.758286 0.972275
vt 0.758279 0.972283
vt 0.758285 0.972237
vt 0.758279 0.972255
vt 0.758271 0.972118
vt 0.759216 0.971984
vt 0.759178 0.971994
vt 0.759211 0.971982
vt 0.759177 0.971855
vt 0.759254 0.971856
vt 0.759216 0.971969
vt 0.759178 0.971828
vt 0.759209 0.971977
vt 0.762601 0.972407
vt 0.762582 0.972407
vt 0.762601 0.972329
vt 0.755791 0.971118
vt 0.755780 0.971145
vt 0.755790 0.971117
vt 0.755772 0.971137
vt 0.759254 0.971993
vt 0.755773 0.971098
vt 0.759222 0.971971
vt 0.761013 0.966344
vt 0.761005 0.966351
vt 0.761004 0.966351
vt 0.760945 0.966351
vt 0.761005 0.966352
vt 0.761012 0.966421
vt 0.761005 0.966412
vt 0.761011 0.966343
vt 0.759222 0.971982
vt 0.755735 0.965372
vt 0.755716 0.963515
vt 0.755735 0.963515
vt 0.754770 0.965372
vt 0.754751 0.965372
vt 0.754751 0.963515
vt 0.755716 0.965372
vt 0.755867 0.972331
vt 0.755840 0.972320
vt 0.755848 0.972312
vt 0.755839 0.972292
vt 0.755829 0.972292
vt 0.755529 0.973070
vt 0.755509 0.973070
vt 0.755509 0.972993
vt 0.764380 0.972250
vt 0.764361 0.972172
vt 0.764380 0.972172
vt 0.764361 0.971982
vt 0.764342 0.972059
vt 0.764342 0.971982
vt 0.755847 0.972273
vt 0.755829 0.972154
vt 0.761392 0.971514
vt 0.761391 0.971487
vt 0.761468 0.971513
vt 0.761391 0.971652
vt 0.761424 0.971630
vt 0.761424 0.971641
vt 0.761422 0.971635
vt 0.755529 0.972993
vt 0.764361 0.972250
vt 0.762639 0.971382
vt 0.762649 0.971355
vt 0.762640 0.971383
vt 0.761435 0.971641
vt 0.761434 0.971651
vt 0.761429 0.971643
vt 0.762639 0.971521
vt 0.762703 0.971519
vt 0.762654 0.971402
vt 0.761467 0.971652
vt 0.761468 0.971652
vt 0.761161 0.972370
vt 0.761134 0.972293
vt 0.761161 0.972293
vt 0.761468 0.971487
vt 0.757361 0.966514
vt 0.757369 0.966507
vt 0.757370 0.966507
vt 0.757429 0.966507
vt 0.757437 0.966515
vt 0.757369 0.966506
vt 0.757362 0.966438
vt 0.757369 0.966446
vt 0.757369 0.966446
vt 0.757362 0.966515
vt 0.755867 0.972264
vt 0.755904 0.972154
vt 0.755887 0.972273
vt 0.755894 0.972320
vt 0.755886 0.972312
vt 0.755904 0.972292
vt 0.755867 0.972319
vt 0.755489 0.973070
vt 0.763946 0.971620
vt 0.763944 0.971648
vt 0.763945 0.971620
vt 0.763978 0.971493
vt 0.763946 0.971482
vt 0.763983 0.971491
vt 0.763975 0.971499
vt 0.761134 0.972370
vt 0.761107 0.972370
vt 0.762695 0.971383
vt 0.762704 0.971381
vt 0.762695 0.971355
vt 0.762672 0.971355
vt 0.762672 0.971344
vt 0.762688 0.971363
vt 0.762672 0.971410
vt 0.764342 0.972250
vt 0.763989 0.971504
vt 0.764022 0.971620
vt 0.763983 0.971507
vt 0.755489 0.972993
vt 0.757430 0.966507
vt 0.757430 0.966446
vt 0.757438 0.966438
vt 0.757430 0.966506
vt 0.763989 0.971493
vt 0.764022 0.971482
vt 0.755924 0.965369
vt 0.755904 0.963515
vt 0.755924 0.963516
vt 0.755754 0.965372
vt 0.755754 0.963515
vt 0.754789 0.963515
vt 0.754789 0.965372
vt 0.755566 0.972402
vt 0.758302 0.972228
vt 0.758302 0.972282
vt 0.761429 0.972351
vt 0.755527 0.972288
vt 0.755753 0.971144
vt 0.755566 0.972429
vt 0.759425 0.972537
vt 0.759404 0.972459
vt 0.759425 0.972459
vt 0.761429 0.972274
vt 0.763699 0.967086
vt 0.763695 0.967066
vt 0.763711 0.967081
vt 0.763675 0.967066
vt 0.763691 0.967079
vt 0.763681 0.967079
vt 0.763661 0.967082
vt 0.763673 0.967087
vt 0.763661 0.967102
vt 0.763674 0.967097
vt 0.754927 0.975112
vt 0.754921 0.975106
vt 0.754927 0.975106
vt 0.760944 0.966351
vt 0.760944 0.966352
vt 0.760945 0.966413
vt 0.760946 0.966413
vt 0.754921 0.975101
vt 0.754921 0.974363
vt 0.754927 0.974358
vt 0.754926 0.974363
vt 0.754926 0.974352
vt 0.754922 0.974358
vt 0.754921 0.974352
vt 0.754927 0.975230
vt 0.754921 0.975235
vt 0.754921 0.975230
vt 0.754927 0.975224
vt 0.754921 0.975224
vt 0.755097 0.974732
vt 0.755091 0.974726
vt 0.755097 0.974726
vt 0.755091 0.974737
vt 0.755091 0.974732
vt 0.759211 0.971971
vt 0.758269 0.972118
vt 0.764153 0.972267
vt 0.764153 0.972189
vt 0.762621 0.972329
vt 0.762621 0.972407
vt 0.761218 0.966420
vt 0.761218 0.966343
vt 0.759255 0.971828
vt 0.755781 0.971117
vt 0.759224 0.971977
vt 0.759255 0.971994
vt 0.759445 0.972459
vt 0.759445 0.972537
vt 0.762582 0.972329
vt 0.763711 0.967102
vt 0.763699 0.967097
vt 0.763697 0.967116
vt 0.763676 0.967117
vt 0.763692 0.967104
vt 0.763681 0.967104
vt 0.753105 0.971241
vt 0.753111 0.971247
vt 0.753105 0.971247
vt 0.761004 0.966413
vt 0.761005 0.966413
vt 0.761013 0.966419
vt 0.753111 0.971252
vt 0.754926 0.974234
vt 0.754922 0.974228
vt 0.754927 0.974228
vt 0.754927 0.974239
vt 0.754921 0.974234
vt 0.755097 0.975350
vt 0.755091 0.975345
vt 0.755097 0.975345
vt 0.755097 0.975356
vt 0.755091 0.975351
vt 0.755097 0.974490
vt 0.755091 0.974484
vt 0.755097 0.974484
vt 0.755091 0.974479
vt 0.755097 0.974479
vt 0.755886 0.965369
vt 0.755904 0.965369
vt 0.764285 0.974253
vt 0.764289 0.974263
vt 0.764285 0.974263
vt 0.762416 0.974445
vt 0.762412 0.974435
vt 0.762416 0.974435
vt 0.762412 0.974426
vt 0.759518 0.974850
vt 0.759522 0.974841
vt 0.759522 0.974850
vt 0.764289 0.974243
vt 0.764289 0.974253
vt 0.758099 0.974906
vt 0.758103 0.974915
vt 0.758099 0.974916
vt 0.758099 0.974896
vt 0.758103 0.974906
vt 0.759522 0.974860
vt 0.759518 0.974860
vt 0.761391 0.971652
vt 0.754601 0.965372
vt 0.754601 0.963515
vt 0.754621 0.963515
vt 0.761391 0.971514
vt 0.762655 0.971363
vt 0.761429 0.971627
vt 0.762648 0.971383
vt 0.761435 0.971630
vt 0.764380 0.971982
vt 0.764380 0.972059
vt 0.764361 0.972059
vt 0.754613 0.966644
vt 0.754598 0.966655
vt 0.754594 0.966641
vt 0.761437 0.971635
vt 0.754625 0.966660
vt 0.754608 0.966656
vt 0.754624 0.966681
vt 0.754614 0.966664
vt 0.754611 0.966693
vt 0.754613 0.966674
vt 0.755097 0.974850
vt 0.755091 0.974856
vt 0.755091 0.974850
vt 0.757370 0.966445
vt 0.762704 0.971520
vt 0.757361 0.966439
vt 0.755097 0.974856
vt 0.755091 0.974861
vt 0.754927 0.974605
vt 0.754921 0.974611
vt 0.754921 0.974605
vt 0.754927 0.974616
vt 0.754927 0.974611
vt 0.754921 0.974853
vt 0.754927 0.974858
vt 0.754921 0.974858
vt 0.754927 0.974864
vt 0.755097 0.974360
vt 0.755091 0.974355
vt 0.755096 0.974355
vt 0.755091 0.974366
vt 0.755093 0.974360
vt 0.755894 0.972292
vt 0.764022 0.971648
vt 0.764342 0.972172
vt 0.764550 0.971982
vt 0.764550 0.972059
vt 0.764531 0.971982
vt 0.762689 0.971401
vt 0.761107 0.972293
vt 0.764512 0.972059
vt 0.764531 0.972059
vt 0.763991 0.971499
vt 0.754581 0.966655
vt 0.754592 0.966662
vt 0.754581 0.966675
vt 0.754594 0.966691
vt 0.754592 0.966671
vt 0.754598 0.966679
vt 0.754607 0.966680
vt 0.757429 0.966445
vt 0.757430 0.966446
vt 0.754927 0.974988
vt 0.754921 0.974982
vt 0.754927 0.974982
vt 0.757438 0.966514
vt 0.763978 0.971504
vt 0.754921 0.974977
vt 0.754921 0.974740
vt 0.754927 0.974734
vt 0.754927 0.974740
vt 0.754927 0.974729
vt 0.754921 0.974734
vt 0.754921 0.974729
vt 0.755091 0.974974
vt 0.755097 0.974979
vt 0.755091 0.974980
vt 0.755097 0.974985
vt 0.755091 0.974985
vt 0.755093 0.974242
vt 0.755096 0.974236
vt 0.755098 0.974242
vt 0.755093 0.974231
vt 0.755098 0.974231
vt 0.754770 0.963515
vt 0.753903 0.970888
vt 0.753900 0.970898
vt 0.753900 0.970888
vt 0.761281 0.974551
vt 0.761277 0.974561
vt 0.761277 0.974551
vt 0.761281 0.974542
vt 0.759348 0.974869
vt 0.759351 0.974878
vt 0.759348 0.974878
vt 0.753903 0.970878
vt 0.753900 0.970878
vt 0.761107 0.974701
vt 0.761111 0.974692
vt 0.761111 0.974701
vt 0.761107 0.974711
vt 0.759348 0.974888
vt 0.759351 0.974888
vt 0.754581 0.963515
vt 0.754621 0.965372
vt 0.755886 0.963516
vt 0.954105 0.868580
vt 0.954105 0.868576
vt 0.954107 0.868578
vt 0.962619 0.871362
vt 0.962618 0.871359
vt 0.962619 0.871359
vt 0.960210 0.870266
vt 0.960213 0.870269
vt 0.960210 0.870274
vt 0.958953 0.871415
vt 0.958955 0.871418
vt 0.958951 0.871418
vt 0.949703 0.872786
vt 0.949702 0.872785
vt 0.949703 0.872782
vt 0.962618 0.871362
vt 0.960200 0.870263
vt 0.960196 0.870263
vt 0.960200 0.870258
vt 0.960203 0.870261
vt 0.960199 0.870268
vt 0.960208 0.870263
vt 0.960206 0.870257
vt 0.960210 0.870259
vt 0.960205 0.870264
vt 0.958948 0.871415
vt 0.958950 0.871413
vt 0.952637 0.872184
vt 0.952638 0.872184
vt 0.952637 0.872187
vt 0.952638 0.872189
vt 0.952637 0.872192
vt 0.952638 0.872197
vt 0.952637 0.872198
vt 0.956895 0.871665
vt 0.956893 0.871666
vt 0.956893 0.871660
vt 0.951686 0.871320
vt 0.951683 0.871321
vt 0.951683 0.871317
vt 0.951696 0.871315
vt 0.951697 0.871311
vt 0.951701 0.871315
vt 0.951685 0.871312
vt 0.951692 0.871310
vt 0.951691 0.871314
vt 0.958953 0.871260
vt 0.958958 0.871260
vt 0.958955 0.871263
vt 0.951692 0.871328
vt 0.951693 0.871324
vt 0.951696 0.871327
vt 0.958956 0.871258
vt 0.951696 0.871323
vt 0.951697 0.871318
vt 0.951701 0.871323
vt 0.951687 0.871327
vt 0.951684 0.871324
vt 0.962839 0.871204
vt 0.962838 0.871202
vt 0.962839 0.871197
vt 0.951831 0.872246
vt 0.951830 0.872246
vt 0.951831 0.872242
vt 0.951830 0.872254
vt 0.951831 0.872250
vt 0.951831 0.872256
vt 0.948602 0.872594
vt 0.948601 0.872599
vt 0.948601 0.872592
vt 0.948602 0.872588
vt 0.958729 0.871618
vt 0.958728 0.871619
vt 0.958728 0.871612
vt 0.960434 0.870275
vt 0.960429 0.870281
vt 0.960433 0.870268
vt 0.960421 0.870263
vt 0.960428 0.870263
vt 0.960416 0.870268
vt 0.956455 0.871691
vt 0.956455 0.871686
vt 0.956458 0.871688
vt 0.952637 0.868047
vt 0.952638 0.868040
vt 0.952641 0.868045
vt 0.955499 0.870793
vt 0.955503 0.870792
vt 0.955503 0.870795
vt 0.955500 0.870787
vt 0.955515 0.870786
vt 0.955509 0.870783
vt 0.955513 0.870781
vt 0.955508 0.870786
vt 0.955511 0.870787
vt 0.955515 0.870790
vt 0.955510 0.870790
vt 0.955509 0.870778
vt 0.955505 0.870785
vt 0.955502 0.870784
vt 0.955506 0.870782
vt 0.956460 0.871681
vt 0.956460 0.871686
vt 0.956458 0.871683
vt 0.955499 0.870781
vt 0.955504 0.870778
vt 0.952637 0.867570
vt 0.952638 0.867570
vt 0.952637 0.867573
vt 0.952638 0.867893
vt 0.952637 0.867890
vt 0.952638 0.867887
vt 0.952124 0.871797
vt 0.952123 0.871798
vt 0.952123 0.871794
vt 0.952123 0.871786
vt 0.952124 0.871788
vt 0.952123 0.871790
vt 0.952638 0.867585
vt 0.952637 0.867583
vt 0.952638 0.867578
vt 0.952637 0.867577
vt 0.951467 0.871314
vt 0.951463 0.871314
vt 0.951466 0.871311
vt 0.956233 0.871813
vt 0.956234 0.871813
vt 0.956233 0.871816
vt 0.951468 0.871306
vt 0.951463 0.871307
vt 0.951471 0.871313
vt 0.951472 0.871316
vt 0.958515 0.871453
vt 0.958513 0.871455
vt 0.958513 0.871450
vt 0.951468 0.871319
vt 0.954987 0.872128
vt 0.954985 0.872125
vt 0.954987 0.872125
vt 0.956234 0.871816
vt 0.951472 0.871308
vt 0.951471 0.871305
vt 0.951476 0.871307
vt 0.951478 0.871304
vt 0.951481 0.871308
vt 0.962838 0.871354
vt 0.962839 0.871351
vt 0.962839 0.871354
vt 0.958510 0.871453
vt 0.951475 0.871314
vt 0.951474 0.871311
vt 0.951477 0.871310
vt 0.954985 0.872129
vt 0.962838 0.871351
vt 0.952637 0.868669
vt 0.952638 0.868665
vt 0.952638 0.868668
vt 0.952271 0.872256
vt 0.952270 0.872255
vt 0.952271 0.872252
vt 0.952271 0.872247
vt 0.952270 0.872247
vt 0.952271 0.872242
vt 0.954106 0.867824
vt 0.954105 0.867821
vt 0.954106 0.867817
vt 0.960636 0.871393
vt 0.960638 0.871398
vt 0.960636 0.871401
vt 0.952637 0.867422
vt 0.952638 0.867418
vt 0.952638 0.867424
vt 0.952638 0.868673
vt 0.952637 0.868676
vt 0.960204 0.870269
vt 0.960203 0.870273
vt 0.960200 0.870270
vt 0.960205 0.870272
vt 0.960203 0.870275
vt 0.958956 0.871413
vt 0.958958 0.871415
vt 0.958953 0.871420
vt 0.958958 0.871421
vt 0.954325 0.867206
vt 0.954329 0.867203
vt 0.954329 0.867207
vt 0.954327 0.869176
vt 0.954325 0.869172
vt 0.954326 0.869172
vt 0.954327 0.871121
vt 0.954325 0.871124
vt 0.954326 0.871121
vt 0.954327 0.870372
vt 0.954325 0.870375
vt 0.954325 0.870371
vt 0.960199 0.870274
vt 0.960208 0.870270
vt 0.960207 0.870267
vt 0.960213 0.870263
vt 0.951024 0.872559
vt 0.951022 0.872556
vt 0.951024 0.872556
vt 0.955426 0.872128
vt 0.955427 0.872125
vt 0.955427 0.872128
vt 0.960202 0.870266
vt 0.958948 0.871420
vt 0.958950 0.871423
vt 0.958956 0.871423
vt 0.960196 0.870270
vt 0.954107 0.870973
vt 0.954105 0.870976
vt 0.954105 0.870973
vt 0.954107 0.872175
vt 0.954105 0.872172
vt 0.954107 0.872172
vt 0.960636 0.871548
vt 0.960638 0.871551
vt 0.960636 0.871551
vt 0.954107 0.871876
vt 0.954105 0.871872
vt 0.954107 0.871872
vt 0.949701 0.872782
vt 0.948162 0.872902
vt 0.948160 0.872905
vt 0.948160 0.872901
vt 0.948161 0.872756
vt 0.948160 0.872750
vt 0.948161 0.872749
vt 0.954105 0.867671
vt 0.954105 0.867663
vt 0.954105 0.867667
vt 0.954106 0.868123
vt 0.954106 0.868129
vt 0.954105 0.868125
vt 0.948161 0.872744
vt 0.948161 0.872742
vt 0.956894 0.871671
vt 0.956893 0.871672
vt 0.956894 0.871656
vt 0.956894 0.871659
vt 0.951688 0.871315
vt 0.951690 0.871318
vt 0.954326 0.867204
vt 0.958953 0.871265
vt 0.958948 0.871265
vt 0.958951 0.871263
vt 0.954327 0.869322
vt 0.954325 0.869326
vt 0.954325 0.869322
vt 0.958956 0.871267
vt 0.954327 0.870075
vt 0.954325 0.870072
vt 0.954327 0.870071
vt 0.954107 0.869028
vt 0.954105 0.869025
vt 0.954107 0.869024
vt 0.951693 0.871317
vt 0.954767 0.872125
vt 0.954765 0.872129
vt 0.954765 0.872125
vt 0.960856 0.871510
vt 0.960858 0.871507
vt 0.960858 0.871510
vt 0.951688 0.871323
vt 0.951691 0.871321
vt 0.958958 0.871265
vt 0.960196 0.871587
vt 0.960197 0.871590
vt 0.960196 0.871591
vt 0.954327 0.871424
vt 0.954325 0.871421
vt 0.954326 0.871420
vt 0.954327 0.871271
vt 0.954325 0.871274
vt 0.954325 0.871270
vt 0.958950 0.871258
vt 0.958948 0.871260
vt 0.955647 0.872128
vt 0.955646 0.872128
vt 0.955646 0.872125
vt 0.951694 0.871320
vt 0.949922 0.872772
vt 0.949923 0.872769
vt 0.949923 0.872772
vt 0.954547 0.872125
vt 0.954545 0.872129
vt 0.954546 0.872125
vt 0.949041 0.872730
vt 0.949043 0.872733
vt 0.949042 0.872734
vt 0.948602 0.872582
vt 0.948601 0.872587
vt 0.948601 0.872583
vt 0.955647 0.872125
vt 0.962398 0.871244
vt 0.962398 0.871252
vt 0.962397 0.871249
vt 0.960196 0.871432
vt 0.960197 0.871438
vt 0.960196 0.871441
vt 0.958729 0.871609
vt 0.958728 0.871608
vt 0.955078 0.869589
vt 0.955090 0.869592
vt 0.955083 0.869595
vt 0.955068 0.869583
vt 0.955070 0.869590
vt 0.955059 0.869593
vt 0.955065 0.869603
vt 0.955059 0.869605
vt 0.955090 0.869605
vt 0.955083 0.869603
vt 0.955081 0.869614
vt 0.955078 0.869608
vt 0.955071 0.869608
vt 0.955068 0.869614
vt 0.960860 0.871198
vt 0.960856 0.871191
vt 0.960859 0.871191
vt 0.949925 0.872461
vt 0.949922 0.872468
vt 0.949922 0.872461
vt 0.949925 0.872474
vt 0.949922 0.872474
vt 0.952640 0.867090
vt 0.952637 0.867096
vt 0.952637 0.867089
vt 0.960856 0.871198
vt 0.960860 0.871205
vt 0.960856 0.871205
vt 0.962618 0.871059
vt 0.962621 0.871053
vt 0.962621 0.871059
vt 0.962621 0.871046
vt 0.962618 0.871053
vt 0.962618 0.871045
vt 0.952640 0.867103
vt 0.952637 0.867103
vt 0.960422 0.870281
vt 0.960416 0.870276
vt 0.949925 0.872290
vt 0.949922 0.872303
vt 0.949922 0.872290
vt 0.950952 0.868265
vt 0.950949 0.868277
vt 0.950949 0.868265
vt 0.950952 0.868253
vt 0.950949 0.868781
vt 0.950952 0.868769
vt 0.950952 0.868781
vt 0.949925 0.872315
vt 0.949925 0.872303
vt 0.950949 0.867913
vt 0.950952 0.867924
vt 0.950949 0.867925
vt 0.950952 0.867937
vt 0.950949 0.867937
vt 0.950949 0.868757
vt 0.950952 0.868757
vt 0.956463 0.871688
vt 0.956460 0.871691
vt 0.955512 0.870794
vt 0.955507 0.870796
vt 0.955506 0.870793
vt 0.955507 0.870789
vt 0.954107 0.869325
vt 0.954105 0.869328
vt 0.954105 0.869324
vt 0.948823 0.872729
vt 0.948821 0.872726
vt 0.948823 0.872726
vt 0.958730 0.871768
vt 0.958728 0.871765
vt 0.958730 0.871765
vt 0.954107 0.871426
vt 0.954105 0.871423
vt 0.954106 0.871422
vt 0.955504 0.870788
vt 0.956453 0.871688
vt 0.958508 0.871764
vt 0.958508 0.871761
vt 0.958509 0.871761
vt 0.954107 0.868875
vt 0.954105 0.868878
vt 0.954105 0.868874
vt 0.954545 0.872275
vt 0.954546 0.872278
vt 0.954545 0.872278
vt 0.956463 0.871683
vt 0.954325 0.870821
vt 0.954327 0.870824
vt 0.954325 0.870825
vt 0.949263 0.872730
vt 0.949261 0.872733
vt 0.949261 0.872730
vt 0.951243 0.872561
vt 0.951244 0.872558
vt 0.951244 0.872561
vt 0.956453 0.871683
vt 0.956455 0.871681
vt 0.952637 0.868050
vt 0.952641 0.868052
vt 0.954107 0.870374
vt 0.954105 0.870377
vt 0.954105 0.870373
vt 0.958509 0.871764
vt 0.954107 0.869478
vt 0.954105 0.869474
vt 0.954107 0.869474
vt 0.952637 0.867881
vt 0.952637 0.867896
vt 0.952642 0.868046
vt 0.952642 0.868052
vt 0.952124 0.871802
vt 0.952123 0.871802
vt 0.954107 0.870077
vt 0.954105 0.870074
vt 0.954106 0.870074
vt 0.951469 0.871310
vt 0.958517 0.871455
vt 0.958515 0.871457
vt 0.951466 0.871303
vt 0.955501 0.871782
vt 0.955499 0.871785
vt 0.955500 0.871781
vt 0.954327 0.871720
vt 0.954325 0.871724
vt 0.954325 0.871720
vt 0.951475 0.871319
vt 0.954107 0.871726
vt 0.954105 0.871723
vt 0.954107 0.871722
vt 0.958508 0.871450
vt 0.951470 0.871301
vt 0.951475 0.871302
vt 0.958508 0.871455
vt 0.950363 0.872715
vt 0.950362 0.872718
vt 0.950362 0.872715
vt 0.951832 0.872403
vt 0.951830 0.872406
vt 0.951830 0.872402
vt 0.955281 0.871822
vt 0.955279 0.871819
vt 0.955281 0.871819
vt 0.958517 0.871450
vt 0.958515 0.871448
vt 0.951480 0.871315
vt 0.954107 0.869777
vt 0.954105 0.869774
vt 0.954106 0.869774
vt 0.954107 0.869175
vt 0.954105 0.869178
vt 0.954105 0.869174
vt 0.952637 0.867410
vt 0.952638 0.867408
vt 0.952637 0.868663
vt 0.951478 0.871317
vt 0.951470 0.871320
vt 0.952637 0.867417
vt 0.952638 0.868678
vt 0.755566 0.972264
vt 0.759404 0.972537
vt 0.754921 0.975112
vt 0.754927 0.975101
vt 0.754927 0.975235
vt 0.755097 0.974737
vt 0.753111 0.971241
vt 0.753105 0.971252
vt 0.754922 0.974239
vt 0.755091 0.975356
vt 0.755091 0.974490
vt 0.762412 0.974445
vt 0.762416 0.974426
vt 0.759518 0.974841
vt 0.764285 0.974243
vt 0.758103 0.974896
vt 0.755097 0.974861
vt 0.754921 0.974616
vt 0.754927 0.974853
vt 0.754921 0.974864
vt 0.755096 0.974366
vt 0.763944 0.971482
vt 0.764512 0.971982
vt 0.754921 0.974988
vt 0.754927 0.974977
vt 0.755097 0.974974
vt 0.755091 0.974236
vt 0.753903 0.970898
vt 0.761281 0.974561
vt 0.761277 0.974542
vt 0.759351 0.974869
vt 0.761107 0.974692
vt 0.761111 0.974711
vt 0.754581 0.965372
vt 0.954325 0.869176
vt 0.954327 0.871124
vt 0.954326 0.870375
vt 0.951023 0.872560
vt 0.955426 0.872125
vt 0.954107 0.870977
vt 0.954105 0.872175
vt 0.960638 0.871547
vt 0.954105 0.871876
vt 0.948162 0.872905
vt 0.948160 0.872755
vt 0.956893 0.871655
vt 0.958950 0.871267
vt 0.954326 0.869326
vt 0.954326 0.870075
vt 0.954105 0.869028
vt 0.954766 0.872129
vt 0.960856 0.871507
vt 0.960197 0.871587
vt 0.954325 0.871424
vt 0.954326 0.871274
vt 0.949922 0.872769
vt 0.954547 0.872129
vt 0.949043 0.872730
vt 0.960197 0.871434
vt 0.955080 0.869583
vt 0.955065 0.869595
vt 0.949925 0.872468
vt 0.952640 0.867096
vt 0.950952 0.868277
vt 0.950949 0.868253
vt 0.950949 0.868769
vt 0.949922 0.872315
vt 0.950952 0.867913
vt 0.954106 0.869328
vt 0.948821 0.872729
vt 0.958728 0.871768
vt 0.954105 0.871426
vt 0.954106 0.868878
vt 0.954546 0.872275
vt 0.954326 0.870821
vt 0.949263 0.872734
vt 0.951243 0.872558
vt 0.954107 0.870377
vt 0.954105 0.869478
vt 0.952638 0.867882
vt 0.952638 0.867896
vt 0.954105 0.870077
vt 0.955501 0.871785
vt 0.954326 0.871724
vt 0.954105 0.871726
vt 0.958510 0.871448
vt 0.958510 0.871457
vt 0.950363 0.872718
vt 0.951831 0.872406
vt 0.955280 0.871822
vt 0.954105 0.869778
vt 0.954106 0.869178
s 0
f 33/1/1 32/2/1 48/3/1
f 26/4/2 38/5/2 39/6/2
f 31/7/3 30/8/3 61/9/3
f 58/10/4 55/11/4 33/12/4
f 34/13/5 40/14/5 56/15/5
f 41/16/6 62/17/6 42/18/6
f 40/19/7 59/20/7 38/21/7
f 54/22/8 47/23/8 60/24/8
f 74/25/9 38/21/9 59/20/9
f 29/26/10 53/27/10 62/17/10
f 376/28/11 70/29/11 72/30/11
f 378/31/12 46/32/12 73/33/12
f 377/34/13 51/35/13 74/36/13
f 66/37/14 69/38/14 375/39/14
f 77/40/15 90/41/15 76/42/15
f 87/43/16 86/44/16 78/45/16
f 91/46/17 90/47/17 82/48/17
f 80/49/18 87/50/18 81/51/18
f 84/52/19 92/53/19 91/54/19
f 96/55/20 103/56/20 91/54/20
f 101/57/21 369/58/21 100/59/21
f 110/60/22 373/61/22 118/62/22
f 101/63/23 372/64/23 116/65/23
f 109/66/24 108/67/24 99/68/24
f 111/69/25 104/70/25 112/71/25
f 77/40/26 76/42/26 86/72/26
f 76/42/27 85/73/27 86/72/27
f 89/74/28 90/41/28 77/40/28
f 105/75/29 97/76/29 368/77/29
f 100/59/30 79/78/30 98/79/30
f 93/80/31 368/81/31 97/82/31
f 96/83/32 95/84/32 102/85/32
f 370/86/33 83/87/33 105/88/33
f 96/83/34 102/85/34 103/89/34
f 105/88/35 368/90/35 367/91/35
f 53/27/36 29/26/36 28/92/36
f 6/93/37 3/94/37 4/95/37
f 8/96/38 1/97/38 4/98/38
f 1/99/39 2/100/39 7/101/39
f 6/102/40 7/103/40 2/104/40
f 5/105/41 8/106/41 3/107/41
f 10/108/42 16/109/42 15/110/42
f 9/111/43 12/112/43 13/113/43
f 10/114/44 11/115/44 9/116/44
f 15/117/45 12/118/45 9/119/45
f 15/120/46 16/121/46 13/122/46
f 10/123/47 14/124/47 13/125/47
f 20/126/48 18/127/48 17/128/48
f 24/129/49 22/130/49 23/131/49
f 24/132/50 18/133/50 20/134/50
f 22/135/51 20/136/51 21/137/51
f 19/138/52 23/139/52 21/140/52
f 24/141/53 19/142/53 17/143/53
f 55/144/54 47/23/54 32/145/54
f 44/146/55 57/147/55 37/148/55
f 49/149/56 36/150/56 37/151/56
f 41/152/57 42/153/57 27/154/57
f 45/155/58 43/156/58 52/157/58
f 34/158/59 59/20/59 40/19/59
f 36/159/60 28/92/60 44/160/60
f 53/27/61 35/161/61 54/162/61
f 43/163/62 45/164/62 29/26/62
f 32/2/63 35/165/63 63/166/63
f 25/167/64 49/149/64 37/151/64
f 46/168/65 31/169/65 65/170/65
f 38/21/66 74/25/66 51/171/66
f 62/17/67 53/27/67 54/162/67
f 29/26/68 44/160/68 28/92/68
f 54/22/69 60/24/69 42/172/69
f 57/147/70 44/146/70 45/173/70
f 55/11/71 58/10/71 61/9/71
f 60/24/72 47/23/72 30/174/72
f 35/175/73 32/145/73 47/23/73
f 44/160/74 29/26/74 45/164/74
f 46/176/75 67/177/75 30/174/75
f 64/178/76 59/20/76 57/147/76
f 50/179/77 39/180/77 51/181/77
f 37/148/78 57/147/78 59/20/78
f 70/182/79 45/155/79 52/157/79
f 42/172/80 60/24/80 75/183/80
f 26/4/81 56/15/81 40/14/81
f 55/144/82 30/174/82 47/23/82
f 33/1/83 48/3/83 25/167/83
f 64/178/84 74/25/84 59/20/84
f 26/4/85 39/6/85 31/7/85
f 43/156/86 41/152/86 27/154/86
f 53/27/87 28/92/87 36/159/87
f 25/167/88 48/3/88 63/166/88
f 73/184/89 65/170/89 50/179/89
f 56/15/90 26/4/90 61/9/90
f 74/36/91 71/185/91 376/28/91
f 75/186/92 375/39/92 69/38/92
f 377/34/93 68/187/93 51/35/93
f 376/28/94 71/185/94 70/29/94
f 378/31/95 67/188/95 46/32/95
f 375/39/96 75/186/96 67/188/96
f 66/37/97 375/39/97 376/28/97
f 78/45/98 85/189/98 367/190/98
f 79/191/99 80/49/99 81/51/99
f 369/192/100 95/193/100 82/48/100
f 84/52/101 91/54/101 103/56/101
f 77/40/102 80/194/102 88/195/102
f 76/42/103 92/196/103 85/73/103
f 77/40/104 86/72/104 87/197/104
f 91/198/105 92/196/105 76/42/105
f 78/45/106 368/199/106 93/200/106
f 370/201/107 367/190/107 85/189/107
f 85/189/108 78/45/108 86/44/108
f 79/191/109 94/202/109 88/203/109
f 81/51/110 87/50/110 93/204/110
f 82/48/111 95/193/111 96/205/111
f 88/206/112 94/207/112 369/192/112
f 89/208/113 82/48/113 90/47/113
f 84/52/114 83/209/114 370/210/114
f 106/211/115 97/82/115 105/212/115
f 101/57/116 100/59/116 98/79/116
f 104/213/117 102/85/117 369/58/117
f 103/89/118 104/213/118 114/214/118
f 108/67/119 109/66/119 116/65/119
f 97/82/120 106/211/120 99/215/120
f 97/82/121 99/215/121 98/79/121
f 102/85/122 104/213/122 103/89/122
f 113/216/123 374/217/123 111/69/123
f 106/218/124 107/219/124 109/220/124
f 112/221/125 104/222/125 373/61/125
f 115/223/126 371/224/126 114/225/126
f 116/226/127 117/227/127 118/62/127
f 115/228/128 114/229/128 374/217/128
f 107/219/129 106/218/129 371/224/129
f 123/230/130 119/231/130 121/232/130
f 118/62/131 117/227/131 110/60/131
f 120/233/132 122/234/132 125/235/132
f 122/236/133 121/237/133 119/238/133
f 125/239/134 119/240/134 123/241/134
f 123/242/135 126/243/135 120/244/135
f 122/245/136 120/246/136 126/247/136
f 132/248/137 129/249/137 128/250/137
f 131/251/138 134/252/138 133/253/138
f 128/254/139 129/255/139 134/256/139
f 132/257/140 133/258/140 134/259/140
f 133/260/141 132/261/141 127/262/141
f 127/263/142 128/264/142 131/265/142
f 138/266/143 136/267/143 139/268/143
f 141/269/144 140/270/144 135/271/144
f 140/272/145 136/273/145 135/274/145
f 139/275/146 142/276/146 138/277/146
f 138/278/147 141/279/147 137/280/147
f 135/281/148 137/282/148 141/283/148
f 145/284/149 149/285/149 148/286/149
f 150/287/150 143/288/150 146/289/150
f 143/290/151 144/291/151 148/292/151
f 149/293/45 147/294/45 146/295/45
f 145/296/152 150/297/152 147/298/152
f 150/299/153 145/300/153 144/301/153
f 152/302/154 153/303/154 155/304/154
f 154/305/155 151/306/155 157/307/155
f 155/308/156 153/309/156 157/310/156
f 153/311/157 152/312/157 156/313/157
f 154/314/158 156/315/158 152/316/158
f 158/317/159 155/318/159 151/319/159
f 160/320/160 164/321/160 163/322/160
f 165/323/161 162/324/161 161/325/161
f 160/326/162 159/327/162 162/328/162
f 159/329/163 163/330/163 161/331/163
f 163/332/164 164/333/164 166/334/164
f 164/335/165 160/336/165 165/337/165
f 168/338/166 174/339/166 167/340/166
f 170/341/167 172/342/167 169/343/167
f 169/344/168 172/345/168 168/346/168
f 171/347/169 167/348/169 173/349/169
f 167/350/170 174/351/170 170/352/170
f 174/353/171 168/354/171 172/355/171
f 179/356/172 176/357/172 175/358/172
f 182/359/173 181/360/173 178/361/173
f 181/362/174 176/363/174 179/364/174
f 178/365/175 179/366/175 177/367/175
f 175/368/176 182/369/176 180/370/176
f 182/371/177 175/372/177 176/373/177
f 190/374/178 189/375/178 188/376/178
f 187/377/179 184/378/179 185/379/179
f 188/380/180 189/381/180 185/382/180
f 186/383/181 185/384/181 189/385/181
f 190/386/182 183/387/182 187/388/182
f 183/389/183 188/390/183 184/391/183
f 194/392/184 197/393/184 193/394/184
f 195/395/185 196/396/185 198/397/185
f 191/398/186 194/399/186 192/400/186
f 193/401/187 196/402/187 195/403/187
f 196/404/188 193/405/188 197/406/188
f 198/407/189 197/408/189 194/409/189
f 202/410/190 206/411/190 201/412/190
f 205/413/191 203/414/191 200/415/191
f 203/416/192 206/417/192 202/418/192
f 200/419/193 202/420/193 199/421/193
f 199/422/194 201/423/194 205/424/194
f 201/425/195 206/426/195 203/427/195
f 207/428/196 209/429/196 208/430/196
f 212/431/197 210/432/197 214/433/197
f 207/434/198 210/435/198 212/436/198
f 210/437/199 207/438/199 213/439/199
f 208/440/200 211/441/200 214/442/200
f 211/443/201 208/444/201 209/445/201
f 220/446/202 216/447/202 218/448/202
f 215/449/203 222/450/203 221/451/203
f 215/452/204 216/453/204 220/454/204
f 219/455/205 221/456/205 222/457/205
f 218/458/206 217/459/206 221/460/206
f 217/461/207 218/462/207 216/463/207
f 224/464/208 229/465/208 225/466/208
f 230/467/209 228/468/209 226/469/209
f 226/470/210 228/471/210 223/472/210
f 227/473/211 226/474/211 225/475/211
f 227/476/212 229/477/212 224/478/212
f 223/479/213 228/480/213 230/481/213
f 236/482/214 234/483/214 232/484/214
f 233/485/215 235/486/215 238/487/215
f 233/488/216 237/489/216 232/490/216
f 236/491/217 235/492/217 233/493/217
f 238/494/218 235/495/218 236/496/218
f 238/497/219 231/498/219 232/499/219
f 245/500/220 241/501/220 246/502/220
f 242/503/203 243/504/203 244/505/203
f 245/506/221 243/507/221 242/508/221
f 243/509/222 245/510/222 239/511/222
f 246/512/223 240/513/223 244/514/223
f 240/515/224 246/516/224 241/517/224
f 252/518/48 254/519/48 247/520/48
f 248/521/225 251/522/225 253/523/225
f 251/524/226 248/525/226 254/526/226
f 252/527/227 249/528/227 253/529/227
f 249/530/228 247/531/228 250/532/228
f 248/533/229 250/534/229 247/535/229
f 260/536/230 262/537/230 255/538/230
f 261/539/231 259/540/231 257/541/231
f 258/542/232 257/543/232 260/544/232
f 261/545/233 258/546/233 256/547/233
f 255/548/234 262/549/234 259/550/234
f 257/551/235 259/552/235 262/553/235
f 270/554/236 269/555/236 268/556/236
f 263/557/237 264/558/237 265/559/237
f 266/560/238 268/561/238 263/562/238
f 268/563/239 269/564/239 264/565/239
f 269/566/240 270/567/240 265/568/240
f 270/569/241 266/570/241 267/571/241
f 274/572/242 278/573/242 275/574/242
f 271/575/243 272/576/243 276/577/243
f 274/578/244 277/579/244 276/580/244
f 277/581/245 275/582/245 273/583/245
f 275/584/246 278/585/246 271/586/246
f 278/587/247 274/588/247 272/589/247
f 285/590/248 280/591/248 281/592/248
f 283/593/249 282/594/249 286/595/249
f 284/596/250 285/597/250 282/598/250
f 283/599/251 279/600/251 284/601/251
f 286/602/252 280/603/252 283/604/252
f 282/605/253 281/606/253 286/607/253
f 294/608/254 288/609/254 291/610/254
f 292/611/255 293/612/255 289/613/255
f 292/614/256 291/615/256 288/616/256
f 294/617/257 289/618/257 293/619/257
f 287/620/258 290/621/258 289/622/258
f 291/623/259 292/624/259 290/625/259
f 295/626/260 302/627/260 300/628/260
f 296/629/261 298/630/261 301/631/261
f 295/632/262 299/633/262 296/634/262
f 299/635/263 300/636/263 298/637/263
f 300/638/264 302/639/264 301/640/264
f 302/641/265 295/642/265 297/643/265
f 306/644/266 303/645/266 310/646/266
f 307/647/267 309/648/267 305/649/267
f 307/650/268 303/651/268 306/652/268
f 306/653/269 304/654/269 305/655/269
f 305/656/270 304/657/270 310/658/270
f 310/659/271 303/660/271 307/661/271
f 312/662/272 311/663/272 314/664/272
f 318/665/273 315/666/273 316/667/273
f 316/668/274 315/669/274 314/670/274
f 316/671/275 311/672/275 312/673/275
f 318/674/276 317/675/276 312/676/276
f 318/677/277 313/678/277 314/679/277
f 320/680/278 326/681/278 323/682/278
f 322/683/279 324/684/279 321/685/279
f 321/686/280 324/687/280 323/688/280
f 321/689/281 326/690/281 320/691/281
f 322/692/282 325/693/282 320/694/282
f 322/695/283 319/696/283 323/697/283
f 327/698/284 330/699/284 329/700/284
f 333/701/285 334/702/285 331/703/285
f 329/704/286 330/705/286 331/706/286
f 331/707/287 330/708/287 327/709/287
f 333/710/276 332/711/276 327/712/276
f 333/713/288 328/714/288 329/715/288
f 339/716/289 336/717/289 338/718/289
f 341/719/290 340/720/290 335/721/290
f 339/722/291 337/723/291 335/724/291
f 342/725/292 341/726/292 337/727/292
f 338/728/293 340/729/293 341/730/293
f 336/731/294 335/732/294 340/733/294
f 349/734/295 347/735/295 346/736/295
f 350/737/296 348/738/296 343/739/296
f 345/740/297 346/741/297 348/742/297
f 346/743/298 347/744/298 343/745/298
f 347/746/299 349/747/299 344/748/299
f 349/749/265 345/750/265 350/751/265
f 356/752/300 358/753/300 355/754/300
f 353/755/301 357/756/301 351/757/301
f 353/758/302 358/759/302 356/760/302
f 356/761/303 352/762/303 351/763/303
f 351/764/304 352/765/304 355/766/304
f 355/767/305 358/768/305 353/769/305
f 359/770/306 360/771/306 365/772/306
f 361/773/307 363/774/307 362/775/307
f 361/776/308 360/777/308 359/778/308
f 359/779/309 364/780/309 362/781/309
f 362/782/310 364/783/310 365/784/310
f 365/785/311 360/786/311 361/787/311
f 101/57/312 99/215/312 108/788/312
f 371/789/313 106/211/313 114/214/313
f 104/213/314 101/57/314 118/790/314
f 95/193/315 369/192/315 102/791/315
f 104/213/316 111/792/316 374/793/316
f 83/794/317 103/795/317 105/796/317
f 370/86/318 105/88/318 367/91/318
f 100/59/319 94/797/319 79/78/319
f 98/79/320 93/80/320 97/82/320
f 369/58/321 94/797/321 100/59/321
f 63/166/322 35/165/322 36/150/322
f 33/12/323 34/13/323 56/15/323
f 31/169/324 39/180/324 50/179/324
f 43/163/325 29/26/325 62/17/325
f 66/798/326 72/799/326 52/157/326
f 377/34/327 378/31/327 73/33/327
f 69/800/328 66/798/328 27/154/328
f 45/173/329 70/801/329 71/802/329
f 71/802/330 74/25/330 64/178/330
f 67/177/331 75/183/331 60/24/331
f 8/803/332 5/804/332 2/805/332
f 6/93/333 4/95/333 7/806/333
f 8/96/334 4/98/334 3/807/334
f 1/99/335 7/101/335 4/808/335
f 6/102/336 2/104/336 5/809/336
f 5/105/337 3/107/337 6/810/337
f 10/108/338 15/110/338 11/811/338
f 9/111/339 13/113/339 14/812/339
f 10/114/340 9/116/340 14/813/340
f 15/117/341 9/119/341 11/814/341
f 15/120/342 13/122/342 12/815/342
f 10/123/343 13/125/343 16/816/343
f 20/126/344 17/128/344 21/817/344
f 24/129/345 23/131/345 19/818/345
f 24/132/346 20/134/346 22/819/346
f 22/135/347 21/137/347 23/820/347
f 19/138/348 21/140/348 17/821/348
f 24/141/349 17/143/349 18/822/349
f 55/144/350 32/145/350 33/823/350
f 44/146/351 37/148/351 36/824/351
f 32/2/352 63/166/352 48/3/352
f 25/167/353 37/151/353 34/825/353
f 46/168/354 65/170/354 73/184/354
f 38/21/355 51/171/355 39/826/355
f 62/17/356 54/162/356 42/18/356
f 57/147/357 45/173/357 64/178/357
f 55/11/358 61/9/358 30/8/358
f 60/24/359 30/174/359 67/177/359
f 35/175/360 47/23/360 54/22/360
f 46/176/361 30/174/361 31/827/361
f 50/179/362 51/181/362 68/828/362
f 37/148/363 59/20/363 34/158/363
f 70/182/364 52/157/364 72/799/364
f 42/172/365 75/183/365 69/829/365
f 26/4/366 40/14/366 38/5/366
f 33/1/367 25/167/367 34/825/367
f 26/4/368 31/7/368 61/9/368
f 43/156/369 27/154/369 52/157/369
f 53/27/370 36/159/370 35/161/370
f 25/167/371 63/166/371 49/149/371
f 73/184/372 50/179/372 68/828/372
f 56/15/90 61/9/90 58/10/90
f 74/36/373 376/28/373 377/34/373
f 375/39/374 67/188/374 378/31/374
f 66/37/375 376/28/375 72/30/375
f 78/45/376 367/190/376 368/199/376
f 79/191/377 81/51/377 98/830/377
f 369/192/378 82/48/378 89/208/378
f 84/52/379 103/56/379 83/209/379
f 77/40/380 88/195/380 89/74/380
f 77/40/381 87/197/381 80/194/381
f 91/198/382 76/42/382 90/41/382
f 78/45/383 93/200/383 87/43/383
f 370/201/384 85/189/384 92/831/384
f 79/191/385 88/203/385 80/49/385
f 81/51/386 93/204/386 98/830/386
f 82/48/387 96/205/387 91/46/387
f 88/206/388 369/192/388 89/208/388
f 84/52/389 370/210/389 92/53/389
f 106/211/390 105/212/390 114/214/390
f 101/57/391 98/79/391 99/215/391
f 104/213/392 369/58/392 101/57/392
f 103/89/393 114/214/393 105/212/393
f 108/67/394 116/65/394 372/64/394
f 113/216/395 111/69/395 112/71/395
f 106/218/396 109/220/396 99/832/396
f 112/221/397 373/61/397 110/60/397
f 116/226/398 118/62/398 101/833/398
f 115/228/399 374/217/399 113/216/399
f 107/219/400 371/224/400 115/223/400
f 123/230/401 121/232/401 126/834/401
f 120/233/402 125/235/402 124/835/402
f 122/236/403 119/238/403 125/836/403
f 125/239/404 123/241/404 124/837/404
f 123/242/405 120/244/405 124/838/405
f 122/245/406 126/247/406 121/839/406
f 132/248/407 128/250/407 127/840/407
f 131/251/408 133/253/408 130/841/408
f 128/254/409 134/256/409 131/842/409
f 132/257/410 134/259/410 129/843/410
f 133/260/411 127/262/411 130/844/411
f 127/263/412 131/265/412 130/845/412
f 138/266/413 137/846/413 136/267/413
f 141/269/414 142/847/414 140/270/414
f 140/272/415 139/848/415 136/273/415
f 139/275/416 140/849/416 142/276/416
f 138/278/417 142/850/417 141/279/417
f 135/281/418 136/851/418 137/282/418
f 145/284/419 148/286/419 144/852/419
f 150/287/420 146/289/420 147/853/420
f 143/290/421 148/292/421 146/854/421
f 149/293/341 146/295/341 148/855/341
f 145/296/422 147/298/422 149/856/422
f 150/299/259 144/301/259 143/857/259
f 152/302/423 155/304/423 158/858/423
f 154/305/424 157/307/424 156/859/424
f 155/308/425 157/310/425 151/860/425
f 153/311/426 156/313/426 157/861/426
f 154/314/427 152/316/427 158/862/427
f 158/317/428 151/319/428 154/863/428
f 160/320/429 163/322/429 159/864/429
f 165/323/430 161/325/430 166/865/430
f 160/326/431 162/328/431 165/866/431
f 159/329/432 161/331/432 162/867/432
f 163/332/433 166/334/433 161/868/433
f 164/335/434 165/337/434 166/869/434
f 168/338/435 167/340/435 171/870/435
f 170/341/436 169/343/436 173/871/436
f 169/344/437 168/346/437 171/872/437
f 171/347/438 173/349/438 169/873/438
f 167/350/439 170/352/439 173/874/439
f 174/353/440 172/355/440 170/875/440
f 179/356/441 175/358/441 177/876/441
f 182/359/442 178/361/442 180/877/442
f 181/362/443 179/364/443 178/878/443
f 178/365/444 177/367/444 180/879/444
f 175/368/445 180/370/445 177/880/445
f 182/371/446 176/373/446 181/881/446
f 190/374/447 188/376/447 183/882/447
f 187/377/448 185/379/448 186/883/448
f 188/380/449 185/382/449 184/884/449
f 186/383/450 189/385/450 190/885/450
f 190/386/451 187/388/451 186/886/451
f 183/389/452 184/391/452 187/887/452
f 194/392/453 193/394/453 192/888/453
f 195/395/454 198/397/454 191/889/454
f 191/398/455 192/400/455 195/890/455
f 193/401/456 195/403/456 192/891/456
f 196/404/457 197/406/457 198/892/457
f 198/407/458 194/409/458 191/893/458
f 202/410/459 201/412/459 199/894/459
f 205/413/460 200/415/460 204/895/460
f 203/416/461 202/418/461 200/896/461
f 200/419/292 199/421/292 204/897/292
f 199/422/462 205/424/462 204/898/462
f 201/425/463 203/427/463 205/899/463
f 207/428/464 208/430/464 213/900/464
f 212/431/465 214/433/465 211/901/465
f 207/434/466 212/436/466 209/902/466
f 210/437/467 213/439/467 214/903/467
f 208/440/468 214/442/468 213/904/468
f 211/443/469 209/445/469 212/905/469
f 220/446/470 218/448/470 219/906/470
f 215/449/471 221/451/471 217/907/471
f 215/452/472 220/454/472 222/908/472
f 219/455/473 222/457/473 220/909/473
f 218/458/474 221/460/474 219/910/474
f 217/461/475 216/463/475 215/911/475
f 224/464/476 225/466/476 223/912/476
f 230/467/477 226/469/477 227/913/477
f 226/470/478 223/472/478 225/914/478
f 227/473/479 225/475/479 229/915/479
f 227/476/480 224/478/480 230/916/480
f 223/479/481 230/481/481 224/917/481
f 236/482/482 232/484/482 231/918/482
f 233/485/483 238/487/483 237/919/483
f 233/488/484 232/490/484 234/920/484
f 236/491/485 233/493/485 234/921/485
f 238/494/486 236/496/486 231/922/486
f 238/497/487 232/499/487 237/923/487
f 245/500/488 246/502/488 239/924/488
f 242/503/489 244/505/489 240/925/489
f 245/506/490 242/508/490 241/926/490
f 243/509/491 239/511/491 244/927/491
f 246/512/492 244/514/492 239/928/492
f 240/515/493 241/517/493 242/929/493
f 252/518/441 247/520/441 249/930/441
f 248/521/494 253/523/494 250/931/494
f 251/524/495 254/526/495 252/932/495
f 252/527/496 253/529/496 251/933/496
f 249/530/497 250/532/497 253/934/497
f 248/533/498 247/535/498 254/935/498
f 260/536/499 255/538/499 256/936/499
f 261/539/500 257/541/500 258/937/500
f 258/542/501 260/544/501 256/938/501
f 261/545/502 256/547/502 255/939/502
f 255/548/503 259/550/503 261/940/503
f 257/551/504 262/553/504 260/941/504
f 270/554/505 268/556/505 266/942/505
f 263/557/506 265/559/506 267/943/506
f 266/560/507 263/562/507 267/944/507
f 268/563/508 264/565/508 263/945/508
f 269/566/509 265/568/509 264/946/509
f 270/569/510 267/571/510 265/947/510
f 274/572/511 275/574/511 277/948/511
f 271/575/512 276/577/512 273/949/512
f 274/578/513 276/580/513 272/950/513
f 277/581/514 273/583/514 276/951/514
f 275/584/515 271/586/515 273/952/515
f 278/587/428 272/589/428 271/953/428
f 285/590/516 279/954/516 280/591/516
f 283/593/517 284/955/517 282/594/517
f 284/596/518 279/956/518 285/597/518
f 283/599/146 280/957/146 279/600/146
f 286/602/519 281/958/519 280/603/519
f 282/605/520 285/959/520 281/606/520
f 294/608/521 291/610/521 287/960/521
f 292/611/522 289/613/522 290/961/522
f 292/614/523 288/616/523 293/962/523
f 294/617/524 293/619/524 288/963/524
f 287/620/525 289/622/525 294/964/525
f 291/623/526 290/625/526 287/965/526
f 295/626/527 300/628/527 299/966/527
f 296/629/528 301/631/528 297/967/528
f 295/632/529 296/634/529 297/968/529
f 299/635/508 298/637/508 296/969/508
f 300/638/530 301/640/530 298/970/530
f 302/641/531 297/643/531 301/971/531
f 306/644/532 310/646/532 304/972/532
f 307/647/533 305/649/533 308/973/533
f 307/650/534 306/652/534 309/974/534
f 306/653/535 305/655/535 309/975/535
f 305/656/536 310/658/536 308/976/536
f 310/659/537 307/661/537 308/977/537
f 312/662/538 314/664/538 313/978/538
f 318/665/539 316/667/539 317/979/539
f 316/668/286 314/670/286 311/980/286
f 316/671/540 312/673/540 317/981/540
f 318/674/541 312/676/541 313/982/541
f 318/677/542 314/679/542 315/983/542
f 320/680/543 323/682/543 319/984/543
f 322/683/544 321/685/544 325/985/544
f 321/686/545 323/688/545 326/986/545
f 321/689/546 320/691/546 325/987/546
f 322/692/547 320/694/547 319/988/547
f 322/695/548 323/697/548 324/989/548
f 327/698/543 329/700/543 328/990/543
f 333/701/549 331/703/549 332/991/549
f 329/704/550 331/706/550 334/992/550
f 331/707/551 327/709/551 332/993/551
f 333/710/552 327/712/552 328/994/552
f 333/713/553 329/715/553 334/995/553
f 339/716/554 338/718/554 342/996/554
f 341/719/555 335/721/555 337/997/555
f 339/722/556 335/724/556 336/998/556
f 342/725/557 337/727/557 339/999/557
f 338/728/558 341/730/558 342/1000/558
f 336/731/559 340/733/559 338/1001/559
f 349/734/560 346/736/560 345/1002/560
f 350/737/561 343/739/561 344/1003/561
f 345/740/562 348/742/562 350/1004/562
f 346/743/563 343/745/563 348/1005/563
f 347/746/564 344/748/564 343/1006/564
f 349/749/565 350/751/565 344/1007/565
f 356/752/566 355/754/566 352/1008/566
f 353/755/567 351/757/567 354/1009/567
f 353/758/568 356/760/568 357/1010/568
f 356/761/569 351/763/569 357/1011/569
f 351/764/570 355/766/570 354/1012/570
f 355/767/26 353/769/26 354/1013/26
f 359/770/571 365/772/571 364/1014/571
f 361/773/572 362/775/572 366/1015/572
f 361/776/573 359/778/573 363/1016/573
f 359/779/574 362/781/574 363/1017/574
f 362/782/575 365/784/575 366/1018/575
f 365/785/576 361/787/576 366/1019/576
f 101/57/577 108/788/577 372/1020/577
f 104/213/578 118/790/578 373/1021/578
f 104/213/579 374/793/579 114/214/579
f 63/166/580 36/150/580 49/149/580
f 33/12/581 56/15/581 58/10/581
f 31/169/582 50/179/582 65/170/582
f 43/163/583 62/17/583 41/16/583
f 66/798/584 52/157/584 27/154/584
f 377/34/585 73/33/585 68/187/585
f 69/800/586 27/154/586 42/153/586
f 45/173/587 71/802/587 64/178/587
f 8/803/588 2/805/588 1/1022/588
f 388/1023/88 389/1024/88 473/1025/88
f 401/1026/589 400/1027/589 476/1028/589
f 405/1029/590 492/1030/590 406/1031/590
f 489/1032/591 408/1033/591 409/1034/591
f 407/1035/592 406/1036/592 418/1037/592
f 411/1038/593 409/1039/593 408/1040/593
f 389/1024/594 423/1041/594 424/1042/594
f 432/1043/595 433/1044/595 431/1045/595
f 437/1046/596 438/1047/596 424/1048/596
f 432/1049/597 441/1050/597 392/1051/597
f 475/1052/598 443/1053/598 444/1054/598
f 446/1055/599 447/1056/599 448/1057/599
f 468/1058/600 506/1059/600 444/1054/600
f 397/1060/601 449/1061/601 448/1057/601
f 451/1062/602 452/1063/602 469/1064/602
f 399/1065/603 455/1066/603 451/1067/603
f 479/1068/604 445/1069/604 444/1070/604
f 476/1028/603 459/1071/603 448/1072/603
f 451/1062/605 460/1073/605 481/1074/605
f 451/1067/606 455/1066/606 487/1075/606
f 444/1070/607 506/1076/607 404/1077/607
f 448/1072/608 459/1071/608 471/1078/608
f 613/1079/609 380/1080/609 461/1081/609
f 424/1082/610 438/1083/610 380/1080/610
f 387/1084/611 441/1085/611 432/1086/611
f 500/1087/612 478/1088/612 431/1045/612
f 613/1089/613 473/1025/613 389/1024/613
f 436/1090/614 626/1091/614 500/1087/614
f 490/1092/615 412/1093/615 615/1094/615
f 501/1095/615 420/1096/615 618/1097/615
f 447/1098/616 622/1099/616 476/1100/616
f 494/1101/617 485/1102/617 465/1103/617
f 511/1104/618 477/1105/618 510/1106/618
f 613/1089/613 538/1107/613 473/1025/613
f 599/1108/619 501/1095/619 618/1097/619
f 393/1109/620 504/1110/620 391/1111/620
f 395/1112/621 475/1052/621 542/1113/621
f 543/1114/622 399/1065/622 544/1115/622
f 401/1026/622 476/1028/622 545/1116/622
f 549/1117/623 509/1118/623 547/1119/623
f 552/1120/624 550/1121/624 614/1122/624
f 616/1123/625 548/1124/625 547/1125/625
f 552/1126/626 551/1127/626 617/1128/626
f 539/1129/627 565/1130/627 566/1131/627
f 573/1132/628 574/1133/628 575/1134/628
f 566/1135/629 635/1136/629 580/1137/629
f 575/1138/630 574/1139/630 541/1140/630
f 542/1113/631 470/1141/631 586/1142/631
f 588/1143/632 589/1144/632 590/1145/632
f 586/1146/633 623/1147/633 638/1148/633
f 643/1149/634 594/1150/634 590/1145/634
f 595/1151/635 596/1152/635 597/1153/635
f 544/1115/636 598/1154/636 597/1155/636
f 586/1156/637 470/1157/637 603/1158/637
f 590/1159/638 608/1160/638 545/1116/638
f 546/1161/639 609/1162/639 597/1153/639
f 610/1163/640 602/1164/640 597/1165/640
f 645/1166/641 623/1167/641 586/1156/641
f 639/1168/642 608/1169/642 590/1170/642
f 395/1112/643 556/1171/643 467/1172/643
f 598/1173/644 625/1174/644 595/1175/644
f 609/1176/645 628/1177/645 610/1163/645
f 530/1178/646 635/1179/646 566/1180/646
f 536/1181/647 576/1182/647 575/1183/647
f 577/1184/612 573/1132/612 619/1185/612
f 529/1186/648 467/1187/648 556/1188/648
f 540/1189/648 430/1190/648 570/1191/648
f 622/1099/649 545/1192/649 476/1100/649
f 635/1179/650 530/1178/650 640/1193/650
f 541/1140/651 642/1194/651 633/1195/651
f 546/1196/652 628/1177/652 609/1176/652
f 628/1177/653 637/1197/653 610/1163/653
f 546/1196/654 637/1197/654 628/1177/654
f 643/1198/655 644/1199/655 630/1200/655
f 605/1201/656 491/1202/656 464/1203/656
f 626/1091/657 577/1184/657 500/1087/657
f 630/1200/658 644/1199/658 639/1168/658
f 679/1204/659 680/1205/659 528/1206/659
f 682/1207/660 681/1208/660 802/1209/660
f 690/1210/661 691/1211/661 775/1212/661
f 692/1213/662 756/1214/662 693/1215/662
f 690/1216/663 689/1217/663 670/1218/663
f 512/1219/664 694/1220/664 693/1221/664
f 676/1222/665 755/1223/665 707/1224/665
f 716/1225/666 717/1226/666 714/1227/666
f 707/1228/667 723/1229/667 722/1230/667
f 716/1231/668 715/1232/668 680/1205/668
f 729/1233/669 730/1234/669 682/1207/669
f 731/1235/670 732/1236/670 733/1237/670
f 729/1233/671 764/1238/671 737/1239/671
f 780/1240/672 770/1241/672 733/1237/672
f 741/1242/673 766/1243/673 739/1244/673
f 685/1245/674 766/1246/674 741/1247/674
f 746/1248/670 747/1249/670 729/1250/670
f 686/1251/675 734/1252/675 733/1253/675
f 741/1242/676 740/1254/676 688/1255/676
f 741/1247/677 524/1256/677 752/1257/677
f 781/1258/678 764/1259/678 729/1250/678
f 733/1253/679 770/1260/679 520/1261/679
f 515/1262/680 673/1263/680 672/1264/680
f 796/1265/681 674/1266/681 759/1267/681
f 734/1268/682 857/1269/682 731/1235/682
f 768/1270/683 752/1271/683 524/1272/683
f 787/1273/684 727/1274/684 769/1275/684
f 707/1276/685 755/1277/685 667/1278/685
f 672/1264/686 717/1279/686 716/1280/686
f 772/1281/687 735/1282/687 731/1235/687
f 785/1283/687 742/1284/687 739/1244/687
f 676/1222/688 675/1285/688 755/1223/688
f 766/1246/689 685/1245/689 778/1286/689
f 834/1287/690 711/1288/690 748/1289/690
f 686/1251/691 857/1290/691 734/1252/691
f 688/1255/692 687/1291/692 514/1292/692
f 703/1293/693 765/1294/693 704/1295/693
f 762/1296/694 518/1297/694 725/1298/694
f 523/1299/695 769/1300/695 727/1301/695
f 737/1239/696 519/1302/696 738/1303/696
f 841/1304/697 776/1305/697 885/1306/697
f 519/1307/698 737/1308/698 764/1309/698
f 786/1310/699 765/1311/699 525/1312/699
f 876/1313/700 774/1314/700 755/1277/700
f 803/1315/660 682/1207/660 802/1209/660
f 815/1316/701 813/1317/701 889/1318/701
f 818/1319/702 782/1320/702 816/1321/702
f 652/1322/703 815/1323/703 814/1324/703
f 792/1325/704 819/1326/704 817/1327/704
f 797/1328/705 831/1329/705 832/1330/705
f 840/1331/706 841/1332/706 842/1333/706
f 832/1334/707 831/1335/707 847/1336/707
f 842/1337/708 851/1338/708 800/1339/708
f 803/1315/709 853/1340/709 854/1341/709
f 858/1342/710 859/1343/710 856/1344/710
f 880/1345/711 861/1346/711 854/1347/711
f 858/1348/712 862/1349/712 805/1350/712
f 863/1351/713 779/1352/713 864/1353/713
f 864/1354/714 779/1355/714 806/1356/714
f 869/1357/715 855/1358/715 854/1359/715
f 808/1360/716 874/1361/716 858/1362/716
f 864/1353/717 875/1363/717 654/1364/717
f 864/1354/718 868/1365/718 650/1366/718
f 812/1367/719 870/1368/719 854/1359/719
f 858/1369/720 874/1370/720 884/1371/720
f 796/1265/721 759/1267/721 828/1372/721
f 887/1373/722 878/1374/722 849/1375/722
f 879/1376/723 825/1377/723 802/1209/723
f 857/1269/724 856/1378/724 731/1235/724
f 779/1352/682 863/1351/682 739/1244/682
f 881/1379/725 839/1380/725 684/1381/725
f 807/1382/726 809/1383/726 846/1384/726
f 789/1385/727 833/1386/727 832/1387/727
f 842/1388/728 841/1304/728 795/1389/728
f 771/1390/729 760/1391/729 840/1331/729
f 839/1392/730 881/1393/730 783/1394/730
f 772/1281/690 820/1395/690 757/1396/690
f 785/1283/690 828/1397/690 759/1398/690
f 686/1251/731 808/1360/731 857/1290/731
f 848/1399/732 790/1400/732 789/1385/732
f 862/1401/733 892/1402/733 805/1403/733
f 880/1404/734 660/1405/734 861/1406/734
f 884/1407/735 892/1402/735 862/1401/735
f 684/1381/736 806/1356/736 778/1286/736
f 385/1408/737 386/1409/737 483/1410/737
f 385/1408/738 409/1411/738 411/1412/738
f 393/1109/659 391/1111/659 392/1051/659
f 475/1052/589 395/1112/589 394/1413/589
f 399/1065/589 543/1114/589 398/1414/589
f 405/1029/739 406/1031/739 407/1415/739
f 489/1032/740 409/1034/740 410/1416/740
f 409/1411/741 385/1408/741 462/1417/741
f 413/1418/742 414/1419/742 379/1420/742
f 472/1421/743 415/1422/743 416/1423/743
f 488/1424/744 382/1425/744 406/1426/744
f 382/1425/745 463/1427/745 418/1428/745
f 484/1429/746 419/1430/746 416/1431/746
f 407/1035/747 418/1037/747 383/1432/747
f 411/1038/748 408/1040/748 384/1433/748
f 413/1434/749 502/1435/749 493/1436/749
f 388/1023/750 420/1437/750 421/1438/750
f 426/1439/751 427/1440/751 390/1441/751
f 389/1024/752 424/1042/752 613/1089/752
f 429/1442/753 430/1190/753 474/1443/753
f 500/1087/754 434/1444/754 435/1445/754
f 432/1043/755 431/1045/755 510/1446/755
f 421/1447/756 503/1448/756 494/1101/756
f 437/1046/757 424/1048/757 423/1449/757
f 486/1450/758 439/1451/758 429/1452/758
f 426/1453/759 498/1454/759 480/1455/759
f 435/1456/760 434/1457/760 391/1111/760
f 417/1458/761 416/1459/761 442/1460/761
f 432/1049/762 392/1051/762 433/1461/762
f 412/1093/763 490/1092/763 450/1462/763
f 475/1052/764 444/1054/764 445/1463/764
f 446/1055/765 448/1057/765 449/1061/765
f 442/1460/766 416/1459/766 419/1464/766
f 468/1058/767 444/1054/767 443/1053/767
f 450/1462/768 396/1465/768 502/1466/768
f 420/1096/769 501/1095/769 453/1467/769
f 397/1060/770 448/1057/770 505/1468/770
f 451/1062/771 469/1064/771 625/1469/771
f 430/1470/772 429/1471/772 454/1472/772
f 425/1473/773 491/1202/773 457/1474/773
f 399/1065/774 451/1067/774 625/1475/774
f 479/1068/775 444/1070/775 456/1476/775
f 436/1477/776 435/1478/776 458/1479/776
f 453/1467/777 402/1480/777 503/1481/777
f 476/1028/778 448/1072/778 447/1482/778
f 439/1483/779 496/1484/779 454/1472/779
f 451/1062/780 481/1074/780 452/1063/780
f 451/1067/781 487/1075/781 460/1485/781
f 498/1486/782 426/1487/782 457/1474/782
f 458/1479/783 435/1478/783 440/1488/783
f 444/1070/784 404/1077/784 456/1476/784
f 448/1072/785 471/1078/785 505/1489/785
f 489/1032/786 405/1029/786 407/1415/786
f 415/1422/787 472/1421/787 379/1420/787
f 383/1432/788 384/1433/788 408/1040/788
f 412/1490/789 379/1420/789 615/1491/789
f 484/1429/790 415/1492/790 414/1493/790
f 483/1410/791 441/1085/791 387/1084/791
f 388/1023/792 422/1494/792 423/1041/792
f 428/1495/793 474/1443/793 390/1441/793
f 420/1437/794 388/1023/794 618/1496/794
f 500/1087/795 431/1045/795 433/1044/795
f 425/1497/794 390/1441/794 464/1498/794
f 478/1088/796 510/1446/796 431/1045/796
f 423/1449/797 422/1499/797 494/1101/797
f 438/1047/798 437/1046/798 465/1103/798
f 428/1500/799 427/1501/799 480/1455/799
f 391/1111/800 434/1457/800 433/1461/800
f 443/1053/801 475/1052/801 394/1413/801
f 440/1502/802 391/1111/802 466/1503/802
f 467/1172/803 417/1458/803 394/1413/803
f 447/1098/804 446/1504/804 588/1505/804
f 449/1061/805 450/1462/805 490/1092/805
f 495/1506/806 468/1058/806 443/1053/806
f 396/1465/807 450/1462/807 449/1061/807
f 501/1095/808 469/1064/808 452/1063/808
f 455/1066/809 399/1065/809 398/1414/809
f 491/1202/810 479/1068/810 456/1476/810
f 430/1470/811 398/1414/811 543/1114/811
f 445/1507/812 479/1508/812 470/1509/812
f 459/1071/809 476/1028/809 400/1027/809
f 436/1477/813 400/1027/813 401/1026/813
f 402/1480/814 453/1467/814 452/1063/814
f 455/1066/815 454/1472/815 496/1484/815
f 456/1476/816 404/1077/816 403/1510/816
f 459/1071/817 458/1479/817 482/1511/817
f 461/1081/90 380/1080/90 382/1425/90
f 424/1082/818 380/1080/818 613/1079/818
f 387/1084/819 432/1086/819 510/1106/819
f 446/1055/820 490/1092/820 588/1143/820
f 510/1106/618 477/1105/618 387/1084/618
f 472/1421/648 417/1512/648 467/1187/648
f 475/1513/821 445/1507/821 470/1509/821
f 464/1203/822 491/1202/822 425/1473/822
f 477/1105/737 462/1417/737 385/1408/737
f 437/1046/823 494/1101/823 465/1103/823
f 380/1080/824 438/1083/824 381/1514/824
f 485/1102/825 438/1047/825 465/1103/825
f 441/1050/826 393/1109/826 392/1051/826
f 466/1515/827 482/1511/827 440/1488/827
f 466/1515/828 499/1516/828 497/1517/828
f 497/1517/829 471/1078/829 482/1511/829
f 507/1518/88 388/1023/88 473/1025/88
f 441/1050/830 504/1110/830 393/1109/830
f 550/1121/729 509/1118/729 405/1029/729
f 464/1498/831 390/1441/831 508/1519/831
f 603/1520/832 470/1509/832 479/1508/832
f 479/1068/833 491/1202/833 605/1201/833
f 553/1521/737 462/1417/737 477/1105/737
f 474/1443/834 430/1190/834 540/1189/834
f 670/1218/835 512/1219/835 384/1433/835
f 411/1038/836 384/1433/836 512/1219/836
f 481/1074/692 688/1255/692 514/1292/692
f 483/1410/837 673/1263/837 515/1262/837
f 485/1102/838 516/1522/838 517/1523/838
f 486/1450/839 725/1298/839 518/1297/839
f 485/1102/617 494/1101/617 724/1524/617
f 519/1302/840 468/1058/840 495/1506/840
f 496/1484/841 753/1525/841 768/1526/841
f 520/1261/842 471/1078/842 497/1517/842
f 386/1409/843 411/1412/843 513/1527/843
f 480/1455/844 498/1454/844 522/1528/844
f 460/1529/845 524/1272/845 688/1530/845
f 525/1531/846 703/1293/846 493/1436/846
f 466/1503/847 391/1111/847 499/1532/847
f 526/1533/848 504/1110/848 441/1050/848
f 504/1110/659 526/1533/659 528/1206/659
f 613/1079/609 461/1081/609 527/1534/609
f 618/1496/849 388/1023/849 507/1518/849
f 499/1532/850 391/1111/850 528/1206/850
f 506/1535/851 468/1536/851 519/1307/851
f 503/1481/852 402/1480/852 514/1292/852
f 640/1193/90 530/1178/90 531/1537/90
f 535/1538/737 536/1181/737 537/1539/737
f 551/1540/853 535/1538/853 641/1541/853
f 539/1129/88 507/1518/88 538/1107/88
f 656/1542/835 642/1194/835 541/1140/835
f 549/1117/854 547/1119/854 548/1543/854
f 552/1120/855 614/1122/855 551/1544/855
f 551/1540/856 614/1545/856 553/1521/856
f 555/1546/857 615/1491/857 631/1547/857
f 557/1548/858 558/1549/858 529/1186/858
f 559/1550/859 549/1551/859 548/1552/859
f 532/1553/860 531/1537/860 548/1552/860
f 560/1554/861 558/1555/861 557/1556/861
f 616/1123/862 547/1125/862 533/1557/862
f 552/1126/863 617/1128/863 534/1558/863
f 555/1559/864 554/1560/864 561/1561/864
f 564/1562/865 618/1496/865 507/1518/865
f 569/1563/866 464/1498/866 508/1519/866
f 539/1129/867 566/1131/867 567/1564/867
f 571/1565/868 572/1566/868 540/1189/868
f 577/1184/869 626/1091/869 578/1567/869
f 573/1132/870 575/1134/870 576/1568/870
f 564/1569/871 563/1570/871 581/1571/871
f 566/1135/872 580/1137/872 567/1572/872
f 583/1573/873 572/1574/873 571/1575/873
f 584/1576/874 629/1577/874 569/1578/874
f 656/1542/875 579/1579/875 578/1580/875
f 585/1581/876 557/1582/876 556/1171/876
f 575/1138/877 541/1140/877 633/1195/877
f 615/1094/878 555/1583/878 592/1584/878
f 542/1113/879 586/1142/879 587/1585/879
f 588/1143/880 590/1145/880 622/1586/880
f 585/1581/881 593/1587/881 634/1588/881
f 586/1146/882 638/1148/882 587/1589/882
f 562/1590/883 657/1591/883 592/1584/883
f 600/1592/884 599/1108/884 618/1097/884
f 643/1149/885 590/1145/885 589/1144/885
f 595/1151/886 597/1153/886 598/1593/886
f 570/1594/887 543/1114/887 601/1595/887
f 606/1596/884 605/1201/884 464/1203/884
f 544/1115/879 597/1155/879 602/1597/879
f 586/1156/888 603/1158/888 604/1598/888
f 626/1599/889 401/1026/889 607/1600/889
f 582/1601/890 632/1602/890 600/1592/890
f 590/1159/891 545/1116/891 622/1603/891
f 601/1595/892 611/1604/892 636/1605/892
f 546/1161/893 597/1153/893 596/1152/893
f 610/1163/894 597/1165/894 609/1176/894
f 629/1606/895 658/1607/895 606/1596/895
f 607/1600/896 612/1608/896 621/1609/896
f 645/1166/897 586/1156/897 604/1598/897
f 639/1168/898 590/1170/898 594/1610/898
f 527/1534/899 530/1178/899 565/1611/899
f 509/1118/900 550/1121/900 552/1120/900
f 631/1547/901 529/1186/901 558/1549/901
f 547/1125/902 552/1126/902 534/1558/902
f 560/1554/903 561/1561/903 554/1560/903
f 536/1181/904 633/1612/904 537/1539/904
f 507/1518/905 539/1129/905 567/1564/905
f 572/1566/906 568/1613/906 508/1519/906
f 619/1185/907 573/1132/907 576/1568/907
f 577/1184/908 579/1614/908 574/1133/908
f 567/1572/909 580/1137/909 581/1571/909
f 635/1136/910 620/1615/910 580/1137/910
f 584/1576/911 568/1616/911 572/1574/911
f 574/1139/912 579/1579/912 656/1542/912
f 395/1112/913 542/1113/913 587/1585/913
f 589/1144/914 588/1143/914 591/1617/914
f 593/1587/915 585/1581/915 587/1585/915
f 657/1591/916 643/1149/916 589/1144/916
f 596/1152/917 595/1151/917 599/1108/917
f 624/1618/918 657/1591/918 562/1590/918
f 602/1597/919 601/1595/919 543/1114/919
f 604/1598/920 603/1158/920 605/1201/920
f 430/1470/921 543/1114/921 570/1594/921
f 401/1026/913 545/1116/913 608/1160/913
f 632/1602/922 546/1161/922 596/1152/922
f 611/1604/915 601/1595/915 602/1597/915
f 627/1619/923 632/1602/923 582/1601/923
f 658/1607/924 645/1166/924 604/1598/924
f 612/1608/925 607/1600/925 608/1160/925
f 639/1168/645 594/1610/645 630/1200/645
f 511/1104/926 510/1106/926 576/1182/926
f 530/1178/927 566/1180/927 565/1611/927
f 536/1181/928 575/1183/928 633/1612/928
f 538/1107/929 613/1089/929 565/1130/929
f 399/1620/930 625/1174/930 598/1173/930
f 475/1513/616 470/1509/616 542/1621/616
f 527/1534/90 559/1550/90 531/1537/90
f 511/1104/737 536/1181/737 535/1538/737
f 620/1615/835 581/1571/835 580/1137/835
f 562/1622/931 561/1561/931 624/1623/931
f 582/1624/932 581/1571/932 627/1625/932
f 594/1610/933 643/1198/933 630/1200/933
f 553/1521/934 614/1545/934 410/1626/934
f 529/1186/371 631/1547/371 379/1420/371
f 474/1443/371 540/1189/371 508/1519/371
f 559/1550/90 527/1534/90 461/1081/90
f 510/1446/796 478/1088/796 619/1185/796
f 559/1550/935 488/1424/935 492/1627/935
f 588/1143/936 490/1092/936 591/1617/936
f 550/1121/937 489/1032/937 410/1416/937
f 478/1088/612 500/1087/612 577/1184/612
f 472/1421/648 467/1187/648 529/1186/648
f 615/1094/938 591/1617/938 490/1092/938
f 469/1064/820 501/1095/820 599/1108/820
f 561/1561/835 560/1554/835 646/1628/835
f 620/1615/835 648/1629/835 649/1630/835
f 650/1366/939 651/1631/939 611/1604/939
f 533/1557/940 652/1322/940 826/1632/940
f 641/1541/941 794/1633/941 819/1634/941
f 886/1635/942 653/1636/942 629/1577/942
f 654/1637/943 655/1638/943 637/1197/943
f 624/1623/931 561/1561/931 647/1639/931
f 660/1405/944 623/1147/944 645/1640/944
f 492/1030/945 405/1029/945 509/1118/945
f 805/1350/946 643/1149/946 657/1591/946
f 615/1491/947 379/1420/947 631/1547/947
f 625/1174/948 469/1641/948 595/1175/948
f 812/1367/946 645/1166/946 658/1607/946
f 627/1619/949 661/1642/949 810/1643/949
f 811/1644/950 658/1607/950 629/1606/950
f 532/1553/90 662/1645/90 790/1400/90
f 663/1646/737 794/1633/737 641/1541/737
f 665/1647/729 666/1648/729 664/1649/729
f 668/1650/90 669/1651/90 777/1652/90
f 671/1653/737 672/1264/737 673/1263/737
f 675/1285/729 676/1222/729 674/1266/729
f 678/1654/729 677/1655/729 798/1656/729
f 778/1286/660 685/1245/660 683/1657/660
f 521/1658/951 513/1527/951 693/1659/951
f 690/1210/952 775/1212/952 689/1660/952
f 692/1213/953 693/1215/953 694/1661/953
f 695/1662/954 671/1653/954 693/1659/954
f 697/1663/955 757/1664/955 664/1649/955
f 699/1665/956 700/1666/956 666/1648/956
f 701/1667/957 691/1668/957 690/1669/957
f 669/1651/958 668/1650/958 690/1669/958
f 699/1670/959 773/1671/959 702/1672/959
f 690/1216/960 670/1218/960 758/1673/960
f 512/1219/961 693/1221/961 513/1674/961
f 697/1675/962 696/1676/962 703/1293/962
f 706/1677/963 759/1267/963 674/1266/963
f 710/1678/964 711/1679/964 677/1655/964
f 676/1222/965 707/1224/965 708/1680/965
f 678/1654/966 881/1393/966 712/1681/966
f 718/1682/967 719/1683/967 720/1684/967
f 716/1225/968 714/1227/968 715/1685/968
f 724/1524/969 767/1686/969 706/1687/969
f 707/1228/970 722/1230/970 708/1688/970
f 725/1298/971 713/1689/971 712/1690/971
f 710/1691/972 709/1692/972 523/1299/972
f 720/1693/973 763/1694/973 528/1206/973
f 698/1695/974 681/1208/974 728/1696/974
f 716/1231/975 680/1205/975 515/1697/975
f 757/1396/976 697/1698/976 736/1699/976
f 729/1233/977 682/1207/977 882/1700/977
f 731/1235/978 733/1237/978 734/1268/978
f 728/1696/979 738/1303/979 773/1701/979
f 729/1233/980 737/1239/980 730/1234/980
f 704/1702/981 786/1310/981 736/1699/981
f 759/1398/982 706/1703/982 743/1704/982
f 780/1240/983 733/1237/983 732/1236/983
f 741/1242/984 739/1244/984 740/1254/984
f 881/1379/985 683/1657/985 744/1705/985
f 749/1706/986 748/1289/986 711/1288/986
f 685/1245/987 741/1247/987 745/1707/987
f 746/1248/988 729/1250/988 882/1708/988
f 750/1709/989 720/1710/989 719/1711/989
f 743/1704/990 706/1703/990 767/1712/990
f 686/1251/991 733/1253/991 751/1713/991
f 744/1705/992 753/1525/992 726/1714/992
f 741/1242/993 688/1255/993 524/1715/993
f 741/1247/994 752/1257/994 745/1707/994
f 727/1274/981 787/1273/981 749/1706/981
f 750/1709/995 754/1716/995 763/1717/995
f 781/1258/996 729/1250/996 747/1249/996
f 733/1253/997 520/1261/997 751/1713/997
f 689/1660/998 775/1212/998 692/1213/998
f 667/1278/700 755/1277/700 774/1314/700
f 700/1666/999 696/1718/999 664/1649/999
f 512/1219/1000 670/1218/1000 689/1217/1000
f 757/1664/681 788/1719/681 664/1649/681
f 703/1293/1001 696/1676/1001 700/1720/1001
f 676/1222/1002 708/1680/1002 705/1721/1002
f 678/1654/1003 713/1722/1003 709/1723/1003
f 677/1655/1004 711/1679/1004 834/1724/1004
f 760/1391/1005 714/1227/1005 717/1226/1005
f 721/1725/1006 715/1685/1006 714/1227/1006
f 761/1726/1007 722/1230/1007 723/1229/1007
f 724/1524/1008 705/1727/1008 708/1688/1008
f 709/1692/1009 713/1689/1009 725/1298/1009
f 725/1298/839 726/1728/839 762/1296/839
f 715/1232/1010 721/1729/1010 528/1206/1010
f 681/1208/1011 682/1207/1011 730/1234/1011
f 681/1208/1012 698/1695/1012 879/1376/1012
f 732/1236/1013 731/1235/1013 735/1282/1013
f 738/1303/1014 728/1696/1014 730/1234/1014
f 382/1425/90 380/1080/90 381/1514/90
f 786/1310/1015 780/1240/1015 732/1236/1015
f 742/1284/1016 743/1704/1016 740/1254/1016
f 765/1311/684 786/1310/684 704/1702/684
f 745/1707/1017 744/1705/1017 683/1657/1017
f 747/1249/1018 746/1248/1018 748/1289/1018
f 683/1657/1019 881/1379/1019 684/1381/1019
f 809/1383/1020 686/1251/1020 751/1713/1020
f 740/1254/1021 743/1704/1021 687/1291/1021
f 846/1384/1022 809/1383/1022 719/1711/1022
f 753/1525/1023 744/1705/1023 745/1707/1023
f 747/1249/1024 749/1706/1024 787/1273/1024
f 751/1713/1025 520/1261/1025 754/1716/1025
f 718/1682/729 714/1227/729 760/1391/729
f 707/1276/1026 667/1278/1026 723/1730/1026
f 672/1264/1027 716/1280/1027 515/1262/1027
f 717/1279/1028 672/1264/1028 776/1305/1028
f 666/1648/1029 665/1647/1029 879/1731/1029
f 846/1732/1030 719/1683/1030 718/1682/1030
f 783/1394/1031 881/1393/1031 678/1654/1031
f 774/1314/90 701/1667/90 668/1650/90
f 757/1396/690 735/1282/690 772/1281/690
f 759/1398/1032 742/1284/1032 785/1283/1032
f 517/1733/1033 723/1730/1033 667/1278/1033
f 761/1726/617 724/1524/617 722/1230/617
f 753/1525/1034 752/1257/1034 768/1526/1034
f 671/1653/737 695/1662/737 776/1305/737
f 517/1523/1035 516/1522/1035 761/1726/1035
f 515/1697/1036 680/1205/1036 679/1204/1036
f 753/1525/1037 762/1734/1037 726/1714/1037
f 692/1213/371 775/1212/371 813/1317/371
f 516/1522/620 724/1524/620 761/1726/620
f 769/1300/1038 523/1299/1038 522/1528/1038
f 753/1525/1039 518/1735/1039 762/1734/1039
f 766/1246/1040 778/1286/1040 779/1355/1040
f 765/1294/1041 703/1293/1041 525/1531/1041
f 515/1697/1042 679/1204/1042 526/1533/1042
f 784/1736/737 885/1306/737 776/1305/737
f 739/1244/724 766/1243/724 779/1352/724
f 463/1427/1043 669/1651/1043 758/1737/1043
f 779/1355/1044 778/1286/1044 806/1356/1044
f 702/1672/1045 773/1671/1045 419/1430/1045
f 768/1270/1046 524/1272/1046 460/1529/1046
f 493/1436/620 703/1293/620 702/1672/620
f 381/1514/1047 438/1083/1047 517/1733/1047
f 418/1037/1048 758/1673/1048 670/1218/1048
f 496/1484/1049 439/1483/1049 518/1735/1049
f 499/1516/1050 763/1717/1050 754/1716/1050
f 523/1299/620 725/1298/620 486/1450/620
f 528/1206/620 526/1533/620 679/1204/620
f 687/1291/1051 767/1712/1051 514/1292/1051
f 522/1738/1052 787/1273/1052 769/1275/1052
f 724/1524/1053 494/1101/1053 503/1448/1053
f 738/1303/1054 495/1506/1054 419/1464/1054
f 505/1739/1055 770/1740/1055 780/1741/1055
f 506/1535/1055 764/1309/1055 781/1742/1055
f 780/1240/1056 786/1310/1056 396/1465/1056
f 787/1273/692 403/1510/692 404/1077/692
f 396/1465/1057 786/1310/1057 525/1312/1057
f 522/1738/1058 498/1486/1058 403/1510/1058
f 505/1739/1059 471/1743/1059 520/1744/1059
f 463/1427/90 381/1514/90 777/1652/90
f 673/1263/737 483/1410/737 386/1409/737
f 790/1400/90 662/1645/90 791/1745/90
f 663/1646/737 795/1389/737 793/1746/737
f 807/1382/736 808/1360/736 686/1251/736
f 796/1265/729 797/1328/729 675/1285/729
f 801/1747/835 799/1748/835 800/1339/835
f 794/1633/1060 793/1746/1060 817/1749/1060
f 815/1316/1061 889/1318/1061 814/1750/1061
f 818/1319/1062 816/1321/1062 817/1751/1062
f 793/1746/1063 784/1736/1063 818/1752/1063
f 788/1719/1064 820/1753/1064 821/1754/1064
f 665/1647/1065 823/1755/1065 824/1756/1065
f 889/1757/1066 888/1758/1066 791/1745/1066
f 814/1759/1067 791/1745/1067 662/1645/1067
f 824/1760/1068 823/1761/1068 646/1628/1068
f 652/1322/1069 814/1324/1069 826/1632/1069
f 792/1325/1070 817/1327/1070 816/1762/1070
f 647/1639/1071 822/1763/1071 821/1764/1071
f 829/1765/1072 830/1766/1072 796/1265/1072
f 798/1656/1073 834/1724/1073 835/1767/1073
f 797/1328/1074 832/1330/1074 833/1768/1074
f 838/1769/1075 839/1392/1075 783/1394/1075
f 845/1770/1076 846/1732/1076 771/1390/1076
f 840/1331/1077 842/1333/1077 843/1771/1077
f 829/1772/1078 661/1773/1078 649/1630/1078
f 832/1334/1079 847/1336/1079 848/1774/1079
f 838/1775/1080 837/1776/1080 887/1373/1080
f 886/1635/1081 836/1777/1081 835/1778/1081
f 845/1779/1068 844/1780/1068 799/1748/1068
f 852/1781/1082 802/1209/1082 825/1377/1082
f 842/1337/1083 800/1339/1083 843/1782/1083
f 820/1395/1084 772/1281/1084 860/1783/1084
f 803/1315/1085 854/1341/1085 855/1784/1085
f 858/1348/1086 856/1378/1086 857/1269/1086
f 852/1781/1087 824/1785/1087 827/1786/1087
f 880/1787/1088 854/1788/1088 853/1789/1088
f 860/1783/1089 804/1790/1089 659/1791/1089
f 828/1397/1090 785/1283/1090 866/1792/1090
f 858/1348/1091 805/1350/1091 859/1793/1091
f 863/1794/1092 864/1795/1092 865/1796/1092
f 867/1797/1093 684/1381/1093 839/1380/1093
f 872/1798/1094 835/1799/1094 834/1287/1094
f 864/1354/1095 806/1356/1095 868/1365/1095
f 869/1800/1096 854/1801/1096 870/1802/1096
f 846/1384/1097 845/1803/1097 873/1804/1097
f 866/1792/1098 810/1643/1098 661/1642/1098
f 808/1360/1099 858/1362/1099 857/1290/1099
f 867/1797/1100 838/1805/1100 849/1806/1100
f 864/1353/719 654/1364/719 865/1807/719
f 864/1354/1101 650/1366/1101 875/1808/1101
f 872/1798/1102 811/1644/1102 653/1809/1102
f 873/1804/1103 845/1803/1103 850/1810/1103
f 812/1367/1104 854/1359/1104 861/1811/1104
f 858/1812/1105 884/1813/1105 862/1814/1105
f 833/1386/700 789/1385/700 876/1313/700
f 815/1316/1106 816/1321/1106 782/1320/1106
f 788/1719/1107 822/1815/1107 823/1755/1107
f 652/1322/1108 792/1325/1108 816/1762/1108
f 820/1753/721 788/1719/721 757/1664/721
f 851/1816/1109 795/1389/1109 663/1646/1109
f 823/1761/1110 822/1763/1110 647/1639/1110
f 831/1329/1111 797/1328/1111 796/1265/1111
f 836/1817/1112 837/1818/1112 783/1394/1112
f 771/1390/1113 840/1331/1113 843/1771/1113
f 841/1332/1005 840/1331/1005 760/1391/1005
f 649/1630/1114 847/1336/1114 831/1335/1114
f 648/1629/1115 848/1774/1115 847/1336/1115
f 837/1776/1116 836/1777/1116 886/1635/1116
f 799/1748/1117 844/1780/1117 843/1782/1117
f 802/1209/1118 852/1781/1118 853/1340/1118
f 772/1281/1119 856/1378/1119 859/1793/1119
f 890/1819/1120 880/1820/1120 853/1340/1120
f 859/1793/1121 805/1350/1121 804/1790/1121
f 785/1283/1122 863/1351/1122 865/1807/1122
f 684/1381/1123 867/1797/1123 868/1365/1123
f 855/1358/1124 869/1357/1124 746/1248/1124
f 871/1821/1125 869/1357/1125 870/1368/1125
f 807/1382/1126 873/1804/1126 874/1361/1126
f 865/1807/1127 654/1364/1127 810/1643/1127
f 651/1631/1128 650/1366/1128 868/1365/1128
f 875/1822/1129 650/1823/1129 883/1824/1129
f 811/1644/1130 872/1798/1130 870/1368/1130
f 874/1361/1131 873/1804/1131 891/1825/1131
f 746/1248/687 869/1357/687 871/1821/687
f 789/1385/1132 832/1387/1132 848/1399/1132
f 842/1388/1133 795/1389/1133 851/1816/1133
f 856/1378/687 772/1281/687 731/1235/687
f 863/1351/687 785/1283/687 739/1244/687
f 675/1285/688 797/1328/688 833/1768/688
f 795/1389/1028 841/1304/1028 885/1306/1028
f 665/1647/730 825/1826/730 879/1731/730
f 855/1784/1040 882/1700/1040 682/1207/1040
f 791/1745/90 888/1758/90 876/1313/90
f 871/1821/1134 834/1287/1134 748/1289/1134
f 801/1747/1135 800/1339/1135 851/1338/1135
f 649/1630/835 648/1629/835 847/1336/835
f 885/1306/737 784/1736/737 793/1746/737
f 654/1637/655 875/1822/655 883/1824/655
f 883/1824/1136 650/1823/1136 655/1638/1136
f 878/1374/1137 651/1827/1137 849/1375/1137
f 756/1828/1138 818/1752/1138 784/1736/1138
f 654/1637/1139 883/1824/1139 655/1638/1139
f 812/1829/1140 861/1406/1140 660/1405/1140
f 888/1758/90 701/1667/90 774/1314/90
f 691/1668/1141 701/1667/1141 888/1758/1141
f 782/1320/1142 818/1319/1142 756/1214/1142
f 533/1557/620 534/1558/620 792/1325/620
f 532/1553/1143 616/1830/1143 826/1831/1143
f 534/1558/1144 617/1128/1144 819/1326/1144
f 654/1364/946 546/1161/946 632/1602/946
f 877/1832/1109 663/1646/1109 537/1539/1109
f 646/1628/1145 560/1554/1145 634/1833/1145
f 620/1615/1146 635/1136/1146 848/1774/1146
f 878/1374/722 887/1373/722 583/1573/722
f 637/1197/1129 655/1638/1129 650/1823/1129
f 880/1820/1147 890/1819/1147 593/1587/1147
f 612/1608/1148 639/1834/1148 884/1835/1148
f 640/1193/732 790/1400/732 848/1399/732
f 611/1836/1137 651/1827/1137 878/1374/1137
f 612/1837/1149 891/1838/1149 850/1839/1149
f 886/1635/835 584/1576/835 583/1573/835
f 649/1630/1150 661/1773/1150 627/1625/1150
f 877/1840/1151 633/1195/1151 642/1194/1151
f 593/1841/1152 890/1842/1152 827/1843/1152
f 892/1402/933 644/1199/933 643/1198/933
f 691/1211/1153 889/1318/1153 813/1317/1153
f 799/1748/835 801/1747/835 642/1194/835
f 621/1844/1154 850/1839/1154 799/1748/1154
f 660/1405/1155 880/1404/1155 638/1148/1155
f 624/1618/1156 659/1791/1156 804/1790/1156
f 644/1199/1157 892/1402/1157 884/1407/1157
f 385/1408/737 483/1410/737 387/1084/737
f 385/1408/1158 411/1412/1158 386/1409/1158
f 409/1411/1159 462/1417/1159 410/1626/1159
f 413/1418/1160 379/1420/1160 412/1490/1160
f 472/1421/1161 416/1423/1161 417/1512/1161
f 488/1424/1162 406/1426/1162 492/1627/1162
f 382/1425/1163 418/1428/1163 406/1426/1163
f 484/1429/1164 416/1431/1164 415/1492/1164
f 413/1434/1165 493/1436/1165 414/1493/1165
f 388/1023/1166 421/1438/1166 422/1494/1166
f 426/1439/1167 390/1441/1167 425/1497/1167
f 429/1442/1168 474/1443/1168 428/1495/1168
f 500/1087/1169 435/1445/1169 436/1090/1169
f 421/1447/1170 494/1101/1170 422/1499/1170
f 486/1450/1171 429/1452/1171 428/1500/1171
f 426/1453/1172 480/1455/1172 427/1501/1172
f 435/1456/1173 391/1111/1173 440/1502/1173
f 417/1458/1174 442/1460/1174 394/1413/1174
f 412/1093/1175 450/1462/1175 413/1845/1175
f 442/1460/1176 419/1464/1176 495/1506/1176
f 450/1462/1177 502/1466/1177 413/1845/1177
f 420/1096/1178 453/1467/1178 421/1846/1178
f 430/1470/1179 454/1472/1179 398/1414/1179
f 425/1473/1175 457/1474/1175 426/1487/1175
f 436/1477/1174 458/1479/1174 400/1027/1174
f 453/1467/1180 503/1481/1180 421/1846/1180
f 439/1483/1181 454/1472/1181 429/1471/1181
f 498/1486/1182 457/1474/1182 403/1510/1182
f 458/1479/1183 440/1488/1183 482/1511/1183
f 489/1032/1184 407/1415/1184 408/1033/1184
f 415/1422/1185 379/1420/1185 414/1419/1185
f 383/1432/1186 408/1040/1186 407/1035/1186
f 484/1429/1187 414/1493/1187 493/1436/1187
f 388/1023/1188 423/1041/1188 389/1024/1188
f 428/1495/1185 390/1441/1185 427/1440/1185
f 500/1087/1189 433/1044/1189 434/1444/1189
f 423/1449/1190 494/1101/1190 437/1046/1190
f 428/1500/797 480/1455/797 486/1450/797
f 391/1111/1191 433/1461/1191 392/1051/1191
f 443/1053/1192 394/1413/1192 442/1460/1192
f 467/1172/1193 394/1413/1193 395/1112/1193
f 447/1098/1194 588/1505/1194 622/1099/1194
f 449/1061/1195 490/1092/1195 446/1055/1195
f 495/1506/1196 443/1053/1196 442/1460/1196
f 396/1465/1197 449/1061/1197 397/1060/1197
f 501/1095/1198 452/1063/1198 453/1467/1198
f 455/1066/1192 398/1414/1192 454/1472/1192
f 491/1202/1198 456/1476/1198 457/1474/1198
f 459/1071/1199 400/1027/1199 458/1479/1199
f 436/1477/1200 401/1026/1200 626/1599/1200
f 402/1480/1201 452/1063/1201 481/1074/1201
f 455/1066/1202 496/1484/1202 487/1075/1202
f 456/1476/1203 403/1510/1203 457/1474/1203
f 459/1071/1204 482/1511/1204 471/1078/1204
f 461/1081/90 382/1425/90 488/1424/90
f 477/1105/737 385/1408/737 387/1084/737
f 466/1515/1205 497/1517/1205 482/1511/1205
f 507/1518/88 473/1025/88 538/1107/88
f 550/1121/729 405/1029/729 489/1032/729
f 479/1068/820 605/1201/820 603/1158/820
f 553/1521/737 477/1105/737 511/1104/737
f 670/1218/835 384/1433/835 383/1432/835
f 411/1038/1206 512/1219/1206 513/1674/1206
f 481/1074/1056 514/1292/1056 402/1480/1056
f 483/1410/1207 515/1262/1207 441/1085/1207
f 485/1102/1208 517/1523/1208 438/1047/1208
f 486/1450/839 518/1297/839 439/1451/839
f 485/1102/617 724/1524/617 516/1522/617
f 519/1302/1034 495/1506/1034 738/1303/1034
f 496/1484/1209 768/1526/1209 487/1075/1209
f 520/1261/829 497/1517/829 754/1716/829
f 386/1409/1210 513/1527/1210 521/1658/1210
f 480/1455/695 522/1528/695 523/1299/695
f 460/1529/1211 688/1530/1211 481/1847/1211
f 525/1531/846 493/1436/846 502/1435/846
f 526/1533/1212 441/1050/1212 515/1697/1212
f 504/1110/659 528/1206/659 391/1111/659
f 499/1532/1213 528/1206/1213 763/1694/1213
f 506/1535/1214 519/1307/1214 764/1309/1214
f 503/1481/1215 514/1292/1215 767/1712/1215
f 640/1193/90 531/1537/90 532/1553/90
f 535/1538/737 537/1539/737 641/1541/737
f 551/1540/1216 641/1541/1216 617/1848/1216
f 551/1540/1217 553/1521/1217 535/1538/1217
f 555/1546/1218 631/1547/1218 554/1849/1218
f 557/1548/1219 529/1186/1219 556/1188/1219
f 559/1550/1220 548/1552/1220 531/1537/1220
f 532/1553/1221 548/1552/1221 616/1830/1221
f 560/1554/1222 557/1556/1222 634/1833/1222
f 555/1559/1223 561/1561/1223 562/1622/1223
f 564/1562/1224 507/1518/1224 563/1850/1224
f 569/1563/1225 508/1519/1225 568/1613/1225
f 571/1565/1219 540/1189/1219 570/1191/1219
f 577/1184/1226 578/1567/1226 579/1614/1226
f 564/1569/1227 581/1571/1227 582/1624/1227
f 583/1573/1228 571/1575/1228 636/1851/1228
f 584/1576/1229 569/1578/1229 568/1616/1229
f 656/1542/1230 578/1580/1230 621/1844/1230
f 585/1581/1231 556/1171/1231 395/1112/1231
f 615/1094/1232 592/1584/1232 591/1617/1232
f 585/1581/1233 634/1588/1233 557/1582/1233
f 562/1590/1234 592/1584/1234 555/1583/1234
f 600/1592/1235 618/1097/1235 564/1852/1235
f 570/1594/1236 601/1595/1236 571/1853/1236
f 606/1596/1237 464/1203/1237 569/1854/1237
f 626/1599/1238 607/1600/1238 578/1855/1238
f 582/1601/1239 600/1592/1239 564/1852/1239
f 601/1595/1240 636/1605/1240 571/1853/1240
f 629/1606/1241 606/1596/1241 569/1854/1241
f 607/1600/1242 621/1609/1242 578/1855/1242
f 527/1534/899 565/1611/899 613/1079/899
f 509/1118/1243 552/1120/1243 547/1119/1243
f 631/1547/1244 558/1549/1244 554/1849/1244
f 547/1125/902 534/1558/902 533/1557/902
f 560/1554/1245 554/1560/1245 558/1555/1245
f 507/1518/1244 567/1564/1244 563/1850/1244
f 572/1566/1246 508/1519/1246 540/1189/1246
f 619/1185/907 576/1568/907 510/1446/907
f 577/1184/1247 574/1133/1247 573/1132/1247
f 567/1572/912 581/1571/912 563/1570/912
f 584/1576/1248 572/1574/1248 583/1573/1248
f 574/1139/1249 656/1542/1249 541/1140/1249
f 395/1112/1250 587/1585/1250 585/1581/1250
f 589/1144/1251 591/1617/1251 592/1584/1251
f 593/1587/1252 587/1585/1252 638/1856/1252
f 657/1591/1253 589/1144/1253 592/1584/1253
f 596/1152/1251 599/1108/1251 600/1592/1251
f 602/1597/1254 543/1114/1254 544/1115/1254
f 604/1598/1255 605/1201/1255 606/1596/1255
f 401/1026/1256 608/1160/1256 607/1600/1256
f 632/1602/1257 596/1152/1257 600/1592/1257
f 611/1604/1258 602/1597/1258 610/1857/1258
f 658/1607/1253 604/1598/1253 606/1596/1253
f 612/1608/1259 608/1160/1259 639/1834/1259
f 511/1104/926 576/1182/926 536/1181/926
f 538/1107/929 565/1130/929 539/1129/929
f 399/1620/1260 598/1173/1260 544/1858/1260
f 527/1534/90 531/1537/90 530/1178/90
f 511/1104/737 535/1538/737 553/1521/737
f 553/1521/1261 410/1626/1261 462/1417/1261
f 529/1186/371 379/1420/371 472/1421/371
f 474/1443/371 508/1519/371 390/1441/371
f 559/1550/90 461/1081/90 488/1424/90
f 559/1550/935 492/1627/935 549/1551/935
f 550/1121/1262 410/1416/1262 614/1122/1262
f 478/1088/612 577/1184/612 619/1185/612
f 469/1064/936 599/1108/936 595/1151/936
f 561/1561/835 646/1628/835 647/1639/835
f 620/1615/835 649/1630/835 581/1571/835
f 650/1366/1263 611/1604/1263 610/1857/1263
f 533/1557/1264 826/1632/1264 616/1123/1264
f 641/1541/1265 819/1634/1265 617/1848/1265
f 886/1635/1266 629/1577/1266 584/1576/1266
f 654/1637/652 637/1197/652 546/1196/652
f 624/1623/1150 647/1639/1150 659/1859/1150
f 660/1405/943 645/1640/943 812/1829/943
f 492/1030/945 509/1118/945 549/1117/945
f 805/1350/1267 657/1591/1267 804/1790/1267
f 812/1367/1267 658/1607/1267 811/1644/1267
f 627/1619/918 810/1643/918 632/1602/918
f 811/1644/1268 629/1606/1268 653/1809/1268
f 532/1553/90 790/1400/90 640/1193/90
f 663/1646/737 641/1541/737 537/1539/737
f 665/1647/729 664/1649/729 788/1719/729
f 668/1650/90 777/1652/90 667/1278/90
f 671/1653/737 673/1263/737 521/1658/737
f 675/1285/729 674/1266/729 796/1265/729
f 678/1654/729 798/1656/729 783/1394/729
f 778/1286/660 683/1657/660 684/1381/660
f 521/1658/1269 693/1659/1269 671/1653/1269
f 695/1662/1270 693/1659/1270 756/1828/1270
f 697/1663/1271 664/1649/1271 696/1718/1271
f 699/1665/1272 666/1648/1272 698/1860/1272
f 701/1667/1273 690/1669/1273 668/1650/1273
f 669/1651/1274 690/1669/1274 758/1737/1274
f 699/1670/1275 702/1672/1275 700/1720/1275
f 697/1675/1276 703/1293/1276 704/1295/1276
f 706/1677/1277 674/1266/1277 705/1721/1277
f 710/1678/1277 677/1655/1277 709/1723/1277
f 678/1654/1278 712/1681/1278 713/1722/1278
f 718/1682/1278 720/1684/1278 721/1725/1278
f 724/1524/1279 706/1687/1279 705/1727/1279
f 725/1298/1280 712/1690/1280 726/1728/1280
f 710/1691/1281 523/1299/1281 727/1301/1281
f 720/1693/1282 528/1206/1282 721/1729/1282
f 698/1695/1283 728/1696/1283 699/1861/1283
f 757/1396/1284 736/1699/1284 735/1282/1284
f 728/1696/1285 773/1701/1285 699/1861/1285
f 704/1702/1286 736/1699/1286 697/1698/1286
f 759/1398/1287 743/1704/1287 742/1284/1287
f 881/1379/1288 744/1705/1288 712/1862/1288
f 749/1706/1289 711/1288/1289 710/1863/1289
f 750/1709/1290 719/1711/1290 809/1383/1290
f 743/1704/1291 767/1712/1291 687/1291/1291
f 744/1705/1292 726/1714/1292 712/1862/1292
f 727/1274/1293 749/1706/1293 710/1863/1293
f 750/1709/1285 763/1717/1285 720/1710/1285
f 689/1660/1294 692/1213/1294 694/1661/1294
f 700/1666/1003 664/1649/1003 666/1648/1003
f 512/1219/1295 689/1217/1295 694/1220/1295
f 703/1293/1008 700/1720/1008 702/1672/1008
f 676/1222/1002 705/1721/1002 674/1266/1002
f 678/1654/999 709/1723/999 677/1655/999
f 677/1655/1296 834/1724/1296 798/1656/1296
f 760/1391/1005 717/1226/1005 841/1332/1005
f 721/1725/1297 714/1227/1297 718/1682/1297
f 761/1726/1298 723/1229/1298 517/1523/1298
f 724/1524/1299 708/1688/1299 722/1230/1299
f 709/1692/1300 725/1298/1300 523/1299/1300
f 715/1232/1301 528/1206/1301 680/1205/1301
f 681/1208/1302 730/1234/1302 728/1696/1302
f 681/1208/1303 879/1376/1303 802/1209/1303
f 732/1236/1018 735/1282/1018 736/1699/1018
f 738/1303/1304 730/1234/1304 737/1239/1304
f 382/1425/90 381/1514/90 463/1427/90
f 786/1310/1305 732/1236/1305 736/1699/1305
f 742/1284/1306 740/1254/1306 739/1244/1306
f 745/1707/1011 683/1657/1011 685/1245/1011
f 747/1249/1307 748/1289/1307 749/1706/1307
f 809/1383/1308 751/1713/1308 750/1709/1308
f 740/1254/1309 687/1291/1309 688/1255/1309
f 753/1525/1310 745/1707/1310 752/1257/1310
f 747/1249/1311 787/1273/1311 781/1258/1311
f 751/1713/1312 754/1716/1312 750/1709/1312
f 718/1682/729 760/1391/729 771/1390/729
f 717/1279/1028 776/1305/1028 841/1304/1028
f 666/1648/1030 879/1731/1030 698/1860/1030
f 846/1732/1029 718/1682/1029 771/1390/1029
f 774/1314/90 668/1650/90 667/1278/90
f 517/1733/1033 667/1278/1033 777/1652/1033
f 671/1653/737 776/1305/737 672/1264/737
f 692/1213/371 813/1317/371 782/1320/371
f 784/1736/737 776/1305/737 695/1662/737
f 463/1427/1313 758/1737/1313 418/1428/1313
f 702/1672/1314 419/1430/1314 484/1429/1314
f 768/1270/851 460/1529/851 487/1864/851
f 493/1436/823 702/1672/823 484/1429/823
f 381/1514/1033 517/1733/1033 777/1652/1033
f 418/1037/1315 670/1218/1315 383/1432/1315
f 496/1484/827 518/1735/827 753/1525/827
f 499/1516/1316 754/1716/1316 497/1517/1316
f 523/1299/620 486/1450/620 480/1455/620
f 724/1524/1317 503/1448/1317 767/1686/1317
f 738/1303/1318 419/1464/1318 773/1701/1318
f 505/1739/1319 780/1741/1319 397/1865/1319
f 506/1535/1320 781/1742/1320 404/1866/1320
f 780/1240/1056 396/1465/1056 397/1060/1056
f 787/1273/1056 404/1077/1056 781/1258/1056
f 396/1465/1321 525/1312/1321 502/1466/1321
f 522/1738/1322 403/1510/1322 787/1273/1322
f 505/1739/1323 520/1744/1323 770/1740/1323
f 463/1427/90 777/1652/90 669/1651/90
f 673/1263/737 386/1409/737 521/1658/737
f 790/1400/90 791/1745/90 789/1385/90
f 663/1646/737 793/1746/737 794/1633/737
f 807/1382/736 686/1251/736 809/1383/736
f 794/1633/1324 817/1749/1324 819/1634/1324
f 793/1746/1325 818/1752/1325 817/1749/1325
f 788/1719/1326 821/1754/1326 822/1815/1326
f 665/1647/1327 824/1756/1327 825/1826/1327
f 889/1757/1328 791/1745/1328 814/1759/1328
f 814/1759/1329 662/1645/1329 826/1831/1329
f 824/1760/1330 646/1628/1330 827/1843/1330
f 647/1639/1331 821/1764/1331 659/1859/1331
f 829/1765/1332 796/1265/1332 828/1372/1332
f 798/1656/1333 835/1767/1333 836/1817/1333
f 838/1769/1334 783/1394/1334 837/1818/1334
f 845/1770/1335 771/1390/1335 844/1867/1335
f 829/1772/1336 649/1630/1336 830/1868/1336
f 838/1775/1337 887/1373/1337 849/1375/1337
f 886/1635/1338 835/1778/1338 653/1636/1338
f 845/1779/1339 799/1748/1339 850/1839/1339
f 852/1781/1340 825/1377/1340 824/1785/1340
f 820/1395/1341 860/1783/1341 821/1869/1341
f 852/1781/1342 827/1786/1342 890/1819/1342
f 860/1783/1343 659/1791/1343 821/1869/1343
f 828/1397/1344 866/1792/1344 829/1870/1344
f 867/1797/1345 839/1380/1345 838/1805/1345
f 872/1798/1346 834/1287/1346 871/1821/1346
f 846/1384/1347 873/1804/1347 807/1382/1347
f 866/1792/1348 661/1642/1348 829/1870/1348
f 867/1797/1349 849/1806/1349 651/1631/1349
f 872/1798/1350 653/1809/1350 835/1799/1350
f 873/1804/1351 850/1810/1351 891/1825/1351
f 833/1386/700 876/1313/700 755/1277/700
f 815/1316/1352 782/1320/1352 813/1317/1352
f 788/1719/1353 823/1755/1353 665/1647/1353
f 652/1322/1354 816/1762/1354 815/1323/1354
f 851/1816/1109 663/1646/1109 877/1832/1109
f 823/1761/1355 647/1639/1355 646/1628/1355
f 831/1329/1356 796/1265/1356 830/1766/1356
f 836/1817/1357 783/1394/1357 798/1656/1357
f 771/1390/1358 843/1771/1358 844/1867/1358
f 649/1630/1359 831/1335/1359 830/1868/1359
f 837/1776/1360 886/1635/1360 887/1373/1360
f 799/1748/1361 843/1782/1361 800/1339/1361
f 802/1209/1362 853/1340/1362 803/1315/1362
f 772/1281/1122 859/1793/1122 860/1783/1122
f 890/1819/1363 853/1340/1363 852/1781/1363
f 859/1793/1364 804/1790/1364 860/1783/1364
f 785/1283/1365 865/1807/1365 866/1792/1365
f 684/1381/1366 868/1365/1366 806/1356/1366
f 855/1358/1367 746/1248/1367 882/1708/1367
f 871/1821/1122 870/1368/1122 872/1798/1122
f 807/1382/1368 874/1361/1368 808/1360/1368
f 865/1807/1130 810/1643/1130 866/1792/1130
f 651/1631/1369 868/1365/1369 867/1797/1369
f 811/1644/1127 870/1368/1127 812/1367/1127
f 874/1361/1370 891/1825/1370 884/1835/1370
f 746/1248/687 871/1821/687 748/1289/687
f 675/1285/688 833/1768/688 755/1223/688
f 855/1784/691 682/1207/691 803/1315/691
f 791/1745/90 876/1313/90 789/1385/90
f 801/1747/1135 851/1338/1135 877/1840/1135
f 885/1306/737 793/1746/737 795/1389/737
f 756/1828/1371 784/1736/1371 695/1662/1371
f 888/1758/90 774/1314/90 876/1313/90
f 691/1668/1372 888/1758/1372 889/1757/1372
f 782/1320/796 756/1214/796 692/1213/796
f 533/1557/620 792/1325/620 652/1322/620
f 532/1553/1373 826/1831/1373 662/1645/1373
f 534/1558/1374 819/1326/1374 792/1325/1374
f 654/1364/1267 632/1602/1267 810/1643/1267
f 877/1832/904 537/1539/904 633/1612/904
f 646/1628/1375 634/1833/1375 827/1843/1375
f 620/1615/1115 848/1774/1115 648/1629/1115
f 878/1374/1376 583/1573/1376 636/1851/1376
f 637/1197/1377 650/1823/1377 610/1163/1377
f 880/1820/1263 593/1587/1263 638/1856/1263
f 612/1608/939 884/1835/939 891/1825/939
f 640/1193/650 848/1399/650 635/1179/650
f 611/1836/1152 878/1374/1152 636/1851/1152
f 612/1837/1378 850/1839/1378 621/1844/1378
f 886/1635/835 583/1573/835 887/1373/835
f 649/1630/932 627/1625/932 581/1571/932
f 877/1840/1135 642/1194/1135 801/1747/1135
f 593/1841/1152 827/1843/1152 634/1833/1152
f 892/1402/1139 643/1198/1139 805/1403/1139
f 691/1211/613 813/1317/613 775/1212/613
f 799/1748/835 642/1194/835 656/1542/835
f 621/1844/1379 799/1748/1379 656/1542/1379
f 660/1405/1380 638/1148/1380 623/1147/1380
f 624/1618/918 804/1790/918 657/1591/918
f 644/1199/1377 884/1407/1377 639/1168/1377
f 903/1871/1381 899/1872/1381 911/1873/1381
f 910/1874/1382 909/1875/1382 918/1876/1382
f 921/1877/1383 912/1878/1383 896/1879/1383
f 894/1880/1384 916/1881/1384 907/1882/1384
f 924/1883/1385 916/1884/1385 918/1885/1385
f 922/1886/1386 917/1887/1386 912/1888/1386
f 923/1889/1387 913/1890/1387 914/1891/1387
f 921/1892/1388 913/1890/1388 923/1889/1388
f 920/1893/1389 917/1887/1389 922/1886/1389
f 905/1894/1390 911/1873/1390 893/1895/1390
f 921/1877/1391 896/1879/1391 897/1896/1391
f 951/1897/1392 950/1898/1392 900/1899/1392
f 918/1885/1393 927/1900/1393 924/1883/1393
f 928/1901/1394 922/1886/1394 912/1888/1394
f 912/1888/1395 921/1892/1395 923/1889/1395
f 906/1902/1396 901/1903/1396 908/1904/1396
f 930/1905/1397 923/1889/1397 914/1891/1397
f 932/1906/1398 933/1907/1398 951/1897/1398
f 940/1908/1399 932/1906/1399 951/1897/1399
f 943/1909/1400 934/1910/1400 931/1911/1400
f 931/1911/1401 935/1912/1401 943/1909/1401
f 945/1913/1402 938/1914/1402 929/1915/1402
f 929/1915/1403 939/1916/1403 945/1913/1403
f 941/1917/1404 947/1918/1404 936/1919/1404
f 941/1920/1405 937/1921/1405 942/1922/1405
f 945/1923/1406 949/1924/1406 938/1925/1406
f 939/1926/1407 946/1927/1407 945/1928/1407
f 899/1872/1408 895/1929/1408 911/1873/1408
f 923/1889/1409 928/1901/1409 912/1888/1409
f 951/1897/1410 929/1915/1410 950/1898/1410
f 895/1930/1411 899/1931/1411 902/1932/1411
f 955/1933/1412 943/1934/1412 944/1935/1412
f 907/1882/1413 906/1902/1413 894/1880/1413
f 907/1882/1414 914/1936/1414 906/1902/1414
f 920/1937/1415 919/1938/1415 902/1932/1415
f 895/1939/1416 910/1874/1416 904/1940/1416
f 898/1941/1417 897/1942/1417 905/1894/1417
f 950/1898/1418 895/1929/1418 904/1943/1418
f 906/1902/1419 908/1904/1419 894/1880/1419
f 917/1944/1420 903/1945/1420 896/1879/1420
f 914/1936/1421 913/1946/1421 898/1947/1421
f 895/1929/1422 950/1898/1422 911/1873/1422
f 902/1932/1423 919/1938/1423 915/1948/1423
f 919/1949/1424 925/1950/1424 915/1951/1424
f 925/1950/1425 909/1952/1425 915/1951/1425
f 924/1883/1426 907/1953/1426 916/1884/1426
f 904/1943/1427 908/1954/1427 900/1899/1427
f 897/1896/1428 896/1879/1428 903/1945/1428
f 894/1955/1429 908/1956/1429 904/1940/1429
f 897/1942/1430 903/1871/1430 911/1873/1430
f 930/1905/1431 914/1891/1431 907/1953/1431
f 901/1957/1432 905/1894/1432 908/1954/1432
f 926/1958/1433 920/1893/1433 922/1886/1433
f 936/1959/1434 893/1895/1434 941/1960/1434
f 941/1960/1435 893/1895/1435 937/1961/1435
f 934/1962/1436 943/1963/1436 948/1964/1436
f 943/1934/1437 935/1965/1437 944/1935/1437
f 893/1895/1438 951/1897/1438 900/1899/1438
f 951/1897/1439 893/1895/1439 936/1959/1439
f 935/1965/1440 938/1925/1440 949/1924/1440
f 934/1910/1441 937/1961/1441 893/1895/1441
f 893/1895/1442 911/1873/1442 931/1911/1442
f 909/1952/1443 925/1950/1443 927/1900/1443
f 939/1926/1444 933/1966/1444 946/1927/1444
f 951/1897/1445 933/1907/1445 939/1916/1445
f 948/1964/1446 942/1922/1446 937/1921/1446
f 926/1958/1447 925/1950/1447 919/1949/1447
f 908/1954/1448 905/1894/1448 900/1899/1448
f 931/1911/1449 911/1873/1449 950/1898/1449
f 931/1911/1450 929/1915/1450 938/1914/1450
f 947/1967/1451 940/1968/1451 936/1969/1451
f 942/1922/1452 952/1970/1452 956/1971/1452
f 954/1972/1453 932/1973/1453 940/1968/1453
f 956/1974/1454 947/1967/1454 941/1975/1454
f 955/1976/1455 957/1977/1455 948/1964/1455
f 946/1927/1456 953/1978/1456 958/1979/1456
f 958/1980/1457 949/1924/1457 945/1923/1457
f 932/1981/1458 954/1982/1458 959/1983/1458
f 947/1967/1459 956/1974/1459 954/1972/1459
f 949/1924/1460 958/1980/1460 955/1933/1460
f 948/1964/729 957/1977/729 952/1970/729
f 959/1983/371 953/1978/371 946/1927/371
f 898/1984/1461 913/1985/1461 921/1877/1461
f 894/1955/1462 918/1876/1462 916/1986/1462
f 915/1987/1463 909/1875/1463 910/1874/1463
f 914/1936/1464 901/1903/1464 906/1902/1464
f 899/1931/1465 903/1988/1465 917/1989/1465
f 910/1874/1466 918/1876/1466 894/1955/1466
f 920/1937/1467 902/1932/1467 899/1931/1467
f 898/1941/1468 905/1894/1468 901/1957/1468
f 917/1944/1469 896/1879/1469 912/1878/1469
f 914/1936/1470 898/1947/1470 901/1903/1470
f 902/1932/1471 915/1948/1471 895/1930/1471
f 904/1943/1472 900/1899/1472 950/1898/1472
f 894/1955/1473 904/1940/1473 910/1874/1473
f 897/1942/1474 911/1873/1474 905/1894/1474
f 930/1905/1475 907/1953/1475 924/1883/1475
f 893/1895/1476 900/1899/1476 905/1894/1476
f 951/1897/1477 936/1959/1477 940/1908/1477
f 935/1965/1440 949/1924/1440 944/1935/1440
f 934/1910/1478 893/1895/1478 931/1911/1478
f 909/1952/1479 927/1900/1479 918/1885/1479
f 951/1897/1480 939/1916/1480 929/1915/1480
f 948/1964/1446 937/1921/1446 934/1962/1446
f 926/1958/1481 919/1949/1481 920/1893/1481
f 931/1911/1482 950/1898/1482 929/1915/1482
f 931/1911/1483 938/1914/1483 935/1912/1483
f 942/1922/1484 956/1971/1484 941/1920/1484
f 955/1976/1485 948/1964/1485 943/1963/1485
f 946/1927/1486 958/1979/1486 945/1928/1486
f 932/1981/1487 959/1983/1487 933/1966/1487
f 947/1967/1488 954/1972/1488 940/1968/1488
f 949/1924/1489 955/1933/1489 944/1935/1489
f 948/1964/729 952/1970/729 942/1922/729
f 959/1983/1490 946/1927/1490 933/1966/1490
f 898/1984/1491 921/1877/1491 897/1896/1491
f 915/1987/1492 910/1874/1492 895/1939/1492
f 899/1931/1493 917/1989/1493 920/1937/1493
f 988/1990/1494 983/1991/1494 975/1992/1494
f 963/1993/1495 962/1994/1495 986/1995/1495
f 985/1996/1496 967/1997/1496 973/1998/1496
f 971/1999/1497 989/2000/1497 988/2001/1497
f 987/2002/1498 990/2003/1498 969/2004/1498
f 969/2004/1499 990/2003/1499 978/2005/1499
f 974/2006/1500 972/2007/1500 980/2008/1500
f 997/2009/1501 1014/2010/1501 1015/2011/1501
f 993/2012/1502 992/2013/1502 997/2014/1502
f 1017/2015/1503 1001/2016/1503 1003/2017/1503
f 1012/2018/1504 991/2019/1504 995/2020/1504
f 1004/2021/1505 994/2022/1505 1006/2023/1505
f 1008/2024/1506 1007/2025/1506 1010/2026/1506
f 993/2012/1507 999/2027/1507 1007/2028/1507
f 1010/2029/1508 1007/2028/1508 999/2027/1508
f 1002/2030/1509 1004/2031/1509 997/2009/1509
f 1004/2021/1510 1006/2023/1510 999/2027/1510
f 1018/2032/1511 1004/2031/1511 1003/2033/1511
f 1019/2034/1512 1008/2024/1512 1010/2026/1512
f 1049/2035/1513 1046/2036/1513 1042/2037/1513
f 1020/2038/1514 1027/2039/1514 1047/2040/1514
f 1047/2040/1515 1028/2041/1515 1035/2042/1515
f 1046/2043/1516 1030/2044/1516 1031/2045/1516
f 1032/2046/1517 1050/2047/1517 1049/2048/1517
f 1043/2049/1518 1036/2050/1518 1051/2051/1518
f 1039/2052/1519 1041/2053/1519 1038/2054/1519
f 1031/2055/1520 1032/2056/1520 1051/2057/1520
f 1047/2058/1521 1031/2055/1521 1048/2059/1521
f 1037/2060/1522 1034/2061/1522 1031/2055/1522
f 1035/2042/1523 1042/2062/1523 1047/2040/1523
f 1044/2063/1524 1038/2054/1524 1041/2053/1524
f 1041/2064/1525 1043/2049/1525 1051/2051/1525
f 1066/2065/1526 1078/2066/1526 1077/2067/1526
f 1025/2068/1527 1077/2069/1527 1078/2070/1527
f 1066/2071/1528 1058/2072/1528 1056/2073/1528
f 1066/2071/1529 1056/2073/1529 1057/2074/1529
f 1052/2075/1530 1076/2076/1530 1059/2077/1530
f 1066/2071/1531 1057/2074/1531 1063/2078/1531
f 1080/2079/1532 1070/2080/1532 1073/2081/1532
f 1080/2082/1533 1065/2083/1533 1068/2084/1533
f 1074/2085/1534 1033/2086/1534 1024/2087/1534
f 1034/2088/1535 1037/2089/1535 1025/2068/1535
f 982/2090/1410 961/2091/1410 960/2092/1410
f 966/2093/1536 960/2092/1536 961/2091/1536
f 963/2094/1537 967/2095/1537 966/2096/1537
f 988/1990/1538 989/2097/1538 968/2098/1538
f 989/2099/1539 964/2100/1539 970/2101/1539
f 960/2102/1540 966/2103/1540 985/1996/1540
f 986/2104/1541 965/2105/1541 984/2106/1541
f 985/2107/1542 977/2108/1542 986/2109/1542
f 961/2110/1543 965/2111/1543 986/1995/1543
f 971/1999/1544 988/2001/1544 976/2112/1544
f 967/1997/1545 985/1996/1545 966/2103/1545
f 987/2113/1546 969/2114/1546 968/2115/1546
f 969/2114/1547 983/2116/1547 968/2115/1547
f 972/2117/1548 973/2118/1548 967/2095/1548
f 971/1999/1549 964/2119/1549 989/2000/1549
f 977/2120/1550 972/2121/1550 963/1993/1550
f 975/2122/1551 983/2116/1551 969/2114/1551
f 978/2005/1552 977/2108/1552 969/2004/1552
f 974/2123/1553 981/2124/1553 979/2125/1553
f 980/2126/1554 978/2127/1554 976/2112/1554
f 972/2007/1555 974/2006/1555 973/2128/1555
f 981/2129/1556 976/2130/1556 975/2131/1556
f 979/2132/1557 975/2122/1557 973/1998/1557
f 978/2133/1558 980/2008/1558 972/2007/1558
f 978/2127/1559 990/2134/1559 971/1999/1559
f 984/2106/1560 985/2135/1560 986/2104/1560
f 977/2108/1561 985/2107/1561 969/2004/1561
f 985/1996/1562 973/1998/1562 975/2122/1562
f 988/1990/1563 975/1992/1563 976/2136/1563
f 980/2137/1564 981/2124/1564 974/2123/1564
f 1018/2138/1565 991/2139/1565 964/2119/1565
f 996/2140/1566 982/2090/1566 1013/2141/1566
f 1012/2018/1567 964/2100/1567 991/2019/1567
f 996/2142/1568 992/2143/1568 993/2144/1568
f 1012/2145/1569 1016/2146/1569 987/2113/1569
f 1002/2030/1570 997/2009/1570 1015/2011/1570
f 1016/2147/1571 1004/2031/1571 1018/2032/1571
f 965/2111/1572 961/2110/1572 982/2148/1572
f 1014/2149/1573 997/2014/1573 992/2013/1573
f 997/2014/1574 1004/2021/1574 999/2027/1574
f 1015/2150/1575 982/2148/1575 996/2151/1575
f 998/2152/1576 1015/2150/1576 996/2151/1576
f 1000/2153/1577 1017/2015/1577 1003/2017/1577
f 995/2154/1578 1004/2021/1578 1016/2146/1578
f 994/2022/1579 1004/2021/1579 995/2154/1579
f 1001/2016/1580 991/2139/1580 1018/2138/1580
f 1007/2155/1581 1008/2156/1581 998/2157/1581
f 998/2152/1582 1008/2158/1582 1002/2159/1582
f 1010/2160/1583 1005/2161/1583 1011/2162/1583
f 1000/2153/1584 1009/2163/1584 1019/2164/1584
f 1006/2023/1585 1005/2165/1585 1010/2029/1585
f 1000/2166/1586 1011/2167/1586 1006/2168/1586
f 1005/2169/1587 1006/2168/1587 1011/2167/1587
f 1017/2170/1588 994/2171/1588 995/2172/1588
f 1003/2033/1589 1004/2031/1589 1002/2030/1589
f 995/2020/1590 991/2019/1590 1001/2173/1590
f 1017/2170/1591 1000/2174/1591 1006/2175/1591
f 1008/2024/1592 1019/2034/1592 1009/2176/1592
f 965/2105/1593 1015/2177/1593 1014/2178/1593
f 1003/2033/1594 1002/2030/1594 1009/2179/1594
f 964/2100/1534 1012/2018/1534 970/2101/1534
f 1013/2180/1595 960/2102/1595 984/2181/1595
f 1018/2182/1596 990/2183/1596 987/2184/1596
f 1018/2138/1597 971/1999/1597 990/2134/1597
f 1021/2185/1598 1020/2186/1598 1075/2187/1598
f 1021/2185/1599 1022/2188/1599 1027/2189/1599
f 1023/2190/1600 1028/2191/1600 1027/2192/1600
f 1049/2035/1601 1050/2193/1601 1030/2194/1601
f 1050/2195/1539 1024/2087/1539 1033/2086/1539
f 1021/2196/1602 1026/2197/1602 1029/2198/1602
f 1032/2046/1603 1049/2048/1603 1040/2199/1603
f 1028/2041/1604 1047/2040/1604 1027/2039/1604
f 1029/2198/1605 1023/2200/1605 1022/2201/1605
f 1030/2044/1606 1033/2202/1606 1037/2203/1606
f 1050/2047/1607 1032/2046/1607 1034/2204/1607
f 1043/2205/1548 1035/2206/1548 1028/2191/1548
f 1036/2207/1608 1043/2208/1608 1023/2200/1608
f 1042/2062/1609 1046/2043/1609 1031/2045/1609
f 1051/2057/1610 1036/2209/1610 1031/2055/1610
f 1034/2061/1611 1032/2056/1611 1031/2055/1611
f 1039/2210/1612 1035/2211/1612 1043/2049/1612
f 1041/2212/1613 1051/2213/1613 1040/2199/1613
f 1044/2214/1614 1040/2215/1614 1042/2216/1614
f 1039/2217/1615 1038/2218/1615 1042/2062/1615
f 1026/2219/1616 1047/2220/1616 1048/2221/1616
f 1036/2209/1617 1029/2222/1617 1048/2059/1617
f 1025/2223/1618 1053/2224/1618 1024/2225/1618
f 1040/2226/1619 1049/2035/1619 1042/2037/1619
f 1052/2075/1620 1047/2220/1620 1026/2219/1620
f 1054/2227/1621 1060/2228/1621 1045/2229/1621
f 1060/2230/1622 1054/2231/1622 1055/2232/1622
f 1037/2203/1623 1033/2202/1623 1074/2233/1623
f 1021/2196/1624 1045/2234/1624 1076/2235/1624
f 1054/2236/1625 1075/2237/1625 1052/2238/1625
f 1059/2239/1626 1076/2235/1626 1045/2234/1626
f 1063/2078/1627 1055/2240/1627 1061/2241/1627
f 1061/2241/1628 1055/2240/1628 1054/2236/1628
f 1062/2242/1629 1059/2239/1629 1060/2243/1629
f 1078/2244/1630 1072/2245/1630 1069/2246/1630
f 1079/2247/1631 1025/2223/1631 1078/2244/1631
f 1058/2072/1632 1066/2071/1632 1077/2248/1632
f 1062/2249/1633 1055/2232/1633 1071/2250/1633
f 1053/2224/1634 1025/2223/1634 1079/2247/1634
f 1062/2242/1635 1065/2251/1635 1067/2252/1635
f 1080/2253/1636 1073/2254/1636 1069/2246/1636
f 1068/2255/1637 1070/2080/1637 1080/2079/1637
f 1068/2084/1638 1065/2083/1638 1071/2256/1638
f 1057/2257/1639 1069/2258/1639 1073/2259/1639
f 1068/2260/1640 1063/2078/1640 1057/2074/1640
f 1067/2261/1641 1066/2065/1641 1061/2262/1641
f 1071/2263/1642 1055/2240/1642 1063/2078/1642
f 1068/2260/1643 1071/2263/1643 1063/2078/1643
f 1025/2068/1644 1037/2089/1644 1077/2069/1644
f 1059/2264/1645 1061/2262/1645 1052/2265/1645
f 1074/2085/1646 1053/2266/1646 1079/2267/1646
f 1024/2087/1647 1053/2266/1647 1074/2085/1647
f 1058/2268/1648 1079/2269/1648 1064/2270/1648
f 1056/2271/1649 1064/2270/1649 1069/2272/1649
f 1072/2273/1650 1067/2274/1650 1065/2083/1650
f 1020/2038/1651 1047/2040/1651 1052/2238/1651
f 1078/2066/1652 1067/2261/1652 1072/2275/1652
f 1078/2066/1653 1066/2065/1653 1067/2261/1653
f 982/2090/1654 960/2092/1654 1013/2141/1654
f 966/2093/1599 961/2091/1599 962/2276/1599
f 963/2094/1655 966/2096/1655 962/2277/1655
f 988/1990/1656 968/2098/1656 983/1991/1656
f 989/2099/1657 970/2101/1657 968/2278/1657
f 960/2102/1658 985/1996/1658 984/2181/1658
f 961/2110/1659 986/1995/1659 962/1994/1659
f 971/1999/1660 976/2112/1660 978/2127/1660
f 987/2113/1661 968/2115/1661 970/2279/1661
f 972/2117/1662 967/2095/1662 963/2094/1662
f 977/2120/1663 963/1993/1663 986/1995/1663
f 975/2122/1664 969/2114/1664 985/1996/1664
f 980/2126/1665 976/2112/1665 981/2280/1665
f 981/2129/1666 975/2131/1666 979/2281/1666
f 979/2132/1667 973/1998/1667 974/2282/1667
f 978/2133/1668 972/2007/1668 977/2283/1668
f 1018/2138/1669 964/2119/1669 971/1999/1669
f 996/2140/1670 1013/2141/1670 992/2284/1670
f 996/2142/1671 993/2144/1671 998/2157/1671
f 1012/2145/1672 987/2113/1672 970/2279/1672
f 965/2111/1673 982/2148/1673 1015/2150/1673
f 1014/2149/1674 992/2013/1674 1013/2180/1674
f 997/2014/1675 999/2027/1675 993/2012/1675
f 1000/2153/1676 1003/2017/1676 1009/2163/1676
f 995/2154/1677 1016/2146/1677 1012/2145/1677
f 1001/2016/1678 1018/2138/1678 1003/2017/1678
f 1007/2155/1633 998/2157/1633 993/2144/1633
f 998/2152/1679 1002/2159/1679 1015/2150/1679
f 1010/2160/1680 1011/2162/1680 1019/2285/1680
f 1000/2153/1681 1019/2164/1681 1011/2286/1681
f 1006/2023/1682 1010/2029/1682 999/2027/1682
f 1017/2170/1683 995/2172/1683 1001/2287/1683
f 1017/2170/1684 1006/2175/1684 994/2171/1684
f 1008/2024/1685 1009/2176/1685 1002/2288/1685
f 965/2105/1686 1014/2178/1686 984/2106/1686
f 1013/2180/1687 984/2181/1687 1014/2149/1687
f 1018/2182/1688 987/2184/1688 1016/2289/1688
f 1021/2185/1689 1075/2187/1689 1045/2229/1689
f 1021/2185/1536 1027/2189/1536 1020/2186/1536
f 1023/2190/1655 1027/2192/1655 1022/2290/1655
f 1049/2035/1656 1030/2194/1656 1046/2036/1656
f 1050/2195/1690 1033/2086/1690 1030/2291/1690
f 1021/2196/1691 1029/2198/1691 1022/2201/1691
f 1032/2046/1692 1040/2199/1692 1051/2213/1692
f 1030/2044/1693 1037/2203/1693 1031/2045/1693
f 1050/2047/1694 1034/2204/1694 1024/2225/1694
f 1043/2205/1662 1028/2191/1662 1023/2190/1662
f 1036/2207/1695 1023/2200/1695 1029/2198/1695
f 1042/2062/1696 1031/2045/1696 1047/2040/1696
f 1039/2210/1697 1043/2049/1697 1041/2064/1697
f 1041/2212/1698 1040/2199/1698 1044/2292/1698
f 1044/2214/1614 1042/2216/1614 1038/2293/1614
f 1039/2217/1699 1042/2062/1699 1035/2042/1699
f 1026/2219/1700 1048/2221/1700 1029/2294/1700
f 1036/2209/1701 1048/2059/1701 1031/2055/1701
f 1025/2223/1702 1024/2225/1702 1034/2204/1702
f 1052/2075/1703 1026/2219/1703 1076/2076/1703
f 1054/2227/1704 1045/2229/1704 1075/2187/1704
f 1060/2230/1705 1055/2232/1705 1062/2249/1705
f 1037/2203/1706 1074/2233/1706 1077/2248/1706
f 1021/2196/1707 1076/2235/1707 1026/2197/1707
f 1054/2236/1708 1052/2238/1708 1061/2241/1708
f 1059/2239/1709 1045/2234/1709 1060/2243/1709
f 1063/2078/1710 1061/2241/1710 1066/2071/1710
f 1078/2244/1711 1069/2246/1711 1064/2295/1711
f 1079/2247/1712 1078/2244/1712 1064/2295/1712
f 1058/2072/1713 1077/2248/1713 1074/2233/1713
f 1062/2249/1714 1071/2250/1714 1065/2296/1714
f 1062/2242/1715 1067/2252/1715 1059/2239/1715
f 1080/2253/1716 1069/2246/1716 1072/2245/1716
f 1057/2257/1717 1073/2259/1717 1070/2297/1717
f 1068/2260/1718 1057/2074/1718 1070/2298/1718
f 1067/2261/1719 1061/2262/1719 1059/2264/1719
f 1074/2085/1720 1079/2267/1720 1058/2299/1720
f 1058/2268/1721 1064/2270/1721 1056/2271/1721
f 1056/2271/1722 1069/2272/1722 1057/2300/1722
f 1072/2273/1723 1065/2083/1723 1080/2082/1723
f 1020/2038/1724 1052/2238/1724 1075/2237/1724
f 1097/2301/1725 1101/2302/1726 1096/2303/1727
f 1099/2304/1728 1097/2301/1729 1098/2305/1730
f 1103/2306/1731 1099/2304/1732 1102/2307/1733
f 1103/2306/1734 1097/2301/1735 1099/2304/1736
f 1089/2308/1737 1085/2309/1738 1082/2310/1739
f 1082/2310/1740 1086/2311/1741 1104/2312/1741
f 1087/2313/1742 1104/2312/1743 1086/2311/1741
f 1087/2313/1744 1084/2314/1745 1083/2315/1746
f 1081/2316/1747 1094/2317/1748 1090/2318/1749
f 1094/2317/1750 1091/2319/1751 1090/2318/1750
f 1095/2320/1752 1091/2319/1753 1092/2321/1754
f 1095/2320/1755 1088/2322/1756 1093/2323/1757
f 1089/2324/1758 1096/2325/1759 1100/2326/1760
f 1096/2327/1761 1104/2328/1762 1097/2329/1763
f 1104/2328/1764 1098/2330/1765 1097/2329/1766
f 1084/2331/1767 1098/2332/1768 1083/2333/1769
f 1094/2334/1770 1100/2326/1770 1101/2335/1770
f 1101/2336/1771 1092/2337/1772 1094/2338/1773
f 1102/2339/1774 1092/2337/1775 1103/2340/1776
f 1084/2331/1777 1102/2341/1778 1099/2342/1779
f 1101/2302/1780 1100/2343/1781 1096/2303/1782
f 1101/2302/1783 1097/2301/1784 1103/2306/1785
f 1085/2344/1786 1106/2345/1787 1105/2346/1788
f 1105/2347/1789 1086/2348/1790 1085/2349/1791
f 1108/2350/1792 1086/2348/1793 1107/2351/1794
f 1109/2352/1795 1087/2353/1796 1108/2354/1797
f 1081/2355/1798 1110/2356/1799 1106/2345/1800
f 1090/2357/1801 1111/2358/1802 1110/2359/1803
f 1091/2360/1804 1112/2361/1805 1111/2358/1806
f 1109/2352/1807 1093/2362/1808 1088/2363/1809
f 1089/2308/1737 1081/2316/1810 1085/2309/1739
f 1082/2310/1811 1085/2309/1811 1086/2311/1812
f 1087/2313/1813 1083/2315/1813 1104/2312/1814
f 1087/2313/1815 1088/2322/1816 1084/2314/1817
f 1081/2316/1818 1089/2308/1818 1094/2317/1819
f 1094/2317/1820 1092/2321/1821 1091/2319/1822
f 1095/2320/1823 1093/2323/1824 1091/2319/1825
f 1095/2320/1826 1084/2314/1827 1088/2322/1827
f 1089/2324/1828 1082/2364/1829 1096/2325/1830
f 1096/2327/1831 1082/2365/1832 1104/2328/1763
f 1104/2328/1833 1083/2366/1834 1098/2330/1834
f 1084/2331/1835 1099/2342/1836 1098/2332/1837
f 1094/2334/1838 1089/2324/1838 1100/2326/1838
f 1101/2336/1771 1103/2340/1839 1092/2337/1840
f 1102/2339/1841 1095/2367/1841 1092/2337/1842
f 1084/2331/1843 1095/2368/1844 1102/2341/1844
f 1085/2344/1845 1081/2355/1846 1106/2345/1847
f 1105/2347/1848 1107/2351/1849 1086/2348/1850
f 1108/2350/1851 1087/2369/1852 1086/2348/1853
f 1109/2352/1854 1088/2363/1855 1087/2353/1856
f 1081/2355/1857 1090/2370/1858 1110/2356/1859
f 1090/2357/1860 1091/2360/1861 1111/2358/1862
f 1091/2360/1863 1093/2371/1864 1112/2361/1865
f 1109/2352/1866 1112/2372/1867 1093/2362/1868
f 1113/2373/1869 1121/2374/1870 1128/2375/1871
f 1128/2375/1871 1120/2376/1872 1113/2373/1873
f 1122/2377/1874 1120/2376/1875 1114/2378/1876
f 1114/2379/1877 1128/2380/1878 1116/2381/1879
f 1166/2382/1880 1148/2383/1881 1120/2376/1882
f 1117/2384/1883 1113/2373/1884 1120/2376/1885
f 1119/2385/1886 1117/2386/1887 1148/2387/1888
f 1119/2385/1889 1118/2388/1890 1155/2389/1891
f 1166/2382/1892 1120/2376/1893 1122/2377/1894
f 1117/2386/1895 1119/2385/1896 1150/2390/1897
f 1124/2391/1898 1128/2392/1899 1115/2393/1900
f 1121/2394/1901 1113/2395/1902 1127/2396/1903
f 1129/2397/1904 1113/2398/1905 1117/2386/1906
f 1127/2399/1907 1135/2400/1908 1125/2401/1909
f 1126/2402/1910 1125/2401/1911 1135/2400/1912
f 1124/2391/1913 1125/2403/1914 1128/2392/1915
f 1116/2381/1916 1128/2380/1917 1125/2404/1918
f 1126/2402/1919 1132/2405/1920 1116/2406/1921
f 1125/2401/1922 1126/2402/1923 1116/2406/1924
f 1118/2388/1925 1149/2407/1926 1130/2408/1925
f 1131/2409/1927 1133/2410/1928 1132/2405/1928
f 1134/2411/1929 1132/2405/1930 1126/2402/1931
f 1137/2412/1932 1149/2407/1926 1136/2413/1933
f 1130/2408/1934 1149/2407/1926 1137/2412/1934
f 1135/2414/1935 1127/2396/1936 1113/2395/1937
f 1144/2415/1938 1134/2416/1939 1148/2417/1940
f 1134/2416/1941 1149/2418/1942 1148/2417/1943
f 1155/2389/1891 1152/2419/1944 1119/2385/1896
f 1167/2420/1945 1162/2421/1946 1169/2422/1947
f 1167/2420/1948 1163/2423/1949 1164/2424/1950
f 1164/2424/1951 1162/2421/1952 1167/2420/1953
f 1166/2382/1954 1167/2420/1955 1186/2425/1956
f 1188/2426/1957 1168/2427/1958 1165/2428/1959
f 1167/2429/1960 1174/2430/1961 1197/2431/1962
f 1167/2429/1963 1169/2432/1964 1174/2430/1965
f 1165/2428/1966 1168/2427/1967 1201/2433/1968
f 1164/2434/1969 1163/2435/1970 1172/2436/1971
f 1174/2437/1972 1171/2438/1973 1175/2439/1974
f 1171/2438/1975 1127/2399/1976 1170/2440/1977
f 1188/2426/1978 1187/2441/1979 1168/2427/1980
f 1133/2410/1981 1131/2409/1982 1173/2442/1981
f 1131/2409/1983 1175/2439/1984 1173/2442/1985
f 1174/2437/1986 1175/2439/1987 1131/2409/1988
f 1174/2430/1989 1195/2443/1990 1197/2431/1991
f 1168/2444/1992 1180/2445/1993 1179/2446/1994
f 1168/2444/1995 1179/2446/1996 1181/2447/1996
f 1181/2447/1997 1148/2417/1998 1168/2444/1999
f 1180/2445/2000 1168/2444/2001 1184/2448/2002
f 1131/2449/2003 1185/2450/2004 1184/2448/2005
f 1148/2417/2006 1186/2451/2007 1168/2444/2008
f 1188/2426/2009 1191/2452/2010 1187/2441/2011
f 1204/2453/2012 1140/2454/2013 1141/2455/2014
f 1139/2456/2015 1140/2457/2016 1205/2458/2017
f 1140/2454/2018 1204/2453/2019 1205/2459/2017
f 1221/2460/2020 1231/2461/2021 1220/2462/2022
f 1230/2463/2023 1220/2462/2024 1225/2464/2025
f 1227/2465/2026 1276/2466/2027 1222/2467/2026
f 1223/2468/2028 1237/2469/2029 1220/2470/2030
f 1230/2471/2031 1223/2472/2032 1220/2473/2033
f 1227/2474/2034 1225/2464/2035 1226/2475/2036
f 1224/2476/2037 1231/2477/2038 1229/2478/2039
f 1254/2479/2040 1224/2476/2041 1268/2480/2042
f 1228/2481/2043 1254/2479/2044 1270/2482/2045
f 1222/2467/2046 1236/2483/2047 1227/2465/2046
f 1223/2468/2048 1233/2484/2049 1237/2469/2050
f 1229/2485/2051 1235/2486/2052 1239/2487/2053
f 1260/2488/2054 1238/2489/2055 1257/2490/2056
f 1255/2491/2057 1239/2487/2058 1281/2492/2059
f 1281/2492/2060 1239/2487/2061 1236/2493/2062
f 1256/2494/2063 1229/2478/2064 1255/2495/2065
f 1239/2487/2066 1255/2491/2067 1229/2485/2068
f 1256/2494/2069 1238/2489/2070 1260/2488/2070
f 1231/2496/2071 1232/2497/2072 1235/2498/2073
f 1235/2499/2074 1229/2478/2075 1231/2477/2076
f 1254/2500/2077 1248/2501/2078 1247/2502/2079
f 1249/2503/2080 1294/2504/2081 1254/2500/2082
f 1248/2501/2083 1254/2500/2084 1251/2505/2085
f 1255/2506/2086 1250/2507/2087 1253/2508/2088
f 1255/2506/2089 1253/2508/2090 1251/2505/2091
f 1254/2500/2092 1294/2504/2093 1226/2509/2094
f 1276/2510/2095 1294/2511/1981 1278/2512/1667
f 1272/2513/2096 1221/2460/2097 1274/2514/2098
f 1274/2514/2099 1275/2515/2100 1272/2513/2101
f 1274/2514/2102 1221/2460/2103 1237/2516/2104
f 1276/2466/2105 1278/2517/2106 1222/2467/2107
f 1287/2518/2108 1272/2519/2109 1275/2520/2110
f 1305/2521/2111 1299/2522/2112 1277/2523/2113
f 1300/2524/2114 1299/2522/2112 1305/2521/2115
f 1221/2525/2116 1272/2526/2117 1232/2497/2118
f 1284/2527/2119 1286/2528/2120 1281/2492/2121
f 1285/2529/2122 1233/2530/2123 1232/2531/2124
f 1285/2529/2125 1286/2528/2126 1284/2527/2127
f 1233/2530/2123 1285/2529/2128 1282/2532/2129
f 1284/2527/1729 1282/2532/2130 1285/2529/2131
f 1222/2533/2132 1281/2492/2133 1236/2493/2134
f 1282/2534/2135 1237/2469/2136 1233/2484/2137
f 1280/2535/2138 1286/2536/2139 1279/2537/2140
f 1222/2467/2141 1278/2517/2142 1283/2538/2143
f 1292/2539/2144 1294/2504/2145 1249/2503/2146
f 1293/2540/2147 1298/2541/2148 1294/2504/2149
f 1294/2504/2150 1292/2539/2151 1295/2542/2152
f 1302/2543/2153 1277/2523/2154 1298/2544/2155
f 1312/2545/2156 1290/2546/2157 1291/2547/2158
f 1291/2548/2159 1204/2453/2160 1312/2549/2161
f 1139/2456/2162 1245/2550/2163 1138/2551/2164
f 1149/2407/2165 1126/2552/2166 1129/2397/2167
f 1123/2553/2168 1166/2382/2169 1122/2377/2168
f 1121/2374/2170 1115/2554/2171 1128/2375/2172
f 1114/2378/1876 1120/2376/2173 1128/2375/2174
f 1114/2379/2175 1116/2381/2176 1122/2555/2177
f 1120/2376/2178 1148/2383/2179 1117/2384/2180
f 1117/2386/2181 1150/2390/1561 1151/2556/1561
f 1125/2401/2182 1124/2557/2183 1127/2399/2184
f 1129/2397/2185 1126/2552/2186 1135/2558/2187
f 1136/2413/2188 1129/2397/2189 1117/2386/2190
f 1118/2388/2191 1119/2385/2192 1149/2407/2193
f 1131/2409/2194 1132/2405/2195 1134/2411/2196
f 1123/2559/2197 1132/2560/2198 1133/2561/2198
f 1132/2562/2199 1122/2555/2200 1116/2381/2201
f 1142/2563/2202 1138/2564/2203 1219/2565/2202
f 1129/2397/2204 1135/2558/2205 1113/2398/2206
f 1117/2386/2207 1151/2556/2208 1136/2413/2208
f 1139/2566/2209 1207/2567/2210 1210/2568/2209
f 1140/2569/2211 1210/2568/2212 1212/2570/2213
f 1141/2571/2214 1212/2570/2215 1214/2572/2216
f 1153/2573/2217 1118/2574/2217 1154/2575/2217
f 1148/2417/2218 1181/2447/2219 1143/2576/2220
f 1143/2576/2221 1145/2577/2222 1148/2417/2223
f 1145/2577/2224 1144/2415/2224 1148/2417/2225
f 1147/2578/2226 1146/2579/2227 1134/2416/2228
f 1134/2416/2229 1144/2415/2230 1147/2578/2231
f 1149/2407/2232 1119/2385/2233 1148/2387/2234
f 1150/2390/2235 1119/2385/2236 1152/2419/2237
f 1130/2580/2238 1154/2575/2239 1118/2574/2240
f 1130/2581/2241 1157/2582/2242 1156/2583/2243
f 1158/2584/2244 1137/2585/2245 1136/2586/2246
f 1159/2587/2247 1136/2588/2248 1151/2589/2249
f 1160/2590/2250 1151/2589/2251 1150/2591/2252
f 1152/2592/2253 1160/2593/2254 1150/2594/2255
f 1152/2592/2256 1153/2595/2257 1161/2596/2258
f 1199/2597/2259 1168/2427/2260 1167/2429/2261
f 1169/2422/2262 1162/2421/2263 1121/2374/2264
f 1123/2553/2265 1163/2423/2266 1166/2382/2267
f 1162/2421/2268 1115/2554/2269 1121/2374/2270
f 1186/2425/2271 1167/2420/2272 1168/2598/2273
f 1167/2420/2274 1166/2382/2275 1163/2423/2276
f 1197/2431/1962 1199/2597/2277 1167/2429/2278
f 1170/2599/2279 1115/2393/2280 1162/2600/2281
f 1164/2434/2282 1170/2601/2283 1162/2602/2283
f 1169/2603/2284 1127/2396/2285 1171/2604/2286
f 1170/2440/2287 1175/2439/2288 1171/2438/2289
f 1174/2430/2290 1169/2432/2291 1171/2605/2292
f 1127/2399/2293 1124/2557/2294 1170/2440/2295
f 1175/2439/2296 1172/2606/2297 1173/2442/2298
f 1195/2443/2299 1187/2441/2300 1193/2607/2299
f 1174/2430/2301 1131/2608/2302 1187/2441/2303
f 1123/2559/2304 1173/2609/2304 1163/2610/2304
f 1172/2436/2305 1163/2435/2306 1173/2611/2307
f 1142/2563/2308 1206/2612/2309 1176/2613/2310
f 1203/2614/2311 1176/2613/2312 1206/2612/2312
f 1312/2615/2313 1177/2616/2314 1203/2614/2315
f 1178/2617/2316 1141/2571/2317 1214/2572/2318
f 1165/2618/2319 1189/2619/2320 1188/2620/2321
f 1184/2448/2322 1168/2444/2323 1131/2449/2324
f 1131/2449/2325 1183/2621/2326 1182/2622/2327
f 1131/2449/2328 1146/2579/2329 1183/2621/2330
f 1146/2579/2331 1131/2449/2332 1134/2416/2333
f 1182/2622/2334 1185/2450/2335 1131/2449/2336
f 1186/2425/2337 1148/2383/2338 1166/2382/2339
f 1131/2449/2340 1168/2444/2341 1187/2623/2342
f 1193/2607/2343 1187/2441/2344 1191/2452/2345
f 1192/2624/2346 1188/2620/2347 1189/2619/2347
f 1194/2625/2348 1191/2626/2349 1192/2627/2350
f 1196/2628/2351 1193/2629/2352 1194/2625/2353
f 1198/2630/2354 1195/2631/2355 1196/2632/2356
f 1200/2633/2357 1197/2634/2358 1198/2630/2358
f 1199/2635/2359 1202/2636/2360 1201/2637/2361
f 1201/2637/2362 1190/2638/2363 1165/2639/2364
f 1204/2453/2365 1141/2455/2366 1312/2549/2367
f 1206/2640/2368 1290/2546/2369 1203/2641/2370
f 1203/2641/2371 1290/2546/2372 1312/2545/2373
f 1142/2642/2374 1208/2643/2375 1207/2644/2376
f 1207/2645/2377 1211/2646/2378 1210/2647/2379
f 1213/2648/2380 1210/2647/2381 1211/2646/2382
f 1214/2649/2383 1213/2650/2384 1215/2651/2385
f 1142/2642/2386 1216/2652/2387 1209/2653/2386
f 1177/2654/2388 1216/2655/2389 1176/2656/2389
f 1178/2657/2390 1217/2658/2391 1177/2654/2392
f 1214/2649/2393 1218/2659/2394 1178/2660/2394
f 1226/2661/2395 1224/2476/2396 1254/2479/2397
f 1219/2662/2398 1240/2663/2399 1289/2664/2400
f 1220/2462/2401 1231/2461/2402 1225/2464/2403
f 1227/2474/2404 1230/2463/2405 1225/2464/2406
f 1220/2462/2407 1237/2516/2408 1221/2460/2409
f 1224/2476/2410 1225/2665/2411 1231/2477/2412
f 1238/2489/2054 1228/2481/2413 1257/2490/2414
f 1223/2666/2415 1239/2487/2416 1235/2486/2417
f 1226/2475/2418 1294/2511/2419 1227/2474/2419
f 1276/2510/2420 1227/2474/2421 1294/2511/2422
f 1254/2479/2423 1268/2480/2424 1270/2482/2425
f 1221/2525/2426 1232/2497/2427 1231/2496/2428
f 1266/2667/2429 1268/2480/2430 1224/2476/2431
f 1235/2486/2432 1232/2531/2433 1233/2530/2434
f 1239/2487/2435 1234/2668/2436 1236/2493/2437
f 1223/2666/2438 1235/2486/2439 1233/2530/2440
f 1229/2478/2441 1264/2669/2442 1224/2476/2443
f 1227/2670/2444 1236/2671/2445 1234/2672/2446
f 1245/2673/2447 1315/2674/2448 1240/2675/2449
f 1256/2494/2450 1262/2676/2451 1264/2669/2451
f 1256/2494/2452 1260/2488/2453 1262/2676/2453
f 1227/2670/2454 1234/2672/2455 1230/2471/2456
f 1230/2471/2457 1234/2672/2458 1223/2472/2459
f 1264/2669/2460 1266/2667/2461 1224/2476/2462
f 1246/2677/2463 1241/2678/2464 1245/2673/2465
f 1205/2679/2466 1242/2680/2467 1246/2677/2468
f 1204/2681/2469 1243/2682/2470 1205/2679/2471
f 1259/2683/2472 1257/2684/2473 1228/2685/2472
f 1247/2502/2474 1249/2503/2475 1254/2500/2476
f 1255/2506/2477 1252/2686/2478 1250/2507/2479
f 1254/2500/2480 1255/2506/2481 1251/2505/2482
f 1256/2494/2483 1254/2479/2484 1238/2489/2485
f 1298/2687/2486 1255/2491/2487 1281/2492/2488
f 1256/2688/2489 1255/2506/2490 1254/2500/2491
f 1258/2689/2492 1260/2690/2493 1257/2684/2494
f 1261/2691/2495 1262/2692/2496 1260/2693/2497
f 1265/2694/2498 1262/2692/2499 1263/2695/2500
f 1264/2696/2501 1267/2697/2502 1266/2698/2503
f 1269/2699/2504 1266/2698/2505 1267/2697/2506
f 1271/2700/2507 1268/2701/2508 1269/2702/2509
f 1271/2700/2510 1228/2703/2511 1270/2704/2512
f 1275/2520/2513 1299/2522/2514 1287/2518/2515
f 1275/2515/2516 1278/2512/2517 1294/2511/2518
f 1275/2515/2519 1273/2705/2520 1278/2512/2521
f 1273/2705/2520 1275/2515/2522 1274/2514/2523
f 1287/2518/2524 1285/2706/2525 1272/2519/2526
f 1300/2524/2115 1287/2518/2527 1299/2522/2528
f 1282/2534/2529 1274/2707/2530 1237/2469/2482
f 1274/2708/2531 1282/2709/2532 1273/2710/2533
f 1284/2527/2534 1281/2492/2535 1283/2711/2536
f 1222/2533/2537 1283/2711/2538 1281/2492/2539
f 1281/2492/2540 1286/2528/2541 1298/2687/2542
f 1277/2523/2543 1299/2522/2544 1298/2544/2545
f 1287/2518/2546 1279/2537/2547 1286/2536/2548
f 1232/2497/2549 1272/2526/2550 1285/2712/2551
f 1283/2713/2552 1273/2710/1971 1284/2714/2553
f 1280/2535/2554 1298/2544/2555 1286/2536/2556
f 1280/2535/2557 1288/2715/2557 1298/2544/2558
f 1289/2716/2559 1315/2674/2560 1320/2717/2561
f 1284/2714/2562 1273/2710/2563 1282/2709/2564
f 1320/2717/2565 1290/2718/2566 1289/2716/2567
f 1291/2719/2568 1322/2720/2569 1324/2721/2570
f 1204/2681/2571 1324/2721/2572 1244/2722/2571
f 1296/2723/2573 1255/2506/2574 1298/2541/2575
f 1295/2542/2576 1293/2540/2577 1294/2504/2578
f 1297/2724/2579 1296/2723/2580 1298/2541/2581
f 1303/2725/2582 1277/2726/2583 1304/2727/2584
f 1298/2541/2585 1293/2540/2586 1297/2724/2587
f 1299/2728/2588 1294/2504/2589 1298/2541/2590
f 1301/2729/2591 1287/2518/2592 1300/2524/2593
f 1279/2537/2594 1287/2518/2595 1301/2729/2596
f 1302/2543/2597 1298/2544/2598 1288/2715/2599
f 1302/2730/2600 1304/2727/2601 1277/2726/2601
f 1302/2731/2602 1307/2732/2603 1306/2733/2604
f 1308/2734/2605 1288/2735/2606 1280/2736/2607
f 1308/2737/2608 1279/2738/2609 1309/2739/2609
f 1309/2739/2610 1301/2740/2611 1310/2741/2612
f 1301/2742/2613 1311/2743/2614 1310/2744/2615
f 1311/2743/2616 1305/2745/2617 1303/2746/2618
f 1139/2456/2619 1246/2747/2620 1245/2550/2621
f 1205/2458/2622 1246/2747/2623 1139/2456/2624
f 1315/2748/2625 1314/2749/2626 1313/2750/2627
f 1316/2751/2628 1241/2752/2629 1242/2753/2630
f 1242/2753/2631 1317/2754/2632 1316/2751/2633
f 1317/2755/2634 1244/2756/2635 1318/2757/2636
f 1320/2758/2637 1313/2750/2638 1319/2759/2639
f 1322/2760/2640 1319/2761/2641 1321/2762/2642
f 1321/2762/2643 1324/2763/2644 1322/2760/2645
f 1323/2764/2646 1244/2756/2647 1324/2765/2646
f 1219/2662/2648 1245/2766/2649 1240/2663/2650
f 1289/2664/2651 1206/2767/2652 1219/2662/2653
f 1206/2640/2368 1289/2768/2654 1290/2546/2655
f 1329/2769/2656 1367/2770/2657 1325/2771/2658
f 1327/2772/2659 1326/2773/2659 1333/2774/2660
f 1335/2775/2661 1363/2776/2662 1330/2777/2663
f 1339/2778/2664 1332/2779/2665 1352/2780/2666
f 1335/2781/2667 1338/2782/2668 1351/2783/2669
f 1327/2772/2670 1336/2784/2671 1326/2773/2672
f 1341/2785/2673 1342/2786/2674 1358/2787/2675
f 1358/2787/2676 1347/2788/2677 1341/2785/2678
f 1341/2785/2679 1348/2789/2680 1342/2786/2681
f 1351/2790/2682 1350/2791/2683 1360/2792/2684
f 1351/2790/2685 1355/2793/2686 1347/2788/2687
f 1352/2780/2688 1353/2794/2689 1338/2795/1509
f 1350/2791/2690 1347/2788/2691 1358/2787/2692
f 1350/2796/2693 1359/2797/2694 1360/2798/2695
f 1360/2798/2696 1361/2799/2697 1337/2800/2698
f 1337/2800/2699 1362/2801/2700 1363/2802/2701
f 1330/2803/2702 1364/2804/2703 1365/2805/2704
f 1374/2806/2705 1373/2807/2706 1368/2808/2707
f 1379/2809/2708 1407/2810/2709 1408/2811/2710
f 1406/2812/2711 1380/2813/2712 1377/2814/2713
f 1379/2809/2714 1377/2814/2715 1407/2810/2716
f 1388/2815/2717 1387/2816/2717 1371/2817/2717
f 1384/2818/2718 1386/2819/2719 1390/2820/2720
f 1388/2815/2721 1394/2821/2721 1387/2816/2721
f 1396/2822/2722 1397/2823/2723 1393/2824/2724
f 1396/2822/2725 1390/2820/2726 1386/2819/2727
f 1389/2825/2728 1399/2826/2729 1373/2807/2730
f 1399/2827/2731 1389/2828/2732 1400/2829/2731
f 1384/2830/2733 1400/2831/2734 1389/2832/2735
f 1401/2833/2736 1390/2834/2737 1393/2835/2738
f 1402/2836/2739 1393/2837/2740 1408/2838/2741
f 1408/2838/2742 1403/2839/2743 1402/2836/2744
f 1404/2840/2745 1380/2841/2746 1406/2842/2747
f 1431/2843/2748 1429/2844/2749 1430/2845/2750
f 1426/2846/2751 1427/2847/2752 1430/2845/2753
f 1429/2844/2754 1425/2848/2755 1430/2845/2756
f 1449/2849/2757 1455/2850/2758 1445/2851/2759
f 1452/2852/2760 1450/2853/2761 1480/2854/2762
f 1450/2855/2763 1447/2856/2764 1479/2857/2765
f 1452/2858/2766 1447/2856/2767 1450/2855/2768
f 1481/2859/2769 1461/2860/2770 1459/2861/2771
f 1464/2862/2772 1461/2860/2773 1460/2863/2774
f 1460/2863/2775 1481/2859/2776 1446/2864/2777
f 1446/2864/2778 1448/2865/2779 1460/2863/2780
f 1461/2860/2781 1482/2866/2782 1459/2861/2783
f 1466/2867/2784 1469/2868/2785 1462/2869/2786
f 1456/2870/2345 1457/2871/2787 1467/2872/2788
f 1469/2868/2789 1468/2873/2790 1465/2874/2791
f 1459/2875/2792 1472/2876/2793 1481/2877/2794
f 1465/2878/2795 1473/2879/2796 1482/2880/2797
f 1476/2881/2798 1450/2882/2799 1479/2883/2800
f 1442/2884/2801 1477/2885/2802 1478/2886/2803
f 1477/2887/2804 1442/2888/2805 1471/2889/2806
f 1446/2890/2807 1471/2889/2808 1442/2888/2809
f 1497/2891/2810 1487/2892/2811 1489/2893/2812
f 1489/2894/2813 1491/2895/2814 1497/2896/2815
f 1484/2897/2816 1489/2893/2817 1483/2898/2818
f 1492/2899/2819 1496/2900/2820 1497/2891/2821
f 1494/2901/2822 1486/2902/2451 1507/2903/2823
f 1497/2891/2824 1519/2904/2825 1487/2892/2826
f 1508/2905/2827 1496/2906/2828 1493/2907/2829
f 1497/2896/2830 1491/2895/2831 1485/2908/2832
f 1497/2891/2833 1496/2900/2834 1519/2904/2835
f 1504/2909/2836 1502/2910/2837 1501/2911/2838
f 1501/2911/2839 1514/2912/2840 1516/2913/2841
f 1501/2914/2842 1510/2915/2843 1503/2916/2844
f 1486/2902/2451 1500/2917/2845 1507/2903/2823
f 1506/2918/2846 1511/2919/2847 1509/2920/2848
f 1501/2911/2849 1516/2913/2850 1509/2920/2851
f 1508/2905/2852 1506/2921/2853 1496/2906/2854
f 1509/2922/2855 1510/2915/2856 1501/2914/2857
f 1506/2918/2858 1509/2920/2859 1516/2913/2860
f 1522/2923/2861 1513/2924/2862 1498/2925/2863
f 1513/2926/2864 1512/2927/2865 1514/2928/2866
f 1516/2929/2867 1515/2930/2868 1505/2931/2869
f 1517/2932/2870 1505/2933/2871 1515/2934/2870
f 1518/2935/2872 1495/2936/2872 1517/2937/2872
f 1483/2938/2873 1520/2939/2873 1521/2940/2873
f 1523/2941/2874 1521/2942/2875 1522/2923/2876
f 1334/2943/2877 1325/2944/2878 1328/2945/2879
f 1326/2946/2880 1329/2947/2881 1325/2944/2882
f 1332/2779/167 1327/2948/2883 1333/2949/2884
f 1345/2950/2885 1332/2779/2885 1331/2951/659
f 1367/2952/2886 1346/2953/2887 1328/2954/2888
f 1332/2955/2889 1328/2956/2889 1331/2957/2889
f 1326/2958/2890 1332/2959/2890 1333/2960/2891
f 1339/2961/2892 1335/2962/2893 1340/2963/2893
f 1345/2950/2894 1352/2780/2894 1332/2779/2894
f 1325/2944/2895 1367/2964/2896 1328/2945/2897
f 1335/2775/2898 1336/2965/2899 1340/2966/2900
f 1332/2779/2901 1339/2778/2902 1327/2948/2903
f 1338/2795/2904 1339/2778/2905 1352/2780/2906
f 1337/2967/2907 1363/2776/2908 1335/2775/2909
f 1326/2946/2910 1336/2965/2911 1330/2777/2912
f 1336/2968/2913 1339/2969/2913 1340/2970/2914
f 1328/2971/2915 1349/2972/2915 1331/2973/2916
f 1335/2775/2917 1330/2777/2918 1336/2965/2919
f 1351/2790/2920 1337/2967/2921 1335/2775/2922
f 1344/2974/2923 1348/2789/2924 1341/2785/2925
f 1354/2975/2926 1345/2950/2927 1343/2976/2928
f 1345/2950/84 1331/2951/2929 1349/2977/2930
f 1354/2975/2931 1352/2780/2932 1345/2950/2932
f 1346/2978/2933 1342/2786/2934 1348/2789/2935
f 1346/2978/2936 1348/2789/2937 1328/2945/2938
f 1348/2979/2939 1345/2980/2939 1349/2981/2939
f 1341/2982/2940 1345/2983/2941 1344/2984/2940
f 1343/2985/2942 1347/2986/2942 1354/2987/2942
f 1351/2988/2943 1352/2989/2944 1355/2990/2943
f 1360/2792/2945 1337/2967/2946 1351/2790/2947
f 1338/2782/2948 1353/2991/2949 1351/2783/2950
f 1352/2992/2951 1347/2993/2952 1355/2994/2953
f 1359/2995/2954 1358/2996/2955 1357/2997/2956
f 1347/2788/2957 1350/2791/2958 1351/2790/2959
f 1366/2998/2960 1356/2999/2960 1346/3000/2961
f 1342/3001/2962 1346/3002/2963 1356/3003/2964
f 1342/3004/2965 1356/3005/2965 1357/2997/2965
f 1357/2997/2966 1358/2996/2967 1342/3004/2968
f 1364/2804/2969 1363/3006/2970 1362/3007/2971
f 1360/2798/2972 1359/2797/2973 1361/2799/2974
f 1337/2800/2975 1361/2799/2976 1362/2801/2975
f 1365/2805/2977 1367/3008/2978 1329/3009/2979
f 1329/3009/2980 1330/2803/2981 1365/2805/2982
f 1374/2806/2983 1369/3010/2984 1376/3011/2985
f 1346/2953/2986 1367/2952/2987 1366/3012/2988
f 1372/3013/2989 1382/3014/2990 1378/3015/2991
f 1372/3016/2992 1374/3017/2993 1376/3018/2994
f 1370/3019/571 1372/3013/2995 1371/2817/2991
f 1369/3020/2996 1372/3021/2997 1376/3022/2996
f 1379/3023/2998 1378/3024/2999 1383/3025/2998
f 1372/3013/3000 1378/3015/3001 1371/2817/3001
f 1368/2808/3002 1406/2812/3003 1369/3010/3004
f 1377/2814/3005 1380/2813/3006 1407/2810/3007
f 1377/2814/3008 1379/2809/3009 1383/3026/3010
f 1378/3027/3011 1377/3028/3012 1383/3029/3013
f 1382/3030/3014 1369/3031/3015 1377/3032/3015
f 1385/3033/3016 1373/2807/3017 1374/2806/3018
f 1369/3010/3019 1406/2812/3020 1377/2814/3021
f 1384/2818/3022 1389/2825/3023 1385/3033/3024
f 1392/3034/3025 1386/2819/3026 1385/3033/3027
f 1391/3035/3028 1370/3019/3029 1371/2817/3030
f 1371/2817/3031 1378/3015/3032 1388/2815/3033
f 1374/3036/3034 1391/3037/3035 1385/3038/3034
f 1371/3039/3036 1385/3040/3037 1391/3041/3038
f 1371/3042/3039 1386/3043/3040 1392/3044/3041
f 1398/3045/3042 1378/3015/3043 1381/3046/3042
f 1386/3047/3044 1387/3048/3045 1394/3049/3044
f 1386/2819/3046 1384/2818/3047 1385/3033/3048
f 1397/2823/3049 1396/2822/3050 1395/3050/3051
f 1379/3051/3052 1398/3052/3052 1381/3053/3053
f 1397/2823/3054 1408/2811/3055 1393/2824/3056
f 1408/2811/3057 1397/2823/3058 1379/2809/3059
f 1397/3054/3060 1388/3055/3061 1398/3056/3062
f 1388/3057/3063 1396/3058/3064 1394/3059/3064
f 1404/3060/3065 1407/3061/3066 1380/3062/3067
f 1396/3063/3068 1386/3047/3069 1394/3049/3070
f 1396/2822/3071 1393/2824/3072 1390/2820/3073
f 1384/2830/3074 1390/2834/3075 1400/2831/3076
f 1401/2833/3077 1400/2831/3078 1390/2834/3079
f 1402/3064/3080 1401/3065/3081 1393/3066/3082
f 1408/2838/3083 1407/3061/3084 1403/2839/3085
f 1405/3067/3086 1373/3068/3087 1399/3069/3088
f 1406/2842/3089 1405/3070/3089 1404/2840/3089
f 1405/3070/3090 1406/2842/3091 1368/3071/3092
f 1416/3072/3093 1415/3073/3094 1409/3074/3095
f 1411/3075/3096 1416/3072/3097 1412/3076/3098
f 1412/3076/3099 1413/3077/3100 1411/3075/3101
f 1413/3077/3102 1418/3078/3103 1414/3079/3103
f 1421/3080/3104 1409/3074/3105 1415/3073/3106
f 1419/3081/3107 1422/3082/3108 1432/3083/3108
f 1420/3084/3109 1422/3082/3108 1423/3085/3109
f 1414/3079/3110 1420/3084/3111 1423/3085/3112
f 1409/3086/3113 1428/3087/3114 1416/3088/3114
f 1428/3089/3115 1412/3090/3116 1416/3091/3117
f 1412/3090/3118 1431/3092/3119 1417/3093/3120
f 1431/3094/3121 1418/3095/3122 1417/3096/3123
f 1424/3097/3124 1419/3098/3125 1425/3099/3126
f 1419/3100/3127 1426/3101/3128 1425/3102/3129
f 1427/3103/3130 1432/3104/3131 1420/3105/3132
f 1418/3095/3133 1427/3106/3134 1420/3107/3135
f 1429/2844/3136 1428/3108/3137 1424/3109/3138
f 1425/2848/3139 1426/2846/3140 1430/2845/3141
f 1424/3109/3142 1425/2848/3143 1429/2844/3143
f 1434/3110/3144 1415/3111/3145 1410/3112/3146
f 1435/3113/3147 1410/3114/3148 1411/3115/3149
f 1411/3115/3150 1436/3116/3151 1435/3113/3152
f 1413/3117/3153 1437/3118/3154 1436/3119/3155
f 1438/3120/3156 1415/3111/3157 1433/3121/3158
f 1421/3122/3159 1439/3123/3160 1422/3124/3161
f 1422/3124/3162 1440/3125/3163 1423/3126/3164
f 1437/3118/3165 1423/3127/3166 1440/3128/3167
f 1445/2851/3168 1458/3129/3169 1444/3130/3169
f 1442/3131/3170 1478/3132/3171 1441/3133/3172
f 1443/3134/3173 1448/2865/3174 1441/3133/3175
f 1441/3133/3176 1479/2857/3177 1447/2856/3178
f 1448/2865/3179 1446/2864/3180 1442/3131/3181
f 1445/3135/3182 1448/3136/3183 1443/3137/3184
f 1441/3138/3185 1445/3139/3186 1443/3140/3185
f 1447/3141/3187 1449/3142/3188 1441/3143/3188
f 1455/3144/3189 1452/3145/3189 1451/3146/3190
f 1445/2851/3191 1455/2850/3192 1457/2871/3193
f 1448/2865/3194 1442/3131/3195 1441/3133/3196
f 1454/3147/3197 1447/2856/3198 1452/2858/3199
f 1455/2850/3200 1449/2849/3201 1453/3148/3202
f 1470/3149/3203 1451/3150/3204 1452/3151/3205
f 1455/3152/3206 1447/3153/3207 1454/3154/3208
f 1458/3155/3209 1448/3156/3209 1444/3157/3209
f 1457/2871/3210 1456/2870/3211 1463/3158/3212
f 1460/3159/3213 1457/3160/3214 1464/3161/3213
f 1457/3162/3215 1461/3163/3216 1464/3164/3217
f 1462/3165/3218 1463/3166/3218 1456/3167/3218
f 1467/2872/3219 1451/3168/3219 1470/3169/3219
f 1461/2860/3220 1462/2869/3221 1482/2866/3222
f 1461/2860/2770 1481/2859/2769 1460/2863/3223
f 1469/3170/3224 1480/2854/3225 1468/3171/3226
f 1457/2871/3227 1455/2850/3228 1467/2872/3229
f 1469/3172/3230 1467/3173/3231 1470/3174/3230
f 1465/2874/3232 1482/2866/3233 1462/2869/3234
f 1470/3149/3235 1452/3151/3236 1469/3175/3237
f 1462/3176/3238 1467/3177/3238 1466/3178/3239
f 1471/2889/3240 1481/2877/3241 1472/2876/3242
f 1469/2868/3243 1465/2874/3244 1462/2869/3245
f 1472/3179/3246 1482/2880/3247 1473/2879/3248
f 1465/2878/3249 1474/3180/3250 1473/2879/3251
f 1468/3171/3252 1475/3181/3253 1474/3182/3254
f 1450/2882/3255 1475/3183/3256 1480/3184/3257
f 1479/2883/3258 1477/2885/3259 1476/2881/3260
f 1486/3185/3261 1484/3186/3262 1488/3187/3263
f 1490/3188/3264 1489/2893/3265 1484/2897/3266
f 1486/2902/3267 1485/3189/284 1491/3190/3268
f 1483/2898/3269 1523/3191/3270 1484/2897/3271
f 1487/2892/3272 1483/2898/3273 1489/2893/3274
f 1489/3192/3275 1486/3193/3275 1491/3194/3276
f 1494/3195/3277 1496/3196/3278 1492/3197/3278
f 1496/2900/3279 1495/3198/3280 1519/2904/3281
f 1486/2902/3282 1494/2901/3283 1485/3189/3284
f 1497/3199/3285 1494/3200/3286 1492/3201/3285
f 1503/3202/3287 1507/2903/3288 1500/2917/3289
f 1502/2910/3290 1498/3203/3291 1513/3204/3292
f 1486/2902/3293 1499/3205/3294 1500/2917/3294
f 1523/3191/3295 1502/2910/3296 1484/2897/3297
f 1484/3206/3298 1499/3207/3299 1488/3208/3300
f 1501/2911/3301 1513/3204/3302 1514/2912/3303
f 1500/3209/3304 1502/3210/3305 1504/3211/3306
f 1501/3212/3307 1500/3213/3307 1504/3214/3308
f 1493/3215/3309 1507/2903/2823 1508/3216/3310
f 1502/2910/3311 1513/3204/3312 1501/2911/3313
f 1506/2918/3314 1516/2913/3315 1505/3217/3316
f 1507/3218/3317 1506/3219/3318 1508/3220/3319
f 1505/3217/3320 1495/3198/3321 1506/2918/3322
f 1507/3221/3323 1509/3222/3324 1511/3223/3325
f 1520/2939/3326 1519/3224/3327 1518/3225/3328
f 1506/2918/3329 1495/3198/3330 1496/2900/3331
f 1498/2925/3332 1523/2941/3333 1522/2923/3334
f 1513/2924/3335 1522/2923/3336 1512/3226/3337
f 1514/2928/3338 1512/2927/3339 1515/2930/3340
f 1515/2930/3341 1516/2929/3342 1514/2928/3343
f 1517/3227/3344 1495/3198/3345 1505/3217/3346
f 1519/2904/3347 1495/3198/3348 1518/3228/3349
f 1483/2938/3350 1487/3229/3351 1520/2939/3352
f 1523/2941/3353 1483/3230/3354 1521/2942/3355
f 1149/2407/3356 1134/3231/3357 1126/2552/3358
f 1136/2413/3359 1149/2407/2193 1129/2397/3360
f 1123/2559/3361 1122/3232/3362 1132/2560/3362
f 1142/2563/2202 1207/2567/3363 1138/2564/3364
f 1139/2566/3365 1138/2564/3366 1207/2567/2210
f 1140/2569/3367 1139/2566/3368 1210/2568/3369
f 1141/2571/3370 1140/2569/3371 1212/2570/3372
f 1153/2573/3373 1155/3233/3373 1118/2574/3373
f 1130/2580/3374 1156/3234/3375 1154/2575/3376
f 1130/2581/3377 1137/2585/3378 1157/2582/3379
f 1158/2584/3380 1157/2582/3381 1137/2585/3381
f 1159/2587/3382 1158/3235/3383 1136/2588/3384
f 1160/2590/3385 1159/2587/3386 1151/2589/3387
f 1152/2592/3388 1161/2596/3389 1160/2593/3390
f 1152/2592/3391 1155/3236/3392 1153/2595/3393
f 1199/2597/3394 1201/2433/3395 1168/2427/3396
f 1170/2599/3397 1124/2391/3398 1115/2393/3399
f 1164/2434/3400 1172/2436/3401 1170/2601/3402
f 1169/2603/3403 1121/2394/3404 1127/2396/3405
f 1170/2440/3406 1172/2606/3407 1175/2439/3408
f 1195/2443/3409 1174/2430/3410 1187/2441/2300
f 1123/2559/3411 1133/2561/3411 1173/2609/3411
f 1142/2563/3412 1219/2565/3413 1206/2612/3414
f 1203/2614/3415 1177/2616/3416 1176/2613/3417
f 1312/2615/3418 1178/2617/3418 1177/2616/3419
f 1178/2617/3420 1312/2615/3420 1141/2571/3421
f 1165/2618/3422 1190/3237/3423 1189/2619/3424
f 1192/2624/3425 1191/3238/3426 1188/2620/3427
f 1194/2625/3428 1193/2629/3428 1191/2626/3429
f 1196/2628/3430 1195/3239/3431 1193/2629/3432
f 1198/2630/3433 1197/2634/3433 1195/2631/3434
f 1200/2633/3435 1199/3240/3436 1197/2634/3437
f 1199/2635/3438 1200/3241/3439 1202/2636/3440
f 1201/2637/3441 1202/2636/3442 1190/2638/3443
f 1142/2642/3444 1209/2653/3445 1208/2643/3445
f 1207/2645/2377 1208/3242/3446 1211/2646/3447
f 1213/2648/3448 1212/3243/3449 1210/2647/3450
f 1214/2649/3451 1212/3244/3452 1213/2650/3453
f 1142/2642/3454 1176/3245/3454 1216/2652/3455
f 1177/2654/3456 1217/2658/3457 1216/2655/2389
f 1178/2657/3458 1218/3246/3459 1217/2658/3460
f 1214/2649/3461 1215/2651/3462 1218/2659/3463
f 1226/2661/3464 1225/2665/3465 1224/2476/3466
f 1238/2489/3467 1254/2479/3468 1228/2481/3469
f 1223/2666/3470 1234/2668/2436 1239/2487/3471
f 1229/2478/3472 1256/2494/3473 1264/2669/3474
f 1245/2673/3475 1241/2678/3476 1315/2674/2449
f 1246/2677/3477 1242/2680/3477 1241/2678/3478
f 1205/2679/3479 1243/2682/3480 1242/2680/3481
f 1204/2681/3482 1244/2722/3483 1243/2682/2470
f 1259/2683/3484 1258/2689/3485 1257/2684/3486
f 1258/2689/3487 1261/3247/3488 1260/2690/3488
f 1261/2691/3489 1263/2695/3490 1262/2692/3491
f 1265/2694/3492 1264/3248/3493 1262/2692/3494
f 1264/2696/3495 1265/3249/3496 1267/2697/3497
f 1269/2699/3498 1268/3250/3499 1266/2698/3500
f 1271/2700/3501 1270/2704/3502 1268/2701/3503
f 1271/2700/3504 1259/3251/3505 1228/2703/3505
f 1275/2520/3506 1294/3252/3507 1299/2522/3508
f 1287/2518/3509 1286/2536/3510 1285/2706/3511
f 1283/2713/3512 1278/3253/3512 1273/2710/2305
f 1289/2716/2561 1240/2675/2560 1315/2674/2560
f 1320/2717/3513 1322/2720/3514 1290/2718/3514
f 1291/2719/2568 1290/2718/3515 1322/2720/3516
f 1204/2681/3517 1291/2719/3518 1324/2721/3518
f 1296/2723/3519 1252/2686/3519 1255/2506/3520
f 1303/2725/3521 1305/3254/3522 1277/2726/3523
f 1302/2730/3524 1306/3255/3525 1304/2727/3526
f 1302/2731/3527 1288/2735/3528 1307/2732/3529
f 1308/2734/3530 1307/2732/3531 1288/2735/3532
f 1308/2737/3533 1280/3256/3534 1279/2738/3535
f 1309/2739/3536 1279/2738/3536 1301/2740/3537
f 1301/2742/3538 1300/3257/3539 1311/2743/3540
f 1311/2743/3541 1300/3257/3542 1305/2745/3543
f 1315/2748/3544 1241/3258/3545 1314/2749/3544
f 1316/2751/3546 1314/3259/3547 1241/2752/3548
f 1242/2753/3549 1243/3260/3550 1317/2754/3551
f 1317/2755/3552 1243/3261/3553 1244/2756/3554
f 1320/2758/3555 1315/2748/3556 1313/2750/3557
f 1322/2760/3558 1320/3262/3559 1319/2761/3560
f 1321/2762/3561 1323/3263/3562 1324/2763/2644
f 1323/2764/3563 1318/2757/3564 1244/2756/3565
f 1219/2662/3566 1138/3264/3567 1245/2766/3568
f 1334/2943/3569 1326/2946/3570 1325/2944/3571
f 1326/2946/3572 1330/2777/3573 1329/2947/3574
f 1332/2955/3575 1334/3265/3576 1328/2956/3576
f 1326/2958/3577 1334/3266/3578 1332/2959/3579
f 1339/2961/3580 1338/3267/3581 1335/2962/3582
f 1336/2968/3583 1327/3268/3583 1339/2969/3583
f 1328/2971/3584 1348/3269/3585 1349/2972/3586
f 1348/2979/3587 1344/3270/3588 1345/2980/3589
f 1341/2982/3590 1343/3271/3591 1345/2983/3592
f 1343/2985/3593 1341/3272/3593 1347/2986/3594
f 1351/2988/3595 1353/3273/3596 1352/2989/3595
f 1352/2992/3597 1354/3274/3597 1347/2993/3598
f 1359/2995/3599 1350/3275/3600 1358/2996/3601
f 1364/2804/3602 1330/2803/3603 1363/3006/3604
f 1365/2805/3605 1366/3276/3606 1367/3008/3607
f 1374/2806/3608 1368/2808/3609 1369/3010/3610
f 1372/3013/3611 1375/3277/3612 1382/3014/2429
f 1372/3016/3613 1370/3278/3613 1374/3017/3613
f 1369/3020/3614 1375/3279/3614 1372/3021/3614
f 1379/3023/3615 1381/3280/3615 1378/3024/3615
f 1378/3027/3616 1382/3281/3617 1377/3028/3618
f 1382/3030/3619 1375/3282/3619 1369/3031/3619
f 1385/3033/3620 1389/2825/3621 1373/2807/3622
f 1374/3036/3623 1370/3283/3623 1391/3037/3623
f 1371/3039/3624 1392/3284/3625 1385/3040/3625
f 1371/3042/3626 1387/3285/3627 1386/3043/3626
f 1398/3045/3628 1388/2815/3629 1378/3015/3630
f 1379/3051/3631 1397/3286/3632 1398/3052/3632
f 1397/3054/3633 1395/3287/3633 1388/3055/3634
f 1388/3057/3635 1395/3288/3636 1396/3058/3637
f 1404/3060/3638 1403/2839/3639 1407/3061/3640
f 1405/3067/3641 1368/3289/3642 1373/3068/3643
f 1416/3072/3644 1410/3290/3644 1415/3073/3095
f 1411/3075/3096 1410/3290/3645 1416/3072/3646
f 1412/3076/3098 1417/3291/3647 1413/3077/3648
f 1413/3077/3649 1417/3291/3102 1418/3078/3650
f 1421/3080/3651 1419/3081/3652 1409/3074/3653
f 1419/3081/3654 1421/3080/3655 1422/3082/3108
f 1420/3084/3656 1432/3083/3108 1422/3082/3108
f 1414/3079/3657 1418/3078/1687 1420/3084/3658
f 1409/3086/3659 1424/3097/3660 1428/3087/3660
f 1428/3089/3661 1429/3292/3662 1412/3090/3663
f 1412/3090/3664 1429/3292/3665 1431/3092/3666
f 1431/3094/3667 1430/3293/3668 1418/3095/3669
f 1424/3097/3670 1409/3086/3671 1419/3098/3672
f 1419/3100/3673 1432/3104/3674 1426/3101/3675
f 1427/3103/3676 1426/3101/3131 1432/3104/3677
f 1418/3095/3678 1430/3293/3679 1427/3106/3680
f 1434/3110/3681 1433/3121/3682 1415/3111/3683
f 1435/3113/3684 1434/3294/3685 1410/3114/3686
f 1411/3115/3687 1413/3295/3688 1436/3116/3689
f 1413/3117/3690 1414/3296/3691 1437/3118/3692
f 1438/3120/3156 1421/3297/3693 1415/3111/3694
f 1421/3122/3695 1438/3298/3696 1439/3123/3697
f 1422/3124/3698 1439/3123/3699 1440/3125/3700
f 1437/3118/3701 1414/3296/3702 1423/3127/3703
f 1445/2851/3704 1457/2871/3705 1458/3129/3706
f 1441/3133/3707 1478/3132/3708 1479/2857/3709
f 1445/3135/3710 1444/3299/3711 1448/3136/3711
f 1441/3138/3712 1449/3300/3713 1445/3139/3714
f 1447/3141/3715 1453/3301/3716 1449/3142/3715
f 1455/3144/3717 1454/3302/3718 1452/3145/3718
f 1455/3152/3719 1453/3303/3720 1447/3153/3721
f 1458/3155/3722 1460/3304/3722 1448/3156/3722
f 1460/3159/3723 1458/3305/3723 1457/3160/3723
f 1457/3162/3724 1463/3306/3725 1461/3163/3726
f 1462/3165/3727 1461/3307/3728 1463/3166/3728
f 1467/2872/3729 1455/2850/3730 1451/3168/3731
f 1469/3170/3732 1452/2852/3733 1480/2854/3734
f 1469/3172/3735 1466/3308/3735 1467/3173/3736
f 1462/3176/3737 1456/3309/3737 1467/3177/3737
f 1471/2889/3738 1446/2890/3739 1481/2877/3740
f 1472/3179/3741 1459/3310/3742 1482/2880/3743
f 1465/2878/3744 1468/3311/3745 1474/3180/3746
f 1468/3171/3747 1480/2854/3748 1475/3181/3749
f 1450/2882/3750 1476/2881/3751 1475/3183/3752
f 1479/2883/3753 1478/2886/3754 1477/2885/3754
f 1486/3185/3755 1490/3312/3756 1484/3186/3757
f 1489/3192/3758 1490/3313/3758 1486/3193/3758
f 1494/3195/3759 1493/3314/3760 1496/3196/3759
f 1497/3199/3285 1485/3315/3285 1494/3200/3761
f 1503/3202/3762 1510/3316/3762 1507/2903/3630
f 1486/2902/3763 1488/3317/3764 1499/3205/3764
f 1523/3191/3765 1498/3203/3766 1502/2910/3767
f 1484/3206/3768 1502/3318/3768 1499/3207/3768
f 1500/3209/3769 1499/3319/3770 1502/3210/3771
f 1501/3212/3772 1503/3320/3773 1500/3213/3774
f 1493/3215/3775 1494/2901/3776 1507/2903/3777
f 1507/3218/3778 1511/3321/3779 1506/3219/3779
f 1507/3221/3780 1510/3322/3781 1509/3222/3782
f 1520/2939/3783 1487/3229/3784 1519/3224/3785
